groupID,n_PAS,n_sig,n_big,min_padj,max_absL2FC,mean_absL2FC,dir_consensus,perGeneQ
OARD1,10,1,1,0.00194415750067377,5.61016491439929,5.61016491439929,Shortened_only,0.00194415669600667
SMAD5,13,1,1,0.00194415750067377,16.5002561558624,16.5002561558624,Shortened_only,0.00201741059864291
GBP2,8,1,1,0.00194415750067377,0.982028872498232,0.982028872498232,Lengthened_only,0.0029381693573719
MAN2A1,11,1,1,0.00533863029643394,1.82757106549136,1.82757106549136,Shortened_only,0.00587246886043474
BCAP29,13,1,1,0.00533863029643394,14.1932432761887,14.1932432761887,Shortened_only,0.00601419187788921
BMPR1A,15,1,1,0.00533863029643394,15.8192107796137,15.8192107796137,Shortened_only,0.00605808184134392
APMAP,2,2,2,0.00533863029643394,3.34565156382765,1.95745189465842,Mixed,0.00613550120486633
HSPA13,10,1,1,0.00573765964066649,16.7604080239229,16.7604080239229,Shortened_only,0.00621576505215607
LAMTOR3,10,1,1,0.00533863029643394,3.94257217680837,3.94257217680837,Lengthened_only,0.00642579653634142
NIN,7,1,1,0.00573765964066649,13.8102910309267,13.8102910309267,Shortened_only,0.00660505114980358
BICD1,9,1,1,0.00533863029643394,15.2926120648398,15.2926120648398,Shortened_only,0.00716230122957223
CLIC4,22,1,1,0.00673912060353275,5.12420648530298,5.12420648530298,Shortened_only,0.00725746591901119
SAA2-SAA4,2,2,2,0.00533863029643394,3.12789744208996,2.92586343697933,Mixed,0.00737025078547168
COL1A2,5,1,1,0.00690101010288102,0.61423513727325,0.61423513727325,Lengthened_only,0.0073938850971301
APOOL,4,1,1,0.00852918211245603,4.30132011707062,4.30132011707062,Lengthened_only,0.00897797778382351
CCDC71L,9,1,1,0.00860424626516374,5.24999685201352,5.24999685201352,Shortened_only,0.0090343427690108
UBXN1,2,2,1,0.00852918211245603,13.6591496740451,6.86365043212315,Mixed,0.00911436899276685
NPR3,9,1,0,0.00852918211245603,0.102009465393917,0.102009465393917,Shortened_only,0.0094715899845285
TRAP1,5,1,0,0.00949498768653733,0.153865367898256,0.153865367898256,Shortened_only,0.00984646818188726
C10orf55,3,1,1,0.00949498768653733,13.4636354294625,13.4636354294625,Shortened_only,0.00993648476095925
EREG,3,1,1,0.00949498768653733,1.7523625658114,1.7523625658114,Shortened_only,0.00997935534862493
RHOBTB2,9,2,2,0.00852918211245603,5.27426103679633,3.20985567291854,Mixed,0.00999727958931776
CEBPA,5,1,0,0.00977292186863421,0.266935422490013,0.266935422490013,Lengthened_only,0.0101097088938886
CELSR1,9,1,0,0.00852918211245603,0.0993114465960616,0.0993114465960616,Lengthened_only,0.0101218028188171
LDHA,19,1,1,0.00949498768653733,3.76323858589217,3.76323858589217,Lengthened_only,0.0101347254272744
COPS2,19,1,1,0.00977292186863421,16.834215244385,16.834215244385,Lengthened_only,0.0101359221283473
CDYL2,5,1,1,0.00949498768653733,0.518717317537712,0.518717317537712,Lengthened_only,0.0102447870754601
CRLS1,7,1,1,0.00949498768653733,14.9171445960708,14.9171445960708,Shortened_only,0.0103008316797598
FAM126B,11,1,1,0.00949498768653733,16.4752717592043,16.4752717592043,Shortened_only,0.0104889112652063
TGFBI,14,3,3,0.0105518216526686,17.3282858821409,12.0416722049772,Shortened_only,0.0108812972745522
GLTP,2,2,1,0.0105518216526686,12.7308415632111,6.40430483635334,Mixed,0.0110627575196626
WDR12,23,1,1,0.0105518216526686,2.86653614066317,2.86653614066317,Shortened_only,0.0113650537707225
RMI1,4,1,0,0.0118386302898978,0.299730575251636,0.299730575251636,Shortened_only,0.0121970283655886
PHLDA1,27,1,1,0.0119375614274955,16.2968295565194,16.2968295565194,Lengthened_only,0.0125654284690958
MARCH6,23,1,1,0.0119996533165946,4.72744633932626,4.72744633932626,Lengthened_only,0.0126145798616447
CCNJ,5,1,0,0.012160481858296,0.354022730064778,0.354022730064778,Shortened_only,0.012753202994514
MBLAC2,12,1,1,0.0119375614274955,15.7781723932196,15.7781723932196,Lengthened_only,0.0128013299434035
KCNK6,11,1,1,0.0119375614274955,2.08918773898117,2.08918773898117,Lengthened_only,0.0128468813882523
TMEM203,5,1,1,0.0123148080255043,15.385567786603,15.385567786603,Lengthened_only,0.0129007315372824
MTIF2,4,1,1,0.0119375614274955,14.292716318209,14.292716318209,Lengthened_only,0.0129016485165316
RPL12,5,1,1,0.0119375614274955,13.9969968937915,13.9969968937915,Lengthened_only,0.0129266496402603
AZIN1,21,1,1,0.012160481858296,5.22249080555678,5.22249080555678,Lengthened_only,0.0129573593057914
GTF2E2,7,1,1,0.012726064682923,16.4442526064951,16.4442526064951,Shortened_only,0.0133174336120166
SLC5A3,7,2,1,0.0140928396983878,14.8467846941465,7.55855559684109,Mixed,0.0147327457492637
NCOA1,10,1,1,0.0143740350048948,1.10555906836762,1.10555906836762,Lengthened_only,0.0149982589132599
NAA40,12,2,2,0.0143740350048948,1.57527740674212,1.17956532224243,Mixed,0.0152897911083932
ST3GAL1,4,1,0,0.0149734406333663,0.480143816465084,0.480143816465084,Shortened_only,0.0156097958068935
SPG21,14,3,3,0.0175001772382198,16.3812663276805,6.15742525752531,Mixed,0.0182282197437015
NSRP1,7,1,1,0.0189803010332733,2.37253998067582,2.37253998067582,Shortened_only,0.0197088795180855
PKNOX1,17,1,1,0.0190813665852987,1.58674361993313,1.58674361993313,Shortened_only,0.0197493108655679
MYEF2,13,1,0,0.0190620061591873,0.462964627474478,0.462964627474478,Lengthened_only,0.0197536473468607
AP1S1,4,1,1,0.0189803010332733,1.67269922572622,1.67269922572622,Shortened_only,0.019778876673119
GEMIN5,11,1,1,0.0191472936325331,3.29947900614301,3.29947900614301,Lengthened_only,0.0197947142127283
FUT4,4,2,2,0.0190620061591873,3.39729136867705,2.39420452224429,Mixed,0.0198095687960233
OGT,19,1,1,0.0191472936325331,5.16003748452484,5.16003748452484,Lengthened_only,0.0199441322960825
PAFAH2,8,1,1,0.0190813665852987,3.35297831391048,3.35297831391048,Shortened_only,0.0199887565812101
KDSR,21,1,1,0.0189803010332733,15.476343718784,15.476343718784,Lengthened_only,0.0200027920157014
GLRX5,8,1,1,0.0194347894697942,3.11056489434806,3.11056489434806,Lengthened_only,0.020040302979967
TMEM245,10,1,1,0.0190620061591873,5.00547190299812,5.00547190299812,Shortened_only,0.0200440153053387
ZNF445,13,1,1,0.0195065608074666,4.10755425795266,4.10755425795266,Lengthened_only,0.0200540154792984
DRAM1,12,1,1,0.0194872569423203,2.95725859839149,2.95725859839149,Lengthened_only,0.0200584703923706
WDR5,8,1,1,0.0195065608074666,3.76602521242373,3.76602521242373,Lengthened_only,0.0201059848068992
CTH,10,1,1,0.0189803010332733,5.39280366517303,5.39280366517303,Shortened_only,0.020145655931721
JHY,4,1,1,0.0194872569423203,1.51161202279092,1.51161202279092,Lengthened_only,0.0202137277320062
ZNF554,6,1,1,0.0194347894697942,3.6257016191112,3.6257016191112,Lengthened_only,0.0202214641988393
TENM3,3,1,1,0.0196892167609387,13.1646620279499,13.1646620279499,Lengthened_only,0.020226528375116
SNRK,6,1,1,0.0195065608074666,15.5058736260386,15.5058736260386,Shortened_only,0.0202884924646561
CCDC137,5,1,0,0.0194872569423203,0.0640875140561814,0.0640875140561814,Lengthened_only,0.0202916930777289
CEP120,3,1,1,0.0194872569423203,3.17397992031429,3.17397992031429,Lengthened_only,0.0203015290842501
SLC25A12,9,1,1,0.0196892167609387,1.9529903489342,1.9529903489342,Lengthened_only,0.0203784316286407
LRP12,10,1,1,0.0194347894697942,15.0207015648799,15.0207015648799,Shortened_only,0.0204325214024105
IL20RA,5,1,0,0.0194347894697942,0.266875473818767,0.266875473818767,Shortened_only,0.0206449575425345
HERPUD1,4,1,1,0.0202371698734828,15.1642880496413,15.1642880496413,Shortened_only,0.020753687966043
RAB27B,11,1,0,0.0202445463879222,0.387577303588875,0.387577303588875,Shortened_only,0.0207546520623435
NLN,11,1,1,0.0194347894697942,4.58851245795901,4.58851245795901,Lengthened_only,0.0208351130859354
MCAT,10,1,1,0.0202371698734828,16.6674353109175,16.6674353109175,Shortened_only,0.0208984474223635
DMXL1,17,1,1,0.0202371698734828,16.3620847025022,16.3620847025022,Shortened_only,0.021039060193507
RPN1,11,1,1,0.0202371698734828,15.5708272374219,15.5708272374219,Shortened_only,0.0210616615597263
SLC35F5,24,1,1,0.0205933514224778,2.64175760609521,2.64175760609521,Lengthened_only,0.0210687125737911
AMN1,8,1,1,0.0205933514224778,2.73599519611823,2.73599519611823,Lengthened_only,0.021081181727986
G2E3,19,1,1,0.0202371698734828,4.92576519123221,4.92576519123221,Shortened_only,0.0211461590655138
ZNF460,29,1,1,0.0205933514224778,4.88477997580152,4.88477997580152,Shortened_only,0.0212068035267584
MGRN1,3,1,0,0.0205933514224778,0.227656028978832,0.227656028978832,Shortened_only,0.0212434193249821
B4GAT1,4,2,2,0.0205933514224778,2.32586280235969,1.57184596558882,Mixed,0.0212973316372308
UHRF1BP1,11,1,1,0.0205933514224778,3.8663088218043,3.8663088218043,Lengthened_only,0.0214393982172077
PHF20,17,1,1,0.0205933514224778,1.04359737833875,1.04359737833875,Lengthened_only,0.0214406058333137
TRAM2,7,2,2,0.0205933514224778,2.15828820268348,1.36712279517822,Mixed,0.0214480940150548
PPP2R1B,8,1,1,0.0205933514224778,4.03337045324237,4.03337045324237,Shortened_only,0.0215117189479601
NCS1,15,1,1,0.0205933514224778,3.97830339256846,3.97830339256846,Lengthened_only,0.0215524138066185
UBR3,20,1,1,0.0205933514224778,17.0439541029954,17.0439541029954,Shortened_only,0.0215529327616382
CDS2,14,1,1,0.0205933514224778,15.6428632845758,15.6428632845758,Lengthened_only,0.0215893713728804
ITGA1,19,1,1,0.0205933514224778,15.8563145523279,15.8563145523279,Shortened_only,0.0216782801487839
PTGES3L-AARSD1,3,1,1,0.0205933514224778,0.767126210272071,0.767126210272071,Shortened_only,0.0218059134780318
DNAJC9,19,1,1,0.0205933514224778,5.43765589403779,5.43765589403779,Shortened_only,0.0218730900192916
NCOA7,8,1,1,0.0205933514224778,3.06885610698087,3.06885610698087,Lengthened_only,0.0219705241477662
TUSC3,19,1,1,0.0205933514224778,2.14268870462184,2.14268870462184,Lengthened_only,0.0219717099575607
FGFR1OP,8,1,1,0.0211742576568136,13.2319941736103,13.2319941736103,Shortened_only,0.0220351367708758
GNL3L,26,1,1,0.0205933514224778,16.0855752086244,16.0855752086244,Lengthened_only,0.0221597850639703
CCNG1,13,1,1,0.0220906261913383,5.01646865152213,5.01646865152213,Shortened_only,0.0229794673560346
RORA,4,1,1,0.022331646734402,3.11730064326986,3.11730064326986,Shortened_only,0.0232210865260585
CKAP2L,8,1,1,0.02276834056064,2.28300265745764,2.28300265745764,Lengthened_only,0.0236484606722536
METTL9,5,1,1,0.02276834056064,13.8734865824757,13.8734865824757,Lengthened_only,0.0237637953259391
EIF2AK1,15,1,1,0.0229703660610055,3.04114052113329,3.04114052113329,Shortened_only,0.0238496441767194
TMEM131,4,1,0,0.02276834056064,0.0629947771760708,0.0629947771760708,Lengthened_only,0.023998292720215
RPLP1,7,1,1,0.0234830009967276,2.55917888176893,2.55917888176893,Lengthened_only,0.0243731655307716
WDR41,33,1,1,0.0243783525581475,2.89143089990004,2.89143089990004,Shortened_only,0.0252934784177763
EXOG,9,1,1,0.0261504138941742,4.89269137063589,4.89269137063589,Lengthened_only,0.0271224141449328
GPR107,10,1,1,0.0267713631353435,2.76447794926988,2.76447794926988,Lengthened_only,0.0277569906620799
ATP5G3,11,1,1,0.0271896790306795,16.3697213544944,16.3697213544944,Shortened_only,0.0281544391919778
KLHL15,4,1,0,0.0271896790306795,0.194847283701485,0.194847283701485,Lengthened_only,0.0283235477270286
FAM105A,7,1,1,0.0271896790306795,15.2592635626715,15.2592635626715,Shortened_only,0.0283401624641768
NCAPG,18,1,1,0.0271896790306795,16.5919925616358,16.5919925616358,Lengthened_only,0.028594967938537
DIABLO,12,1,1,0.0277933571362089,15.4048127045207,15.4048127045207,Lengthened_only,0.0287705554584819
SHOC2,14,1,0,0.0280516013480649,0.497437857296681,0.497437857296681,Lengthened_only,0.0290204365294073
ERGIC2,25,1,1,0.0280764637648175,17.0001683190521,17.0001683190521,Shortened_only,0.0290293463266472
PPP1R9B,6,1,1,0.0280764637648175,4.52671477572207,4.52671477572207,Lengthened_only,0.0292014362586342
COX14,7,1,1,0.0280516013480649,14.4744658199271,14.4744658199271,Lengthened_only,0.0292324940055087
METTL5,2,1,1,0.0284073104191813,0.649345589691448,0.649345589691448,Lengthened_only,0.0293549012987457
MIEF1,16,1,1,0.0284073104191813,16.091972612115,16.091972612115,Lengthened_only,0.0294983486733889
C8orf37,6,1,1,0.0285945369678445,15.0376417951088,15.0376417951088,Lengthened_only,0.0297784248535144
DDX55,5,1,1,0.0287037248288743,14.8537512674191,14.8537512674191,Lengthened_only,0.0298821619141428
DCP2,18,1,1,0.0288373650750349,3.89265212613389,3.89265212613389,Shortened_only,0.0300114266340225
EIF3F,19,1,1,0.0296758269517846,17.4115354372139,17.4115354372139,Shortened_only,0.0311032412960914
LETM2,10,1,1,0.0298143711570191,13.8035029240062,13.8035029240062,Lengthened_only,0.0312368056651643
CHURC1-FNTB,3,1,0,0.0296758269517846,0.226829319485731,0.226829319485731,Shortened_only,0.0313201027250253
GTPBP1,10,1,1,0.0299480369583399,14.4658858398797,14.4658858398797,Lengthened_only,0.03136533742935
DAP3,5,1,1,0.0301770548908723,13.9851865901066,13.9851865901066,Lengthened_only,0.0315937465394916
ADAM15,2,1,1,0.0304799926072422,0.529599298854757,0.529599298854757,Lengthened_only,0.0318883577481308
MARCH2,2,1,1,0.0304799926072422,0.577133024473984,0.577133024473984,Shortened_only,0.0320167870690263
IQSEC2,5,1,0,0.031253366683491,0.48211049473003,0.48211049473003,Shortened_only,0.0326859734035164
TECPR2,5,1,1,0.0322362987813161,1.63056934448923,1.63056934448923,Shortened_only,0.0337022109744367
DYNLRB1,3,1,0,0.0323705139093419,0.258371158643376,0.258371158643376,Lengthened_only,0.0338311791626952
THAP5,11,1,1,0.0325596282915557,14.091243365381,14.091243365381,Lengthened_only,0.0340065247117663
SERPINE1,9,1,1,0.0325596282915557,0.521787093111344,0.521787093111344,Lengthened_only,0.0341723714358107
GTF2A2,8,1,1,0.0330340123360444,14.9686616494211,14.9686616494211,Lengthened_only,0.034490793324968
ADGRA3,9,1,1,0.0332813224896258,14.7813745403546,14.7813745403546,Shortened_only,0.034716532779084
ZNF277,21,1,1,0.0334086883964138,4.80325450114503,4.80325450114503,Lengthened_only,0.0348388168381435
ST7L,8,1,1,0.0332813224896258,14.3490162886473,14.3490162886473,Lengthened_only,0.0348388222099955
PCDH18,5,1,1,0.0332813224896258,13.9626376288113,13.9626376288113,Lengthened_only,0.0349561245838433
MAFK,4,2,2,0.0336758010633967,12.7565892134276,6.85226595984269,Mixed,0.0350470108956168
TGFBR1,28,1,1,0.0337457633238314,1.94897718737257,1.94897718737257,Shortened_only,0.0350645692078047
DHFR2,6,2,1,0.0336758010633967,14.6171092977429,7.3948462949362,Mixed,0.035135865813437
PDLIM5,11,1,1,0.0337457633238314,15.6628469374088,15.6628469374088,Shortened_only,0.0351628117286899
EEF1A1,11,1,1,0.0336758010633967,1.5087076999485,1.5087076999485,Lengthened_only,0.0351761890203045
WDR5B,15,1,1,0.0336758010633967,16.5039473666951,16.5039473666951,Shortened_only,0.0351814786782477
ST8SIA4,6,1,1,0.0337457633238314,14.5480301289694,14.5480301289694,Lengthened_only,0.0352107774942907
MRPL30,13,1,1,0.0336758010633967,3.14454816888928,3.14454816888928,Lengthened_only,0.0352435176283403
PARVA,34,1,1,0.0337457633238314,2.65584751101429,2.65584751101429,Shortened_only,0.0352772662978997
ETAA1,7,1,1,0.0336758010633967,13.4563500354962,13.4563500354962,Lengthened_only,0.0353537659365708
PHKA1,9,1,1,0.0340549022390135,12.8003207707615,12.8003207707615,Lengthened_only,0.0353767987123169
AHR,8,1,1,0.0337457633238314,14.8049510705542,14.8049510705542,Lengthened_only,0.0354943134578463
CENPP,7,1,1,0.0336758010633967,4.90264790463327,4.90264790463327,Shortened_only,0.0355317950111324
CDK9,12,1,1,0.0337457633238314,3.30189499045821,3.30189499045821,Lengthened_only,0.0356504878906094
MAP3K2,22,1,1,0.03445658396282,1.55267408016287,1.55267408016287,Lengthened_only,0.0357591476321804
OVOL2,6,1,1,0.03445658396282,16.2541047327273,16.2541047327273,Shortened_only,0.0358052887597926
CPSF2,29,1,1,0.03445658396282,16.4121240194634,16.4121240194634,Lengthened_only,0.0358467698958021
RBM28,5,1,1,0.03445658396282,2.22718200513368,2.22718200513368,Lengthened_only,0.0358644501642533
ATXN7L3B,2,1,0,0.0345902763873425,0.0708444150639718,0.0708444150639718,Shortened_only,0.0358893872750195
AIDA,22,1,1,0.0351438634439882,3.18015512418136,3.18015512418136,Shortened_only,0.036446673626746
VPS41,16,1,1,0.0351438634439882,15.406866111133,15.406866111133,Lengthened_only,0.0364810569173106
PDIA4,7,1,1,0.0365334320586776,13.0516422340111,13.0516422340111,Shortened_only,0.0378700322792438
LITAF,18,1,1,0.0365334320586776,15.8840157733943,15.8840157733943,Shortened_only,0.0380357452309107
ASPSCR1,2,1,0,0.0368566831366043,0.167587044644672,0.167587044644672,Shortened_only,0.038648319271069
PRKAR2A,9,1,1,0.0371337250115065,15.3154898215197,15.3154898215197,Lengthened_only,0.0389274871878285
ALDH6A1,14,1,1,0.0378258951476341,15.9700229732306,15.9700229732306,Shortened_only,0.0396414741644034
CEBPB,5,1,1,0.0383727218790097,2.29315705245365,2.29315705245365,Lengthened_only,0.0402029659521708
TPMT,8,1,1,0.0385883076371125,4.92518882338143,4.92518882338143,Lengthened_only,0.0404174857611731
SMC2,22,1,1,0.0391306947838789,2.57679366578527,2.57679366578527,Shortened_only,0.0409740413304723
MIER1,6,1,1,0.0396606167261043,3.41386622439177,3.41386622439177,Lengthened_only,0.0417518094589028
KLHL12,10,1,1,0.0413991108083239,14.036382613242,14.036382613242,Shortened_only,0.0435679232572187
ARPC3,8,1,1,0.041462479210829,14.3005629807603,14.3005629807603,Lengthened_only,0.0436216181249827
LYSMD3,12,1,1,0.041599414946244,14.804980830083,14.804980830083,Shortened_only,0.0437905169358272
ERC1,6,1,1,0.041599414946244,0.618720664653954,0.618720664653954,Lengthened_only,0.0443456492097509
EOGT,7,1,1,0.0423644453230887,14.7076874138591,14.7076874138591,Shortened_only,0.0452608288875322
CDC6,22,1,1,0.0424781524230383,15.7964633120546,15.7964633120546,Lengthened_only,0.0455195434636853
RPF2,18,1,1,0.0424781524230383,2.3011802281558,2.3011802281558,Shortened_only,0.0455578121519438
TNKS2,11,1,1,0.0424781524230383,15.1671935832902,15.1671935832902,Shortened_only,0.0457164870655743
WDYHV1,18,1,1,0.0424781524230383,3.33287858179245,3.33287858179245,Shortened_only,0.0458309461752433
ALG14,9,1,1,0.0428224868543192,14.1164549659253,14.1164549659253,Lengthened_only,0.0458710994440541
MSN,2,1,0,0.0424781524230383,0.166206982651264,0.166206982651264,Lengthened_only,0.0460515654003226
MISP,4,1,1,0.0424781524230383,4.1460012217914,4.1460012217914,Lengthened_only,0.0461525150829153
SUPT16H,6,1,1,0.044416582784199,2.85878085359481,2.85878085359481,Lengthened_only,0.0475599714416193
FOXA2,3,1,1,0.0445159495208203,13.1844631101193,13.1844631101193,Lengthened_only,0.0476143229359436
TADA2B,7,1,1,0.0445159495208203,13.9858586167835,13.9858586167835,Lengthened_only,0.0477469452770721
MARCH5,16,1,1,0.0445159495208203,2.50580381758977,2.50580381758977,Lengthened_only,0.0479773060230622
NHLRC2,24,1,1,0.0464408044306613,16.3809002936581,16.3809002936581,Lengthened_only,0.0496541109655471
PERP,9,1,1,0.0465745824641558,5.28362279035083,5.28362279035083,Shortened_only,0.0497621154901626
ACAD9,16,1,1,0.0467082631651025,16.7390181553824,16.7390181553824,Shortened_only,0.0498876072716333
FIBP,5,1,1,0.0465745824641558,2.67795143100769,2.67795143100769,Lengthened_only,0.0499383546709752
ETF1,13,1,1,0.0469726030819532,14.9333470252829,14.9333470252829,Shortened_only,0.0503812025768682
ABI2,16,1,1,0.0469726030819532,15.9606829791268,15.9606829791268,Lengthened_only,0.050505489177853
ZNF529,9,1,1,0.0470127875370357,14.543118328803,14.543118328803,Shortened_only,0.0505310632788436
ING2,13,1,1,0.0470496084705962,15.9754312145421,15.9754312145421,Shortened_only,0.0508943130422963
REPS2,6,1,1,0.0470496084705962,4.15277910805514,4.15277910805514,Shortened_only,0.051100692058395
RBBP9,11,1,1,0.0475986435829002,1.32391904430773,1.32391904430773,Shortened_only,0.0514474156038091
TUBD1,4,1,1,0.0475986435829002,13.1448971797067,13.1448971797067,Lengthened_only,0.0516442891182256
FDXACB1,6,1,1,0.0482754283923384,2.13378755724039,2.13378755724039,Shortened_only,0.052158225373675
CDC27,25,1,1,0.0488408153865134,15.5634015498403,15.5634015498403,Lengthened_only,0.0527484339195035
UTP6,10,1,1,0.0490377968980688,0.58353856093134,0.58353856093134,Shortened_only,0.052921052116886
NPAS2,4,1,1,0.0490763948898077,0.735639446339722,0.735639446339722,Lengthened_only,0.0529429729258797
UPP1,2,1,1,0.0490377968980688,0.654794863820651,0.654794863820651,Shortened_only,0.0529625701253498
PRPF38B,15,1,1,0.0492032502031611,5.21482382794703,5.21482382794703,Shortened_only,0.0530601592939742
CHIC2,20,0,0,0.0504299925970928,NA,NA,NA,0.0543621755221738
ATP6V1A,9,0,0,0.050682043736436,NA,NA,NA,0.0546139036729099
DNAJC2,14,0,0,0.0512907165444569,NA,NA,NA,0.0552494633959299
PLEKHA1,13,0,0,0.0514006548995936,NA,NA,NA,0.0553481311526315
HDAC9,4,0,0,0.0516233187526796,NA,NA,NA,0.0558171230567721
MTMR6,13,0,0,0.0518538829391957,NA,NA,NA,0.056045549807502
HIST1H3C,3,0,0,0.0519962122278947,NA,NA,NA,0.0561787332049411
TOB2,7,0,0,0.052523268226736,NA,NA,NA,0.0567271678298713
STMN1,2,0,0,0.0525805568961211,NA,NA,NA,0.0567686218495055
CABLES2,10,0,0,0.0528048335585507,NA,NA,NA,0.0569702155969535
ZNF343,5,0,0,0.0528048335585507,NA,NA,NA,0.0570145354350523
LARS2,10,0,0,0.0532394612097594,NA,NA,NA,0.057418665436838
MBTPS1,3,0,0,0.0536280541504877,NA,NA,NA,0.0578173770667644
TRIP11,13,0,0,0.0538947834842188,NA,NA,NA,0.0583161047011268
LMBR1,35,0,0,0.0539527782321952,NA,NA,NA,0.0583756139104164
STRBP,6,0,0,0.054662021641206,NA,NA,NA,0.0595083662186356
EPGN,31,0,0,0.054662021641206,NA,NA,NA,0.0596902128219229
MED13,18,0,0,0.0548752411951354,NA,NA,NA,0.0596961003325273
WDR27,2,0,0,0.054662021641206,NA,NA,NA,0.0597721699955809
ALDH1L2,7,0,0,0.054662021641206,NA,NA,NA,0.0598278190830632
CIP2A,32,0,0,0.0548752411951354,NA,NA,NA,0.05992058184852
ZNF425,2,0,0,0.054662021641206,NA,NA,NA,0.0600034308697795
RPL23A,8,0,0,0.054662021641206,NA,NA,NA,0.060022819153035
SH3PXD2A,8,0,0,0.0556426540522947,NA,NA,NA,0.0605080221922275
PREPL,12,0,0,0.0560269642310988,NA,NA,NA,0.0609034654733489
RNF34,10,0,0,0.056896071212656,NA,NA,NA,0.0620741077444535
SLC16A3,17,0,0,0.0573952396539198,NA,NA,NA,0.0625488048060236
SYNCRIP,31,0,0,0.0574520205469643,NA,NA,NA,0.0625878763005873
MED4,20,0,0,0.0573952396539198,NA,NA,NA,0.0626486721551581
RPL24,6,0,0,0.0573952396539198,NA,NA,NA,0.0629169586566875
MARK1,7,0,0,0.0585519542351627,NA,NA,NA,0.0637390989238726
TPRG1,2,0,0,0.0585519542351627,NA,NA,NA,0.063779594302672
TAOK1,14,0,0,0.0596957491651181,NA,NA,NA,0.0649598325608259
PRKCE,5,0,0,0.0599189674338865,NA,NA,NA,0.0651795300499943
SLC7A2,11,0,0,0.0605115725033999,NA,NA,NA,0.0658004755933678
CA8,19,0,0,0.0612160433065105,NA,NA,NA,0.0665426079774645
AKR7A2,11,0,0,0.0619965292131942,NA,NA,NA,0.0673668823778082
EIF2D,3,0,0,0.0629062142047045,NA,NA,NA,0.0681729752013593
C11orf54,8,0,0,0.0629062142047045,NA,NA,NA,0.068391384722919
SYPL1,12,0,0,0.0629062142047045,NA,NA,NA,0.0683915508900312
SNAPC3,39,0,0,0.0629062142047045,NA,NA,NA,0.0684857371030774
GNB4,14,0,0,0.0629062142047045,NA,NA,NA,0.0685381849570241
ZNF83,10,0,0,0.0632004897393487,NA,NA,NA,0.0685442266028318
UBXN2B,7,0,0,0.0629062142047045,NA,NA,NA,0.0686605157741837
FBXO44,2,0,0,0.0629062142047045,NA,NA,NA,0.0686870108037476
LCA5,4,0,0,0.0629062142047045,NA,NA,NA,0.0687786035474356
SPAG9,15,0,0,0.0633996961157374,NA,NA,NA,0.0689172681503683
CYB5D1,8,0,0,0.0634385689162377,NA,NA,NA,0.0689367698595189
DNAJC30,14,0,0,0.0640912118207196,NA,NA,NA,0.0698770518817354
TM9SF2,13,0,0,0.0658424250864775,NA,NA,NA,0.071711742388636
ACBD6,6,0,0,0.0658424250864775,NA,NA,NA,0.0719291525888163
TMEM47,4,0,0,0.0658424250864775,NA,NA,NA,0.0720549410048224
ZNF143,6,0,0,0.0664352958429315,NA,NA,NA,0.0723327196624482
LAPTM4B,7,0,0,0.0664606703923062,NA,NA,NA,0.0723365845470655
FOSL1,8,0,0,0.0684048741925473,NA,NA,NA,0.0746163270867941
MLH1,6,0,0,0.0686548382729222,NA,NA,NA,0.0748153309665865
YTHDC2,7,0,0,0.0684048741925473,NA,NA,NA,0.0748179998963426
ZMYM2,22,0,0,0.0684048741925473,NA,NA,NA,0.0748889787058862
RHOQ,16,0,0,0.0686548382729222,NA,NA,NA,0.0749265294622933
TTC38,6,0,0,0.0686548382729222,NA,NA,NA,0.0749374310509625
PEX26,25,0,0,0.0688235020706778,NA,NA,NA,0.0749747500040619
FBXW7,8,0,0,0.0684048741925473,NA,NA,NA,0.0750490499461025
CRYBG2,2,0,0,0.0690520661462994,NA,NA,NA,0.0751518547391966
CPE,7,0,0,0.0690520661462994,NA,NA,NA,0.0752881003248169
YLPM1,15,0,0,0.0690520661462994,NA,NA,NA,0.0754842421840019
PRCP,14,0,0,0.0699758334509024,NA,NA,NA,0.076084854313074
CMTM4,4,0,0,0.0699499488312295,NA,NA,NA,0.0761038389257992
TMBIM6,10,0,0,0.0699758334509024,NA,NA,NA,0.0762398934386519
DIEXF,16,0,0,0.0706057226906911,NA,NA,NA,0.0767218796161903
ATRN,6,0,0,0.070669125936822,NA,NA,NA,0.0768155714672204
FAM204A,19,0,0,0.0706057226906911,NA,NA,NA,0.0769235973898862
PLAUR,5,0,0,0.070669125936822,NA,NA,NA,0.0769288053817555
GLS,13,0,0,0.0711556043170041,NA,NA,NA,0.0775069115380816
EIF5A2,18,0,0,0.071437008489515,NA,NA,NA,0.0777890803648256
CAPRIN1,34,0,0,0.0719210046645813,NA,NA,NA,0.0785011487996439
JAG2,7,0,0,0.0719210046645813,NA,NA,NA,0.0785491361991909
TP53BP1,3,0,0,0.0719210046645813,NA,NA,NA,0.078794672124667
WIPF2,14,0,0,0.0723983639654505,NA,NA,NA,0.0792044103886142
PLCG1,9,0,0,0.0723983639654505,NA,NA,NA,0.0794654409641949
PROSER3,11,0,0,0.0723983639654505,NA,NA,NA,0.0795416385350217
QDPR,16,0,0,0.0730174623684147,NA,NA,NA,0.0797086782551631
TARDBP,12,0,0,0.0729331146331085,NA,NA,NA,0.0797138750939651
TOP3A,19,0,0,0.0729331146331085,NA,NA,NA,0.0798487057543767
CEP78,22,0,0,0.0730174623684147,NA,NA,NA,0.0799115571036779
HACD3,13,0,0,0.0729331146331085,NA,NA,NA,0.0800583801209444
ATAD2B,8,0,0,0.0730174623684147,NA,NA,NA,0.0801236922412904
PEX10,11,0,0,0.0730174623684147,NA,NA,NA,0.0804012858663211
WDR73,16,0,0,0.0745016710053268,NA,NA,NA,0.0815578476437308
SERBP1,42,0,0,0.0754526203679785,NA,NA,NA,0.0825894589072125
CFL2,16,0,0,0.0754526203679785,NA,NA,NA,0.0826446696289336
CENPJ,2,0,0,0.0754526203679785,NA,NA,NA,0.0827010545071615
FGFBP1,8,0,0,0.0754526203679785,NA,NA,NA,0.082845166694154
TCF12,5,0,0,0.0754526203679785,NA,NA,NA,0.0828570005548587
ZNF713,6,0,0,0.0754526203679785,NA,NA,NA,0.0828968598897327
MCM5,5,0,0,0.0762117107260465,NA,NA,NA,0.0834055431590416
RNF168,9,0,0,0.0764744634413736,NA,NA,NA,0.0836677770161007
ZRANB3,7,0,0,0.0762117107260465,NA,NA,NA,0.0836728368929559
SARS2,2,0,0,0.0762117107260465,NA,NA,NA,0.0838378768850204
ACAA2,7,0,0,0.0762117107260465,NA,NA,NA,0.08387112552327
DYNLL2,23,0,0,0.0762117107260465,NA,NA,NA,0.0838775484918969
MRPL3,30,0,0,0.0800506209012882,NA,NA,NA,0.087783831800236
SYNJ2,15,0,0,0.0800485857410272,NA,NA,NA,0.0878081237438032
ALDOA,3,0,0,0.0805399893473127,NA,NA,NA,0.0883482251679395
COQ10B,7,0,0,0.080711278963423,NA,NA,NA,0.0888961417179618
PRMT9,6,0,0,0.0807635655816297,NA,NA,NA,0.0889261821741563
ATP11A,11,0,0,0.080711278963423,NA,NA,NA,0.0890458340116347
KIF5B,20,0,0,0.080711278963423,NA,NA,NA,0.0891063797835041
SLC38A2,20,0,0,0.080711278963423,NA,NA,NA,0.0892554707041764
DCLK1,12,0,0,0.0812945059830786,NA,NA,NA,0.0894821877696406
ARGLU1,10,0,0,0.0814456727693466,NA,NA,NA,0.0896209267833979
LCORL,12,0,0,0.0817081820917656,NA,NA,NA,0.0898819700308073
C8orf33,16,0,0,0.0824375526582386,NA,NA,NA,0.0906553720136751
METTL2B,13,0,0,0.0832669085706116,NA,NA,NA,0.091456863170724
MCC,6,0,0,0.0832669085706116,NA,NA,NA,0.0916761439092771
STYX,24,0,0,0.0835276360281144,NA,NA,NA,0.0917158056244762
KAT6A,7,0,0,0.0835570551574371,NA,NA,NA,0.0917213599054118
IAH1,17,0,0,0.0832669085706116,NA,NA,NA,0.0917374721952689
HDAC2,13,0,0,0.0832669085706116,NA,NA,NA,0.0918522992610635
EIF3J,26,0,0,0.0843371476810837,NA,NA,NA,0.0924697649578941
TMEM185B,18,0,0,0.0843142467873703,NA,NA,NA,0.0925240262990127
TOM1L1,15,0,0,0.0843371476810837,NA,NA,NA,0.0926431910180492
RAB21,29,0,0,0.0846850541803052,NA,NA,NA,0.092824168888589
ARL2BP,12,0,0,0.0843371476810837,NA,NA,NA,0.092918579916109
RASA3,2,0,0,0.0847001238817484,NA,NA,NA,0.0930465466821259
ITGB8,15,0,0,0.0847001238817484,NA,NA,NA,0.0932648803802295
PUM3,20,0,0,0.0851778108704131,NA,NA,NA,0.0935434517549049
COX17,6,0,0,0.0855317150027365,NA,NA,NA,0.0938255398458387
MRPL58,3,0,0,0.0855317150027365,NA,NA,NA,0.0939940759041544
ANKH,9,0,0,0.0855317150027365,NA,NA,NA,0.0940874595966583
COMMD9,4,0,0,0.0855317150027365,NA,NA,NA,0.0941211926289728
SURF2,4,0,0,0.0860219847515179,NA,NA,NA,0.0943359602309409
C12orf43,12,0,0,0.0867360864668293,NA,NA,NA,0.0950910584367352
GCNT4,4,0,0,0.0880326716096361,NA,NA,NA,0.0964827821102418
KEAP1,6,0,0,0.0880603406094304,NA,NA,NA,0.0964866778991887
UQCC1,8,0,0,0.0896145807923768,NA,NA,NA,0.0983963352781813
SNX2,13,0,0,0.0896145807923768,NA,NA,NA,0.0984908002209711
SH2D2A,3,0,0,0.0903280733989358,NA,NA,NA,0.0991232939162168
ANTXR2,11,0,0,0.0903280733989358,NA,NA,NA,0.0991830652126622
PFN2,8,0,0,0.0906112528381786,NA,NA,NA,0.0993523275479926
SDCBP,10,0,0,0.0906112528381786,NA,NA,NA,0.0995682588361463
KCMF1,17,0,0,0.0906112528381786,NA,NA,NA,0.0996088577209857
PPP4R3B,9,0,0,0.0910473284064454,NA,NA,NA,0.0998024934671268
EEF1AKMT2,27,0,0,0.0912586410763257,NA,NA,NA,0.100006834135147
CNBP,17,0,0,0.0922302898806491,NA,NA,NA,0.101307366735411
FAM83B,10,0,0,0.0922772771611116,NA,NA,NA,0.10133135474611
RNF38,10,0,0,0.0928157964913806,NA,NA,NA,0.101906031238065
LRIG3,8,0,0,0.0928157964913806,NA,NA,NA,0.102047579075213
UACA,10,0,0,0.0928157964913806,NA,NA,NA,0.102208232939031
ZFYVE9,12,0,0,0.0928157964913806,NA,NA,NA,0.102409027878788
SPAST,8,0,0,0.0928157964913806,NA,NA,NA,0.102426493156744
LSM8,26,0,0,0.0936752880068095,NA,NA,NA,0.102962374939088
TAF12,6,0,0,0.0950825206475037,NA,NA,NA,0.104477050156162
ATF5,3,0,0,0.0961304578988657,NA,NA,NA,0.10613598485351
VHL,11,0,0,0.0969749689170762,NA,NA,NA,0.107195146793194
ZNF420,2,0,0,0.0969749689170762,NA,NA,NA,0.107254029655734
CCDC113,7,0,0,0.0972803225314129,NA,NA,NA,0.10785335424263
MAPKBP1,5,0,0,0.0984407049718989,NA,NA,NA,0.109104974756032
A4GALT,7,0,0,0.0984519089788993,NA,NA,NA,0.109533165849927
CCAR1,12,0,0,0.0984519089788993,NA,NA,NA,0.109617918979994
IMP4,16,0,0,0.0987523860939114,NA,NA,NA,0.109834448667166
LTB4R,2,0,0,0.0984519089788993,NA,NA,NA,0.109884144516502
RAB10,16,0,0,0.0988362707182568,NA,NA,NA,0.10989555780276
DENND4B,4,0,0,0.0984519089788993,NA,NA,NA,0.11003671758115
PROSER2,6,0,0,0.0990043690271219,NA,NA,NA,0.110050123940174
IFITM2,5,0,0,0.100310142160041,NA,NA,NA,0.112008784418206
ATXN1,11,0,0,0.100619562802745,NA,NA,NA,0.112286488622196
BBX,24,0,0,0.100608603128302,NA,NA,NA,0.112307597409889
DAPP1,5,0,0,0.101093912406239,NA,NA,NA,0.112780985509453
RBM12B,16,0,0,0.102975016624997,NA,NA,NA,0.114839483306722
TMEM44,3,0,0,0.104712917407245,NA,NA,NA,0.117297015975438
GPRC5C,4,0,0,0.104956890448289,NA,NA,NA,0.117498527486454
TMEM68,7,0,0,0.104956890448289,NA,NA,NA,0.117662041587551
UBLCP1,7,0,0,0.105158782277416,NA,NA,NA,0.117688579592502
ZNF324B,12,0,0,0.105451265783104,NA,NA,NA,0.117944718240817
ACVR1B,8,0,0,0.105562456084252,NA,NA,NA,0.117999171649969
GRINA,2,0,0,0.105635620096004,NA,NA,NA,0.118011842845395
PTER,19,0,0,0.105451265783104,NA,NA,NA,0.118136437973876
PLXDC2,15,0,0,0.105635620096004,NA,NA,NA,0.11820014415675
CBX1,10,0,0,0.105562456084252,NA,NA,NA,0.118203873268643
NCAPG2,15,0,0,0.106812626814524,NA,NA,NA,0.119253578473929
CAPN2,12,0,0,0.106812626814524,NA,NA,NA,0.119458351598995
C11orf70,4,0,0,0.10717406271455,NA,NA,NA,0.119553364595171
MRTO4,20,0,0,0.10717406271455,NA,NA,NA,0.119600870611957
STAT1,19,0,0,0.10717406271455,NA,NA,NA,0.119637611363254
UBAP2,6,0,0,0.107338026388063,NA,NA,NA,0.11966813053841
C2orf68,9,0,0,0.107338026388063,NA,NA,NA,0.119959973544869
BCAS2,14,0,0,0.107836079827816,NA,NA,NA,0.120187884881229
NABP1,19,0,0,0.10810600097591,NA,NA,NA,0.120661386757009
ZDHHC20,10,0,0,0.108094678152179,NA,NA,NA,0.120682749310124
TTC19,17,0,0,0.108094678152179,NA,NA,NA,0.120775813303004
NUP35,8,0,0,0.109407312366377,NA,NA,NA,0.1222552415617
MRPS33,5,0,0,0.109407312366377,NA,NA,NA,0.122539552550965
ACTN1,13,0,0,0.109407312366377,NA,NA,NA,0.122554414067969
RNF187,15,0,0,0.109407312366377,NA,NA,NA,0.122760597929886
CYCS,21,0,0,0.10945114896156,NA,NA,NA,0.122774149077969
SNX25,13,0,0,0.109407312366377,NA,NA,NA,0.122792554885264
CES2,3,0,0,0.109506168527154,NA,NA,NA,0.122800341642282
CYB5B,19,0,0,0.110313852806965,NA,NA,NA,0.123667504230968
SLC16A7,17,0,0,0.11121186984494,NA,NA,NA,0.124932139189558
ERO1A,14,0,0,0.11121186984494,NA,NA,NA,0.125052020326482
UBE2Z,9,0,0,0.111239208391363,NA,NA,NA,0.125106854255572
MSH3,8,0,0,0.11121186984494,NA,NA,NA,0.125192066669518
NUDT5,15,0,0,0.111416191247831,NA,NA,NA,0.125268916843878
ING3,3,0,0,0.11163069630582,NA,NA,NA,0.125365595173426
HOMER2,5,0,0,0.111697783866252,NA,NA,NA,0.125405161463283
CTBP1,5,0,0,0.11163069630582,NA,NA,NA,0.125671964016441
ZWILCH,8,0,0,0.11163069630582,NA,NA,NA,0.125905118199998
TACC3,2,0,0,0.11163069630582,NA,NA,NA,0.126142536446484
CNIH1,16,0,0,0.113917604091685,NA,NA,NA,0.128127175332477
LRRC57,10,0,0,0.115119619442773,NA,NA,NA,0.129714373872372
ZNF780B,18,0,0,0.115587566287354,NA,NA,NA,0.130202032171245
PRPF38A,15,0,0,0.115729374562723,NA,NA,NA,0.130249257205307
RPL7,10,0,0,0.115729374562723,NA,NA,NA,0.130328465834013
HEATR1,26,0,0,0.115729374562723,NA,NA,NA,0.130561692949314
DOK4,5,0,0,0.116462640310139,NA,NA,NA,0.131034136165115
EVL,2,0,0,0.117150423384443,NA,NA,NA,0.132045787160925
SLC25A27,5,0,0,0.11936811189273,NA,NA,NA,0.134779614719359
LUZP1,9,0,0,0.120658982467588,NA,NA,NA,0.136191842525284
SPINT2,7,0,0,0.12106445607725,NA,NA,NA,0.136608295585038
ZC3H14,17,0,0,0.121273576445127,NA,NA,NA,0.136804058474697
OSBPL10,8,0,0,0.121680755146269,NA,NA,NA,0.137222296784266
PDCD10,18,0,0,0.12183560889615,NA,NA,NA,0.137318253379234
RETREG2,10,0,0,0.12183560889615,NA,NA,NA,0.137429086668806
SSBP1,5,0,0,0.121973230084001,NA,NA,NA,0.137483308424162
IMMT,5,0,0,0.121973230084001,NA,NA,NA,0.13760069865753
MOCS3,21,0,0,0.121973230084001,NA,NA,NA,0.137790425893747
MPP7,5,0,0,0.121973230084001,NA,NA,NA,0.137790913594861
NOC3L,13,0,0,0.122647622904227,NA,NA,NA,0.138319354961365
CPNE3,12,0,0,0.122801385782459,NA,NA,NA,0.138414586132278
CEP57,18,0,0,0.122799457300129,NA,NA,NA,0.138451056890991
TAPT1,7,0,0,0.123292917292601,NA,NA,NA,0.138812803762914
CHPT1,5,0,0,0.123292917292601,NA,NA,NA,0.138913711269501
NAV1,11,0,0,0.123428931782694,NA,NA,NA,0.138927302850507
GGCX,20,0,0,0.123292917292601,NA,NA,NA,0.139159664867164
EXOC5,25,0,0,0.123292917292601,NA,NA,NA,0.139223819218555
GATAD2A,5,0,0,0.125164920560362,NA,NA,NA,0.140834378519106
C7orf31,4,0,0,0.125583356379268,NA,NA,NA,0.141280327422117
RAB32,4,0,0,0.125583356379268,NA,NA,NA,0.141343189662955
PFKM,9,0,0,0.125583356379268,NA,NA,NA,0.141621497825382
PSPH,13,0,0,0.125583356379268,NA,NA,NA,0.141622483937724
FASN,5,0,0,0.126164226200887,NA,NA,NA,0.14166963562127
ZADH2,21,0,0,0.126081796200731,NA,NA,NA,0.141725703533937
STK4,13,0,0,0.125583356379268,NA,NA,NA,0.141782438692703
SART3,14,0,0,0.125583356379268,NA,NA,NA,0.141809327806615
TBCK,8,0,0,0.126081796200731,NA,NA,NA,0.141837269673451
ARRB1,10,0,0,0.126164226200887,NA,NA,NA,0.141870005769155
ZBTB43,3,0,0,0.125583356379268,NA,NA,NA,0.142089338569776
TGFB3,2,0,0,0.126081796200731,NA,NA,NA,0.142098095019241
WASF1,6,0,0,0.125583356379268,NA,NA,NA,0.142123735558809
EMP1,9,0,0,0.126164226200887,NA,NA,NA,0.142145223835895
FBXO25,9,0,0,0.126723537227644,NA,NA,NA,0.142148357694045
MILR1,3,0,0,0.126723537227644,NA,NA,NA,0.14237229136331
FCHO2,6,0,0,0.126723537227644,NA,NA,NA,0.142386944267791
TRNT1,14,0,0,0.126164226200887,NA,NA,NA,0.142460247068208
RBPMS,4,0,0,0.126723537227644,NA,NA,NA,0.14263866553993
SLC30A4,7,0,0,0.12727498696753,NA,NA,NA,0.142655359907085
C6orf89,12,0,0,0.12727498696753,NA,NA,NA,0.142726280514525
NSUN4,13,0,0,0.12727498696753,NA,NA,NA,0.142867051184995
CLEC2D,7,0,0,0.129029262392305,NA,NA,NA,0.144503478363827
PHF8,17,0,0,0.129011395641588,NA,NA,NA,0.144519695812376
GALK1,2,0,0,0.128987967532666,NA,NA,NA,0.144529852607004
ATP9A,13,0,0,0.129726760853596,NA,NA,NA,0.145244710357864
CHAC1,2,0,0,0.130820703562692,NA,NA,NA,0.146427253442334
PKN2,11,0,0,0.130872272065648,NA,NA,NA,0.146448480863416
PRMT6,9,0,0,0.131071853981261,NA,NA,NA,0.146875985925657
SMARCE1,9,0,0,0.131071853981261,NA,NA,NA,0.146924498907167
GLRX3,10,0,0,0.131458604601084,NA,NA,NA,0.147548270280689
TRMT12,12,0,0,0.132181122792627,NA,NA,NA,0.148280996394245
COX7C,12,0,0,0.132181122792627,NA,NA,NA,0.148468187226378
THBS1,28,0,0,0.13276313636095,NA,NA,NA,0.149450548835189
MRPL36,8,0,0,0.133518355145848,NA,NA,NA,0.150537541174706
GSK3B,12,0,0,0.133908123441981,NA,NA,NA,0.150935900711209
MOSPD1,5,0,0,0.134586715033729,NA,NA,NA,0.151657970658752
SREBF2,4,0,0,0.13534100943018,NA,NA,NA,0.152746003452635
RAD50,17,0,0,0.136859958990376,NA,NA,NA,0.154411478938631
FRAT2,4,0,0,0.137589842144714,NA,NA,NA,0.155032613641406
MYL6,8,0,0,0.137589842144714,NA,NA,NA,0.155311312442689
ERO1B,13,0,0,0.137589842144714,NA,NA,NA,0.155494179087204
LNX2,4,0,0,0.137589842144714,NA,NA,NA,0.155607278419565
ZSCAN20,6,0,0,0.137589842144714,NA,NA,NA,0.155861107885711
SIK3,4,0,0,0.138501078978076,NA,NA,NA,0.15621867916341
SH3GL1,2,0,0,0.138501078978076,NA,NA,NA,0.156260428024161
MRPS30,18,0,0,0.138484657069791,NA,NA,NA,0.156279750602795
DENND2D,9,0,0,0.138879409571159,NA,NA,NA,0.156603479904067
KLHL8,13,0,0,0.139435207883566,NA,NA,NA,0.157430326844312
AGPS,17,0,0,0.139435207883566,NA,NA,NA,0.157506526102592
SNRPD3,13,0,0,0.139656269865938,NA,NA,NA,0.157638586751351
ZRANB2,13,0,0,0.139940526880227,NA,NA,NA,0.157878053378979
HSPH1,15,0,0,0.139940526880227,NA,NA,NA,0.157939660594257
SLC15A2,4,0,0,0.140183038471298,NA,NA,NA,0.158110489363352
EXOSC3,14,0,0,0.140300071320037,NA,NA,NA,0.158162850933224
CDK17,19,0,0,0.140300071320037,NA,NA,NA,0.1583912593543
MCM8,16,0,0,0.141822104741477,NA,NA,NA,0.159829386111896
FZD3,22,0,0,0.142056174868601,NA,NA,NA,0.160295299668814
RCAN1,9,0,0,0.142056174868601,NA,NA,NA,0.160425935982855
PIP4P2,9,0,0,0.142521043386121,NA,NA,NA,0.160776900043044
ING5,5,0,0,0.143899366234371,NA,NA,NA,0.162282631960124
PIK3CA,15,0,0,0.144172211494467,NA,NA,NA,0.162548415242582
STK17A,26,0,0,0.144285042121387,NA,NA,NA,0.162634868587313
EVI2A,4,0,0,0.144846534834704,NA,NA,NA,0.163224065074822
WDR36,19,0,0,0.145493626182983,NA,NA,NA,0.163908934726594
LIMD1,3,0,0,0.146567119169697,NA,NA,NA,0.165070957908799
SMIM4,4,0,0,0.146849205306938,NA,NA,NA,0.1653466362309
CD55,19,0,0,0.14688701690253,NA,NA,NA,0.165348959155903
RBM25,31,0,0,0.148205530495961,NA,NA,NA,0.167072901321929
BACH2,4,0,0,0.151144981209001,NA,NA,NA,0.170324768928047
HNRNPA3,9,0,0,0.152920582370309,NA,NA,NA,0.172188256831894
DSC2,25,0,0,0.152891476085676,NA,NA,NA,0.172197189176517
TRAF3IP1,8,0,0,0.153102526739533,NA,NA,NA,0.17235044004149
SH3YL1,6,0,0,0.152891476085676,NA,NA,NA,0.172459225180797
BSDC1,6,0,0,0.153281966728022,NA,NA,NA,0.17276319705764
CNTF,9,0,0,0.153281966728022,NA,NA,NA,0.17283289271504
BCKDHB,4,0,0,0.155654050492373,NA,NA,NA,0.175086089218507
KMT5B,12,0,0,0.155654050492373,NA,NA,NA,0.175293572900034
RGS17,13,0,0,0.155654050492373,NA,NA,NA,0.175525889439062
NPM1,9,0,0,0.155654050492373,NA,NA,NA,0.175574159222444
STK38L,15,0,0,0.155654050492373,NA,NA,NA,0.175591185635169
BMT2,7,0,0,0.155654050492373,NA,NA,NA,0.175668115552858
MB21D2,5,0,0,0.155654050492373,NA,NA,NA,0.175880440632599
BTBD3,13,0,0,0.156422122649764,NA,NA,NA,0.175903199510915
FAM126A,10,0,0,0.155654050492373,NA,NA,NA,0.17608102015231
GALNT12,3,0,0,0.156849419640366,NA,NA,NA,0.17633938377471
NFYA,10,0,0,0.156938124204016,NA,NA,NA,0.176397399600703
SPATS2L,8,0,0,0.157157941354597,NA,NA,NA,0.17660187958514
DDX58,5,0,0,0.157237125530713,NA,NA,NA,0.176608743460852
BCL2L11,10,0,0,0.157237125530713,NA,NA,NA,0.17669515724645
HRK,5,0,0,0.157999519054804,NA,NA,NA,0.177418620479694
TMED7-TICAM2,11,0,0,0.158371325444717,NA,NA,NA,0.177792635642067
AKTIP,11,0,0,0.158599907592918,NA,NA,NA,0.17800691538239
EED,8,0,0,0.158944246408235,NA,NA,NA,0.178309815274824
MARCH9,7,0,0,0.158944246408235,NA,NA,NA,0.178554093066195
C1orf50,20,0,0,0.160304175948632,NA,NA,NA,0.179703604535052
TRIM23,14,0,0,0.160265721805366,NA,NA,NA,0.179741595283693
FXR1,23,0,0,0.160304175948632,NA,NA,NA,0.179919430992762
EIF3L,5,0,0,0.161079216721349,NA,NA,NA,0.180526070320453
AKAP10,11,0,0,0.161462569273341,NA,NA,NA,0.180912385615681
CPD,22,0,0,0.161658318288593,NA,NA,NA,0.181089934085753
LDHB,8,0,0,0.162097369400739,NA,NA,NA,0.181498015571469
MON2,25,0,0,0.162097369400739,NA,NA,NA,0.181790095134473
ZNF436,5,0,0,0.162381463545344,NA,NA,NA,0.181988556362614
TOP2B,7,0,0,0.162381463545344,NA,NA,NA,0.182170902167575
ICK,6,0,0,0.162381463545344,NA,NA,NA,0.182315670796097
PFDN2,3,0,0,0.163087682617867,NA,NA,NA,0.182693935732561
DEPDC1B,6,0,0,0.163087682617867,NA,NA,NA,0.182895088166606
NUDT6,3,0,0,0.16335313084342,NA,NA,NA,0.183202944490814
SMG7,5,0,0,0.16335313084342,NA,NA,NA,0.183314501656952
B3GNT4,8,0,0,0.164950991453583,NA,NA,NA,0.18438462301533
WARS,12,0,0,0.164534460400793,NA,NA,NA,0.184477624030498
PRSS8,3,0,0,0.164755174784593,NA,NA,NA,0.184481768669187
DRAM2,10,0,0,0.164950991453583,NA,NA,NA,0.184535199205173
TMEM19,11,0,0,0.164694987769079,NA,NA,NA,0.184575273881475
PRNP,2,0,0,0.164950991453583,NA,NA,NA,0.184622960036494
SPTBN2,4,0,0,0.164950991453583,NA,NA,NA,0.184648715598014
BCLAF1,18,0,0,0.164694987769079,NA,NA,NA,0.184743177483145
AFDN,6,0,0,0.164950991453583,NA,NA,NA,0.184777070576592
NEBL,14,0,0,0.164755174784593,NA,NA,NA,0.184799691901332
MOB1A,13,0,0,0.164755174784593,NA,NA,NA,0.184891767193413
SULT1A1,5,0,0,0.164950991453583,NA,NA,NA,0.18491566692143
COPG1,5,0,0,0.164755174784593,NA,NA,NA,0.184967459512222
ACADM,10,0,0,0.164950991453583,NA,NA,NA,0.185237136147571
RSL1D1,9,0,0,0.164950991453583,NA,NA,NA,0.185473718863229
EPG5,11,0,0,0.166347357443452,NA,NA,NA,0.185855839714527
SNF8,7,0,0,0.166347357443452,NA,NA,NA,0.185958555510453
ATG14,7,0,0,0.166517051489532,NA,NA,NA,0.186339760050955
NR4A2,2,0,0,0.166517051489532,NA,NA,NA,0.186430515029598
RAP1GAP2,4,0,0,0.166571710777613,NA,NA,NA,0.186526568517
MRPL12,6,0,0,0.166517051489532,NA,NA,NA,0.186655550176664
WDFY3,13,0,0,0.166808883042584,NA,NA,NA,0.186750693131284
NTPCR,17,0,0,0.167883518240349,NA,NA,NA,0.18796540874458
SENP3,3,0,0,0.168528016868079,NA,NA,NA,0.188871419992213
PAFAH1B1,16,0,0,0.168727227486007,NA,NA,NA,0.189052914359915
NUP188,2,0,0,0.16922984051621,NA,NA,NA,0.189531781091925
WTAP,3,0,0,0.16922984051621,NA,NA,NA,0.189806079173687
SPOCK1,5,0,0,0.169808251976174,NA,NA,NA,0.190094846052179
RBM26,24,0,0,0.169866401947059,NA,NA,NA,0.190119764134707
SLC45A3,2,0,0,0.169808251976174,NA,NA,NA,0.190242200398764
RILPL1,6,0,0,0.170796724644243,NA,NA,NA,0.191113074899493
LRIG2,6,0,0,0.171109285119457,NA,NA,NA,0.191420347404117
C6orf120,20,0,0,0.171886324931673,NA,NA,NA,0.192242967862489
STX11,4,0,0,0.17210907765469,NA,NA,NA,0.192450425114319
DDX46,14,0,0,0.174093939631153,NA,NA,NA,0.194905801940322
GMCL1,11,0,0,0.175434956295951,NA,NA,NA,0.196567557665051
CDC42BPG,4,0,0,0.175434956295951,NA,NA,NA,0.196652489021702
BDH1,4,0,0,0.175434956295951,NA,NA,NA,0.19680559550626
IREB2,14,0,0,0.175926262482297,NA,NA,NA,0.197072540270018
SIKE1,19,0,0,0.176911351644636,NA,NA,NA,0.198125824618943
C11orf91,13,0,0,0.177499617974696,NA,NA,NA,0.198738055977691
ITM2B,13,0,0,0.178040808713111,NA,NA,NA,0.199511741106565
GRPEL1,13,0,0,0.178040808713111,NA,NA,NA,0.199760650391959
ITGB3BP,5,0,0,0.178040808713111,NA,NA,NA,0.199886241893561
WIPI1,6,0,0,0.179100719657012,NA,NA,NA,0.200647973529132
MTCH2,15,0,0,0.179427246709694,NA,NA,NA,0.20096925997598
C1orf116,9,0,0,0.179939510391907,NA,NA,NA,0.201291580576641
TRDMT1,17,0,0,0.179939510391907,NA,NA,NA,0.201594423015956
SMC1A,16,0,0,0.179939510391907,NA,NA,NA,0.201621004443817
POLR3A,22,0,0,0.179939510391907,NA,NA,NA,0.201697847840197
NAV3,2,0,0,0.179939510391907,NA,NA,NA,0.201796385200395
METAP2,15,0,0,0.179939510391907,NA,NA,NA,0.202091546351707
FAM89A,8,0,0,0.18095381163572,NA,NA,NA,0.202967383661058
POLR3G,7,0,0,0.18122011992976,NA,NA,NA,0.203328685306199
ZNF778,13,0,0,0.18122011992976,NA,NA,NA,0.203433263169815
MYH15,4,0,0,0.18122011992976,NA,NA,NA,0.203579245258665
ZKSCAN4,5,0,0,0.181930071727027,NA,NA,NA,0.204476621410984
TRIM59,3,0,0,0.182741918531536,NA,NA,NA,0.205338373891953
STX6,19,0,0,0.18322794833538,NA,NA,NA,0.205794510404345
SOD2,2,0,0,0.18322794833538,NA,NA,NA,0.205954514489554
FOXO1,11,0,0,0.183750399762799,NA,NA,NA,0.206291199374023
COMMD1,12,0,0,0.183750399762799,NA,NA,NA,0.206411844561042
MAPK1,18,0,0,0.184908380265609,NA,NA,NA,0.208095982958281
ANK3,8,0,0,0.184908380265609,NA,NA,NA,0.208198791750329
ALG11,6,0,0,0.184908380265609,NA,NA,NA,0.208199969271851
RNF24,15,0,0,0.184908380265609,NA,NA,NA,0.208288218776253
POP7,3,0,0,0.184908380265609,NA,NA,NA,0.208373725565484
ELK4,17,0,0,0.184908380265609,NA,NA,NA,0.208416102888501
JAM3,6,0,0,0.184908380265609,NA,NA,NA,0.208518633530959
GAPVD1,12,0,0,0.184908380265609,NA,NA,NA,0.208534572087124
IFRD2,4,0,0,0.184908380265609,NA,NA,NA,0.208556834963996
PLOD3,2,0,0,0.184908380265609,NA,NA,NA,0.208673827506668
VCPIP1,13,0,0,0.185347693234233,NA,NA,NA,0.208735390563536
CEBPD,4,0,0,0.184908380265609,NA,NA,NA,0.208827549146502
NOP58,3,0,0,0.185570384147542,NA,NA,NA,0.208940810141699
WEE1,13,0,0,0.186559281036296,NA,NA,NA,0.21029416953968
LMAN1,19,0,0,0.187211380883782,NA,NA,NA,0.211213764141821
AP3M1,17,0,0,0.188082087016754,NA,NA,NA,0.212201763785531
GORASP2,12,0,0,0.188894080746885,NA,NA,NA,0.213064908171154
MSX1,2,0,0,0.189223181797316,NA,NA,NA,0.213300239304866
RLF,3,0,0,0.189210307452424,NA,NA,NA,0.213373962899694
PTRHD1,8,0,0,0.189223181797316,NA,NA,NA,0.213486691022031
ZNF518B,4,0,0,0.18950500340947,NA,NA,NA,0.213527169998918
ARNT,12,0,0,0.18950500340947,NA,NA,NA,0.21375329404789
SLC44A5,4,0,0,0.189854246172162,NA,NA,NA,0.213873160399347
ATG4A,4,0,0,0.190026557983645,NA,NA,NA,0.213978218116949
RNF41,13,0,0,0.190085005818653,NA,NA,NA,0.213999984482431
DZIP1,16,0,0,0.190190590925539,NA,NA,NA,0.214074393965144
MPRIP,17,0,0,0.190026557983645,NA,NA,NA,0.214300842597021
POMT2,4,0,0,0.190384058824462,NA,NA,NA,0.214539459424726
C5AR2,4,0,0,0.190574455279725,NA,NA,NA,0.214708312846686
TRIM2,6,0,0,0.19086967117112,NA,NA,NA,0.21498199089282
TOE1,5,0,0,0.19086967117112,NA,NA,NA,0.215276558286487
MINDY2,12,0,0,0.191177108568987,NA,NA,NA,0.215281766549753
UQCRB,15,0,0,0.19086967117112,NA,NA,NA,0.215500351947175
MED28,33,0,0,0.191523390383544,NA,NA,NA,0.215624808296065
SPCS2,10,0,0,0.191775085492922,NA,NA,NA,0.215691758138412
AGPAT3,16,0,0,0.19086967117112,NA,NA,NA,0.215698473425906
CDC42SE1,11,0,0,0.19086967117112,NA,NA,NA,0.215800657859981
ERMP1,13,0,0,0.19086967117112,NA,NA,NA,0.215826514541919
MED20,4,0,0,0.191775085492922,NA,NA,NA,0.215930356329103
DENND5B,6,0,0,0.19086967117112,NA,NA,NA,0.215936564652177
XPNPEP3,10,0,0,0.19086967117112,NA,NA,NA,0.215990537257001
GPSM2,12,0,0,0.191775085492922,NA,NA,NA,0.216017152353794
SOCS4,13,0,0,0.191775085492922,NA,NA,NA,0.216017278766179
SUMO2,10,0,0,0.191775085492922,NA,NA,NA,0.216255637977148
RBMX,6,0,0,0.192536592700447,NA,NA,NA,0.216454685612494
CD9,4,0,0,0.192515167491032,NA,NA,NA,0.216473244554976
TRAM1,13,0,0,0.192929444464829,NA,NA,NA,0.216849500607465
VCL,15,0,0,0.193116282645822,NA,NA,NA,0.217015077188185
GINS2,11,0,0,0.194762836757186,NA,NA,NA,0.218946290149008
PECAM1,5,0,0,0.194763518993307,NA,NA,NA,0.219051313693958
RFT1,23,0,0,0.195661664649332,NA,NA,NA,0.220254699788655
EMSY,26,0,0,0.195661664649332,NA,NA,NA,0.22037605234637
NEMF,20,0,0,0.196747835451601,NA,NA,NA,0.221377931528112
TDP2,6,0,0,0.196709970841285,NA,NA,NA,0.221379068504616
MYO5B,5,0,0,0.197198225246053,NA,NA,NA,0.22179294795515
TERF1,17,0,0,0.197173933314096,NA,NA,NA,0.221809073746961
FUS,14,0,0,0.197483603008722,NA,NA,NA,0.222067436091782
MTA2,4,0,0,0.197786652994412,NA,NA,NA,0.222941299830155
AMMECR1,3,0,0,0.199396190032,NA,NA,NA,0.224647925348055
CNOT6,17,0,0,0.199396190032,NA,NA,NA,0.224980412175325
WDR17,6,0,0,0.200563783925758,NA,NA,NA,0.22624913643215
TFAM,18,0,0,0.200941300400228,NA,NA,NA,0.226866641854499
ZNF575,3,0,0,0.202350387867053,NA,NA,NA,0.228394901671248
MMAB,9,0,0,0.203463982632195,NA,NA,NA,0.229592609809552
DUSP1,8,0,0,0.203576372024409,NA,NA,NA,0.229672712244863
IRF1,6,0,0,0.203632622592056,NA,NA,NA,0.229788344608547
EIF4E,15,0,0,0.203856566683063,NA,NA,NA,0.230189430252523
SLC25A24,15,0,0,0.2047003899814,NA,NA,NA,0.231086008886304
RC3H1,11,0,0,0.204798607814613,NA,NA,NA,0.231150097251024
FAM173B,33,0,0,0.20565223449619,NA,NA,NA,0.232057148371787
P4HA1,13,0,0,0.207148294723427,NA,NA,NA,0.233931557903451
SF3B1,5,0,0,0.207158025120405,NA,NA,NA,0.234064924214587
TBC1D16,13,0,0,0.207148294723427,NA,NA,NA,0.234229092660752
SUPT7L,16,0,0,0.207593427817857,NA,NA,NA,0.234540421242925
MICALL1,17,0,0,0.207593427817857,NA,NA,NA,0.234736298953247
TRIOBP,11,0,0,0.207593427817857,NA,NA,NA,0.234754078587878
SH3BP5L,3,0,0,0.207940409697474,NA,NA,NA,0.234881784323593
BCAR1,6,0,0,0.207994331517566,NA,NA,NA,0.234895933832797
TIPIN,16,0,0,0.208203831673148,NA,NA,NA,0.235189949521042
SRSF1,29,0,0,0.208266423551083,NA,NA,NA,0.23540273247671
GLUD1,13,0,0,0.208312037403876,NA,NA,NA,0.235407498298518
EXOC2,5,0,0,0.208768679615695,NA,NA,NA,0.236166118251579
RRM2B,14,0,0,0.209206524099902,NA,NA,NA,0.236394926850969
KRIT1,13,0,0,0.209591196236842,NA,NA,NA,0.23650756192836
NEDD1,16,0,0,0.209176265210029,NA,NA,NA,0.23652878836312
OSBPL9,19,0,0,0.209134749058152,NA,NA,NA,0.236528839769262
PARP3,4,0,0,0.209206524099902,NA,NA,NA,0.236590741156684
CCDC18,3,0,0,0.209591196236842,NA,NA,NA,0.236672766800884
MTFR1,19,0,0,0.209206524099902,NA,NA,NA,0.23669739837809
TSKU,5,0,0,0.209591196236842,NA,NA,NA,0.236797433611767
EFEMP1,8,0,0,0.209206524099902,NA,NA,NA,0.236847070476514
RGS2,3,0,0,0.209206524099902,NA,NA,NA,0.236877469135549
ZMPSTE24,10,0,0,0.209591196236842,NA,NA,NA,0.23691496224738
LAP3,5,0,0,0.209591196236842,NA,NA,NA,0.236995049075671
LIN7C,28,0,0,0.209206524099902,NA,NA,NA,0.237043240218728
SGPL1,8,0,0,0.209206524099902,NA,NA,NA,0.237072802543829
MOCS2,8,0,0,0.209591196236842,NA,NA,NA,0.237086669655526
RNF141,18,0,0,0.209206524099902,NA,NA,NA,0.237124484626467
ZCRB1,6,0,0,0.209206524099902,NA,NA,NA,0.237124999880447
PCYT1A,18,0,0,0.209206524099902,NA,NA,NA,0.237191989031628
KCTD4,4,0,0,0.209591196236842,NA,NA,NA,0.237244690803003
THSD4,6,0,0,0.211278673985098,NA,NA,NA,0.238845442779676
ZNF526,9,0,0,0.211278673985098,NA,NA,NA,0.238926756345895
PPM1A,17,0,0,0.211278673985098,NA,NA,NA,0.238961523766971
PNRC2,5,0,0,0.211278673985098,NA,NA,NA,0.239039872057407
PDE7A,12,0,0,0.211278673985098,NA,NA,NA,0.239158809789997
GCSH,5,0,0,0.211278673985098,NA,NA,NA,0.239174680168431
SLC38A1,21,0,0,0.211278673985098,NA,NA,NA,0.239308447292039
NEIL3,18,0,0,0.211278673985098,NA,NA,NA,0.239429678439033
ZNF574,3,0,0,0.211278673985098,NA,NA,NA,0.239502166371032
NCKIPSD,11,0,0,0.213703608012115,NA,NA,NA,0.241520734515627
TIGD6,8,0,0,0.213671219690893,NA,NA,NA,0.241575897066444
KDELR2,19,0,0,0.213703608012115,NA,NA,NA,0.241589027452051
NAA50,31,0,0,0.213557004305973,NA,NA,NA,0.241632302496288
LDLR,11,0,0,0.213671219690893,NA,NA,NA,0.241865545378372
USP15,12,0,0,0.213671219690893,NA,NA,NA,0.242052643094924
GHITM,29,0,0,0.213671219690893,NA,NA,NA,0.242235278170999
SLC30A5,15,0,0,0.214467382794288,NA,NA,NA,0.242327466493924
NNT,15,0,0,0.214901011718664,NA,NA,NA,0.242765633185057
STAM2,10,0,0,0.217070893530766,NA,NA,NA,0.245139739428951
CHD7,13,0,0,0.21728702662618,NA,NA,NA,0.245624488210978
PHC3,12,0,0,0.219378603695662,NA,NA,NA,0.247911694887343
RRP7A,19,0,0,0.21953612331712,NA,NA,NA,0.248284851802173
LRRFIP2,9,0,0,0.21953612331712,NA,NA,NA,0.248285677943641
SLC16A2,6,0,0,0.219709536217963,NA,NA,NA,0.248723642533572
EIF2AK2,20,0,0,0.220107522133434,NA,NA,NA,0.249121110568391
DYNC1LI1,9,0,0,0.220590652553932,NA,NA,NA,0.249613583510653
SULT1E1,4,0,0,0.222075879781598,NA,NA,NA,0.251224693410365
MANSC1,5,0,0,0.222304764193881,NA,NA,NA,0.251385608319619
ERCC6,25,0,0,0.222304764193881,NA,NA,NA,0.251510854373449
ISCA2,13,0,0,0.222593701525632,NA,NA,NA,0.251660833945892
ZNF805,8,0,0,0.223241947738294,NA,NA,NA,0.253070936724571
NT5E,7,0,0,0.223241947738294,NA,NA,NA,0.253385826572313
TNFSF4,3,0,0,0.223740559553721,NA,NA,NA,0.2536513306087
LAMTOR4,2,0,0,0.223241947738294,NA,NA,NA,0.253660729175761
LAPTM4A,6,0,0,0.223241947738294,NA,NA,NA,0.253698094540426
RECQL4,3,0,0,0.223740559553721,NA,NA,NA,0.253824097117946
SLC35D1,13,0,0,0.224410256186089,NA,NA,NA,0.254285112616174
RPN2,5,0,0,0.224198894016724,NA,NA,NA,0.254288715192423
SLC25A15,10,0,0,0.224401803291373,NA,NA,NA,0.254467491339975
TPD52,26,0,0,0.224410256186089,NA,NA,NA,0.254521735878101
CCDC17,2,0,0,0.224689851907872,NA,NA,NA,0.254839816391555
RALY,12,0,0,0.224410256186089,NA,NA,NA,0.254843102057517
PCBD2,7,0,0,0.224410256186089,NA,NA,NA,0.255062347829586
FBXO22,21,0,0,0.225806157097146,NA,NA,NA,0.256738007124148
PKIG,3,0,0,0.225806157097146,NA,NA,NA,0.256815835970122
MCIDAS,11,0,0,0.228005219733667,NA,NA,NA,0.259172549839262
ALG13,3,0,0,0.228005219733667,NA,NA,NA,0.259217318364141
FAM222B,9,0,0,0.228005219733667,NA,NA,NA,0.259308641857852
JMJD4,7,0,0,0.228042105041192,NA,NA,NA,0.259316819528311
RAB2A,20,0,0,0.228032639437005,NA,NA,NA,0.259355592050853
CNOT1,21,0,0,0.228005219733667,NA,NA,NA,0.259560919761758
JAGN1,7,0,0,0.228005219733667,NA,NA,NA,0.259854964518083
COPS3,6,0,0,0.230121010638535,NA,NA,NA,0.261597572025842
SEC14L2,11,0,0,0.230421229657142,NA,NA,NA,0.261834733495424
OTULIN,15,0,0,0.230421229657142,NA,NA,NA,0.262098330294806
MAML1,10,0,0,0.230907336535794,NA,NA,NA,0.262280211753212
ZNF732,6,0,0,0.230907336535794,NA,NA,NA,0.262418881014549
TSPYL4,5,0,0,0.230980836977231,NA,NA,NA,0.262425933485389
ZC3HAV1L,9,0,0,0.230980836977231,NA,NA,NA,0.262647965237989
ARL6IP6,10,0,0,0.230980836977231,NA,NA,NA,0.262697069577027
DDX31,11,0,0,0.230980836977231,NA,NA,NA,0.262833108574816
MBTD1,5,0,0,0.231300586097359,NA,NA,NA,0.262858208700962
COPS8,25,0,0,0.230980836977231,NA,NA,NA,0.263051580286464
VPS13A,16,0,0,0.231524213693998,NA,NA,NA,0.263059479354589
XRCC5,13,0,0,0.231300586097359,NA,NA,NA,0.263085623284096
LETM1,10,0,0,0.231300586097359,NA,NA,NA,0.263094457286111
PLEKHG4,3,0,0,0.230980836977231,NA,NA,NA,0.263155415151718
MRPL33,5,0,0,0.232020367280813,NA,NA,NA,0.263898730979087
AKR7A3,3,0,0,0.232020367280813,NA,NA,NA,0.264038615687428
FNIP1,4,0,0,0.233406932762049,NA,NA,NA,0.265263808529838
TMEM45A,4,0,0,0.233245805350412,NA,NA,NA,0.26531918110133
NDST1,10,0,0,0.233406932762049,NA,NA,NA,0.265334448384115
HMGB2,14,0,0,0.233197188064393,NA,NA,NA,0.265364277753287
ESYT2,22,0,0,0.233406932762049,NA,NA,NA,0.265411180955699
RBMS3,7,0,0,0.233375989016706,NA,NA,NA,0.26541542401862
RHEB,5,0,0,0.233245805350412,NA,NA,NA,0.265499614316858
RPS6,7,0,0,0.233406932762049,NA,NA,NA,0.265665076677669
IQCE,7,0,0,0.233406932762049,NA,NA,NA,0.265670558468013
DGCR2,10,0,0,0.233406932762049,NA,NA,NA,0.265684592077469
STK40,4,0,0,0.233406932762049,NA,NA,NA,0.265740123288638
TIMM8A,19,0,0,0.233880739982973,NA,NA,NA,0.265816163961406
DNASE2,5,0,0,0.233406932762049,NA,NA,NA,0.265850122463248
ENOX2,8,0,0,0.233406932762049,NA,NA,NA,0.265892340854645
PPP1R3B,7,0,0,0.233406932762049,NA,NA,NA,0.265894288653865
PPP2R2A,7,0,0,0.234202874886706,NA,NA,NA,0.265982441068709
TRAF6,17,0,0,0.233406932762049,NA,NA,NA,0.266027641418073
BCL9L,5,0,0,0.233406932762049,NA,NA,NA,0.266123626114206
CYP4F11,10,0,0,0.234202874886706,NA,NA,NA,0.26612782963285
ATP6V0A2,15,0,0,0.233406932762049,NA,NA,NA,0.266232953175339
DDX18,14,0,0,0.234202874886706,NA,NA,NA,0.266236165704417
SYT12,3,0,0,0.233406932762049,NA,NA,NA,0.266335511871949
NIPAL3,16,0,0,0.234202874886706,NA,NA,NA,0.26639843003761
CGRRF1,14,0,0,0.235186868005826,NA,NA,NA,0.267269313164784
RPAP3,7,0,0,0.235341280509975,NA,NA,NA,0.267393415781778
FKBP5,15,0,0,0.235186868005826,NA,NA,NA,0.267476823190095
MTRF1L,8,0,0,0.23800095860301,NA,NA,NA,0.270457313773299
PNRC1,9,0,0,0.238180345635471,NA,NA,NA,0.270462163962506
PARP2,2,0,0,0.238098159657438,NA,NA,NA,0.270516945771336
ARHGEF37,7,0,0,0.23800095860301,NA,NA,NA,0.270655331668877
TMC7,16,0,0,0.238180345635471,NA,NA,NA,0.27069425847894
CA12,10,0,0,0.238180345635471,NA,NA,NA,0.27078220801061
PHAX,18,0,0,0.23800095860301,NA,NA,NA,0.27097595580921
CNOT2,8,0,0,0.23800095860301,NA,NA,NA,0.271065811425999
SURF4,12,0,0,0.239935025901535,NA,NA,NA,0.272082134610552
NDUFC2,4,0,0,0.240001352035476,NA,NA,NA,0.272107840098453
CTTNBP2NL,17,0,0,0.239935025901535,NA,NA,NA,0.272138648422136
ZNF764,10,0,0,0.239935025901535,NA,NA,NA,0.27229216342679
NUDT4,16,0,0,0.239906962034278,NA,NA,NA,0.27234286190026
OPLAH,3,0,0,0.239935025901535,NA,NA,NA,0.272376754648804
ANKRD16,5,0,0,0.240318960593062,NA,NA,NA,0.272413934622204
BTBD9,9,0,0,0.239935025901535,NA,NA,NA,0.272554253315056
UBL4A,4,0,0,0.239935025901535,NA,NA,NA,0.272719124861753
PIAS2,22,0,0,0.240957244879353,NA,NA,NA,0.273312206334379
DYNC1LI2,19,0,0,0.240957244879353,NA,NA,NA,0.273465017454549
NIP7,21,0,0,0.241428227880613,NA,NA,NA,0.273789315437629
ZNF430,6,0,0,0.241529682864593,NA,NA,NA,0.273854062770746
C9orf85,7,0,0,0.241916052196621,NA,NA,NA,0.274188322458618
LRRC49,5,0,0,0.241916052196621,NA,NA,NA,0.274272017943194
ZNF644,11,0,0,0.242403597994125,NA,NA,NA,0.274759051093341
MYO5A,7,0,0,0.242519527874694,NA,NA,NA,0.27499860609066
TRIM68,2,0,0,0.242519527874694,NA,NA,NA,0.275234866241624
LAMTOR1,8,0,0,0.243383807990682,NA,NA,NA,0.276479504916386
OGFRL1,23,0,0,0.244270286927916,NA,NA,NA,0.277249617738178
DLD,20,0,0,0.244270286927916,NA,NA,NA,0.277463395143907
CENPI,14,0,0,0.244270286927916,NA,NA,NA,0.277489828370138
RUNX1,9,0,0,0.244270286927916,NA,NA,NA,0.277502648179155
TBC1D5,8,0,0,0.244270286927916,NA,NA,NA,0.277560759036217
MXRA7,8,0,0,0.244270286927916,NA,NA,NA,0.27758050806292
RBM17,6,0,0,0.244270286927916,NA,NA,NA,0.277740546912656
ACOX1,16,0,0,0.244270286927916,NA,NA,NA,0.277810063156975
FRS2,14,0,0,0.244270286927916,NA,NA,NA,0.277823568205581
GANC,7,0,0,0.244270286927916,NA,NA,NA,0.277880761715874
SLC35B4,17,0,0,0.244270286927916,NA,NA,NA,0.277928043166738
HELZ,18,0,0,0.244270286927916,NA,NA,NA,0.277977633029495
ZNF845,6,0,0,0.244270286927916,NA,NA,NA,0.27803490259787
RBMX2,3,0,0,0.244270286927916,NA,NA,NA,0.278132966798611
MPDU1,10,0,0,0.244270286927916,NA,NA,NA,0.278225030549954
EPS15,9,0,0,0.244270286927916,NA,NA,NA,0.278286799343673
PTEN,28,0,0,0.245359407047782,NA,NA,NA,0.278368001639185
PRSS21,7,0,0,0.245359407047782,NA,NA,NA,0.278526492966344
CISD1,23,0,0,0.245672710222495,NA,NA,NA,0.278620727499936
IGF2BP3,12,0,0,0.245672710222495,NA,NA,NA,0.278747946787952
LIPT2,10,0,0,0.24737885611166,NA,NA,NA,0.279946679785361
NIPAL1,4,0,0,0.24737885611166,NA,NA,NA,0.280239616944026
TM2D2,9,0,0,0.247872635031399,NA,NA,NA,0.280401027148165
CCPG1,5,0,0,0.247361941247636,NA,NA,NA,0.280406907550803
REV3L,5,0,0,0.24737885611166,NA,NA,NA,0.280420889467848
CORO2A,6,0,0,0.24737885611166,NA,NA,NA,0.280440267350501
NAT10,7,0,0,0.247361941247636,NA,NA,NA,0.280493494930881
UQCR11,11,0,0,0.24737885611166,NA,NA,NA,0.280518587102048
VOPP1,10,0,0,0.247872635031399,NA,NA,NA,0.28056883224002
NR2C2,9,0,0,0.24737885611166,NA,NA,NA,0.280639885908572
PDZK1IP1,2,0,0,0.24737885611166,NA,NA,NA,0.280643467213485
ACER3,22,0,0,0.24737885611166,NA,NA,NA,0.280698941786378
MDM4,17,0,0,0.24737885611166,NA,NA,NA,0.280808534030047
SPART,12,0,0,0.248354241299306,NA,NA,NA,0.280889054705367
PRPF18,24,0,0,0.24737885611166,NA,NA,NA,0.281057799397876
FANCL,3,0,0,0.248678642168735,NA,NA,NA,0.28110792311488
SH3RF1,5,0,0,0.248614980373099,NA,NA,NA,0.281131530192333
UBL3,15,0,0,0.248678642168735,NA,NA,NA,0.281296343895233
PNO1,18,0,0,0.250191960855601,NA,NA,NA,0.28287588281613
CDK19,7,0,0,0.250336770583958,NA,NA,NA,0.28298943277785
CCDC80,7,0,0,0.250191960855601,NA,NA,NA,0.283164333133809
CENPA,12,0,0,0.250191960855601,NA,NA,NA,0.283348433303941
BLOC1S6,10,0,0,0.250191960855601,NA,NA,NA,0.283575858846422
FLII,3,0,0,0.250952701351692,NA,NA,NA,0.28362608731828
CD63,6,0,0,0.251192218182836,NA,NA,NA,0.283844725668432
UFC1,2,0,0,0.251424464328002,NA,NA,NA,0.284055286524027
TPT1,25,0,0,0.251905728488906,NA,NA,NA,0.284494996200674
KCNJ15,10,0,0,0.251905728488906,NA,NA,NA,0.284652015097071
DAPK2,2,0,0,0.251907296599571,NA,NA,NA,0.284725222940496
AKAP1,9,0,0,0.252236242911748,NA,NA,NA,0.285043059816882
TMEM250,9,0,0,0.252634690960232,NA,NA,NA,0.285437962077516
PNPLA8,7,0,0,0.252976512221252,NA,NA,NA,0.285769956645607
MAST2,2,0,0,0.253572498383797,NA,NA,NA,0.286659748298815
NOD1,4,0,0,0.253953924799131,NA,NA,NA,0.287311591828087
POLR3F,4,0,0,0.254387725961582,NA,NA,NA,0.287745558170708
FBXO41,5,0,0,0.254587616452516,NA,NA,NA,0.287824268872247
POLR1A,27,0,0,0.254587616452516,NA,NA,NA,0.288099020052478
C18orf54,12,0,0,0.254587616452516,NA,NA,NA,0.288275224582479
SLMAP,16,0,0,0.256170193770266,NA,NA,NA,0.289532770700722
PIGN,6,0,0,0.257159264727715,NA,NA,NA,0.290438682686664
SMARCC1,13,0,0,0.257159264727715,NA,NA,NA,0.29057735177227
PTRH2,8,0,0,0.257159264727715,NA,NA,NA,0.290756500345718
TPGS2,9,0,0,0.257159264727715,NA,NA,NA,0.291040492153411
SPRYD3,8,0,0,0.258148387670373,NA,NA,NA,0.292041661221399
PSD4,6,0,0,0.258534683958761,NA,NA,NA,0.292817347884865
DERL1,12,0,0,0.258534683958761,NA,NA,NA,0.292927651384067
IBA57,5,0,0,0.259209027972237,NA,NA,NA,0.293905667304316
FGFR1,12,0,0,0.259304857197235,NA,NA,NA,0.294173120061441
RNF40,5,0,0,0.259304857197235,NA,NA,NA,0.294190648481284
ITGB6,8,0,0,0.26013159422333,NA,NA,NA,0.295061343502076
BNIP2,9,0,0,0.261650959849491,NA,NA,NA,0.297259182957008
FOXK1,6,0,0,0.263336743821706,NA,NA,NA,0.29908695924261
WWP2,3,0,0,0.264158195662258,NA,NA,NA,0.299951231551961
ACTG1,14,0,0,0.264542190284969,NA,NA,NA,0.300204262532552
UTP15,19,0,0,0.264542190284969,NA,NA,NA,0.300367487548503
VIM,9,0,0,0.264542190284969,NA,NA,NA,0.300594811277839
TMEM241,8,0,0,0.264542190284969,NA,NA,NA,0.300675128832558
CCNL1,5,0,0,0.264542190284969,NA,NA,NA,0.300847233439177
ERLIN2,24,0,0,0.264542190284969,NA,NA,NA,0.300903840922739
RANBP10,3,0,0,0.264542190284969,NA,NA,NA,0.300975541616832
HMGN5,5,0,0,0.264542190284969,NA,NA,NA,0.301255266486219
PANK3,30,0,0,0.264542190284969,NA,NA,NA,0.30133736525692
KLF12,8,0,0,0.26561027546945,NA,NA,NA,0.301899669336792
BRWD3,17,0,0,0.265819646033637,NA,NA,NA,0.302082077827579
TIMELESS,9,0,0,0.266026649032986,NA,NA,NA,0.302261855463318
BLCAP,13,0,0,0.26616684637671,NA,NA,NA,0.302492933051752
VASP,12,0,0,0.26616684637671,NA,NA,NA,0.302590369472903
TRMT1L,9,0,0,0.26616684637671,NA,NA,NA,0.30278090254164
RSPRY1,10,0,0,0.266496549410077,NA,NA,NA,0.30280945914752
FSTL3,5,0,0,0.26616684637671,NA,NA,NA,0.302985510971243
MTHFD2,20,0,0,0.267260829058479,NA,NA,NA,0.304114110441828
MAPRE1,16,0,0,0.267260829058479,NA,NA,NA,0.304178238160048
GLI3,9,0,0,0.267491188221614,NA,NA,NA,0.304319722363789
ZXDB,5,0,0,0.268001930565482,NA,NA,NA,0.304837854146374
GPATCH2L,28,0,0,0.268336716998354,NA,NA,NA,0.305057567420133
VPS37B,6,0,0,0.26846757754469,NA,NA,NA,0.305152363055027
HIST1H3G,6,0,0,0.268336716998354,NA,NA,NA,0.305178790451852
FGD6,6,0,0,0.268336716998354,NA,NA,NA,0.305427023864578
RBM3,10,0,0,0.270715403492529,NA,NA,NA,0.3076040109525
GPR137B,16,0,0,0.270821821309048,NA,NA,NA,0.30767120522758
UNG,2,0,0,0.270929323146111,NA,NA,NA,0.307739659131984
HSD17B12,20,0,0,0.271116296775753,NA,NA,NA,0.30817479591875
FAM111B,6,0,0,0.271882554220201,NA,NA,NA,0.308925030307316
PUM2,20,0,0,0.271882554220201,NA,NA,NA,0.309041494540632
GPR27,2,0,0,0.27229791184181,NA,NA,NA,0.309284601762199
TAB3,6,0,0,0.27229791184181,NA,NA,NA,0.309385577460311
POLR3B,11,0,0,0.27248970328526,NA,NA,NA,0.309446727300178
PPAT,13,0,0,0.272658939658222,NA,NA,NA,0.309532729438507
SS18L1,11,0,0,0.272658939658222,NA,NA,NA,0.309789142116352
MTF1,5,0,0,0.273153207444204,NA,NA,NA,0.310206451791385
RPL8,8,0,0,0.273072806306207,NA,NA,NA,0.310219450017788
SAV1,7,0,0,0.273153207444204,NA,NA,NA,0.310494015899296
GIGYF2,13,0,0,0.274803096059593,NA,NA,NA,0.311989481594492
ELF2,12,0,0,0.275031280559704,NA,NA,NA,0.312191749079511
RPL37A,24,0,0,0.27602541748459,NA,NA,NA,0.313244955927702
RAP2B,20,0,0,0.277061701736333,NA,NA,NA,0.314344492994111
PTTG1IP,11,0,0,0.277549385025424,NA,NA,NA,0.315062561794391
ASCC1,11,0,0,0.277549385025424,NA,NA,NA,0.31511571232917
YES1,7,0,0,0.277658256498426,NA,NA,NA,0.315131807108208
ZYG11B,5,0,0,0.279351285690447,NA,NA,NA,0.317521520389215
HEBP2,13,0,0,0.279626255377993,NA,NA,NA,0.317774810714484
HNRNPC,11,0,0,0.280127150321891,NA,NA,NA,0.318226800744377
ATP5I,3,0,0,0.280127150321891,NA,NA,NA,0.31833194019586
HIP1,13,0,0,0.28111032098704,NA,NA,NA,0.319109928900911
INPP4A,13,0,0,0.280973867409499,NA,NA,NA,0.319115320517629
PM20D2,9,0,0,0.28107068430069,NA,NA,NA,0.319118141913799
AMFR,7,0,0,0.28107068430069,NA,NA,NA,0.319289814293127
TXNDC15,15,0,0,0.28286267491527,NA,NA,NA,0.32100310023391
DYNC1I2,12,0,0,0.283993418388793,NA,NA,NA,0.32210048685467
EMC1,21,0,0,0.283993418388793,NA,NA,NA,0.322208524320439
ANKRD12,8,0,0,0.283993418388793,NA,NA,NA,0.322505523499528
SPATS2,6,0,0,0.285216793548048,NA,NA,NA,0.32340469450383
LPGAT1,24,0,0,0.285317018631271,NA,NA,NA,0.323463314876395
SYDE2,6,0,0,0.285571352017257,NA,NA,NA,0.323640428188096
ZNF28,4,0,0,0.285571352017257,NA,NA,NA,0.323832779556891
CHPF2,3,0,0,0.285911159762532,NA,NA,NA,0.323964621130833
TMEM182,8,0,0,0.286360612856296,NA,NA,NA,0.325256643579455
ENSA,14,0,0,0.287679598238374,NA,NA,NA,0.326667644789052
AMOTL2,8,0,0,0.287729600555855,NA,NA,NA,0.326738303102739
ARNTL2,20,0,0,0.288367223370725,NA,NA,NA,0.32808406641227
GLO1,10,0,0,0.288367223370725,NA,NA,NA,0.328217978133428
FAM149B1,7,0,0,0.28872289098855,NA,NA,NA,0.328472693947471
TFAP2A,11,0,0,0.28881688542296,NA,NA,NA,0.328524584994839
PMAIP1,9,0,0,0.288367223370725,NA,NA,NA,0.328542429366035
CAND1,22,0,0,0.288367223370725,NA,NA,NA,0.328544888445614
TTI2,4,0,0,0.288367223370725,NA,NA,NA,0.32870664266288
EDEM1,8,0,0,0.288367223370725,NA,NA,NA,0.328776959494294
LIPG,12,0,0,0.288367223370725,NA,NA,NA,0.328840310120197
MEX3B,2,0,0,0.289035455526868,NA,NA,NA,0.328993441633941
CCT3,6,0,0,0.289561645353126,NA,NA,NA,0.329524497068135
DERA,3,0,0,0.289623614701108,NA,NA,NA,0.329624306623291
CD46,12,0,0,0.289649686693394,NA,NA,NA,0.329740965746987
SMU1,16,0,0,0.289623614701108,NA,NA,NA,0.329811121491485
MDH1,3,0,0,0.289961032448007,NA,NA,NA,0.330033120909847
HOMEZ,13,0,0,0.290064118721675,NA,NA,NA,0.330373862836019
ITGB2,2,0,0,0.29020913836544,NA,NA,NA,0.330494175023639
FAM212B,9,0,0,0.290476194794962,NA,NA,NA,0.33089505567694
BCL11B,2,0,0,0.290476194794962,NA,NA,NA,0.331150868316949
CNPPD1,3,0,0,0.290476194794962,NA,NA,NA,0.331174504843373
SLFN5,13,0,0,0.291787193585877,NA,NA,NA,0.332550866238234
CUL4B,12,0,0,0.291787193585877,NA,NA,NA,0.333003659388244
DLX1,3,0,0,0.291948300262458,NA,NA,NA,0.333213868456582
GXYLT2,7,0,0,0.291991590611378,NA,NA,NA,0.333426207644346
GK5,15,0,0,0.291991590611378,NA,NA,NA,0.333626260542331
SLC25A4,6,0,0,0.292956178008774,NA,NA,NA,0.334725972888746
DCUN1D3,11,0,0,0.293104581127829,NA,NA,NA,0.335115521942109
NUDT16L1,4,0,0,0.294109710955875,NA,NA,NA,0.336125382337934
ANKRD39,4,0,0,0.294087076847924,NA,NA,NA,0.33615602960086
CNNM2,9,0,0,0.294436109729074,NA,NA,NA,0.336233063987551
ZC2HC1A,4,0,0,0.294436109729074,NA,NA,NA,0.33631443942683
RPP14,6,0,0,0.294484150699939,NA,NA,NA,0.336321406503643
LBR,12,0,0,0.294436109729074,NA,NA,NA,0.336323228494956
PGRMC2,14,0,0,0.294346975708759,NA,NA,NA,0.336334202876581
CLUAP1,20,0,0,0.294436109729074,NA,NA,NA,0.336356390398264
SYN1,4,0,0,0.294436109729074,NA,NA,NA,0.336438996839448
ZNF41,17,0,0,0.294436109729074,NA,NA,NA,0.336533839183702
ANKLE2,14,0,0,0.294436109729074,NA,NA,NA,0.336594208801682
FBXO42,14,0,0,0.295836515401989,NA,NA,NA,0.337772894210435
CNIH4,5,0,0,0.296349997984867,NA,NA,NA,0.338568111532856
B4GALT1,9,0,0,0.298485037925015,NA,NA,NA,0.340891304917234
WSB1,14,0,0,0.298820672556071,NA,NA,NA,0.341209044769168
TRAPPC9,5,0,0,0.299052105762724,NA,NA,NA,0.341410694540822
PLEKHO1,2,0,0,0.299056259008458,NA,NA,NA,0.341639322858365
OTUD6B,11,0,0,0.299307675917938,NA,NA,NA,0.341750988387481
SHTN1,13,0,0,0.299237690593289,NA,NA,NA,0.341785235015942
CCDC88A,18,0,0,0.299307675917938,NA,NA,NA,0.341942552051189
TOMM6,10,0,0,0.300264180700137,NA,NA,NA,0.342703807788331
DCBLD2,21,0,0,0.300218398155539,NA,NA,NA,0.342708898625642
RBM7,12,0,0,0.300764233006072,NA,NA,NA,0.343484063501723
FXYD3,6,0,0,0.300961131392816,NA,NA,NA,0.343772601086559
SFT2D3,12,0,0,0.300961131392816,NA,NA,NA,0.34381385823265
ENGASE,3,0,0,0.301051024274937,NA,NA,NA,0.343857682922164
HAUS2,7,0,0,0.300961131392816,NA,NA,NA,0.344023047638007
MKL1,4,0,0,0.301406764538628,NA,NA,NA,0.344476457948164
CDK18,5,0,0,0.302012186743105,NA,NA,NA,0.345094380295283
KLK7,6,0,0,0.303460113817525,NA,NA,NA,0.346956205818152
NET1,11,0,0,0.305851466255207,NA,NA,NA,0.349818800962244
FBXL4,14,0,0,0.306503342401372,NA,NA,NA,0.350314733442249
CAPN5,7,0,0,0.306503342401372,NA,NA,NA,0.350543269646884
TPP1,8,0,0,0.306503342401372,NA,NA,NA,0.350689783303151
ZNF17,6,0,0,0.306503342401372,NA,NA,NA,0.350885279405068
GNL2,5,0,0,0.306939689226662,NA,NA,NA,0.351306019520759
KIF18A,3,0,0,0.307087710747905,NA,NA,NA,0.351667119909996
TCIRG1,6,0,0,0.307722419175089,NA,NA,NA,0.3529071668606
ZNF567,2,0,0,0.309648727791177,NA,NA,NA,0.355282246841953
THAP2,6,0,0,0.311556751324856,NA,NA,NA,0.35740537288547
DENND4A,21,0,0,0.313746303841152,NA,NA,NA,0.360596068358099
MPI,8,0,0,0.314083327169792,NA,NA,NA,0.36091215163545
SPEN,5,0,0,0.315192511730449,NA,NA,NA,0.362170455702227
ARMC7,9,0,0,0.315192511730449,NA,NA,NA,0.36230689972786
PANK2,13,0,0,0.315192511730449,NA,NA,NA,0.362516627719133
DNAJC5,10,0,0,0.317020334658782,NA,NA,NA,0.364402193346525
IPO11,14,0,0,0.317020334658782,NA,NA,NA,0.36456565164439
ZFX,11,0,0,0.317020334658782,NA,NA,NA,0.364730163812973
CFAP97,23,0,0,0.317365257036948,NA,NA,NA,0.365019905684544
DDIT4,10,0,0,0.317365257036948,NA,NA,NA,0.365267563021478
USP10,4,0,0,0.317365257036948,NA,NA,NA,0.365336218403675
PCDHB13,6,0,0,0.319505228562547,NA,NA,NA,0.367361669232667
REEP5,10,0,0,0.319620928635472,NA,NA,NA,0.367367817299544
FKBP4,12,0,0,0.319620928635472,NA,NA,NA,0.367453964188599
USP16,3,0,0,0.319244795371818,NA,NA,NA,0.367504441758957
LPAR1,6,0,0,0.319505228562547,NA,NA,NA,0.367600229493933
CLK4,11,0,0,0.319505228562547,NA,NA,NA,0.367906369817226
CMTR1,5,0,0,0.320282144271497,NA,NA,NA,0.368045141569526
MRPL17,18,0,0,0.319505228562547,NA,NA,NA,0.368053926323861
ADAT2,21,0,0,0.319505228562547,NA,NA,NA,0.368081757577275
RCBTB1,4,0,0,0.319505228562547,NA,NA,NA,0.368103750912835
SDHAF3,5,0,0,0.319505228562547,NA,NA,NA,0.368119612318009
APC,8,0,0,0.321105283143501,NA,NA,NA,0.369126970005281
TMEM183B,3,0,0,0.321105283143501,NA,NA,NA,0.369260819031366
GTPBP10,31,0,0,0.321474991078003,NA,NA,NA,0.36947828928535
RETREG1,6,0,0,0.321867490755211,NA,NA,NA,0.370038750064423
PRKAB2,9,0,0,0.322028571210881,NA,NA,NA,0.370258565393843
ZC3H13,9,0,0,0.322834007897447,NA,NA,NA,0.371382286135816
GATD1,12,0,0,0.323146296071699,NA,NA,NA,0.371669094775049
ZWINT,14,0,0,0.323588191037897,NA,NA,NA,0.372295059127504
ANAPC7,10,0,0,0.323588191037897,NA,NA,NA,0.372329809271855
DBN1,7,0,0,0.323764569386181,NA,NA,NA,0.372556759363582
TBC1D30,6,0,0,0.323717685344611,NA,NA,NA,0.372566713897773
MEAF6,17,0,0,0.323588191037897,NA,NA,NA,0.37257819536723
USP9X,18,0,0,0.323717685344611,NA,NA,NA,0.372779850103188
PHF5A,3,0,0,0.324959636764176,NA,NA,NA,0.373990099190525
ZNRF2,18,0,0,0.324959636764176,NA,NA,NA,0.374060801909533
OSTM1,15,0,0,0.324959636764176,NA,NA,NA,0.374366814289
SSFA2,5,0,0,0.325972372675606,NA,NA,NA,0.375121283843883
VAPA,18,0,0,0.32649187854735,NA,NA,NA,0.375862666098638
LZTR1,2,0,0,0.326977413425563,NA,NA,NA,0.376342486893816
CASD1,8,0,0,0.329028027730889,NA,NA,NA,0.378857670453021
MRFAP1,13,0,0,0.32966458433904,NA,NA,NA,0.379505612435557
MOB3A,7,0,0,0.331925502970931,NA,NA,NA,0.381967850564685
C6orf62,34,0,0,0.332838476653469,NA,NA,NA,0.382923383718563
RERG,2,0,0,0.333188594452641,NA,NA,NA,0.383250215441507
PLEKHH1,4,0,0,0.333939334869705,NA,NA,NA,0.384024042930896
ERLEC1,11,0,0,0.334294076162008,NA,NA,NA,0.384805857177023
R3HDM2,2,0,0,0.334226070182052,NA,NA,NA,0.384858875554614
LYN,11,0,0,0.334294076162008,NA,NA,NA,0.384886168419695
NR2F2,15,0,0,0.334791929061601,NA,NA,NA,0.385297389733911
SRSF6,15,0,0,0.336012787585403,NA,NA,NA,0.386756067756554
B3GNT5,5,0,0,0.336252592489242,NA,NA,NA,0.386959169112647
SASS6,6,0,0,0.336012787585403,NA,NA,NA,0.387000457993197
C15orf41,3,0,0,0.336012787585403,NA,NA,NA,0.387309241467467
EFHC1,8,0,0,0.33657872891701,NA,NA,NA,0.388029124423666
IL32,5,0,0,0.336691017216635,NA,NA,NA,0.38818617414304
TNIP2,3,0,0,0.337398161846223,NA,NA,NA,0.38911114014665
TARSL2,6,0,0,0.337540045443971,NA,NA,NA,0.389477143780075
GFPT1,30,0,0,0.337540045443971,NA,NA,NA,0.389548197483269
DPY19L4,8,0,0,0.337540045443971,NA,NA,NA,0.38956931168304
BRD9,9,0,0,0.337540045443971,NA,NA,NA,0.389605251535504
CCDC103,4,0,0,0.337540045443971,NA,NA,NA,0.389756167631264
PDZD8,18,0,0,0.337848095440222,NA,NA,NA,0.389756259766834
PEPD,3,0,0,0.337540045443971,NA,NA,NA,0.389950933166656
NCAPD3,7,0,0,0.338252195459608,NA,NA,NA,0.390142716603238
SAR1A,18,0,0,0.337540045443971,NA,NA,NA,0.390206698047888
MACO1,8,0,0,0.33859595082598,NA,NA,NA,0.39074898296872
NT5C1B-RDH14,3,0,0,0.338689245611755,NA,NA,NA,0.390787740700869
GCN1,5,0,0,0.339149086795871,NA,NA,NA,0.391236371893865
CARF,10,0,0,0.33922856236411,NA,NA,NA,0.391259724148102
RCOR3,15,0,0,0.339762301071479,NA,NA,NA,0.392077962587229
YBX3,10,0,0,0.339843365171272,NA,NA,NA,0.392229408919829
RNF149,6,0,0,0.339843365171272,NA,NA,NA,0.392324017701081
CHFR,12,0,0,0.339877766802881,NA,NA,NA,0.392416697722136
NKAPD1,18,0,0,0.339877766802881,NA,NA,NA,0.392517239918104
APOPT1,5,0,0,0.340108511182159,NA,NA,NA,0.392709549461361
HIF1AN,22,0,0,0.34068858398845,NA,NA,NA,0.393292535962381
ZNF695,11,0,0,0.342852917194467,NA,NA,NA,0.395933956668374
FOS,8,0,0,0.343118565860839,NA,NA,NA,0.396164596709136
CALCOCO2,18,0,0,0.34367405320435,NA,NA,NA,0.396719225965735
ARRDC4,4,0,0,0.343746716431217,NA,NA,NA,0.396734056198758
FAM57A,19,0,0,0.34433766630814,NA,NA,NA,0.397328074802075
ANAPC13,11,0,0,0.344665035131133,NA,NA,NA,0.397715856118334
FBXO32,10,0,0,0.344665035131133,NA,NA,NA,0.397762617711615
UTP11,6,0,0,0.344775192915352,NA,NA,NA,0.397772660698677
DEGS1,11,0,0,0.344665035131133,NA,NA,NA,0.397794813795213
HPCAL1,4,0,0,0.345136457832184,NA,NA,NA,0.398109925482722
SMIM15,27,0,0,0.344665035131133,NA,NA,NA,0.398142998360427
ZNF592,9,0,0,0.345426445273564,NA,NA,NA,0.398446680850966
KDM2A,7,0,0,0.345499113872809,NA,NA,NA,0.39857867379782
RFX5,8,0,0,0.345499113872809,NA,NA,NA,0.398733809614889
ENTPD7,18,0,0,0.345426445273564,NA,NA,NA,0.398738926962788
SLC25A17,11,0,0,0.345426445273564,NA,NA,NA,0.398761581449297
ATF6,14,0,0,0.345426445273564,NA,NA,NA,0.398793848182998
TXLNA,4,0,0,0.345426445273564,NA,NA,NA,0.398837690697047
COPB2,21,0,0,0.345499113872809,NA,NA,NA,0.399000557124393
SLIRP,13,0,0,0.345426445273564,NA,NA,NA,0.399060692044426
NT5DC3,6,0,0,0.345426445273564,NA,NA,NA,0.399078555537114
FAM86C1,6,0,0,0.345499113872809,NA,NA,NA,0.399085615983895
ACVR2A,8,0,0,0.345426445273564,NA,NA,NA,0.399230162950272
PPP1R13B,5,0,0,0.346261834308982,NA,NA,NA,0.399364151818589
KLK10,8,0,0,0.346872671933428,NA,NA,NA,0.399848237788555
LRRC40,8,0,0,0.346872671933428,NA,NA,NA,0.399997681012928
RABEP1,6,0,0,0.346872671933428,NA,NA,NA,0.400123715259349
DSTN,14,0,0,0.347457288848853,NA,NA,NA,0.400633417832693
AHCTF1,6,0,0,0.347529998007543,NA,NA,NA,0.400885233195745
IVNS1ABP,24,0,0,0.347457288848853,NA,NA,NA,0.400931650184701
SCAF11,9,0,0,0.347515962629262,NA,NA,NA,0.40093557671174
NEK6,14,0,0,0.348348401325136,NA,NA,NA,0.401949605515052
OSBPL6,6,0,0,0.348348401325136,NA,NA,NA,0.402058270908578
OSGEPL1,4,0,0,0.34850575739712,NA,NA,NA,0.402558813571046
ADAM10,21,0,0,0.348852429996898,NA,NA,NA,0.402614266928733
RAP1A,11,0,0,0.34850575739712,NA,NA,NA,0.40266972605484
RRM2,25,0,0,0.348852429996898,NA,NA,NA,0.402798380336525
PTP4A1,25,0,0,0.348852429996898,NA,NA,NA,0.403034396512515
TFRC,11,0,0,0.348852429996898,NA,NA,NA,0.40317606279673
SGMS1,7,0,0,0.348852429996898,NA,NA,NA,0.403311523942885
DSE,9,0,0,0.350215687181344,NA,NA,NA,0.404351605281157
CSNK1A1,35,0,0,0.351169622046841,NA,NA,NA,0.404902804075683
DHTKD1,12,0,0,0.351169622046841,NA,NA,NA,0.405194498308661
FOSL2,14,0,0,0.350968469736374,NA,NA,NA,0.405341228560901
TMEM234,6,0,0,0.351169622046841,NA,NA,NA,0.405478132929798
FEM1B,14,0,0,0.351169622046841,NA,NA,NA,0.405532836105247
TSPYL1,17,0,0,0.350968469736374,NA,NA,NA,0.405539679740659
SHISA9,4,0,0,0.351169622046841,NA,NA,NA,0.405620883752999
NUP155,18,0,0,0.351169622046841,NA,NA,NA,0.405675238865699
SNX24,8,0,0,0.351169622046841,NA,NA,NA,0.405750158949447
RAD52,14,0,0,0.351169622046841,NA,NA,NA,0.405759654135116
DIS3,14,0,0,0.351169622046841,NA,NA,NA,0.405785314395178
HSPA4L,25,0,0,0.351169622046841,NA,NA,NA,0.406066884701093
SNAP23,12,0,0,0.352420348675922,NA,NA,NA,0.406230144617606
ATF4,3,0,0,0.353283551277708,NA,NA,NA,0.407077094976963
FARSA,3,0,0,0.353283551277708,NA,NA,NA,0.40742397291885
MED14,9,0,0,0.353283551277708,NA,NA,NA,0.407488771703833
ASXL1,9,0,0,0.353283551277708,NA,NA,NA,0.40757498840289
ZNF550,5,0,0,0.353421291342705,NA,NA,NA,0.407576006242156
AP1S3,21,0,0,0.354494936994976,NA,NA,NA,0.409000907640372
NAP1L5,3,0,0,0.354494936994976,NA,NA,NA,0.409081348142158
TSPAN2,11,0,0,0.354494936994976,NA,NA,NA,0.409303358719499
NIF3L1,7,0,0,0.354494936994976,NA,NA,NA,0.409323035727233
TOPORS,6,0,0,0.354494936994976,NA,NA,NA,0.409637709577724
CLDND1,13,0,0,0.35539809267364,NA,NA,NA,0.409954603235198
PPP2CB,4,0,0,0.35539809267364,NA,NA,NA,0.409997643632825
PSMA3,8,0,0,0.35539809267364,NA,NA,NA,0.410057136560029
DHX8,6,0,0,0.35539809267364,NA,NA,NA,0.41028138061448
CYB5A,7,0,0,0.356057145319592,NA,NA,NA,0.410357258954535
SLC41A3,6,0,0,0.35539809267364,NA,NA,NA,0.41047235005096
SSR3,34,0,0,0.356057145319592,NA,NA,NA,0.410501776017771
UTP23,13,0,0,0.355951099956784,NA,NA,NA,0.410503989577994
HIST1H2BD,6,0,0,0.356057145319592,NA,NA,NA,0.410659565553954
CXCL1,7,0,0,0.356057145319592,NA,NA,NA,0.410681618452495
TMEM170A,10,0,0,0.357383619712436,NA,NA,NA,0.411766466324958
HECA,8,0,0,0.357973862233433,NA,NA,NA,0.412356495735382
LYRM9,3,0,0,0.358266224400849,NA,NA,NA,0.413127626887236
PUS7L,19,0,0,0.358266224400849,NA,NA,NA,0.413224516154673
FTO,5,0,0,0.358266224400849,NA,NA,NA,0.413258537753707
NDUFB9,10,0,0,0.358266224400849,NA,NA,NA,0.413389871594942
AGO2,21,0,0,0.359367733900845,NA,NA,NA,0.414691251429941
GOLPH3L,12,0,0,0.36008870291881,NA,NA,NA,0.415426663906569
PIBF1,7,0,0,0.360265475716311,NA,NA,NA,0.41555634329328
MTA3,5,0,0,0.360528072036908,NA,NA,NA,0.415781502416376
SPATA24,2,0,0,0.36151014291219,NA,NA,NA,0.416806656955531
DNM1L,17,0,0,0.361867303702513,NA,NA,NA,0.417136691811386
PMP22,2,0,0,0.36197792984794,NA,NA,NA,0.417192667213486
LMNB1,10,0,0,0.362324852636318,NA,NA,NA,0.417377596285987
DPYSL2,8,0,0,0.36229304242127,NA,NA,NA,0.417475897659207
PAPPA,8,0,0,0.362324852636318,NA,NA,NA,0.417514657572104
RIMS2,7,0,0,0.362675462425572,NA,NA,NA,0.41763359073283
CUL4A,11,0,0,0.362675462425572,NA,NA,NA,0.417976869205774
AK2,8,0,0,0.36354340829319,NA,NA,NA,0.41853034807293
IL11RA,4,0,0,0.363955390231366,NA,NA,NA,0.418920817547237
PHF20L1,15,0,0,0.36420465502328,NA,NA,NA,0.419343046664796
C6orf106,9,0,0,0.36450495782327,NA,NA,NA,0.419542808716664
DPP9,5,0,0,0.36420465502328,NA,NA,NA,0.41956650422342
GRK3,15,0,0,0.36450495782327,NA,NA,NA,0.419856503862635
CCNI,8,0,0,0.365446530921504,NA,NA,NA,0.4210785016067
ALDH5A1,5,0,0,0.365860305464436,NA,NA,NA,0.421470615291605
FUT10,16,0,0,0.366316131292877,NA,NA,NA,0.4219092807352
EIF4EBP2,23,0,0,0.367763528643945,NA,NA,NA,0.423727656947027
PYGL,4,0,0,0.368741659875997,NA,NA,NA,0.424745309515692
MAP4K2,8,0,0,0.368921230303105,NA,NA,NA,0.424876774002128
TBCEL,11,0,0,0.369053790704226,NA,NA,NA,0.424888538963633
NKD1,9,0,0,0.369053790704226,NA,NA,NA,0.425092639463113
FYTTD1,22,0,0,0.369797285567408,NA,NA,NA,0.42557763184711
IRF6,13,0,0,0.369797285567408,NA,NA,NA,0.425890673886988
TRIM38,13,0,0,0.370198783005157,NA,NA,NA,0.426176254858005
ZBTB4,10,0,0,0.369983222692816,NA,NA,NA,0.426207891995053
MTRF1,7,0,0,0.370316536272199,NA,NA,NA,0.426239290159389
PSKH1,7,0,0,0.370198783005157,NA,NA,NA,0.42629546803839
RAI1,5,0,0,0.369983222692816,NA,NA,NA,0.426311449185734
PPP1R12B,7,0,0,0.370198783005157,NA,NA,NA,0.426427197230553
SDE2,8,0,0,0.370198783005157,NA,NA,NA,0.426573922766757
TSR3,3,0,0,0.370791401661706,NA,NA,NA,0.426708663366427
CDC42BPA,14,0,0,0.370791401661706,NA,NA,NA,0.427587001679377
LDOC1,4,0,0,0.37080944035961,NA,NA,NA,0.427729291647044
LIN54,10,0,0,0.370791401661706,NA,NA,NA,0.427789646692706
DUSP6,4,0,0,0.370791401661706,NA,NA,NA,0.42806998258573
GCLM,19,0,0,0.372298457478832,NA,NA,NA,0.429700371291445
SLC35E1,17,0,0,0.372567100812251,NA,NA,NA,0.429808174761366
PDIA3,10,0,0,0.372567100812251,NA,NA,NA,0.429992795539489
FAM196B,5,0,0,0.372567100812251,NA,NA,NA,0.430104554739918
HEMK1,11,0,0,0.372567100812251,NA,NA,NA,0.430117201287766
SRPK1,11,0,0,0.372832785185325,NA,NA,NA,0.430371245995757
ADPRM,5,0,0,0.372567100812251,NA,NA,NA,0.430450761046182
CCNF,7,0,0,0.372806671049621,NA,NA,NA,0.430479327773264
DHX30,3,0,0,0.372567100812251,NA,NA,NA,0.430538914078651
CLIP4,9,0,0,0.372832785185325,NA,NA,NA,0.430663956879272
DARS2,17,0,0,0.372806671049621,NA,NA,NA,0.430772914041065
CTNNB1,7,0,0,0.372567100812251,NA,NA,NA,0.430836445852973
ZNF207,32,0,0,0.375106507025252,NA,NA,NA,0.433103480090481
MCUR1,6,0,0,0.375307905119325,NA,NA,NA,0.433258010061514
AVEN,9,0,0,0.375367323367332,NA,NA,NA,0.433394654961671
TSC22D2,7,0,0,0.375367323367332,NA,NA,NA,0.433530209637834
FECH,16,0,0,0.375312591003211,NA,NA,NA,0.43354073894768
MAGT1,16,0,0,0.375367323367332,NA,NA,NA,0.433580686910168
SLC25A37,9,0,0,0.375312591003211,NA,NA,NA,0.433682695030698
REPIN1,3,0,0,0.375495673888632,NA,NA,NA,0.433775960914158
BOLA3,3,0,0,0.37565989330108,NA,NA,NA,0.433835566415082
KDM5B,12,0,0,0.375495673888632,NA,NA,NA,0.433881164729501
BYSL,9,0,0,0.375312591003211,NA,NA,NA,0.433881355470192
ARL4A,10,0,0,0.375627876611583,NA,NA,NA,0.433890078781031
BIRC3,4,0,0,0.375572126350844,NA,NA,NA,0.433897080972981
RNF14,14,0,0,0.37565989330108,NA,NA,NA,0.433995169105291
GIT2,6,0,0,0.375312591003211,NA,NA,NA,0.43405986491376
HES1,4,0,0,0.375495673888632,NA,NA,NA,0.434183382157308
CIAO1,16,0,0,0.376953344214389,NA,NA,NA,0.435704031277673
PDLIM7,2,0,0,0.377408508396505,NA,NA,NA,0.435880420904879
TBC1D19,17,0,0,0.37739551816325,NA,NA,NA,0.435987288740456
NARS,17,0,0,0.377408508396505,NA,NA,NA,0.43599092852031
ARL6IP1,8,0,0,0.377364085820157,NA,NA,NA,0.43602155486098
URI1,12,0,0,0.377364085820157,NA,NA,NA,0.436245340407388
ERVMER34-1,4,0,0,0.377727587543158,NA,NA,NA,0.436422680864055
UCHL5,19,0,0,0.377958666837895,NA,NA,NA,0.436472032359025
YME1L1,14,0,0,0.377958666837895,NA,NA,NA,0.436724506743955
ZNF684,2,0,0,0.377958666837895,NA,NA,NA,0.436862653709651
STAG1,6,0,0,0.378792625568464,NA,NA,NA,0.437327876686763
GPR157,3,0,0,0.378945511154375,NA,NA,NA,0.437512214922157
PTRH1,5,0,0,0.379112726022159,NA,NA,NA,0.438070182917768
WBP11,10,0,0,0.379112726022159,NA,NA,NA,0.438185628709987
FHL2,16,0,0,0.379112726022159,NA,NA,NA,0.438226543994842
ORC3,6,0,0,0.379683005688472,NA,NA,NA,0.439063797394782
CTNNA1,7,0,0,0.379683005688472,NA,NA,NA,0.439243207810734
GALNT1,15,0,0,0.379683005688472,NA,NA,NA,0.439568478513416
RPL9,11,0,0,0.379683005688472,NA,NA,NA,0.439800613127198
RIC1,18,0,0,0.380386685335099,NA,NA,NA,0.439865257158524
SEPHS2,2,0,0,0.380386685335099,NA,NA,NA,0.440041761920819
NOL4L,4,0,0,0.380909293239584,NA,NA,NA,0.440274034411645
ATP7A,5,0,0,0.380909293239584,NA,NA,NA,0.440460398586458
LAMC1,13,0,0,0.380909293239584,NA,NA,NA,0.440461548062133
WASF2,14,0,0,0.380905547427682,NA,NA,NA,0.440478347837989
DAPK1,4,0,0,0.380888759886083,NA,NA,NA,0.440529391841465
PLD5,12,0,0,0.381721114645473,NA,NA,NA,0.441104882250565
ATP5F1,16,0,0,0.381861371093763,NA,NA,NA,0.441323853879525
TTLL7,8,0,0,0.381800100830777,NA,NA,NA,0.441394873584051
ACVR1,5,0,0,0.381861371093763,NA,NA,NA,0.441439412150179
TP53RK,16,0,0,0.382282175699757,NA,NA,NA,0.441714690227927
MRPS22,7,0,0,0.382282175699757,NA,NA,NA,0.441760307533041
PJA1,3,0,0,0.382282175699757,NA,NA,NA,0.441869834420334
POGLUT1,6,0,0,0.382282175699757,NA,NA,NA,0.442032374885456
TOM1L2,3,0,0,0.382282175699757,NA,NA,NA,0.442088050405016
HOMER1,10,0,0,0.383035082654471,NA,NA,NA,0.442738319848514
RABIF,19,0,0,0.384117553578427,NA,NA,NA,0.444023782561503
MLH3,18,0,0,0.384117553578427,NA,NA,NA,0.444197054695574
CBWD1,2,0,0,0.384117553578427,NA,NA,NA,0.44437537237242
GUF1,26,0,0,0.384479233403101,NA,NA,NA,0.44447465261789
RRAS2,17,0,0,0.384117553578427,NA,NA,NA,0.444531338910105
PSMB7,3,0,0,0.384479233403101,NA,NA,NA,0.444792634191646
TAGLN,3,0,0,0.385487716030394,NA,NA,NA,0.445452555051904
PGK1,24,0,0,0.385477509384229,NA,NA,NA,0.445511017721156
SMARCA5,9,0,0,0.385767501248352,NA,NA,NA,0.445893369870728
CERS6,12,0,0,0.385767501248352,NA,NA,NA,0.446068688564412
SELENOM,2,0,0,0.386179692749934,NA,NA,NA,0.446210351312636
ERCC6L2,6,0,0,0.386140150647399,NA,NA,NA,0.44623632075913
NREP,17,0,0,0.386524944715176,NA,NA,NA,0.446923028412764
RAB9A,11,0,0,0.386509851119402,NA,NA,NA,0.446976298364321
GNPTG,9,0,0,0.386508484184662,NA,NA,NA,0.447044867354277
HSDL1,16,0,0,0.387183745113936,NA,NA,NA,0.447782492461141
DLG3,5,0,0,0.387183745113936,NA,NA,NA,0.447985305140714
PRICKLE1,7,0,0,0.387704053319704,NA,NA,NA,0.448288753811599
ASB3,3,0,0,0.388850163996963,NA,NA,NA,0.449546915095482
CCT6A,13,0,0,0.388850163996963,NA,NA,NA,0.449838467650094
NDUFS4,2,0,0,0.388850163996963,NA,NA,NA,0.4498552726056
AZI2,8,0,0,0.388850163996963,NA,NA,NA,0.450087980093923
ARHGAP26,5,0,0,0.38925468684585,NA,NA,NA,0.450729533448909
ZC3H6,6,0,0,0.38925468684585,NA,NA,NA,0.45074111079059
UBE3A,10,0,0,0.3909523718032,NA,NA,NA,0.452618549181444
COQ10A,2,0,0,0.390826220899829,NA,NA,NA,0.452802160411608
EIF5B,28,0,0,0.3909523718032,NA,NA,NA,0.45282459293508
UBTD2,16,0,0,0.391104813215231,NA,NA,NA,0.452945542971972
EDRF1,4,0,0,0.3909523718032,NA,NA,NA,0.45296044233106
FADS1,15,0,0,0.391104813215231,NA,NA,NA,0.453031259906061
TMEM192,14,0,0,0.390826220899829,NA,NA,NA,0.453122469302484
GTF2F2,9,0,0,0.391104813215231,NA,NA,NA,0.453141211537278
CCDC134,4,0,0,0.3909523718032,NA,NA,NA,0.45314391331626
HS3ST3B1,4,0,0,0.3909523718032,NA,NA,NA,0.453289086320082
TBL1XR1,21,0,0,0.391393298480412,NA,NA,NA,0.453328289892083
RNF146,9,0,0,0.391941094848524,NA,NA,NA,0.453864271077517
RABEPK,3,0,0,0.392234659065612,NA,NA,NA,0.454118441399998
NFE2L1,19,0,0,0.392410038403232,NA,NA,NA,0.454438781635568
HEXIM1,15,0,0,0.392410038403232,NA,NA,NA,0.454505542588687
ZNF552,15,0,0,0.393245051975496,NA,NA,NA,0.455063367749349
UBE2J2,5,0,0,0.39339154034243,NA,NA,NA,0.455084090336463
GATA6,9,0,0,0.393084581572365,NA,NA,NA,0.455114845694055
SWSAP1,7,0,0,0.393245051975496,NA,NA,NA,0.455306749236654
STRIP1,6,0,0,0.39339154034243,NA,NA,NA,0.455333226644279
ELOVL5,9,0,0,0.393245051975496,NA,NA,NA,0.455443954341527
BTF3L4,13,0,0,0.393245051975496,NA,NA,NA,0.45549454458831
G3BP1,22,0,0,0.393245051975496,NA,NA,NA,0.455803310299758
UBE2Q2,7,0,0,0.393245051975496,NA,NA,NA,0.455933854000033
TMEM33,24,0,0,0.393245051975496,NA,NA,NA,0.456018684198849
POLE4,2,0,0,0.396979646686522,NA,NA,NA,0.458980530941184
ZNF551,5,0,0,0.396982135016398,NA,NA,NA,0.459022004592312
NOL11,6,0,0,0.396982135016398,NA,NA,NA,0.459065772273803
LRRK1,5,0,0,0.396982135016398,NA,NA,NA,0.45923432400562
SLC19A2,6,0,0,0.396982135016398,NA,NA,NA,0.459399070626876
SLC3A2,6,0,0,0.398017980202006,NA,NA,NA,0.460391961878546
C2CD5,3,0,0,0.39913303804986,NA,NA,NA,0.462397785555144
SOCS1,3,0,0,0.39913303804986,NA,NA,NA,0.462428215695108
XBP1,11,0,0,0.39913303804986,NA,NA,NA,0.462572534204657
DYRK3,14,0,0,0.399349694479613,NA,NA,NA,0.462956210495849
TMEM127,20,0,0,0.399349694479613,NA,NA,NA,0.463115850013797
CYP2U1,3,0,0,0.399597778609077,NA,NA,NA,0.463136335155174
LURAP1L,5,0,0,0.399349694479613,NA,NA,NA,0.463234911553274
RAN,15,0,0,0.399584295986967,NA,NA,NA,0.463266013563244
GLT8D1,4,0,0,0.399597778609077,NA,NA,NA,0.46347363245375
ODF2,6,0,0,0.39976828889613,NA,NA,NA,0.463496213469044
ATP2B1,9,0,0,0.399584295986967,NA,NA,NA,0.463559404627441
POLG2,3,0,0,0.39976828889613,NA,NA,NA,0.463639235926685
ABTB1,3,0,0,0.399584295986967,NA,NA,NA,0.46370644821996
MLEC,9,0,0,0.400026280445809,NA,NA,NA,0.463709568390886
SOS1,6,0,0,0.39976828889613,NA,NA,NA,0.463969417317465
ITPRIPL2,15,0,0,0.400393360214709,NA,NA,NA,0.464043586311834
PPID,4,0,0,0.39976828889613,NA,NA,NA,0.464072586051498
SLC7A11,8,0,0,0.400561566165838,NA,NA,NA,0.46428791074797
MAPK6,8,0,0,0.39976828889613,NA,NA,NA,0.464302406454349
SRFBP1,15,0,0,0.40110187905307,NA,NA,NA,0.464876296862044
CDCA2,11,0,0,0.401051317884414,NA,NA,NA,0.464892634919338
DDX54,4,0,0,0.401335965034316,NA,NA,NA,0.465094597347046
TIFA,18,0,0,0.401335965034316,NA,NA,NA,0.46509769659168
RNASEH2C,5,0,0,0.402968658936442,NA,NA,NA,0.467310830411195
SRD5A1,11,0,0,0.402968658936442,NA,NA,NA,0.46738444514094
ARHGAP31,11,0,0,0.403233629085771,NA,NA,NA,0.467953822373931
FAM3C,10,0,0,0.403233629085771,NA,NA,NA,0.467969147264858
XYLB,4,0,0,0.403233629085771,NA,NA,NA,0.468023527238368
SEMA3A,16,0,0,0.403233629085771,NA,NA,NA,0.468171972111745
RNF145,5,0,0,0.403233629085771,NA,NA,NA,0.46817509529468
DLC1,4,0,0,0.403687852592589,NA,NA,NA,0.468528781777583
TGOLN2,20,0,0,0.403687852592589,NA,NA,NA,0.468686246569075
QSOX1,11,0,0,0.40470359682839,NA,NA,NA,0.469506743845957
FUT1,2,0,0,0.40470359682839,NA,NA,NA,0.469667334255123
PDGFA,7,0,0,0.40559631785073,NA,NA,NA,0.470686106797681
TARS2,3,0,0,0.40590442114533,NA,NA,NA,0.4709536423036
ZNF630,3,0,0,0.407309312180226,NA,NA,NA,0.471994549188125
LOC100996842,4,0,0,0.407102867801567,NA,NA,NA,0.472058883306353
DCAF13,13,0,0,0.406982519627223,NA,NA,NA,0.472072527584355
ETV1,10,0,0,0.407102867801567,NA,NA,NA,0.472155420684663
MTMR9,19,0,0,0.407309312180226,NA,NA,NA,0.472220364824118
GATC,16,0,0,0.407309312180226,NA,NA,NA,0.472222961278674
HDAC3,4,0,0,0.407581871034765,NA,NA,NA,0.472247104256116
FGFBP3,5,0,0,0.407581871034765,NA,NA,NA,0.472388618629355
TMEM107,13,0,0,0.407309312180226,NA,NA,NA,0.472560631448828
POLR3H,12,0,0,0.408314281334646,NA,NA,NA,0.472858019475002
TMEM154,14,0,0,0.408314281334646,NA,NA,NA,0.473154269056724
KCNQ3,5,0,0,0.408314281334646,NA,NA,NA,0.473171391493303
ATE1,6,0,0,0.408314281334646,NA,NA,NA,0.473365442407541
ARHGEF7,6,0,0,0.408314281334646,NA,NA,NA,0.473487353063672
TOGARAM1,2,0,0,0.409866309666253,NA,NA,NA,0.474564773409441
RAB38,4,0,0,0.410393617379095,NA,NA,NA,0.475346853125404
MEX3D,5,0,0,0.410394126147815,NA,NA,NA,0.475461427767026
NCBP3,15,0,0,0.411662421059067,NA,NA,NA,0.476874939881719
IQCK,6,0,0,0.411607182016872,NA,NA,NA,0.476973097744051
SPCS3,29,0,0,0.411607182016872,NA,NA,NA,0.477034327642316
ZNF772,6,0,0,0.411607182016872,NA,NA,NA,0.477084846724826
CLCN3,17,0,0,0.411662421059067,NA,NA,NA,0.477116792882976
CHN1,8,0,0,0.411662421059067,NA,NA,NA,0.477154332946234
SLC2A1,20,0,0,0.411607182016872,NA,NA,NA,0.477220088043425
ADCY7,6,0,0,0.412219945047855,NA,NA,NA,0.477416315595898
THAP9,4,0,0,0.413506299377407,NA,NA,NA,0.479024724854298
SLFN12,13,0,0,0.414679246898747,NA,NA,NA,0.480243737300228
ANKRD18A,4,0,0,0.414818902803554,NA,NA,NA,0.480323790767148
RNF20,15,0,0,0.415510883831912,NA,NA,NA,0.481012189808523
CXXC5,8,0,0,0.415636146628197,NA,NA,NA,0.481266917225089
MYNN,14,0,0,0.415595202973931,NA,NA,NA,0.481295742781826
SKP1,21,0,0,0.416185777567431,NA,NA,NA,0.481429882649758
RUFY1,4,0,0,0.415911823406717,NA,NA,NA,0.48149665303368
PRR5,3,0,0,0.416185777567431,NA,NA,NA,0.481556336059734
LATS1,5,0,0,0.416185777567431,NA,NA,NA,0.481588961428676
ALKBH3,8,0,0,0.416069819650364,NA,NA,NA,0.481596791020792
WDR44,6,0,0,0.416185777567431,NA,NA,NA,0.481801455351526
SIK2,15,0,0,0.41677518439058,NA,NA,NA,0.482268272134158
POSTN,2,0,0,0.417113044215043,NA,NA,NA,0.482492665607769
GALNT7,8,0,0,0.41731479400537,NA,NA,NA,0.482640970714435
WDR82,15,0,0,0.417113044215043,NA,NA,NA,0.482658125043891
TCEA1,5,0,0,0.418292325925205,NA,NA,NA,0.483568439250723
MIB1,13,0,0,0.418309986393371,NA,NA,NA,0.4836731314063
SH3GLB2,8,0,0,0.418292325925205,NA,NA,NA,0.483801063385005
IRX5,6,0,0,0.418686895773488,NA,NA,NA,0.48429535235304
TTC33,12,0,0,0.418686895773488,NA,NA,NA,0.484426795303717
PTPMT1,15,0,0,0.418663939755833,NA,NA,NA,0.484471441159476
ORAI2,10,0,0,0.418663939755833,NA,NA,NA,0.484722009217347
GDI2,16,0,0,0.418686895773488,NA,NA,NA,0.484747498728897
NUFIP2,28,0,0,0.418686895773488,NA,NA,NA,0.484786032588651
TBC1D2B,6,0,0,0.418663939755833,NA,NA,NA,0.484846763572525
LTBR,16,0,0,0.418686895773488,NA,NA,NA,0.484928103261849
GOLGA8A,7,0,0,0.418686895773488,NA,NA,NA,0.485001429956914
CPPED1,10,0,0,0.418686895773488,NA,NA,NA,0.485005321594358
ALG8,6,0,0,0.418686895773488,NA,NA,NA,0.485044926234496
WWP1,23,0,0,0.418686895773488,NA,NA,NA,0.485107078586371
SMNDC1,16,0,0,0.418686895773488,NA,NA,NA,0.485224982474017
PLA2G16,4,0,0,0.418686895773488,NA,NA,NA,0.485226948704557
KPNA3,9,0,0,0.418686895773488,NA,NA,NA,0.48526154727019
MCMBP,16,0,0,0.419866195502692,NA,NA,NA,0.485473071436757
POGZ,5,0,0,0.418686895773488,NA,NA,NA,0.485483371513065
XPR1,24,0,0,0.419864898401374,NA,NA,NA,0.48554508514184
IFT22,10,0,0,0.419888994842332,NA,NA,NA,0.486057330956787
GRPEL2,8,0,0,0.419888994842332,NA,NA,NA,0.486224421939333
ERBB3,4,0,0,0.420119675390797,NA,NA,NA,0.486241088829791
GPBP1,15,0,0,0.419888994842332,NA,NA,NA,0.486281996094268
PTGFRN,8,0,0,0.419888994842332,NA,NA,NA,0.486337789335749
SNX5,5,0,0,0.419888994842332,NA,NA,NA,0.486348915517046
UCK1,6,0,0,0.419888994842332,NA,NA,NA,0.486386951138883
MTF2,12,0,0,0.420119675390797,NA,NA,NA,0.486521257182464
PQBP1,2,0,0,0.420119675390797,NA,NA,NA,0.486558084927251
PTCH2,4,0,0,0.419888994842332,NA,NA,NA,0.48660635726978
SAR1B,8,0,0,0.420119675390797,NA,NA,NA,0.486637714946169
KRT80,2,0,0,0.421033012064485,NA,NA,NA,0.487135276114503
GEMIN4,12,0,0,0.42099716921378,NA,NA,NA,0.487169363291708
ZBTB8A,12,0,0,0.42099716921378,NA,NA,NA,0.487484790338988
NFYB,16,0,0,0.42099716921378,NA,NA,NA,0.487678521254847
SPRTN,16,0,0,0.42099716921378,NA,NA,NA,0.487794407254578
NOL10,10,0,0,0.421924532902222,NA,NA,NA,0.488078111543135
TLN2,8,0,0,0.421924532902222,NA,NA,NA,0.48837165719856
FBLIM1,3,0,0,0.421924532902222,NA,NA,NA,0.488431783096863
ZNF786,6,0,0,0.421924532902222,NA,NA,NA,0.488638797129928
SLC35B3,8,0,0,0.422387220173424,NA,NA,NA,0.488647248085295
OSGIN2,13,0,0,0.422387220173424,NA,NA,NA,0.488835219408583
PTBP3,11,0,0,0.422387220173424,NA,NA,NA,0.488848620199791
GNAZ,4,0,0,0.422387220173424,NA,NA,NA,0.489020587928987
CDKL1,14,0,0,0.422387220173424,NA,NA,NA,0.489060571947777
NGRN,13,0,0,0.422754154830624,NA,NA,NA,0.489062499655544
MPZL1,17,0,0,0.423096354712923,NA,NA,NA,0.489621436402753
TMCO3,6,0,0,0.423213979373209,NA,NA,NA,0.489676908436904
WDR77,22,0,0,0.423764468514636,NA,NA,NA,0.490207251092478
MORC3,11,0,0,0.423955369796698,NA,NA,NA,0.490599915788312
CPS1,8,0,0,0.424147381754209,NA,NA,NA,0.490809194911993
HYKK,4,0,0,0.424147381754209,NA,NA,NA,0.490912034995287
ZNF431,3,0,0,0.424244323468594,NA,NA,NA,0.490952380855128
ATAD5,11,0,0,0.425077391347164,NA,NA,NA,0.492049065243984
SRPK2,21,0,0,0.426817669422982,NA,NA,NA,0.49439862784427
GTPBP4,14,0,0,0.429169080427921,NA,NA,NA,0.497162238847097
MICALCL,4,0,0,0.429613479781223,NA,NA,NA,0.497532276272492
ZC4H2,8,0,0,0.429447217667797,NA,NA,NA,0.497575339959259
RHNO1,12,0,0,0.429578389951868,NA,NA,NA,0.497644033956871
UBE2S,9,0,0,0.429613479781223,NA,NA,NA,0.497741210171489
GPBP1L1,8,0,0,0.429447217667797,NA,NA,NA,0.497852096096432
FAM20B,20,0,0,0.430328529254974,NA,NA,NA,0.49801638098524
ANKRD13C,18,0,0,0.430328529254974,NA,NA,NA,0.498215811537765
PLS1,6,0,0,0.430328529254974,NA,NA,NA,0.498240813331071
C5orf38,2,0,0,0.430608373977341,NA,NA,NA,0.49824815822872
HP1BP3,15,0,0,0.430328529254974,NA,NA,NA,0.498308495864985
ICE1,4,0,0,0.431726506646425,NA,NA,NA,0.499299956973712
MME,31,0,0,0.431726506646425,NA,NA,NA,0.499464558791724
ACVR2B,7,0,0,0.431726506646425,NA,NA,NA,0.499688489528795
ZNF561,11,0,0,0.431726506646425,NA,NA,NA,0.499772787313418
RPS6KA5,8,0,0,0.432284371577859,NA,NA,NA,0.499891607620934
TMOD3,24,0,0,0.432284371577859,NA,NA,NA,0.500024451724374
LNPK,28,0,0,0.432582896298721,NA,NA,NA,0.500143461223122
B3GALT6,14,0,0,0.433274756501364,NA,NA,NA,0.500750677940872
WDR33,14,0,0,0.433274756501364,NA,NA,NA,0.501053422044431
HNRNPA2B1,40,0,0,0.434243352844725,NA,NA,NA,0.501758761347179
EPB41L2,5,0,0,0.434576425187896,NA,NA,NA,0.502538769548113
USP4,9,0,0,0.436858076449934,NA,NA,NA,0.505232637998191
SLC46A3,4,0,0,0.436639408449967,NA,NA,NA,0.505315320435524
VPS37A,21,0,0,0.436639408449967,NA,NA,NA,0.505341915942362
ABCC2,14,0,0,0.436858076449934,NA,NA,NA,0.505444593131273
TMEM175,5,0,0,0.436639408449967,NA,NA,NA,0.505477614972401
PREP,5,0,0,0.43684096676384,NA,NA,NA,0.505486547671461
TBL3,6,0,0,0.436858076449934,NA,NA,NA,0.505526245376554
HNRNPUL2,7,0,0,0.436858076449934,NA,NA,NA,0.505592838965695
COQ7,20,0,0,0.436858076449934,NA,NA,NA,0.505624787441589
PPIP5K2,10,0,0,0.436858076449934,NA,NA,NA,0.505759988214414
SMIM30,5,0,0,0.436858076449934,NA,NA,NA,0.505952639523393
UPF3B,6,0,0,0.437671520356935,NA,NA,NA,0.50604618521799
KIAA0586,9,0,0,0.437906463593067,NA,NA,NA,0.506740639934975
TTC37,15,0,0,0.440005881218246,NA,NA,NA,0.509064480400856
NUDT19,7,0,0,0.439960245082819,NA,NA,NA,0.509090860654094
ZNF701,8,0,0,0.439960245082819,NA,NA,NA,0.509310931649613
BMPR1B,4,0,0,0.441075051932545,NA,NA,NA,0.510261039697629
DSP,3,0,0,0.441071350480262,NA,NA,NA,0.510275707278599
ZFAND5,22,0,0,0.441075051932545,NA,NA,NA,0.510357012963215
TLK1,17,0,0,0.442770409803867,NA,NA,NA,0.512294035691055
CLCA2,6,0,0,0.442978483466723,NA,NA,NA,0.513140439174499
TRIM56,10,0,0,0.442978483466723,NA,NA,NA,0.513404729287245
ATP6V1G1,15,0,0,0.443487736173643,NA,NA,NA,0.513619985232075
STRN,22,0,0,0.443915215796207,NA,NA,NA,0.513932795365965
VDR,11,0,0,0.443896710077196,NA,NA,NA,0.51398975813156
MRPS28,5,0,0,0.444182910344334,NA,NA,NA,0.514148120828912
TGFB1,9,0,0,0.444482637072362,NA,NA,NA,0.514321344720747
FN1,14,0,0,0.444482637072362,NA,NA,NA,0.514414359924897
METTL4,5,0,0,0.444638245030514,NA,NA,NA,0.514797308499831
ERFE,2,0,0,0.444759692732946,NA,NA,NA,0.514906602607615
ARHGEF39,5,0,0,0.444759692732946,NA,NA,NA,0.515136579189505
KIAA0895,4,0,0,0.445649451171831,NA,NA,NA,0.515801019993851
EPRS,3,0,0,0.446090634958084,NA,NA,NA,0.516128158571434
BUB3,4,0,0,0.446090634958084,NA,NA,NA,0.516289061567263
STIMATE,6,0,0,0.446414585198587,NA,NA,NA,0.516918186581254
TRIM24,16,0,0,0.447040132843344,NA,NA,NA,0.517523640031766
SZT2,12,0,0,0.447144853940209,NA,NA,NA,0.51767146244124
MTHFR,5,0,0,0.447144853940209,NA,NA,NA,0.517797756109312
MEX3C,5,0,0,0.447144853940209,NA,NA,NA,0.517997010869789
F2RL1,8,0,0,0.447247577909411,NA,NA,NA,0.51820940437516
PRPF4,21,0,0,0.44739136518531,NA,NA,NA,0.518723002670909
C16orf52,6,0,0,0.44739136518531,NA,NA,NA,0.518849996224538
PIGP,9,0,0,0.447782259585001,NA,NA,NA,0.519072136337167
HIST1H2BJ,7,0,0,0.44824523240032,NA,NA,NA,0.519266220799254
GNAI2,6,0,0,0.448176005700319,NA,NA,NA,0.51934631291994
GLIPR1,17,0,0,0.44824523240032,NA,NA,NA,0.519426727845204
SCRN1,4,0,0,0.448176005700319,NA,NA,NA,0.519461894786472
FKBP15,8,0,0,0.451233461200543,NA,NA,NA,0.522412189495193
DBT,13,0,0,0.451205517949288,NA,NA,NA,0.52241834778483
IGFBP7,7,0,0,0.451233461200543,NA,NA,NA,0.522647985189719
EGR1,8,0,0,0.451233461200543,NA,NA,NA,0.523212433886542
MAPK9,11,0,0,0.451234218284734,NA,NA,NA,0.523417744153219
PAPSS1,3,0,0,0.452025934769432,NA,NA,NA,0.524124702523787
NEDD4L,17,0,0,0.452025934769432,NA,NA,NA,0.524330073434327
MFSD4A,5,0,0,0.452808043487201,NA,NA,NA,0.525332938289609
HSP90B1,14,0,0,0.452808043487201,NA,NA,NA,0.52549292825405
QKI,30,0,0,0.45316903100784,NA,NA,NA,0.52582479586962
FAM8A1,13,0,0,0.45316903100784,NA,NA,NA,0.52590091088094
METTL8,25,0,0,0.454541878233474,NA,NA,NA,0.527244382664263
DAZAP1,5,0,0,0.455240817189936,NA,NA,NA,0.527848287600146
FAM210B,12,0,0,0.455316458315993,NA,NA,NA,0.528069465166593
EFNA1,4,0,0,0.455240817189936,NA,NA,NA,0.528117237993007
COA7,8,0,0,0.455845777085721,NA,NA,NA,0.528605703258672
ZNF114,3,0,0,0.455948350983448,NA,NA,NA,0.528894330760273
EHF,10,0,0,0.456215820597006,NA,NA,NA,0.529044217042947
MCM3AP,8,0,0,0.455948350983448,NA,NA,NA,0.529070705338572
DNAJC10,25,0,0,0.45602259649323,NA,NA,NA,0.529072048075534
AAGAB,9,0,0,0.456215820597006,NA,NA,NA,0.529352633058007
SREK1IP1,16,0,0,0.456215820597006,NA,NA,NA,0.52952876796132
MMADHC,18,0,0,0.456905647437484,NA,NA,NA,0.529637487740929
RTL8B,9,0,0,0.457172049999059,NA,NA,NA,0.529848442817304
CBX8,3,0,0,0.456905647437484,NA,NA,NA,0.529878504943908
UBE4B,6,0,0,0.458108709339877,NA,NA,NA,0.531300719541344
ST14,3,0,0,0.458207125448396,NA,NA,NA,0.531514364896455
CLINT1,8,0,0,0.458428141373546,NA,NA,NA,0.531835357771036
MLLT11,5,0,0,0.458482423983207,NA,NA,NA,0.532292635696897
ACPP,2,0,0,0.458482423983207,NA,NA,NA,0.532508089053881
KNSTRN,15,0,0,0.459722951108793,NA,NA,NA,0.53385737821298
KCNQ5,5,0,0,0.459722951108793,NA,NA,NA,0.533954397130987
FAM193A,4,0,0,0.460646101462044,NA,NA,NA,0.534666547907027
NSUN6,7,0,0,0.460646101462044,NA,NA,NA,0.534696654338723
CORO1C,19,0,0,0.460646101462044,NA,NA,NA,0.534805679129536
FBXO9,6,0,0,0.460646101462044,NA,NA,NA,0.534946261714761
CD59,37,0,0,0.460646101462044,NA,NA,NA,0.535119485377808
UBA52,8,0,0,0.460646101462044,NA,NA,NA,0.535121066353499
AKAP13,8,0,0,0.460653157667521,NA,NA,NA,0.535165694813492
SCAMP2,3,0,0,0.460646101462044,NA,NA,NA,0.535217641158504
FAM208B,9,0,0,0.460983974161198,NA,NA,NA,0.535365353213949
STC1,7,0,0,0.461080558342997,NA,NA,NA,0.535390169024963
NADK2,13,0,0,0.460646101462044,NA,NA,NA,0.535518283239241
CLCN7,2,0,0,0.461319901663539,NA,NA,NA,0.535570628363285
SCAMP1,26,0,0,0.460983974161198,NA,NA,NA,0.53557704435245
ITGAV,17,0,0,0.463367395501754,NA,NA,NA,0.537998231015663
KNOP1,25,0,0,0.463360826825418,NA,NA,NA,0.538071868904005
CCNC,9,0,0,0.463360826825418,NA,NA,NA,0.538083327193181
SENP5,14,0,0,0.463572082605149,NA,NA,NA,0.538140458246309
ZNF700,4,0,0,0.463360826825418,NA,NA,NA,0.538269419155292
BAHD1,3,0,0,0.463360826825418,NA,NA,NA,0.538387622270928
SHOX2,8,0,0,0.463360826825418,NA,NA,NA,0.538451321277862
BCCIP,3,0,0,0.463360826825418,NA,NA,NA,0.538564934398603
HIST2H2AC,3,0,0,0.464868380088017,NA,NA,NA,0.540576513189286
MZT1,17,0,0,0.46482393083734,NA,NA,NA,0.540609647505016
MFAP5,10,0,0,0.464930697842064,NA,NA,NA,0.540626113296092
ZBTB24,10,0,0,0.464930697842064,NA,NA,NA,0.54073450055247
BCL11A,4,0,0,0.46482393083734,NA,NA,NA,0.540788077233798
TCHP,8,0,0,0.465248521676836,NA,NA,NA,0.541307072432165
PEX14,3,0,0,0.465248521676836,NA,NA,NA,0.541423603199567
MGEA5,8,0,0,0.46590089503056,NA,NA,NA,0.54230634356937
RPUSD4,7,0,0,0.466835923970976,NA,NA,NA,0.543357209962105
APOL6,8,0,0,0.466835923970976,NA,NA,NA,0.544091446369188
FAM136A,9,0,0,0.466835923970976,NA,NA,NA,0.544341324529539
CAV2,15,0,0,0.46700908475052,NA,NA,NA,0.544443886090944
MIPOL1,12,0,0,0.467072878508367,NA,NA,NA,0.545366484135412
PCOLCE2,3,0,0,0.467072878508367,NA,NA,NA,0.545665185751929
CFAP44,7,0,0,0.467072878508367,NA,NA,NA,0.545772382937128
TPST2,5,0,0,0.467072878508367,NA,NA,NA,0.545952399966918
LRRC1,18,0,0,0.467726624399002,NA,NA,NA,0.546083361605319
ZNF410,7,0,0,0.467072878508367,NA,NA,NA,0.54609104955767
RFC5,20,0,0,0.467726624399002,NA,NA,NA,0.546229277160787
ALG9,6,0,0,0.467726624399002,NA,NA,NA,0.546385374254377
SYNC,12,0,0,0.468043366439564,NA,NA,NA,0.546425266957421
ACOX3,20,0,0,0.469222291917712,NA,NA,NA,0.548646390486643
PRMT3,11,0,0,0.469222291917712,NA,NA,NA,0.548808627603293
PDF,16,0,0,0.469222291917712,NA,NA,NA,0.548937021228595
YAP1,12,0,0,0.469349483392067,NA,NA,NA,0.548996070447557
RUNDC1,18,0,0,0.469222291917712,NA,NA,NA,0.54903404945849
TTLL12,10,0,0,0.469222291917712,NA,NA,NA,0.549214362722777
TSPAN3,24,0,0,0.469222291917712,NA,NA,NA,0.549254978004317
MAP1LC3B,10,0,0,0.469222291917712,NA,NA,NA,0.54925643825714
COL4A1,13,0,0,0.469470524295492,NA,NA,NA,0.549663948746686
TRIM36,4,0,0,0.469553146066744,NA,NA,NA,0.549670056260244
PPM1B,6,0,0,0.469604824792653,NA,NA,NA,0.550299634957268
INTS9,3,0,0,0.469846228327872,NA,NA,NA,0.55039524689029
COMMD5,7,0,0,0.46983475001654,NA,NA,NA,0.550467104117354
MYH9,15,0,0,0.469604824792653,NA,NA,NA,0.550519933851189
ALDH3A2,15,0,0,0.469604824792653,NA,NA,NA,0.550607713607292
VPS54,8,0,0,0.469604824792653,NA,NA,NA,0.550615006550325
ZFYVE1,5,0,0,0.470167791710474,NA,NA,NA,0.550663094897383
KIF20B,4,0,0,0.469604824792653,NA,NA,NA,0.550746966299856
GRB2,10,0,0,0.469604824792653,NA,NA,NA,0.550829642456741
CDK8,3,0,0,0.469604824792653,NA,NA,NA,0.550841604468827
SLC7A5,6,0,0,0.469604824792653,NA,NA,NA,0.551135780037723
CAPN10,2,0,0,0.471107055595411,NA,NA,NA,0.552354144956747
ARF5,4,0,0,0.472204552864678,NA,NA,NA,0.553471781667171
ZNF253,10,0,0,0.47260278927272,NA,NA,NA,0.553567994515265
MCL1,18,0,0,0.472392286590048,NA,NA,NA,0.553592349106041
BTD,10,0,0,0.472600857860366,NA,NA,NA,0.553650764132402
PARM1,3,0,0,0.472600857860366,NA,NA,NA,0.553795019797559
LYRM2,15,0,0,0.472872522892514,NA,NA,NA,0.55427594468672
CTIF,9,0,0,0.473266355246318,NA,NA,NA,0.554622095123478
BORCS5,18,0,0,0.473491797530182,NA,NA,NA,0.555195812872329
TMX1,25,0,0,0.473824570354168,NA,NA,NA,0.555304488759953
CDKN1B,8,0,0,0.473824570354168,NA,NA,NA,0.555391464140114
ASPH,8,0,0,0.473491797530182,NA,NA,NA,0.555482545974625
SLC35A3,14,0,0,0.473824570354168,NA,NA,NA,0.555545763394182
APLN,3,0,0,0.474408099756071,NA,NA,NA,0.556354505230627
TPRKB,10,0,0,0.474647993391965,NA,NA,NA,0.556692406874917
SMG1,9,0,0,0.476023917794555,NA,NA,NA,0.5589467062413
FAM91A1,9,0,0,0.476816109735123,NA,NA,NA,0.559642153734469
PBRM1,13,0,0,0.476779049263018,NA,NA,NA,0.559687895590606
CELF1,10,0,0,0.477183563780192,NA,NA,NA,0.559785919161485
WDR43,9,0,0,0.477121538786675,NA,NA,NA,0.559804165725475
CC2D1B,10,0,0,0.477121538786675,NA,NA,NA,0.559895059453962
LCOR,17,0,0,0.47759037199288,NA,NA,NA,0.559973032091937
HNRNPU,44,0,0,0.477565565062226,NA,NA,NA,0.560031870511162
ERV3-1-ZNF117,16,0,0,0.477731178629645,NA,NA,NA,0.560041147014635
TMEM100,3,0,0,0.477506247067008,NA,NA,NA,0.560053015775088
CALU,23,0,0,0.477930016234474,NA,NA,NA,0.560172741993473
COMMD6,11,0,0,0.478545827139231,NA,NA,NA,0.561008054280961
TOR1AIP1,14,0,0,0.479215945639505,NA,NA,NA,0.561623022382863
BPHL,11,0,0,0.47914709927406,NA,NA,NA,0.561902753312387
HMGCR,18,0,0,0.479215945639505,NA,NA,NA,0.561923376055931
SIAH1,8,0,0,0.47914709927406,NA,NA,NA,0.562028068700456
PSMC3IP,3,0,0,0.479215945639505,NA,NA,NA,0.562149785133565
UBXN4,8,0,0,0.479215945639505,NA,NA,NA,0.5621899962477
H2AFV,8,0,0,0.479215945639505,NA,NA,NA,0.562257589119399
RBMXL1,8,0,0,0.47914709927406,NA,NA,NA,0.562280127529599
PPP2CA,24,0,0,0.479752638972543,NA,NA,NA,0.56228418930771
FUNDC2,18,0,0,0.479839975812395,NA,NA,NA,0.562293735635807
SPPL2A,11,0,0,0.479215945639505,NA,NA,NA,0.562302987244456
YIPF5,14,0,0,0.479752638972543,NA,NA,NA,0.562412781971566
RNF111,10,0,0,0.479215945639505,NA,NA,NA,0.562532805644765
PLXNB2,2,0,0,0.480559083497759,NA,NA,NA,0.562993206204678
CLMN,5,0,0,0.480762464726097,NA,NA,NA,0.563129381371113
TM9SF4,11,0,0,0.480784892328355,NA,NA,NA,0.563298415841752
METTL2A,7,0,0,0.481125552298193,NA,NA,NA,0.563778898761724
SLC10A7,9,0,0,0.481283187683937,NA,NA,NA,0.563932545994021
CARM1,4,0,0,0.481745471295196,NA,NA,NA,0.565118495930653
CCDC50,25,0,0,0.481768300668872,NA,NA,NA,0.565433153778856
VWA8,3,0,0,0.481768300668872,NA,NA,NA,0.565656441158904
HS3ST3A1,11,0,0,0.482684108453813,NA,NA,NA,0.56650648012028
CHAC2,9,0,0,0.482684108453813,NA,NA,NA,0.566665655079509
ABHD13,12,0,0,0.482964673249467,NA,NA,NA,0.566726260134294
CCDC126,3,0,0,0.483120010761954,NA,NA,NA,0.566809194600327
BET1L,6,0,0,0.483629318929847,NA,NA,NA,0.567278706774858
MED10,5,0,0,0.485058687627853,NA,NA,NA,0.56931615351844
NBR1,7,0,0,0.485058687627853,NA,NA,NA,0.569349570606496
SLC30A6,21,0,0,0.485335038676405,NA,NA,NA,0.569356392986608
RB1CC1,8,0,0,0.485058687627853,NA,NA,NA,0.569422880529595
RPS19BP1,3,0,0,0.485278294530696,NA,NA,NA,0.569468742550638
IMPAD1,30,0,0,0.485335038676405,NA,NA,NA,0.569531861360609
TCF4,18,0,0,0.48616425148187,NA,NA,NA,0.570665607654515
RPL13,32,0,0,0.486425590764061,NA,NA,NA,0.570924875232549
OAF,5,0,0,0.486425590764061,NA,NA,NA,0.571009708045186
IQCB1,6,0,0,0.486499976466301,NA,NA,NA,0.571090429383016
TAF11,8,0,0,0.486499976466301,NA,NA,NA,0.571186348246498
NAA38,3,0,0,0.486499976466301,NA,NA,NA,0.571287270169411
ZNF516,8,0,0,0.486499976466301,NA,NA,NA,0.571367814577569
VAMP8,4,0,0,0.486511338340575,NA,NA,NA,0.571376079412109
DIDO1,6,0,0,0.486499976466301,NA,NA,NA,0.571544782894199
CALB1,4,0,0,0.486499976466301,NA,NA,NA,0.571579816250684
RLIM,24,0,0,0.486793244875104,NA,NA,NA,0.571596475096231
PEX13,12,0,0,0.486511338340575,NA,NA,NA,0.571615463304559
TNS4,11,0,0,0.486499976466301,NA,NA,NA,0.57162609464546
ARFIP2,4,0,0,0.486511338340575,NA,NA,NA,0.57163694461096
PLGRKT,4,0,0,0.486499976466301,NA,NA,NA,0.571706214476312
HBEGF,4,0,0,0.487171133658444,NA,NA,NA,0.572408797699792
OXA1L,15,0,0,0.487731993977693,NA,NA,NA,0.573177214642347
RNF180,7,0,0,0.487967864373339,NA,NA,NA,0.573376373628538
SPATA2,4,0,0,0.488004221592315,NA,NA,NA,0.573542370901885
PSMD11,8,0,0,0.489207772243026,NA,NA,NA,0.575082922372785
C17orf58,2,0,0,0.489207772243026,NA,NA,NA,0.575087660840914
VCP,14,0,0,0.489129290952444,NA,NA,NA,0.575170302434412
NDUFAF4,5,0,0,0.489207772243026,NA,NA,NA,0.575172232651827
HSD17B11,5,0,0,0.489469363568261,NA,NA,NA,0.57589616970289
USP12,12,0,0,0.489928545866372,NA,NA,NA,0.576132650483413
RTN3,10,0,0,0.489888444336249,NA,NA,NA,0.576177160681498
SIRT5,10,0,0,0.489469363568261,NA,NA,NA,0.576183737350379
ABCC10,7,0,0,0.489469363568261,NA,NA,NA,0.576353657029172
LRP6,11,0,0,0.489888444336249,NA,NA,NA,0.576438944972233
MAL2,13,0,0,0.489469363568261,NA,NA,NA,0.576468292860434
PTGR2,11,0,0,0.490474108895092,NA,NA,NA,0.576882453472145
NUAK2,3,0,0,0.49072234567787,NA,NA,NA,0.576976669834413
RACK1,10,0,0,0.49072234567787,NA,NA,NA,0.577279881398118
HOOK1,10,0,0,0.491113309272737,NA,NA,NA,0.577445816427229
TCEAL8,8,0,0,0.491217565438579,NA,NA,NA,0.577499029440712
MEF2A,14,0,0,0.491113309272737,NA,NA,NA,0.577656701024888
UNKL,5,0,0,0.491113309272737,NA,NA,NA,0.577683042220028
PGM3,5,0,0,0.491113309272737,NA,NA,NA,0.577756530289369
ZNF654,10,0,0,0.491113309272737,NA,NA,NA,0.577810352338901
IL17RD,5,0,0,0.491658924303404,NA,NA,NA,0.578500582259385
PSMD12,15,0,0,0.491650682765861,NA,NA,NA,0.578580221809794
GPC1,5,0,0,0.492143386428416,NA,NA,NA,0.578852132324329
NOL9,7,0,0,0.4921042120368,NA,NA,NA,0.578897951038852
RMDN3,3,0,0,0.493181363533702,NA,NA,NA,0.580137245931999
SNRPA1,2,0,0,0.494360844921264,NA,NA,NA,0.581735438322708
RNF7,16,0,0,0.495975584662526,NA,NA,NA,0.58338873166439
ABHD17A,4,0,0,0.495975584662526,NA,NA,NA,0.583543105621632
ATP5S,18,0,0,0.495975584662526,NA,NA,NA,0.583632396577164
CENPO,9,0,0,0.49619656041875,NA,NA,NA,0.583678627300743
EPHB2,5,0,0,0.495975584662526,NA,NA,NA,0.583737541580928
SDCCAG3,5,0,0,0.495975584662526,NA,NA,NA,0.583990256190835
PNN,12,0,0,0.496423540322198,NA,NA,NA,0.584080624626197
PUS7,6,0,0,0.495975584662526,NA,NA,NA,0.584289662043405
DHX15,4,0,0,0.496766669604455,NA,NA,NA,0.584890391228167
ABHD6,5,0,0,0.496766669604455,NA,NA,NA,0.584990528752147
SUCLA2,15,0,0,0.496766669604455,NA,NA,NA,0.585360430200272
RMND5A,9,0,0,0.496873212407409,NA,NA,NA,0.58538678545061
PDS5A,19,0,0,0.496766669604455,NA,NA,NA,0.585431289558808
PANX1,12,0,0,0.496766669604455,NA,NA,NA,0.585702626758334
MNT,6,0,0,0.497372642182431,NA,NA,NA,0.585841687363609
COX19,16,0,0,0.496766669604455,NA,NA,NA,0.585914053872776
DEPDC1,14,0,0,0.497468854394503,NA,NA,NA,0.586079941021203
AGPAT5,10,0,0,0.498123541301844,NA,NA,NA,0.586961715949923
SH2D3A,5,0,0,0.498293532492838,NA,NA,NA,0.587056980421076
RIF1,21,0,0,0.499077874259144,NA,NA,NA,0.587821988445337
ATP6V1D,23,0,0,0.49982970404384,NA,NA,NA,0.588551137214588
CNTLN,3,0,0,0.500359324156568,NA,NA,NA,0.589037852375052
MGAT1,4,0,0,0.500989115115246,NA,NA,NA,0.589874347550725
TMED9,6,0,0,0.501474177807987,NA,NA,NA,0.590221694343248
CENPX,5,0,0,0.501474177807987,NA,NA,NA,0.590407575020965
EPB41L4A,3,0,0,0.503346038610638,NA,NA,NA,0.591806149100031
FEZ2,10,0,0,0.503346038610638,NA,NA,NA,0.592026773570093
PLPP6,9,0,0,0.503733678429309,NA,NA,NA,0.592208502571418
IRS2,8,0,0,0.503682947534818,NA,NA,NA,0.592232357348938
UXS1,7,0,0,0.503614049532765,NA,NA,NA,0.592247893406668
FAM118B,10,0,0,0.503346038610638,NA,NA,NA,0.592303415491706
RAPGEF5,6,0,0,0.503733678429309,NA,NA,NA,0.592347213273948
CDC42EP3,13,0,0,0.503346038610638,NA,NA,NA,0.592353202378221
NEXN,7,0,0,0.503346038610638,NA,NA,NA,0.592459932989219
CDC37,5,0,0,0.504042859552457,NA,NA,NA,0.59250252323637
DDX17,12,0,0,0.503965102282447,NA,NA,NA,0.592508351831176
IPMK,11,0,0,0.504720283353217,NA,NA,NA,0.593388323593754
COMT,6,0,0,0.504910880717269,NA,NA,NA,0.593504915008413
DCK,8,0,0,0.504910880717269,NA,NA,NA,0.593665883817128
TBCB,2,0,0,0.506322846321065,NA,NA,NA,0.595097346246827
UVRAG,6,0,0,0.506387472931858,NA,NA,NA,0.595317166704372
SART1,3,0,0,0.50641672289776,NA,NA,NA,0.595519674710173
PPP6R3,2,0,0,0.50641672289776,NA,NA,NA,0.595647564477311
C1orf43,6,0,0,0.506943174677763,NA,NA,NA,0.596186445087022
IKBKB,7,0,0,0.506850603649604,NA,NA,NA,0.596267886811782
SYAP1,23,0,0,0.506943174677763,NA,NA,NA,0.59631632239065
UQCC2,6,0,0,0.507298770312156,NA,NA,NA,0.596472685335
ATP11C,5,0,0,0.507222427967526,NA,NA,NA,0.596504128917041
CDCA4,10,0,0,0.507222427967526,NA,NA,NA,0.596514064690448
PSMC4,5,0,0,0.507222427967526,NA,NA,NA,0.596551531407898
GCOM1,13,0,0,0.507298770312156,NA,NA,NA,0.596644433037468
ZNF790,10,0,0,0.507298770312156,NA,NA,NA,0.596694820036846
GAB2,7,0,0,0.507222427967526,NA,NA,NA,0.596696628453559
HNRNPAB,10,0,0,0.507298770312156,NA,NA,NA,0.5967154023349
PTCHD4,8,0,0,0.507222427967526,NA,NA,NA,0.596913616603103
SLC25A32,29,0,0,0.508143019744898,NA,NA,NA,0.598252528207279
SPOP,6,0,0,0.50834245158502,NA,NA,NA,0.598377802523242
SPIN1,18,0,0,0.508752466019588,NA,NA,NA,0.598731686070081
PI4K2B,16,0,0,0.509805594109735,NA,NA,NA,0.598984710157516
RBM27,22,0,0,0.509805594109735,NA,NA,NA,0.599057887791378
NCR3LG1,9,0,0,0.509220630905948,NA,NA,NA,0.599148541291837
HINT3,10,0,0,0.509805594109735,NA,NA,NA,0.599149662818494
TRA2B,19,0,0,0.510111838313562,NA,NA,NA,0.599211276803327
FSBP,4,0,0,0.509625838047269,NA,NA,NA,0.59927930872285
NANOS1,9,0,0,0.509805594109735,NA,NA,NA,0.599333050268981
VPS35,10,0,0,0.510111838313562,NA,NA,NA,0.599406478834821
SNAP47,13,0,0,0.509805594109735,NA,NA,NA,0.599474960648667
PHEX,4,0,0,0.509805594109735,NA,NA,NA,0.599501576343521
RPL34,10,0,0,0.509625838047269,NA,NA,NA,0.59954570899536
GJA3,3,0,0,0.510111838313562,NA,NA,NA,0.599557488380095
HERC1,2,0,0,0.509805594109735,NA,NA,NA,0.599566612340685
EIF2S2,5,0,0,0.509805594109735,NA,NA,NA,0.599597431335616
COL4A3BP,11,0,0,0.510111838313562,NA,NA,NA,0.599622934867635
INF2,10,0,0,0.510088467565042,NA,NA,NA,0.599626695117131
NFE2L2,19,0,0,0.510111838313562,NA,NA,NA,0.599661773896896
USP46,15,0,0,0.509805594109735,NA,NA,NA,0.59970399242235
BTAF1,14,0,0,0.510111838313562,NA,NA,NA,0.599764439380694
PPP1R3D,5,0,0,0.509625838047269,NA,NA,NA,0.599778457686311
ZNF383,8,0,0,0.509805594109735,NA,NA,NA,0.599839794887954
HIVEP2,6,0,0,0.509625838047269,NA,NA,NA,0.600063414220388
GPATCH1,6,0,0,0.509625838047269,NA,NA,NA,0.600202790281844
SHANK3,2,0,0,0.509625838047269,NA,NA,NA,0.600375886687911
CCT5,8,0,0,0.511028424027822,NA,NA,NA,0.600836687700281
HSPE1-MOB4,11,0,0,0.511009421936462,NA,NA,NA,0.600853212547126
ASH2L,12,0,0,0.511028424027822,NA,NA,NA,0.600895387822067
SMAD2,39,0,0,0.511009421936462,NA,NA,NA,0.600965264248319
RNF2,11,0,0,0.511009421936462,NA,NA,NA,0.60097127170791
OTUD7B,18,0,0,0.511028424027822,NA,NA,NA,0.601047121522495
CLDN7,10,0,0,0.511669594480361,NA,NA,NA,0.602106532898773
LAMC2,9,0,0,0.511669594480361,NA,NA,NA,0.602119564414971
RAB8B,6,0,0,0.512519437794423,NA,NA,NA,0.602171157087451
GLE1,7,0,0,0.512344528653686,NA,NA,NA,0.602344208241646
HADHB,5,0,0,0.511669594480361,NA,NA,NA,0.602344438710478
BICRAL,5,0,0,0.512519437794423,NA,NA,NA,0.602359919794172
DOCK4,7,0,0,0.512519437794423,NA,NA,NA,0.60245557211755
BID,15,0,0,0.511999153970919,NA,NA,NA,0.602515790648575
SYNJ2BP,10,0,0,0.512566989278739,NA,NA,NA,0.602558993964694
SDF2,3,0,0,0.511964396506638,NA,NA,NA,0.602569297426487
FDFT1,20,0,0,0.512566989278739,NA,NA,NA,0.60258050033777
TTC39C,10,0,0,0.511669594480361,NA,NA,NA,0.602647476028609
ACTR10,9,0,0,0.512344528653686,NA,NA,NA,0.602660673217237
PTCD2,20,0,0,0.512566989278739,NA,NA,NA,0.602707666232801
GYS1,7,0,0,0.512519437794423,NA,NA,NA,0.602715368991523
FOXN2,7,0,0,0.512344528653686,NA,NA,NA,0.602724774521154
MAPK8,14,0,0,0.512285673268403,NA,NA,NA,0.602734979805206
NEK7,11,0,0,0.512344528653686,NA,NA,NA,0.602796013966565
AMOTL1,11,0,0,0.512344528653686,NA,NA,NA,0.603038759223834
FAM241A,11,0,0,0.513010465956757,NA,NA,NA,0.603180901554442
GALNT6,3,0,0,0.51322127958665,NA,NA,NA,0.603318193999051
PARD6B,7,0,0,0.513337348874395,NA,NA,NA,0.603353069201086
GNA11,6,0,0,0.513010465956757,NA,NA,NA,0.603381748520477
ST3GAL2,12,0,0,0.513628316542137,NA,NA,NA,0.604093309145572
OSBPL8,20,0,0,0.513628316542137,NA,NA,NA,0.604176221222794
SUB1,14,0,0,0.513628316542137,NA,NA,NA,0.604352870821568
CTSB,14,0,0,0.513628316542137,NA,NA,NA,0.604371160281083
RAPH1,18,0,0,0.513628316542137,NA,NA,NA,0.604566621909087
RINT1,9,0,0,0.513941720795716,NA,NA,NA,0.604622537708895
DBNL,24,0,0,0.514730795892249,NA,NA,NA,0.605409232771057
PYURF,5,0,0,0.514730795892249,NA,NA,NA,0.60562432130524
FBN1,10,0,0,0.514730795892249,NA,NA,NA,0.605749308891933
RABGEF1,14,0,0,0.514730795892249,NA,NA,NA,0.605762239493807
RYR2,6,0,0,0.514730795892249,NA,NA,NA,0.605857590854463
PMPCB,17,0,0,0.514730795892249,NA,NA,NA,0.605869446334338
NCOA3,9,0,0,0.514730795892249,NA,NA,NA,0.606074094248337
SERINC3,7,0,0,0.514730795892249,NA,NA,NA,0.606142698031226
CD164,6,0,0,0.514730795892249,NA,NA,NA,0.60614548887087
ZNF263,3,0,0,0.514730795892249,NA,NA,NA,0.606166180174269
PAQR4,4,0,0,0.514730795892249,NA,NA,NA,0.606171935912505
LAMA3,14,0,0,0.514730795892249,NA,NA,NA,0.606309360901983
CANT1,8,0,0,0.514730795892249,NA,NA,NA,0.606404457727488
RPS12,5,0,0,0.514730795892249,NA,NA,NA,0.606445883133683
RNF103-CHMP3,11,0,0,0.514730795892249,NA,NA,NA,0.606462800166507
APH1A,8,0,0,0.514730795892249,NA,NA,NA,0.60663792341625
BBS10,7,0,0,0.515948589774189,NA,NA,NA,0.607552361503083
DYRK4,4,0,0,0.516584717703585,NA,NA,NA,0.608107348040642
SLIT3,7,0,0,0.516584717703585,NA,NA,NA,0.608324154133996
FGF2,9,0,0,0.516921295142409,NA,NA,NA,0.608426371529438
POLE,4,0,0,0.516921295142409,NA,NA,NA,0.608453533069
VSNL1,9,0,0,0.516584717703585,NA,NA,NA,0.608497038029728
ABI1,13,0,0,0.517349179426548,NA,NA,NA,0.608524383075705
NOP10,5,0,0,0.516584717703585,NA,NA,NA,0.608527594135631
COL4A5,9,0,0,0.517138952043467,NA,NA,NA,0.60857030831189
VMP1,14,0,0,0.516921295142409,NA,NA,NA,0.608587731228597
ELOVL1,2,0,0,0.516584717703585,NA,NA,NA,0.608640288832594
WDR83,3,0,0,0.516584717703585,NA,NA,NA,0.608812228377984
MINDY4,3,0,0,0.517349179426548,NA,NA,NA,0.608833791760971
FGD1,3,0,0,0.516584717703585,NA,NA,NA,0.608845119453129
ISOC1,8,0,0,0.516584717703585,NA,NA,NA,0.608861592302665
CAPZA1,8,0,0,0.516584717703585,NA,NA,NA,0.608869009925042
SQSTM1,11,0,0,0.517349179426548,NA,NA,NA,0.609067259391844
NXPE3,9,0,0,0.518708739582117,NA,NA,NA,0.610037213777329
CDKN1A,9,0,0,0.518708739582117,NA,NA,NA,0.610280917027548
PRELID3B,11,0,0,0.519007836788433,NA,NA,NA,0.610644505105502
PIGX,8,0,0,0.51920091936151,NA,NA,NA,0.611070815342942
RNF19B,9,0,0,0.519854993926422,NA,NA,NA,0.612141744110267
CHRNA5,11,0,0,0.52000757383155,NA,NA,NA,0.612214667500479
RPL32,11,0,0,0.521380638316436,NA,NA,NA,0.613603808245409
ATP5A1,7,0,0,0.522376302989365,NA,NA,NA,0.614585140159917
ZNF12,5,0,0,0.522387016536233,NA,NA,NA,0.615004868207851
RNGTT,9,0,0,0.522387016536233,NA,NA,NA,0.615051766321576
EVC,23,0,0,0.522387016536233,NA,NA,NA,0.615130851469412
PVR,5,0,0,0.522387016536233,NA,NA,NA,0.615233111888463
TMEM30A,31,0,0,0.522705921221729,NA,NA,NA,0.615381664974456
LIG3,14,0,0,0.522718248094398,NA,NA,NA,0.615489465312512
RTKN,7,0,0,0.522705921221729,NA,NA,NA,0.615634753098358
ORC2,13,0,0,0.522705921221729,NA,NA,NA,0.615719027143629
ANXA7,7,0,0,0.523055049308784,NA,NA,NA,0.615760363408888
UBE3C,13,0,0,0.522508738214162,NA,NA,NA,0.615773991941829
TROVE2,3,0,0,0.522645984058714,NA,NA,NA,0.615829602423602
DR1,27,0,0,0.522705921221729,NA,NA,NA,0.615832856236022
CRIPT,19,0,0,0.522705921221729,NA,NA,NA,0.615862156702924
EIF4G1,6,0,0,0.522508738214162,NA,NA,NA,0.615887195122271
GOLPH3,6,0,0,0.523519163746065,NA,NA,NA,0.61593982763298
EARS2,13,0,0,0.522705921221729,NA,NA,NA,0.615953962487429
MED9,5,0,0,0.523519163746065,NA,NA,NA,0.616203223793936
HNRNPD,13,0,0,0.523519163746065,NA,NA,NA,0.616344665572688
SEL1L,15,0,0,0.523519163746065,NA,NA,NA,0.616389217031342
MRPL47,14,0,0,0.523736411398665,NA,NA,NA,0.617158275707448
UBE2V2,24,0,0,0.523736411398665,NA,NA,NA,0.617184175522874
ABRAXAS1,8,0,0,0.523736411398665,NA,NA,NA,0.617414582245343
ANKRD40,10,0,0,0.523736411398665,NA,NA,NA,0.617418805822418
C12orf49,25,0,0,0.523736411398665,NA,NA,NA,0.61743168030601
DENR,28,0,0,0.524379937452111,NA,NA,NA,0.617667061189008
RNASEH2A,4,0,0,0.523736411398665,NA,NA,NA,0.617702976724712
NAGA,10,0,0,0.524379937452111,NA,NA,NA,0.617797640502141
ACTR8,23,0,0,0.525917558258622,NA,NA,NA,0.61890228068482
ZNF609,8,0,0,0.525575548386845,NA,NA,NA,0.618995694049474
ACTR3B,4,0,0,0.525917558258622,NA,NA,NA,0.619179401112077
TSNAXIP1,2,0,0,0.525881481521639,NA,NA,NA,0.619232565086755
GALT,4,0,0,0.525575548386845,NA,NA,NA,0.619282583641114
CTNND1,14,0,0,0.525917558258622,NA,NA,NA,0.619366376987494
FZD6,5,0,0,0.525917558258622,NA,NA,NA,0.619609076266143
CAMSAP2,13,0,0,0.526449357590484,NA,NA,NA,0.619644870265033
ARPIN,9,0,0,0.526449357590484,NA,NA,NA,0.619648256290433
CLEC16A,5,0,0,0.526449357590484,NA,NA,NA,0.619867234320432
TTC7B,4,0,0,0.526905415211567,NA,NA,NA,0.620046356575599
BCL7B,2,0,0,0.527122505284728,NA,NA,NA,0.620187461662697
UBASH3B,8,0,0,0.527367354172412,NA,NA,NA,0.620398995021118
GPN2,5,0,0,0.5273036416468,NA,NA,NA,0.620422733713931
CCNH,24,0,0,0.527964267115816,NA,NA,NA,0.620568832359552
SH3D19,18,0,0,0.5273036416468,NA,NA,NA,0.620600407589352
FARSB,9,0,0,0.528099653343207,NA,NA,NA,0.620622343370596
PLPBP,2,0,0,0.52774982883598,NA,NA,NA,0.62071770716604
PGM2,23,0,0,0.527964267115816,NA,NA,NA,0.620824140548989
TRAF4,4,0,0,0.527964267115816,NA,NA,NA,0.621025507402391
ZC3H12C,15,0,0,0.527964267115816,NA,NA,NA,0.621119610232756
CRBN,17,0,0,0.527964267115816,NA,NA,NA,0.621172055457441
PIGZ,3,0,0,0.527964267115816,NA,NA,NA,0.621192380432732
NMT2,13,0,0,0.528188212484255,NA,NA,NA,0.621243578343827
USP38,20,0,0,0.527964267115816,NA,NA,NA,0.621280749670354
DNAJA1,13,0,0,0.527964267115816,NA,NA,NA,0.621361753729142
MSANTD3,6,0,0,0.528188212484255,NA,NA,NA,0.621369047406204
MTMR2,15,0,0,0.528188212484255,NA,NA,NA,0.62139952087988
SLC7A6,12,0,0,0.527964267115816,NA,NA,NA,0.621469144010064
RRP8,13,0,0,0.528188212484255,NA,NA,NA,0.621620791145371
EIF2B3,9,0,0,0.528381887654949,NA,NA,NA,0.621747612176368
L3HYPDH,10,0,0,0.528464487623851,NA,NA,NA,0.622025023215815
CYR61,4,0,0,0.528505281794214,NA,NA,NA,0.622329811554622
BCORL1,9,0,0,0.528505281794214,NA,NA,NA,0.622379181149394
CSTF2T,12,0,0,0.530261293752578,NA,NA,NA,0.622507045381641
ARID3A,11,0,0,0.528804854811855,NA,NA,NA,0.622559232457359
NAPG,11,0,0,0.530261293752578,NA,NA,NA,0.622692684782445
SENP1,18,0,0,0.530261293752578,NA,NA,NA,0.622747247256729
TMEM64,11,0,0,0.530261293752578,NA,NA,NA,0.622940879338334
ZPR1,11,0,0,0.529462110876812,NA,NA,NA,0.622987984313716
EIF2A,12,0,0,0.529342247505918,NA,NA,NA,0.623043876043953
ACSF2,4,0,0,0.530261293752578,NA,NA,NA,0.623118910229379
ACADSB,13,0,0,0.530153709932793,NA,NA,NA,0.623177370909587
VEGFC,11,0,0,0.529462110876812,NA,NA,NA,0.623233874030215
CHCHD7,9,0,0,0.530261293752578,NA,NA,NA,0.623240463078709
ZHX2,2,0,0,0.530261293752578,NA,NA,NA,0.623247116838553
ZFYVE21,4,0,0,0.530261293752578,NA,NA,NA,0.623288967520428
NANP,10,0,0,0.530103073798203,NA,NA,NA,0.623306985064947
CMTM3,9,0,0,0.530153709932793,NA,NA,NA,0.623316223330797
UBL5,5,0,0,0.530261293752578,NA,NA,NA,0.623318161560085
TPCN2,14,0,0,0.530261293752578,NA,NA,NA,0.623376488135382
GCNT1,10,0,0,0.530261293752578,NA,NA,NA,0.62342692110043
VCAN,8,0,0,0.530103073798203,NA,NA,NA,0.623456456306972
AP1AR,7,0,0,0.531226177434105,NA,NA,NA,0.623457098216266
FAF1,8,0,0,0.530103073798203,NA,NA,NA,0.623565014929667
SMARCD1,8,0,0,0.530103073798203,NA,NA,NA,0.623596215669473
NCBP1,24,0,0,0.531226177434105,NA,NA,NA,0.623797702233803
PCSK7,2,0,0,0.531660693554773,NA,NA,NA,0.62447980448252
MAN1A2,15,0,0,0.531720071455839,NA,NA,NA,0.624675401224486
TCAIM,3,0,0,0.531720071455839,NA,NA,NA,0.624694682124381
UGGT1,21,0,0,0.532470115618097,NA,NA,NA,0.625864235562872
GTF3C2,9,0,0,0.532874043353838,NA,NA,NA,0.626204411094005
LPAR5,5,0,0,0.533213249683135,NA,NA,NA,0.626511528258306
BAZ2A,8,0,0,0.533105940389663,NA,NA,NA,0.62658085262257
GRK2,5,0,0,0.533213249683135,NA,NA,NA,0.626664582252028
KAT7,15,0,0,0.533552729080552,NA,NA,NA,0.626782550295191
GNAI3,26,0,0,0.535488565533206,NA,NA,NA,0.62857483964172
TMEM14B,4,0,0,0.535447974799626,NA,NA,NA,0.628623650109278
FOXO3,9,0,0,0.535374347078105,NA,NA,NA,0.628637227629377
C1orf21,15,0,0,0.536213581874514,NA,NA,NA,0.628824228163052
GPD2,8,0,0,0.535649487202885,NA,NA,NA,0.628874922213209
FITM2,9,0,0,0.536561674909119,NA,NA,NA,0.628944975211293
C11orf95,4,0,0,0.536423936540398,NA,NA,NA,0.62898126913018
SLITRK4,6,0,0,0.535804372822064,NA,NA,NA,0.628983989383486
RPL11,6,0,0,0.536561674909119,NA,NA,NA,0.629039308564145
CA13,7,0,0,0.536213581874514,NA,NA,NA,0.629040905912758
MSTO1,6,0,0,0.536213581874514,NA,NA,NA,0.629076381777648
TPX2,12,0,0,0.536423936540398,NA,NA,NA,0.629079855945357
PLEKHA5,3,0,0,0.535804372822064,NA,NA,NA,0.629183500959477
WHAMM,4,0,0,0.535937215913101,NA,NA,NA,0.629253627026143
ATP5E,23,0,0,0.535804372822064,NA,NA,NA,0.629273243589304
ATP9B,8,0,0,0.536213581874514,NA,NA,NA,0.629290948471905
CTDNEP1,9,0,0,0.536749974741564,NA,NA,NA,0.629449508567635
PBDC1,16,0,0,0.536213581874514,NA,NA,NA,0.629467209919435
NDUFAF3,16,0,0,0.536213581874514,NA,NA,NA,0.629581534650707
RAP2A,16,0,0,0.536213581874514,NA,NA,NA,0.629588293890519
ESRP1,4,0,0,0.536749974741564,NA,NA,NA,0.629599853846116
SRRD,16,0,0,0.536213581874514,NA,NA,NA,0.6298591819289
ADAM19,3,0,0,0.536749974741564,NA,NA,NA,0.629864084686453
FAM118A,9,0,0,0.537329189820066,NA,NA,NA,0.630051410479304
MBD3,4,0,0,0.536213581874514,NA,NA,NA,0.630073512222044
CCS,7,0,0,0.538394731836817,NA,NA,NA,0.631221004649926
MAP3K13,5,0,0,0.538394731836817,NA,NA,NA,0.631250246102582
CHST2,5,0,0,0.538511643570459,NA,NA,NA,0.631448329854458
PSMA2,9,0,0,0.538511643570459,NA,NA,NA,0.63149735798298
SLC25A39,4,0,0,0.538511643570459,NA,NA,NA,0.631557112129276
HIGD1A,13,0,0,0.538511643570459,NA,NA,NA,0.631598176590566
ANKEF1,12,0,0,0.538511643570459,NA,NA,NA,0.631686181188308
DLX2,4,0,0,0.538511643570459,NA,NA,NA,0.631736580854126
APBB2,19,0,0,0.53935451176057,NA,NA,NA,0.632722390532386
EHD2,7,0,0,0.53935451176057,NA,NA,NA,0.632813542708376
FBXO5,5,0,0,0.53935451176057,NA,NA,NA,0.632882383334373
SNRNP27,21,0,0,0.540472982457767,NA,NA,NA,0.633836556294247
CREB1,19,0,0,0.540472982457767,NA,NA,NA,0.633882008798425
RAB22A,8,0,0,0.541004623560817,NA,NA,NA,0.634637104317498
STOML1,3,0,0,0.542169618251647,NA,NA,NA,0.636045570140082
PLXNA2,5,0,0,0.542169618251647,NA,NA,NA,0.636306575406377
ZNF749,15,0,0,0.542169618251647,NA,NA,NA,0.63634754962004
CSE1L,11,0,0,0.542470617462048,NA,NA,NA,0.636418352863384
NDUFAF7,7,0,0,0.542169618251647,NA,NA,NA,0.636468602135865
DYRK1A,19,0,0,0.542169618251647,NA,NA,NA,0.636495365020603
POLG,9,0,0,0.542169618251647,NA,NA,NA,0.636668297816781
TBK1,4,0,0,0.54407861939502,NA,NA,NA,0.638346279135557
THOC1,5,0,0,0.543975747407418,NA,NA,NA,0.638360922156121
DCTN5,17,0,0,0.54407861939502,NA,NA,NA,0.638380823251647
ARSB,6,0,0,0.54407861939502,NA,NA,NA,0.638506463429701
DHX40,9,0,0,0.54407861939502,NA,NA,NA,0.638633043026524
SKA2,22,0,0,0.54407861939502,NA,NA,NA,0.638662146497248
AHCY,16,0,0,0.54407861939502,NA,NA,NA,0.638738616909667
CSDE1,9,0,0,0.545462467349165,NA,NA,NA,0.639011924300433
ZNF740,12,0,0,0.545552788002521,NA,NA,NA,0.639015223997647
CINP,13,0,0,0.545446921996224,NA,NA,NA,0.639242466649745
ZNF134,3,0,0,0.545462467349165,NA,NA,NA,0.639280627299733
PXDN,10,0,0,0.545324675044413,NA,NA,NA,0.639298359364367
ETV6,5,0,0,0.545437322723301,NA,NA,NA,0.639325082955646
RPS28,4,0,0,0.545462467349165,NA,NA,NA,0.639364106722088
CDK1,20,0,0,0.545702046061779,NA,NA,NA,0.639419838077285
CLMP,20,0,0,0.545462467349165,NA,NA,NA,0.639463135260297
POLDIP2,18,0,0,0.545324675044413,NA,NA,NA,0.639484112373202
PIGM,19,0,0,0.545462467349165,NA,NA,NA,0.639536314362449
CLASP1,11,0,0,0.545926349246241,NA,NA,NA,0.639565150667299
DUS4L,6,0,0,0.545702046061779,NA,NA,NA,0.639623406401205
LRRC59,11,0,0,0.545324675044413,NA,NA,NA,0.639728486576946
UGT8,8,0,0,0.545324675044413,NA,NA,NA,0.639735566767615
BAZ1B,5,0,0,0.546664460975543,NA,NA,NA,0.640470714576658
RAB36,5,0,0,0.54726906046253,NA,NA,NA,0.64123454623491
TMEM41A,7,0,0,0.547547719365024,NA,NA,NA,0.641652682534374
FAM199X,13,0,0,0.548311828191393,NA,NA,NA,0.64236955737173
TFDP2,13,0,0,0.548633959838352,NA,NA,NA,0.642617807294116
TMEM120A,4,0,0,0.548711435955623,NA,NA,NA,0.642944921105641
KLHDC10,8,0,0,0.548935179203657,NA,NA,NA,0.643088826012423
MARCKSL1,3,0,0,0.548711435955623,NA,NA,NA,0.64315622974788
F2R,6,0,0,0.549224646464257,NA,NA,NA,0.643331412213588
PAWR,21,0,0,0.54937120441662,NA,NA,NA,0.643393536063491
PPP4R3A,11,0,0,0.549224646464257,NA,NA,NA,0.643473568128814
SRA1,18,0,0,0.549224646464257,NA,NA,NA,0.643531641451857
HDAC11,4,0,0,0.549813317937775,NA,NA,NA,0.644091865696386
TKT,8,0,0,0.550048002397335,NA,NA,NA,0.644258324760986
HS1BP3,3,0,0,0.550048002397335,NA,NA,NA,0.644332488921209
TMEM129,2,0,0,0.550048002397335,NA,NA,NA,0.644423430014389
CAP2,3,0,0,0.550048002397335,NA,NA,NA,0.644457258594761
CRCP,17,0,0,0.550048002397335,NA,NA,NA,0.644485087628876
FZD8,11,0,0,0.550048002397335,NA,NA,NA,0.644615155397215
TSPAN14,16,0,0,0.550048002397335,NA,NA,NA,0.644671308907034
SNX4,3,0,0,0.550048002397335,NA,NA,NA,0.644702419344228
BAG4,6,0,0,0.550497557798985,NA,NA,NA,0.644756063623644
TOMM5,11,0,0,0.550497557798985,NA,NA,NA,0.644899746038137
ZNF565,4,0,0,0.550497557798985,NA,NA,NA,0.644953807867083
DNAAF2,5,0,0,0.550890352286315,NA,NA,NA,0.645506347332057
PDCD6IP,8,0,0,0.554124456389718,NA,NA,NA,0.648832825595749
SDHAF4,8,0,0,0.554578047016502,NA,NA,NA,0.649553828405228
PTPN4,23,0,0,0.554542791773808,NA,NA,NA,0.649561313275757
THOC5,7,0,0,0.554609357117172,NA,NA,NA,0.649697861691035
RPL37,14,0,0,0.554752855604564,NA,NA,NA,0.649902648517902
ZNF304,2,0,0,0.554752855604564,NA,NA,NA,0.649958465070441
PSPC1,4,0,0,0.554752855604564,NA,NA,NA,0.650006211070966
RAD51AP1,8,0,0,0.554752855604564,NA,NA,NA,0.650237129680099
NAIF1,3,0,0,0.554752855604564,NA,NA,NA,0.650271604121159
ENAH,35,0,0,0.554752855604564,NA,NA,NA,0.650290066706246
REXO4,7,0,0,0.555114139310409,NA,NA,NA,0.650395900643567
IPO7,23,0,0,0.554752855604564,NA,NA,NA,0.650434386244183
TMEM167A,24,0,0,0.554916331421843,NA,NA,NA,0.650469123800083
HSP90AB1,5,0,0,0.554752855604564,NA,NA,NA,0.650555565136781
RBMS2,26,0,0,0.555114139310409,NA,NA,NA,0.650596672662179
ZBTB10,17,0,0,0.555114139310409,NA,NA,NA,0.650672856693057
ADSS,12,0,0,0.555790216136819,NA,NA,NA,0.651015911304753
SENP6,14,0,0,0.555909844376213,NA,NA,NA,0.651048194490874
CPLX1,2,0,0,0.556852877960002,NA,NA,NA,0.651761373907636
RPL27A,22,0,0,0.556852877960002,NA,NA,NA,0.651978690935387
DNAJA2,12,0,0,0.556852877960002,NA,NA,NA,0.652007748876961
MGA,17,0,0,0.557309842801997,NA,NA,NA,0.65214931445073
HMMR,5,0,0,0.558001047351396,NA,NA,NA,0.652715168471979
CCNT1,7,0,0,0.557832447811783,NA,NA,NA,0.652819513596014
PXK,5,0,0,0.558001047351396,NA,NA,NA,0.6528249328341
GNG2,4,0,0,0.558001047351396,NA,NA,NA,0.653109868139096
PIP5K1A,3,0,0,0.558441314692015,NA,NA,NA,0.653298021730406
IRF2BP2,19,0,0,0.55875920452182,NA,NA,NA,0.653563637472578
NFIB,17,0,0,0.558746059103326,NA,NA,NA,0.653592766535525
COG5,25,0,0,0.558746059103326,NA,NA,NA,0.653837990835366
ANGPT1,3,0,0,0.559121948501242,NA,NA,NA,0.653855152768616
GNS,8,0,0,0.559121948501242,NA,NA,NA,0.654058182346661
HIST1H4H,8,0,0,0.559315396830285,NA,NA,NA,0.654079884160817
CHRAC1,7,0,0,0.559410487931828,NA,NA,NA,0.654129152284116
HTD2,21,0,0,0.559516097029242,NA,NA,NA,0.654484834188689
CENPBD1,6,0,0,0.559516097029242,NA,NA,NA,0.654733585641353
TTC17,3,0,0,0.560360705829213,NA,NA,NA,0.6558950550717
PIK3CB,13,0,0,0.561315152877885,NA,NA,NA,0.657625522139202
EHBP1L1,4,0,0,0.561601504562735,NA,NA,NA,0.657832187326286
ZNF224,11,0,0,0.561816422081645,NA,NA,NA,0.657963551093252
RFX7,9,0,0,0.562157582400198,NA,NA,NA,0.65822781245874
NUFIP1,9,0,0,0.562736599567305,NA,NA,NA,0.659071790109365
HES2,9,0,0,0.562694564608813,NA,NA,NA,0.659122747868086
C11orf58,25,0,0,0.563166310051989,NA,NA,NA,0.659428963300917
PDIA6,13,0,0,0.563505323953184,NA,NA,NA,0.659617178018195
AFG3L2,10,0,0,0.563505323953184,NA,NA,NA,0.659764879305516
ZCCHC10,7,0,0,0.563505323953184,NA,NA,NA,0.659841587912331
CRTAP,24,0,0,0.563505323953184,NA,NA,NA,0.660095754929908
C10orf90,3,0,0,0.564085641559256,NA,NA,NA,0.660433096946714
ARSK,7,0,0,0.565158328573536,NA,NA,NA,0.661369698892372
USP7,12,0,0,0.565158328573536,NA,NA,NA,0.661434788025157
TRMT10A,9,0,0,0.565025813845857,NA,NA,NA,0.661449771211871
EIF2S1,17,0,0,0.565158328573536,NA,NA,NA,0.661538461396862
EXOSC1,8,0,0,0.565158328573536,NA,NA,NA,0.661601611546929
UBA6,26,0,0,0.565158328573536,NA,NA,NA,0.661649243184107
RETSAT,6,0,0,0.565158328573536,NA,NA,NA,0.661655835433593
SDHAF2,12,0,0,0.565158328573536,NA,NA,NA,0.661678300992263
PCNX3,2,0,0,0.565158328573536,NA,NA,NA,0.661688277100441
CDC73,33,0,0,0.565158328573536,NA,NA,NA,0.661820850110608
C14orf2,5,0,0,0.565158328573536,NA,NA,NA,0.661847599279374
SPIRE1,10,0,0,0.565942678546373,NA,NA,NA,0.662326148967586
SUMF2,6,0,0,0.565942678546373,NA,NA,NA,0.662452365401047
NUP153,9,0,0,0.56672573339888,NA,NA,NA,0.663053164485915
SUGT1,18,0,0,0.567199926762258,NA,NA,NA,0.663475686065905
SARS,9,0,0,0.567199926762258,NA,NA,NA,0.663674789747884
ZBTB26,6,0,0,0.567199926762258,NA,NA,NA,0.663781427686598
PRKDC,3,0,0,0.567821143894528,NA,NA,NA,0.664032126888321
ARIH1,21,0,0,0.56866245474607,NA,NA,NA,0.664728254814741
IARS2,10,0,0,0.56866245474607,NA,NA,NA,0.664853009744982
IPO5,20,0,0,0.56866245474607,NA,NA,NA,0.66485870247313
PMEPA1,14,0,0,0.56866245474607,NA,NA,NA,0.664869527758799
TRIM66,5,0,0,0.56866245474607,NA,NA,NA,0.665028402841016
GGCT,4,0,0,0.56866245474607,NA,NA,NA,0.665315401436212
RALGPS2,19,0,0,0.56866245474607,NA,NA,NA,0.665517407513094
SF1,5,0,0,0.56866245474607,NA,NA,NA,0.665631047383368
CNNM4,2,0,0,0.56866245474607,NA,NA,NA,0.665685099244369
CLDN23,2,0,0,0.56866245474607,NA,NA,NA,0.665692961775089
GNA13,9,0,0,0.56866245474607,NA,NA,NA,0.665725366874731
NDUFAF2,3,0,0,0.569498065383698,NA,NA,NA,0.667166157908963
ERRFI1,16,0,0,0.569840375210597,NA,NA,NA,0.667429209179504
LRP5,3,0,0,0.569959567459777,NA,NA,NA,0.667458089499715
HIST1H2BH,5,0,0,0.569997594760363,NA,NA,NA,0.667776574803248
OSBPL2,14,0,0,0.571109948586279,NA,NA,NA,0.669044341363053
CREBL2,30,0,0,0.57155112533917,NA,NA,NA,0.669518734479984
CLNS1A,15,0,0,0.57155112533917,NA,NA,NA,0.669790668039676
PURA,14,0,0,0.572450355076795,NA,NA,NA,0.670846946096075
NRP1,9,0,0,0.572601182311367,NA,NA,NA,0.671061303090149
GNA12,8,0,0,0.572933378474173,NA,NA,NA,0.671125498798384
GLYCTK,3,0,0,0.572661033134969,NA,NA,NA,0.671211850651838
LEPROT,10,0,0,0.572601182311367,NA,NA,NA,0.671289831398504
PDCD4,23,0,0,0.572907778802999,NA,NA,NA,0.671346702851303
ALOX5AP,2,0,0,0.572933378474173,NA,NA,NA,0.671426216773117
PRDM5,3,0,0,0.572661033134969,NA,NA,NA,0.671468339943311
NIFK,12,0,0,0.572933378474173,NA,NA,NA,0.671471904638533
ADAM17,15,0,0,0.572907778802999,NA,NA,NA,0.67156344493767
YTHDF3,20,0,0,0.572661033134969,NA,NA,NA,0.671603676218347
ORC4,15,0,0,0.572933378474173,NA,NA,NA,0.671655519750278
POLM,18,0,0,0.574356410673335,NA,NA,NA,0.672743182225548
TTC30B,10,0,0,0.574356410673335,NA,NA,NA,0.672901851921516
FAM217B,9,0,0,0.574331688318077,NA,NA,NA,0.67291130509765
SLC35F6,24,0,0,0.574827960665253,NA,NA,NA,0.673411586291401
EPB41L1,6,0,0,0.575066741540591,NA,NA,NA,0.673516211793108
RPAP2,11,0,0,0.575047720723358,NA,NA,NA,0.673690445222333
LRPAP1,24,0,0,0.575066741540591,NA,NA,NA,0.673787313913035
SFXN1,17,0,0,0.575361189716136,NA,NA,NA,0.673935819266194
ELF3,7,0,0,0.576223998406529,NA,NA,NA,0.674644490365792
RPRD2,12,0,0,0.576262699080727,NA,NA,NA,0.674810128343597
MARC2,2,0,0,0.576262699080727,NA,NA,NA,0.674828219840362
ZBTB37,10,0,0,0.576223998406529,NA,NA,NA,0.674879652306569
MMP16,9,0,0,0.576262699080727,NA,NA,NA,0.675071534315062
NF1,12,0,0,0.576641929240519,NA,NA,NA,0.675468168549864
NSFL1C,9,0,0,0.576698894192062,NA,NA,NA,0.67580647567635
IFNGR1,2,0,0,0.576698894192062,NA,NA,NA,0.675919871951181
EIPR1,4,0,0,0.576916139017012,NA,NA,NA,0.676254302970992
OIP5,9,0,0,0.576916139017012,NA,NA,NA,0.676532268245863
EDF1,6,0,0,0.577746214598162,NA,NA,NA,0.677823830072486
TTC7A,9,0,0,0.577746214598162,NA,NA,NA,0.677935945114522
SH3PXD2B,3,0,0,0.577746214598162,NA,NA,NA,0.678072039165917
BAG2,20,0,0,0.577746214598162,NA,NA,NA,0.678344359601687
NT5C3B,6,0,0,0.577746214598162,NA,NA,NA,0.678349159563494
AKIP1,7,0,0,0.577746214598162,NA,NA,NA,0.678444366188596
TRAF7,5,0,0,0.577746214598162,NA,NA,NA,0.678513069308019
GGA2,16,0,0,0.577746214598162,NA,NA,NA,0.678546813263773
MSI2,21,0,0,0.577746214598162,NA,NA,NA,0.678557243096271
ENOPH1,4,0,0,0.577746214598162,NA,NA,NA,0.678647474994473
MET,5,0,0,0.578162224744481,NA,NA,NA,0.678682816448583
SEL1L3,3,0,0,0.577746214598162,NA,NA,NA,0.678720149177547
GMPR2,8,0,0,0.577746214598162,NA,NA,NA,0.678736543565334
VANGL2,3,0,0,0.577746214598162,NA,NA,NA,0.678761567655328
ZGRF1,3,0,0,0.578203853295661,NA,NA,NA,0.67885908652641
BNIP3,9,0,0,0.577746214598162,NA,NA,NA,0.678860916441037
CLTC,13,0,0,0.577746214598162,NA,NA,NA,0.678861841942625
FTH1,13,0,0,0.5782053236427,NA,NA,NA,0.679451947230601
TMEM168,20,0,0,0.5782053236427,NA,NA,NA,0.679462643830091
ARL6IP4,3,0,0,0.579175817844727,NA,NA,NA,0.68079215699717
SHB,6,0,0,0.579719659905885,NA,NA,NA,0.681164342241961
TOMM34,3,0,0,0.579660323604591,NA,NA,NA,0.681200884391076
MTMR4,4,0,0,0.580040122026937,NA,NA,NA,0.681401146488763
SNX3,5,0,0,0.580286985944175,NA,NA,NA,0.681560858121703
LTN1,6,0,0,0.58058413063716,NA,NA,NA,0.681691306321656
POMK,16,0,0,0.580390967663107,NA,NA,NA,0.681784848397784
SF3B3,19,0,0,0.58049253513752,NA,NA,NA,0.681792511002487
FOXD1,4,0,0,0.580795476592845,NA,NA,NA,0.681813837034035
MTDH,15,0,0,0.580969973249185,NA,NA,NA,0.681897833649499
ABHD17C,3,0,0,0.58058413063716,NA,NA,NA,0.68192257113378
UQCRQ,6,0,0,0.580390967663107,NA,NA,NA,0.682048331291329
CYP1B1,13,0,0,0.580390967663107,NA,NA,NA,0.682348961058205
TMEM231,6,0,0,0.581890048943072,NA,NA,NA,0.6829657893298
FAM98B,17,0,0,0.581941888309924,NA,NA,NA,0.683845014271709
REEP3,16,0,0,0.581941888309924,NA,NA,NA,0.683845893712696
SDC4,9,0,0,0.582677969901009,NA,NA,NA,0.684722755976452
LAMP1,14,0,0,0.582727504398822,NA,NA,NA,0.684781094849873
C17orf97,6,0,0,0.582727504398822,NA,NA,NA,0.684916229409757
RAB6B,6,0,0,0.583004433763016,NA,NA,NA,0.68497145180044
DNAJB4,14,0,0,0.583235905876963,NA,NA,NA,0.685114251846117
LRRK2,2,0,0,0.583473365559847,NA,NA,NA,0.685263269244163
SGTB,6,0,0,0.583572236406838,NA,NA,NA,0.685267522963065
CHD1L,4,0,0,0.583953942456231,NA,NA,NA,0.685468144784917
SMIM1,5,0,0,0.583953942456231,NA,NA,NA,0.685726936684597
TRAF2,11,0,0,0.585183413777354,NA,NA,NA,0.687719874697888
WWC1,8,0,0,0.58525053522444,NA,NA,NA,0.68827223999435
SLC39A13,4,0,0,0.58525053522444,NA,NA,NA,0.688399491419568
FAM213A,11,0,0,0.58525053522444,NA,NA,NA,0.688423681653009
TMEM38B,9,0,0,0.585653030203093,NA,NA,NA,0.688493218840094
H3F3B,21,0,0,0.585772013510288,NA,NA,NA,0.688517801700426
ULK1,3,0,0,0.58525053522444,NA,NA,NA,0.688582118808257
RCN1,8,0,0,0.585653030203093,NA,NA,NA,0.688654580657695
RPS26,3,0,0,0.585868918158779,NA,NA,NA,0.688722838884424
HSD17B6,2,0,0,0.58525053522444,NA,NA,NA,0.688859516469513
MKI67,12,0,0,0.58525053522444,NA,NA,NA,0.688877388982623
TRIM44,17,0,0,0.58525053522444,NA,NA,NA,0.689130468177274
NDUFS1,23,0,0,0.586692746855786,NA,NA,NA,0.689790179380951
SPRYD4,11,0,0,0.586692746855786,NA,NA,NA,0.689967155996692
SRPRB,19,0,0,0.586750015665742,NA,NA,NA,0.689982235908744
NUDT11,6,0,0,0.58684999230798,NA,NA,NA,0.690161151057169
ADIPOR1,4,0,0,0.587151463454878,NA,NA,NA,0.691291947418651
CRIM1,15,0,0,0.587151463454878,NA,NA,NA,0.691494373212484
HS2ST1,19,0,0,0.58794585060635,NA,NA,NA,0.692833090375769
UBE2D4,6,0,0,0.588331643702297,NA,NA,NA,0.693239375529082
RAD54L2,6,0,0,0.588331643702297,NA,NA,NA,0.693307066321311
ARHGAP45,2,0,0,0.588448412995058,NA,NA,NA,0.693367156089958
SPATA5,10,0,0,0.588331643702297,NA,NA,NA,0.693387294189758
WBP1L,2,0,0,0.588610947147908,NA,NA,NA,0.693431043348803
CTBP2,13,0,0,0.588331643702297,NA,NA,NA,0.693579701329852
PTPRA,9,0,0,0.588331643702297,NA,NA,NA,0.693605515063221
LMBRD2,13,0,0,0.588610947147908,NA,NA,NA,0.69361417988549
NGLY1,4,0,0,0.588331643702297,NA,NA,NA,0.693684110694169
ZBTB40,7,0,0,0.589899790806708,NA,NA,NA,0.694675706144962
ZDHHC16,11,0,0,0.590556339972345,NA,NA,NA,0.695259759938876
SEC61A1,10,0,0,0.59141048076675,NA,NA,NA,0.695405558082266
MYD88,2,0,0,0.591574513619265,NA,NA,NA,0.695415000325399
SAMD9L,2,0,0,0.591487451479887,NA,NA,NA,0.695424882270761
PHYKPL,11,0,0,0.590876342550707,NA,NA,NA,0.695492512842494
PRDX2,6,0,0,0.59141048076675,NA,NA,NA,0.695693270370629
GMFB,12,0,0,0.591761482334006,NA,NA,NA,0.695710533938749
B3GALNT2,11,0,0,0.59141048076675,NA,NA,NA,0.695778038447646
FAR1,22,0,0,0.59141048076675,NA,NA,NA,0.69601317947023
CPEB4,12,0,0,0.59141048076675,NA,NA,NA,0.696028463583833
PDCL3,7,0,0,0.59141048076675,NA,NA,NA,0.69615532683425
RPS2,7,0,0,0.59141048076675,NA,NA,NA,0.696278490356177
TRMT10C,7,0,0,0.592245003022932,NA,NA,NA,0.696314569976813
GOLGA7,6,0,0,0.59141048076675,NA,NA,NA,0.696461371538771
CAMK1D,9,0,0,0.59141048076675,NA,NA,NA,0.696540905432826
ATP6V1E1,10,0,0,0.59141048076675,NA,NA,NA,0.696757352630114
SOAT1,19,0,0,0.592939659235993,NA,NA,NA,0.696936632965712
SKP2,2,0,0,0.593065648721537,NA,NA,NA,0.696966970976058
FOXQ1,2,0,0,0.593398205302031,NA,NA,NA,0.697212094632473
TRMT13,10,0,0,0.593759244327862,NA,NA,NA,0.697285377830828
FXN,14,0,0,0.593424595094271,NA,NA,NA,0.697340201826811
GAS1,3,0,0,0.593747203948056,NA,NA,NA,0.697373624565879
CCDC93,6,0,0,0.593605883963032,NA,NA,NA,0.697427979885734
SPPL3,10,0,0,0.593737819858694,NA,NA,NA,0.697464460134655
BICD2,5,0,0,0.593759244327862,NA,NA,NA,0.697580415955991
NIPAL2,6,0,0,0.593759244327862,NA,NA,NA,0.697737910440158
TOMM20,22,0,0,0.593759244327862,NA,NA,NA,0.697960354602071
EPOR,7,0,0,0.593759244327862,NA,NA,NA,0.698244490266447
DDX28,5,0,0,0.594368025203956,NA,NA,NA,0.698559078146143
PTGS2,8,0,0,0.594368025203956,NA,NA,NA,0.698661486275812
MT2A,5,0,0,0.594406817649812,NA,NA,NA,0.698757896394755
REPS1,13,0,0,0.594551739040249,NA,NA,NA,0.698807646609205
ZNF770,4,0,0,0.594406817649812,NA,NA,NA,0.699024301963883
U2SURP,11,0,0,0.595384446219859,NA,NA,NA,0.699266288616558
BAIAP2L1,9,0,0,0.59523704013957,NA,NA,NA,0.699276293053003
USP34,8,0,0,0.595593238453671,NA,NA,NA,0.6992817963339
GON4L,8,0,0,0.595733406686096,NA,NA,NA,0.699326680946034
HEG1,11,0,0,0.59523704013957,NA,NA,NA,0.699365241978439
CYP4V2,8,0,0,0.59523704013957,NA,NA,NA,0.699379090139259
COPA,9,0,0,0.595384446219859,NA,NA,NA,0.699424698652001
CTC1,13,0,0,0.595593238453671,NA,NA,NA,0.699537203013353
PDHA1,13,0,0,0.59523704013957,NA,NA,NA,0.699625035736487
PGAM5,7,0,0,0.595741554746796,NA,NA,NA,0.699643363159992
GBE1,6,0,0,0.595384446219859,NA,NA,NA,0.69971151296028
EMB,11,0,0,0.595741554746796,NA,NA,NA,0.699873287147588
SLF1,18,0,0,0.595384446219859,NA,NA,NA,0.699901407621621
TXLNG,10,0,0,0.595963606541347,NA,NA,NA,0.700455541681718
UBA2,10,0,0,0.595963606541347,NA,NA,NA,0.700720235420127
CSF1,3,0,0,0.595963606541347,NA,NA,NA,0.700767109969641
TRIM14,14,0,0,0.596569912680686,NA,NA,NA,0.701377835049769
MFSD1,9,0,0,0.596569912680686,NA,NA,NA,0.701500643060732
ANLN,10,0,0,0.596569912680686,NA,NA,NA,0.701724394449113
SF3A1,12,0,0,0.597369822543443,NA,NA,NA,0.702106485960854
PCF11,4,0,0,0.597682032637043,NA,NA,NA,0.702127041859832
SMAD4,13,0,0,0.597560865352665,NA,NA,NA,0.702203480488262
RAB18,23,0,0,0.597682032637043,NA,NA,NA,0.702415208402317
SETDB2,5,0,0,0.598263045329952,NA,NA,NA,0.703100769441746
RANBP6,6,0,0,0.598263045329952,NA,NA,NA,0.703324001269175
RFFL,15,0,0,0.5982968589364,NA,NA,NA,0.703346792234014
KIAA1456,6,0,0,0.598263045329952,NA,NA,NA,0.703390765615764
DUSP3,13,0,0,0.598306805486999,NA,NA,NA,0.703430213684244
ARHGEF10L,2,0,0,0.598263045329952,NA,NA,NA,0.703589074207876
MKLN1,14,0,0,0.598306805486999,NA,NA,NA,0.703607342070321
DLGAP4,4,0,0,0.598306805486999,NA,NA,NA,0.703714345636513
EIF4G3,7,0,0,0.598263045329952,NA,NA,NA,0.703743232138248
HASPIN,7,0,0,0.598752863809107,NA,NA,NA,0.703906190717198
ATL3,18,0,0,0.599236398400888,NA,NA,NA,0.70410335360149
CABLES1,7,0,0,0.598752863809107,NA,NA,NA,0.704150575664109
AK4,6,0,0,0.599403855415048,NA,NA,NA,0.704181253869722
WDR60,6,0,0,0.599236398400888,NA,NA,NA,0.704268922915878
BCL7A,4,0,0,0.599502940082568,NA,NA,NA,0.704363708276532
HJURP,9,0,0,0.599403855415048,NA,NA,NA,0.70444469703007
ALKBH5,5,0,0,0.599403855415048,NA,NA,NA,0.704462618663907
ZNF195,12,0,0,0.599236398400888,NA,NA,NA,0.704518585793082
ECHDC2,4,0,0,0.599502940082568,NA,NA,NA,0.704597597091849
PLPP3,5,0,0,0.599403855415048,NA,NA,NA,0.704753329341562
TTLL1,2,0,0,0.599596840955509,NA,NA,NA,0.704928423616292
GRIPAP1,2,0,0,0.599596840955509,NA,NA,NA,0.705217195136606
GPR161,6,0,0,0.600295392426603,NA,NA,NA,0.705362924656243
ZNF496,8,0,0,0.599596840955509,NA,NA,NA,0.705390886088212
HOOK2,3,0,0,0.600127506723445,NA,NA,NA,0.705391719124819
GDAP2,30,0,0,0.600295392426603,NA,NA,NA,0.705483542301702
MYLK,2,0,0,0.600510212060326,NA,NA,NA,0.705578957414915
VPS13C,7,0,0,0.600415615058094,NA,NA,NA,0.705582331714806
SEPT9,2,0,0,0.600718545834565,NA,NA,NA,0.70569320577561
HPS6,4,0,0,0.600895998540768,NA,NA,NA,0.705863228707573
TRRAP,3,0,0,0.601494026763934,NA,NA,NA,0.706677842873683
ZSCAN2,2,0,0,0.601494026763934,NA,NA,NA,0.706714196526459
AMD1,11,0,0,0.601830135788031,NA,NA,NA,0.706815815559341
ATXN10,18,0,0,0.601494026763934,NA,NA,NA,0.70683370661036
VPS33A,7,0,0,0.601816289831928,NA,NA,NA,0.707004029944489
ZNF254,6,0,0,0.601830135788031,NA,NA,NA,0.707080964744192
SENP7,3,0,0,0.601816289831928,NA,NA,NA,0.707235343814368
DTWD2,16,0,0,0.602393246332072,NA,NA,NA,0.707491698381759
PRKCZ,8,0,0,0.602559384060223,NA,NA,NA,0.707554830737658
STAU1,10,0,0,0.602462444162789,NA,NA,NA,0.707657339540252
RASSF9,3,0,0,0.602559384060223,NA,NA,NA,0.70773781887442
PPP1R35,3,0,0,0.603386758610978,NA,NA,NA,0.708496799236609
LARP1,7,0,0,0.604168176700494,NA,NA,NA,0.709496948157492
COX7A2,5,0,0,0.604168176700494,NA,NA,NA,0.709503290011309
DNAJB9,9,0,0,0.604325757322755,NA,NA,NA,0.70963224630859
MNAT1,4,0,0,0.604312298705916,NA,NA,NA,0.709637693651852
C1orf53,2,0,0,0.604312298705916,NA,NA,NA,0.709793834576904
TRIM11,3,0,0,0.60470916468171,NA,NA,NA,0.710234024238827
RSU1,12,0,0,0.604849749879335,NA,NA,NA,0.710547717088162
WWC2,18,0,0,0.604814241201904,NA,NA,NA,0.710607006602301
ACP1,8,0,0,0.604814241201904,NA,NA,NA,0.710614051664386
BRI3,6,0,0,0.604814241201904,NA,NA,NA,0.71062181103343
ARHGAP32,9,0,0,0.604849749879335,NA,NA,NA,0.710738415472164
MYORG,5,0,0,0.605447195894621,NA,NA,NA,0.710960307761444
B4GALT7,10,0,0,0.604849749879335,NA,NA,NA,0.710992356529659
ELOA,6,0,0,0.605447195894621,NA,NA,NA,0.71107288800953
TCP11L2,2,0,0,0.606012700521548,NA,NA,NA,0.7116358220443
KIF3A,15,0,0,0.606142643140368,NA,NA,NA,0.71226026270973
NOLC1,11,0,0,0.608819625542543,NA,NA,NA,0.715872386312046
CKS2,5,0,0,0.608644521079326,NA,NA,NA,0.715884129584058
PCBP2,21,0,0,0.608768181950018,NA,NA,NA,0.715908651432648
DHODH,7,0,0,0.608819625542543,NA,NA,NA,0.715946904288259
TWSG1,11,0,0,0.608819625542543,NA,NA,NA,0.716010339842645
ATP8A1,5,0,0,0.608644521079326,NA,NA,NA,0.716059615017553
RNF11,19,0,0,0.608916637236589,NA,NA,NA,0.716145607890741
MYCBP,17,0,0,0.608819625542543,NA,NA,NA,0.716155355592116
SAMD8,12,0,0,0.608644521079326,NA,NA,NA,0.716309053062884
BOD1,6,0,0,0.609102239224063,NA,NA,NA,0.716597368673834
PTPN6,2,0,0,0.609102239224063,NA,NA,NA,0.716717364718109
TP53I3,2,0,0,0.609102239224063,NA,NA,NA,0.716773966208164
COLGALT1,12,0,0,0.609102239224063,NA,NA,NA,0.716781722644665
FANCC,10,0,0,0.609102239224063,NA,NA,NA,0.716796903951022
SCD5,7,0,0,0.609102239224063,NA,NA,NA,0.71684371650917
FBXL20,7,0,0,0.609102239224063,NA,NA,NA,0.716918499685822
GXYLT1,9,0,0,0.609102239224063,NA,NA,NA,0.71694007959984
BCL10,11,0,0,0.609102239224063,NA,NA,NA,0.716956241280958
VTA1,11,0,0,0.609102239224063,NA,NA,NA,0.716965225038021
CHPF,4,0,0,0.609102239224063,NA,NA,NA,0.716969235896748
MAPKAPK5,8,0,0,0.609102239224063,NA,NA,NA,0.716994847812034
SNX6,5,0,0,0.609102239224063,NA,NA,NA,0.717002386507039
PSMF1,16,0,0,0.609102239224063,NA,NA,NA,0.71701446294392
DCLRE1B,7,0,0,0.609102239224063,NA,NA,NA,0.717083853236704
SSR1,27,0,0,0.609102239224063,NA,NA,NA,0.717091439295649
POLR3D,11,0,0,0.609102239224063,NA,NA,NA,0.717162565026968
SPRYD7,10,0,0,0.609102239224063,NA,NA,NA,0.717171170561443
SH2D4A,11,0,0,0.609102239224063,NA,NA,NA,0.717254523060632
AREL1,10,0,0,0.609102239224063,NA,NA,NA,0.717275379545515
VPS13D,7,0,0,0.609102239224063,NA,NA,NA,0.717312843259208
EHD1,7,0,0,0.609102239224063,NA,NA,NA,0.717372816870545
RFTN1,5,0,0,0.609102239224063,NA,NA,NA,0.717485470021301
ZBTB16,3,0,0,0.609102239224063,NA,NA,NA,0.717493264221814
KANSL1L,4,0,0,0.609102239224063,NA,NA,NA,0.71753117650059
FOXK2,6,0,0,0.609102239224063,NA,NA,NA,0.71763434969878
GIN1,6,0,0,0.609102239224063,NA,NA,NA,0.717757824488369
DCUN1D4,23,0,0,0.609102239224063,NA,NA,NA,0.717759046444371
ARL14EP,9,0,0,0.61022359204674,NA,NA,NA,0.717768559291465
TNFSF9,9,0,0,0.611734095371405,NA,NA,NA,0.719575725586659
STX17,16,0,0,0.612331579057466,NA,NA,NA,0.720186505729277
ST6GALNAC4,2,0,0,0.612273608121029,NA,NA,NA,0.720230098261525
IPO9,36,0,0,0.612545765598646,NA,NA,NA,0.720494707788538
SLC25A33,5,0,0,0.612273608121029,NA,NA,NA,0.720523699323383
GPN3,7,0,0,0.612273608121029,NA,NA,NA,0.720674934108662
NHEJ1,11,0,0,0.613442915759226,NA,NA,NA,0.721680126325034
MARK2,3,0,0,0.613442915759226,NA,NA,NA,0.721893979059703
SUPT4H1,9,0,0,0.613442915759226,NA,NA,NA,0.721922201551263
C7orf50,4,0,0,0.613826049901867,NA,NA,NA,0.722046070778724
RAB11FIP4,5,0,0,0.613873110401337,NA,NA,NA,0.722237724004586
PPIC,16,0,0,0.613873110401337,NA,NA,NA,0.722756300031539
PIK3C3,13,0,0,0.613873110401337,NA,NA,NA,0.722920025168796
FBRSL1,7,0,0,0.613873110401337,NA,NA,NA,0.722978131244059
RBM43,8,0,0,0.613873110401337,NA,NA,NA,0.723150349412445
COMMD7,4,0,0,0.613873110401337,NA,NA,NA,0.723193117043109
SMARCD3,4,0,0,0.61389654722697,NA,NA,NA,0.723762614810561
BIRC5,11,0,0,0.613873110401337,NA,NA,NA,0.723779858817687
KLC1,4,0,0,0.613873110401337,NA,NA,NA,0.723783356062869
MMP17,2,0,0,0.61389654722697,NA,NA,NA,0.723875012741459
GPR85,5,0,0,0.613873110401337,NA,NA,NA,0.723904499585337
LURAP1,13,0,0,0.61389654722697,NA,NA,NA,0.723911162296119
RAB6A,10,0,0,0.613954722462265,NA,NA,NA,0.723914823966748
C3,3,0,0,0.613873110401337,NA,NA,NA,0.723929224291496
GPR180,18,0,0,0.613873110401337,NA,NA,NA,0.724049230358072
PSEN1,9,0,0,0.61389654722697,NA,NA,NA,0.724074520623508
SLC1A1,3,0,0,0.613873110401337,NA,NA,NA,0.724219974935954
C8orf59,9,0,0,0.613873110401337,NA,NA,NA,0.724285272063663
SIPA1,12,0,0,0.613873110401337,NA,NA,NA,0.724289085533283
KAZALD1,2,0,0,0.613873110401337,NA,NA,NA,0.724326026705115
NUDT15,3,0,0,0.613873110401337,NA,NA,NA,0.724390442414564
HIVEP1,2,0,0,0.614464563387121,NA,NA,NA,0.72458916462007
SOX7,3,0,0,0.614389558241343,NA,NA,NA,0.724616136660645
NPHP1,3,0,0,0.614389558241343,NA,NA,NA,0.724786275746169
TUBE1,7,0,0,0.614389558241343,NA,NA,NA,0.724958902534212
HERPUD2,5,0,0,0.61580630141767,NA,NA,NA,0.72615745725593
RHOBTB3,3,0,0,0.61580630141767,NA,NA,NA,0.726220974143655
NT5DC1,15,0,0,0.61580630141767,NA,NA,NA,0.726450918904544
ANAPC10,5,0,0,0.616424385197757,NA,NA,NA,0.727180525656751
LRAT,7,0,0,0.616753556482645,NA,NA,NA,0.727823085477183
GMNN,7,0,0,0.616753556482645,NA,NA,NA,0.728084879652863
CEP104,8,0,0,0.617004063811548,NA,NA,NA,0.728483579918243
SCO1,17,0,0,0.617004063811548,NA,NA,NA,0.728618889077708
AVL9,9,0,0,0.617004063811548,NA,NA,NA,0.728776917832642
IGHMBP2,5,0,0,0.617004063811548,NA,NA,NA,0.728790959068628
CCDC6,12,0,0,0.617004063811548,NA,NA,NA,0.728908146743076
COPB1,6,0,0,0.617004063811548,NA,NA,NA,0.729018501849951
APIP,6,0,0,0.617004063811548,NA,NA,NA,0.72903097506223
WDFY2,16,0,0,0.617004063811548,NA,NA,NA,0.729130636907479
NATD1,3,0,0,0.617004063811548,NA,NA,NA,0.729327021280724
CREM,9,0,0,0.617004063811548,NA,NA,NA,0.729387919943212
SNRNP48,16,0,0,0.617004063811548,NA,NA,NA,0.72940169349204
PUSL1,8,0,0,0.61768850445003,NA,NA,NA,0.729779249691524
SRP9,11,0,0,0.618690328352047,NA,NA,NA,0.731078066496786
INTS7,18,0,0,0.619308293547078,NA,NA,NA,0.731982339952784
PARD6G,4,0,0,0.62006446105673,NA,NA,NA,0.732345621695786
ZNF394,9,0,0,0.62006446105673,NA,NA,NA,0.732451571791874
DMWD,7,0,0,0.619377747315465,NA,NA,NA,0.732466408465304
EEF2K,10,0,0,0.619377747315465,NA,NA,NA,0.732485892172132
STX7,28,0,0,0.620269357898372,NA,NA,NA,0.732502162151367
FAM206A,5,0,0,0.620269357898372,NA,NA,NA,0.73250441160063
LMCD1,4,0,0,0.620054565349341,NA,NA,NA,0.732546493303443
DUOX1,2,0,0,0.620269357898372,NA,NA,NA,0.732551639473971
BAD,2,0,0,0.619654578125013,NA,NA,NA,0.73255861422373
SRF,4,0,0,0.620269357898372,NA,NA,NA,0.732585067652103
NEDD4,11,0,0,0.619824957596027,NA,NA,NA,0.732627809226471
PDPN,10,0,0,0.619649603742926,NA,NA,NA,0.732659324643536
FRRS1,4,0,0,0.620269357898372,NA,NA,NA,0.732668784320702
ITCH,12,0,0,0.620269357898372,NA,NA,NA,0.732674621715163
GTDC1,7,0,0,0.620054565349341,NA,NA,NA,0.73269959811893
CTDSPL2,20,0,0,0.619377747315465,NA,NA,NA,0.732720572681082
ADGRG6,8,0,0,0.620054565349341,NA,NA,NA,0.732870028035684
HSBP1L1,5,0,0,0.620847400095055,NA,NA,NA,0.733365611302321
PRR12,10,0,0,0.620883090214557,NA,NA,NA,0.733459234921182
BAMBI,9,0,0,0.620928833018522,NA,NA,NA,0.733537200804761
USP11,4,0,0,0.621881481864588,NA,NA,NA,0.734667607342405
SRSF7,8,0,0,0.621881481864588,NA,NA,NA,0.734723563195278
ACTR3,19,0,0,0.622071198639467,NA,NA,NA,0.735081050597969
ELP1,12,0,0,0.622071198639467,NA,NA,NA,0.735281052454226
LRRC47,7,0,0,0.623018501274753,NA,NA,NA,0.736500366007104
ADAT1,16,0,0,0.6247116772974,NA,NA,NA,0.739138200182054
TMEM237,15,0,0,0.624673101592954,NA,NA,NA,0.739205655425845
ANKRD26,17,0,0,0.625155774306297,NA,NA,NA,0.739486362178323
UBAP2L,3,0,0,0.627040777442587,NA,NA,NA,0.741753419083547
ITGB1,12,0,0,0.627040777442587,NA,NA,NA,0.74181919808676
CEBPG,11,0,0,0.628231164427516,NA,NA,NA,0.743058657179053
HK1,4,0,0,0.628336719054736,NA,NA,NA,0.743245282260306
KIF23,5,0,0,0.62879891339808,NA,NA,NA,0.743275103701288
CASK,11,0,0,0.628835767263509,NA,NA,NA,0.743382414636604
HRH1,6,0,0,0.628835767263509,NA,NA,NA,0.743397563052945
CTNNBIP1,7,0,0,0.62879891339808,NA,NA,NA,0.743488117949074
VKORC1L1,28,0,0,0.62879891339808,NA,NA,NA,0.743549261820331
PLEKHA6,8,0,0,0.62879891339808,NA,NA,NA,0.743643017224373
GSPT1,15,0,0,0.62879891339808,NA,NA,NA,0.743768816692472
SLC2A3,4,0,0,0.62879891339808,NA,NA,NA,0.743820194926819
ARHGAP35,6,0,0,0.62879891339808,NA,NA,NA,0.743873287177113
SIRT7,2,0,0,0.62879891339808,NA,NA,NA,0.744019350664548
INIP,11,0,0,0.629530688498907,NA,NA,NA,0.744396776613991
CHORDC1,12,0,0,0.629878878864442,NA,NA,NA,0.744907968690608
ZNF548,10,0,0,0.629878878864442,NA,NA,NA,0.745069406219019
BOK,6,0,0,0.630435930099675,NA,NA,NA,0.745740124271937
LIFR,9,0,0,0.630625262739484,NA,NA,NA,0.745825617769115
MPHOSPH9,15,0,0,0.631312218407401,NA,NA,NA,0.746586638155679
BCL2L13,9,0,0,0.632519866904494,NA,NA,NA,0.748860740741569
USP6NL,27,0,0,0.632519866904494,NA,NA,NA,0.74888677616685
KRTCAP2,2,0,0,0.632519866904494,NA,NA,NA,0.749042873463131
TIMP2,14,0,0,0.632519866904494,NA,NA,NA,0.749269978734268
PYCARD,2,0,0,0.63284553219718,NA,NA,NA,0.749314438266956
CDK20,6,0,0,0.63284553219718,NA,NA,NA,0.749524276843311
MAP7,14,0,0,0.63284553219718,NA,NA,NA,0.749668956910452
KLK5,2,0,0,0.633425068792376,NA,NA,NA,0.750116244715995
ATXN7L2,2,0,0,0.633743251121709,NA,NA,NA,0.750332271125834
RPL21,13,0,0,0.634224805539119,NA,NA,NA,0.750506350813098
MRPL19,32,0,0,0.634188258326651,NA,NA,NA,0.750677217266516
AP3B1,11,0,0,0.634224805539119,NA,NA,NA,0.750783818724691
MLLT3,15,0,0,0.634224805539119,NA,NA,NA,0.750924207204221
TDG,13,0,0,0.634188258326651,NA,NA,NA,0.750942611273887
MRGBP,7,0,0,0.634188258326651,NA,NA,NA,0.751009963445309
FLRT2,18,0,0,0.634188258326651,NA,NA,NA,0.751073812027632
FZD2,6,0,0,0.634224805539119,NA,NA,NA,0.751081251565481
GUCY1B3,4,0,0,0.634776054349826,NA,NA,NA,0.751366292066228
EHMT1,5,0,0,0.634776054349826,NA,NA,NA,0.751475748483272
MED18,2,0,0,0.634812891534585,NA,NA,NA,0.751884345141401
ZBTB5,4,0,0,0.636101629698076,NA,NA,NA,0.753458411868438
HNRNPA0,18,0,0,0.636939374922976,NA,NA,NA,0.754402350678275
CCT7,3,0,0,0.636939374922976,NA,NA,NA,0.754462131782378
NAA25,17,0,0,0.63720957340078,NA,NA,NA,0.754910576352932
BROX,8,0,0,0.638387979863625,NA,NA,NA,0.755906201532018
CCDC85C,13,0,0,0.638375412035685,NA,NA,NA,0.756003300483939
CDH3,3,0,0,0.638690313376789,NA,NA,NA,0.756284078207838
SLC4A11,2,0,0,0.638375412035685,NA,NA,NA,0.756287762249341
BPGM,3,0,0,0.638375412035685,NA,NA,NA,0.756536484652432
ING1,7,0,0,0.638375412035685,NA,NA,NA,0.756628044049591
PRPF3,7,0,0,0.638791820617402,NA,NA,NA,0.756648954930673
USP13,15,0,0,0.638375412035685,NA,NA,NA,0.756720828957316
PTPN2,2,0,0,0.639205617049762,NA,NA,NA,0.757511391324788
CACUL1,15,0,0,0.639838092213287,NA,NA,NA,0.758045521128578
ZNF292,15,0,0,0.640147052579713,NA,NA,NA,0.758367819787383
VMA21,14,0,0,0.640147052579713,NA,NA,NA,0.758442706614979
EFNA4,3,0,0,0.640147052579713,NA,NA,NA,0.758512045694807
SNRPD1,18,0,0,0.640147052579713,NA,NA,NA,0.75856694192306
MAP4K4,17,0,0,0.640147052579713,NA,NA,NA,0.758577050443112
RNF166,4,0,0,0.640147052579713,NA,NA,NA,0.758620226141774
TNPO3,7,0,0,0.640147052579713,NA,NA,NA,0.758760530686659
TNRC6B,13,0,0,0.640147052579713,NA,NA,NA,0.758801257911037
CD44,9,0,0,0.64062356815579,NA,NA,NA,0.759096727643176
MMACHC,15,0,0,0.64062356815579,NA,NA,NA,0.759208017998494
ABHD4,4,0,0,0.64062356815579,NA,NA,NA,0.759286795644051
TBRG1,8,0,0,0.640941728462392,NA,NA,NA,0.759310125578191
RNASE4,2,0,0,0.641083501750391,NA,NA,NA,0.759526671967764
PCGF5,10,0,0,0.641648357743966,NA,NA,NA,0.759990855528939
UMPS,20,0,0,0.642007999592007,NA,NA,NA,0.760207782556299
BTBD1,8,0,0,0.642371955254089,NA,NA,NA,0.760251393644956
NLE1,10,0,0,0.642408815589054,NA,NA,NA,0.760258768078319
ERCC8,7,0,0,0.642007999592007,NA,NA,NA,0.76041815345536
ZNF549,7,0,0,0.642007999592007,NA,NA,NA,0.76047683778613
PPM1D,7,0,0,0.642371955254089,NA,NA,NA,0.760508504476532
RPS6KC1,6,0,0,0.642371955254089,NA,NA,NA,0.760738655350796
KIF4A,4,0,0,0.642371955254089,NA,NA,NA,0.7608890687448
CSNK2A1,17,0,0,0.642371955254089,NA,NA,NA,0.760963111161835
NHSL1,4,0,0,0.643264189375532,NA,NA,NA,0.761147574061382
SLC46A1,9,0,0,0.642371955254089,NA,NA,NA,0.761185240481905
QTRT2,5,0,0,0.643822611884024,NA,NA,NA,0.761603954056449
HGSNAT,8,0,0,0.64457555264544,NA,NA,NA,0.762321990417739
GPSM1,7,0,0,0.64457555264544,NA,NA,NA,0.762322233179621
RPL41,6,0,0,0.64441252547884,NA,NA,NA,0.762324535059189
PLCB4,5,0,0,0.64441252547884,NA,NA,NA,0.762404953944897
TNKS,16,0,0,0.64457555264544,NA,NA,NA,0.76255474957914
TMEM97,13,0,0,0.64457555264544,NA,NA,NA,0.76260038116958
TMA16,20,0,0,0.64457555264544,NA,NA,NA,0.762650462920702
CENPF,18,0,0,0.644938428477842,NA,NA,NA,0.762660700019192
TNFAIP1,6,0,0,0.644938428477842,NA,NA,NA,0.762832288718236
CLTB,10,0,0,0.645340852516528,NA,NA,NA,0.763050505387335
POFUT1,13,0,0,0.645340852516528,NA,NA,NA,0.763230001347038
PLOD1,8,0,0,0.645340852516528,NA,NA,NA,0.76327629214093
KRAS,9,0,0,0.645904578929843,NA,NA,NA,0.763341515281143
PDE4D,14,0,0,0.645904578929843,NA,NA,NA,0.763402647631064
RBM23,12,0,0,0.645904578929843,NA,NA,NA,0.763416460977924
LGR6,3,0,0,0.645936045710556,NA,NA,NA,0.763443139594603
ZNF484,16,0,0,0.645340852516528,NA,NA,NA,0.763464738011443
DEDD,10,0,0,0.645904578929843,NA,NA,NA,0.763512228547786
RAD18,16,0,0,0.646150716637345,NA,NA,NA,0.763550162538373
ZDHHC7,3,0,0,0.645904578929843,NA,NA,NA,0.763591706509158
RAP1GDS1,4,0,0,0.645340852516528,NA,NA,NA,0.763749777561413
KLHL26,7,0,0,0.645904578929843,NA,NA,NA,0.763784824401453
ENO1,6,0,0,0.645904578929843,NA,NA,NA,0.763815880364905
SPIDR,5,0,0,0.645904578929843,NA,NA,NA,0.764022141716369
POLR2L,7,0,0,0.646550904397091,NA,NA,NA,0.764210360165511
CHURC1,11,0,0,0.645904578929843,NA,NA,NA,0.764260716328743
ZNF641,8,0,0,0.645904578929843,NA,NA,NA,0.764340609414032
JAK2,9,0,0,0.647187438174544,NA,NA,NA,0.764459729434693
ARF3,15,0,0,0.645904578929843,NA,NA,NA,0.764464256955405
SKIV2L2,11,0,0,0.645904578929843,NA,NA,NA,0.764542272661054
UBE2N,14,0,0,0.645904578929843,NA,NA,NA,0.764615670697609
RRAGC,4,0,0,0.647187438174544,NA,NA,NA,0.764670847575007
GOLM1,8,0,0,0.645904578929843,NA,NA,NA,0.764695547201627
ATG4B,4,0,0,0.647187438174544,NA,NA,NA,0.764727984444622
VRK1,8,0,0,0.647187438174544,NA,NA,NA,0.764851955152627
PRR5L,5,0,0,0.647482530927158,NA,NA,NA,0.764964318204698
SIN3A,9,0,0,0.647734905045929,NA,NA,NA,0.764967011953304
CYB5D2,9,0,0,0.647187438174544,NA,NA,NA,0.764975312529554
PYROXD1,9,0,0,0.646890453188021,NA,NA,NA,0.764976551118715
ZDHHC17,9,0,0,0.647679344036264,NA,NA,NA,0.765010709252754
SNN,8,0,0,0.647482530927158,NA,NA,NA,0.76503112634427
SMC6,11,0,0,0.647187438174544,NA,NA,NA,0.765043681958706
RYBP,12,0,0,0.647734905045929,NA,NA,NA,0.765102671746087
DCXR,4,0,0,0.647734905045929,NA,NA,NA,0.765150691280685
DSCR3,7,0,0,0.647679344036264,NA,NA,NA,0.765159671821647
GCC1,9,0,0,0.647482530927158,NA,NA,NA,0.765179019266987
COX7B,7,0,0,0.647482530927158,NA,NA,NA,0.765214967490193
SERTAD2,5,0,0,0.647986494205012,NA,NA,NA,0.765282323909357
DTD2,4,0,0,0.647986494205012,NA,NA,NA,0.765284763680806
SEC24A,7,0,0,0.647187438174544,NA,NA,NA,0.765303940772679
SRP72,13,0,0,0.647187438174544,NA,NA,NA,0.765311360132095
BRD7,13,0,0,0.647967770749094,NA,NA,NA,0.765327000794578
SLC30A1,7,0,0,0.647187438174544,NA,NA,NA,0.765354598669079
BTF3,8,0,0,0.647187438174544,NA,NA,NA,0.765473608251481
NUPL2,5,0,0,0.647187438174544,NA,NA,NA,0.765562011527438
MFSD11,11,0,0,0.647187438174544,NA,NA,NA,0.765573352288537
QSER1,6,0,0,0.647187438174544,NA,NA,NA,0.765598819871456
TXNL4A,14,0,0,0.647187438174544,NA,NA,NA,0.765690524061827
NCLN,6,0,0,0.648339098008999,NA,NA,NA,0.765793220496255
NEMP2,16,0,0,0.647187438174544,NA,NA,NA,0.765816145501472
COBLL1,9,0,0,0.647187438174544,NA,NA,NA,0.765969733013348
EBP,3,0,0,0.647187438174544,NA,NA,NA,0.766024835999516
PRSS12,7,0,0,0.647187438174544,NA,NA,NA,0.76603622870378
HOOK3,18,0,0,0.648339098008999,NA,NA,NA,0.766073708561485
TAF5,9,0,0,0.647187438174544,NA,NA,NA,0.766093009737576
PSENEN,5,0,0,0.647187438174544,NA,NA,NA,0.766146985896575
UHRF1BP1L,14,0,0,0.647187438174544,NA,NA,NA,0.766254105763267
CYP39A1,3,0,0,0.649001512912905,NA,NA,NA,0.766600571521563
MTMR3,14,0,0,0.649194009619255,NA,NA,NA,0.767391940411757
STX16,16,0,0,0.649194009619255,NA,NA,NA,0.767503354728815
HSBP1,16,0,0,0.649194009619255,NA,NA,NA,0.767534753623565
GZF1,10,0,0,0.649194009619255,NA,NA,NA,0.767563393633459
KRT7,15,0,0,0.649194009619255,NA,NA,NA,0.767692742635049
ARSJ,8,0,0,0.649194009619255,NA,NA,NA,0.767726786542345
GDF11,16,0,0,0.649194009619255,NA,NA,NA,0.76776222666684
MIOS,9,0,0,0.649194009619255,NA,NA,NA,0.767791641952069
CSK,6,0,0,0.649194009619255,NA,NA,NA,0.767817781691508
IDUA,4,0,0,0.649194009619255,NA,NA,NA,0.767915674632546
RPL36A-HNRNPH2,4,0,0,0.649194009619255,NA,NA,NA,0.767983789756004
ECHDC1,10,0,0,0.649194009619255,NA,NA,NA,0.767991106614684
FCHSD2,12,0,0,0.649194009619255,NA,NA,NA,0.768001765042807
TFDP1,9,0,0,0.649194009619255,NA,NA,NA,0.768012714348774
TMEM132A,2,0,0,0.649194009619255,NA,NA,NA,0.7680499425978
PCCB,11,0,0,0.649495681319339,NA,NA,NA,0.768070370880402
BORCS7,11,0,0,0.64957323976065,NA,NA,NA,0.768110846268622
UBE2B,25,0,0,0.649194009619255,NA,NA,NA,0.76811350722657
CANX,23,0,0,0.649495681319339,NA,NA,NA,0.768142830646829
C17orf51,15,0,0,0.649194009619255,NA,NA,NA,0.768189829943076
EPAS1,6,0,0,0.649194009619255,NA,NA,NA,0.76821725236297
KIAA1671,4,0,0,0.649194009619255,NA,NA,NA,0.768246892843618
TNFAIP8,13,0,0,0.649194009619255,NA,NA,NA,0.768258485167905
CEP97,11,0,0,0.649194009619255,NA,NA,NA,0.768262604361084
THUMPD3,20,0,0,0.649194009619255,NA,NA,NA,0.768277963197522
IKZF5,4,0,0,0.649194009619255,NA,NA,NA,0.768280538964112
GABPA,6,0,0,0.649909862928888,NA,NA,NA,0.769379358137685
XPO4,18,0,0,0.649909862928888,NA,NA,NA,0.769419964179026
CHMP2B,5,0,0,0.649909862928888,NA,NA,NA,0.769552127429416
CCSAP,7,0,0,0.649909862928888,NA,NA,NA,0.770096884392784
SOCS6,9,0,0,0.649909862928888,NA,NA,NA,0.770129403061148
SYNE3,8,0,0,0.649909862928888,NA,NA,NA,0.770307261888704
PARPBP,15,0,0,0.649909862928888,NA,NA,NA,0.770557381608319
VPS13B,3,0,0,0.649909862928888,NA,NA,NA,0.770600388852272
PWP2,3,0,0,0.649909862928888,NA,NA,NA,0.770668652836512
SLCO4A1,4,0,0,0.649909862928888,NA,NA,NA,0.770700364371504
PLD1,9,0,0,0.649909862928888,NA,NA,NA,0.770790151036392
SRD5A3,8,0,0,0.649948772672256,NA,NA,NA,0.770816702969488
ANKRD29,6,0,0,0.649909862928888,NA,NA,NA,0.770950784642887
TBRG4,10,0,0,0.649909862928888,NA,NA,NA,0.771155615056837
CREB3,7,0,0,0.650136599932617,NA,NA,NA,0.771195342802927
USP35,5,0,0,0.651180532549106,NA,NA,NA,0.772595244307178
ACOT8,3,0,0,0.651785436696255,NA,NA,NA,0.773055154071106
SARAF,10,0,0,0.651785436696255,NA,NA,NA,0.773148003462131
WIPF1,9,0,0,0.651626245744486,NA,NA,NA,0.773167529394706
TMEM106B,11,0,0,0.651785436696255,NA,NA,NA,0.773302961561786
XPO1,12,0,0,0.651785436696255,NA,NA,NA,0.773326645396026
FHDC1,3,0,0,0.651785436696255,NA,NA,NA,0.773411913082521
RCHY1,10,0,0,0.65203968122823,NA,NA,NA,0.773447687902489
FXYD5,4,0,0,0.651785436696255,NA,NA,NA,0.77351869545464
FAM222A,5,0,0,0.651785436696255,NA,NA,NA,0.773544789367257
KLF11,6,0,0,0.651785436696255,NA,NA,NA,0.773577576001306
CUL2,9,0,0,0.652060393874469,NA,NA,NA,0.773608914809961
TXNDC17,8,0,0,0.651785436696255,NA,NA,NA,0.773726620813777
SMIM20,5,0,0,0.651785436696255,NA,NA,NA,0.773824305045139
PIGK,14,0,0,0.651785436696255,NA,NA,NA,0.77391557415638
FPGT,9,0,0,0.65178077830777,NA,NA,NA,0.773932341634506
NDUFAF1,2,0,0,0.651785436696255,NA,NA,NA,0.773979652164474
ATP5J,7,0,0,0.65178077830777,NA,NA,NA,0.774001422364128
CDKN3,6,0,0,0.651785436696255,NA,NA,NA,0.77406380799414
ELP4,12,0,0,0.651785436696255,NA,NA,NA,0.774073480036772
MATR3,19,0,0,0.651785436696255,NA,NA,NA,0.774103635135064
HDGFL3,30,0,0,0.651785436696255,NA,NA,NA,0.77413987756573
CCNYL1,8,0,0,0.65178077830777,NA,NA,NA,0.774151218759802
ZDHHC21,20,0,0,0.651785436696255,NA,NA,NA,0.774218487175127
RPS6KA2,5,0,0,0.651785436696255,NA,NA,NA,0.774362314735591
LGALSL,5,0,0,0.651785436696255,NA,NA,NA,0.774371714431922
C12orf73,9,0,0,0.651785436696255,NA,NA,NA,0.774404732149523
C5orf30,7,0,0,0.651785436696255,NA,NA,NA,0.774623405596565
PLEKHA3,2,0,0,0.653085682796485,NA,NA,NA,0.774628113900906
C4orf33,3,0,0,0.651785436696255,NA,NA,NA,0.774678987051586
STAG2,7,0,0,0.653085682796485,NA,NA,NA,0.774763046253842
N4BP1,6,0,0,0.653085682796485,NA,NA,NA,0.774925295962221
SNAPC1,10,0,0,0.653085682796485,NA,NA,NA,0.775127479736109
SLC12A4,2,0,0,0.65397355031729,NA,NA,NA,0.775579979003333
IDI1,9,0,0,0.654703928632469,NA,NA,NA,0.776261767119974
BLOC1S4,9,0,0,0.654777721054795,NA,NA,NA,0.776379051866946
MBOAT2,22,0,0,0.654703928632469,NA,NA,NA,0.776383285983211
EMC2,11,0,0,0.654777721054795,NA,NA,NA,0.776550298430034
DPY19L1,14,0,0,0.654777721054795,NA,NA,NA,0.776656139815669
TK2,10,0,0,0.654777721054795,NA,NA,NA,0.77679683906635
KLF3,20,0,0,0.654777721054795,NA,NA,NA,0.776870685653247
FAM177A1,12,0,0,0.654777721054795,NA,NA,NA,0.77691310106965
C1GALT1C1,16,0,0,0.655181610923914,NA,NA,NA,0.77694143487064
SLF2,6,0,0,0.654777721054795,NA,NA,NA,0.776949261501183
TPGS1,3,0,0,0.654777721054795,NA,NA,NA,0.776971667978663
NPC1,17,0,0,0.654777721054795,NA,NA,NA,0.777002271905342
ASCC3,6,0,0,0.654777721054795,NA,NA,NA,0.777059562402908
SH3RF2,7,0,0,0.654777721054795,NA,NA,NA,0.77710286066497
YRDC,6,0,0,0.655181610923914,NA,NA,NA,0.777621354163196
CLN5,8,0,0,0.655238494071748,NA,NA,NA,0.777792444718595
SLC25A20,2,0,0,0.655510863179168,NA,NA,NA,0.778463417861424
MRPS25,8,0,0,0.655916392595856,NA,NA,NA,0.77892836899957
MZT2B,2,0,0,0.657146641123393,NA,NA,NA,0.780738442204396
GJB2,4,0,0,0.657146641123393,NA,NA,NA,0.780777766433998
GMPS,23,0,0,0.657146641123393,NA,NA,NA,0.7809428604151
GPCPD1,6,0,0,0.657146641123393,NA,NA,NA,0.780966245627807
EIF3M,9,0,0,0.657146641123393,NA,NA,NA,0.781016750464654
SLC38A9,7,0,0,0.657146641123393,NA,NA,NA,0.781035175899064
YWHAZ,28,0,0,0.657423196551258,NA,NA,NA,0.781125667426132
SELENOS,5,0,0,0.657724917445418,NA,NA,NA,0.781540556745835
GTPBP8,15,0,0,0.658156787100037,NA,NA,NA,0.781792565822447
TGIF2-C20orf24,6,0,0,0.658171147012183,NA,NA,NA,0.781819858868391
MKRN2,17,0,0,0.658403025718329,NA,NA,NA,0.78193987554102
AP5M1,14,0,0,0.658156787100037,NA,NA,NA,0.781978886535839
ZNF136,5,0,0,0.658749047340693,NA,NA,NA,0.782421357621725
EPM2AIP1,10,0,0,0.658818376406535,NA,NA,NA,0.782469325284606
S100PBP,7,0,0,0.658918786370552,NA,NA,NA,0.782620144540548
MTFMT,3,0,0,0.659364298163296,NA,NA,NA,0.782791429909238
KIF11,10,0,0,0.659609929916135,NA,NA,NA,0.782812512863354
ADCY9,5,0,0,0.659544507025099,NA,NA,NA,0.782859425635764
TPD52L1,4,0,0,0.659330746265644,NA,NA,NA,0.782870323879715
ASS1,5,0,0,0.659330746265644,NA,NA,NA,0.783025230615611
DECR1,9,0,0,0.659330746265644,NA,NA,NA,0.783110561227232
SLC17A5,4,0,0,0.66003359701588,NA,NA,NA,0.783380501989862
ZNF236,7,0,0,0.660536559317882,NA,NA,NA,0.78411422458509
APOBEC3F,3,0,0,0.660747653924595,NA,NA,NA,0.784791372239894
KDELR1,4,0,0,0.660999792700886,NA,NA,NA,0.784930855697371
SP5,2,0,0,0.660747653924595,NA,NA,NA,0.784995645709856
ELAVL1,10,0,0,0.661155919241494,NA,NA,NA,0.785040061833832
SLC7A6OS,16,0,0,0.660747653924595,NA,NA,NA,0.785171039764339
AIMP1,9,0,0,0.660747653924595,NA,NA,NA,0.785236900186282
LYRM7,17,0,0,0.661233448305933,NA,NA,NA,0.78544032802725
RDH11,14,0,0,0.661176140741486,NA,NA,NA,0.78549592393291
AKAP9,7,0,0,0.661155919241494,NA,NA,NA,0.785533715923928
RBM38,4,0,0,0.661176140741486,NA,NA,NA,0.785623690955421
PITPNB,6,0,0,0.662831538522004,NA,NA,NA,0.786466339711794
INO80D,2,0,0,0.662831538522004,NA,NA,NA,0.786711062870566
LMLN,7,0,0,0.662831538522004,NA,NA,NA,0.786770411055161
PARP8,7,0,0,0.663209376464281,NA,NA,NA,0.786897924684459
JAG1,7,0,0,0.662831538522004,NA,NA,NA,0.786960035343614
GTF2A1,16,0,0,0.662831538522004,NA,NA,NA,0.786977950834852
PDPK1,10,0,0,0.662831538522004,NA,NA,NA,0.787044630816985
MRPS23,11,0,0,0.663266548593838,NA,NA,NA,0.787118260045356
LOC400927-CSNK1E,7,0,0,0.663266548593838,NA,NA,NA,0.787127756535481
TEAD1,21,0,0,0.662831538522004,NA,NA,NA,0.787152508761244
TMX4,26,0,0,0.662831538522004,NA,NA,NA,0.787222924316752
FAM49B,7,0,0,0.662831538522004,NA,NA,NA,0.787225627855252
ATXN3,11,0,0,0.663266548593838,NA,NA,NA,0.787236174330019
B9D1,2,0,0,0.662831538522004,NA,NA,NA,0.78723968743063
CEP68,6,0,0,0.663266548593838,NA,NA,NA,0.787285428730635
AP2A2,4,0,0,0.662831538522004,NA,NA,NA,0.787285853254204
CPSF6,29,0,0,0.663266548593838,NA,NA,NA,0.787287141334596
C7orf25,5,0,0,0.663266548593838,NA,NA,NA,0.787307079449741
PDHX,10,0,0,0.663266548593838,NA,NA,NA,0.787320884312457
SFXN4,3,0,0,0.663266548593838,NA,NA,NA,0.787346572006073
TRIM65,5,0,0,0.663307701224959,NA,NA,NA,0.787534529154361
TRAPPC2L,3,0,0,0.663319722047908,NA,NA,NA,0.787547161081928
OGFOD3,11,0,0,0.663724044846619,NA,NA,NA,0.788441784460415
TRIM32,14,0,0,0.663833470886677,NA,NA,NA,0.788677131117954
ZNF704,14,0,0,0.663833470886677,NA,NA,NA,0.788836391878685
AKAP2,8,0,0,0.663962758062032,NA,NA,NA,0.789347307184971
SMIM8,5,0,0,0.663962758062032,NA,NA,NA,0.789450028893219
TMEM65,27,0,0,0.664470086788892,NA,NA,NA,0.790175762152352
TTC21B,8,0,0,0.664590649117454,NA,NA,NA,0.790182488484247
VSIG10,12,0,0,0.66525401904765,NA,NA,NA,0.790328929708807
HSPB11,6,0,0,0.66525401904765,NA,NA,NA,0.79052399951064
SUSD4,4,0,0,0.665064687293338,NA,NA,NA,0.790541968027515
HIST1H2AG,4,0,0,0.665175244615616,NA,NA,NA,0.790593300427731
NME6,7,0,0,0.66553335515995,NA,NA,NA,0.790628431551912
OFD1,6,0,0,0.66525401904765,NA,NA,NA,0.790728676961016
IRS1,13,0,0,0.66525401904765,NA,NA,NA,0.790780079657398
UGDH,11,0,0,0.665651907168605,NA,NA,NA,0.790829695520517
ARL5A,28,0,0,0.666111136744729,NA,NA,NA,0.791481411900578
DBF4,5,0,0,0.666176700821801,NA,NA,NA,0.791538362713814
MBNL1,4,0,0,0.666439833681822,NA,NA,NA,0.791708396130141
ANXA6,7,0,0,0.66754168661872,NA,NA,NA,0.791722571339164
ECD,10,0,0,0.666176700821801,NA,NA,NA,0.791741683262536
SCFD2,4,0,0,0.666176700821801,NA,NA,NA,0.791773877744042
CCM2,3,0,0,0.667461585750807,NA,NA,NA,0.791869339150681
SLC36A4,13,0,0,0.667130141747121,NA,NA,NA,0.791879675455933
NSA2,17,0,0,0.666759756649854,NA,NA,NA,0.791913440648866
USP42,6,0,0,0.66754168661872,NA,NA,NA,0.791932804268455
DNAJC6,3,0,0,0.667130141747121,NA,NA,NA,0.791995133883099
TBC1D8,6,0,0,0.66688766498758,NA,NA,NA,0.792052141959155
DAAM1,13,0,0,0.667461585750807,NA,NA,NA,0.792122815726546
KIN,6,0,0,0.668088636207229,NA,NA,NA,0.792152828734408
EIF2S3,21,0,0,0.667130141747121,NA,NA,NA,0.792201337680762
CCDC47,14,0,0,0.667130141747121,NA,NA,NA,0.792258210501545
SCAF4,6,0,0,0.667461585750807,NA,NA,NA,0.792276687160194
CFLAR,17,0,0,0.668803861340344,NA,NA,NA,0.79274987312522
TMEM199,9,0,0,0.669082849377514,NA,NA,NA,0.792913575950772
IL13RA1,10,0,0,0.669692649217566,NA,NA,NA,0.792931680131116
ZNF639,16,0,0,0.669451552182572,NA,NA,NA,0.793166212496113
SNX9,3,0,0,0.669692649217566,NA,NA,NA,0.793168276599325
ZNF543,16,0,0,0.669692649217566,NA,NA,NA,0.793234831650613
PTPA,6,0,0,0.669692649217566,NA,NA,NA,0.793292715664239
CYP20A1,14,0,0,0.66967921746807,NA,NA,NA,0.793370434985352
SERTAD1,2,0,0,0.66967921746807,NA,NA,NA,0.793562196352333
INHBA,9,0,0,0.66967921746807,NA,NA,NA,0.793717783610649
RBM39,11,0,0,0.66967921746807,NA,NA,NA,0.793741162141233
CFI,4,0,0,0.66967921746807,NA,NA,NA,0.793817587804888
CLCN4,9,0,0,0.670486004137798,NA,NA,NA,0.793932445713153
C5orf51,6,0,0,0.670635156168168,NA,NA,NA,0.794005736149622
GPAT4,9,0,0,0.66967921746807,NA,NA,NA,0.794006857537891
ZNF585B,6,0,0,0.671297128052848,NA,NA,NA,0.794824976939268
ENDOD1,10,0,0,0.671297128052848,NA,NA,NA,0.794916155557529
CCNB1,11,0,0,0.671297128052848,NA,NA,NA,0.795068345290502
SDF4,4,0,0,0.671297128052848,NA,NA,NA,0.795228165721816
COX20,19,0,0,0.672122322767037,NA,NA,NA,0.795787229263151
IRF2,4,0,0,0.672122322767037,NA,NA,NA,0.796000962871445
IL15,4,0,0,0.671964081479369,NA,NA,NA,0.796061958240579
BCKDK,8,0,0,0.672122322767037,NA,NA,NA,0.796087664374655
FEM1C,9,0,0,0.671964081479369,NA,NA,NA,0.79614779843601
LSM6,10,0,0,0.671964081479369,NA,NA,NA,0.796179435226472
ZNF225,10,0,0,0.671964081479369,NA,NA,NA,0.796231609191133
UBR5,8,0,0,0.671964081479369,NA,NA,NA,0.796236271909692
MYO1B,9,0,0,0.672122322767037,NA,NA,NA,0.79627797523531
EXOSC9,3,0,0,0.672122322767037,NA,NA,NA,0.796327436124556
MBTPS2,12,0,0,0.672122322767037,NA,NA,NA,0.796348890193676
PLCB3,7,0,0,0.672936906845713,NA,NA,NA,0.796365879754312
PDCD2,16,0,0,0.671964081479369,NA,NA,NA,0.796441572724385
WDR37,8,0,0,0.671964081479369,NA,NA,NA,0.796503287733848
SCOC,6,0,0,0.671964081479369,NA,NA,NA,0.796570535393812
N4BP2L2,5,0,0,0.672936906845713,NA,NA,NA,0.796584982056727
LSM3,12,0,0,0.671964081479369,NA,NA,NA,0.796660917160141
ATPAF1,5,0,0,0.671964081479369,NA,NA,NA,0.796662788493737
TBP,6,0,0,0.67335887425267,NA,NA,NA,0.796669451038394
ROBO4,2,0,0,0.673491988461113,NA,NA,NA,0.796899324030747
EIF3A,8,0,0,0.673519639374457,NA,NA,NA,0.79705286390076
CREB5,6,0,0,0.673491988461113,NA,NA,NA,0.797053184625896
HAUS1,3,0,0,0.673519639374457,NA,NA,NA,0.797159179748924
MED31,11,0,0,0.674787692189406,NA,NA,NA,0.797451944054115
EIF3B,2,0,0,0.674731258122221,NA,NA,NA,0.797480967783888
GINM1,18,0,0,0.674731258122221,NA,NA,NA,0.797599710611137
GTF2E1,5,0,0,0.674787692189406,NA,NA,NA,0.797698541445598
GID8,12,0,0,0.674731258122221,NA,NA,NA,0.797765061584504
NOP9,6,0,0,0.674731258122221,NA,NA,NA,0.797812224958153
MCUB,14,0,0,0.674166022279369,NA,NA,NA,0.797841539572075
KDM6B,4,0,0,0.674161774979496,NA,NA,NA,0.797869668568942
RBM33,7,0,0,0.674731258122221,NA,NA,NA,0.797876395358791
FBXO21,17,0,0,0.675040559819259,NA,NA,NA,0.79788305336142
ARFGAP3,7,0,0,0.674731258122221,NA,NA,NA,0.797904688540187
EI24,9,0,0,0.675040559819259,NA,NA,NA,0.797942980028574
WDR89,10,0,0,0.675040559819259,NA,NA,NA,0.797958520922754
PHF12,4,0,0,0.674731258122221,NA,NA,NA,0.798028051258806
MRI1,5,0,0,0.674166022279369,NA,NA,NA,0.798036564310314
ADD1,5,0,0,0.674166022279369,NA,NA,NA,0.798040498382759
RAD21,3,0,0,0.674166022279369,NA,NA,NA,0.79808083241175
P4HTM,2,0,0,0.675040559819259,NA,NA,NA,0.79809530155606
NCOA2,5,0,0,0.674166022279369,NA,NA,NA,0.798151483214722
EPC2,13,0,0,0.674702101460707,NA,NA,NA,0.798288547130082
P3H2,6,0,0,0.674731258122221,NA,NA,NA,0.798298931664332
FBXO8,6,0,0,0.674674328372695,NA,NA,NA,0.798305248075642
PLA2G12A,28,0,0,0.674166022279369,NA,NA,NA,0.798375256953484
LAMB1,5,0,0,0.674731258122221,NA,NA,NA,0.798380160862723
IRAK1BP1,16,0,0,0.674674328372695,NA,NA,NA,0.79847891708287
ZNF232,4,0,0,0.674702101460707,NA,NA,NA,0.798511470557788
ZNF527,10,0,0,0.674674328372695,NA,NA,NA,0.798688215824053
KCTD3,9,0,0,0.676048800504452,NA,NA,NA,0.798950409830184
IDH2,4,0,0,0.675659979579389,NA,NA,NA,0.798972853725309
C1orf112,10,0,0,0.675613716941065,NA,NA,NA,0.799040306968178
GOLT1B,7,0,0,0.675914717213823,NA,NA,NA,0.799044231834425
CARNMT1,6,0,0,0.676048800504452,NA,NA,NA,0.799171625812892
EIF1,8,0,0,0.676417762973072,NA,NA,NA,0.799200130981019
DCLRE1A,2,0,0,0.675551198328182,NA,NA,NA,0.79920488285889
ATP6V0B,2,0,0,0.676545621868922,NA,NA,NA,0.799254233721331
ZMYND11,10,0,0,0.675914717213823,NA,NA,NA,0.799264022928826
PWWP2A,7,0,0,0.675613716941065,NA,NA,NA,0.79930389547961
CCDC171,4,0,0,0.675551198328182,NA,NA,NA,0.799309954491769
MCM10,11,0,0,0.675914717213823,NA,NA,NA,0.799375481101871
CEP72,9,0,0,0.675551198328182,NA,NA,NA,0.799577039001759
WDHD1,13,0,0,0.676944626742796,NA,NA,NA,0.799631412011128
DCTN6,17,0,0,0.676924498252606,NA,NA,NA,0.799678018735046
UHMK1,18,0,0,0.675551198328182,NA,NA,NA,0.799726079125871
ESCO2,10,0,0,0.676944626742796,NA,NA,NA,0.799839635297066
BMPR2,17,0,0,0.675551198328182,NA,NA,NA,0.799867517159412
RAD54B,2,0,0,0.677139994691957,NA,NA,NA,0.799869462097159
SEMA5A,7,0,0,0.676924498252606,NA,NA,NA,0.799888568679613
ZNF595,3,0,0,0.675551198328182,NA,NA,NA,0.799959317531268
RAB2B,6,0,0,0.675551198328182,NA,NA,NA,0.800210224074114
OMA1,3,0,0,0.67797820959464,NA,NA,NA,0.800579041510496
ALS2CL,6,0,0,0.678301826845886,NA,NA,NA,0.800885847696687
SNX13,10,0,0,0.678375317879364,NA,NA,NA,0.800947881093578
ZNF181,4,0,0,0.678301826845886,NA,NA,NA,0.800988712618417
ZFHX3,7,0,0,0.679105322084714,NA,NA,NA,0.801709440037666
UHRF1,6,0,0,0.679607574968063,NA,NA,NA,0.802225977946278
COL6A1,4,0,0,0.679607574968063,NA,NA,NA,0.802383087855162
TRIM33,11,0,0,0.679607574968063,NA,NA,NA,0.802635352127137
STAU2,7,0,0,0.679607574968063,NA,NA,NA,0.802695007422176
ATF1,10,0,0,0.680383442787773,NA,NA,NA,0.802963830014727
HAUS5,8,0,0,0.680182850810887,NA,NA,NA,0.802993745226387
FNDC4,2,0,0,0.680383442787773,NA,NA,NA,0.803093352856706
VPS72,4,0,0,0.680995659220151,NA,NA,NA,0.803767104987644
SELENOI,17,0,0,0.681598839602105,NA,NA,NA,0.804311238086774
RC3H2,23,0,0,0.681598839602105,NA,NA,NA,0.80451717654044
CCDC120,3,0,0,0.681588543928554,NA,NA,NA,0.804754812242802
IFNAR1,22,0,0,0.681598839602105,NA,NA,NA,0.804754919868294
RUBCN,11,0,0,0.681588543928554,NA,NA,NA,0.804801616416446
TMEM87A,10,0,0,0.681598839602105,NA,NA,NA,0.804923845048801
PJVK,2,0,0,0.682289595145523,NA,NA,NA,0.805189847969568
DEK,21,0,0,0.682306554559955,NA,NA,NA,0.805271484701597
CKAP2,12,0,0,0.682306554559955,NA,NA,NA,0.805455334830421
LRRCC1,6,0,0,0.682306554559955,NA,NA,NA,0.805576806729357
C11orf98,6,0,0,0.682306554559955,NA,NA,NA,0.805614965298415
UVSSA,6,0,0,0.682306554559955,NA,NA,NA,0.8058109986037
RLN2,3,0,0,0.683024301809938,NA,NA,NA,0.806333141716084
ZDHHC2,27,0,0,0.683210343488482,NA,NA,NA,0.806585955999626
CRNKL1,26,0,0,0.68323881096042,NA,NA,NA,0.80663101880053
GTF2F1,12,0,0,0.683282785779733,NA,NA,NA,0.806769048042994
RAB7A,13,0,0,0.683282785779733,NA,NA,NA,0.806779095718636
OPN3,5,0,0,0.68330648810911,NA,NA,NA,0.807142639774929
RNF8,6,0,0,0.683395736282723,NA,NA,NA,0.807160888602485
CBX5,25,0,0,0.683395736282723,NA,NA,NA,0.807419175978746
EHD3,6,0,0,0.684392905087954,NA,NA,NA,0.808550770339375
UNC119B,4,0,0,0.684511789957977,NA,NA,NA,0.808562184314352
TRMT61B,2,0,0,0.684511789957977,NA,NA,NA,0.808595139945759
ATG2A,2,0,0,0.684081798045235,NA,NA,NA,0.808635865377246
ATP10D,5,0,0,0.684392905087954,NA,NA,NA,0.808640425555114
IMPDH2,2,0,0,0.684081798045235,NA,NA,NA,0.808757897726823
ACER2,4,0,0,0.684392905087954,NA,NA,NA,0.808784394291378
GNG11,7,0,0,0.684392905087954,NA,NA,NA,0.8088421957715
SACS,2,0,0,0.684392905087954,NA,NA,NA,0.808888616486538
YDJC,4,0,0,0.684392905087954,NA,NA,NA,0.809137787113209
ZNF737,7,0,0,0.684392905087954,NA,NA,NA,0.809145660809644
PSMG4,6,0,0,0.684392905087954,NA,NA,NA,0.809147327904692
FBRS,2,0,0,0.684392905087954,NA,NA,NA,0.80915644321107
MRRF,10,0,0,0.684392905087954,NA,NA,NA,0.809161690489187
KIAA0232,5,0,0,0.684081798045235,NA,NA,NA,0.809218972717842
PCDHB16,4,0,0,0.684392905087954,NA,NA,NA,0.809317700245371
KLHL5,17,0,0,0.684392905087954,NA,NA,NA,0.809390098688631
TIMM10B,14,0,0,0.685249192009533,NA,NA,NA,0.809398663299383
ZNF816-ZNF321P,7,0,0,0.686001639751338,NA,NA,NA,0.809399651833939
ACYP1,4,0,0,0.685638932329144,NA,NA,NA,0.809436729567003
ZBED4,15,0,0,0.686180112187796,NA,NA,NA,0.809459705784082
SHPRH,2,0,0,0.685206889247381,NA,NA,NA,0.809471446841027
CLPB,20,0,0,0.686514580392571,NA,NA,NA,0.809485846579346
MLF1,5,0,0,0.685998182663547,NA,NA,NA,0.809509908667358
B4GALT4,6,0,0,0.684392905087954,NA,NA,NA,0.809552916480163
CDC42EP2,10,0,0,0.685638932329144,NA,NA,NA,0.809594725677073
SH3BGRL2,7,0,0,0.684392905087954,NA,NA,NA,0.809621827109007
CHST14,4,0,0,0.686514580392571,NA,NA,NA,0.809676147323211
ST6GALNAC6,3,0,0,0.686485833337725,NA,NA,NA,0.809684882458422
STK39,8,0,0,0.686485833337725,NA,NA,NA,0.80971482801591
SND1,12,0,0,0.685998182663547,NA,NA,NA,0.809732990485184
TATDN3,7,0,0,0.685872417487608,NA,NA,NA,0.809793403805772
DIRC2,9,0,0,0.685638932329144,NA,NA,NA,0.809857422157691
CHIC1,7,0,0,0.686925294468617,NA,NA,NA,0.809957969476202
CHCHD3,7,0,0,0.685998182663547,NA,NA,NA,0.809973892820471
DCTN4,16,0,0,0.685872417487608,NA,NA,NA,0.809985166976053
FBXL3,16,0,0,0.685998182663547,NA,NA,NA,0.810070509129767
RTL10,12,0,0,0.685872417487608,NA,NA,NA,0.810119788435858
RELT,8,0,0,0.685998182663547,NA,NA,NA,0.810132543804454
STT3A,10,0,0,0.685998182663547,NA,NA,NA,0.810273740379611
SERP1,14,0,0,0.685998182663547,NA,NA,NA,0.810354258913817
RBM15B,14,0,0,0.685872417487608,NA,NA,NA,0.810386075091028
FH,5,0,0,0.685998182663547,NA,NA,NA,0.810554324496907
RDH5,3,0,0,0.68785850509595,NA,NA,NA,0.811183790628233
FAM210A,11,0,0,0.688365377535196,NA,NA,NA,0.811725646853816
LZTFL1,11,0,0,0.688362342207215,NA,NA,NA,0.811836561967771
OPTN,10,0,0,0.688352078271998,NA,NA,NA,0.811933554206014
ZSCAN29,4,0,0,0.688352078271998,NA,NA,NA,0.811961103002203
WNT9A,2,0,0,0.688362342207215,NA,NA,NA,0.812102116000897
NPLOC4,5,0,0,0.689233418525356,NA,NA,NA,0.812608930117859
DCPS,7,0,0,0.690778231761539,NA,NA,NA,0.814024197118545
SSH2,8,0,0,0.691028401237445,NA,NA,NA,0.81431679767155
SUFU,4,0,0,0.691028401237445,NA,NA,NA,0.814388791416071
GGA3,4,0,0,0.691780268673256,NA,NA,NA,0.815011667782313
PSMB2,17,0,0,0.691754862791543,NA,NA,NA,0.815101396198892
TIAL1,13,0,0,0.691754862791543,NA,NA,NA,0.815369735203035
PGBD2,7,0,0,0.693012745256429,NA,NA,NA,0.816445846376964
KANSL2,6,0,0,0.693497783948775,NA,NA,NA,0.817140263792502
ADSL,16,0,0,0.693647651310356,NA,NA,NA,0.817557850208934
PTPN1,10,0,0,0.694010574843059,NA,NA,NA,0.818120417064133
UBN2,13,0,0,0.694010574843059,NA,NA,NA,0.818158692563425
THTPA,5,0,0,0.694010574843059,NA,NA,NA,0.818349311268077
UBE2H,12,0,0,0.694010574843059,NA,NA,NA,0.818497788039521
KLF10,5,0,0,0.694010574843059,NA,NA,NA,0.818647421596446
CGAS,5,0,0,0.694221007092938,NA,NA,NA,0.818736014078595
HABP4,5,0,0,0.694010574843059,NA,NA,NA,0.81877522181891
ZNRF1,3,0,0,0.694010574843059,NA,NA,NA,0.818797125858073
WIPI2,11,0,0,0.694010574843059,NA,NA,NA,0.818929322491755
MINOS1,2,0,0,0.694010574843059,NA,NA,NA,0.818938007018651
TSPAN13,7,0,0,0.694010574843059,NA,NA,NA,0.819037638976498
ZSCAN23,2,0,0,0.694010574843059,NA,NA,NA,0.819285498357685
MTX3,7,0,0,0.694010574843059,NA,NA,NA,0.819305739547673
TLE4,7,0,0,0.694010574843059,NA,NA,NA,0.819459879706137
CDK12,18,0,0,0.694010574843059,NA,NA,NA,0.819703438255722
PQLC2,3,0,0,0.694010574843059,NA,NA,NA,0.819756449071718
ZSCAN31,4,0,0,0.694633773716728,NA,NA,NA,0.819824677245684
LSM5,15,0,0,0.694633773716728,NA,NA,NA,0.819956620877794
HDDC2,11,0,0,0.694959822890623,NA,NA,NA,0.820334534097883
FSD1L,12,0,0,0.69568670869852,NA,NA,NA,0.821105568390296
PSAT1,5,0,0,0.695632450720209,NA,NA,NA,0.821165395522723
HADHA,5,0,0,0.695338620213958,NA,NA,NA,0.821269284656979
RBM41,11,0,0,0.695632450720209,NA,NA,NA,0.8213156572651
ARHGEF2,10,0,0,0.695632450720209,NA,NA,NA,0.821393882895047
TMTC4,4,0,0,0.695271039316471,NA,NA,NA,0.821435398078418
LONRF1,6,0,0,0.695632450720209,NA,NA,NA,0.821474672609764
R3HDM4,2,0,0,0.69568670869852,NA,NA,NA,0.821475546061722
GSE1,10,0,0,0.695632450720209,NA,NA,NA,0.821497871203154
FAM168B,11,0,0,0.695338620213958,NA,NA,NA,0.821521032571905
GLUL,16,0,0,0.695632450720209,NA,NA,NA,0.821569462955776
C15orf38-AP3S2,12,0,0,0.69568670869852,NA,NA,NA,0.82172888417476
URB1,15,0,0,0.69568670869852,NA,NA,NA,0.821953770338739
C11orf1,2,0,0,0.69568670869852,NA,NA,NA,0.822199354097098
STARD9,7,0,0,0.69568670869852,NA,NA,NA,0.822234580708383
MAVS,16,0,0,0.69568670869852,NA,NA,NA,0.822251381727347
RASAL2,11,0,0,0.695826667793438,NA,NA,NA,0.822559179915421
PRKCA,9,0,0,0.695960859065907,NA,NA,NA,0.822573076704631
JPT1,4,0,0,0.695995734014314,NA,NA,NA,0.822642786113782
PABPC1,18,0,0,0.696258527364198,NA,NA,NA,0.823291663775248
FNBP1,3,0,0,0.696258527364198,NA,NA,NA,0.823387989610254
SLC29A2,3,0,0,0.696316702326074,NA,NA,NA,0.82341574093784
EIF4EBP1,4,0,0,0.697232966458623,NA,NA,NA,0.824158926319987
ZNF562,15,0,0,0.697845178176062,NA,NA,NA,0.824205245022669
CIPC,4,0,0,0.697232966458623,NA,NA,NA,0.82429334546794
ORC1,8,0,0,0.697169785079223,NA,NA,NA,0.824330165072535
WDR4,9,0,0,0.697845178176062,NA,NA,NA,0.82433799371974
SH3BP5,7,0,0,0.698239911908191,NA,NA,NA,0.824354270964383
SUMO3,14,0,0,0.69710530995192,NA,NA,NA,0.824384074754215
G3BP2,21,0,0,0.698170744936838,NA,NA,NA,0.824403418418643
ADAR,6,0,0,0.697704974583861,NA,NA,NA,0.824417816721671
RAB14,13,0,0,0.697480700415942,NA,NA,NA,0.824433421445885
ST5,3,0,0,0.696916553783717,NA,NA,NA,0.824434172681362
NSMF,5,0,0,0.69834843437685,NA,NA,NA,0.824494003964185
ATP11B,9,0,0,0.697678068106222,NA,NA,NA,0.824507909932027
HILPDA,13,0,0,0.697845178176062,NA,NA,NA,0.82458337739483
TEAD4,2,0,0,0.69710530995192,NA,NA,NA,0.824640210172957
MIA3,18,0,0,0.698990433827728,NA,NA,NA,0.824996958328221
FGGY,2,0,0,0.699113687339978,NA,NA,NA,0.8253015809522
ATP5O,4,0,0,0.699157609268297,NA,NA,NA,0.825374478370889
VDAC3,5,0,0,0.699445807013055,NA,NA,NA,0.82581696556677
GPR156,5,0,0,0.69947779524229,NA,NA,NA,0.825825862051006
ZNF461,5,0,0,0.69947779524229,NA,NA,NA,0.826002760612526
ANKS6,8,0,0,0.69947779524229,NA,NA,NA,0.826203631228792
JPT2,26,0,0,0.700199546115725,NA,NA,NA,0.826555426291251
TPM4,12,0,0,0.700661298001876,NA,NA,NA,0.827325309275122
SEC62,16,0,0,0.70079330148227,NA,NA,NA,0.827372950272287
SPX,4,0,0,0.70079330148227,NA,NA,NA,0.827390699432181
PPARA,7,0,0,0.701711928959699,NA,NA,NA,0.828147884408585
KCNIP3,2,0,0,0.702218360957431,NA,NA,NA,0.828436096221447
C1R,3,0,0,0.702218360957431,NA,NA,NA,0.828629882987462
USP49,9,0,0,0.702218360957431,NA,NA,NA,0.828864563015519
CEP112,2,0,0,0.702588389265194,NA,NA,NA,0.829367947997311
LPCAT2,9,0,0,0.702784630785294,NA,NA,NA,0.82956158312091
ARID1B,6,0,0,0.702784630785294,NA,NA,NA,0.829565880070403
MELK,6,0,0,0.702588389265194,NA,NA,NA,0.829633057462014
PAAF1,4,0,0,0.704362169851984,NA,NA,NA,0.830715037849093
MRPL4,2,0,0,0.704266888019023,NA,NA,NA,0.830721971097489
UBE2K,23,0,0,0.704362169851984,NA,NA,NA,0.830729672103824
SERPINE2,8,0,0,0.704404992120746,NA,NA,NA,0.830836363777618
TIMM17A,14,0,0,0.704266888019023,NA,NA,NA,0.830944848754565
COL6A3,4,0,0,0.704404992120746,NA,NA,NA,0.830990750201723
WASL,12,0,0,0.704266888019023,NA,NA,NA,0.83119909793174
TAF1B,13,0,0,0.704266888019023,NA,NA,NA,0.831249652402347
SNX33,4,0,0,0.704016526195182,NA,NA,NA,0.831266528168827
PTCD3,22,0,0,0.704998140240574,NA,NA,NA,0.83128851489117
AGO1,17,0,0,0.704266888019023,NA,NA,NA,0.831378748457962
SUSD6,3,0,0,0.704266888019023,NA,NA,NA,0.831409051618123
MBOAT1,4,0,0,0.704178534136632,NA,NA,NA,0.831455177661857
ZNF395,8,0,0,0.704016526195182,NA,NA,NA,0.831516688428412
SYNE2,9,0,0,0.704266888019023,NA,NA,NA,0.83157341389565
PSTPIP2,6,0,0,0.705479405818636,NA,NA,NA,0.831750727073953
DIS3L2,6,0,0,0.705479405818636,NA,NA,NA,0.831979419615502
ZFAND6,6,0,0,0.705700156397125,NA,NA,NA,0.832059126920095
VPS26A,7,0,0,0.706349605482685,NA,NA,NA,0.832629214619293
ITGB5,4,0,0,0.706349605482685,NA,NA,NA,0.832893082031623
KMT2A,12,0,0,0.706805498068296,NA,NA,NA,0.833097971071699
NEPRO,9,0,0,0.706349605482685,NA,NA,NA,0.833113586799951
UBE2G2,8,0,0,0.707543133852411,NA,NA,NA,0.834017256902606
HNRNPDL,15,0,0,0.707543133852411,NA,NA,NA,0.834279118191873
ANTXR1,8,0,0,0.708035159601347,NA,NA,NA,0.834370925250585
PLEKHF2,6,0,0,0.708290707737936,NA,NA,NA,0.834381192433779
PPARGC1B,6,0,0,0.708238954970447,NA,NA,NA,0.834448753129269
SLC1A5,2,0,0,0.70925921649054,NA,NA,NA,0.835370580242645
ZNF621,8,0,0,0.709244574942169,NA,NA,NA,0.835473802096856
MUM1,6,0,0,0.709377603123801,NA,NA,NA,0.835515413702887
TRAF5,17,0,0,0.710031940140183,NA,NA,NA,0.835788781822399
NOL7,3,0,0,0.710012872470403,NA,NA,NA,0.835887737918622
ZFYVE16,12,0,0,0.709893619787506,NA,NA,NA,0.835891080444511
PPIF,3,0,0,0.710196436618034,NA,NA,NA,0.836390711955497
DBR1,5,0,0,0.710421188043506,NA,NA,NA,0.836928949128498
PPP1R15B,23,0,0,0.710421188043506,NA,NA,NA,0.83701696410957
BACE2,11,0,0,0.710421188043506,NA,NA,NA,0.837113696817052
CALM2,9,0,0,0.710421188043506,NA,NA,NA,0.837148341938599
BPNT1,10,0,0,0.710421188043506,NA,NA,NA,0.837205928821387
OTUD5,7,0,0,0.710421188043506,NA,NA,NA,0.837392183125181
LMNB2,6,0,0,0.710533269552101,NA,NA,NA,0.837647809520942
NOS1AP,5,0,0,0.710643565585706,NA,NA,NA,0.837891442877433
YPEL5,8,0,0,0.710643565585706,NA,NA,NA,0.837943314616162
NUBP1,2,0,0,0.710643565585706,NA,NA,NA,0.83807866729037
CTSD,8,0,0,0.710643565585706,NA,NA,NA,0.838152815497513
XPOT,10,0,0,0.710980645613069,NA,NA,NA,0.838578459664586
LYSMD4,6,0,0,0.711429849738935,NA,NA,NA,0.838889378774925
RANBP3,7,0,0,0.71241936417886,NA,NA,NA,0.840454887477194
NAA35,15,0,0,0.712581724243898,NA,NA,NA,0.84063935844789
BAP1,4,0,0,0.712827029303362,NA,NA,NA,0.840736945244493
FBXO38,3,0,0,0.712827029303362,NA,NA,NA,0.840836544909496
SEPHS1,10,0,0,0.712827029303362,NA,NA,NA,0.841055647174122
IER5L,4,0,0,0.712827029303362,NA,NA,NA,0.841075675651212
MYO9B,3,0,0,0.712827029303362,NA,NA,NA,0.841519935950853
CCND1,17,0,0,0.71312054601892,NA,NA,NA,0.841800168823111
COIL,3,0,0,0.713005127923746,NA,NA,NA,0.841808624802668
DCUN1D1,24,0,0,0.71318393392577,NA,NA,NA,0.841918074748085
MAD2L1,16,0,0,0.71318393392577,NA,NA,NA,0.841996101538981
DLAT,13,0,0,0.714148439870357,NA,NA,NA,0.843056360004447
ARPP19,16,0,0,0.714148439870357,NA,NA,NA,0.843195828990703
MRPS31,3,0,0,0.714148439870357,NA,NA,NA,0.843196524380027
SLC22A15,7,0,0,0.714729943992902,NA,NA,NA,0.843659232935097
ZNF649,11,0,0,0.7151739890712,NA,NA,NA,0.844418942435086
RB1,3,0,0,0.7151739890712,NA,NA,NA,0.844441619011063
GPN1,12,0,0,0.716260187338198,NA,NA,NA,0.845103548206061
AGO3,13,0,0,0.716240684937453,NA,NA,NA,0.845204068824767
MICU2,2,0,0,0.716240684937453,NA,NA,NA,0.845342696028297
RIT1,12,0,0,0.716637279830038,NA,NA,NA,0.845784092853708
SPATA2L,5,0,0,0.716900432333489,NA,NA,NA,0.846233224182596
SNORC,3,0,0,0.716900432333489,NA,NA,NA,0.846291278148607
USP43,2,0,0,0.716900432333489,NA,NA,NA,0.846449204139906
FAM200B,5,0,0,0.716900432333489,NA,NA,NA,0.846548889344445
FAM171A1,4,0,0,0.717344624494238,NA,NA,NA,0.846638747919804
COPG2,3,0,0,0.718044397571905,NA,NA,NA,0.847287234186254
RNF4,5,0,0,0.718326518985633,NA,NA,NA,0.847875803133488
RAD23B,18,0,0,0.71841878669185,NA,NA,NA,0.847990468946104
ANKRD10,4,0,0,0.718668294577603,NA,NA,NA,0.848280393447007
ANP32B,10,0,0,0.718721899452597,NA,NA,NA,0.848357443278013
STK24,12,0,0,0.718516643448241,NA,NA,NA,0.848403294848563
COL17A1,4,0,0,0.718668294577603,NA,NA,NA,0.848496504321217
VPS39,9,0,0,0.718668294577603,NA,NA,NA,0.84851960690695
LSM12,6,0,0,0.718668294577603,NA,NA,NA,0.848529859771087
DNAJC14,9,0,0,0.718668294577603,NA,NA,NA,0.848560959650564
KLHL9,9,0,0,0.718668294577603,NA,NA,NA,0.848577092879696
C6orf132,15,0,0,0.71912003109233,NA,NA,NA,0.848615920683681
AKR1C1,3,0,0,0.718668294577603,NA,NA,NA,0.84868605371456
DCAF5,10,0,0,0.718668294577603,NA,NA,NA,0.848905567530945
MRPL50,9,0,0,0.718668294577603,NA,NA,NA,0.848958921636894
FERMT1,10,0,0,0.718668294577603,NA,NA,NA,0.848971399445006
DTX4,2,0,0,0.718668294577603,NA,NA,NA,0.849048588383027
INSC,3,0,0,0.718668294577603,NA,NA,NA,0.849131845595142
PYGB,4,0,0,0.719808702118477,NA,NA,NA,0.849229364488164
BEND6,3,0,0,0.719808702118477,NA,NA,NA,0.849319097979278
ZNF800,21,0,0,0.720127265397943,NA,NA,NA,0.849384456247457
MFSD4B,20,0,0,0.720127265397943,NA,NA,NA,0.849504188194352
SECISBP2L,14,0,0,0.720502170823791,NA,NA,NA,0.849765783623336
MFSD3,4,0,0,0.720905646392646,NA,NA,NA,0.849912290086144
NKAP,7,0,0,0.720963258774918,NA,NA,NA,0.849989366871468
NSUN5,2,0,0,0.721456301540419,NA,NA,NA,0.850029673891956
RAB5C,8,0,0,0.720905646392646,NA,NA,NA,0.850139128581549
TMEM143,3,0,0,0.721899635472833,NA,NA,NA,0.85021033882216
NIPSNAP1,3,0,0,0.721456301540419,NA,NA,NA,0.850284409870305
RRBP1,6,0,0,0.721456301540419,NA,NA,NA,0.850389577908053
ABCD1,3,0,0,0.721899635472833,NA,NA,NA,0.85044341373337
NACC1,4,0,0,0.721456301540419,NA,NA,NA,0.850573779391836
ZNF175,6,0,0,0.721456301540419,NA,NA,NA,0.850597833861572
PTDSS1,7,0,0,0.721456301540419,NA,NA,NA,0.850803594472572
KPNA1,27,0,0,0.722808864891505,NA,NA,NA,0.851003607687316
LARS,7,0,0,0.722837545986362,NA,NA,NA,0.851028549548796
RRP36,19,0,0,0.723075301984585,NA,NA,NA,0.851133834021829
TTL,18,0,0,0.723051565793132,NA,NA,NA,0.851230847633228
SBDS,5,0,0,0.723142221307442,NA,NA,NA,0.851349180864997
CDK14,4,0,0,0.723142221307442,NA,NA,NA,0.851374611007622
ATG10,13,0,0,0.723142221307442,NA,NA,NA,0.851432110069829
NPAT,18,0,0,0.723142221307442,NA,NA,NA,0.851483625494475
METAP1D,4,0,0,0.723142221307442,NA,NA,NA,0.851517783812631
FERMT2,7,0,0,0.723142221307442,NA,NA,NA,0.851596943458195
DIS3L,5,0,0,0.723142221307442,NA,NA,NA,0.851732075468934
MAML3,3,0,0,0.723302999405564,NA,NA,NA,0.852291224183669
YBX1,6,0,0,0.723302999405564,NA,NA,NA,0.852715571473711
AFAP1,16,0,0,0.723302999405564,NA,NA,NA,0.852752821615738
ZNF438,2,0,0,0.72357014621021,NA,NA,NA,0.852885374725913
FBXO7,4,0,0,0.724562657293154,NA,NA,NA,0.853990901852037
PTGFR,6,0,0,0.724898616443547,NA,NA,NA,0.854187991978967
ARHGAP5,22,0,0,0.725150648465507,NA,NA,NA,0.854521339067603
COMMD8,5,0,0,0.725142636555954,NA,NA,NA,0.854522434154728
SLC16A1,15,0,0,0.725189650379864,NA,NA,NA,0.854581847589943
C11orf74,2,0,0,0.725142636555954,NA,NA,NA,0.854639006962064
STXBP1,15,0,0,0.725387602540798,NA,NA,NA,0.854785148362718
SLC29A3,4,0,0,0.725142636555954,NA,NA,NA,0.854831385571195
NUCKS1,29,0,0,0.725315085764357,NA,NA,NA,0.854928590493998
YARS2,18,0,0,0.725315085764357,NA,NA,NA,0.854947473511464
ARFGEF1,16,0,0,0.725666175526751,NA,NA,NA,0.854981403915227
ACSL1,12,0,0,0.725387602540798,NA,NA,NA,0.854984741627173
AIG1,11,0,0,0.725315085764357,NA,NA,NA,0.855136289880162
ST13,27,0,0,0.725263579912482,NA,NA,NA,0.85520158850258
PDGFRL,2,0,0,0.725263579912482,NA,NA,NA,0.855316394516693
FRA10AC1,9,0,0,0.725263579912482,NA,NA,NA,0.855319670330069
KLF6,8,0,0,0.725263579912482,NA,NA,NA,0.855324005256167
HIST1H2BL,4,0,0,0.725315085764357,NA,NA,NA,0.855367630753474
PTPN14,11,0,0,0.725315085764357,NA,NA,NA,0.855534875080959
S100A16,11,0,0,0.725315085764357,NA,NA,NA,0.855643013327653
DNAJB12,9,0,0,0.726219502000405,NA,NA,NA,0.855807259933449
XPO7,9,0,0,0.725315085764357,NA,NA,NA,0.855861450793026
LRRC14,7,0,0,0.726965048043717,NA,NA,NA,0.856809190831113
RP2,2,0,0,0.726965048043717,NA,NA,NA,0.856848983423179
MECP2,9,0,0,0.726965048043717,NA,NA,NA,0.856879868545796
MAP3K4,4,0,0,0.726965048043717,NA,NA,NA,0.85699886783249
PKIA,12,0,0,0.726965048043717,NA,NA,NA,0.857091449801831
OPA1,19,0,0,0.726965048043717,NA,NA,NA,0.857291205487747
DIP2A,5,0,0,0.729276012043238,NA,NA,NA,0.859433583424848
MALT1,23,0,0,0.729666672304074,NA,NA,NA,0.859893401767622
ANKRD17,15,0,0,0.730304201226901,NA,NA,NA,0.860799708862329
TAF8,6,0,0,0.730564774347178,NA,NA,NA,0.861066096904378
FOSB,2,0,0,0.730776543917085,NA,NA,NA,0.862468098157017
P2RY11,4,0,0,0.730776543917085,NA,NA,NA,0.862649239421946
KATNB1,3,0,0,0.730776543917085,NA,NA,NA,0.862818583774557
TRIP10,3,0,0,0.731402340820103,NA,NA,NA,0.863060864076173
CWC22,4,0,0,0.731395546750321,NA,NA,NA,0.86307080128307
SMIM7,11,0,0,0.731652794255459,NA,NA,NA,0.863638072955739
YWHAG,14,0,0,0.732081380491038,NA,NA,NA,0.86406120127839
PILRB,5,0,0,0.732262201235591,NA,NA,NA,0.864195649036975
ARHGAP29,18,0,0,0.732354452316877,NA,NA,NA,0.864236137708653
HIST1H2AC,7,0,0,0.732262201235591,NA,NA,NA,0.864328965777272
INTU,6,0,0,0.732358490287727,NA,NA,NA,0.864683010440855
MAN2B2,2,0,0,0.732856115217502,NA,NA,NA,0.865304276853599
IDH3A,11,0,0,0.733308181755107,NA,NA,NA,0.865901190087328
ALDH1A3,6,0,0,0.73378719343902,NA,NA,NA,0.866711817610686
NUMBL,6,0,0,0.733501020080567,NA,NA,NA,0.866712970933301
FAM110C,4,0,0,0.734092521372611,NA,NA,NA,0.86688783870717
RGS10,9,0,0,0.73378719343902,NA,NA,NA,0.86693809832607
COQ6,2,0,0,0.73378719343902,NA,NA,NA,0.867057483138612
ARHGEF5,3,0,0,0.734256334361122,NA,NA,NA,0.867105602942176
PMPCA,5,0,0,0.734256334361122,NA,NA,NA,0.867269162013931
DUS1L,2,0,0,0.734256334361122,NA,NA,NA,0.867442869775522
IFI16,3,0,0,0.734713266295971,NA,NA,NA,0.867590522386698
PPL,6,0,0,0.734516529260534,NA,NA,NA,0.867651180100465
DZIP1L,3,0,0,0.734256334361122,NA,NA,NA,0.867701197405871
FAM53C,6,0,0,0.734903596995788,NA,NA,NA,0.867787637395761
CLPP,7,0,0,0.734713266295971,NA,NA,NA,0.867843061300339
DVL3,4,0,0,0.735244320669739,NA,NA,NA,0.867861950574629
PRKD2,3,0,0,0.735119684256681,NA,NA,NA,0.867867668303248
ZNF71,8,0,0,0.735617587821667,NA,NA,NA,0.867881280351013
TSG101,7,0,0,0.735491620774669,NA,NA,NA,0.867989710342672
PEX19,19,0,0,0.735570597527352,NA,NA,NA,0.868000889642906
DENND1A,2,0,0,0.735491620774669,NA,NA,NA,0.868116766918133
CPOX,7,0,0,0.735617587821667,NA,NA,NA,0.868141461492497
ECE1,4,0,0,0.736414194472857,NA,NA,NA,0.869202235009895
NIPBL,10,0,0,0.736355847527826,NA,NA,NA,0.869312960443941
BCAS4,6,0,0,0.736355847527826,NA,NA,NA,0.869316028904576
MPP6,30,0,0,0.736414194472857,NA,NA,NA,0.869391012200176
SWAP70,8,0,0,0.736414194472857,NA,NA,NA,0.869549498038387
CACYBP,14,0,0,0.736414194472857,NA,NA,NA,0.869804857837925
STX2,6,0,0,0.737670192967719,NA,NA,NA,0.870772523515702
TSR1,22,0,0,0.737927626731467,NA,NA,NA,0.871030824197859
TOR1AIP2,14,0,0,0.738197628998646,NA,NA,NA,0.871441204551279
LGALS3,6,0,0,0.738820389014717,NA,NA,NA,0.871811608031808
ZNF785,6,0,0,0.738820389014717,NA,NA,NA,0.872053217655885
VPS51,2,0,0,0.738820389014717,NA,NA,NA,0.872146499514048
TMED7,23,0,0,0.738820389014717,NA,NA,NA,0.872200488901518
SERPINB5,2,0,0,0.739776463635885,NA,NA,NA,0.872386356734208
TNFRSF11A,10,0,0,0.739423919691476,NA,NA,NA,0.872409629083694
DNAJC18,7,0,0,0.740111039130986,NA,NA,NA,0.87257548545342
TMEM59,8,0,0,0.739423919691476,NA,NA,NA,0.872594602936796
CEP57L1,8,0,0,0.739776463635885,NA,NA,NA,0.872601136384453
KIF24,6,0,0,0.739776463635885,NA,NA,NA,0.87262742997444
PIGS,2,0,0,0.739776463635885,NA,NA,NA,0.872653976647475
SKI,13,0,0,0.741299571546908,NA,NA,NA,0.873560692981012
PIGG,4,0,0,0.741995845086632,NA,NA,NA,0.874014206374841
EFCAB14,12,0,0,0.741995845086632,NA,NA,NA,0.874026825684067
PPA1,12,0,0,0.741995845086632,NA,NA,NA,0.87402995990871
SLCO1B3,8,0,0,0.741946283128686,NA,NA,NA,0.874040115404296
FGF13,2,0,0,0.742231476436512,NA,NA,NA,0.874126180091976
CD82,6,0,0,0.742368638542699,NA,NA,NA,0.874130716809377
ICA1L,5,0,0,0.741995845086632,NA,NA,NA,0.874152862991201
FANCA,15,0,0,0.741995845086632,NA,NA,NA,0.874259130505873
KIAA1586,9,0,0,0.742380562636746,NA,NA,NA,0.87438971309867
BNIP1,2,0,0,0.742962551285395,NA,NA,NA,0.874995610867169
PNPLA4,5,0,0,0.742986840016588,NA,NA,NA,0.875050727586028
CMSS1,3,0,0,0.742986840016588,NA,NA,NA,0.875188792080263
DUSP28,3,0,0,0.74427983683589,NA,NA,NA,0.876269200739288
MRPS10,18,0,0,0.745082447532156,NA,NA,NA,0.876907449957033
HOXA9,4,0,0,0.745078400615521,NA,NA,NA,0.877027289438519
AHNAK2,4,0,0,0.746050766440051,NA,NA,NA,0.877437829415457
PDCL,9,0,0,0.745568403902139,NA,NA,NA,0.877669395339887
XRCC2,18,0,0,0.746050766440051,NA,NA,NA,0.877690374372222
FMNL2,4,0,0,0.745813703819296,NA,NA,NA,0.877712029906471
RETREG3,2,0,0,0.745948454282303,NA,NA,NA,0.877713449562809
PYGO1,5,0,0,0.74568569467061,NA,NA,NA,0.877716873871342
SNX16,7,0,0,0.745543356771424,NA,NA,NA,0.877769903222612
ABCD4,5,0,0,0.746050766440051,NA,NA,NA,0.877877051896077
EGFR,20,0,0,0.74568569467061,NA,NA,NA,0.877962937071068
ZNF331,5,0,0,0.746266468157008,NA,NA,NA,0.87808384568576
TRPC1,4,0,0,0.74568569467061,NA,NA,NA,0.878178237690231
DHX37,5,0,0,0.74568569467061,NA,NA,NA,0.878187491547905
ZNF426,5,0,0,0.74568569467061,NA,NA,NA,0.878236269933594
PCLAF,23,0,0,0.746626881316145,NA,NA,NA,0.878494015609225
CAAP1,16,0,0,0.746561939218978,NA,NA,NA,0.878527669863691
ETS2,7,0,0,0.746797615387851,NA,NA,NA,0.878528613614639
TRIP13,10,0,0,0.746626881316145,NA,NA,NA,0.878630996728108
PPP6R1,2,0,0,0.746561939218978,NA,NA,NA,0.878670179475857
HFE,7,0,0,0.746561939218978,NA,NA,NA,0.878729438694878
GALK2,8,0,0,0.746626881316145,NA,NA,NA,0.878780951912189
SLC22A23,5,0,0,0.747053148187651,NA,NA,NA,0.878836244349964
GATB,5,0,0,0.7474280435642,NA,NA,NA,0.878882543155942
PCSK1,6,0,0,0.747053148187651,NA,NA,NA,0.878886852906985
SVBP,6,0,0,0.747053148187651,NA,NA,NA,0.8788962701721
DNAJC16,11,0,0,0.747053148187651,NA,NA,NA,0.878896514365195
METAP1,14,0,0,0.7474280435642,NA,NA,NA,0.879028362606539
THOP1,2,0,0,0.747053148187651,NA,NA,NA,0.879035641285415
GNPAT,4,0,0,0.7474280435642,NA,NA,NA,0.879049557628284
C1QBP,7,0,0,0.747053148187651,NA,NA,NA,0.879067466433057
UBA3,11,0,0,0.747053148187651,NA,NA,NA,0.879111606650458
FASTKD2,14,0,0,0.7474280435642,NA,NA,NA,0.879142824681401
CHD9,12,0,0,0.747053148187651,NA,NA,NA,0.879171592187658
HELLS,24,0,0,0.7474280435642,NA,NA,NA,0.879171903228023
C17orf100,7,0,0,0.747053148187651,NA,NA,NA,0.879219451109958
RPS3A,8,0,0,0.7474280435642,NA,NA,NA,0.879350580432016
PODNL1,3,0,0,0.7474280435642,NA,NA,NA,0.879387308824612
ZIC2,4,0,0,0.7474280435642,NA,NA,NA,0.879635793711813
SETD6,13,0,0,0.747980610598294,NA,NA,NA,0.879674938544374
EP400,7,0,0,0.748005250515774,NA,NA,NA,0.879711294210862
PTBP1,11,0,0,0.747980610598294,NA,NA,NA,0.879712517504243
TMEM150A,5,0,0,0.748163011309902,NA,NA,NA,0.87973359554529
THAP1,11,0,0,0.747980610598294,NA,NA,NA,0.87987595096541
ESRP2,12,0,0,0.7474280435642,NA,NA,NA,0.879878620655697
DSG2,7,0,0,0.747971218663474,NA,NA,NA,0.879899705948057
KCNB1,7,0,0,0.7474280435642,NA,NA,NA,0.880014477756836
RAB11A,19,0,0,0.748415683710911,NA,NA,NA,0.880047244202642
RMDN1,10,0,0,0.74843163977774,NA,NA,NA,0.880075158234207
CRYBG1,8,0,0,0.748415683710911,NA,NA,NA,0.880217273335092
GNE,5,0,0,0.748415683710911,NA,NA,NA,0.8803870741445
STAM,16,0,0,0.748415683710911,NA,NA,NA,0.880424704614931
PRRC2B,8,0,0,0.748415683710911,NA,NA,NA,0.880558423459061
LMO4,14,0,0,0.748415683710911,NA,NA,NA,0.880579293239951
NKRF,7,0,0,0.749361510771737,NA,NA,NA,0.881359366234687
EML1,8,0,0,0.749361510771737,NA,NA,NA,0.881438020370111
SUSD2,2,0,0,0.749434097690277,NA,NA,NA,0.881448753647658
PEX7,6,0,0,0.750453612323236,NA,NA,NA,0.882426977437759
CAVIN2,3,0,0,0.750453612323236,NA,NA,NA,0.882651399789187
BBIP1,7,0,0,0.750453612323236,NA,NA,NA,0.882780176486244
TMEM98,5,0,0,0.750906263738774,NA,NA,NA,0.882856710602808
LNPEP,6,0,0,0.750976340883796,NA,NA,NA,0.88310355932424
SET,13,0,0,0.752802702637946,NA,NA,NA,0.884564228274183
EXOSC6,13,0,0,0.752452991450413,NA,NA,NA,0.884727257896764
C2orf15,4,0,0,0.752747973034556,NA,NA,NA,0.884762222395178
KLHDC2,9,0,0,0.752802702637946,NA,NA,NA,0.884814604092215
UFL1,8,0,0,0.752731979763358,NA,NA,NA,0.884871765423342
CLDN12,5,0,0,0.752452991450413,NA,NA,NA,0.884921404741489
HSDL2,10,0,0,0.752731979763358,NA,NA,NA,0.885088068948339
BCHE,2,0,0,0.753142298522942,NA,NA,NA,0.885166941426993
GPR155,5,0,0,0.753901631654435,NA,NA,NA,0.885919717871092
SH3TC2,11,0,0,0.753937586401694,NA,NA,NA,0.885972336237421
VRK2,17,0,0,0.753901631654435,NA,NA,NA,0.886051775290882
HPS5,11,0,0,0.753780492854796,NA,NA,NA,0.886167108475392
C9orf40,5,0,0,0.753901631654435,NA,NA,NA,0.886172292078595
SAP130,3,0,0,0.753937586401694,NA,NA,NA,0.88621115572287
SLC30A9,9,0,0,0.753937586401694,NA,NA,NA,0.886331935978176
ACSL3,15,0,0,0.754851144012463,NA,NA,NA,0.886822946122749
PACSIN2,12,0,0,0.755545313246895,NA,NA,NA,0.88747152675042
NDEL1,9,0,0,0.755557687092284,NA,NA,NA,0.887676366563782
POT1,10,0,0,0.755693926238884,NA,NA,NA,0.887987350158769
OSBPL1A,10,0,0,0.755693926238884,NA,NA,NA,0.888212231197659
APP,18,0,0,0.755911778056922,NA,NA,NA,0.888279278392263
MAGEH1,4,0,0,0.755911778056922,NA,NA,NA,0.888374545157742
NKIRAS1,13,0,0,0.756946560866945,NA,NA,NA,0.8890033139731
SMIM12,10,0,0,0.756425169530792,NA,NA,NA,0.889020942501416
AKT2,8,0,0,0.756733701636364,NA,NA,NA,0.889189439328627
TMEM184C,7,0,0,0.756733701636364,NA,NA,NA,0.889191791927058
ETFA,13,0,0,0.756946560866945,NA,NA,NA,0.889199382552258
RNF213,8,0,0,0.75693461250076,NA,NA,NA,0.889248802345082
ECHDC3,2,0,0,0.756946560866945,NA,NA,NA,0.889457643924183
TMED2,7,0,0,0.757274465184072,NA,NA,NA,0.889498918845835
PC,15,0,0,0.756946560866945,NA,NA,NA,0.889515120121567
CA2,4,0,0,0.757480296976993,NA,NA,NA,0.889527549046654
WSB2,23,0,0,0.756946560866945,NA,NA,NA,0.889577687352225
ABRAXAS2,6,0,0,0.756946560866945,NA,NA,NA,0.889587182820863
EXOC6B,5,0,0,0.756946560866945,NA,NA,NA,0.889630961099805
RPL26L1,3,0,0,0.757480296976993,NA,NA,NA,0.889652261561408
LLPH,14,0,0,0.757480296976993,NA,NA,NA,0.889741195250303
CREBZF,20,0,0,0.756946560866945,NA,NA,NA,0.889766465105505
NXN,9,0,0,0.758083708814417,NA,NA,NA,0.890161737784849
KDM5A,15,0,0,0.758107641464787,NA,NA,NA,0.890249477295032
NAT1,5,0,0,0.758181779934078,NA,NA,NA,0.890414610636009
VAV2,5,0,0,0.75813862906274,NA,NA,NA,0.890447830881254
C4orf3,7,0,0,0.758577233824582,NA,NA,NA,0.890697020086233
PPP1CB,20,0,0,0.758488697250728,NA,NA,NA,0.890824458056399
CAST,19,0,0,0.758488697250728,NA,NA,NA,0.890833465475276
RPL22,10,0,0,0.758488697250728,NA,NA,NA,0.890860884704245
EMC4,5,0,0,0.759289682617542,NA,NA,NA,0.890886294498074
KCTD17,3,0,0,0.758577233824582,NA,NA,NA,0.890915432418465
ACTL6A,7,0,0,0.759289682617542,NA,NA,NA,0.891108876131423
CCNE2,8,0,0,0.759446237734324,NA,NA,NA,0.891173150425096
ACOT9,5,0,0,0.759289682617542,NA,NA,NA,0.891280536553736
DNAL1,9,0,0,0.759459071595975,NA,NA,NA,0.891298799233074
BACE1,13,0,0,0.759204679966684,NA,NA,NA,0.89129884564609
CALD1,11,0,0,0.759289682617542,NA,NA,NA,0.891389141500094
DGKD,4,0,0,0.759204679966684,NA,NA,NA,0.89145550148112
SESTD1,13,0,0,0.759204679966684,NA,NA,NA,0.89146840360297
OSBPL11,5,0,0,0.759289682617542,NA,NA,NA,0.891470765669443
POLR1E,28,0,0,0.759204679966684,NA,NA,NA,0.891620678304152
NPEPPS,10,0,0,0.760088174814292,NA,NA,NA,0.891908699731516
MIS18BP1,6,0,0,0.760279729294775,NA,NA,NA,0.892092092249209
STYK1,5,0,0,0.76052449584361,NA,NA,NA,0.892190504734556
TXNDC12,5,0,0,0.761417730984135,NA,NA,NA,0.893603586499764
ANAPC16,19,0,0,0.761417730984135,NA,NA,NA,0.893690232115238
PDCD11,8,0,0,0.76144288396041,NA,NA,NA,0.893853013018489
SRSF10,14,0,0,0.76194596550569,NA,NA,NA,0.894319665564244
WDSUB1,2,0,0,0.762618114006391,NA,NA,NA,0.894955586859979
C19orf44,2,0,0,0.762560934865535,NA,NA,NA,0.895028963096583
DYNLT3,6,0,0,0.762560934865535,NA,NA,NA,0.895243401677949
ISPD,4,0,0,0.762804200717654,NA,NA,NA,0.895265842390191
CNOT8,5,0,0,0.763421246092478,NA,NA,NA,0.895709777018235
EXOSC2,27,0,0,0.763405323669007,NA,NA,NA,0.895820861355792
CDC42,6,0,0,0.763921361499927,NA,NA,NA,0.895883502033578
ZNF25,5,0,0,0.763814770728616,NA,NA,NA,0.89594242730188
SRGAP3,12,0,0,0.763921361499927,NA,NA,NA,0.896048607501058
ZNF142,12,0,0,0.763921361499927,NA,NA,NA,0.896080649364878
PHLDB1,4,0,0,0.763921361499927,NA,NA,NA,0.896262340020345
FIBCD1,3,0,0,0.763943732227065,NA,NA,NA,0.896455852014103
ERP44,9,0,0,0.763943732227065,NA,NA,NA,0.896542208721198
DSTYK,8,0,0,0.764728064525892,NA,NA,NA,0.897085663881284
CHD6,13,0,0,0.764650919594569,NA,NA,NA,0.897151636226639
GOLGA1,6,0,0,0.764871261494582,NA,NA,NA,0.897239829770601
METTL1,8,0,0,0.764728064525892,NA,NA,NA,0.897241138167547
UBE2A,6,0,0,0.765557480003705,NA,NA,NA,0.897870122641907
ARPC1B,13,0,0,0.766146046574517,NA,NA,NA,0.898417870079769
ZXDA,10,0,0,0.766146046574517,NA,NA,NA,0.898522874750375
BRI3BP,13,0,0,0.766560407659552,NA,NA,NA,0.898932924101681
TIPRL,7,0,0,0.766782411192548,NA,NA,NA,0.899140784469202
RCL1,16,0,0,0.767221459562237,NA,NA,NA,0.899429760841295
ZNF329,3,0,0,0.767221459562237,NA,NA,NA,0.899605839940326
FSIP1,5,0,0,0.7671544591193,NA,NA,NA,0.899635598234061
TMEM101,4,0,0,0.767221459562237,NA,NA,NA,0.899675110061468
FAM169A,6,0,0,0.7671544591193,NA,NA,NA,0.899702061446274
GINS1,5,0,0,0.767540854689042,NA,NA,NA,0.89976303049305
RBL2,4,0,0,0.7671544591193,NA,NA,NA,0.899770294302064
MARCH3,4,0,0,0.7671544591193,NA,NA,NA,0.899819069172549
PAQR7,3,0,0,0.7671544591193,NA,NA,NA,0.89983530231292
CDH2,7,0,0,0.767484584960829,NA,NA,NA,0.899838036685455
CFL1,8,0,0,0.7671544591193,NA,NA,NA,0.899859596796434
RGP1,17,0,0,0.767870790731182,NA,NA,NA,0.900199469811949
MYO10,10,0,0,0.767916009347409,NA,NA,NA,0.900246050547423
NKTR,10,0,0,0.768679037528902,NA,NA,NA,0.901342970639649
MDH2,7,0,0,0.768679037528902,NA,NA,NA,0.901477734322317
SEC31A,9,0,0,0.769263936320956,NA,NA,NA,0.902010171022187
PAICS,20,0,0,0.769263936320956,NA,NA,NA,0.902186934051975
DENND3,4,0,0,0.769645142323055,NA,NA,NA,0.902295466913621
NDUFV3,11,0,0,0.769645142323055,NA,NA,NA,0.902417235822966
CD81,7,0,0,0.769645142323055,NA,NA,NA,0.902505761789926
TXNRD1,13,0,0,0.770124525352463,NA,NA,NA,0.90256004267128
SIPA1L2,4,0,0,0.770119540501154,NA,NA,NA,0.902681986412009
SDC2,12,0,0,0.770083009917993,NA,NA,NA,0.902775450686398
VPS25,3,0,0,0.770373107114195,NA,NA,NA,0.902920779820814
MGAT2,10,0,0,0.771105673505833,NA,NA,NA,0.903587631035232
RAC2,3,0,0,0.772096301290712,NA,NA,NA,0.904411889556618
RABL3,16,0,0,0.772049732371701,NA,NA,NA,0.90444505531322
MCFD2,7,0,0,0.772096301290712,NA,NA,NA,0.904620385513748
NRBF2,4,0,0,0.772260797982184,NA,NA,NA,0.904648782534567
ANXA11,20,0,0,0.77242562864661,NA,NA,NA,0.904658572352876
GABARAPL2,5,0,0,0.77257541088592,NA,NA,NA,0.904712164668888
CASC10,6,0,0,0.77242562864661,NA,NA,NA,0.904826214515193
TCFL5,10,0,0,0.77242562864661,NA,NA,NA,0.904843098803175
DKK1,17,0,0,0.77242562864661,NA,NA,NA,0.90486120242514
KPNB1,15,0,0,0.77242562864661,NA,NA,NA,0.904925892562999
YWHAB,20,0,0,0.77242562864661,NA,NA,NA,0.905017631808463
ARVCF,3,0,0,0.77242562864661,NA,NA,NA,0.905024536986251
ALG1,12,0,0,0.77242562864661,NA,NA,NA,0.905024619384342
MPZL2,5,0,0,0.77242562864661,NA,NA,NA,0.905202412773713
EXT2,10,0,0,0.773125667390145,NA,NA,NA,0.905234785457549
STMP1,24,0,0,0.772929409094629,NA,NA,NA,0.90529640361579
KTN1,6,0,0,0.772929409094629,NA,NA,NA,0.905310642599672
GNB1,11,0,0,0.773125667390145,NA,NA,NA,0.905395154318599
KDM4B,6,0,0,0.772929409094629,NA,NA,NA,0.905410655575185
MRPL15,3,0,0,0.773158151815721,NA,NA,NA,0.905413632514873
HIST1H2AE,3,0,0,0.772929409094629,NA,NA,NA,0.905425914734908
MTPAP,7,0,0,0.773164175981351,NA,NA,NA,0.905446487857973
ZNF497,3,0,0,0.772929409094629,NA,NA,NA,0.905526720402261
CCDC149,3,0,0,0.773247844724697,NA,NA,NA,0.905832759203019
INSIG1,14,0,0,0.773247844724697,NA,NA,NA,0.905948369318499
FAM83G,2,0,0,0.773247844724697,NA,NA,NA,0.906034419672919
VANGL1,8,0,0,0.773247844724697,NA,NA,NA,0.906246245825393
PLEKHG3,9,0,0,0.773247844724697,NA,NA,NA,0.906656493727542
RNF167,5,0,0,0.773247844724697,NA,NA,NA,0.90687048298524
ENG,3,0,0,0.773811808335127,NA,NA,NA,0.907307335272441
SNRPB2,11,0,0,0.773864201581334,NA,NA,NA,0.908355932593781
DNASE1L1,5,0,0,0.774041118167011,NA,NA,NA,0.908443086898268
ANK1,5,0,0,0.773864201581334,NA,NA,NA,0.908468761224011
ITGB1BP1,5,0,0,0.774423362590051,NA,NA,NA,0.9087791555417
HNRNPF,11,0,0,0.774407700962448,NA,NA,NA,0.908887611245204
DLST,5,0,0,0.774545324962276,NA,NA,NA,0.90889052792913
DNTTIP2,12,0,0,0.774423362590051,NA,NA,NA,0.908908173023651
TMEM56,9,0,0,0.774423362590051,NA,NA,NA,0.908969605353749
TDRKH,8,0,0,0.774423362590051,NA,NA,NA,0.908995016428108
PUS1,2,0,0,0.774718949540062,NA,NA,NA,0.909048332150303
JUND,8,0,0,0.775184081273177,NA,NA,NA,0.909084564376069
PPP2R5E,17,0,0,0.775184081273177,NA,NA,NA,0.909320271630094
PALLD,8,0,0,0.775184081273177,NA,NA,NA,0.909568192270072
ARPC2,10,0,0,0.775986997378068,NA,NA,NA,0.909807921731992
SIRT1,5,0,0,0.77702770861457,NA,NA,NA,0.911004284512195
SHC4,2,0,0,0.776934425127927,NA,NA,NA,0.91104718030683
SLC30A7,12,0,0,0.77702770861457,NA,NA,NA,0.911166291229721
YIPF4,29,0,0,0.777213614588797,NA,NA,NA,0.911172259743964
AKIRIN1,11,0,0,0.777724289293769,NA,NA,NA,0.911375285817286
RAB17,3,0,0,0.777724289293769,NA,NA,NA,0.911503381952095
PBK,6,0,0,0.77802136527319,NA,NA,NA,0.911707948725896
FGF1,6,0,0,0.778133476100438,NA,NA,NA,0.911747204785973
GJC1,7,0,0,0.77830719681222,NA,NA,NA,0.911802930830978
MAN2A2,7,0,0,0.778116298383581,NA,NA,NA,0.911845593950422
PRMT7,4,0,0,0.778124716191195,NA,NA,NA,0.911866406963432
PDXK,17,0,0,0.778133476100438,NA,NA,NA,0.9119092933579
ADD2,10,0,0,0.778124716191195,NA,NA,NA,0.912119031298518
FRK,8,0,0,0.780207316104985,NA,NA,NA,0.912510088870159
GOLGA2,2,0,0,0.779474798889553,NA,NA,NA,0.912578491542779
CDC42EP4,8,0,0,0.779474798889553,NA,NA,NA,0.912651163705585
RTF1,8,0,0,0.779444821505308,NA,NA,NA,0.912669340753077
MREG,8,0,0,0.779474798889553,NA,NA,NA,0.91267135237125
GAR1,5,0,0,0.780207316104985,NA,NA,NA,0.912724753122276
NAA30,19,0,0,0.779276972991467,NA,NA,NA,0.912736144110977
NUDC,5,0,0,0.779474798889553,NA,NA,NA,0.912747120529063
PIGO,11,0,0,0.779392251342629,NA,NA,NA,0.912750014431984
HS3ST1,5,0,0,0.780207316104985,NA,NA,NA,0.912911948903954
SEPT7,9,0,0,0.779276972991467,NA,NA,NA,0.912945096579807
GPATCH8,4,0,0,0.780207316104985,NA,NA,NA,0.912987261676526
TIMM50,13,0,0,0.780207316104985,NA,NA,NA,0.91299413087103
DCUN1D2,6,0,0,0.780207316104985,NA,NA,NA,0.913090892721695
HSPA4,10,0,0,0.780207316104985,NA,NA,NA,0.913120159163454
HOGA1,5,0,0,0.779276972991467,NA,NA,NA,0.913161887278732
TENM4,5,0,0,0.780207316104985,NA,NA,NA,0.913184605533268
EMC10,20,0,0,0.780207316104985,NA,NA,NA,0.913260497762954
MUT,9,0,0,0.780207316104985,NA,NA,NA,0.913278461314235
TRIM35,11,0,0,0.780126366532825,NA,NA,NA,0.913280289586376
NCL,14,0,0,0.779276972991467,NA,NA,NA,0.913345544889233
DNAJC3,15,0,0,0.780098877583084,NA,NA,NA,0.913383445489017
ANKRD23,5,0,0,0.780550913874553,NA,NA,NA,0.913401114817928
CCND2,6,0,0,0.780207316104985,NA,NA,NA,0.913427840396318
FOXJ3,3,0,0,0.780098877583084,NA,NA,NA,0.913636090750251
KBTBD7,9,0,0,0.780098877583084,NA,NA,NA,0.913811136867407
FBXL19,5,0,0,0.781171048784957,NA,NA,NA,0.913827129262996
TNPO1,19,0,0,0.781363337738605,NA,NA,NA,0.914002612870048
STRADB,3,0,0,0.780098877583084,NA,NA,NA,0.914066643654324
RPS14,11,0,0,0.781420073447916,NA,NA,NA,0.914341994100375
RILPL2,9,0,0,0.781420073447916,NA,NA,NA,0.914435007175997
NDUFB6,7,0,0,0.781752203381483,NA,NA,NA,0.914596334608211
PCNX4,13,0,0,0.782221947733541,NA,NA,NA,0.915014266565494
CENPC,11,0,0,0.782253967360565,NA,NA,NA,0.915043326687524
ZCCHC6,3,0,0,0.782253967360565,NA,NA,NA,0.915223796236947
APOLD1,7,0,0,0.782395068426219,NA,NA,NA,0.91559951345265
ITFG1,5,0,0,0.782272107162338,NA,NA,NA,0.915619813096928
FAM227A,7,0,0,0.782395068426219,NA,NA,NA,0.915668418722035
AKAP11,10,0,0,0.782443909332405,NA,NA,NA,0.915706110939667
HIST3H2A,3,0,0,0.782453595403973,NA,NA,NA,0.915713073655926
IPPK,8,0,0,0.782382000030237,NA,NA,NA,0.915715724466742
DNMT3A,8,0,0,0.782382000030237,NA,NA,NA,0.915852717415255
PNISR,9,0,0,0.782382000030237,NA,NA,NA,0.915996126065738
MYO9A,13,0,0,0.78278376434599,NA,NA,NA,0.916101162900275
MAZ,3,0,0,0.782941792426009,NA,NA,NA,0.916140730039096
TMEM126A,2,0,0,0.782941792426009,NA,NA,NA,0.916274961829469
AP3M2,4,0,0,0.782887224801495,NA,NA,NA,0.916347993927641
ALG10B,4,0,0,0.783383034531934,NA,NA,NA,0.916405645264355
DMBX1,3,0,0,0.78408558750646,NA,NA,NA,0.916504736781971
LPIN1,5,0,0,0.783802907509703,NA,NA,NA,0.916523492615394
APPBP2,4,0,0,0.783695536140472,NA,NA,NA,0.916555837267032
SGMS2,9,0,0,0.784049828086687,NA,NA,NA,0.916599834480374
CDC14A,3,0,0,0.784049828086687,NA,NA,NA,0.916636581116926
NDUFAF5,9,0,0,0.783980255426633,NA,NA,NA,0.916675202644974
FAM120AOS,11,0,0,0.78408558750646,NA,NA,NA,0.916717822990046
TRIB1,5,0,0,0.784049828086687,NA,NA,NA,0.916728578449301
ZBTB25,9,0,0,0.784049828086687,NA,NA,NA,0.916793374077769
IGF1R,12,0,0,0.784466286918482,NA,NA,NA,0.916800906765993
GNG5,6,0,0,0.783980255426633,NA,NA,NA,0.916898052587856
WDR91,6,0,0,0.784466286918482,NA,NA,NA,0.917015563314635
VEZT,12,0,0,0.784792004935483,NA,NA,NA,0.917035505202174
NAPB,8,0,0,0.783980255426633,NA,NA,NA,0.917082668424059
C16orf74,8,0,0,0.784466286918482,NA,NA,NA,0.917187001960814
SDHA,14,0,0,0.784792004935483,NA,NA,NA,0.917204595035379
SCP2,8,0,0,0.78519747388184,NA,NA,NA,0.917763498140661
TM4SF19,4,0,0,0.78519747388184,NA,NA,NA,0.917946245844532
POLH,12,0,0,0.78519747388184,NA,NA,NA,0.918088611677759
RNF139,13,0,0,0.78519747388184,NA,NA,NA,0.918169004718083
FMC1,2,0,0,0.78519747388184,NA,NA,NA,0.918364329306021
ZNF3,9,0,0,0.78519747388184,NA,NA,NA,0.918409878527575
NDRG3,9,0,0,0.785674233378515,NA,NA,NA,0.918546846811795
MFSD8,10,0,0,0.785813480221507,NA,NA,NA,0.918622315159314
TOPBP1,7,0,0,0.785674233378515,NA,NA,NA,0.918702123054482
MPP3,5,0,0,0.785674233378515,NA,NA,NA,0.918710883268755
ORMDL1,15,0,0,0.785930751692315,NA,NA,NA,0.918801335073251
C19orf53,4,0,0,0.786095076347453,NA,NA,NA,0.918865281882815
PLXNA3,6,0,0,0.786097781706143,NA,NA,NA,0.918980618592417
KRR1,30,0,0,0.786097781706143,NA,NA,NA,0.918985303817552
GNAL,4,0,0,0.786859603377405,NA,NA,NA,0.919528616025762
PA2G4,8,0,0,0.786779397567797,NA,NA,NA,0.919541175891439
PPP1R8,3,0,0,0.787616355682381,NA,NA,NA,0.919663960264591
RAB13,5,0,0,0.787417761428199,NA,NA,NA,0.91974413428607
ADGRL2,7,0,0,0.787332989803285,NA,NA,NA,0.919797103874007
ZC3H7B,5,0,0,0.787616355682381,NA,NA,NA,0.919810274437754
SLC35A1,4,0,0,0.78733085240669,NA,NA,NA,0.919923219811735
CADM3,12,0,0,0.787896284392977,NA,NA,NA,0.920031430304822
CAV1,5,0,0,0.787206174424473,NA,NA,NA,0.920080621788314
MSANTD4,16,0,0,0.78733085240669,NA,NA,NA,0.920095043625706
MAGI1,7,0,0,0.787251954586831,NA,NA,NA,0.920109573557642
COPZ1,3,0,0,0.788047096499648,NA,NA,NA,0.920111223172385
CXCL16,4,0,0,0.788047096499648,NA,NA,NA,0.920126737054327
HMGB1,19,0,0,0.788047096499648,NA,NA,NA,0.920183169308799
GSTO1,6,0,0,0.788047096499648,NA,NA,NA,0.920190827727899
MLX,13,0,0,0.787237808457784,NA,NA,NA,0.920225221316616
KIDINS220,3,0,0,0.788047096499648,NA,NA,NA,0.920336319897
MMAA,5,0,0,0.787237808457784,NA,NA,NA,0.92043745014358
NUCB1,7,0,0,0.788209374036835,NA,NA,NA,0.920682886993388
TIA1,17,0,0,0.788209374036835,NA,NA,NA,0.92088652989095
HINT1,8,0,0,0.788377851197027,NA,NA,NA,0.920937394121465
AGFG1,26,0,0,0.788324218783321,NA,NA,NA,0.92098896909452
FUT8,6,0,0,0.788209374036835,NA,NA,NA,0.921012572776055
WRNIP1,3,0,0,0.79013571942637,NA,NA,NA,0.921636633452751
MAPKAPK2,3,0,0,0.790085795649416,NA,NA,NA,0.921714335171415
MTERF1,9,0,0,0.789747030613259,NA,NA,NA,0.921836266852932
TMEM135,15,0,0,0.790085795649416,NA,NA,NA,0.921880860980663
SMUG1,10,0,0,0.790085795649416,NA,NA,NA,0.921899141202144
COTL1,3,0,0,0.789678509139376,NA,NA,NA,0.921903938311086
VAMP3,11,0,0,0.790281529132071,NA,NA,NA,0.922012026950582
ZBTB1,3,0,0,0.789571723966504,NA,NA,NA,0.922021725555207
TMEM186,6,0,0,0.790085795649416,NA,NA,NA,0.922023093573443
ZNF474,4,0,0,0.789678509139376,NA,NA,NA,0.922035409848232
SSBP2,22,0,0,0.789547865003194,NA,NA,NA,0.922049980191028
SERINC1,16,0,0,0.790085795649416,NA,NA,NA,0.922085562212776
EIF4A1,5,0,0,0.790418592131152,NA,NA,NA,0.922120251921884
VPS29,12,0,0,0.790085795649416,NA,NA,NA,0.922205878818388
CNST,8,0,0,0.790085795649416,NA,NA,NA,0.922213362946966
TRERF1,6,0,0,0.789547865003194,NA,NA,NA,0.922226782194007
SLC36A1,8,0,0,0.790085795649416,NA,NA,NA,0.922253779097758
TNFRSF1A,8,0,0,0.790085795649416,NA,NA,NA,0.922305024546341
SENP8,5,0,0,0.789547865003194,NA,NA,NA,0.922339260888954
EXOC4,4,0,0,0.79084753551488,NA,NA,NA,0.92276024072654
EEA1,13,0,0,0.79084753551488,NA,NA,NA,0.922779669566842
KLHL42,15,0,0,0.791067339281857,NA,NA,NA,0.9229022990953
ARRDC3,4,0,0,0.790954260510119,NA,NA,NA,0.922923382700267
UBE2R2,8,0,0,0.790954260510119,NA,NA,NA,0.922983590567691
AFG1L,11,0,0,0.791498527373232,NA,NA,NA,0.923153372114005
ZBTB20,4,0,0,0.791576023356201,NA,NA,NA,0.923203903799555
UFM1,11,0,0,0.791566834805595,NA,NA,NA,0.923207590312303
ITGA3,7,0,0,0.790954260510119,NA,NA,NA,0.923230993975265
RPE,26,0,0,0.791576023356201,NA,NA,NA,0.923246084097438
CHMP4A,6,0,0,0.792054679186732,NA,NA,NA,0.923740488664688
TMX3,10,0,0,0.792727707721903,NA,NA,NA,0.924060591368517
MAP2K1,3,0,0,0.792727707721903,NA,NA,NA,0.92414190514373
TUFT1,2,0,0,0.792727707721903,NA,NA,NA,0.924196208275593
FANCM,7,0,0,0.792727707721903,NA,NA,NA,0.924219356711831
HIST1H4D,2,0,0,0.792688086215545,NA,NA,NA,0.924284472291885
STXBP5,22,0,0,0.792727707721903,NA,NA,NA,0.924297959048462
TMEM69,3,0,0,0.792727707721903,NA,NA,NA,0.924320883875595
RPP25,2,0,0,0.792727707721903,NA,NA,NA,0.924448985867786
IMPA1,15,0,0,0.792688086215545,NA,NA,NA,0.924461707375565
RRP1B,7,0,0,0.792727707721903,NA,NA,NA,0.924471322818314
KIF2A,13,0,0,0.792727707721903,NA,NA,NA,0.9245585813366
HIPK3,9,0,0,0.792727707721903,NA,NA,NA,0.924680531019873
COQ3,3,0,0,0.792727707721903,NA,NA,NA,0.924702922651654
ZNF490,11,0,0,0.793523113023903,NA,NA,NA,0.924749375621308
GNPTAB,8,0,0,0.79359274190966,NA,NA,NA,0.924790596680952
PIAS1,26,0,0,0.79359274190966,NA,NA,NA,0.924846931499074
MARCKS,13,0,0,0.79359274190966,NA,NA,NA,0.924885975868636
DDX21,11,0,0,0.793523113023903,NA,NA,NA,0.924889882464158
CD109,10,0,0,0.79359274190966,NA,NA,NA,0.924899873130163
NDUFB8,3,0,0,0.793523113023903,NA,NA,NA,0.9249255724143
GAB1,10,0,0,0.79359274190966,NA,NA,NA,0.924985142141301
CDCA7L,10,0,0,0.79359274190966,NA,NA,NA,0.924988450357492
TXNDC9,15,0,0,0.79359274190966,NA,NA,NA,0.925021864294022
CLIP2,3,0,0,0.79359274190966,NA,NA,NA,0.925052758623558
RPS3,5,0,0,0.793523113023903,NA,NA,NA,0.925066879137757
MDM2,25,0,0,0.79359274190966,NA,NA,NA,0.925098820882269
KMT2E,10,0,0,0.79359274190966,NA,NA,NA,0.925123028917962
KIRREL1,8,0,0,0.79359274190966,NA,NA,NA,0.925172240454202
RPS27L,12,0,0,0.793523113023903,NA,NA,NA,0.925193909067075
ST3GAL5,3,0,0,0.793523113023903,NA,NA,NA,0.925293432720952
FZR1,9,0,0,0.793523113023903,NA,NA,NA,0.925310345290717
HMGB3,9,0,0,0.793523113023903,NA,NA,NA,0.925447299262253
DHDDS,15,0,0,0.793523113023903,NA,NA,NA,0.925507959382138
MBD5,7,0,0,0.793523113023903,NA,NA,NA,0.925591035439202
DOPEY2,7,0,0,0.793523113023903,NA,NA,NA,0.925748658593552
SUZ12,12,0,0,0.794196434575096,NA,NA,NA,0.92594358276884
SBNO1,9,0,0,0.794196434575096,NA,NA,NA,0.926105361700834
TLN1,6,0,0,0.794196434575096,NA,NA,NA,0.926272184010546
ZNF586,7,0,0,0.794358956898756,NA,NA,NA,0.926450402400955
RPIA,3,0,0,0.794570912527017,NA,NA,NA,0.92650751408836
IGFLR1,2,0,0,0.795421810686776,NA,NA,NA,0.927362869410412
ACSL4,12,0,0,0.795785973729263,NA,NA,NA,0.927912530456898
ZNF26,7,0,0,0.796333182065975,NA,NA,NA,0.928261916427423
DVL1,6,0,0,0.79682470167203,NA,NA,NA,0.928545187298964
TMPO,14,0,0,0.796716078245589,NA,NA,NA,0.928578923207901
STS,6,0,0,0.796699931530446,NA,NA,NA,0.928693397644623
DTNB,7,0,0,0.797123081487495,NA,NA,NA,0.928815928131141
ZMYND8,4,0,0,0.797443694014772,NA,NA,NA,0.929346126595284
PPIL1,7,0,0,0.797443694014772,NA,NA,NA,0.929444780754867
ZNF687,4,0,0,0.797443694014772,NA,NA,NA,0.929542607198172
ARNTL,7,0,0,0.797617100492513,NA,NA,NA,0.929939142436927
PCSK6,6,0,0,0.797617100492513,NA,NA,NA,0.929976150164132
PPP3CC,7,0,0,0.798686267263124,NA,NA,NA,0.930015442613221
DUOXA1,2,0,0,0.798686267263124,NA,NA,NA,0.930172198976724
SEPSECS,9,0,0,0.797617100492513,NA,NA,NA,0.930194523628764
LTA4H,7,0,0,0.798981954028793,NA,NA,NA,0.9302019272969
HM13,14,0,0,0.798686267263124,NA,NA,NA,0.930273275767653
NACC2,7,0,0,0.797617100492513,NA,NA,NA,0.930285795512993
PDE3B,16,0,0,0.798686267263124,NA,NA,NA,0.930293241446357
ACTR2,16,0,0,0.797617100492513,NA,NA,NA,0.930297631270701
MINDY3,5,0,0,0.799196834952515,NA,NA,NA,0.930298602423006
NAMPT,11,0,0,0.799196834952515,NA,NA,NA,0.930347263357393
ADAL,9,0,0,0.798686267263124,NA,NA,NA,0.930372988887012
TOMM40L,8,0,0,0.798686267263124,NA,NA,NA,0.930375082032659
FAM133B,8,0,0,0.799196834952515,NA,NA,NA,0.930435921768989
ATG12,24,0,0,0.798686267263124,NA,NA,NA,0.930515827664706
DDX6,13,0,0,0.798686267263124,NA,NA,NA,0.930516038876059
TBC1D15,11,0,0,0.799196834952515,NA,NA,NA,0.930538899582587
TRAK2,10,0,0,0.798686267263124,NA,NA,NA,0.930606311194608
CNNM3,10,0,0,0.799695730337614,NA,NA,NA,0.930641368285605
CCNJL,9,0,0,0.798390849798265,NA,NA,NA,0.930686661837169
SP4,10,0,0,0.798686267263124,NA,NA,NA,0.930706203839837
ELF1,8,0,0,0.798686267263124,NA,NA,NA,0.930708884567853
ALG12,6,0,0,0.798686267263124,NA,NA,NA,0.930745688651146
TUBA1B,4,0,0,0.798686267263124,NA,NA,NA,0.930753404851813
CREBBP,8,0,0,0.798686267263124,NA,NA,NA,0.930757474184816
EXT1,5,0,0,0.798238661128715,NA,NA,NA,0.930762965726506
TMEM263,20,0,0,0.798686267263124,NA,NA,NA,0.930764219955288
TRABD,2,0,0,0.798438080168252,NA,NA,NA,0.930769001343175
REC8,3,0,0,0.79862239284493,NA,NA,NA,0.930800647349066
IFNK,3,0,0,0.799695730337614,NA,NA,NA,0.930804012135627
VTI1B,14,0,0,0.798390849798265,NA,NA,NA,0.930873645396548
KIF1C,10,0,0,0.798686267263124,NA,NA,NA,0.930874259853983
UBE2L3,9,0,0,0.799827240668691,NA,NA,NA,0.930889052583768
EPHB4,6,0,0,0.798686267263124,NA,NA,NA,0.930930976567868
ZCCHC24,7,0,0,0.798390849798265,NA,NA,NA,0.930933298762871
CKS1B,4,0,0,0.798390849798265,NA,NA,NA,0.93102480648737
RAB11FIP1,10,0,0,0.798686267263124,NA,NA,NA,0.931068208644988
PDHB,8,0,0,0.798686267263124,NA,NA,NA,0.931081300964336
PLSCR1,13,0,0,0.799827240668691,NA,NA,NA,0.931097320103675
CAPS,3,0,0,0.799827240668691,NA,NA,NA,0.931111887212581
TPM3,11,0,0,0.799827240668691,NA,NA,NA,0.931345182029489
PPP2R1A,7,0,0,0.801335993361662,NA,NA,NA,0.933057472861198
PHF2,3,0,0,0.801621887139405,NA,NA,NA,0.933176323614219
PCGF6,3,0,0,0.801335993361662,NA,NA,NA,0.933244873640756
GEMIN2,7,0,0,0.802645441225234,NA,NA,NA,0.934168742362443
NFKBIZ,4,0,0,0.803029901208899,NA,NA,NA,0.934220502492439
DROSHA,4,0,0,0.803029901208899,NA,NA,NA,0.934429781880965
CAPZA2,18,0,0,0.803029901208899,NA,NA,NA,0.934549439150931
ABLIM1,11,0,0,0.803029901208899,NA,NA,NA,0.934642355224905
CCNDBP1,5,0,0,0.803264670868741,NA,NA,NA,0.934752246736762
DNAJC8,4,0,0,0.803264670868741,NA,NA,NA,0.934981409535632
FANCF,14,0,0,0.803442571722346,NA,NA,NA,0.935011509823644
MEGF8,2,0,0,0.803630584000822,NA,NA,NA,0.935150226570767
VAT1L,3,0,0,0.804042807192068,NA,NA,NA,0.935212272566009
LIN9,6,0,0,0.803630584000822,NA,NA,NA,0.935325763537123
RTKN2,9,0,0,0.804419908138819,NA,NA,NA,0.935348042976253
ASXL2,16,0,0,0.804042807192068,NA,NA,NA,0.935443027278559
TMEM183A,7,0,0,0.804042807192068,NA,NA,NA,0.935511671910717
ST3GAL6,11,0,0,0.804419908138819,NA,NA,NA,0.935569110283356
CITED2,7,0,0,0.804703826004623,NA,NA,NA,0.935580671970888
HAGH,7,0,0,0.804042807192068,NA,NA,NA,0.935591744544011
INPP1,3,0,0,0.804383766274798,NA,NA,NA,0.935611457793169
RAD1,16,0,0,0.804042807192068,NA,NA,NA,0.935653941615977
KLHL28,4,0,0,0.804419908138819,NA,NA,NA,0.935741986525543
ELL2,7,0,0,0.804419908138819,NA,NA,NA,0.935792779965469
SCG2,3,0,0,0.805254825223192,NA,NA,NA,0.93583413774153
SLC9A6,6,0,0,0.804419908138819,NA,NA,NA,0.935970599889677
SPATA6,7,0,0,0.805254825223192,NA,NA,NA,0.935997230164544
CYB5R4,8,0,0,0.806642225919283,NA,NA,NA,0.936143617232982
SETD2,4,0,0,0.805278097401121,NA,NA,NA,0.936155150022143
UFSP2,15,0,0,0.806642225919283,NA,NA,NA,0.936207038412253
CDT1,7,0,0,0.805505414311826,NA,NA,NA,0.936222051449458
PGBD1,5,0,0,0.806642225919283,NA,NA,NA,0.936405578648988
MRPS7,11,0,0,0.805733314799722,NA,NA,NA,0.936423618736169
RPL14,8,0,0,0.806642225919283,NA,NA,NA,0.936490508576573
UBAC1,5,0,0,0.806642225919283,NA,NA,NA,0.936523367771202
SEC22A,15,0,0,0.806642225919283,NA,NA,NA,0.936528276213109
GTF2H3,6,0,0,0.806642225919283,NA,NA,NA,0.93661760453778
SIM2,8,0,0,0.805871172869131,NA,NA,NA,0.936628406757412
COX6C,13,0,0,0.806642225919283,NA,NA,NA,0.936640439406541
LATS2,6,0,0,0.806166578259509,NA,NA,NA,0.936741062229661
OXCT1,10,0,0,0.806642225919283,NA,NA,NA,0.936743712377933
FOXL1,7,0,0,0.806642225919283,NA,NA,NA,0.936744776841242
INCENP,21,0,0,0.806642225919283,NA,NA,NA,0.936767478815329
TGIF1,4,0,0,0.806110111767276,NA,NA,NA,0.936774511846034
UST,10,0,0,0.806642225919283,NA,NA,NA,0.936778929562999
NLK,8,0,0,0.806642225919283,NA,NA,NA,0.936816358885355
CUL5,9,0,0,0.806642225919283,NA,NA,NA,0.936858126651484
SMYD4,11,0,0,0.806642225919283,NA,NA,NA,0.936860586223614
ZNF736,11,0,0,0.806642225919283,NA,NA,NA,0.936968558774454
LDAH,9,0,0,0.806642225919283,NA,NA,NA,0.936969524985985
PTGES3,7,0,0,0.806642225919283,NA,NA,NA,0.937018122156708
RAB30,11,0,0,0.806642225919283,NA,NA,NA,0.937031958211074
PDS5B,22,0,0,0.806642225919283,NA,NA,NA,0.937056395285833
GOLGA3,10,0,0,0.807438335604501,NA,NA,NA,0.93708522663461
TM7SF2,8,0,0,0.807270266045129,NA,NA,NA,0.937107237640121
KLF9,4,0,0,0.806917950470378,NA,NA,NA,0.93712923296273
NDUFA5,19,0,0,0.806917950470378,NA,NA,NA,0.937131527239598
ZNF706,10,0,0,0.80743709005214,NA,NA,NA,0.937146247494378
NFYC,4,0,0,0.806917950470378,NA,NA,NA,0.937154929889896
TMEM2,5,0,0,0.806917950470378,NA,NA,NA,0.937169132352561
INO80C,5,0,0,0.806642225919283,NA,NA,NA,0.937223828493487
PPP1R3C,5,0,0,0.807438335604501,NA,NA,NA,0.937228178029034
ME1,6,0,0,0.806642225919283,NA,NA,NA,0.937231852039306
HNRNPR,16,0,0,0.807270266045129,NA,NA,NA,0.937316617165146
CMKLR1,4,0,0,0.806917950470378,NA,NA,NA,0.93732603841872
CTNNAL1,2,0,0,0.808129645891122,NA,NA,NA,0.937334565414864
TMEM242,13,0,0,0.807270266045129,NA,NA,NA,0.937336117941595
ZNF709,4,0,0,0.806917950470378,NA,NA,NA,0.937344151687487
ZBTB11,3,0,0,0.806642225919283,NA,NA,NA,0.937402586937243
ZNF148,13,0,0,0.806642225919283,NA,NA,NA,0.937408052694225
BBS7,4,0,0,0.807270266045129,NA,NA,NA,0.937434177386227
C12orf45,6,0,0,0.807270266045129,NA,NA,NA,0.93750707159199
ELP6,6,0,0,0.808129645891122,NA,NA,NA,0.937512580016362
ERH,4,0,0,0.808129645891122,NA,NA,NA,0.937611704024828
CENPL,7,0,0,0.808372565003206,NA,NA,NA,0.937647934413085
GNL3,4,0,0,0.808129645891122,NA,NA,NA,0.937710321114494
HMBOX1,17,0,0,0.808129645891122,NA,NA,NA,0.937747123822126
C3orf58,2,0,0,0.808372565003206,NA,NA,NA,0.937770021576273
ADH5,13,0,0,0.808129645891122,NA,NA,NA,0.937868147957655
PRKAG2,8,0,0,0.808129645891122,NA,NA,NA,0.937951570312607
RPS27,3,0,0,0.808129645891122,NA,NA,NA,0.937960956211042
QRSL1,10,0,0,0.808129645891122,NA,NA,NA,0.938080579468471
PHLDB2,14,0,0,0.808129645891122,NA,NA,NA,0.938241978925382
CSRNP2,6,0,0,0.808129645891122,NA,NA,NA,0.938439681112465
TRUB2,13,0,0,0.808756814563,NA,NA,NA,0.938470167629971
FLVCR1,7,0,0,0.808129645891122,NA,NA,NA,0.938477510588392
UBE2D2,13,0,0,0.809769865115958,NA,NA,NA,0.939069317287297
LAPTM5,2,0,0,0.809880244164429,NA,NA,NA,0.939091595297318
IMMP2L,6,0,0,0.809880244164429,NA,NA,NA,0.939121951995825
TRMO,8,0,0,0.810133306352223,NA,NA,NA,0.939262258573077
C10orf76,4,0,0,0.809734412450425,NA,NA,NA,0.939269398318271
ZNF576,8,0,0,0.809769865115958,NA,NA,NA,0.939270531062216
HCCS,5,0,0,0.809593367447383,NA,NA,NA,0.93927765799823
PPP1R3F,4,0,0,0.810133306352223,NA,NA,NA,0.939321284869521
ROCK2,12,0,0,0.810133306352223,NA,NA,NA,0.93949391060874
ETV5,5,0,0,0.809769865115958,NA,NA,NA,0.939506442942696
TMEM117,3,0,0,0.811047833407313,NA,NA,NA,0.940226850082202
XRN1,8,0,0,0.811047833407313,NA,NA,NA,0.940337919984345
NUDT16,9,0,0,0.811344353732353,NA,NA,NA,0.940366816211151
FZD5,11,0,0,0.811289210654178,NA,NA,NA,0.940448549338244
KIAA0141,9,0,0,0.81097279437191,NA,NA,NA,0.940529985222871
FDX1L,2,0,0,0.811030977408347,NA,NA,NA,0.94054859153309
CRLF1,3,0,0,0.811047833407313,NA,NA,NA,0.940569133780126
DLK2,3,0,0,0.811471471519328,NA,NA,NA,0.94057232191047
ERG28,9,0,0,0.811289210654178,NA,NA,NA,0.940613973236906
RPA1,5,0,0,0.811047833407313,NA,NA,NA,0.94064206100302
RAB4A,13,0,0,0.811030977408347,NA,NA,NA,0.940741958773348
ARF4,10,0,0,0.81217305363014,NA,NA,NA,0.941695844031221
UBA5,26,0,0,0.812425514892115,NA,NA,NA,0.942528085849117
AFAP1L1,8,0,0,0.812616799137209,NA,NA,NA,0.942561704173797
OLA1,6,0,0,0.812425514892115,NA,NA,NA,0.94267082314626
PDCD5,3,0,0,0.814178963604864,NA,NA,NA,0.942759144273801
VAPB,12,0,0,0.812425514892115,NA,NA,NA,0.942809986293226
RCOR1,10,0,0,0.813218471583461,NA,NA,NA,0.942854711404911
DSCC1,8,0,0,0.81308678466567,NA,NA,NA,0.942861268355716
MMS22L,5,0,0,0.813162227819538,NA,NA,NA,0.942874815883477
IER3IP1,10,0,0,0.812425514892115,NA,NA,NA,0.942879373430376
USP53,7,0,0,0.814174168148217,NA,NA,NA,0.942883805682424
ZNF619,7,0,0,0.813500253149994,NA,NA,NA,0.942896572943743
BNC1,3,0,0,0.813218471583461,NA,NA,NA,0.942911630868596
NOM1,15,0,0,0.813886569879085,NA,NA,NA,0.94291488060311
JADE1,5,0,0,0.812425514892115,NA,NA,NA,0.942958381017607
USP14,14,0,0,0.813142329225893,NA,NA,NA,0.942987019046784
COL13A1,4,0,0,0.813849555848905,NA,NA,NA,0.94301235443845
PIK3C2A,7,0,0,0.81308678466567,NA,NA,NA,0.943038418679813
TCF19,3,0,0,0.813500253149994,NA,NA,NA,0.943039619562789
SELENOK,11,0,0,0.81308678466567,NA,NA,NA,0.943075657512195
SAT1,7,0,0,0.813218471583461,NA,NA,NA,0.943095764543188
PEX11A,2,0,0,0.814174168148217,NA,NA,NA,0.943110495612262
EPM2A,3,0,0,0.813849555848905,NA,NA,NA,0.94313204619808
RERE,5,0,0,0.813442138199617,NA,NA,NA,0.943139560084185
NCF2,2,0,0,0.814174168148217,NA,NA,NA,0.943145613206885
CUEDC2,3,0,0,0.81308678466567,NA,NA,NA,0.943146642291675
ZC3H18,4,0,0,0.81308678466567,NA,NA,NA,0.943163868159884
MIS18A,4,0,0,0.813142329225893,NA,NA,NA,0.943195313817867
SRRM1,6,0,0,0.813500253149994,NA,NA,NA,0.943220818738029
FIP1L1,14,0,0,0.81308678466567,NA,NA,NA,0.943233776688373
CRTC1,5,0,0,0.813849555848905,NA,NA,NA,0.943251637284744
CDC123,3,0,0,0.813218471583461,NA,NA,NA,0.943271804089182
ANGEL2,11,0,0,0.813500253149994,NA,NA,NA,0.943356494444023
DIP2B,10,0,0,0.813849555848905,NA,NA,NA,0.943356944489161
MOV10,9,0,0,0.814531738232637,NA,NA,NA,0.943430186356155
IRAK4,8,0,0,0.814570682470982,NA,NA,NA,0.943671249256343
EME2,7,0,0,0.814570682470982,NA,NA,NA,0.943861153199635
PAG1,8,0,0,0.814938947417296,NA,NA,NA,0.94389743698062
KIAA1468,9,0,0,0.814570682470982,NA,NA,NA,0.943910374920259
SLC9A7,19,0,0,0.814938947417296,NA,NA,NA,0.944117702733819
H2AFJ,4,0,0,0.814570682470982,NA,NA,NA,0.944126540270386
RPL36A,3,0,0,0.815316221185547,NA,NA,NA,0.944156798556324
CEP162,5,0,0,0.814938947417296,NA,NA,NA,0.944207603221172
SHMT2,5,0,0,0.814938947417296,NA,NA,NA,0.944240907749207
MRPL57,10,0,0,0.814938947417296,NA,NA,NA,0.944361657307651
RBM15,12,0,0,0.81484843833465,NA,NA,NA,0.944444218314607
ZBTB38,10,0,0,0.815827250308958,NA,NA,NA,0.944482309298133
GPD1L,4,0,0,0.814938947417296,NA,NA,NA,0.94454758073244
ANKIB1,6,0,0,0.814938947417296,NA,NA,NA,0.944554610043944
SPATA32,6,0,0,0.815764552953307,NA,NA,NA,0.944558153400134
PPT1,10,0,0,0.814938947417296,NA,NA,NA,0.944563935060649
EFNB2,6,0,0,0.816422355915325,NA,NA,NA,0.944579891540932
RFLNB,7,0,0,0.816316240042353,NA,NA,NA,0.944619063698685
TMEM43,11,0,0,0.814938947417296,NA,NA,NA,0.944764517159297
UCK2,12,0,0,0.814938947417296,NA,NA,NA,0.944800928716974
HNRNPH3,7,0,0,0.816316240042353,NA,NA,NA,0.94481303097318
TP53,5,0,0,0.814938947417296,NA,NA,NA,0.94482487251027
REEP2,2,0,0,0.814938947417296,NA,NA,NA,0.944850460570073
ZNF747,10,0,0,0.816682315167241,NA,NA,NA,0.944903276417402
MAP3K8,2,0,0,0.814938947417296,NA,NA,NA,0.944943675037975
RNF223,2,0,0,0.816673916543831,NA,NA,NA,0.944953177985785
WDR11,3,0,0,0.816613214965556,NA,NA,NA,0.944994094789402
RHPN2,6,0,0,0.816316240042353,NA,NA,NA,0.945020709124465
GPALPP1,3,0,0,0.816613214965556,NA,NA,NA,0.945046045311346
ZNF587,16,0,0,0.81661846792781,NA,NA,NA,0.945054080448904
NUP98,3,0,0,0.814938947417296,NA,NA,NA,0.945088441898059
CCDC115,3,0,0,0.816613214965556,NA,NA,NA,0.94509594992689
HEXA,6,0,0,0.816673916543831,NA,NA,NA,0.945097194958935
BBS5,3,0,0,0.816682315167241,NA,NA,NA,0.945128140875587
KLHL18,3,0,0,0.814938947417296,NA,NA,NA,0.945134360674728
CRB3,3,0,0,0.816613214965556,NA,NA,NA,0.94531831071811
MSH6,7,0,0,0.816682315167241,NA,NA,NA,0.945344879233714
MTG2,6,0,0,0.814938947417296,NA,NA,NA,0.945364028933986
DOCK7,3,0,0,0.816613214965556,NA,NA,NA,0.945506736687927
COX5A,6,0,0,0.817323772356578,NA,NA,NA,0.94555636420013
OSCP1,3,0,0,0.816613214965556,NA,NA,NA,0.945638569872685
SP3,17,0,0,0.817323772356578,NA,NA,NA,0.945678851030646
MED21,13,0,0,0.817323772356578,NA,NA,NA,0.945877736018939
CALM1,22,0,0,0.817323772356578,NA,NA,NA,0.946040387051404
PRPSAP1,10,0,0,0.817364627192731,NA,NA,NA,0.946413911489705
C8orf34,2,0,0,0.817504864199298,NA,NA,NA,0.946683094352936
ODF2L,9,0,0,0.818083627629105,NA,NA,NA,0.947093129583215
SUDS3,22,0,0,0.818083627629105,NA,NA,NA,0.947171963958827
MEMO1,13,0,0,0.818083627629105,NA,NA,NA,0.947269066663748
UBE2D3,18,0,0,0.818083627629105,NA,NA,NA,0.947342394231126
PSEN2,5,0,0,0.818813918133858,NA,NA,NA,0.94789896202205
OAT,2,0,0,0.818813918133858,NA,NA,NA,0.947974931794604
SDAD1,6,0,0,0.818813918133858,NA,NA,NA,0.948075055204366
UBXN2A,17,0,0,0.818813918133858,NA,NA,NA,0.948131036967788
PSMG2,2,0,0,0.81969623510888,NA,NA,NA,0.948565933704462
LMTK2,5,0,0,0.819663599118269,NA,NA,NA,0.94858802642256
RABGAP1L,6,0,0,0.819438977838466,NA,NA,NA,0.948674391308786
ZNF362,7,0,0,0.819663599118269,NA,NA,NA,0.948793280858823
SRSF8,13,0,0,0.819663599118269,NA,NA,NA,0.948811904083417
EIF5A,4,0,0,0.819663599118269,NA,NA,NA,0.948868308824996
TUBA1C,3,0,0,0.819663599118269,NA,NA,NA,0.949038053776273
INPP5A,6,0,0,0.819663599118269,NA,NA,NA,0.949179709067683
PI4K2A,9,0,0,0.81969623510888,NA,NA,NA,0.949268335774047
SSBP3,10,0,0,0.820116165936508,NA,NA,NA,0.949536829784394
RIMS3,3,0,0,0.81981411567305,NA,NA,NA,0.949542154939215
TNFAIP8L3,2,0,0,0.819750067549115,NA,NA,NA,0.949575466999858
ELP2,15,0,0,0.820116165936508,NA,NA,NA,0.949689159570751
WNT10B,4,0,0,0.820198074218949,NA,NA,NA,0.94975876066585
PLP2,3,0,0,0.820198074218949,NA,NA,NA,0.949808831520699
NUP133,11,0,0,0.820198074218949,NA,NA,NA,0.949817169938922
DNAJB11,5,0,0,0.820198074218949,NA,NA,NA,0.949817686768736
ADRB2,7,0,0,0.820198074218949,NA,NA,NA,0.949865606988184
CRNDE,11,0,0,0.820198074218949,NA,NA,NA,0.949980837900127
SNAP29,17,0,0,0.820198074218949,NA,NA,NA,0.949985262537188
CYP51A1,11,0,0,0.820198074218949,NA,NA,NA,0.949998344083599
MRPS27,6,0,0,0.820198074218949,NA,NA,NA,0.950000637882622
NUDT9,4,0,0,0.820198074218949,NA,NA,NA,0.950017404017216
TM9SF3,28,0,0,0.820198074218949,NA,NA,NA,0.950056649414631
YIPF6,23,0,0,0.820198074218949,NA,NA,NA,0.950097141810023
SLC6A11,4,0,0,0.820198074218949,NA,NA,NA,0.950210963814901
DPY30,5,0,0,0.820198074218949,NA,NA,NA,0.950232961197472
KIAA1191,5,0,0,0.820198074218949,NA,NA,NA,0.950311911000386
INAFM1,4,0,0,0.820198074218949,NA,NA,NA,0.95046116567567
NT5C2,14,0,0,0.820198074218949,NA,NA,NA,0.950586202033654
ZNF367,5,0,0,0.820198074218949,NA,NA,NA,0.950680118196012
PAXBP1,9,0,0,0.820488347553731,NA,NA,NA,0.950792740114394
PLEKHG2,10,0,0,0.820552420922369,NA,NA,NA,0.950977937620001
DMAC1,9,0,0,0.821196976761004,NA,NA,NA,0.951431772414967
ATG4C,6,0,0,0.821196976761004,NA,NA,NA,0.951512825843115
SNX17,8,0,0,0.821211928062977,NA,NA,NA,0.951573717459519
FBXW11,11,0,0,0.821196976761004,NA,NA,NA,0.951613889232564
GTF3C3,14,0,0,0.821196976761004,NA,NA,NA,0.951816075752999
DENND4C,12,0,0,0.821196976761004,NA,NA,NA,0.952017792628095
ROBO1,6,0,0,0.821530813374883,NA,NA,NA,0.952511968080338
ADAMTSL5,5,0,0,0.821530813374883,NA,NA,NA,0.952561252156553
LARP4,18,0,0,0.821869815681367,NA,NA,NA,0.952901229314623
TWF1,6,0,0,0.821965052132381,NA,NA,NA,0.952957710856773
GCLC,9,0,0,0.821835790449593,NA,NA,NA,0.952974671465814
MRE11,14,0,0,0.821869815681367,NA,NA,NA,0.952974863178798
NOA1,7,0,0,0.822083387353072,NA,NA,NA,0.953132528505177
DSC3,14,0,0,0.822083387353072,NA,NA,NA,0.953249447731792
TRUB1,2,0,0,0.822083387353072,NA,NA,NA,0.953303965821328
UEVLD,5,0,0,0.822083387353072,NA,NA,NA,0.953343697242476
ACO1,15,0,0,0.822083387353072,NA,NA,NA,0.953575225690882
TLE1,2,0,0,0.822083387353072,NA,NA,NA,0.953785416061386
IL27RA,2,0,0,0.822083387353072,NA,NA,NA,0.954281221225118
VPS4A,14,0,0,0.822083387353072,NA,NA,NA,0.954456838369499
CASKIN2,4,0,0,0.822083387353072,NA,NA,NA,0.954487280144708
LAS1L,7,0,0,0.822178583804947,NA,NA,NA,0.954546527477818
PDP1,3,0,0,0.822083387353072,NA,NA,NA,0.954630022130571
SPIRE2,3,0,0,0.822083387353072,NA,NA,NA,0.954835614599152
TRAF3,9,0,0,0.822083387353072,NA,NA,NA,0.954993980237
PLEKHG5,2,0,0,0.822809660099214,NA,NA,NA,0.955456750001974
EXOSC5,4,0,0,0.822933166599268,NA,NA,NA,0.955535405569534
HIST1H3H,7,0,0,0.823954300154723,NA,NA,NA,0.955668549842692
TFPI,16,0,0,0.82434138951415,NA,NA,NA,0.955730637743463
DPM1,6,0,0,0.824306530468591,NA,NA,NA,0.955831861798087
CCDC15,3,0,0,0.823954300154723,NA,NA,NA,0.955900589413397
NBN,11,0,0,0.823954300154723,NA,NA,NA,0.956101830474238
VDAC1,4,0,0,0.823787162323106,NA,NA,NA,0.95612522437479
INTS2,6,0,0,0.82377743473853,NA,NA,NA,0.956166642785051
PRTG,3,0,0,0.823733196666318,NA,NA,NA,0.956177032970008
AP2B1,6,0,0,0.823954300154723,NA,NA,NA,0.956204675095346
PCYT2,9,0,0,0.823954300154723,NA,NA,NA,0.956220622503816
SYCP2,2,0,0,0.823954300154723,NA,NA,NA,0.956221306128088
PNLIPRP3,4,0,0,0.8247103313799,NA,NA,NA,0.956234722180931
LEMD2,3,0,0,0.823954300154723,NA,NA,NA,0.956297978341762
POU2F1,11,0,0,0.823733196666318,NA,NA,NA,0.956307466443792
VPS18,3,0,0,0.823787162323106,NA,NA,NA,0.956342945523838
BCL2L15,3,0,0,0.824912492936142,NA,NA,NA,0.95652788144274
PSMA4,14,0,0,0.825253349461544,NA,NA,NA,0.956778783308249
ARHGAP18,18,0,0,0.825253349461544,NA,NA,NA,0.956910806810373
DOCK11,8,0,0,0.825395627734671,NA,NA,NA,0.957106732558596
OTUB1,7,0,0,0.825253349461544,NA,NA,NA,0.957109710162675
BEX3,8,0,0,0.825253349461544,NA,NA,NA,0.957156989114279
ZNF75A,5,0,0,0.825395627734671,NA,NA,NA,0.957231280981904
CBLL1,11,0,0,0.825853950550464,NA,NA,NA,0.957774249204055
NFIA,7,0,0,0.826830539555295,NA,NA,NA,0.958813575977142
STAT5B,7,0,0,0.826830539555295,NA,NA,NA,0.959005608595546
DGCR8,6,0,0,0.826673125279061,NA,NA,NA,0.959075307784758
RABGAP1,4,0,0,0.826659507476899,NA,NA,NA,0.959089973448016
PEX3,8,0,0,0.827599800665378,NA,NA,NA,0.959163803363476
SHPK,4,0,0,0.826830539555295,NA,NA,NA,0.959192168637034
KCNK5,4,0,0,0.827559128052591,NA,NA,NA,0.959193037748441
RFC2,13,0,0,0.827559128052591,NA,NA,NA,0.959300013123178
CDK4,11,0,0,0.827509447703467,NA,NA,NA,0.959376700786529
ASB8,6,0,0,0.827509447703467,NA,NA,NA,0.959560217883657
MAGIX,3,0,0,0.827236503378938,NA,NA,NA,0.959596372956763
ADO,12,0,0,0.827509447703467,NA,NA,NA,0.959713917779995
CMTM8,3,0,0,0.827236503378938,NA,NA,NA,0.959761589128501
SNRPN,2,0,0,0.827123576855634,NA,NA,NA,0.959764563450756
TXNL1,8,0,0,0.827509447703467,NA,NA,NA,0.959800879986283
GPR137C,4,0,0,0.828185498522444,NA,NA,NA,0.95983130991161
RBM14-RBM4,14,0,0,0.827433061287249,NA,NA,NA,0.959838004585354
KLHL21,6,0,0,0.827509447703467,NA,NA,NA,0.959914946277438
CSTF1,9,0,0,0.827509447703467,NA,NA,NA,0.960027862219773
WNT5A,8,0,0,0.827509447703467,NA,NA,NA,0.960062682135487
VEZF1,4,0,0,0.827509447703467,NA,NA,NA,0.960092929711506
SMG9,9,0,0,0.82850956755037,NA,NA,NA,0.960698046431201
HYI,3,0,0,0.828716754321473,NA,NA,NA,0.960867406240627
C5orf63,12,0,0,0.828748177298048,NA,NA,NA,0.960945930535679
LCMT2,5,0,0,0.829099373402263,NA,NA,NA,0.961511076885811
KIAA0513,9,0,0,0.829175540632455,NA,NA,NA,0.961707397860109
ZNF131,7,0,0,0.829099373402263,NA,NA,NA,0.961740939702054
EZH2,2,0,0,0.829099373402263,NA,NA,NA,0.961871771175277
GJA5,3,0,0,0.829175540632455,NA,NA,NA,0.962102587107028
RPL31,13,0,0,0.829175540632455,NA,NA,NA,0.962192002597085
SEC63,7,0,0,0.829924937312443,NA,NA,NA,0.963568490100294
SLC47A1,4,0,0,0.829924937312443,NA,NA,NA,0.963785381971822
YIF1B,4,0,0,0.830808124081298,NA,NA,NA,0.964186754399019
COMMD10,11,0,0,0.83043282961478,NA,NA,NA,0.964271493074718
SLC12A2,9,0,0,0.831003907351914,NA,NA,NA,0.964308359786891
CYP4F12,3,0,0,0.830864990211072,NA,NA,NA,0.964341112660384
C4orf46,7,0,0,0.830864990211072,NA,NA,NA,0.964344213128665
GNAQ,14,0,0,0.831037149860099,NA,NA,NA,0.964365406689069
TPP2,9,0,0,0.830710613244281,NA,NA,NA,0.964369619268238
JMY,4,0,0,0.831037149860099,NA,NA,NA,0.964385595151037
ANO10,6,0,0,0.830808124081298,NA,NA,NA,0.964416049454378
XYLT2,2,0,0,0.831028514848083,NA,NA,NA,0.964422486704961
SETBP1,3,0,0,0.831003907351914,NA,NA,NA,0.964493283700444
VGLL3,16,0,0,0.830864990211072,NA,NA,NA,0.964495258233213
TBL2,13,0,0,0.831021759639691,NA,NA,NA,0.964500598437836
SH3BP4,8,0,0,0.830864990211072,NA,NA,NA,0.964601873514643
AAAS,7,0,0,0.831021759639691,NA,NA,NA,0.964644576474796
GMDS,3,0,0,0.831980309079716,NA,NA,NA,0.965023018391206
ASB6,3,0,0,0.831980309079716,NA,NA,NA,0.965087248380436
ANKS1A,4,0,0,0.831960909884683,NA,NA,NA,0.965225643194088
PLCB2,2,0,0,0.831980309079716,NA,NA,NA,0.965289127561207
FAM104A,12,0,0,0.831960909884683,NA,NA,NA,0.965417763943723
EBF1,3,0,0,0.831980309079716,NA,NA,NA,0.965433309737461
ADK,20,0,0,0.831960909884683,NA,NA,NA,0.965491141096601
ESF1,5,0,0,0.831960909884683,NA,NA,NA,0.965573803564025
SIX4,4,0,0,0.832720475171671,NA,NA,NA,0.96613376220146
PGBD4,5,0,0,0.832549478906427,NA,NA,NA,0.966143959293633
FAM114A2,7,0,0,0.832720475171671,NA,NA,NA,0.966218610775899
DARS,7,0,0,0.832720475171671,NA,NA,NA,0.966318511159357
FANCB,16,0,0,0.832720475171671,NA,NA,NA,0.966361701175924
GNG10,5,0,0,0.832720475171671,NA,NA,NA,0.966409533197023
TINF2,12,0,0,0.832720475171671,NA,NA,NA,0.966455819609215
PGAP1,14,0,0,0.832720475171671,NA,NA,NA,0.966571131094496
DGCR6L,3,0,0,0.83301463558915,NA,NA,NA,0.966840275501561
GTF2B,5,0,0,0.833416591282617,NA,NA,NA,0.967458331854656
RPS8,8,0,0,0.833416591282617,NA,NA,NA,0.967594469216368
SLC48A1,4,0,0,0.833634997744278,NA,NA,NA,0.968000322441804
GRAMD1A,2,0,0,0.833535867601865,NA,NA,NA,0.968119880433879
TSPAN9,5,0,0,0.833416591282617,NA,NA,NA,0.968184880013349
ZNF627,7,0,0,0.833634997744278,NA,NA,NA,0.968213644407276
PTPN18,4,0,0,0.833535867601865,NA,NA,NA,0.968290689640784
SH3KBP1,7,0,0,0.833416591282617,NA,NA,NA,0.968340123804154
RBM48,13,0,0,0.833416591282617,NA,NA,NA,0.968362933352193
ACTRT3,7,0,0,0.833416591282617,NA,NA,NA,0.968418654432689
SURF6,17,0,0,0.833535867601865,NA,NA,NA,0.968522838844092
PKP2,9,0,0,0.834362888366714,NA,NA,NA,0.968881344628428
TMED10,13,0,0,0.834362888366714,NA,NA,NA,0.968986066566134
TUBB6,5,0,0,0.834776788334415,NA,NA,NA,0.969531844326701
ARL8B,18,0,0,0.834776788334415,NA,NA,NA,0.969548415252907
LTBP2,4,0,0,0.834776788334415,NA,NA,NA,0.969568904174854
IGFBP4,5,0,0,0.834776788334415,NA,NA,NA,0.969696952272125
TEFM,4,0,0,0.834795276623253,NA,NA,NA,0.96972987552362
PCM1,4,0,0,0.834776788334415,NA,NA,NA,0.969758435411001
MAPRE2,4,0,0,0.834776788334415,NA,NA,NA,0.969836449424613
ZNF14,5,0,0,0.835042560078827,NA,NA,NA,0.970303066222055
DDX20,8,0,0,0.835042560078827,NA,NA,NA,0.970364676637602
NECAP1,3,0,0,0.835042560078827,NA,NA,NA,0.970384050313751
PAQR3,4,0,0,0.835899554962512,NA,NA,NA,0.971124236371282
MRPS18A,9,0,0,0.83588021727903,NA,NA,NA,0.971241145075122
HMGXB4,6,0,0,0.836695377990955,NA,NA,NA,0.971453129887587
SLC39A3,3,0,0,0.83588021727903,NA,NA,NA,0.971472099296536
LYPD6,4,0,0,0.836510814648185,NA,NA,NA,0.971546616176098
DNAJC11,3,0,0,0.836695377990955,NA,NA,NA,0.971636666590301
GFER,4,0,0,0.83588021727903,NA,NA,NA,0.97166723971662
RPS4X,10,0,0,0.836510814648185,NA,NA,NA,0.971705900110607
CAB39,6,0,0,0.836510814648185,NA,NA,NA,0.971787979925752
PFKL,3,0,0,0.836386947073178,NA,NA,NA,0.971795289565175
MAP2K6,6,0,0,0.836695377990955,NA,NA,NA,0.971834462867644
RPL23,13,0,0,0.836996957254171,NA,NA,NA,0.972166115012247
HEATR5A,7,0,0,0.836950307601147,NA,NA,NA,0.972268965686442
SAP18,14,0,0,0.837179674914178,NA,NA,NA,0.97229277101946
FGD4,10,0,0,0.836996957254171,NA,NA,NA,0.972329025508391
TXNDC5,8,0,0,0.837357067048936,NA,NA,NA,0.972361718026318
GNG12,14,0,0,0.836996957254171,NA,NA,NA,0.972449965877362
ECM1,3,0,0,0.837505829100792,NA,NA,NA,0.972530515798681
ARG2,4,0,0,0.837505829100792,NA,NA,NA,0.972696097194457
COMMD3-BMI1,9,0,0,0.837505829100792,NA,NA,NA,0.972704216601296
DPYD,2,0,0,0.837999239399695,NA,NA,NA,0.973488965732137
RWDD2B,13,0,0,0.837999239399695,NA,NA,NA,0.973709623010409
SIRT3,7,0,0,0.838052756729049,NA,NA,NA,0.973949211104157
RNF169,8,0,0,0.838052756729049,NA,NA,NA,0.97410949102104
KANSL3,4,0,0,0.838210380355279,NA,NA,NA,0.974146290993465
NCKAP1,15,0,0,0.838210380355279,NA,NA,NA,0.974167597672929
TMEM144,4,0,0,0.838210380355279,NA,NA,NA,0.974211401042588
CEP89,3,0,0,0.838210380355279,NA,NA,NA,0.974230566399203
PCGF3,11,0,0,0.838210380355279,NA,NA,NA,0.974295547126771
ME2,7,0,0,0.838826312685569,NA,NA,NA,0.974340925453971
SRP14,9,0,0,0.838210380355279,NA,NA,NA,0.974345924107965
C18orf25,9,0,0,0.838826312685569,NA,NA,NA,0.974431404681504
TEX2,8,0,0,0.838210380355279,NA,NA,NA,0.974431430045165
L3MBTL3,2,0,0,0.838210380355279,NA,NA,NA,0.974447732788482
KBTBD2,9,0,0,0.838210380355279,NA,NA,NA,0.974517997296737
DNPEP,14,0,0,0.838826312685569,NA,NA,NA,0.974531655008377
ANP32A,7,0,0,0.838826312685569,NA,NA,NA,0.974591728459041
ZNF691,4,0,0,0.838210380355279,NA,NA,NA,0.974601572864485
SOCS2,5,0,0,0.838826312685569,NA,NA,NA,0.974634506485814
TMEM184A,5,0,0,0.838210380355279,NA,NA,NA,0.974701007988318
SLC41A2,17,0,0,0.838210380355279,NA,NA,NA,0.974711986287942
C2orf69,4,0,0,0.838210380355279,NA,NA,NA,0.974714581432883
STN1,14,0,0,0.838826312685569,NA,NA,NA,0.974774859217664
CHML,4,0,0,0.838210380355279,NA,NA,NA,0.974842687161436
TNFRSF6B,4,0,0,0.838210380355279,NA,NA,NA,0.97506946516699
CYLD,12,0,0,0.839172281917001,NA,NA,NA,0.976006890462787
RPL39,4,0,0,0.839902298544133,NA,NA,NA,0.976358598006007
KIFC3,2,0,0,0.839902298544133,NA,NA,NA,0.97657873451196
SERF2,5,0,0,0.839902298544133,NA,NA,NA,0.976675017275541
ZNF584,9,0,0,0.839951380416526,NA,NA,NA,0.976689957051695
ZNF652,4,0,0,0.839902298544133,NA,NA,NA,0.976696845566384
OAZ1,5,0,0,0.839902298544133,NA,NA,NA,0.976728187135086
BDNF,7,0,0,0.839902298544133,NA,NA,NA,0.976816199681857
USP24,10,0,0,0.840100773405682,NA,NA,NA,0.976842368864739
PSME3,10,0,0,0.839902298544133,NA,NA,NA,0.976855718198755
STK25,14,0,0,0.839830733526629,NA,NA,NA,0.976904837267614
DCAF12,4,0,0,0.839902298544133,NA,NA,NA,0.976920581835368
TLR6,9,0,0,0.839902298544133,NA,NA,NA,0.976928180084405
CHM,3,0,0,0.839902298544133,NA,NA,NA,0.97705766704357
DDX51,7,0,0,0.839902298544133,NA,NA,NA,0.977105562537858
PXYLP1,4,0,0,0.84060276412708,NA,NA,NA,0.97711782420697
CXCL2,2,0,0,0.839902298544133,NA,NA,NA,0.977310151720112
CLCN6,4,0,0,0.841055937081255,NA,NA,NA,0.977500716718792
ICE2,12,0,0,0.841055937081255,NA,NA,NA,0.977585946436577
SPTSSA,8,0,0,0.841055937081255,NA,NA,NA,0.977745186192367
IL31RA,2,0,0,0.841055937081255,NA,NA,NA,0.977810661100248
RAB1A,14,0,0,0.841055937081255,NA,NA,NA,0.977884589037791
NRGN,7,0,0,0.841055937081255,NA,NA,NA,0.977952955677097
ANGEL1,3,0,0,0.841055937081255,NA,NA,NA,0.978121028056829
NRDE2,10,0,0,0.841294822973836,NA,NA,NA,0.978240036310883
SLC25A36,16,0,0,0.841307755197313,NA,NA,NA,0.978366391027576
ESYT1,7,0,0,0.841558936020872,NA,NA,NA,0.978429232677973
MAP4K5,10,0,0,0.841432008195902,NA,NA,NA,0.978487199511046
NADSYN1,3,0,0,0.841558936020872,NA,NA,NA,0.978581489089909
TMED4,12,0,0,0.841432008195902,NA,NA,NA,0.978684966148021
TET3,5,0,0,0.841432008195902,NA,NA,NA,0.978705619796882
CTPS2,4,0,0,0.841601344204535,NA,NA,NA,0.978766032089224
ZNF573,5,0,0,0.841601344204535,NA,NA,NA,0.978858100383864
RBM11,5,0,0,0.841757080431979,NA,NA,NA,0.978958950656569
FKBP14,15,0,0,0.841757080431979,NA,NA,NA,0.979241182656872
PBX3,6,0,0,0.842024592986424,NA,NA,NA,0.979458405694376
SOD1,8,0,0,0.842442545059106,NA,NA,NA,0.97985912978315
CFAP69,4,0,0,0.843018630408929,NA,NA,NA,0.980582991738248
SAMHD1,9,0,0,0.843108448811452,NA,NA,NA,0.980593322151807
USP47,13,0,0,0.843267611080003,NA,NA,NA,0.980865668709018
DAP,3,0,0,0.843267611080003,NA,NA,NA,0.980868433802681
CHTF8,3,0,0,0.843267611080003,NA,NA,NA,0.980984732576931
ASPHD2,3,0,0,0.843267611080003,NA,NA,NA,0.981000161379206
SRGAP1,18,0,0,0.843267611080003,NA,NA,NA,0.981039777661333
MCTP1,17,0,0,0.843267611080003,NA,NA,NA,0.981042729192761
DSN1,5,0,0,0.843267611080003,NA,NA,NA,0.981070103710077
TUBGCP4,13,0,0,0.843267611080003,NA,NA,NA,0.981083111356091
MPPE1,10,0,0,0.843267611080003,NA,NA,NA,0.981172006873787
EIF4E2,10,0,0,0.843411431819863,NA,NA,NA,0.981175998759302
NDUFB5,7,0,0,0.843267611080003,NA,NA,NA,0.981216717242423
RPL13A,13,0,0,0.844272236096507,NA,NA,NA,0.981403210869486
RXRA,14,0,0,0.844272236096507,NA,NA,NA,0.981483855886408
PARP12,4,0,0,0.844272236096507,NA,NA,NA,0.981621402578373
RNF44,6,0,0,0.84476570323604,NA,NA,NA,0.981755385645417
PARVB,4,0,0,0.843999045503634,NA,NA,NA,0.981757967825965
PELP1,2,0,0,0.844272236096507,NA,NA,NA,0.981838477800619
BRD4,6,0,0,0.844272236096507,NA,NA,NA,0.981842226888899
DDX19A,13,0,0,0.844531412831294,NA,NA,NA,0.981853883305678
C12orf66,3,0,0,0.844531412831294,NA,NA,NA,0.981872896534809
SLC26A2,3,0,0,0.844272236096507,NA,NA,NA,0.98187404832298
CTPS1,11,0,0,0.843948557601643,NA,NA,NA,0.98187508814684
ZBTB7A,14,0,0,0.843991991545709,NA,NA,NA,0.981886462505817
MAP2,4,0,0,0.844272236096507,NA,NA,NA,0.981909438495674
BBS1,8,0,0,0.84476570323604,NA,NA,NA,0.981920070913363
LTV1,3,0,0,0.843950701985541,NA,NA,NA,0.981939998227947
KAT14,5,0,0,0.844531412831294,NA,NA,NA,0.981973484451238
ZNF839,5,0,0,0.844298375004857,NA,NA,NA,0.981973631968949
COA3,8,0,0,0.84476570323604,NA,NA,NA,0.981980140694873
FOXJ2,4,0,0,0.844272236096507,NA,NA,NA,0.98200253459891
ZNF787,2,0,0,0.844531412831294,NA,NA,NA,0.982004302676467
PARD6A,2,0,0,0.84476570323604,NA,NA,NA,0.982025310500785
ZC3H15,12,0,0,0.844531412831294,NA,NA,NA,0.982032279689161
PTPN13,3,0,0,0.844531412831294,NA,NA,NA,0.982053063400134
TCF7,4,0,0,0.844298375004857,NA,NA,NA,0.98205705457263
HLCS,13,0,0,0.844272236096507,NA,NA,NA,0.982062398877064
ROMO1,6,0,0,0.84476570323604,NA,NA,NA,0.982071994305597
RARS2,5,0,0,0.844531412831294,NA,NA,NA,0.982089648802645
MFAP3,10,0,0,0.84476570323604,NA,NA,NA,0.982091622184379
STARD7,7,0,0,0.84476570323604,NA,NA,NA,0.98210498437172
SNTB2,13,0,0,0.844445885140687,NA,NA,NA,0.982151531129418
MRPS5,8,0,0,0.84476570323604,NA,NA,NA,0.982171093765337
C16orf72,20,0,0,0.844531412831294,NA,NA,NA,0.98217869827015
MRPS12,10,0,0,0.84476570323604,NA,NA,NA,0.982204048518897
ZNF318,10,0,0,0.844531412831294,NA,NA,NA,0.982228846340384
COA5,12,0,0,0.844531412831294,NA,NA,NA,0.98229243527523
PICALM,14,0,0,0.844531412831294,NA,NA,NA,0.982305549041137
KLLN,2,0,0,0.84476570323604,NA,NA,NA,0.982315156349569
COPS7B,6,0,0,0.84476570323604,NA,NA,NA,0.982317249889461
USP36,12,0,0,0.84476570323604,NA,NA,NA,0.982389693544614
TTC13,9,0,0,0.844531412831294,NA,NA,NA,0.982463574616022
IQGAP2,3,0,0,0.84476570323604,NA,NA,NA,0.98247667846729
UBE2F,12,0,0,0.84476570323604,NA,NA,NA,0.982546473087932
IL6,2,0,0,0.84476570323604,NA,NA,NA,0.982601326741505
FAM168A,20,0,0,0.844916247666566,NA,NA,NA,0.982625875574903
SRRM2,3,0,0,0.84476570323604,NA,NA,NA,0.982647581831216
FSTL1,9,0,0,0.84476570323604,NA,NA,NA,0.98265273811698
PUM1,8,0,0,0.845119039769126,NA,NA,NA,0.982951177349427
NCK1,14,0,0,0.845119039769126,NA,NA,NA,0.98313430106031
SLC4A3,3,0,0,0.845119039769126,NA,NA,NA,0.983212413220972
ARL13B,4,0,0,0.845119039769126,NA,NA,NA,0.983227543050517
ATG5,10,0,0,0.845119039769126,NA,NA,NA,0.983353671897714
TOMM70,11,0,0,0.846396798436428,NA,NA,NA,0.98353698945664
ZFP91,11,0,0,0.845614960210819,NA,NA,NA,0.983542810476112
MBD6,3,0,0,0.845614960210819,NA,NA,NA,0.983563460266009
LZTS2,2,0,0,0.845599371489549,NA,NA,NA,0.983583398833016
TTC39B,14,0,0,0.846526344845767,NA,NA,NA,0.983601130738214
DYM,15,0,0,0.846369976378955,NA,NA,NA,0.983636166829701
DMAC2,2,0,0,0.845614960210819,NA,NA,NA,0.983666983034335
CBLC,6,0,0,0.845803658934664,NA,NA,NA,0.983693340365229
FUBP3,10,0,0,0.846396798436428,NA,NA,NA,0.983713476544634
NDUFA9,6,0,0,0.845803658934664,NA,NA,NA,0.983760184138129
DMTF1,7,0,0,0.845599371489549,NA,NA,NA,0.983779675497386
NT5C3A,5,0,0,0.845803658934664,NA,NA,NA,0.983828794275809
MRPS16,15,0,0,0.846369976378955,NA,NA,NA,0.983838252006972
NRG1,10,0,0,0.846396798436428,NA,NA,NA,0.983857902830991
KCNK1,6,0,0,0.846396798436428,NA,NA,NA,0.983858522580029
ATP6V1B2,9,0,0,0.845599371489549,NA,NA,NA,0.98389065439349
AGGF1,14,0,0,0.845842030046262,NA,NA,NA,0.983899442741558
RGL1,12,0,0,0.845803658934664,NA,NA,NA,0.983911541602312
POLR1B,15,0,0,0.846369976378955,NA,NA,NA,0.98391522944031
AARS,2,0,0,0.845803658934664,NA,NA,NA,0.983960278803425
NME7,2,0,0,0.845803658934664,NA,NA,NA,0.983982275423958
CHMP1B,12,0,0,0.845803658934664,NA,NA,NA,0.984007867468626
TSR2,9,0,0,0.845803658934664,NA,NA,NA,0.984032522785519
TOR1A,9,0,0,0.845803658934664,NA,NA,NA,0.984039102972352
PLA2G4A,4,0,0,0.846396798436428,NA,NA,NA,0.984048128962468
C7orf55-LUC7L2,11,0,0,0.845842030046262,NA,NA,NA,0.984074142903436
AP4E1,4,0,0,0.845599371489549,NA,NA,NA,0.984105658264407
GTF2H5,5,0,0,0.846369976378955,NA,NA,NA,0.984113859553426
TACC2,4,0,0,0.845803658934664,NA,NA,NA,0.984198715345116
KLF7,7,0,0,0.846369976378955,NA,NA,NA,0.98422366839252
CDON,12,0,0,0.846369976378955,NA,NA,NA,0.984234228354248
CHCHD1,3,0,0,0.845803658934664,NA,NA,NA,0.984255427629828
ZBTB14,12,0,0,0.846369976378955,NA,NA,NA,0.984296489363849
EFTUD2,13,0,0,0.846369976378955,NA,NA,NA,0.984299198212607
CCNQ,2,0,0,0.846369976378955,NA,NA,NA,0.984429091028837
ZNF510,5,0,0,0.846872877928091,NA,NA,NA,0.984488275470343
MANEA,6,0,0,0.846369976378955,NA,NA,NA,0.984508949095903
CTSZ,12,0,0,0.846369976378955,NA,NA,NA,0.984553739580294
DCAKD,3,0,0,0.846369976378955,NA,NA,NA,0.984589372187208
ARID2,6,0,0,0.846872877928091,NA,NA,NA,0.984607748547228
NPHP4,5,0,0,0.846369976378955,NA,NA,NA,0.984630414836968
PHLDA3,10,0,0,0.846369976378955,NA,NA,NA,0.984644572431404
GFM1,10,0,0,0.846872877928091,NA,NA,NA,0.984663074206243
DICER1,10,0,0,0.846872877928091,NA,NA,NA,0.984807109504891
SGO2,5,0,0,0.846872877928091,NA,NA,NA,0.984889893060558
CNOT11,5,0,0,0.846872877928091,NA,NA,NA,0.985004696801998
SNX12,12,0,0,0.847171644386257,NA,NA,NA,0.985368885883497
ARPC5,9,0,0,0.847242454664375,NA,NA,NA,0.985587199094753
AC022384.1,5,0,0,0.847242454664375,NA,NA,NA,0.985784441979379
RER1,13,0,0,0.847438780160118,NA,NA,NA,0.986494034974702
HIST4H4,8,0,0,0.847438780160118,NA,NA,NA,0.986668676577998
TBX2,5,0,0,0.847438780160118,NA,NA,NA,0.986729782044373
RSF1,12,0,0,0.847863200217917,NA,NA,NA,0.987023727827919
NPC2,5,0,0,0.848117215535338,NA,NA,NA,0.987092632001521
CLIC2,3,0,0,0.847863200217917,NA,NA,NA,0.987220341492953
ZMYM4,11,0,0,0.848600059955758,NA,NA,NA,0.987436925814797
SEPT10,5,0,0,0.849277588175563,NA,NA,NA,0.988251164045524
MOCS1,7,0,0,0.849277588175563,NA,NA,NA,0.988453686206802
PTCH1,6,0,0,0.849627880548255,NA,NA,NA,0.989368547609838
LYPLAL1,12,0,0,0.849783348189559,NA,NA,NA,0.989384224079656
TAF13,3,0,0,0.849627880548255,NA,NA,NA,0.989537035838761
ANP32E,10,0,0,0.849783348189559,NA,NA,NA,0.989537050652384
SP1,16,0,0,0.849783348189559,NA,NA,NA,0.990095057081029
TMEM265,6,0,0,0.849837840510009,NA,NA,NA,0.990302184002575
RPP30,6,0,0,0.850062063909862,NA,NA,NA,0.990352354437735
UQCRFS1,8,0,0,0.850250478640304,NA,NA,NA,0.990423641731933
CHST15,14,0,0,0.850062063909862,NA,NA,NA,0.990505109601955
ELL,7,0,0,0.850394024719739,NA,NA,NA,0.990580068046984
C11orf84,2,0,0,0.850062063909862,NA,NA,NA,0.990663978039466
DCTN1,4,0,0,0.850394024719739,NA,NA,NA,0.990773163083808
KIAA0391,10,0,0,0.851867805062208,NA,NA,NA,0.992451400560528
EXD2,5,0,0,0.851867805062208,NA,NA,NA,0.992587186607721
C3orf38,11,0,0,0.851867805062208,NA,NA,NA,0.99259836486421
NEK9,22,0,0,0.852423156593712,NA,NA,NA,0.993268638669216
OSMR,9,0,0,0.852370214003576,NA,NA,NA,0.993346365090904
SLC2A6,4,0,0,0.852370214003576,NA,NA,NA,0.993477440288362
GPC4,8,0,0,0.852370214003576,NA,NA,NA,0.993486715634663
TRIO,4,0,0,0.852860968107256,NA,NA,NA,0.994054765571175
ZNF746,3,0,0,0.852860968107256,NA,NA,NA,0.994063324297648
CIT,6,0,0,0.852860968107256,NA,NA,NA,0.994067863620208
SAYSD1,4,0,0,0.852860968107256,NA,NA,NA,0.994126992999217
ARPC4,2,0,0,0.852860968107256,NA,NA,NA,0.994139845304554
TBC1D32,2,0,0,0.852954158768363,NA,NA,NA,0.994169736500289
PPFIA3,2,0,0,0.852860968107256,NA,NA,NA,0.994257040765313
TRIM28,4,0,0,0.856393021519703,NA,NA,NA,0.994271258364863
TAB2,5,0,0,0.852954158768363,NA,NA,NA,0.994330183097166
HECTD3,4,0,0,0.852860968107256,NA,NA,NA,0.994430253838692
RPL10A,6,0,0,0.856393021519703,NA,NA,NA,0.994470752854272
PTX3,5,0,0,0.856388406356807,NA,NA,NA,0.994478428750104
PPWD1,4,0,0,0.852860968107256,NA,NA,NA,0.994603742770698
RPS6KB1,7,0,0,0.856388406356807,NA,NA,NA,0.994607426391729
NFXL1,9,0,0,0.856388406356807,NA,NA,NA,0.994679968344144
NBEAL1,12,0,0,0.852860968107256,NA,NA,NA,0.994791362159425
HTR1D,7,0,0,0.852860968107256,NA,NA,NA,0.994793408280861
TOX4,25,0,0,0.852860968107256,NA,NA,NA,0.994805914225643
RANBP2,11,0,0,0.855582058546033,NA,NA,NA,0.994810164240622
MAPK13,7,0,0,0.852860968107256,NA,NA,NA,0.994862420263997
NAB1,13,0,0,0.856388406356807,NA,NA,NA,0.994867561463917
CSNK1D,8,0,0,0.856388406356807,NA,NA,NA,0.994921795637226
MTMR1,5,0,0,0.855582058546033,NA,NA,NA,0.99498517138859
DRG1,13,0,0,0.852860968107256,NA,NA,NA,0.995050347845828
NRAS,13,0,0,0.85729328476029,NA,NA,NA,0.995069650260301
SPG7,4,0,0,0.856388406356807,NA,NA,NA,0.995075785247091
ZNF326,15,0,0,0.852860968107256,NA,NA,NA,0.995098375470454
DPM3,3,0,0,0.856388406356807,NA,NA,NA,0.995105297219177
RSBN1L,10,0,0,0.855582058546033,NA,NA,NA,0.995107374473614
ZNF827,6,0,0,0.855568335962543,NA,NA,NA,0.995118240560839
PPP4R2,7,0,0,0.855406518374521,NA,NA,NA,0.995125716885155
HELQ,3,0,0,0.856053998300842,NA,NA,NA,0.995129155093137
SRGAP2,5,0,0,0.853966095094878,NA,NA,NA,0.995148353944472
PDCD1LG2,5,0,0,0.85592225603016,NA,NA,NA,0.995160331976954
ARAP1,3,0,0,0.855582058546033,NA,NA,NA,0.995172540902622
ARHGAP10,2,0,0,0.856231807790097,NA,NA,NA,0.9951891659239
TMEM206,4,0,0,0.852860968107256,NA,NA,NA,0.995221102810614
TLL1,8,0,0,0.852860968107256,NA,NA,NA,0.995234258847777
ARHGEF12,13,0,0,0.855849736738911,NA,NA,NA,0.995238096202877
FAH,5,0,0,0.855399275590993,NA,NA,NA,0.995254944104417
NETO2,14,0,0,0.856388406356807,NA,NA,NA,0.995273311729781
NPTN,6,0,0,0.856388406356807,NA,NA,NA,0.995277731079399
ABL2,15,0,0,0.853648515481311,NA,NA,NA,0.995312607870772
SENP2,8,0,0,0.855582058546033,NA,NA,NA,0.995314463255621
NUP58,8,0,0,0.853966095094878,NA,NA,NA,0.995324789343674
UBA1,4,0,0,0.853966095094878,NA,NA,NA,0.995333416881727
MRS2,8,0,0,0.856368919057084,NA,NA,NA,0.995343280881628
ERCC6L,2,0,0,0.856388406356807,NA,NA,NA,0.995360112269146
C5orf22,13,0,0,0.855399275590993,NA,NA,NA,0.995416116317783
FOXP1,16,0,0,0.853966095094878,NA,NA,NA,0.995479711813247
PITPNA,7,0,0,0.853648515481311,NA,NA,NA,0.995487607371712
POLD3,5,0,0,0.853966095094878,NA,NA,NA,0.995491222454662
KIAA1217,5,0,0,0.855376440204626,NA,NA,NA,0.99551414743212
CPEB3,4,0,0,0.855399275590993,NA,NA,NA,0.995526360784325
TTC9,6,0,0,0.855399275590993,NA,NA,NA,0.995552236102427
C5orf15,7,0,0,0.853644196183558,NA,NA,NA,0.9955568894612
ZNF385A,3,0,0,0.853966095094878,NA,NA,NA,0.995571214130106
TAX1BP1,21,0,0,0.854396840761659,NA,NA,NA,0.995576568029696
SPACA9,2,0,0,0.855376440204626,NA,NA,NA,0.99558018847423
RAB5B,6,0,0,0.854892909946204,NA,NA,NA,0.995586864229854
GMEB2,2,0,0,0.853966095094878,NA,NA,NA,0.995614880489628
NRL,5,0,0,0.853966095094878,NA,NA,NA,0.995627476158935
FAM78B,3,0,0,0.853966095094878,NA,NA,NA,0.995632815354221
A1BG,5,0,0,0.853966095094878,NA,NA,NA,0.995659543163652
LRIF1,10,0,0,0.854396840761659,NA,NA,NA,0.995662655179133
RPAIN,5,0,0,0.855061675418393,NA,NA,NA,0.995679448135802
UCN2,4,0,0,0.854396840761659,NA,NA,NA,0.995746623520357
SSX2IP,21,0,0,0.854892909946204,NA,NA,NA,0.995781969866706
TRAPPC11,5,0,0,0.855250135138457,NA,NA,NA,0.995786772083015
DKK3,5,0,0,0.855376440204626,NA,NA,NA,0.995800744193259
NCOR1,24,0,0,0.855250135138457,NA,NA,NA,0.99581495437088
RPS29,7,0,0,0.855376440204626,NA,NA,NA,0.995842945515754
TIGD2,10,0,0,0.854598157682707,NA,NA,NA,0.995861392722558
PPP1R21,8,0,0,0.853966095094878,NA,NA,NA,0.995872397563636
ABHD2,8,0,0,0.853966095094878,NA,NA,NA,0.995888915954159
BBS2,4,0,0,0.853966095094878,NA,NA,NA,0.995947150218531
PCMTD1,8,0,0,0.855376440204626,NA,NA,NA,0.995952625342011
WDR26,13,0,0,0.857817696203661,NA,NA,NA,0.995960807537178
PLEKHJ1,2,0,0,0.853966095094878,NA,NA,NA,0.995970702451418
ADPRHL1,4,0,0,0.855376440204626,NA,NA,NA,0.995977331770824
C1GALT1,12,0,0,0.857817696203661,NA,NA,NA,0.995977361544721
AP4S1,5,0,0,0.854892909946204,NA,NA,NA,0.995983086181509
TLR1,7,0,0,0.857817696203661,NA,NA,NA,0.995995570994273
PAX9,11,0,0,0.853966095094878,NA,NA,NA,0.996011735542134
RMND5B,12,0,0,0.853966095094878,NA,NA,NA,0.996040417539797
ORMDL2,24,0,0,0.855376440204626,NA,NA,NA,0.996046484127357
SEC23B,13,0,0,0.853966095094878,NA,NA,NA,0.996048164055518
METTL16,5,0,0,0.854892909946204,NA,NA,NA,0.996065140394607
P4HA2,9,0,0,0.854892909946204,NA,NA,NA,0.996072674384524
RAB11B,8,0,0,0.853966095094878,NA,NA,NA,0.996108486204073
SPIN4,4,0,0,0.853966095094878,NA,NA,NA,0.996121315277445
PRAF2,5,0,0,0.857817696203661,NA,NA,NA,0.996139447585841
ENC1,6,0,0,0.853966095094878,NA,NA,NA,0.996154930046142
ZFAND1,21,0,0,0.85488183205812,NA,NA,NA,0.996156735717431
UGGT2,3,0,0,0.853966095094878,NA,NA,NA,0.996178741961246
SNW1,4,0,0,0.85488183205812,NA,NA,NA,0.996185187137294
TXN2,5,0,0,0.853966095094878,NA,NA,NA,0.996187312969373
MSX2,7,0,0,0.853966095094878,NA,NA,NA,0.996238735626932
HIVEP3,4,0,0,0.854892909946204,NA,NA,NA,0.996279474380275
TMEM120B,9,0,0,0.858283637399057,NA,NA,NA,0.996295196651356
MSMO1,8,0,0,0.858730752308618,NA,NA,NA,0.996296545300524
FIG4,4,0,0,0.854892909946204,NA,NA,NA,0.996300696318897
MAP3K7,9,0,0,0.85488183205812,NA,NA,NA,0.996323529011226
ABHD18,4,0,0,0.858677072894913,NA,NA,NA,0.996327279591546
ZNF180,4,0,0,0.85488183205812,NA,NA,NA,0.996335803445552
FOXC1,6,0,0,0.858730752308618,NA,NA,NA,0.996361628198793
SMARCAD1,4,0,0,0.853966095094878,NA,NA,NA,0.996362661153829
NABP2,2,0,0,0.85488183205812,NA,NA,NA,0.996385847562066
SEPT2,15,0,0,0.85488183205812,NA,NA,NA,0.996386066094805
AGFG2,11,0,0,0.858808942438962,NA,NA,NA,0.99640667377494
THNSL2,2,0,0,0.858730752308618,NA,NA,NA,0.996422330664171
DFFA,26,0,0,0.854892909946204,NA,NA,NA,0.996432641379495
MAPK8IP2,2,0,0,0.85488183205812,NA,NA,NA,0.996450361648299
TOMM22,12,0,0,0.858677072894913,NA,NA,NA,0.996484147027585
ZNF419,5,0,0,0.858730752308618,NA,NA,NA,0.996514161748367
RHOF,7,0,0,0.858808942438962,NA,NA,NA,0.996560564879279
RPS10-NUDT3,8,0,0,0.858677072894913,NA,NA,NA,0.996672395819711
SZRD1,8,0,0,0.858808942438962,NA,NA,NA,0.996770383973224
SLC2A8,6,0,0,0.858808942438962,NA,NA,NA,0.996784927045482
EIF1AX,16,0,0,0.858677072894913,NA,NA,NA,0.996833295029365
CUX1,2,0,0,0.858826747848565,NA,NA,NA,0.997033460277433
PIGC,4,0,0,0.858808942438962,NA,NA,NA,0.997052222600008
TGS1,7,0,0,0.858826747848565,NA,NA,NA,0.997319087700625
FSCN1,3,0,0,0.85933555855205,NA,NA,NA,0.997581791393521
MRPS2,2,0,0,0.859643871549695,NA,NA,NA,0.9977269236042
AKR1C2,2,0,0,0.859527340802927,NA,NA,NA,0.997770738219595
RNF138,10,0,0,0.860318724211311,NA,NA,NA,0.998220718298084
STXBP4,14,0,0,0.860318724211311,NA,NA,NA,0.998294613160195
HTR7,5,0,0,0.860318724211311,NA,NA,NA,0.998401892348294
COX18,5,0,0,0.860318724211311,NA,NA,NA,0.998518188257566
ZBED3,11,0,0,0.860577447548873,NA,NA,NA,0.998572067204447
TPI1,9,0,0,0.860464696449404,NA,NA,NA,0.998614943846569
FBXO11,15,0,0,0.860385277704308,NA,NA,NA,0.998620712924828
STX8,2,0,0,0.860318724211311,NA,NA,NA,0.998652174681611
EPHA4,4,0,0,0.861554276376463,NA,NA,NA,0.998724299908829
FLNB,6,0,0,0.861142401649548,NA,NA,NA,0.998780527414718
ARFGAP2,7,0,0,0.860464696449404,NA,NA,NA,0.998784252430426
H3F3C,2,0,0,0.861240277448249,NA,NA,NA,0.998808340086942
MAP7D3,2,0,0,0.860464696449404,NA,NA,NA,0.998808529863038
DHX9,10,0,0,0.861625329496946,NA,NA,NA,0.998817331484263
PHYHIP,2,0,0,0.861509295183938,NA,NA,NA,0.998824008870939
TNFAIP8L1,7,0,0,0.860464696449404,NA,NA,NA,0.998838549771021
PRRG1,6,0,0,0.861050552250759,NA,NA,NA,0.998892189248834
MSL1,8,0,0,0.861442843443106,NA,NA,NA,0.998907058526045
VWA1,2,0,0,0.861142401649548,NA,NA,NA,0.998927627573565
MBD2,7,0,0,0.860464696449404,NA,NA,NA,0.998930054483563
ZNF836,2,0,0,0.861442843443106,NA,NA,NA,0.998955903699369
ATF7IP2,2,0,0,0.861628307198115,NA,NA,NA,0.998962316570617
SAMD9,4,0,0,0.861628307198115,NA,NA,NA,0.999136528970828
LRRC46,2,0,0,0.861442843443106,NA,NA,NA,0.999171544972366
GRSF1,21,0,0,0.861628307198115,NA,NA,NA,0.999204031914019
PDP2,12,0,0,0.861628307198115,NA,NA,NA,0.999252734868922
TLK2,6,0,0,0.862249066109453,NA,NA,NA,0.999661559427236
RTN2,2,0,0,0.86260779719339,NA,NA,NA,1
SCAF1,2,0,0,0.862736203430349,NA,NA,NA,1
CDC5L,11,0,0,0.863083167398745,NA,NA,NA,1
PTPRG,7,0,0,0.863083167398745,NA,NA,NA,1
SDR42E1,11,0,0,0.863083167398745,NA,NA,NA,1
TTF2,16,0,0,0.863083167398745,NA,NA,NA,1
ZFAND4,5,0,0,0.863083167398745,NA,NA,NA,1
CENPE,5,0,0,0.863298954433149,NA,NA,NA,1
DNAJC15,14,0,0,0.863822867420756,NA,NA,NA,1
IFT81,2,0,0,0.863822867420756,NA,NA,NA,1
TVP23B,6,0,0,0.863845247373993,NA,NA,NA,1
ZKSCAN5,7,0,0,0.863900346721332,NA,NA,NA,1
ANKRD11,2,0,0,0.863941337845719,NA,NA,NA,1
CHSY3,3,0,0,0.863941337845719,NA,NA,NA,1
TMTC3,11,0,0,0.863941337845719,NA,NA,NA,1
TSPAN1,4,0,0,0.863941337845719,NA,NA,NA,1
TNFRSF10D,4,0,0,0.864112065389695,NA,NA,NA,1
ABT1,7,0,0,0.864519298888758,NA,NA,NA,1
NAP1L1,19,0,0,0.864873950177917,NA,NA,NA,1
USMG5,2,0,0,0.864873950177917,NA,NA,NA,1
THAP10,3,0,0,0.864996867718412,NA,NA,NA,1
PROS1,6,0,0,0.865235709874933,NA,NA,NA,1
DIMT1,11,0,0,0.865325901738474,NA,NA,NA,1
ZCCHC14,9,0,0,0.865548535909643,NA,NA,NA,1
ZNF300,4,0,0,0.865548535909643,NA,NA,NA,1
ASNSD1,2,0,0,0.865868925671665,NA,NA,NA,1
CAPZB,7,0,0,0.865868925671665,NA,NA,NA,1
MICALL2,2,0,0,0.865868925671665,NA,NA,NA,1
RALBP1,6,0,0,0.865868925671665,NA,NA,NA,1
ACOT7,3,0,0,0.865960597930652,NA,NA,NA,1
IFT80,7,0,0,0.865960597930652,NA,NA,NA,1
ZNF384,7,0,0,0.865960597930652,NA,NA,NA,1
FBXO18,2,0,0,0.865972868482558,NA,NA,NA,1
HDAC5,2,0,0,0.865972868482558,NA,NA,NA,1
WWTR1,5,0,0,0.865972868482558,NA,NA,NA,1
GALNS,3,0,0,0.866074481592911,NA,NA,NA,1
SFT2D2,18,0,0,0.866074481592911,NA,NA,NA,1
CYBRD1,9,0,0,0.86643966889241,NA,NA,NA,1
RNF216,6,0,0,0.86643966889241,NA,NA,NA,1
SUMF1,3,0,0,0.86643966889241,NA,NA,NA,1
HMGN4,7,0,0,0.866642676592344,NA,NA,NA,1
PSMG1,7,0,0,0.866858245666715,NA,NA,NA,1
HIST1H3E,3,0,0,0.866910992446254,NA,NA,NA,1
NBDY,13,0,0,0.867067863030249,NA,NA,NA,1
HSPD1,8,0,0,0.867134348774513,NA,NA,NA,1
ARMC1,15,0,0,0.867137695046433,NA,NA,NA,1
KANK4,3,0,0,0.867137695046433,NA,NA,NA,1
KATNAL1,13,0,0,0.867137695046433,NA,NA,NA,1
LYSMD1,5,0,0,0.867137695046433,NA,NA,NA,1
PUS10,7,0,0,0.867137695046433,NA,NA,NA,1
RPS7,2,0,0,0.867137695046433,NA,NA,NA,1
SLC1A4,12,0,0,0.867137695046433,NA,NA,NA,1
TMEM248,9,0,0,0.867137695046433,NA,NA,NA,1
VIRMA,5,0,0,0.867137695046433,NA,NA,NA,1
ATG16L1,2,0,0,0.867163365906189,NA,NA,NA,1
CDK2,4,0,0,0.867374203151613,NA,NA,NA,1
CBFA2T2,11,0,0,0.86741515933221,NA,NA,NA,1
CMBL,6,0,0,0.867612410698576,NA,NA,NA,1
CPA4,2,0,0,0.867647651556784,NA,NA,NA,1
MAOA,6,0,0,0.867647651556784,NA,NA,NA,1
PFDN4,10,0,0,0.867647651556784,NA,NA,NA,1
PTHLH,2,0,0,0.867647651556784,NA,NA,NA,1
STEAP3,9,0,0,0.867647651556784,NA,NA,NA,1
OCIAD1,8,0,0,0.867794427394264,NA,NA,NA,1
CELSR2,7,0,0,0.867893803836004,NA,NA,NA,1
PCYOX1,9,0,0,0.867893803836004,NA,NA,NA,1
TACC1,11,0,0,0.867893803836004,NA,NA,NA,1
ILF3,6,0,0,0.868332266214588,NA,NA,NA,1
BST2,2,0,0,0.868667875206769,NA,NA,NA,1
CTDP1,2,0,0,0.868667875206769,NA,NA,NA,1
PITRM1,5,0,0,0.868667875206769,NA,NA,NA,1
PRPSAP2,5,0,0,0.868820084772531,NA,NA,NA,1
CDCA5,2,0,0,0.869016142589356,NA,NA,NA,1
FLOT2,3,0,0,0.869016142589356,NA,NA,NA,1
PRR13,8,0,0,0.869016142589356,NA,NA,NA,1
KITLG,8,0,0,0.869127061857177,NA,NA,NA,1
SLC9B2,5,0,0,0.869465734705369,NA,NA,NA,1
SOX4,13,0,0,0.869587861873825,NA,NA,NA,1
C19orf12,11,0,0,0.869866485948798,NA,NA,NA,1
ARV1,3,0,0,0.870862644671049,NA,NA,NA,1
CYB5R3,7,0,0,0.870862644671049,NA,NA,NA,1
INTS6,15,0,0,0.870862644671049,NA,NA,NA,1
PRELID2,5,0,0,0.870862644671049,NA,NA,NA,1
C1orf74,13,0,0,0.870910374500488,NA,NA,NA,1
ITPR2,13,0,0,0.870920300311734,NA,NA,NA,1
NUDCD2,13,0,0,0.870920300311734,NA,NA,NA,1
NUP62CL,9,0,0,0.870920300311734,NA,NA,NA,1
PTGS1,3,0,0,0.87104416809388,NA,NA,NA,1
TSPAN6,11,0,0,0.87104416809388,NA,NA,NA,1
CMTM6,7,0,0,0.871534486136565,NA,NA,NA,1
NOCT,5,0,0,0.871534486136565,NA,NA,NA,1
P2RY1,5,0,0,0.871534486136565,NA,NA,NA,1
SMC4,10,0,0,0.871534486136565,NA,NA,NA,1
ZNF197,5,0,0,0.871534486136565,NA,NA,NA,1
ZNF528,3,0,0,0.871534486136565,NA,NA,NA,1
RPS19,4,0,0,0.871881266418848,NA,NA,NA,1
BICRA,2,0,0,0.871948808364184,NA,NA,NA,1
GABPB1,8,0,0,0.872250114537942,NA,NA,NA,1
AEBP2,14,0,0,0.87225363989187,NA,NA,NA,1
DLG1,17,0,0,0.87225363989187,NA,NA,NA,1
DPYSL3,5,0,0,0.87225363989187,NA,NA,NA,1
IFT57,4,0,0,0.87225363989187,NA,NA,NA,1
JUN,12,0,0,0.87225363989187,NA,NA,NA,1
KDM5C,2,0,0,0.87225363989187,NA,NA,NA,1
MYO18A,5,0,0,0.87225363989187,NA,NA,NA,1
WASHC4,11,0,0,0.87225363989187,NA,NA,NA,1
QPCTL,5,0,0,0.872478462268371,NA,NA,NA,1
SNRPG,7,0,0,0.872478462268371,NA,NA,NA,1
ATP6V1C1,14,0,0,0.872943826642758,NA,NA,NA,1
CKAP4,12,0,0,0.872943826642758,NA,NA,NA,1
CROCC,3,0,0,0.872943826642758,NA,NA,NA,1
HOXC11,4,0,0,0.872943826642758,NA,NA,NA,1
ITGA6,12,0,0,0.872943826642758,NA,NA,NA,1
MARS2,10,0,0,0.872943826642758,NA,NA,NA,1
NAV2,5,0,0,0.872943826642758,NA,NA,NA,1
NMT1,3,0,0,0.872943826642758,NA,NA,NA,1
PHF23,11,0,0,0.872943826642758,NA,NA,NA,1
SPHAR,10,0,0,0.872943826642758,NA,NA,NA,1
TCF7L2,4,0,0,0.872943826642758,NA,NA,NA,1
TTC23,6,0,0,0.872943826642758,NA,NA,NA,1
UBAP1,5,0,0,0.872943826642758,NA,NA,NA,1
YWHAQ,12,0,0,0.872943826642758,NA,NA,NA,1
ZCWPW1,2,0,0,0.872943826642758,NA,NA,NA,1
ZNF146,7,0,0,0.872943826642758,NA,NA,NA,1
ZNF766,3,0,0,0.872943826642758,NA,NA,NA,1
ACTR6,3,0,0,0.87315296892308,NA,NA,NA,1
ADTRP,4,0,0,0.873178542885695,NA,NA,NA,1
SECTM1,5,0,0,0.873178542885695,NA,NA,NA,1
DYRK1B,2,0,0,0.873399471203845,NA,NA,NA,1
GDPGP1,10,0,0,0.873399471203845,NA,NA,NA,1
EIF4B,9,0,0,0.873571980634252,NA,NA,NA,1
GNPNAT1,20,0,0,0.873571980634252,NA,NA,NA,1
CCDC25,6,0,0,0.873827357996515,NA,NA,NA,1
MCTP2,11,0,0,0.873827357996515,NA,NA,NA,1
PACS1,7,0,0,0.873827357996515,NA,NA,NA,1
CNOT9,4,0,0,0.87383208671456,NA,NA,NA,1
IMPA2,6,0,0,0.87383208671456,NA,NA,NA,1
LAT,2,0,0,0.87383208671456,NA,NA,NA,1
ZC3H11A,8,0,0,0.87383208671456,NA,NA,NA,1
FUOM,6,0,0,0.873901797485672,NA,NA,NA,1
IFRD1,7,0,0,0.874144721943742,NA,NA,NA,1
TIAM1,2,0,0,0.874144721943742,NA,NA,NA,1
ALG10,12,0,0,0.874633104180408,NA,NA,NA,1
ASB9,4,0,0,0.874633104180408,NA,NA,NA,1
RALGAPA1,2,0,0,0.874633104180408,NA,NA,NA,1
TTPAL,16,0,0,0.874941226238621,NA,NA,NA,1
ANKRD13A,3,0,0,0.874960248575438,NA,NA,NA,1
MLPH,7,0,0,0.874960248575438,NA,NA,NA,1
GPR135,14,0,0,0.874961139372115,NA,NA,NA,1
TRPT1,4,0,0,0.875077987424375,NA,NA,NA,1
CDC37L1,5,0,0,0.875093557569539,NA,NA,NA,1
GTF3A,4,0,0,0.875257559246814,NA,NA,NA,1
NEGR1,9,0,0,0.875453831804453,NA,NA,NA,1
BIN1,2,0,0,0.875727723282192,NA,NA,NA,1
FAM50A,7,0,0,0.876107969278542,NA,NA,NA,1
FBXL18,2,0,0,0.876107969278542,NA,NA,NA,1
SH2B1,2,0,0,0.876481052032115,NA,NA,NA,1
MAP3K21,8,0,0,0.876519544343347,NA,NA,NA,1
UBXN6,3,0,0,0.876519544343347,NA,NA,NA,1
ZNF79,7,0,0,0.876942862066129,NA,NA,NA,1
HAUS6,7,0,0,0.876952738108979,NA,NA,NA,1
POC1B,2,0,0,0.876952738108979,NA,NA,NA,1
SETMAR,5,0,0,0.876952738108979,NA,NA,NA,1
SRSF11,8,0,0,0.876952738108979,NA,NA,NA,1
USP1,10,0,0,0.876952738108979,NA,NA,NA,1
ABHD10,5,0,0,0.877371414467372,NA,NA,NA,1
IGF2R,11,0,0,0.877371414467372,NA,NA,NA,1
C19orf48,11,0,0,0.877383074767632,NA,NA,NA,1
GSR,7,0,0,0.877383074767632,NA,NA,NA,1
PPIL3,7,0,0,0.877383074767632,NA,NA,NA,1
SULF2,18,0,0,0.877383074767632,NA,NA,NA,1
TMEM106A,3,0,0,0.877383074767632,NA,NA,NA,1
TTC31,5,0,0,0.877474956156343,NA,NA,NA,1
MAT2B,7,0,0,0.878193262536655,NA,NA,NA,1
TNIP1,6,0,0,0.878193262536655,NA,NA,NA,1
ZNF547,5,0,0,0.878193262536655,NA,NA,NA,1
ARHGAP1,3,0,0,0.878484392976502,NA,NA,NA,1
GLI4,5,0,0,0.878484392976502,NA,NA,NA,1
GPATCH11,10,0,0,0.878484392976502,NA,NA,NA,1
WDR25,2,0,0,0.878484392976502,NA,NA,NA,1
ZNF141,2,0,0,0.878484392976502,NA,NA,NA,1
PPIL4,9,0,0,0.878485989878908,NA,NA,NA,1
SBF2,6,0,0,0.878485989878908,NA,NA,NA,1
SIMC1,4,0,0,0.878785476700337,NA,NA,NA,1
TULP3,2,0,0,0.879008435117313,NA,NA,NA,1
C11orf49,5,0,0,0.879232151731598,NA,NA,NA,1
CBX3,12,0,0,0.879232151731598,NA,NA,NA,1
CUL1,4,0,0,0.879232151731598,NA,NA,NA,1
PTPDC1,5,0,0,0.879232151731598,NA,NA,NA,1
DEPTOR,9,0,0,0.87949875796452,NA,NA,NA,1
PRMT2,6,0,0,0.879659434142473,NA,NA,NA,1
ZNF449,7,0,0,0.87976710908254,NA,NA,NA,1
KHSRP,9,0,0,0.880246738081659,NA,NA,NA,1
COQ2,5,0,0,0.880396914932812,NA,NA,NA,1
PSMC1,2,0,0,0.880396914932812,NA,NA,NA,1
RANBP1,6,0,0,0.880396914932812,NA,NA,NA,1
TNFRSF12A,2,0,0,0.880396914932812,NA,NA,NA,1
TRABD2B,2,0,0,0.880396914932812,NA,NA,NA,1
MFF,7,0,0,0.88090285632552,NA,NA,NA,1
SRR,7,0,0,0.881079527771333,NA,NA,NA,1
TSEN2,5,0,0,0.881083713079506,NA,NA,NA,1
MAP10,3,0,0,0.881145837300604,NA,NA,NA,1
WNK1,8,0,0,0.881145837300604,NA,NA,NA,1
ABCE1,18,0,0,0.881521843452769,NA,NA,NA,1
ZNF620,6,0,0,0.881546506254362,NA,NA,NA,1
PHF3,12,0,0,0.882270539691553,NA,NA,NA,1
YIPF2,6,0,0,0.882270539691553,NA,NA,NA,1
GM2A,17,0,0,0.882476796852287,NA,NA,NA,1
KIF13A,9,0,0,0.882476796852287,NA,NA,NA,1
NSMCE1,4,0,0,0.882476796852287,NA,NA,NA,1
SLC4A7,12,0,0,0.882476796852287,NA,NA,NA,1
PAPOLG,9,0,0,0.882892360653072,NA,NA,NA,1
TREM1,6,0,0,0.882989487855753,NA,NA,NA,1
DUSP7,4,0,0,0.883066881326356,NA,NA,NA,1
PPHLN1,6,0,0,0.883066881326356,NA,NA,NA,1
C14orf119,6,0,0,0.883272394836667,NA,NA,NA,1
SREK1,19,0,0,0.883272394836667,NA,NA,NA,1
C17orf113,3,0,0,0.883288075754118,NA,NA,NA,1
HACD2,9,0,0,0.883288075754118,NA,NA,NA,1
LRP5L,6,0,0,0.883288075754118,NA,NA,NA,1
NSUN3,19,0,0,0.883288075754118,NA,NA,NA,1
RNF217,11,0,0,0.883288075754118,NA,NA,NA,1
SLC27A6,4,0,0,0.883288075754118,NA,NA,NA,1
SMPD2,5,0,0,0.883288075754118,NA,NA,NA,1
TCP1,8,0,0,0.883288075754118,NA,NA,NA,1
THRAP3,6,0,0,0.883288075754118,NA,NA,NA,1
TIMP3,14,0,0,0.883288075754118,NA,NA,NA,1
TPBG,11,0,0,0.883288075754118,NA,NA,NA,1
ZHX3,9,0,0,0.883288075754118,NA,NA,NA,1
MYL5,2,0,0,0.883320010407055,NA,NA,NA,1
TIMP1,2,0,0,0.883451704753989,NA,NA,NA,1
ARL5B,11,0,0,0.883495625326315,NA,NA,NA,1
PRDM6,2,0,0,0.883495625326315,NA,NA,NA,1
LARP6,6,0,0,0.88369417723785,NA,NA,NA,1
IL6R,3,0,0,0.883910886975519,NA,NA,NA,1
BUB1,8,0,0,0.883920739248456,NA,NA,NA,1
CHMP6,13,0,0,0.883920739248456,NA,NA,NA,1
KRBOX4,16,0,0,0.883920739248456,NA,NA,NA,1
SYVN1,2,0,0,0.883920739248456,NA,NA,NA,1
TYW1,2,0,0,0.883920739248456,NA,NA,NA,1
LRRC8D,2,0,0,0.884085043798925,NA,NA,NA,1
NTMT1,3,0,0,0.884264862635994,NA,NA,NA,1
MAP3K9,2,0,0,0.884303957538337,NA,NA,NA,1
LRMDA,2,0,0,0.884447919213954,NA,NA,NA,1
ZNF850,2,0,0,0.884505556293298,NA,NA,NA,1
ZNF852,4,0,0,0.884846055556653,NA,NA,NA,1
DYNC1H1,5,0,0,0.887563403724305,NA,NA,NA,1
EPN1,7,0,0,0.887563403724305,NA,NA,NA,1
FMNL3,12,0,0,0.887563403724305,NA,NA,NA,1
HMGCS1,8,0,0,0.887563403724305,NA,NA,NA,1
IFIH1,3,0,0,0.887563403724305,NA,NA,NA,1
MELTF,3,0,0,0.887563403724305,NA,NA,NA,1
PGAM1,4,0,0,0.887563403724305,NA,NA,NA,1
SEZ6L2,2,0,0,0.887563403724305,NA,NA,NA,1
ZNHIT6,14,0,0,0.887563403724305,NA,NA,NA,1
ZBTB17,4,0,0,0.887912697481533,NA,NA,NA,1
SGSM3,2,0,0,0.887964719258992,NA,NA,NA,1
STC2,9,0,0,0.887964719258992,NA,NA,NA,1
EXO1,13,0,0,0.887984712276338,NA,NA,NA,1
MXI1,11,0,0,0.888174845511497,NA,NA,NA,1
SEC22C,4,0,0,0.888242043389606,NA,NA,NA,1
CUZD1,2,0,0,0.888534896191646,NA,NA,NA,1
AARS2,6,0,0,0.888569461571787,NA,NA,NA,1
CHUK,4,0,0,0.888569461571787,NA,NA,NA,1
ZNF672,3,0,0,0.888569461571787,NA,NA,NA,1
INTS1,6,0,0,0.888662010734467,NA,NA,NA,1
MTHFD1L,5,0,0,0.888682263734622,NA,NA,NA,1
STT3B,9,0,0,0.888682263734622,NA,NA,NA,1
ANKFY1,11,0,0,0.889011530414764,NA,NA,NA,1
PHB,8,0,0,0.889011530414764,NA,NA,NA,1
ARL10,3,0,0,0.889179661598147,NA,NA,NA,1
ASH1L,8,0,0,0.889179661598147,NA,NA,NA,1
BBS4,3,0,0,0.889179661598147,NA,NA,NA,1
BCAR3,6,0,0,0.889179661598147,NA,NA,NA,1
BCL2A1,2,0,0,0.889179661598147,NA,NA,NA,1
C9orf3,7,0,0,0.889179661598147,NA,NA,NA,1
CDKAL1,6,0,0,0.889179661598147,NA,NA,NA,1
CENPS,4,0,0,0.889179661598147,NA,NA,NA,1
CEP250,3,0,0,0.889179661598147,NA,NA,NA,1
CLASP2,5,0,0,0.889179661598147,NA,NA,NA,1
CLDN1,8,0,0,0.889179661598147,NA,NA,NA,1
CXorf57,2,0,0,0.889179661598147,NA,NA,NA,1
DHFR,2,0,0,0.889179661598147,NA,NA,NA,1
DNAJB6,2,0,0,0.889179661598147,NA,NA,NA,1
DZIP3,3,0,0,0.889179661598147,NA,NA,NA,1
EFNB3,3,0,0,0.889179661598147,NA,NA,NA,1
EVI2B,3,0,0,0.889179661598147,NA,NA,NA,1
FKBP7,5,0,0,0.889179661598147,NA,NA,NA,1
GNPDA2,17,0,0,0.889179661598147,NA,NA,NA,1
H1F0,12,0,0,0.889179661598147,NA,NA,NA,1
HECTD1,4,0,0,0.889179661598147,NA,NA,NA,1
HUS1,5,0,0,0.889179661598147,NA,NA,NA,1
IFIT3,3,0,0,0.889179661598147,NA,NA,NA,1
LIPT1,2,0,0,0.889179661598147,NA,NA,NA,1
MYL12A,8,0,0,0.889179661598147,NA,NA,NA,1
OSBP2,5,0,0,0.889179661598147,NA,NA,NA,1
PEF1,2,0,0,0.889179661598147,NA,NA,NA,1
POLR1D,3,0,0,0.889179661598147,NA,NA,NA,1
POLR2J,5,0,0,0.889179661598147,NA,NA,NA,1
PTPN21,3,0,0,0.889179661598147,NA,NA,NA,1
RBM45,7,0,0,0.889179661598147,NA,NA,NA,1
S100A2,4,0,0,0.889179661598147,NA,NA,NA,1
SH3GLB1,15,0,0,0.889179661598147,NA,NA,NA,1
SHCBP1,7,0,0,0.889179661598147,NA,NA,NA,1
SLC41A1,3,0,0,0.889179661598147,NA,NA,NA,1
SLITRK6,9,0,0,0.889179661598147,NA,NA,NA,1
SORT1,9,0,0,0.889179661598147,NA,NA,NA,1
TBPL1,5,0,0,0.889179661598147,NA,NA,NA,1
TIMM9,14,0,0,0.889179661598147,NA,NA,NA,1
TMEM123,10,0,0,0.889179661598147,NA,NA,NA,1
TMEM246,10,0,0,0.889179661598147,NA,NA,NA,1
TXN,5,0,0,0.889179661598147,NA,NA,NA,1
UPRT,7,0,0,0.889179661598147,NA,NA,NA,1
YIPF1,5,0,0,0.889179661598147,NA,NA,NA,1
ZDHHC9,15,0,0,0.889179661598147,NA,NA,NA,1
PLA2R1,11,0,0,0.889424977818406,NA,NA,NA,1
ZNF2,2,0,0,0.889700059712462,NA,NA,NA,1
ICAM1,4,0,0,0.889929077464175,NA,NA,NA,1
PGP,10,0,0,0.890058983777313,NA,NA,NA,1
TFPI2,10,0,0,0.890058983777313,NA,NA,NA,1
TMUB2,2,0,0,0.890058983777313,NA,NA,NA,1
UBE2J1,18,0,0,0.890058983777313,NA,NA,NA,1
CCNK,7,0,0,0.890160150325554,NA,NA,NA,1
CDC25C,2,0,0,0.890160150325554,NA,NA,NA,1
CHD1,6,0,0,0.890160150325554,NA,NA,NA,1
E2F5,3,0,0,0.890160150325554,NA,NA,NA,1
LOX,17,0,0,0.890160150325554,NA,NA,NA,1
POLK,9,0,0,0.890160150325554,NA,NA,NA,1
RAB3D,13,0,0,0.890160150325554,NA,NA,NA,1
ANKMY1,5,0,0,0.890209143167918,NA,NA,NA,1
GPRC5A,7,0,0,0.890268476537712,NA,NA,NA,1
KLF8,10,0,0,0.890268476537712,NA,NA,NA,1
FBXW2,13,0,0,0.890589452305903,NA,NA,NA,1
PAQR6,4,0,0,0.890589452305903,NA,NA,NA,1
NR1H3,3,0,0,0.890824592876893,NA,NA,NA,1
TMEM181,10,0,0,0.890863155669726,NA,NA,NA,1
RALGAPA2,6,0,0,0.891048912892043,NA,NA,NA,1
GEN1,13,0,0,0.891129850693353,NA,NA,NA,1
CTTN,2,0,0,0.891213174409069,NA,NA,NA,1
SIRPA,6,0,0,0.89130016953144,NA,NA,NA,1
ASAP3,4,0,0,0.891499838154499,NA,NA,NA,1
C14orf28,3,0,0,0.891499838154499,NA,NA,NA,1
NCOA6,4,0,0,0.891499838154499,NA,NA,NA,1
PUS3,3,0,0,0.891499838154499,NA,NA,NA,1
RSBN1,7,0,0,0.891499838154499,NA,NA,NA,1
SEPT11,23,0,0,0.891499838154499,NA,NA,NA,1
STAC2,2,0,0,0.891499838154499,NA,NA,NA,1
ZNF544,4,0,0,0.891535622528328,NA,NA,NA,1
MED29,7,0,0,0.891677585508049,NA,NA,NA,1
TKFC,3,0,0,0.891677585508049,NA,NA,NA,1
ZNF777,2,0,0,0.891677585508049,NA,NA,NA,1
TLNRD1,8,0,0,0.891820616686483,NA,NA,NA,1
DCUN1D5,14,0,0,0.891839259728863,NA,NA,NA,1
AKR1A1,2,0,0,0.891922468519712,NA,NA,NA,1
CSF3,2,0,0,0.892236393277797,NA,NA,NA,1
HDHD2,9,0,0,0.892545215974944,NA,NA,NA,1
SNCAIP,3,0,0,0.892545215974944,NA,NA,NA,1
GATAD1,11,0,0,0.892624132402885,NA,NA,NA,1
ZNF91,13,0,0,0.892789407947463,NA,NA,NA,1
ARHGEF18,6,0,0,0.893029707402255,NA,NA,NA,1
ULK4,3,0,0,0.893762671765326,NA,NA,NA,1
STX12,8,0,0,0.893969977246392,NA,NA,NA,1
CTSC,7,0,0,0.894034428236497,NA,NA,NA,1
PSMB5,4,0,0,0.89406355126815,NA,NA,NA,1
PPP2R5C,11,0,0,0.89448667338553,NA,NA,NA,1
ATL2,5,0,0,0.894621788757263,NA,NA,NA,1
DONSON,9,0,0,0.894621788757263,NA,NA,NA,1
DTYMK,2,0,0,0.894621788757263,NA,NA,NA,1
DUSP11,14,0,0,0.894621788757263,NA,NA,NA,1
MYSM1,10,0,0,0.894621788757263,NA,NA,NA,1
NUF2,5,0,0,0.894621788757263,NA,NA,NA,1
SSU72,5,0,0,0.894621788757263,NA,NA,NA,1
CEACAM19,3,0,0,0.894659219542749,NA,NA,NA,1
RPL5,6,0,0,0.894659219542749,NA,NA,NA,1
STAC,4,0,0,0.894659219542749,NA,NA,NA,1
TMEM161B,6,0,0,0.894659219542749,NA,NA,NA,1
ZNF264,8,0,0,0.894659219542749,NA,NA,NA,1
MRPL42,26,0,0,0.894687795940724,NA,NA,NA,1
NPHP3,5,0,0,0.894868395533645,NA,NA,NA,1
SPTBN1,6,0,0,0.895049954388057,NA,NA,NA,1
CDC16,2,0,0,0.895271114891803,NA,NA,NA,1
MVK,3,0,0,0.895271114891803,NA,NA,NA,1
JARID2,6,0,0,0.895405046219389,NA,NA,NA,1
MOSPD2,6,0,0,0.895405046219389,NA,NA,NA,1
PCNX1,23,0,0,0.895405046219389,NA,NA,NA,1
LYPLA2,2,0,0,0.895515040516617,NA,NA,NA,1
PDE4B,5,0,0,0.895515040516617,NA,NA,NA,1
RBM5,3,0,0,0.895631951300976,NA,NA,NA,1
MAP2K7,5,0,0,0.895664032006147,NA,NA,NA,1
RBAK,11,0,0,0.89585577413026,NA,NA,NA,1
SLC2A13,5,0,0,0.89585577413026,NA,NA,NA,1
MTG1,12,0,0,0.896497720475326,NA,NA,NA,1
FLRT3,6,0,0,0.896586574052932,NA,NA,NA,1
TRIM45,4,0,0,0.896586574052932,NA,NA,NA,1
ACSF3,5,0,0,0.896703749681908,NA,NA,NA,1
SYTL3,3,0,0,0.896784622518662,NA,NA,NA,1
MAFF,3,0,0,0.897116770500051,NA,NA,NA,1
RBPJ,14,0,0,0.897156271922818,NA,NA,NA,1
APEX1,4,0,0,0.897478523268706,NA,NA,NA,1
IL6ST,9,0,0,0.898307834802991,NA,NA,NA,1
GIGYF1,3,0,0,0.89849454872183,NA,NA,NA,1
IRX2,7,0,0,0.89849454872183,NA,NA,NA,1
MTHFD1,7,0,0,0.89849454872183,NA,NA,NA,1
TGFBR2,20,0,0,0.89849454872183,NA,NA,NA,1
MED7,13,0,0,0.898549919208241,NA,NA,NA,1
VMAC,4,0,0,0.898549919208241,NA,NA,NA,1
ARF1,9,0,0,0.898606148365357,NA,NA,NA,1
CDKN2AIPNL,9,0,0,0.898643387932182,NA,NA,NA,1
FLI1,2,0,0,0.898643387932182,NA,NA,NA,1
LGR4,9,0,0,0.898643387932182,NA,NA,NA,1
DUSP4,8,0,0,0.89888955082824,NA,NA,NA,1
CAMK2G,4,0,0,0.898892822575384,NA,NA,NA,1
EFHD2,6,0,0,0.898892822575384,NA,NA,NA,1
NOP53,8,0,0,0.898892822575384,NA,NA,NA,1
RHOU,4,0,0,0.898892822575384,NA,NA,NA,1
IFNAR2,7,0,0,0.898931075045344,NA,NA,NA,1
ARL8A,9,0,0,0.898942688252375,NA,NA,NA,1
SEC61B,7,0,0,0.898942688252375,NA,NA,NA,1
CCDC22,2,0,0,0.899251990650558,NA,NA,NA,1
IFT88,3,0,0,0.899251990650558,NA,NA,NA,1
ZNF398,18,0,0,0.899251990650558,NA,NA,NA,1
AP3S1,4,0,0,0.899706718470615,NA,NA,NA,1
INSR,11,0,0,0.899706718470615,NA,NA,NA,1
SPRED1,18,0,0,0.899706718470615,NA,NA,NA,1
ADCK2,3,0,0,0.899837741646958,NA,NA,NA,1
RPL17-C18orf32,14,0,0,0.899837741646958,NA,NA,NA,1
PRUNE1,2,0,0,0.899984471430389,NA,NA,NA,1
ALAS1,4,0,0,0.900154929127633,NA,NA,NA,1
BRWD1,9,0,0,0.900154929127633,NA,NA,NA,1
CAPN15,3,0,0,0.900154929127633,NA,NA,NA,1
CCNY,11,0,0,0.900154929127633,NA,NA,NA,1
DNAJC12,5,0,0,0.900154929127633,NA,NA,NA,1
DTD1,2,0,0,0.900154929127633,NA,NA,NA,1
GOLGA8B,8,0,0,0.900154929127633,NA,NA,NA,1
HOXC13,2,0,0,0.900154929127633,NA,NA,NA,1
MIER3,10,0,0,0.900154929127633,NA,NA,NA,1
P2RY2,6,0,0,0.900154929127633,NA,NA,NA,1
PSMC6,7,0,0,0.900154929127633,NA,NA,NA,1
SMOC1,6,0,0,0.900154929127633,NA,NA,NA,1
TMEM229B,2,0,0,0.900154929127633,NA,NA,NA,1
AKAP7,3,0,0,0.900176827446872,NA,NA,NA,1
CHST11,10,0,0,0.900176827446872,NA,NA,NA,1
LMF1,2,0,0,0.900180749564835,NA,NA,NA,1
OST4,17,0,0,0.900180749564835,NA,NA,NA,1
DAZAP2,8,0,0,0.900274688642016,NA,NA,NA,1
TMCO1,14,0,0,0.900274688642016,NA,NA,NA,1
PRKAA1,11,0,0,0.900591322838824,NA,NA,NA,1
AP5Z1,5,0,0,0.900669686509364,NA,NA,NA,1
CSPP1,4,0,0,0.900669686509364,NA,NA,NA,1
CTSL,3,0,0,0.900669686509364,NA,NA,NA,1
DPH6,8,0,0,0.900669686509364,NA,NA,NA,1
KIAA0753,6,0,0,0.900669686509364,NA,NA,NA,1
KIAA1549,9,0,0,0.900669686509364,NA,NA,NA,1
METTL14,12,0,0,0.900669686509364,NA,NA,NA,1
PRDX1,5,0,0,0.900669686509364,NA,NA,NA,1
RGS19,5,0,0,0.900669686509364,NA,NA,NA,1
SGO1,8,0,0,0.900669686509364,NA,NA,NA,1
SLC39A1,4,0,0,0.900669686509364,NA,NA,NA,1
STRIP2,9,0,0,0.900669686509364,NA,NA,NA,1
WDTC1,10,0,0,0.900669686509364,NA,NA,NA,1
FNDC3B,15,0,0,0.900798574593127,NA,NA,NA,1
FAAP24,3,0,0,0.900950717325688,NA,NA,NA,1
MCPH1,11,0,0,0.901016189388641,NA,NA,NA,1
SHROOM2,7,0,0,0.901093611634326,NA,NA,NA,1
ZBTB44,8,0,0,0.901182037557073,NA,NA,NA,1
FAM220A,2,0,0,0.901393928710589,NA,NA,NA,1
FGFRL1,4,0,0,0.901393928710589,NA,NA,NA,1
TNRC18,3,0,0,0.901393928710589,NA,NA,NA,1
LEPR,3,0,0,0.901466271929737,NA,NA,NA,1
TXNDC16,4,0,0,0.901640623298665,NA,NA,NA,1
SC5D,9,0,0,0.901757689206691,NA,NA,NA,1
AHCYL1,5,0,0,0.90196624006836,NA,NA,NA,1
ATG16L2,5,0,0,0.902157999271013,NA,NA,NA,1
KATNBL1,5,0,0,0.902281838208136,NA,NA,NA,1
ARFGEF3,7,0,0,0.902864662065684,NA,NA,NA,1
DAG1,7,0,0,0.902864662065684,NA,NA,NA,1
DNAJC27,4,0,0,0.902864662065684,NA,NA,NA,1
IGFL1,2,0,0,0.902864662065684,NA,NA,NA,1
ISCA1,7,0,0,0.902864662065684,NA,NA,NA,1
LIMK1,3,0,0,0.902864662065684,NA,NA,NA,1
LRP8,13,0,0,0.902864662065684,NA,NA,NA,1
NUDCD3,8,0,0,0.902864662065684,NA,NA,NA,1
PMS1,5,0,0,0.902864662065684,NA,NA,NA,1
PRDX3,8,0,0,0.902864662065684,NA,NA,NA,1
REP15,2,0,0,0.902864662065684,NA,NA,NA,1
SKA3,12,0,0,0.902864662065684,NA,NA,NA,1
SNRNP25,4,0,0,0.902864662065684,NA,NA,NA,1
TMBIM1,4,0,0,0.902864662065684,NA,NA,NA,1
ASAH2B,4,0,0,0.902952485496071,NA,NA,NA,1
MAGI3,13,0,0,0.902952485496071,NA,NA,NA,1
POP4,6,0,0,0.902952485496071,NA,NA,NA,1
PPFIA1,15,0,0,0.902952485496071,NA,NA,NA,1
RCC1,16,0,0,0.902952485496071,NA,NA,NA,1
REL,6,0,0,0.902952485496071,NA,NA,NA,1
SEC13,4,0,0,0.902952485496071,NA,NA,NA,1
ZNF622,3,0,0,0.902952485496071,NA,NA,NA,1
EFNA5,6,0,0,0.903083165241169,NA,NA,NA,1
FARP1,11,0,0,0.903083165241169,NA,NA,NA,1
ITPR3,3,0,0,0.903083165241169,NA,NA,NA,1
KIF1BP,2,0,0,0.903083165241169,NA,NA,NA,1
MIEF2,7,0,0,0.903083165241169,NA,NA,NA,1
ZDHHC5,6,0,0,0.903083165241169,NA,NA,NA,1
NGDN,3,0,0,0.90324037946488,NA,NA,NA,1
MTRNR2L1,5,0,0,0.903286842137348,NA,NA,NA,1
FAM117B,5,0,0,0.903560132239793,NA,NA,NA,1
BCOR,4,0,0,0.903673831518021,NA,NA,NA,1
AGL,2,0,0,0.903734046398292,NA,NA,NA,1
NDRG2,3,0,0,0.903734046398292,NA,NA,NA,1
PARD3B,2,0,0,0.903734046398292,NA,NA,NA,1
TRMT6,8,0,0,0.903734046398292,NA,NA,NA,1
WDR1,5,0,0,0.903734046398292,NA,NA,NA,1
WDR13,4,0,0,0.903734046398292,NA,NA,NA,1
LPAR3,4,0,0,0.903784553783736,NA,NA,NA,1
ACAP2,5,0,0,0.90379308154438,NA,NA,NA,1
AHCYL2,4,0,0,0.90379308154438,NA,NA,NA,1
ALDH16A1,4,0,0,0.90379308154438,NA,NA,NA,1
ARHGEF6,4,0,0,0.90379308154438,NA,NA,NA,1
ATP1B1,8,0,0,0.90379308154438,NA,NA,NA,1
BCR,2,0,0,0.90379308154438,NA,NA,NA,1
C2CD3,2,0,0,0.90379308154438,NA,NA,NA,1
CCZ1,2,0,0,0.90379308154438,NA,NA,NA,1
CEP135,7,0,0,0.90379308154438,NA,NA,NA,1
CNOT7,7,0,0,0.90379308154438,NA,NA,NA,1
EIF3E,14,0,0,0.90379308154438,NA,NA,NA,1
F11R,20,0,0,0.90379308154438,NA,NA,NA,1
FTL,4,0,0,0.90379308154438,NA,NA,NA,1
LPCAT4,3,0,0,0.90379308154438,NA,NA,NA,1
MPG,3,0,0,0.90379308154438,NA,NA,NA,1
MTO1,11,0,0,0.90379308154438,NA,NA,NA,1
NIPSNAP3A,8,0,0,0.90379308154438,NA,NA,NA,1
OSTC,5,0,0,0.90379308154438,NA,NA,NA,1
PHYH,4,0,0,0.90379308154438,NA,NA,NA,1
PPDPF,11,0,0,0.90379308154438,NA,NA,NA,1
PTGER2,5,0,0,0.90379308154438,NA,NA,NA,1
PTPN9,9,0,0,0.90379308154438,NA,NA,NA,1
RBX1,7,0,0,0.90379308154438,NA,NA,NA,1
RGS20,3,0,0,0.90379308154438,NA,NA,NA,1
RNF181,4,0,0,0.90379308154438,NA,NA,NA,1
SAPCD2,2,0,0,0.90379308154438,NA,NA,NA,1
SLC9A8,6,0,0,0.90379308154438,NA,NA,NA,1
SORBS2,5,0,0,0.90379308154438,NA,NA,NA,1
SVIL,5,0,0,0.90379308154438,NA,NA,NA,1
TLR2,3,0,0,0.90379308154438,NA,NA,NA,1
TUFM,2,0,0,0.90379308154438,NA,NA,NA,1
UAP1,10,0,0,0.90379308154438,NA,NA,NA,1
USP54,2,0,0,0.90379308154438,NA,NA,NA,1
WDR7,8,0,0,0.90379308154438,NA,NA,NA,1
ZMAT3,20,0,0,0.90379308154438,NA,NA,NA,1
ZNF462,9,0,0,0.90379308154438,NA,NA,NA,1
EZR,6,0,0,0.903993574134095,NA,NA,NA,1
KDM6A,9,0,0,0.903993574134095,NA,NA,NA,1
KHDRBS1,4,0,0,0.903993574134095,NA,NA,NA,1
SMYD5,3,0,0,0.903993574134095,NA,NA,NA,1
TRAF3IP2,3,0,0,0.903993574134095,NA,NA,NA,1
SUCO,6,0,0,0.904056503892726,NA,NA,NA,1
MRPS18C,11,0,0,0.904061481795135,NA,NA,NA,1
LYPD1,7,0,0,0.904305584446642,NA,NA,NA,1
GRIP1,2,0,0,0.904417626317768,NA,NA,NA,1
SUV39H2,14,0,0,0.904433982083321,NA,NA,NA,1
CBFB,9,0,0,0.904481308208106,NA,NA,NA,1
IPO8,5,0,0,0.904481308208106,NA,NA,NA,1
OGFOD1,9,0,0,0.904481308208106,NA,NA,NA,1
SKIL,9,0,0,0.904481308208106,NA,NA,NA,1
CHST7,7,0,0,0.90499345729318,NA,NA,NA,1
CHMP7,6,0,0,0.905148964930019,NA,NA,NA,1
ELOVL4,5,0,0,0.905148964930019,NA,NA,NA,1
GALE,2,0,0,0.905494400691812,NA,NA,NA,1
IFIT2,3,0,0,0.905494400691812,NA,NA,NA,1
NMNAT2,8,0,0,0.905795763013321,NA,NA,NA,1
ETNK1,22,0,0,0.905810870995975,NA,NA,NA,1
GADD45GIP1,5,0,0,0.905810870995975,NA,NA,NA,1
HECW2,3,0,0,0.905810870995975,NA,NA,NA,1
MPHOSPH10,2,0,0,0.905810870995975,NA,NA,NA,1
PHF21A,8,0,0,0.905810870995975,NA,NA,NA,1
PRR11,5,0,0,0.905810870995975,NA,NA,NA,1
TNFRSF21,5,0,0,0.905810870995975,NA,NA,NA,1
TNNT1,4,0,0,0.905810870995975,NA,NA,NA,1
TRIM8,9,0,0,0.905810870995975,NA,NA,NA,1
TSHZ1,6,0,0,0.905810870995975,NA,NA,NA,1
RAET1E,4,0,0,0.905972843660988,NA,NA,NA,1
MARCH7,18,0,0,0.906536047414367,NA,NA,NA,1
RELL2,3,0,0,0.906778315323856,NA,NA,NA,1
AQR,18,0,0,0.906941475360822,NA,NA,NA,1
CHTF18,2,0,0,0.906941475360822,NA,NA,NA,1
SMCHD1,9,0,0,0.906941475360822,NA,NA,NA,1
THAP4,2,0,0,0.907273163155269,NA,NA,NA,1
PEX2,16,0,0,0.907274227856003,NA,NA,NA,1
ARL15,8,0,0,0.907478683865724,NA,NA,NA,1
HEXB,4,0,0,0.907926190833538,NA,NA,NA,1
TRIAP1,4,0,0,0.907974410984189,NA,NA,NA,1
AMMECR1L,7,0,0,0.9084984499254,NA,NA,NA,1
HIST1H2AJ,2,0,0,0.9084984499254,NA,NA,NA,1
HMGN3,7,0,0,0.9084984499254,NA,NA,NA,1
INAFM2,4,0,0,0.9084984499254,NA,NA,NA,1
RCC2,6,0,0,0.9084984499254,NA,NA,NA,1
SLC27A4,3,0,0,0.9084984499254,NA,NA,NA,1
TMEM8A,4,0,0,0.9084984499254,NA,NA,NA,1
ZFYVE27,2,0,0,0.9084984499254,NA,NA,NA,1
FZD4,3,0,0,0.908642923525101,NA,NA,NA,1
PATL1,6,0,0,0.908642923525101,NA,NA,NA,1
PTPRM,3,0,0,0.908642923525101,NA,NA,NA,1
RAB29,6,0,0,0.908642923525101,NA,NA,NA,1
RAB35,5,0,0,0.908642923525101,NA,NA,NA,1
SERAC1,4,0,0,0.908642923525101,NA,NA,NA,1
SNX21,10,0,0,0.908642923525101,NA,NA,NA,1
WTIP,6,0,0,0.908642923525101,NA,NA,NA,1
AGAP6,2,0,0,0.908803195448153,NA,NA,NA,1
COG3,4,0,0,0.908803195448153,NA,NA,NA,1
SLC7A1,11,0,0,0.908803195448153,NA,NA,NA,1
TMCC1,4,0,0,0.908803195448153,NA,NA,NA,1
TMEM9B,6,0,0,0.908803195448153,NA,NA,NA,1
XRCC6,2,0,0,0.908803195448153,NA,NA,NA,1
ZNF35,5,0,0,0.908803195448153,NA,NA,NA,1
TARS,9,0,0,0.908852647873186,NA,NA,NA,1
PAK1,5,0,0,0.908883090556628,NA,NA,NA,1
JRKL,6,0,0,0.908991176294855,NA,NA,NA,1
ATOX1,9,0,0,0.909079598089209,NA,NA,NA,1
RASA2,4,0,0,0.909079598089209,NA,NA,NA,1
RPL4,10,0,0,0.909079598089209,NA,NA,NA,1
ZNF200,6,0,0,0.909079598089209,NA,NA,NA,1
SEC23A,11,0,0,0.909312707834198,NA,NA,NA,1
CBR1,5,0,0,0.909421054954274,NA,NA,NA,1
MAK16,8,0,0,0.909421054954274,NA,NA,NA,1
PRDX6,9,0,0,0.909421054954274,NA,NA,NA,1
NAA16,2,0,0,0.909644923619039,NA,NA,NA,1
ZMIZ2,12,0,0,0.910061388643114,NA,NA,NA,1
CDH24,2,0,0,0.910149201043026,NA,NA,NA,1
EBNA1BP2,8,0,0,0.910149201043026,NA,NA,NA,1
KCTD12,13,0,0,0.910149201043026,NA,NA,NA,1
AHSA2,5,0,0,0.910209910541896,NA,NA,NA,1
C2CD2L,4,0,0,0.910209910541896,NA,NA,NA,1
SH3D21,8,0,0,0.910209910541896,NA,NA,NA,1
AFF2,3,0,0,0.910516465956195,NA,NA,NA,1
CES4A,3,0,0,0.910516465956195,NA,NA,NA,1
GORAB,3,0,0,0.910516465956195,NA,NA,NA,1
MPC2,11,0,0,0.910516465956195,NA,NA,NA,1
PSRC1,4,0,0,0.910516465956195,NA,NA,NA,1
RNF126,4,0,0,0.910516465956195,NA,NA,NA,1
THEM4,7,0,0,0.910516465956195,NA,NA,NA,1
ZNF514,5,0,0,0.910516465956195,NA,NA,NA,1
ABCA5,6,0,0,0.910525978594759,NA,NA,NA,1
DCAF10,20,0,0,0.910525978594759,NA,NA,NA,1
DUSP5,6,0,0,0.910525978594759,NA,NA,NA,1
HES4,2,0,0,0.910525978594759,NA,NA,NA,1
HIKESHI,5,0,0,0.910525978594759,NA,NA,NA,1
INTS8,4,0,0,0.910525978594759,NA,NA,NA,1
LPP,10,0,0,0.910525978594759,NA,NA,NA,1
NIPA2,7,0,0,0.910525978594759,NA,NA,NA,1
STRN4,2,0,0,0.910525978594759,NA,NA,NA,1
WBP2,3,0,0,0.910525978594759,NA,NA,NA,1
ZNF774,5,0,0,0.910638414953627,NA,NA,NA,1
AC020915.2,7,0,0,0.911172529187641,NA,NA,NA,1
LARP7,3,0,0,0.911172529187641,NA,NA,NA,1
MITF,6,0,0,0.911172529187641,NA,NA,NA,1
STRADA,2,0,0,0.911172529187641,NA,NA,NA,1
UBE2E1,9,0,0,0.911172529187641,NA,NA,NA,1
CCNG2,6,0,0,0.911209450368299,NA,NA,NA,1
FBXO28,16,0,0,0.911209450368299,NA,NA,NA,1
PIGA,2,0,0,0.911209450368299,NA,NA,NA,1
GNG4,8,0,0,0.911294702785907,NA,NA,NA,1
SLC33A1,6,0,0,0.911294702785907,NA,NA,NA,1
ECI1,5,0,0,0.911539757212349,NA,NA,NA,1
AP5S1,7,0,0,0.911584042067583,NA,NA,NA,1
CD151,9,0,0,0.911584042067583,NA,NA,NA,1
CDK2AP1,11,0,0,0.911584042067583,NA,NA,NA,1
CHTOP,20,0,0,0.911584042067583,NA,NA,NA,1
FAM192A,15,0,0,0.911584042067583,NA,NA,NA,1
FN3KRP,12,0,0,0.911584042067583,NA,NA,NA,1
FRMD4B,9,0,0,0.911584042067583,NA,NA,NA,1
GPR39,4,0,0,0.911584042067583,NA,NA,NA,1
GSKIP,7,0,0,0.911584042067583,NA,NA,NA,1
ISYNA1,6,0,0,0.911584042067583,NA,NA,NA,1
PEX12,3,0,0,0.911584042067583,NA,NA,NA,1
PIGH,4,0,0,0.911584042067583,NA,NA,NA,1
RFC1,6,0,0,0.911584042067583,NA,NA,NA,1
SLC25A23,2,0,0,0.911584042067583,NA,NA,NA,1
SP2,9,0,0,0.911584042067583,NA,NA,NA,1
SS18,18,0,0,0.911584042067583,NA,NA,NA,1
TMEM189,5,0,0,0.911584042067583,NA,NA,NA,1
TRAPPC6B,9,0,0,0.911584042067583,NA,NA,NA,1
TTC14,3,0,0,0.911584042067583,NA,NA,NA,1
TUBA4A,3,0,0,0.911584042067583,NA,NA,NA,1
VEGFA,9,0,0,0.911584042067583,NA,NA,NA,1
ZNF169,3,0,0,0.911584042067583,NA,NA,NA,1
ZNF77,3,0,0,0.911584042067583,NA,NA,NA,1
PKD2,3,0,0,0.911813583456215,NA,NA,NA,1
NCDN,2,0,0,0.911843775638221,NA,NA,NA,1
TMEM109,3,0,0,0.911843775638221,NA,NA,NA,1
ACO2,8,0,0,0.911918955578802,NA,NA,NA,1
GARS,3,0,0,0.911918955578802,NA,NA,NA,1
HSPA6,2,0,0,0.911918955578802,NA,NA,NA,1
HNRNPLL,12,0,0,0.91192887350558,NA,NA,NA,1
PSMB4,3,0,0,0.91192887350558,NA,NA,NA,1
TMEM86B,4,0,0,0.91192887350558,NA,NA,NA,1
LPCAT3,7,0,0,0.911970905797378,NA,NA,NA,1
ARFRP1,6,0,0,0.912075405064491,NA,NA,NA,1
SBSPON,6,0,0,0.912075405064491,NA,NA,NA,1
UBB,5,0,0,0.912075405064491,NA,NA,NA,1
ASPM,3,0,0,0.912147687454813,NA,NA,NA,1
BLOC1S2,7,0,0,0.912147687454813,NA,NA,NA,1
BRIX1,4,0,0,0.912147687454813,NA,NA,NA,1
CDC45,2,0,0,0.912147687454813,NA,NA,NA,1
CENPU,8,0,0,0.912147687454813,NA,NA,NA,1
CHST12,18,0,0,0.912147687454813,NA,NA,NA,1
CYTH2,6,0,0,0.912147687454813,NA,NA,NA,1
DTX3L,3,0,0,0.912147687454813,NA,NA,NA,1
GLRX,3,0,0,0.912147687454813,NA,NA,NA,1
HDDC3,3,0,0,0.912147687454813,NA,NA,NA,1
KIAA0368,5,0,0,0.912147687454813,NA,NA,NA,1
KIF16B,2,0,0,0.912147687454813,NA,NA,NA,1
LEAP2,5,0,0,0.912147687454813,NA,NA,NA,1
LOC110117498-PIK3R3,6,0,0,0.912147687454813,NA,NA,NA,1
MFAP1,12,0,0,0.912147687454813,NA,NA,NA,1
MRPL14,6,0,0,0.912147687454813,NA,NA,NA,1
MUL1,3,0,0,0.912147687454813,NA,NA,NA,1
NDUFB4,2,0,0,0.912147687454813,NA,NA,NA,1
NMNAT1,8,0,0,0.912147687454813,NA,NA,NA,1
PRDM10,3,0,0,0.912147687454813,NA,NA,NA,1
RACGAP1,6,0,0,0.912147687454813,NA,NA,NA,1
SEC31B,7,0,0,0.912147687454813,NA,NA,NA,1
TANC2,10,0,0,0.912147687454813,NA,NA,NA,1
TMEM94,4,0,0,0.912147687454813,NA,NA,NA,1
XRRA1,8,0,0,0.912147687454813,NA,NA,NA,1
ZCCHC9,3,0,0,0.912147687454813,NA,NA,NA,1
TMEM259,3,0,0,0.912180310357138,NA,NA,NA,1
ILVBL,2,0,0,0.912363272184993,NA,NA,NA,1
FAM81A,7,0,0,0.912371008197398,NA,NA,NA,1
THBD,2,0,0,0.912371008197398,NA,NA,NA,1
R3HDM1,2,0,0,0.912815807056527,NA,NA,NA,1
EEF2,8,0,0,0.912895481304125,NA,NA,NA,1
GSTA4,3,0,0,0.912981376640831,NA,NA,NA,1
PXMP4,8,0,0,0.91324811525349,NA,NA,NA,1
ATXN7L3,4,0,0,0.91335130558396,NA,NA,NA,1
CDK13,5,0,0,0.91335130558396,NA,NA,NA,1
FAM76B,8,0,0,0.91335130558396,NA,NA,NA,1
GLIPR2,6,0,0,0.91335130558396,NA,NA,NA,1
TNFRSF10B,10,0,0,0.91335130558396,NA,NA,NA,1
B3GLCT,5,0,0,0.913531842268382,NA,NA,NA,1
C1orf123,7,0,0,0.913531842268382,NA,NA,NA,1
CLPX,7,0,0,0.913531842268382,NA,NA,NA,1
COBL,5,0,0,0.913531842268382,NA,NA,NA,1
COX7A2L,4,0,0,0.913531842268382,NA,NA,NA,1
COX8A,2,0,0,0.913531842268382,NA,NA,NA,1
DIXDC1,9,0,0,0.913531842268382,NA,NA,NA,1
GBA,2,0,0,0.913531842268382,NA,NA,NA,1
KDM2B,15,0,0,0.913531842268382,NA,NA,NA,1
MAPK1IP1L,25,0,0,0.913531842268382,NA,NA,NA,1
MEF2D,7,0,0,0.913531842268382,NA,NA,NA,1
MEST,8,0,0,0.913531842268382,NA,NA,NA,1
MPDZ,5,0,0,0.913531842268382,NA,NA,NA,1
PLEC,12,0,0,0.913531842268382,NA,NA,NA,1
RIOX2,12,0,0,0.913531842268382,NA,NA,NA,1
RNF150,4,0,0,0.913531842268382,NA,NA,NA,1
S1PR3,4,0,0,0.913531842268382,NA,NA,NA,1
SLPI,3,0,0,0.913531842268382,NA,NA,NA,1
SORL1,8,0,0,0.913531842268382,NA,NA,NA,1
SOWAHC,9,0,0,0.913531842268382,NA,NA,NA,1
TP63,2,0,0,0.913531842268382,NA,NA,NA,1
ZNF260,7,0,0,0.913531842268382,NA,NA,NA,1
INO80,2,0,0,0.913751412888232,NA,NA,NA,1
NHP2,5,0,0,0.913751412888232,NA,NA,NA,1
KLRG1,3,0,0,0.913990408390549,NA,NA,NA,1
ATP7B,5,0,0,0.914189245517984,NA,NA,NA,1
KARS,9,0,0,0.914189245517984,NA,NA,NA,1
AFF4,26,0,0,0.914348276232941,NA,NA,NA,1
CCNO,3,0,0,0.914348276232941,NA,NA,NA,1
ERP29,7,0,0,0.914348276232941,NA,NA,NA,1
RNF144B,7,0,0,0.914348276232941,NA,NA,NA,1
SLC19A1,7,0,0,0.914348276232941,NA,NA,NA,1
TMEM184B,10,0,0,0.914348276232941,NA,NA,NA,1
INPP5F,2,0,0,0.914671376937739,NA,NA,NA,1
MRPL55,2,0,0,0.914671376937739,NA,NA,NA,1
PPP1R12A,10,0,0,0.914671376937739,NA,NA,NA,1
ZNF428,4,0,0,0.914671376937739,NA,NA,NA,1
HARBI1,9,0,0,0.914725517952807,NA,NA,NA,1
ZRANB1,20,0,0,0.914725517952807,NA,NA,NA,1
CLSTN1,5,0,0,0.914906209933348,NA,NA,NA,1
RASSF6,2,0,0,0.914906209933348,NA,NA,NA,1
TLDC1,15,0,0,0.914906209933348,NA,NA,NA,1
RTCB,9,0,0,0.914915690310873,NA,NA,NA,1
WDR34,7,0,0,0.914949428788435,NA,NA,NA,1
C1orf198,10,0,0,0.9150627867479,NA,NA,NA,1
CCDC12,5,0,0,0.9150627867479,NA,NA,NA,1
COMMD2,11,0,0,0.9150627867479,NA,NA,NA,1
EXTL2,8,0,0,0.9150627867479,NA,NA,NA,1
HMGXB3,3,0,0,0.9150627867479,NA,NA,NA,1
JPH2,7,0,0,0.9150627867479,NA,NA,NA,1
MRPL34,2,0,0,0.9150627867479,NA,NA,NA,1
PHKA2,13,0,0,0.9150627867479,NA,NA,NA,1
RGMA,2,0,0,0.9150627867479,NA,NA,NA,1
SLC2A5,3,0,0,0.9150627867479,NA,NA,NA,1
SPRY4,4,0,0,0.9150627867479,NA,NA,NA,1
STARD13,10,0,0,0.9150627867479,NA,NA,NA,1
UFD1,5,0,0,0.9150627867479,NA,NA,NA,1
ZMYM1,10,0,0,0.9150627867479,NA,NA,NA,1
ZNF780A,6,0,0,0.9150627867479,NA,NA,NA,1
SNAI2,6,0,0,0.915154908231888,NA,NA,NA,1
UBAC2,4,0,0,0.915154908231888,NA,NA,NA,1
ARL16,8,0,0,0.915265441932951,NA,NA,NA,1
C1orf56,4,0,0,0.915265441932951,NA,NA,NA,1
CBR4,4,0,0,0.915265441932951,NA,NA,NA,1
FAU,2,0,0,0.915265441932951,NA,NA,NA,1
GDAP1,5,0,0,0.915265441932951,NA,NA,NA,1
GPATCH2,6,0,0,0.915265441932951,NA,NA,NA,1
KIAA0319L,2,0,0,0.915265441932951,NA,NA,NA,1
NKPD1,7,0,0,0.915265441932951,NA,NA,NA,1
PLEKHB2,8,0,0,0.915265441932951,NA,NA,NA,1
PRKX,10,0,0,0.915265441932951,NA,NA,NA,1
RBM18,9,0,0,0.915265441932951,NA,NA,NA,1
RMND1,4,0,0,0.915265441932951,NA,NA,NA,1
SLC25A3,9,0,0,0.915265441932951,NA,NA,NA,1
TRMT44,6,0,0,0.915265441932951,NA,NA,NA,1
UBE2D1,4,0,0,0.915265441932951,NA,NA,NA,1
ZCCHC17,7,0,0,0.91594294761983,NA,NA,NA,1
ACSL5,4,0,0,0.916267285666115,NA,NA,NA,1
BAG5,10,0,0,0.916267285666115,NA,NA,NA,1
COG4,2,0,0,0.916267285666115,NA,NA,NA,1
DDHD2,20,0,0,0.916267285666115,NA,NA,NA,1
E2F3,5,0,0,0.916267285666115,NA,NA,NA,1
FAHD2A,4,0,0,0.916267285666115,NA,NA,NA,1
FUNDC1,3,0,0,0.916267285666115,NA,NA,NA,1
GBA2,4,0,0,0.916267285666115,NA,NA,NA,1
LBH,4,0,0,0.916267285666115,NA,NA,NA,1
MAEA,2,0,0,0.916267285666115,NA,NA,NA,1
PGM2L1,7,0,0,0.916267285666115,NA,NA,NA,1
PLCG2,2,0,0,0.916267285666115,NA,NA,NA,1
RBBP4,15,0,0,0.916267285666115,NA,NA,NA,1
TMEM39A,14,0,0,0.916267285666115,NA,NA,NA,1
TMEM9,10,0,0,0.916267285666115,NA,NA,NA,1
TTC26,5,0,0,0.916267285666115,NA,NA,NA,1
URB2,18,0,0,0.916267285666115,NA,NA,NA,1
ZNF107,8,0,0,0.916267285666115,NA,NA,NA,1
METRN,2,0,0,0.916428611216854,NA,NA,NA,1
SERPINB1,5,0,0,0.916428611216854,NA,NA,NA,1
DOCK10,2,0,0,0.916433028032155,NA,NA,NA,1
PARP11,5,0,0,0.916780027593097,NA,NA,NA,1
CATSPER2,2,0,0,0.916816800470726,NA,NA,NA,1
GK,6,0,0,0.917303821106702,NA,NA,NA,1
JADE2,9,0,0,0.917320690223955,NA,NA,NA,1
ZMIZ1,8,0,0,0.917370545851565,NA,NA,NA,1
PDLIM4,7,0,0,0.917556783958623,NA,NA,NA,1
THADA,3,0,0,0.917556783958623,NA,NA,NA,1
TNFSF12-TNFSF13,2,0,0,0.917556783958623,NA,NA,NA,1
BTRC,7,0,0,0.917557547804159,NA,NA,NA,1
PRPF40A,21,0,0,0.917663047720849,NA,NA,NA,1
NDFIP1,17,0,0,0.918000519896593,NA,NA,NA,1
DAGLA,2,0,0,0.918049676817369,NA,NA,NA,1
GPR153,3,0,0,0.918049676817369,NA,NA,NA,1
KIF7,6,0,0,0.918049676817369,NA,NA,NA,1
IFIT5,16,0,0,0.918093895353465,NA,NA,NA,1
B3GNT2,3,0,0,0.918141873458922,NA,NA,NA,1
CDC42SE2,8,0,0,0.918141873458922,NA,NA,NA,1
DDOST,11,0,0,0.918141873458922,NA,NA,NA,1
IL21R,4,0,0,0.918141873458922,NA,NA,NA,1
RBM12,17,0,0,0.918141873458922,NA,NA,NA,1
TMBIM4,8,0,0,0.918141873458922,NA,NA,NA,1
TTK,3,0,0,0.918141873458922,NA,NA,NA,1
LOC100287896,5,0,0,0.918233104693422,NA,NA,NA,1
PIK3R4,3,0,0,0.918300781458748,NA,NA,NA,1
MPHOSPH8,7,0,0,0.918786828801614,NA,NA,NA,1
TPRG1L,7,0,0,0.918786828801614,NA,NA,NA,1
ST20-MTHFS,6,0,0,0.918914277797209,NA,NA,NA,1
FBXO10,2,0,0,0.919350562468062,NA,NA,NA,1
SRSF4,4,0,0,0.919377898484699,NA,NA,NA,1
RAD51C,7,0,0,0.919679751888369,NA,NA,NA,1
TASP1,6,0,0,0.919679751888369,NA,NA,NA,1
AC233723.1,2,0,0,0.9199752147936,NA,NA,NA,1
BRK1,8,0,0,0.9199752147936,NA,NA,NA,1
SYTL4,3,0,0,0.9199752147936,NA,NA,NA,1
TMEM62,2,0,0,0.9199752147936,NA,NA,NA,1
UBE2G1,12,0,0,0.9199752147936,NA,NA,NA,1
ZFP69B,7,0,0,0.9199752147936,NA,NA,NA,1
APBA3,6,0,0,0.920039774851796,NA,NA,NA,1
CASP6,12,0,0,0.920039774851796,NA,NA,NA,1
IGSF3,13,0,0,0.920039774851796,NA,NA,NA,1
JAK1,7,0,0,0.920039774851796,NA,NA,NA,1
NUP43,6,0,0,0.920039774851796,NA,NA,NA,1
PPP3R1,6,0,0,0.920039774851796,NA,NA,NA,1
FAM45A,7,0,0,0.92016250681598,NA,NA,NA,1
GTF2H1,9,0,0,0.92016250681598,NA,NA,NA,1
OXSR1,3,0,0,0.92016250681598,NA,NA,NA,1
SELENOP,5,0,0,0.92016250681598,NA,NA,NA,1
SMIM14,16,0,0,0.92016250681598,NA,NA,NA,1
VAMP1,4,0,0,0.92016250681598,NA,NA,NA,1
DPCD,4,0,0,0.920414327628722,NA,NA,NA,1
FAM208A,6,0,0,0.920654599114587,NA,NA,NA,1
F8,3,0,0,0.92082688327215,NA,NA,NA,1
RHOB,11,0,0,0.920845991308666,NA,NA,NA,1
C2orf74,4,0,0,0.920996931901186,NA,NA,NA,1
IFNLR1,2,0,0,0.920996931901186,NA,NA,NA,1
NAGS,3,0,0,0.920996931901186,NA,NA,NA,1
SAMM50,2,0,0,0.920996931901186,NA,NA,NA,1
SMARCC2,8,0,0,0.920996931901186,NA,NA,NA,1
TNK1,2,0,0,0.920996931901186,NA,NA,NA,1
ZNF276,9,0,0,0.920996931901186,NA,NA,NA,1
GPT2,5,0,0,0.921226395061268,NA,NA,NA,1
MAFA,2,0,0,0.921226395061268,NA,NA,NA,1
SHARPIN,6,0,0,0.921226395061268,NA,NA,NA,1
CSRNP1,5,0,0,0.921278261290947,NA,NA,NA,1
CUL3,12,0,0,0.921278261290947,NA,NA,NA,1
PPP6C,12,0,0,0.921278261290947,NA,NA,NA,1
RARA,3,0,0,0.921278261290947,NA,NA,NA,1
SLC31A1,11,0,0,0.921278261290947,NA,NA,NA,1
ZNF215,3,0,0,0.921278261290947,NA,NA,NA,1
VAMP2,4,0,0,0.921293536011642,NA,NA,NA,1
ATIC,14,0,0,0.921342549633458,NA,NA,NA,1
CELSR3,2,0,0,0.921405417887786,NA,NA,NA,1
TSPAN33,2,0,0,0.921445047545127,NA,NA,NA,1
CASP9,3,0,0,0.921509679301363,NA,NA,NA,1
EID2,9,0,0,0.921990450356354,NA,NA,NA,1
GINS4,18,0,0,0.921990450356354,NA,NA,NA,1
NCAPH,5,0,0,0.921990450356354,NA,NA,NA,1
SETD3,7,0,0,0.921990450356354,NA,NA,NA,1
APLP2,10,0,0,0.922288407232644,NA,NA,NA,1
ATAD1,19,0,0,0.922288407232644,NA,NA,NA,1
CST3,3,0,0,0.922288407232644,NA,NA,NA,1
FAM120C,4,0,0,0.922288407232644,NA,NA,NA,1
HMCES,4,0,0,0.922288407232644,NA,NA,NA,1
LSM10,5,0,0,0.922288407232644,NA,NA,NA,1
MARK4,9,0,0,0.922288407232644,NA,NA,NA,1
MOSPD3,2,0,0,0.922288407232644,NA,NA,NA,1
MR1,8,0,0,0.922288407232644,NA,NA,NA,1
PDE8A,4,0,0,0.922288407232644,NA,NA,NA,1
RYK,9,0,0,0.922288407232644,NA,NA,NA,1
SLFN13,4,0,0,0.922288407232644,NA,NA,NA,1
STOM,4,0,0,0.922288407232644,NA,NA,NA,1
TGFB2,6,0,0,0.922288407232644,NA,NA,NA,1
XPNPEP1,2,0,0,0.922469266313546,NA,NA,NA,1
ARHGAP12,10,0,0,0.922741546282067,NA,NA,NA,1
WDR6,4,0,0,0.923086523468423,NA,NA,NA,1
BUD23,7,0,0,0.923251612296063,NA,NA,NA,1
DDHD1,16,0,0,0.923251612296063,NA,NA,NA,1
BIN3,11,0,0,0.923274503364687,NA,NA,NA,1
INSIG2,8,0,0,0.923677515949644,NA,NA,NA,1
KHNYN,12,0,0,0.923677515949644,NA,NA,NA,1
RCN2,8,0,0,0.923677515949644,NA,NA,NA,1
ZNF891,13,0,0,0.923677515949644,NA,NA,NA,1
PFKFB4,4,0,0,0.92373378110287,NA,NA,NA,1
ZNF324,6,0,0,0.92373378110287,NA,NA,NA,1
ADHFE1,2,0,0,0.923847645985444,NA,NA,NA,1
ATP2C1,10,0,0,0.923847645985444,NA,NA,NA,1
CGGBP1,12,0,0,0.923847645985444,NA,NA,NA,1
PLOD2,9,0,0,0.923847645985444,NA,NA,NA,1
RSRC2,11,0,0,0.923847645985444,NA,NA,NA,1
PAQR5,10,0,0,0.924154956873122,NA,NA,NA,1
ENPP1,8,0,0,0.924186625087653,NA,NA,NA,1
ERCC4,3,0,0,0.924186625087653,NA,NA,NA,1
LOXL3,4,0,0,0.924186625087653,NA,NA,NA,1
MID2,5,0,0,0.924186625087653,NA,NA,NA,1
NR1D1,3,0,0,0.924186625087653,NA,NA,NA,1
PUDP,8,0,0,0.924186625087653,NA,NA,NA,1
TIPARP,7,0,0,0.924292523364614,NA,NA,NA,1
ERICH5,3,0,0,0.924309767261498,NA,NA,NA,1
TMEM214,10,0,0,0.924577003151467,NA,NA,NA,1
CARS2,2,0,0,0.924607303475183,NA,NA,NA,1
SRPX2,9,0,0,0.924669588244258,NA,NA,NA,1
COX5B,7,0,0,0.924696754933409,NA,NA,NA,1
C1orf122,4,0,0,0.924869785651524,NA,NA,NA,1
IL18BP,3,0,0,0.925286041206648,NA,NA,NA,1
SLAIN2,10,0,0,0.92537032795613,NA,NA,NA,1
EHD4,11,0,0,0.925389424821171,NA,NA,NA,1
DCP1A,3,0,0,0.925499351047267,NA,NA,NA,1
PPM1G,2,0,0,0.925499351047267,NA,NA,NA,1
GPM6B,7,0,0,0.925619873827372,NA,NA,NA,1
CCDC58,5,0,0,0.925706102426388,NA,NA,NA,1
DHRS7,5,0,0,0.9259127944825,NA,NA,NA,1
UBE2O,4,0,0,0.9259127944825,NA,NA,NA,1
KIAA1324,4,0,0,0.926127013310105,NA,NA,NA,1
HSPB8,3,0,0,0.926650586906343,NA,NA,NA,1
MED13L,14,0,0,0.926650586906343,NA,NA,NA,1
RFX2,5,0,0,0.926650586906343,NA,NA,NA,1
AP4B1,3,0,0,0.927457224001329,NA,NA,NA,1
BTBD10,6,0,0,0.927457224001329,NA,NA,NA,1
PAPD5,8,0,0,0.928223482606833,NA,NA,NA,1
SQLE,5,0,0,0.928223482606833,NA,NA,NA,1
ARHGEF17,8,0,0,0.92822423293889,NA,NA,NA,1
ZNF354C,5,0,0,0.92822423293889,NA,NA,NA,1
LPIN3,3,0,0,0.928249815394806,NA,NA,NA,1
OSBP,9,0,0,0.928345731601463,NA,NA,NA,1
EGLN1,16,0,0,0.928404663298015,NA,NA,NA,1
FBXO33,5,0,0,0.928615223878284,NA,NA,NA,1
PITPNM2,3,0,0,0.928615223878284,NA,NA,NA,1
ATP8B2,7,0,0,0.92873328764714,NA,NA,NA,1
CADM4,4,0,0,0.92873328764714,NA,NA,NA,1
FKBP2,3,0,0,0.92873328764714,NA,NA,NA,1
NDUFS2,3,0,0,0.92873328764714,NA,NA,NA,1
NOL6,9,0,0,0.92873328764714,NA,NA,NA,1
NUP88,7,0,0,0.92873328764714,NA,NA,NA,1
RANBP17,4,0,0,0.92873328764714,NA,NA,NA,1
KMT2C,12,0,0,0.929091683473656,NA,NA,NA,1
MST1L,2,0,0,0.929106546908402,NA,NA,NA,1
KDELC2,6,0,0,0.929484247243157,NA,NA,NA,1
WDR76,11,0,0,0.929484247243157,NA,NA,NA,1
CA5B,10,0,0,0.929559809134449,NA,NA,NA,1
SMIM22,2,0,0,0.930389175875953,NA,NA,NA,1
FAM120A,10,0,0,0.930423830360973,NA,NA,NA,1
PPIH,4,0,0,0.930423830360973,NA,NA,NA,1
SDR39U1,3,0,0,0.930423830360973,NA,NA,NA,1
IFT46,5,0,0,0.930609084007531,NA,NA,NA,1
BBOF1,4,0,0,0.930668874302209,NA,NA,NA,1
BZW1,13,0,0,0.930668874302209,NA,NA,NA,1
CAMKK2,8,0,0,0.930668874302209,NA,NA,NA,1
CTDSPL,11,0,0,0.930668874302209,NA,NA,NA,1
FLYWCH2,4,0,0,0.930668874302209,NA,NA,NA,1
ZFP37,7,0,0,0.930668874302209,NA,NA,NA,1
C2orf49,10,0,0,0.930736032629761,NA,NA,NA,1
NSD3,15,0,0,0.930765409850474,NA,NA,NA,1
CDKN2C,7,0,0,0.930960181945398,NA,NA,NA,1
FAM131A,5,0,0,0.931118203746245,NA,NA,NA,1
ZNF280C,5,0,0,0.931410849207177,NA,NA,NA,1
ITPRIP,8,0,0,0.93184342982675,NA,NA,NA,1
PFDN1,3,0,0,0.93184342982675,NA,NA,NA,1
HIGD2A,5,0,0,0.932037963512119,NA,NA,NA,1
NFIX,8,0,0,0.932225239017088,NA,NA,NA,1
CCDC14,6,0,0,0.932607476780497,NA,NA,NA,1
RBFA,10,0,0,0.933015313343021,NA,NA,NA,1
CPM,10,0,0,0.933272814224836,NA,NA,NA,1
ZNF571,3,0,0,0.933272814224836,NA,NA,NA,1
ZNF485,7,0,0,0.933399305648067,NA,NA,NA,1
SPICE1,6,0,0,0.933486712201357,NA,NA,NA,1
ZBTB47,7,0,0,0.933564615020184,NA,NA,NA,1
CNOT6L,8,0,0,0.933838140883359,NA,NA,NA,1
ZNRF3,5,0,0,0.933966545798941,NA,NA,NA,1
CDIPT,5,0,0,0.933966613483382,NA,NA,NA,1
SGPP2,2,0,0,0.933966613483382,NA,NA,NA,1
BCL2L12,2,0,0,0.934547100253856,NA,NA,NA,1
DIAPH1,4,0,0,0.934547100253856,NA,NA,NA,1
KYAT1,2,0,0,0.934547100253856,NA,NA,NA,1
PTPRD,3,0,0,0.934547100253856,NA,NA,NA,1
RPL7L1,8,0,0,0.934547100253856,NA,NA,NA,1
AMPD3,10,0,0,0.934575865587779,NA,NA,NA,1
AP5B1,4,0,0,0.934575865587779,NA,NA,NA,1
CENPQ,6,0,0,0.934575865587779,NA,NA,NA,1
DPH7,3,0,0,0.934575865587779,NA,NA,NA,1
FNBP4,3,0,0,0.934575865587779,NA,NA,NA,1
GLOD4,10,0,0,0.934575865587779,NA,NA,NA,1
HAT1,8,0,0,0.934575865587779,NA,NA,NA,1
HSPA8,3,0,0,0.934575865587779,NA,NA,NA,1
KNTC1,12,0,0,0.934575865587779,NA,NA,NA,1
RAB3GAP1,12,0,0,0.934575865587779,NA,NA,NA,1
SECISBP2,8,0,0,0.934575865587779,NA,NA,NA,1
SIGMAR1,6,0,0,0.934575865587779,NA,NA,NA,1
SLC43A1,2,0,0,0.934575865587779,NA,NA,NA,1
SMC3,3,0,0,0.934575865587779,NA,NA,NA,1
SSBP4,3,0,0,0.934575865587779,NA,NA,NA,1
TIMM8B,6,0,0,0.934575865587779,NA,NA,NA,1
USP8,6,0,0,0.934575865587779,NA,NA,NA,1
UFSP1,5,0,0,0.934598662433452,NA,NA,NA,1
UBXN7,15,0,0,0.934618743541275,NA,NA,NA,1
SH3RF3,5,0,0,0.934772622308748,NA,NA,NA,1
NTN4,3,0,0,0.934827822654365,NA,NA,NA,1
SCAF8,10,0,0,0.934827822654365,NA,NA,NA,1
BHLHE41,2,0,0,0.935045708240218,NA,NA,NA,1
ING4,3,0,0,0.935045708240218,NA,NA,NA,1
LDB1,4,0,0,0.935045708240218,NA,NA,NA,1
ANKRD50,10,0,0,0.935065906965228,NA,NA,NA,1
CAB39L,5,0,0,0.935065906965228,NA,NA,NA,1
CEACAM1,2,0,0,0.935065906965228,NA,NA,NA,1
ELL3,3,0,0,0.935065906965228,NA,NA,NA,1
HIST1H1C,4,0,0,0.935065906965228,NA,NA,NA,1
HSPA9,12,0,0,0.935065906965228,NA,NA,NA,1
HTRA2,5,0,0,0.935065906965228,NA,NA,NA,1
IGF2,6,0,0,0.935065906965228,NA,NA,NA,1
KLHL11,4,0,0,0.935065906965228,NA,NA,NA,1
MED11,2,0,0,0.935065906965228,NA,NA,NA,1
PFAS,13,0,0,0.935065906965228,NA,NA,NA,1
PLA2G4B,5,0,0,0.935065906965228,NA,NA,NA,1
SNX18,11,0,0,0.935065906965228,NA,NA,NA,1
SRSF2,12,0,0,0.935065906965228,NA,NA,NA,1
TM2D1,3,0,0,0.935065906965228,NA,NA,NA,1
EXPH5,5,0,0,0.935165267162639,NA,NA,NA,1
UBALD2,5,0,0,0.935165267162639,NA,NA,NA,1
SNRPF,6,0,0,0.935637261090984,NA,NA,NA,1
SDR16C5,4,0,0,0.935737801005628,NA,NA,NA,1
AP4M1,7,0,0,0.935785781008362,NA,NA,NA,1
JKAMP,5,0,0,0.935843687696102,NA,NA,NA,1
ABRACL,5,0,0,0.93619480804611,NA,NA,NA,1
AGAP1,6,0,0,0.93619480804611,NA,NA,NA,1
ANO1,3,0,0,0.93619480804611,NA,NA,NA,1
ARID3B,4,0,0,0.93619480804611,NA,NA,NA,1
CCDC125,2,0,0,0.93619480804611,NA,NA,NA,1
CDC25B,6,0,0,0.93619480804611,NA,NA,NA,1
CDK6,12,0,0,0.93619480804611,NA,NA,NA,1
COL12A1,5,0,0,0.93619480804611,NA,NA,NA,1
CREG1,10,0,0,0.93619480804611,NA,NA,NA,1
DOPEY1,6,0,0,0.93619480804611,NA,NA,NA,1
EIF4ENIF1,5,0,0,0.93619480804611,NA,NA,NA,1
EVPL,4,0,0,0.93619480804611,NA,NA,NA,1
FAM135A,13,0,0,0.93619480804611,NA,NA,NA,1
FBXW8,8,0,0,0.93619480804611,NA,NA,NA,1
GTF3C6,8,0,0,0.93619480804611,NA,NA,NA,1
JMJD1C,6,0,0,0.93619480804611,NA,NA,NA,1
KIAA0556,2,0,0,0.93619480804611,NA,NA,NA,1
KIAA1958,8,0,0,0.93619480804611,NA,NA,NA,1
LRRC3,4,0,0,0.93619480804611,NA,NA,NA,1
LRRFIP1,8,0,0,0.93619480804611,NA,NA,NA,1
LUC7L3,9,0,0,0.93619480804611,NA,NA,NA,1
MORN2,4,0,0,0.93619480804611,NA,NA,NA,1
ODC1,5,0,0,0.93619480804611,NA,NA,NA,1
PCNA,5,0,0,0.93619480804611,NA,NA,NA,1
PCNP,8,0,0,0.93619480804611,NA,NA,NA,1
PPP2R5D,2,0,0,0.93619480804611,NA,NA,NA,1
PWP1,4,0,0,0.93619480804611,NA,NA,NA,1
RNPS1,3,0,0,0.93619480804611,NA,NA,NA,1
SLC25A11,12,0,0,0.93619480804611,NA,NA,NA,1
SLC25A16,15,0,0,0.93619480804611,NA,NA,NA,1
SNRPE,7,0,0,0.93619480804611,NA,NA,NA,1
STARD4,12,0,0,0.93619480804611,NA,NA,NA,1
STK11,3,0,0,0.93619480804611,NA,NA,NA,1
TBC1D23,6,0,0,0.93619480804611,NA,NA,NA,1
TEX30,5,0,0,0.93619480804611,NA,NA,NA,1
TIMM29,5,0,0,0.93619480804611,NA,NA,NA,1
TMEM140,8,0,0,0.93619480804611,NA,NA,NA,1
TMEM42,3,0,0,0.93619480804611,NA,NA,NA,1
TUSC2,4,0,0,0.93619480804611,NA,NA,NA,1
VPS36,16,0,0,0.93619480804611,NA,NA,NA,1
ZNF316,3,0,0,0.93619480804611,NA,NA,NA,1
ZNF697,9,0,0,0.93619480804611,NA,NA,NA,1
ABAT,4,0,0,0.936230694020597,NA,NA,NA,1
ABHD11,2,0,0,0.936230694020597,NA,NA,NA,1
ACTR1B,4,0,0,0.936230694020597,NA,NA,NA,1
CETN2,12,0,0,0.936230694020597,NA,NA,NA,1
CRLF3,2,0,0,0.936230694020597,NA,NA,NA,1
DCTN2,4,0,0,0.936230694020597,NA,NA,NA,1
DNAJC13,5,0,0,0.936230694020597,NA,NA,NA,1
DNM2,6,0,0,0.936230694020597,NA,NA,NA,1
DPP8,10,0,0,0.936230694020597,NA,NA,NA,1
EFCAB11,5,0,0,0.936230694020597,NA,NA,NA,1
EGFLAM,9,0,0,0.936230694020597,NA,NA,NA,1
FANCI,5,0,0,0.936230694020597,NA,NA,NA,1
FBLN5,2,0,0,0.936230694020597,NA,NA,NA,1
HIST1H2AM,3,0,0,0.936230694020597,NA,NA,NA,1
IDE,22,0,0,0.936230694020597,NA,NA,NA,1
KIAA0040,7,0,0,0.936230694020597,NA,NA,NA,1
KYNU,11,0,0,0.936230694020597,NA,NA,NA,1
MAML2,7,0,0,0.936230694020597,NA,NA,NA,1
MFN1,18,0,0,0.936230694020597,NA,NA,NA,1
MYO1E,20,0,0,0.936230694020597,NA,NA,NA,1
NOP14,3,0,0,0.936230694020597,NA,NA,NA,1
NSD2,10,0,0,0.936230694020597,NA,NA,NA,1
SCYL2,6,0,0,0.936230694020597,NA,NA,NA,1
SFI1,2,0,0,0.936230694020597,NA,NA,NA,1
SON,13,0,0,0.936230694020597,NA,NA,NA,1
TMEM260,7,0,0,0.936230694020597,NA,NA,NA,1
TMTC1,8,0,0,0.936230694020597,NA,NA,NA,1
ZCCHC8,7,0,0,0.936230694020597,NA,NA,NA,1
ZFP36L2,6,0,0,0.936230694020597,NA,NA,NA,1
ZSCAN21,5,0,0,0.936230694020597,NA,NA,NA,1
EAF2,2,0,0,0.936359852304222,NA,NA,NA,1
GAPDH,3,0,0,0.936359852304222,NA,NA,NA,1
N4BP2,6,0,0,0.936359852304222,NA,NA,NA,1
PLPP1,6,0,0,0.936359852304222,NA,NA,NA,1
UPF1,4,0,0,0.936359852304222,NA,NA,NA,1
ZC3H8,10,0,0,0.936359852304222,NA,NA,NA,1
ZFP41,4,0,0,0.936359852304222,NA,NA,NA,1
ABHD12,2,0,0,0.936673493266817,NA,NA,NA,1
AJUBA,11,0,0,0.936673493266817,NA,NA,NA,1
AP2A1,2,0,0,0.936673493266817,NA,NA,NA,1
CAMSAP3,2,0,0,0.936673493266817,NA,NA,NA,1
CAPN3,2,0,0,0.936673493266817,NA,NA,NA,1
CCND3,2,0,0,0.936673493266817,NA,NA,NA,1
CEP85,3,0,0,0.936673493266817,NA,NA,NA,1
CLOCK,11,0,0,0.936673493266817,NA,NA,NA,1
DDX59,2,0,0,0.936673493266817,NA,NA,NA,1
ENTPD4,17,0,0,0.936673493266817,NA,NA,NA,1
FAM96A,4,0,0,0.936673493266817,NA,NA,NA,1
GNB5,14,0,0,0.936673493266817,NA,NA,NA,1
GSS,3,0,0,0.936673493266817,NA,NA,NA,1
INTS13,8,0,0,0.936673493266817,NA,NA,NA,1
IRX1,3,0,0,0.936673493266817,NA,NA,NA,1
KDELR3,6,0,0,0.936673493266817,NA,NA,NA,1
KLHL41,2,0,0,0.936673493266817,NA,NA,NA,1
LMF2,2,0,0,0.936673493266817,NA,NA,NA,1
LRRC8B,7,0,0,0.936673493266817,NA,NA,NA,1
MDFIC,14,0,0,0.936673493266817,NA,NA,NA,1
MKS1,2,0,0,0.936673493266817,NA,NA,NA,1
MYL12B,12,0,0,0.936673493266817,NA,NA,NA,1
NAA15,17,0,0,0.936673493266817,NA,NA,NA,1
NFKBID,6,0,0,0.936673493266817,NA,NA,NA,1
NUMB,11,0,0,0.936673493266817,NA,NA,NA,1
PGRMC1,4,0,0,0.936673493266817,NA,NA,NA,1
PLAGL1,3,0,0,0.936673493266817,NA,NA,NA,1
PNMA1,4,0,0,0.936673493266817,NA,NA,NA,1
STOX2,6,0,0,0.936673493266817,NA,NA,NA,1
TMEM50A,8,0,0,0.936673493266817,NA,NA,NA,1
TRAPPC8,4,0,0,0.936673493266817,NA,NA,NA,1
TTC4,10,0,0,0.936673493266817,NA,NA,NA,1
UBE4A,6,0,0,0.936673493266817,NA,NA,NA,1
VAC14,3,0,0,0.936673493266817,NA,NA,NA,1
WDR31,7,0,0,0.936673493266817,NA,NA,NA,1
ZNF234,5,0,0,0.936673493266817,NA,NA,NA,1
ZNF721,8,0,0,0.936673493266817,NA,NA,NA,1
DUSP22,5,0,0,0.93685620233359,NA,NA,NA,1
MPV17,4,0,0,0.93685620233359,NA,NA,NA,1
MUTYH,4,0,0,0.93685620233359,NA,NA,NA,1
RPL15,3,0,0,0.93685620233359,NA,NA,NA,1
TEX261,3,0,0,0.93685620233359,NA,NA,NA,1
THUMPD2,8,0,0,0.93685620233359,NA,NA,NA,1
PHC1,2,0,0,0.937233030100305,NA,NA,NA,1
HHAT,6,0,0,0.93726392243393,NA,NA,NA,1
RIPK4,2,0,0,0.93726392243393,NA,NA,NA,1
SLC23A2,10,0,0,0.93726392243393,NA,NA,NA,1
HACE1,7,0,0,0.937399374826306,NA,NA,NA,1
CAMSAP1,4,0,0,0.937725310387176,NA,NA,NA,1
CMAS,5,0,0,0.937725310387176,NA,NA,NA,1
FCF1,6,0,0,0.937725310387176,NA,NA,NA,1
MAFB,5,0,0,0.937725310387176,NA,NA,NA,1
MGAT4B,6,0,0,0.937725310387176,NA,NA,NA,1
PIGL,6,0,0,0.937725310387176,NA,NA,NA,1
SLC35G2,4,0,0,0.937725310387176,NA,NA,NA,1
TTC30A,16,0,0,0.937725310387176,NA,NA,NA,1
ZKSCAN3,8,0,0,0.937725310387176,NA,NA,NA,1
ADAMTSL4,3,0,0,0.937784338038979,NA,NA,NA,1
ALG6,10,0,0,0.937784338038979,NA,NA,NA,1
ARL6IP5,14,0,0,0.937784338038979,NA,NA,NA,1
ASB1,7,0,0,0.937784338038979,NA,NA,NA,1
AURKAIP1,2,0,0,0.937784338038979,NA,NA,NA,1
CARD14,3,0,0,0.937784338038979,NA,NA,NA,1
CDV3,5,0,0,0.937784338038979,NA,NA,NA,1
CLGN,6,0,0,0.937784338038979,NA,NA,NA,1
CSKMT,7,0,0,0.937784338038979,NA,NA,NA,1
CTCF,3,0,0,0.937784338038979,NA,NA,NA,1
EIF4A3,7,0,0,0.937784338038979,NA,NA,NA,1
EMC3,17,0,0,0.937784338038979,NA,NA,NA,1
FAM214A,3,0,0,0.937784338038979,NA,NA,NA,1
FGFR2,7,0,0,0.937784338038979,NA,NA,NA,1
FOCAD,2,0,0,0.937784338038979,NA,NA,NA,1
GATA3,8,0,0,0.937784338038979,NA,NA,NA,1
GCFC2,13,0,0,0.937784338038979,NA,NA,NA,1
HBS1L,5,0,0,0.937784338038979,NA,NA,NA,1
HDAC4,6,0,0,0.937784338038979,NA,NA,NA,1
HERC3,6,0,0,0.937784338038979,NA,NA,NA,1
HIBCH,8,0,0,0.937784338038979,NA,NA,NA,1
HNRNPUL1,18,0,0,0.937784338038979,NA,NA,NA,1
KLHL36,11,0,0,0.937784338038979,NA,NA,NA,1
L2HGDH,11,0,0,0.937784338038979,NA,NA,NA,1
LCAT,2,0,0,0.937784338038979,NA,NA,NA,1
NDUFB2,2,0,0,0.937784338038979,NA,NA,NA,1
NFATC2IP,11,0,0,0.937784338038979,NA,NA,NA,1
NFU1,4,0,0,0.937784338038979,NA,NA,NA,1
NPDC1,3,0,0,0.937784338038979,NA,NA,NA,1
PANK1,5,0,0,0.937784338038979,NA,NA,NA,1
PDK3,6,0,0,0.937784338038979,NA,NA,NA,1
PIK3R1,7,0,0,0.937784338038979,NA,NA,NA,1
PLK4,6,0,0,0.937784338038979,NA,NA,NA,1
PPP4R1,7,0,0,0.937784338038979,NA,NA,NA,1
PSMA1,9,0,0,0.937784338038979,NA,NA,NA,1
PXN,6,0,0,0.937784338038979,NA,NA,NA,1
SEC14L1,2,0,0,0.937784338038979,NA,NA,NA,1
SEMA6C,3,0,0,0.937784338038979,NA,NA,NA,1
SH3BP2,5,0,0,0.937784338038979,NA,NA,NA,1
SLC35A5,5,0,0,0.937784338038979,NA,NA,NA,1
SLC35B1,5,0,0,0.937784338038979,NA,NA,NA,1
SLC35E2B,5,0,0,0.937784338038979,NA,NA,NA,1
SNX10,4,0,0,0.937784338038979,NA,NA,NA,1
TANGO6,8,0,0,0.937784338038979,NA,NA,NA,1
TPD52L2,5,0,0,0.937784338038979,NA,NA,NA,1
VPS53,21,0,0,0.937784338038979,NA,NA,NA,1
WDR48,7,0,0,0.937784338038979,NA,NA,NA,1
ZNF319,3,0,0,0.937784338038979,NA,NA,NA,1
ZNF765-ZNF761,2,0,0,0.937784338038979,NA,NA,NA,1
ERGIC1,6,0,0,0.937994968381908,NA,NA,NA,1
HSPBAP1,3,0,0,0.937997499540444,NA,NA,NA,1
CBLN3,7,0,0,0.938223199583155,NA,NA,NA,1
BRIP1,6,0,0,0.93827089018206,NA,NA,NA,1
FAIM,2,0,0,0.93827089018206,NA,NA,NA,1
MYCL,2,0,0,0.93827089018206,NA,NA,NA,1
RANBP9,7,0,0,0.938436885155878,NA,NA,NA,1
IBTK,7,0,0,0.938507109166462,NA,NA,NA,1
CEP85L,3,0,0,0.938535155715783,NA,NA,NA,1
CGREF1,2,0,0,0.938535155715783,NA,NA,NA,1
NUS1,9,0,0,0.938535155715783,NA,NA,NA,1
RPL18A,6,0,0,0.938535155715783,NA,NA,NA,1
PPP2R5A,5,0,0,0.938746337658398,NA,NA,NA,1
AUNIP,2,0,0,0.939169630179254,NA,NA,NA,1
HARS2,2,0,0,0.939169630179254,NA,NA,NA,1
AGA,4,0,0,0.939174199343401,NA,NA,NA,1
IKZF2,4,0,0,0.939174199343401,NA,NA,NA,1
MAPK12,2,0,0,0.939174199343401,NA,NA,NA,1
MCM4,7,0,0,0.939174199343401,NA,NA,NA,1
NICN1,3,0,0,0.939174199343401,NA,NA,NA,1
RAB40B,9,0,0,0.939174199343401,NA,NA,NA,1
SAFB2,4,0,0,0.939174199343401,NA,NA,NA,1
SPACA6,5,0,0,0.939174199343401,NA,NA,NA,1
USP22,6,0,0,0.939174199343401,NA,NA,NA,1
YAF2,14,0,0,0.939174199343401,NA,NA,NA,1
C16orf46,3,0,0,0.939228985394545,NA,NA,NA,1
HECTD2,7,0,0,0.939228985394545,NA,NA,NA,1
KMT2D,5,0,0,0.939228985394545,NA,NA,NA,1
LYNX1,3,0,0,0.939228985394545,NA,NA,NA,1
MAP2K4,8,0,0,0.939228985394545,NA,NA,NA,1
MYBBP1A,4,0,0,0.939228985394545,NA,NA,NA,1
PJA2,12,0,0,0.939228985394545,NA,NA,NA,1
PNMA8A,4,0,0,0.939228985394545,NA,NA,NA,1
PTPRF,8,0,0,0.939228985394545,NA,NA,NA,1
RPGR,4,0,0,0.939228985394545,NA,NA,NA,1
TRIT1,3,0,0,0.939228985394545,NA,NA,NA,1
TTC3,8,0,0,0.939228985394545,NA,NA,NA,1
ZNF185,3,0,0,0.939228985394545,NA,NA,NA,1
ADAM12,5,0,0,0.939292525993561,NA,NA,NA,1
HOXA3,5,0,0,0.939292525993561,NA,NA,NA,1
BRCC3,12,0,0,0.939384106946714,NA,NA,NA,1
CDCA8,4,0,0,0.939384106946714,NA,NA,NA,1
PRIM1,11,0,0,0.939384106946714,NA,NA,NA,1
C8orf88,5,0,0,0.940055803715261,NA,NA,NA,1
KIAA1107,2,0,0,0.940264017136596,NA,NA,NA,1
RANGAP1,5,0,0,0.940476157554559,NA,NA,NA,1
CCDC43,7,0,0,0.940592125312779,NA,NA,NA,1
PRKRA,7,0,0,0.940592125312779,NA,NA,NA,1
RARS,4,0,0,0.940592125312779,NA,NA,NA,1
SIRT2,2,0,0,0.940592125312779,NA,NA,NA,1
SMCO4,3,0,0,0.940592125312779,NA,NA,NA,1
STPG1,4,0,0,0.940592125312779,NA,NA,NA,1
TRMT11,3,0,0,0.940592125312779,NA,NA,NA,1
ABHD15,4,0,0,0.940719373561963,NA,NA,NA,1
SLC4A2,2,0,0,0.940719373561963,NA,NA,NA,1
SLX4,5,0,0,0.940719373561963,NA,NA,NA,1
SFMBT2,2,0,0,0.940777028666099,NA,NA,NA,1
ST20,2,0,0,0.94094968415698,NA,NA,NA,1
H2AFY2,5,0,0,0.941020484081787,NA,NA,NA,1
TRMT5,5,0,0,0.941075349624363,NA,NA,NA,1
USO1,6,0,0,0.941355103633133,NA,NA,NA,1
CD2AP,15,0,0,0.941359231928828,NA,NA,NA,1
ITGAE,2,0,0,0.941359231928828,NA,NA,NA,1
LRRC73,2,0,0,0.941359231928828,NA,NA,NA,1
PRR16,4,0,0,0.941359231928828,NA,NA,NA,1
ROCK1,5,0,0,0.941359231928828,NA,NA,NA,1
SMARCA4,11,0,0,0.941359231928828,NA,NA,NA,1
C12orf75,5,0,0,0.941441014370556,NA,NA,NA,1
MAPKAPK3,10,0,0,0.941756231718039,NA,NA,NA,1
TLE3,13,0,0,0.941873709513772,NA,NA,NA,1
IRGQ,4,0,0,0.94216337928884,NA,NA,NA,1
TCF25,8,0,0,0.942202331378276,NA,NA,NA,1
ANKRD28,4,0,0,0.942255082147598,NA,NA,NA,1
ATF7IP,9,0,0,0.942255082147598,NA,NA,NA,1
COA4,12,0,0,0.942255082147598,NA,NA,NA,1
DCAF11,3,0,0,0.942255082147598,NA,NA,NA,1
DESI2,5,0,0,0.942255082147598,NA,NA,NA,1
ERCC2,5,0,0,0.942255082147598,NA,NA,NA,1
FTSJ3,5,0,0,0.942255082147598,NA,NA,NA,1
GET4,3,0,0,0.942255082147598,NA,NA,NA,1
GLB1,5,0,0,0.942255082147598,NA,NA,NA,1
NDUFC1,3,0,0,0.942255082147598,NA,NA,NA,1
NSG1,13,0,0,0.942255082147598,NA,NA,NA,1
PNPO,10,0,0,0.942255082147598,NA,NA,NA,1
TRMT112,9,0,0,0.942255082147598,NA,NA,NA,1
TRNP1,13,0,0,0.942255082147598,NA,NA,NA,1
XPA,15,0,0,0.942255082147598,NA,NA,NA,1
CEP192,2,0,0,0.94227902853786,NA,NA,NA,1
CMC2,6,0,0,0.94227902853786,NA,NA,NA,1
FAHD1,4,0,0,0.94227902853786,NA,NA,NA,1
FOXP4,5,0,0,0.94227902853786,NA,NA,NA,1
GALNT10,7,0,0,0.94227902853786,NA,NA,NA,1
MEIS2,6,0,0,0.94227902853786,NA,NA,NA,1
NEO1,5,0,0,0.94227902853786,NA,NA,NA,1
SELENON,4,0,0,0.94227902853786,NA,NA,NA,1
TBC1D1,6,0,0,0.94227902853786,NA,NA,NA,1
USP37,6,0,0,0.94227902853786,NA,NA,NA,1
ZNF226,5,0,0,0.94227902853786,NA,NA,NA,1
PITPNM3,3,0,0,0.942456013473478,NA,NA,NA,1
L3MBTL1,4,0,0,0.942673121618447,NA,NA,NA,1
SELENOF,10,0,0,0.942673121618447,NA,NA,NA,1
DOCK3,4,0,0,0.942801691300216,NA,NA,NA,1
ENY2,10,0,0,0.942801691300216,NA,NA,NA,1
SS18L2,5,0,0,0.942801691300216,NA,NA,NA,1
KDM4A,3,0,0,0.942824872360807,NA,NA,NA,1
LRRC41,4,0,0,0.942824872360807,NA,NA,NA,1
PRKAB1,3,0,0,0.942824872360807,NA,NA,NA,1
SNX30,7,0,0,0.942824872360807,NA,NA,NA,1
CDK5RAP3,3,0,0,0.942826667346922,NA,NA,NA,1
EPCAM,4,0,0,0.942826667346922,NA,NA,NA,1
HINFP,2,0,0,0.942826667346922,NA,NA,NA,1
ILKAP,2,0,0,0.942826667346922,NA,NA,NA,1
SLC6A14,3,0,0,0.942826667346922,NA,NA,NA,1
TMSB10,5,0,0,0.942826667346922,NA,NA,NA,1
MARVELD1,6,0,0,0.943098577893328,NA,NA,NA,1
AP1S2,5,0,0,0.943154192494748,NA,NA,NA,1
ATG2B,4,0,0,0.943154192494748,NA,NA,NA,1
BDH2,8,0,0,0.943154192494748,NA,NA,NA,1
C1RL,10,0,0,0.943154192494748,NA,NA,NA,1
C9orf78,5,0,0,0.943154192494748,NA,NA,NA,1
CETN3,4,0,0,0.943154192494748,NA,NA,NA,1
D2HGDH,3,0,0,0.943154192494748,NA,NA,NA,1
DOCK5,13,0,0,0.943154192494748,NA,NA,NA,1
DOT1L,6,0,0,0.943154192494748,NA,NA,NA,1
EDC4,2,0,0,0.943154192494748,NA,NA,NA,1
HIST1H2BF,2,0,0,0.943154192494748,NA,NA,NA,1
HIST1H2BK,8,0,0,0.943154192494748,NA,NA,NA,1
MAP2K2,7,0,0,0.943154192494748,NA,NA,NA,1
MAPK14,17,0,0,0.943154192494748,NA,NA,NA,1
MICU1,3,0,0,0.943154192494748,NA,NA,NA,1
MYDGF,8,0,0,0.943154192494748,NA,NA,NA,1
NRF1,6,0,0,0.943154192494748,NA,NA,NA,1
NUP85,3,0,0,0.943154192494748,NA,NA,NA,1
PARS2,3,0,0,0.943154192494748,NA,NA,NA,1
PCTP,2,0,0,0.943154192494748,NA,NA,NA,1
PHKB,14,0,0,0.943154192494748,NA,NA,NA,1
SLC6A6,4,0,0,0.943154192494748,NA,NA,NA,1
SLC6A9,4,0,0,0.943154192494748,NA,NA,NA,1
SPTY2D1,8,0,0,0.943154192494748,NA,NA,NA,1
SRSF5,9,0,0,0.943154192494748,NA,NA,NA,1
TBC1D10A,2,0,0,0.943154192494748,NA,NA,NA,1
WDR59,4,0,0,0.943154192494748,NA,NA,NA,1
YBEY,3,0,0,0.943154192494748,NA,NA,NA,1
ZMAT2,11,0,0,0.943154192494748,NA,NA,NA,1
ZNF160,5,0,0,0.943154192494748,NA,NA,NA,1
ARL1,14,0,0,0.943167234078914,NA,NA,NA,1
PKIB,3,0,0,0.943167234078914,NA,NA,NA,1
PRR14,2,0,0,0.943167234078914,NA,NA,NA,1
PSMA6,4,0,0,0.943167234078914,NA,NA,NA,1
TCEAL4,11,0,0,0.943167234078914,NA,NA,NA,1
DUT,10,0,0,0.943214271356388,NA,NA,NA,1
DCTD,14,0,0,0.943326097157722,NA,NA,NA,1
GADD45B,3,0,0,0.943327944971366,NA,NA,NA,1
KLHL35,2,0,0,0.943368699729825,NA,NA,NA,1
FBLN1,8,0,0,0.943375500430265,NA,NA,NA,1
PEA15,9,0,0,0.943375500430265,NA,NA,NA,1
AATK,3,0,0,0.943795754044044,NA,NA,NA,1
EIF4E3,16,0,0,0.943795754044044,NA,NA,NA,1
FASTKD3,2,0,0,0.943795754044044,NA,NA,NA,1
GPR63,5,0,0,0.943795754044044,NA,NA,NA,1
AK3,9,0,0,0.943926359149062,NA,NA,NA,1
PPP3CA,10,0,0,0.943926359149062,NA,NA,NA,1
SOX18,3,0,0,0.943926359149062,NA,NA,NA,1
CASZ1,2,0,0,0.94393683884741,NA,NA,NA,1
CSGALNACT2,4,0,0,0.94393683884741,NA,NA,NA,1
DHRS2,2,0,0,0.94393683884741,NA,NA,NA,1
IFFO1,4,0,0,0.94393683884741,NA,NA,NA,1
RAD51D,6,0,0,0.94393683884741,NA,NA,NA,1
TWISTNB,12,0,0,0.94393683884741,NA,NA,NA,1
RAB40C,2,0,0,0.943987817208985,NA,NA,NA,1
ARL4C,7,0,0,0.944250081903494,NA,NA,NA,1
G6PC3,4,0,0,0.94429089356642,NA,NA,NA,1
TIMM10,6,0,0,0.94429089356642,NA,NA,NA,1
ZNF417,10,0,0,0.944598433771287,NA,NA,NA,1
ZNF708,16,0,0,0.944598433771287,NA,NA,NA,1
ZRSR2,2,0,0,0.944627077944264,NA,NA,NA,1
ARHGAP8,5,0,0,0.944993022177751,NA,NA,NA,1
ATG3,4,0,0,0.944993022177751,NA,NA,NA,1
C20orf194,4,0,0,0.944993022177751,NA,NA,NA,1
G6PD,3,0,0,0.944993022177751,NA,NA,NA,1
IDH3B,3,0,0,0.944993022177751,NA,NA,NA,1
MTURN,16,0,0,0.944993022177751,NA,NA,NA,1
MYC,4,0,0,0.944993022177751,NA,NA,NA,1
RBMS1,5,0,0,0.944993022177751,NA,NA,NA,1
RHOT1,5,0,0,0.944993022177751,NA,NA,NA,1
SEC24C,2,0,0,0.944993022177751,NA,NA,NA,1
SLC39A11,4,0,0,0.944993022177751,NA,NA,NA,1
SLK,15,0,0,0.944993022177751,NA,NA,NA,1
TSHZ2,5,0,0,0.944993022177751,NA,NA,NA,1
ZNF546,8,0,0,0.944993022177751,NA,NA,NA,1
GTF3C4,6,0,0,0.945159033709501,NA,NA,NA,1
ESD,3,0,0,0.945275707724948,NA,NA,NA,1
HMGN1,5,0,0,0.945275707724948,NA,NA,NA,1
IFIT1,2,0,0,0.945275707724948,NA,NA,NA,1
RICTOR,7,0,0,0.945275707724948,NA,NA,NA,1
SOCS5,17,0,0,0.945275707724948,NA,NA,NA,1
PRKACA,2,0,0,0.945375819899404,NA,NA,NA,1
ZNF555,8,0,0,0.945589903682663,NA,NA,NA,1
AIFM2,6,0,0,0.946390944558306,NA,NA,NA,1
ALMS1,5,0,0,0.946390944558306,NA,NA,NA,1
BICDL1,2,0,0,0.946390944558306,NA,NA,NA,1
BRPF3,4,0,0,0.946390944558306,NA,NA,NA,1
C5orf42,7,0,0,0.946390944558306,NA,NA,NA,1
DCAF17,3,0,0,0.946390944558306,NA,NA,NA,1
MMGT1,8,0,0,0.946390944558306,NA,NA,NA,1
MYPN,3,0,0,0.946390944558306,NA,NA,NA,1
PPP1R15A,2,0,0,0.946390944558306,NA,NA,NA,1
RBBP5,9,0,0,0.946390944558306,NA,NA,NA,1
TMCC3,10,0,0,0.946390944558306,NA,NA,NA,1
UBE3B,2,0,0,0.946390944558306,NA,NA,NA,1
ZFP62,9,0,0,0.946390944558306,NA,NA,NA,1
ELAC1,8,0,0,0.946523826289532,NA,NA,NA,1
WDR45,3,0,0,0.946523826289532,NA,NA,NA,1
FAM229B,6,0,0,0.946542526140368,NA,NA,NA,1
MED26,2,0,0,0.946542526140368,NA,NA,NA,1
RNF215,2,0,0,0.946542526140368,NA,NA,NA,1
USP31,9,0,0,0.946542526140368,NA,NA,NA,1
GSTCD,8,0,0,0.946557643551436,NA,NA,NA,1
PKP4,10,0,0,0.946557643551436,NA,NA,NA,1
ACAD8,7,0,0,0.946686769817975,NA,NA,NA,1
C8orf82,2,0,0,0.946686769817975,NA,NA,NA,1
CCDC112,2,0,0,0.946686769817975,NA,NA,NA,1
CEP83,7,0,0,0.946686769817975,NA,NA,NA,1
CHMP4C,4,0,0,0.946686769817975,NA,NA,NA,1
DAB2IP,2,0,0,0.946686769817975,NA,NA,NA,1
DNAJC19,10,0,0,0.946686769817975,NA,NA,NA,1
DVL2,2,0,0,0.946686769817975,NA,NA,NA,1
EID2B,5,0,0,0.946686769817975,NA,NA,NA,1
ELK1,3,0,0,0.946686769817975,NA,NA,NA,1
ELOC,14,0,0,0.946686769817975,NA,NA,NA,1
EXO5,5,0,0,0.946686769817975,NA,NA,NA,1
FER,6,0,0,0.946686769817975,NA,NA,NA,1
FJX1,3,0,0,0.946686769817975,NA,NA,NA,1
GLRX2,9,0,0,0.946686769817975,NA,NA,NA,1
GSTK1,5,0,0,0.946686769817975,NA,NA,NA,1
HECTD4,3,0,0,0.946686769817975,NA,NA,NA,1
INVS,14,0,0,0.946686769817975,NA,NA,NA,1
OPA3,2,0,0,0.946686769817975,NA,NA,NA,1
RFX3,8,0,0,0.946686769817975,NA,NA,NA,1
RRP15,9,0,0,0.946686769817975,NA,NA,NA,1
SAP30L,5,0,0,0.946686769817975,NA,NA,NA,1
SETX,13,0,0,0.946686769817975,NA,NA,NA,1
SFR1,4,0,0,0.946686769817975,NA,NA,NA,1
SRPRA,9,0,0,0.946686769817975,NA,NA,NA,1
TMED5,13,0,0,0.946686769817975,NA,NA,NA,1
TRAF1,4,0,0,0.946686769817975,NA,NA,NA,1
TRAK1,8,0,0,0.946686769817975,NA,NA,NA,1
TSTD3,15,0,0,0.946686769817975,NA,NA,NA,1
ZNF581,5,0,0,0.946686769817975,NA,NA,NA,1
ZZZ3,10,0,0,0.946686769817975,NA,NA,NA,1
SDHD,2,0,0,0.946862948860275,NA,NA,NA,1
SOX12,4,0,0,0.946862948860275,NA,NA,NA,1
TMEM63A,14,0,0,0.946862948860275,NA,NA,NA,1
IDS,15,0,0,0.947242119716846,NA,NA,NA,1
SYT14,12,0,0,0.947291195167973,NA,NA,NA,1
MTIF3,3,0,0,0.94729445626372,NA,NA,NA,1
MFSD10,2,0,0,0.947340800509807,NA,NA,NA,1
NFRKB,4,0,0,0.947340800509807,NA,NA,NA,1
DTWD1,11,0,0,0.94805945638241,NA,NA,NA,1
PCDHAC2,5,0,0,0.94805945638241,NA,NA,NA,1
PLAA,7,0,0,0.94805945638241,NA,NA,NA,1
GTF3C1,2,0,0,0.948257378282038,NA,NA,NA,1
MORF4L2,9,0,0,0.948257378282038,NA,NA,NA,1
PRPS1,6,0,0,0.948257378282038,NA,NA,NA,1
UNC50,4,0,0,0.948257378282038,NA,NA,NA,1
USF3,2,0,0,0.948257378282038,NA,NA,NA,1
ATP6V0E1,7,0,0,0.948257425342633,NA,NA,NA,1
CPEB2,3,0,0,0.948257425342633,NA,NA,NA,1
DGKE,13,0,0,0.948257425342633,NA,NA,NA,1
FAR2,3,0,0,0.948257425342633,NA,NA,NA,1
FBXL16,2,0,0,0.948257425342633,NA,NA,NA,1
GNAS,7,0,0,0.948257425342633,NA,NA,NA,1
HOXA10,3,0,0,0.948257425342633,NA,NA,NA,1
KIAA0895L,5,0,0,0.948257425342633,NA,NA,NA,1
KNL1,4,0,0,0.948257425342633,NA,NA,NA,1
LSM11,8,0,0,0.948257425342633,NA,NA,NA,1
PARP1,11,0,0,0.948257425342633,NA,NA,NA,1
RPL36,7,0,0,0.948257425342633,NA,NA,NA,1
TIGAR,9,0,0,0.948257425342633,NA,NA,NA,1
TMEM179B,9,0,0,0.948257425342633,NA,NA,NA,1
TRIM41,2,0,0,0.948257425342633,NA,NA,NA,1
VTI1A,9,0,0,0.948257425342633,NA,NA,NA,1
WDR83OS,2,0,0,0.948257425342633,NA,NA,NA,1
ZNF57,2,0,0,0.948257425342633,NA,NA,NA,1
FIGNL1,10,0,0,0.948453768403739,NA,NA,NA,1
TBC1D12,6,0,0,0.948522536032489,NA,NA,NA,1
GSTZ1,6,0,0,0.94852448768331,NA,NA,NA,1
CSTB,4,0,0,0.948772409124547,NA,NA,NA,1
SPOPL,16,0,0,0.948772409124547,NA,NA,NA,1
TNS3,5,0,0,0.94898479735042,NA,NA,NA,1
ADD3,3,0,0,0.94909668213669,NA,NA,NA,1
ACOT13,14,0,0,0.949296762629011,NA,NA,NA,1
ARL6,7,0,0,0.949296762629011,NA,NA,NA,1
ATF2,7,0,0,0.949296762629011,NA,NA,NA,1
C21orf2,3,0,0,0.949296762629011,NA,NA,NA,1
DSG3,3,0,0,0.949296762629011,NA,NA,NA,1
GOLIM4,4,0,0,0.949296762629011,NA,NA,NA,1
HEBP1,3,0,0,0.949296762629011,NA,NA,NA,1
LIMCH1,9,0,0,0.949296762629011,NA,NA,NA,1
MED1,9,0,0,0.949296762629011,NA,NA,NA,1
MTOR,2,0,0,0.949296762629011,NA,NA,NA,1
NLRP1,2,0,0,0.949296762629011,NA,NA,NA,1
OSTF1,7,0,0,0.949296762629011,NA,NA,NA,1
PHACTR4,7,0,0,0.949296762629011,NA,NA,NA,1
RAD23A,5,0,0,0.949296762629011,NA,NA,NA,1
RPLP0,2,0,0,0.949296762629011,NA,NA,NA,1
SDC3,7,0,0,0.949296762629011,NA,NA,NA,1
SEPT8,5,0,0,0.949296762629011,NA,NA,NA,1
SNRPC,5,0,0,0.949296762629011,NA,NA,NA,1
SUN2,6,0,0,0.949296762629011,NA,NA,NA,1
TNFAIP3,5,0,0,0.949296762629011,NA,NA,NA,1
TRPS1,12,0,0,0.949296762629011,NA,NA,NA,1
UBE2Q1,5,0,0,0.949296762629011,NA,NA,NA,1
USP40,5,0,0,0.949296762629011,NA,NA,NA,1
ZFP64,9,0,0,0.949296762629011,NA,NA,NA,1
SLC16A5,5,0,0,0.94936975130702,NA,NA,NA,1
ABCB7,10,0,0,0.949430533796016,NA,NA,NA,1
NRBP2,10,0,0,0.949432338387818,NA,NA,NA,1
TTI1,2,0,0,0.94957614744699,NA,NA,NA,1
KLHDC4,9,0,0,0.9495823421329,NA,NA,NA,1
RPLP2,2,0,0,0.9495823421329,NA,NA,NA,1
ZNF559,2,0,0,0.9495823421329,NA,NA,NA,1
PCNX2,3,0,0,0.94972881883185,NA,NA,NA,1
CWC15,4,0,0,0.949799405220986,NA,NA,NA,1
ZDHHC18,3,0,0,0.949981872399483,NA,NA,NA,1
KLRG2,4,0,0,0.950061640324495,NA,NA,NA,1
ZDHHC4,6,0,0,0.950167904839412,NA,NA,NA,1
TCOF1,5,0,0,0.950243966952006,NA,NA,NA,1
CHCHD5,6,0,0,0.950321658530883,NA,NA,NA,1
NSMAF,9,0,0,0.950321658530883,NA,NA,NA,1
PER2,6,0,0,0.950321658530883,NA,NA,NA,1
SF3B5,4,0,0,0.950321658530883,NA,NA,NA,1
SNU13,7,0,0,0.950321658530883,NA,NA,NA,1
CABIN1,2,0,0,0.950347453445447,NA,NA,NA,1
GEMIN8,5,0,0,0.950347453445447,NA,NA,NA,1
NARFL,2,0,0,0.950347453445447,NA,NA,NA,1
TMEM99,2,0,0,0.950347453445447,NA,NA,NA,1
TSPAN5,4,0,0,0.950347453445447,NA,NA,NA,1
ZNF174,4,0,0,0.950347453445447,NA,NA,NA,1
CAMK2N1,5,0,0,0.950497913742186,NA,NA,NA,1
ABCC4,3,0,0,0.950781451631649,NA,NA,NA,1
BSG,7,0,0,0.95084525545282,NA,NA,NA,1
CBY1,3,0,0,0.95084525545282,NA,NA,NA,1
GTSE1,5,0,0,0.95084525545282,NA,NA,NA,1
MAT2A,6,0,0,0.95084525545282,NA,NA,NA,1
TM4SF1,7,0,0,0.95084525545282,NA,NA,NA,1
ZDHHC3,5,0,0,0.95084525545282,NA,NA,NA,1
ACTN4,9,0,0,0.951556788892111,NA,NA,NA,1
ADIPOR2,8,0,0,0.951556788892111,NA,NA,NA,1
ARHGAP19,5,0,0,0.951556788892111,NA,NA,NA,1
ARL4D,5,0,0,0.951556788892111,NA,NA,NA,1
BUB1B-PAK6,2,0,0,0.951556788892111,NA,NA,NA,1
CLEC2B,3,0,0,0.951556788892111,NA,NA,NA,1
CSNK1G3,13,0,0,0.951556788892111,NA,NA,NA,1
CTSV,9,0,0,0.951556788892111,NA,NA,NA,1
DHCR7,4,0,0,0.951556788892111,NA,NA,NA,1
EFR3A,8,0,0,0.951556788892111,NA,NA,NA,1
EIF4A2,8,0,0,0.951556788892111,NA,NA,NA,1
GNB2,2,0,0,0.951556788892111,NA,NA,NA,1
HIST1H2BN,6,0,0,0.951556788892111,NA,NA,NA,1
HTATIP2,9,0,0,0.951556788892111,NA,NA,NA,1
IKBKE,6,0,0,0.951556788892111,NA,NA,NA,1
ITGA2,5,0,0,0.951556788892111,NA,NA,NA,1
LDLRAP1,5,0,0,0.951556788892111,NA,NA,NA,1
LRP3,2,0,0,0.951556788892111,NA,NA,NA,1
MAP2K5,3,0,0,0.951556788892111,NA,NA,NA,1
MVB12A,4,0,0,0.951556788892111,NA,NA,NA,1
NDUFB10,2,0,0,0.951556788892111,NA,NA,NA,1
NIT2,18,0,0,0.951556788892111,NA,NA,NA,1
OXR1,8,0,0,0.951556788892111,NA,NA,NA,1
PECR,6,0,0,0.951556788892111,NA,NA,NA,1
PRRG2,3,0,0,0.951556788892111,NA,NA,NA,1
PTAR1,16,0,0,0.951556788892111,NA,NA,NA,1
RAE1,3,0,0,0.951556788892111,NA,NA,NA,1
RPTOR,11,0,0,0.951556788892111,NA,NA,NA,1
RTFDC1,9,0,0,0.951556788892111,NA,NA,NA,1
SAMD4B,6,0,0,0.951556788892111,NA,NA,NA,1
SHISA4,4,0,0,0.951556788892111,NA,NA,NA,1
TFE3,2,0,0,0.951556788892111,NA,NA,NA,1
TMEM138,9,0,0,0.951556788892111,NA,NA,NA,1
TMEM268,13,0,0,0.951556788892111,NA,NA,NA,1
TRNAU1AP,8,0,0,0.951556788892111,NA,NA,NA,1
YWHAH,4,0,0,0.951556788892111,NA,NA,NA,1
ZBTB3,3,0,0,0.951556788892111,NA,NA,NA,1
ZNF10,6,0,0,0.951556788892111,NA,NA,NA,1
ZNF696,5,0,0,0.951556788892111,NA,NA,NA,1
ZNF74,6,0,0,0.951556788892111,NA,NA,NA,1
PPP6R2,3,0,0,0.9517490382093,NA,NA,NA,1
MAP3K7CL,3,0,0,0.951897274737278,NA,NA,NA,1
LARP4B,21,0,0,0.952123834387052,NA,NA,NA,1
COL8A1,7,0,0,0.952135188158836,NA,NA,NA,1
GAN,6,0,0,0.952135188158836,NA,NA,NA,1
TGIF2,7,0,0,0.952135188158836,NA,NA,NA,1
CCDC167,2,0,0,0.952202689762714,NA,NA,NA,1
ELOVL6,16,0,0,0.952207911776037,NA,NA,NA,1
PLRG1,6,0,0,0.952207911776037,NA,NA,NA,1
RAB11FIP5,2,0,0,0.952207911776037,NA,NA,NA,1
CNPY2,6,0,0,0.952311841497783,NA,NA,NA,1
FAM32A,6,0,0,0.952311841497783,NA,NA,NA,1
SETDB1,6,0,0,0.952311841497783,NA,NA,NA,1
PCDHB7,3,0,0,0.952434242222089,NA,NA,NA,1
SMURF1,5,0,0,0.952434242222089,NA,NA,NA,1
ZFAND3,5,0,0,0.952434242222089,NA,NA,NA,1
ZFP30,6,0,0,0.952434242222089,NA,NA,NA,1
IK,2,0,0,0.95246924783608,NA,NA,NA,1
EXOC7,8,0,0,0.952647104202676,NA,NA,NA,1
FBXO31,6,0,0,0.952647104202676,NA,NA,NA,1
NECAB3,6,0,0,0.952647104202676,NA,NA,NA,1
KHK,5,0,0,0.952836701166572,NA,NA,NA,1
RNF207,6,0,0,0.952836701166572,NA,NA,NA,1
SLC25A46,12,0,0,0.952836701166572,NA,NA,NA,1
ESRRA,3,0,0,0.953102609419099,NA,NA,NA,1
HOXB4,2,0,0,0.953102609419099,NA,NA,NA,1
MED6,9,0,0,0.953102609419099,NA,NA,NA,1
PAPSS2,5,0,0,0.953102609419099,NA,NA,NA,1
TRMT2A,4,0,0,0.953102609419099,NA,NA,NA,1
UBC,3,0,0,0.953102609419099,NA,NA,NA,1
DNAJB14,8,0,0,0.953295600217458,NA,NA,NA,1
RPUSD3,7,0,0,0.953295600217458,NA,NA,NA,1
TGM2,4,0,0,0.953295600217458,NA,NA,NA,1
AKAP12,4,0,0,0.953317433162997,NA,NA,NA,1
ARIH2,4,0,0,0.953317433162997,NA,NA,NA,1
C18orf21,10,0,0,0.953317433162997,NA,NA,NA,1
CCDC57,2,0,0,0.953317433162997,NA,NA,NA,1
CHMP5,12,0,0,0.953317433162997,NA,NA,NA,1
E2F4,2,0,0,0.953317433162997,NA,NA,NA,1
GPS1,3,0,0,0.953317433162997,NA,NA,NA,1
HSF2,7,0,0,0.953317433162997,NA,NA,NA,1
MBNL2,9,0,0,0.953317433162997,NA,NA,NA,1
PPP1CC,7,0,0,0.953317433162997,NA,NA,NA,1
PRICKLE3,8,0,0,0.953317433162997,NA,NA,NA,1
RBM4B,3,0,0,0.953317433162997,NA,NA,NA,1
SRSF3,14,0,0,0.953317433162997,NA,NA,NA,1
ST6GAL1,5,0,0,0.953317433162997,NA,NA,NA,1
TIRAP,9,0,0,0.953317433162997,NA,NA,NA,1
UBE2T,4,0,0,0.953317433162997,NA,NA,NA,1
ZNF468,3,0,0,0.953317433162997,NA,NA,NA,1
ZNF783,2,0,0,0.953317433162997,NA,NA,NA,1
PELI1,3,0,0,0.953454649883163,NA,NA,NA,1
C11orf24,4,0,0,0.953590870536508,NA,NA,NA,1
DDX19B,8,0,0,0.953590870536508,NA,NA,NA,1
DDX1,4,0,0,0.953737652697473,NA,NA,NA,1
SLC38A10,3,0,0,0.953737652697473,NA,NA,NA,1
YARS,7,0,0,0.953737652697473,NA,NA,NA,1
CPVL,3,0,0,0.953876368614093,NA,NA,NA,1
SAMD5,2,0,0,0.953876368614093,NA,NA,NA,1
ATM,5,0,0,0.954054800286769,NA,NA,NA,1
CKAP5,9,0,0,0.954054800286769,NA,NA,NA,1
FAM47E-STBD1,5,0,0,0.954054800286769,NA,NA,NA,1
HPDL,5,0,0,0.954054800286769,NA,NA,NA,1
INTS6L,3,0,0,0.954054800286769,NA,NA,NA,1
KDM1A,2,0,0,0.954054800286769,NA,NA,NA,1
METTL3,2,0,0,0.954054800286769,NA,NA,NA,1
RAD51,10,0,0,0.954054800286769,NA,NA,NA,1
SNRNP200,6,0,0,0.954054800286769,NA,NA,NA,1
TDRD9,2,0,0,0.954054800286769,NA,NA,NA,1
TTC9C,6,0,0,0.954054800286769,NA,NA,NA,1
ZBTB6,3,0,0,0.954054800286769,NA,NA,NA,1
HSD17B1,2,0,0,0.954259078853768,NA,NA,NA,1
RAB24,6,0,0,0.954418188316223,NA,NA,NA,1
C1orf109,3,0,0,0.954945630706403,NA,NA,NA,1
SLC25A30,4,0,0,0.954945630706403,NA,NA,NA,1
CCDC82,5,0,0,0.95522397609696,NA,NA,NA,1
MSRB2,6,0,0,0.955224046233683,NA,NA,NA,1
CCDC90B,23,0,0,0.955337099928539,NA,NA,NA,1
CEP128,10,0,0,0.955337099928539,NA,NA,NA,1
GOLGB1,3,0,0,0.955337099928539,NA,NA,NA,1
MRPL16,2,0,0,0.955337099928539,NA,NA,NA,1
MRPL49,4,0,0,0.955337099928539,NA,NA,NA,1
SLC26A11,2,0,0,0.955337099928539,NA,NA,NA,1
AES,5,0,0,0.955480664439265,NA,NA,NA,1
ARHGDIA,7,0,0,0.955480664439265,NA,NA,NA,1
CDH1,7,0,0,0.955480664439265,NA,NA,NA,1
CHMP1A,4,0,0,0.955480664439265,NA,NA,NA,1
NME5,4,0,0,0.955480664439265,NA,NA,NA,1
PCMT1,6,0,0,0.955480664439265,NA,NA,NA,1
PNP,4,0,0,0.955480664439265,NA,NA,NA,1
RTRAF,12,0,0,0.955480664439265,NA,NA,NA,1
SLC25A40,8,0,0,0.955480664439265,NA,NA,NA,1
TAF10,15,0,0,0.955480664439265,NA,NA,NA,1
ABCA1,4,0,0,0.955506705840929,NA,NA,NA,1
B3GNT3,7,0,0,0.955506705840929,NA,NA,NA,1
C9orf72,8,0,0,0.955506705840929,NA,NA,NA,1
CERS4,4,0,0,0.955506705840929,NA,NA,NA,1
FDX1,14,0,0,0.955506705840929,NA,NA,NA,1
FMO4,3,0,0,0.955506705840929,NA,NA,NA,1
FNBP1L,9,0,0,0.955506705840929,NA,NA,NA,1
IL15RA,2,0,0,0.955506705840929,NA,NA,NA,1
IQSEC1,3,0,0,0.955506705840929,NA,NA,NA,1
MTPN,9,0,0,0.955506705840929,NA,NA,NA,1
NR2F6,3,0,0,0.955506705840929,NA,NA,NA,1
RBFOX2,3,0,0,0.955506705840929,NA,NA,NA,1
SLC52A2,3,0,0,0.955506705840929,NA,NA,NA,1
WDR92,7,0,0,0.955506705840929,NA,NA,NA,1
KBTBD6,2,0,0,0.955512890814659,NA,NA,NA,1
PPA2,3,0,0,0.955660297937671,NA,NA,NA,1
IFT74,4,0,0,0.955851363986588,NA,NA,NA,1
SPATA33,7,0,0,0.955851363986588,NA,NA,NA,1
ARHGEF28,8,0,0,0.956066256882986,NA,NA,NA,1
HCFC1,3,0,0,0.956066256882986,NA,NA,NA,1
POPDC3,4,0,0,0.956066256882986,NA,NA,NA,1
TMED1,3,0,0,0.956066256882986,NA,NA,NA,1
C8orf58,4,0,0,0.956110109009254,NA,NA,NA,1
GNPDA1,7,0,0,0.956110109009254,NA,NA,NA,1
LAMA5,3,0,0,0.956110109009254,NA,NA,NA,1
PQLC1,9,0,0,0.956110109009254,NA,NA,NA,1
ALDH1B1,6,0,0,0.956169564427362,NA,NA,NA,1
SLC1A3,4,0,0,0.956169564427362,NA,NA,NA,1
TRPM2,3,0,0,0.956169564427362,NA,NA,NA,1
TP73,2,0,0,0.956953326513042,NA,NA,NA,1
ATAD2,11,0,0,0.957086534819909,NA,NA,NA,1
EIF1B,8,0,0,0.957086534819909,NA,NA,NA,1
EPHX2,2,0,0,0.957086534819909,NA,NA,NA,1
KLHL2,4,0,0,0.957086534819909,NA,NA,NA,1
PID1,2,0,0,0.957086534819909,NA,NA,NA,1
PLEKHH3,2,0,0,0.957086534819909,NA,NA,NA,1
PSD3,7,0,0,0.957086534819909,NA,NA,NA,1
RIOK1,4,0,0,0.957086534819909,NA,NA,NA,1
STK17B,11,0,0,0.957086534819909,NA,NA,NA,1
TMEM70,4,0,0,0.957086534819909,NA,NA,NA,1
TNS2,2,0,0,0.957086534819909,NA,NA,NA,1
TRMT2B,9,0,0,0.957086534819909,NA,NA,NA,1
TSC1,7,0,0,0.957086534819909,NA,NA,NA,1
ACTB,11,0,0,0.957090252712581,NA,NA,NA,1
C5orf24,3,0,0,0.957090252712581,NA,NA,NA,1
HKR1,2,0,0,0.957090252712581,NA,NA,NA,1
MED17,7,0,0,0.957090252712581,NA,NA,NA,1
NCSTN,4,0,0,0.957090252712581,NA,NA,NA,1
NDST2,2,0,0,0.957090252712581,NA,NA,NA,1
NFATC3,7,0,0,0.957090252712581,NA,NA,NA,1
PIAS4,2,0,0,0.957090252712581,NA,NA,NA,1
PLXNB1,6,0,0,0.957090252712581,NA,NA,NA,1
RREB1,7,0,0,0.957090252712581,NA,NA,NA,1
SPTLC1,12,0,0,0.957090252712581,NA,NA,NA,1
YY1,15,0,0,0.957090252712581,NA,NA,NA,1
ZC3H10,6,0,0,0.957090252712581,NA,NA,NA,1
ZNF711,6,0,0,0.957090252712581,NA,NA,NA,1
IFT122,2,0,0,0.9571280386041,NA,NA,NA,1
HERC2,4,0,0,0.957202943507787,NA,NA,NA,1
TTLL11,4,0,0,0.957219725694417,NA,NA,NA,1
AASDH,5,0,0,0.957425453391528,NA,NA,NA,1
COL18A1,4,0,0,0.957425453391528,NA,NA,NA,1
EDA,2,0,0,0.957425453391528,NA,NA,NA,1
EIF2AK3,2,0,0,0.957425453391528,NA,NA,NA,1
EXOC8,12,0,0,0.957425453391528,NA,NA,NA,1
HEATR5B,4,0,0,0.957425453391528,NA,NA,NA,1
HSPA12A,10,0,0,0.957425453391528,NA,NA,NA,1
MAP2K3,2,0,0,0.957425453391528,NA,NA,NA,1
MTERF3,2,0,0,0.957425453391528,NA,NA,NA,1
OCRL,8,0,0,0.957425453391528,NA,NA,NA,1
PIP4P1,3,0,0,0.957425453391528,NA,NA,NA,1
SPAG1,7,0,0,0.957425453391528,NA,NA,NA,1
ZBTB8OS,9,0,0,0.957425453391528,NA,NA,NA,1
ZNF830,11,0,0,0.957425453391528,NA,NA,NA,1
GRB10,5,0,0,0.957783867310907,NA,NA,NA,1
NPEPL1,5,0,0,0.957783867310907,NA,NA,NA,1
PLS3,9,0,0,0.957783867310907,NA,NA,NA,1
TXNRD3,5,0,0,0.957783867310907,NA,NA,NA,1
LRRC8C,5,0,0,0.957891178432273,NA,NA,NA,1
SLC9A3,6,0,0,0.957891178432273,NA,NA,NA,1
TONSL,2,0,0,0.957891178432273,NA,NA,NA,1
PITHD1,4,0,0,0.958088291379628,NA,NA,NA,1
RALA,8,0,0,0.958088291379628,NA,NA,NA,1
ADGRF1,5,0,0,0.9583473582449,NA,NA,NA,1
ICMT,12,0,0,0.9583473582449,NA,NA,NA,1
PRMT5,2,0,0,0.9583473582449,NA,NA,NA,1
TTF1,4,0,0,0.9583473582449,NA,NA,NA,1
RNF157,2,0,0,0.95850546811653,NA,NA,NA,1
LRP10,5,0,0,0.958611293360033,NA,NA,NA,1
CAPG,7,0,0,0.958878370070468,NA,NA,NA,1
FANCD2,2,0,0,0.959067103177491,NA,NA,NA,1
LACTB2,6,0,0,0.959067103177491,NA,NA,NA,1
SLC29A1,10,0,0,0.959067103177491,NA,NA,NA,1
NAGPA,2,0,0,0.959111769547178,NA,NA,NA,1
CEP126,3,0,0,0.95945061839023,NA,NA,NA,1
IL17RA,13,0,0,0.95945061839023,NA,NA,NA,1
PXMP2,3,0,0,0.95945061839023,NA,NA,NA,1
C8orf44,2,0,0,0.959514966599878,NA,NA,NA,1
KRI1,5,0,0,0.959571110462947,NA,NA,NA,1
PPTC7,7,0,0,0.959571110462947,NA,NA,NA,1
RAB5A,9,0,0,0.959571110462947,NA,NA,NA,1
EFCAB2,4,0,0,0.959645007801235,NA,NA,NA,1
GREB1,4,0,0,0.959841777902344,NA,NA,NA,1
PTS,7,0,0,0.959846958206088,NA,NA,NA,1
TMEM218,9,0,0,0.959846958206088,NA,NA,NA,1
B2M,4,0,0,0.960065913747674,NA,NA,NA,1
BCDIN3D,4,0,0,0.960065913747674,NA,NA,NA,1
GPX8,11,0,0,0.960065913747674,NA,NA,NA,1
MTMR12,5,0,0,0.960065913747674,NA,NA,NA,1
RBL1,17,0,0,0.960065913747674,NA,NA,NA,1
RTL8C,7,0,0,0.960065913747674,NA,NA,NA,1
YOD1,8,0,0,0.960065913747674,NA,NA,NA,1
ADAP1,3,0,0,0.960102614467479,NA,NA,NA,1
ATG4D,3,0,0,0.960102614467479,NA,NA,NA,1
BBC3,2,0,0,0.960102614467479,NA,NA,NA,1
CAMK4,15,0,0,0.960102614467479,NA,NA,NA,1
CENPH,8,0,0,0.960102614467479,NA,NA,NA,1
CLK1,4,0,0,0.960102614467479,NA,NA,NA,1
CTU1,5,0,0,0.960102614467479,NA,NA,NA,1
CXorf56,4,0,0,0.960102614467479,NA,NA,NA,1
DDRGK1,7,0,0,0.960102614467479,NA,NA,NA,1
EAF1,5,0,0,0.960102614467479,NA,NA,NA,1
EHBP1,4,0,0,0.960102614467479,NA,NA,NA,1
GGACT,5,0,0,0.960102614467479,NA,NA,NA,1
GLA,7,0,0,0.960102614467479,NA,NA,NA,1
GPAM,3,0,0,0.960102614467479,NA,NA,NA,1
HAUS3,2,0,0,0.960102614467479,NA,NA,NA,1
IQGAP1,9,0,0,0.960102614467479,NA,NA,NA,1
IRF5,2,0,0,0.960102614467479,NA,NA,NA,1
ISCU,5,0,0,0.960102614467479,NA,NA,NA,1
MAGEF1,11,0,0,0.960102614467479,NA,NA,NA,1
METTL15,5,0,0,0.960102614467479,NA,NA,NA,1
NAXD,7,0,0,0.960102614467479,NA,NA,NA,1
NDUFC2-KCTD14,2,0,0,0.960102614467479,NA,NA,NA,1
NUP160,7,0,0,0.960102614467479,NA,NA,NA,1
PHACTR3,2,0,0,0.960102614467479,NA,NA,NA,1
POLR2B,4,0,0,0.960102614467479,NA,NA,NA,1
POLR2E,13,0,0,0.960102614467479,NA,NA,NA,1
RHOC,4,0,0,0.960102614467479,NA,NA,NA,1
RIPK2,11,0,0,0.960102614467479,NA,NA,NA,1
RNF114,9,0,0,0.960102614467479,NA,NA,NA,1
SETD5,8,0,0,0.960102614467479,NA,NA,NA,1
SGCB,14,0,0,0.960102614467479,NA,NA,NA,1
SHC1,12,0,0,0.960102614467479,NA,NA,NA,1
SLBP,7,0,0,0.960102614467479,NA,NA,NA,1
SLC43A3,5,0,0,0.960102614467479,NA,NA,NA,1
SYT11,4,0,0,0.960102614467479,NA,NA,NA,1
TMEM139,3,0,0,0.960102614467479,NA,NA,NA,1
UBL7,2,0,0,0.960102614467479,NA,NA,NA,1
VPS37C,3,0,0,0.960102614467479,NA,NA,NA,1
XIAP,11,0,0,0.960102614467479,NA,NA,NA,1
ZFP36L1,10,0,0,0.960102614467479,NA,NA,NA,1
ZNF607,3,0,0,0.960102614467479,NA,NA,NA,1
ZNF646,2,0,0,0.960102614467479,NA,NA,NA,1
ABCF3,5,0,0,0.960681176262784,NA,NA,NA,1
NMD3,7,0,0,0.960681176262784,NA,NA,NA,1
MID1IP1,3,0,0,0.960695453442872,NA,NA,NA,1
C2orf76,2,0,0,0.960968952632197,NA,NA,NA,1
E2F7,3,0,0,0.96101811891009,NA,NA,NA,1
SNX19,15,0,0,0.96101811891009,NA,NA,NA,1
ONECUT2,7,0,0,0.961236752632707,NA,NA,NA,1
APRT,3,0,0,0.961349512530552,NA,NA,NA,1
CERK,7,0,0,0.961349512530552,NA,NA,NA,1
CMIP,6,0,0,0.961349512530552,NA,NA,NA,1
E2F1,4,0,0,0.961349512530552,NA,NA,NA,1
FAM84B,10,0,0,0.961349512530552,NA,NA,NA,1
GGPS1,10,0,0,0.961349512530552,NA,NA,NA,1
ITPKB,3,0,0,0.961349512530552,NA,NA,NA,1
LHFPL2,9,0,0,0.961349512530552,NA,NA,NA,1
MED30,4,0,0,0.961349512530552,NA,NA,NA,1
NUDT21,6,0,0,0.961349512530552,NA,NA,NA,1
PPP2R3C,2,0,0,0.961349512530552,NA,NA,NA,1
PTP4A2,9,0,0,0.961349512530552,NA,NA,NA,1
SHROOM3,10,0,0,0.961349512530552,NA,NA,NA,1
SMURF2,13,0,0,0.961349512530552,NA,NA,NA,1
SOS2,8,0,0,0.961349512530552,NA,NA,NA,1
TPRA1,7,0,0,0.961349512530552,NA,NA,NA,1
TULP4,9,0,0,0.961349512530552,NA,NA,NA,1
ZCCHC3,2,0,0,0.961349512530552,NA,NA,NA,1
ZXDC,5,0,0,0.961349512530552,NA,NA,NA,1
ADM,4,0,0,0.962347499605004,NA,NA,NA,1
S1PR1,4,0,0,0.962476205439163,NA,NA,NA,1
TAX1BP3,10,0,0,0.962476205439163,NA,NA,NA,1
ABCA12,2,0,0,0.962678867256796,NA,NA,NA,1
ARMC6,4,0,0,0.962678867256796,NA,NA,NA,1
BCL2,4,0,0,0.962678867256796,NA,NA,NA,1
BTG3,6,0,0,0.962678867256796,NA,NA,NA,1
CRAMP1,4,0,0,0.962678867256796,NA,NA,NA,1
EML4,5,0,0,0.962678867256796,NA,NA,NA,1
FADD,8,0,0,0.962678867256796,NA,NA,NA,1
FKBP1A,4,0,0,0.962678867256796,NA,NA,NA,1
GPATCH4,7,0,0,0.962678867256796,NA,NA,NA,1
KANK1,4,0,0,0.962678867256796,NA,NA,NA,1
LRRC42,4,0,0,0.962678867256796,NA,NA,NA,1
MESD,4,0,0,0.962678867256796,NA,NA,NA,1
RALGAPB,15,0,0,0.962678867256796,NA,NA,NA,1
SEMA4F,5,0,0,0.962678867256796,NA,NA,NA,1
SLC2A12,8,0,0,0.962678867256796,NA,NA,NA,1
TNRC6C,6,0,0,0.962678867256796,NA,NA,NA,1
TTBK2,6,0,0,0.962678867256796,NA,NA,NA,1
TTLL4,14,0,0,0.962678867256796,NA,NA,NA,1
WDR63,2,0,0,0.962678867256796,NA,NA,NA,1
ZNF354B,13,0,0,0.962678867256796,NA,NA,NA,1
ZNF782,6,0,0,0.962678867256796,NA,NA,NA,1
SLC37A2,6,0,0,0.96300390425959,NA,NA,NA,1
C8orf76,2,0,0,0.963096993075735,NA,NA,NA,1
DBNDD2,2,0,0,0.963096993075735,NA,NA,NA,1
DENND5A,4,0,0,0.963096993075735,NA,NA,NA,1
RAD54L,7,0,0,0.963096993075735,NA,NA,NA,1
SEMA3C,7,0,0,0.963119971542423,NA,NA,NA,1
ZBTB18,3,0,0,0.963119971542423,NA,NA,NA,1
CRKL,11,0,0,0.963164679668026,NA,NA,NA,1
DDX49,2,0,0,0.963164679668026,NA,NA,NA,1
DYRK2,10,0,0,0.963164679668026,NA,NA,NA,1
KLF5,5,0,0,0.963164679668026,NA,NA,NA,1
MNX1,2,0,0,0.963164679668026,NA,NA,NA,1
NFX1,6,0,0,0.963164679668026,NA,NA,NA,1
PHF6,6,0,0,0.963164679668026,NA,NA,NA,1
RAB3IP,14,0,0,0.963164679668026,NA,NA,NA,1
SSR2,3,0,0,0.963164679668026,NA,NA,NA,1
STIM1,2,0,0,0.963164679668026,NA,NA,NA,1
TBC1D9B,6,0,0,0.963164679668026,NA,NA,NA,1
ULK3,4,0,0,0.963164679668026,NA,NA,NA,1
ARMCX3,6,0,0,0.963194897544979,NA,NA,NA,1
METTL13,4,0,0,0.963243208545633,NA,NA,NA,1
ABCB10,6,0,0,0.96331091463221,NA,NA,NA,1
AGO4,4,0,0,0.96331091463221,NA,NA,NA,1
ANXA5,6,0,0,0.96331091463221,NA,NA,NA,1
ARID4A,8,0,0,0.96331091463221,NA,NA,NA,1
BABAM1,3,0,0,0.96331091463221,NA,NA,NA,1
C17orf80,4,0,0,0.96331091463221,NA,NA,NA,1
C1QTNF1,2,0,0,0.96331091463221,NA,NA,NA,1
C7orf26,2,0,0,0.96331091463221,NA,NA,NA,1
CSRP1,4,0,0,0.96331091463221,NA,NA,NA,1
CYP4F3,4,0,0,0.96331091463221,NA,NA,NA,1
DDR2,3,0,0,0.96331091463221,NA,NA,NA,1
EPHA1,4,0,0,0.96331091463221,NA,NA,NA,1
ERBIN,11,0,0,0.96331091463221,NA,NA,NA,1
FAM20C,9,0,0,0.96331091463221,NA,NA,NA,1
FRYL,8,0,0,0.96331091463221,NA,NA,NA,1
GMEB1,12,0,0,0.96331091463221,NA,NA,NA,1
H2AFY,6,0,0,0.96331091463221,NA,NA,NA,1
H2AFZ,8,0,0,0.96331091463221,NA,NA,NA,1
KIF3C,3,0,0,0.96331091463221,NA,NA,NA,1
MAPRE3,2,0,0,0.96331091463221,NA,NA,NA,1
MOCOS,9,0,0,0.96331091463221,NA,NA,NA,1
MPLKIP,13,0,0,0.96331091463221,NA,NA,NA,1
NDUFA2,3,0,0,0.96331091463221,NA,NA,NA,1
PCDHB14,4,0,0,0.96331091463221,NA,NA,NA,1
PHTF2,4,0,0,0.96331091463221,NA,NA,NA,1
PLXND1,2,0,0,0.96331091463221,NA,NA,NA,1
POLR2D,7,0,0,0.96331091463221,NA,NA,NA,1
PON2,7,0,0,0.96331091463221,NA,NA,NA,1
RAB3IL1,2,0,0,0.96331091463221,NA,NA,NA,1
RAD9A,2,0,0,0.96331091463221,NA,NA,NA,1
RAP1B,10,0,0,0.96331091463221,NA,NA,NA,1
RNF214,9,0,0,0.96331091463221,NA,NA,NA,1
RPS15,3,0,0,0.96331091463221,NA,NA,NA,1
RPS16,5,0,0,0.96331091463221,NA,NA,NA,1
SCARB2,15,0,0,0.96331091463221,NA,NA,NA,1
SFRP1,6,0,0,0.96331091463221,NA,NA,NA,1
SLC9A3R1,8,0,0,0.96331091463221,NA,NA,NA,1
TCP11L1,8,0,0,0.96331091463221,NA,NA,NA,1
TMEM167B,6,0,0,0.96331091463221,NA,NA,NA,1
TMEM87B,10,0,0,0.96331091463221,NA,NA,NA,1
TRAPPC4,3,0,0,0.96331091463221,NA,NA,NA,1
ZEB1,6,0,0,0.96331091463221,NA,NA,NA,1
ZEB2,12,0,0,0.96331091463221,NA,NA,NA,1
ZNF330,4,0,0,0.96331091463221,NA,NA,NA,1
RPS20,4,0,0,0.963346243655916,NA,NA,NA,1
KIAA1549L,8,0,0,0.963406888687449,NA,NA,NA,1
TSPAN31,7,0,0,0.963406888687449,NA,NA,NA,1
RAB11FIP2,9,0,0,0.963485692268494,NA,NA,NA,1
SMARCD2,4,0,0,0.963485692268494,NA,NA,NA,1
AHDC1,3,0,0,0.963513989323383,NA,NA,NA,1
LAD1,9,0,0,0.963513989323383,NA,NA,NA,1
CHAF1A,6,0,0,0.963676719131584,NA,NA,NA,1
PTPN11,10,0,0,0.963851312590825,NA,NA,NA,1
CYP26B1,2,0,0,0.964162469927353,NA,NA,NA,1
USF2,4,0,0,0.964162469927353,NA,NA,NA,1
RCAN3,5,0,0,0.964309697127329,NA,NA,NA,1
SCARB1,3,0,0,0.964309697127329,NA,NA,NA,1
TM7SF3,8,0,0,0.964309697127329,NA,NA,NA,1
TRIB2,4,0,0,0.964309697127329,NA,NA,NA,1
BNIP3L,7,0,0,0.964664154356183,NA,NA,NA,1
CCDC91,7,0,0,0.964664154356183,NA,NA,NA,1
CDH13,6,0,0,0.964664154356183,NA,NA,NA,1
CRYZL1,9,0,0,0.964664154356183,NA,NA,NA,1
DENND1B,13,0,0,0.964664154356183,NA,NA,NA,1
EP300,7,0,0,0.964664154356183,NA,NA,NA,1
FAM216A,13,0,0,0.964664154356183,NA,NA,NA,1
IGF2BP2,13,0,0,0.964664154356183,NA,NA,NA,1
KIF18B,3,0,0,0.964664154356183,NA,NA,NA,1
MRAS,5,0,0,0.964664154356183,NA,NA,NA,1
RPL35A,6,0,0,0.964664154356183,NA,NA,NA,1
SDHC,19,0,0,0.964664154356183,NA,NA,NA,1
SWI5,2,0,0,0.964664154356183,NA,NA,NA,1
TAF9B,4,0,0,0.964664154356183,NA,NA,NA,1
TMEM173,3,0,0,0.964664154356183,NA,NA,NA,1
ZNF20,7,0,0,0.964664154356183,NA,NA,NA,1
ZNF519,3,0,0,0.964664154356183,NA,NA,NA,1
CLU,4,0,0,0.964712580922523,NA,NA,NA,1
GINS3,3,0,0,0.964712580922523,NA,NA,NA,1
KANK2,4,0,0,0.964751839051315,NA,NA,NA,1
NADK,2,0,0,0.964751839051315,NA,NA,NA,1
PPP1R3E,8,0,0,0.964751839051315,NA,NA,NA,1
SSRP1,2,0,0,0.964751839051315,NA,NA,NA,1
LRR1,5,0,0,0.965033999087215,NA,NA,NA,1
TNFSF10,2,0,0,0.965033999087215,NA,NA,NA,1
RPS25,6,0,0,0.965035784883192,NA,NA,NA,1
ATPAF2,7,0,0,0.965091836553333,NA,NA,NA,1
C6orf226,5,0,0,0.965091836553333,NA,NA,NA,1
CCDC59,5,0,0,0.965091836553333,NA,NA,NA,1
ECT2,8,0,0,0.965091836553333,NA,NA,NA,1
FNIP2,5,0,0,0.965091836553333,NA,NA,NA,1
MRPL44,2,0,0,0.965091836553333,NA,NA,NA,1
TESK1,4,0,0,0.965091836553333,NA,NA,NA,1
TMEM14C,6,0,0,0.965091836553333,NA,NA,NA,1
TOLLIP,13,0,0,0.965091836553333,NA,NA,NA,1
TSEN15,3,0,0,0.965091836553333,NA,NA,NA,1
PSAP,13,0,0,0.965436410524412,NA,NA,NA,1
SH3BGRL3,7,0,0,0.965436410524412,NA,NA,NA,1
NF2,7,0,0,0.965722414399306,NA,NA,NA,1
BCL7C,10,0,0,0.965746912283556,NA,NA,NA,1
DST,7,0,0,0.965746912283556,NA,NA,NA,1
ETFRF1,7,0,0,0.965746912283556,NA,NA,NA,1
KRBA1,6,0,0,0.965746912283556,NA,NA,NA,1
LRRC37A3,2,0,0,0.965746912283556,NA,NA,NA,1
NFIC,9,0,0,0.965746912283556,NA,NA,NA,1
RPS6KA3,10,0,0,0.965746912283556,NA,NA,NA,1
OSBPL5,3,0,0,0.965845160300376,NA,NA,NA,1
RAVER2,7,0,0,0.965845160300376,NA,NA,NA,1
LGALS8,14,0,0,0.965850990446184,NA,NA,NA,1
SPTLC2,8,0,0,0.965850990446184,NA,NA,NA,1
SRXN1,5,0,0,0.965855060002471,NA,NA,NA,1
SAE1,2,0,0,0.966214336658518,NA,NA,NA,1
DLX4,2,0,0,0.966216196387546,NA,NA,NA,1
ALPK1,3,0,0,0.966264616961256,NA,NA,NA,1
ETV3,2,0,0,0.966555339860976,NA,NA,NA,1
ZSCAN22,3,0,0,0.966631259521211,NA,NA,NA,1
WNT7A,6,0,0,0.96664115375996,NA,NA,NA,1
E2F6,8,0,0,0.966722512185066,NA,NA,NA,1
ELMOD2,7,0,0,0.966722512185066,NA,NA,NA,1
EPHX4,3,0,0,0.966722512185066,NA,NA,NA,1
MCTS1,9,0,0,0.966722512185066,NA,NA,NA,1
TMEM35B,4,0,0,0.966722512185066,NA,NA,NA,1
STRN3,7,0,0,0.966774771524668,NA,NA,NA,1
TRAPPC13,8,0,0,0.966809190440968,NA,NA,NA,1
MMP2,6,0,0,0.966813634626002,NA,NA,NA,1
RFXAP,7,0,0,0.966813634626002,NA,NA,NA,1
GID4,11,0,0,0.967134856965029,NA,NA,NA,1
DAB2,4,0,0,0.967242232116188,NA,NA,NA,1
KIAA1143,5,0,0,0.967465258386784,NA,NA,NA,1
SF3A3,6,0,0,0.967465258386784,NA,NA,NA,1
TYMS,9,0,0,0.967465258386784,NA,NA,NA,1
SLC15A4,3,0,0,0.967540052978689,NA,NA,NA,1
ARMC8,10,0,0,0.96755248846637,NA,NA,NA,1
TFCP2L1,9,0,0,0.96755248846637,NA,NA,NA,1
ATP8B1,3,0,0,0.967642110020216,NA,NA,NA,1
ASL,5,0,0,0.967798989857587,NA,NA,NA,1
GAREM1,4,0,0,0.967798989857587,NA,NA,NA,1
PCDHB11,4,0,0,0.967798989857587,NA,NA,NA,1
SAMD11,2,0,0,0.967798989857587,NA,NA,NA,1
LTBP1,6,0,0,0.967810045107707,NA,NA,NA,1
PDCD6,7,0,0,0.967810045107707,NA,NA,NA,1
RSL24D1,11,0,0,0.967810045107707,NA,NA,NA,1
SLC18B1,3,0,0,0.967810045107707,NA,NA,NA,1
AGAP3,3,0,0,0.967883225935818,NA,NA,NA,1
AP1G1,12,0,0,0.967883225935818,NA,NA,NA,1
C11orf45,4,0,0,0.967883225935818,NA,NA,NA,1
FAM78A,5,0,0,0.967883225935818,NA,NA,NA,1
KIF1B,5,0,0,0.967883225935818,NA,NA,NA,1
PEX16,2,0,0,0.967883225935818,NA,NA,NA,1
RPSA,3,0,0,0.967883225935818,NA,NA,NA,1
SETD7,2,0,0,0.967883225935818,NA,NA,NA,1
SRM,8,0,0,0.967883225935818,NA,NA,NA,1
TMF1,14,0,0,0.967883225935818,NA,NA,NA,1
TYW5,12,0,0,0.967883225935818,NA,NA,NA,1
UGP2,5,0,0,0.967883225935818,NA,NA,NA,1
USP32,7,0,0,0.967883225935818,NA,NA,NA,1
ZBED8,3,0,0,0.967883225935818,NA,NA,NA,1
ZSCAN5A,3,0,0,0.967883225935818,NA,NA,NA,1
COMMD4,5,0,0,0.968038683758951,NA,NA,NA,1
AASDHPPT,8,0,0,0.968242318539247,NA,NA,NA,1
AFAP1L2,6,0,0,0.968242318539247,NA,NA,NA,1
AGTPBP1,6,0,0,0.968242318539247,NA,NA,NA,1
ARFGEF2,5,0,0,0.968242318539247,NA,NA,NA,1
BRD3,8,0,0,0.968242318539247,NA,NA,NA,1
CTR9,3,0,0,0.968242318539247,NA,NA,NA,1
DPAGT1,3,0,0,0.968242318539247,NA,NA,NA,1
ENO2,3,0,0,0.968242318539247,NA,NA,NA,1
EPS8L2,2,0,0,0.968242318539247,NA,NA,NA,1
FUCA2,6,0,0,0.968242318539247,NA,NA,NA,1
LACTB,3,0,0,0.968242318539247,NA,NA,NA,1
METTL25,2,0,0,0.968242318539247,NA,NA,NA,1
MNS1,4,0,0,0.968242318539247,NA,NA,NA,1
MTSS1,4,0,0,0.968242318539247,NA,NA,NA,1
MZT2A,4,0,0,0.968242318539247,NA,NA,NA,1
NCAM1,2,0,0,0.968242318539247,NA,NA,NA,1
PAN3,4,0,0,0.968242318539247,NA,NA,NA,1
RAB3GAP2,8,0,0,0.968242318539247,NA,NA,NA,1
RAD9B,3,0,0,0.968242318539247,NA,NA,NA,1
RFESD,6,0,0,0.968242318539247,NA,NA,NA,1
RHOD,2,0,0,0.968242318539247,NA,NA,NA,1
RRAGA,7,0,0,0.968242318539247,NA,NA,NA,1
SNAPC5,3,0,0,0.968242318539247,NA,NA,NA,1
TBXA2R,3,0,0,0.968242318539247,NA,NA,NA,1
VGLL4,11,0,0,0.968242318539247,NA,NA,NA,1
ZBED5,7,0,0,0.968242318539247,NA,NA,NA,1
ZNF791,12,0,0,0.968242318539247,NA,NA,NA,1
ABCG1,7,0,0,0.96882813481076,NA,NA,NA,1
ALKBH1,5,0,0,0.96882813481076,NA,NA,NA,1
BAZ2B,9,0,0,0.96882813481076,NA,NA,NA,1
C19orf33,3,0,0,0.96882813481076,NA,NA,NA,1
FBXO34,7,0,0,0.96882813481076,NA,NA,NA,1
GCA,6,0,0,0.96882813481076,NA,NA,NA,1
GPI,8,0,0,0.96882813481076,NA,NA,NA,1
GTPBP3,3,0,0,0.96882813481076,NA,NA,NA,1
SLC38A7,5,0,0,0.96882813481076,NA,NA,NA,1
FAM92A,9,0,0,0.968997913405754,NA,NA,NA,1
PCDH1,4,0,0,0.969068748291685,NA,NA,NA,1
AC007040.2,2,0,0,0.969304357957887,NA,NA,NA,1
ACTR5,6,0,0,0.969304357957887,NA,NA,NA,1
AHSA1,2,0,0,0.969304357957887,NA,NA,NA,1
APH1B,3,0,0,0.969304357957887,NA,NA,NA,1
ARMC10,7,0,0,0.969304357957887,NA,NA,NA,1
ARSD,5,0,0,0.969304357957887,NA,NA,NA,1
ATG13,7,0,0,0.969304357957887,NA,NA,NA,1
ATMIN,7,0,0,0.969304357957887,NA,NA,NA,1
ATP6AP2,6,0,0,0.969304357957887,NA,NA,NA,1
ATR,6,0,0,0.969304357957887,NA,NA,NA,1
B4GALT6,6,0,0,0.969304357957887,NA,NA,NA,1
BABAM2,5,0,0,0.969304357957887,NA,NA,NA,1
BLVRB,3,0,0,0.969304357957887,NA,NA,NA,1
BRSK2,3,0,0,0.969304357957887,NA,NA,NA,1
BSCL2,3,0,0,0.969304357957887,NA,NA,NA,1
C1orf52,13,0,0,0.969304357957887,NA,NA,NA,1
CAMLG,6,0,0,0.969304357957887,NA,NA,NA,1
CCDC127,6,0,0,0.969304357957887,NA,NA,NA,1
CCNB2,6,0,0,0.969304357957887,NA,NA,NA,1
CD47,12,0,0,0.969304357957887,NA,NA,NA,1
CDNF,4,0,0,0.969304357957887,NA,NA,NA,1
CERS5,5,0,0,0.969304357957887,NA,NA,NA,1
CHERP,5,0,0,0.969304357957887,NA,NA,NA,1
COL1A1,6,0,0,0.969304357957887,NA,NA,NA,1
CPSF1,3,0,0,0.969304357957887,NA,NA,NA,1
CSNK1G2,5,0,0,0.969304357957887,NA,NA,NA,1
DBI,6,0,0,0.969304357957887,NA,NA,NA,1
DDX56,4,0,0,0.969304357957887,NA,NA,NA,1
DHCR24,12,0,0,0.969304357957887,NA,NA,NA,1
DIP2C,4,0,0,0.969304357957887,NA,NA,NA,1
DNAJC1,6,0,0,0.969304357957887,NA,NA,NA,1
DNAJC21,12,0,0,0.969304357957887,NA,NA,NA,1
DPH2,4,0,0,0.969304357957887,NA,NA,NA,1
EHHADH,3,0,0,0.969304357957887,NA,NA,NA,1
ELAC2,9,0,0,0.969304357957887,NA,NA,NA,1
EWSR1,4,0,0,0.969304357957887,NA,NA,NA,1
FAM122A,10,0,0,0.969304357957887,NA,NA,NA,1
FAM151B,6,0,0,0.969304357957887,NA,NA,NA,1
FAM174A,4,0,0,0.969304357957887,NA,NA,NA,1
FAM207A,3,0,0,0.969304357957887,NA,NA,NA,1
FAM229A,2,0,0,0.969304357957887,NA,NA,NA,1
FBXL5,8,0,0,0.969304357957887,NA,NA,NA,1
FCHSD1,3,0,0,0.969304357957887,NA,NA,NA,1
FEM1A,5,0,0,0.969304357957887,NA,NA,NA,1
FHOD3,2,0,0,0.969304357957887,NA,NA,NA,1
FOXL2,2,0,0,0.969304357957887,NA,NA,NA,1
GABARAP,8,0,0,0.969304357957887,NA,NA,NA,1
GCDH,9,0,0,0.969304357957887,NA,NA,NA,1
GEMIN6,5,0,0,0.969304357957887,NA,NA,NA,1
GGH,5,0,0,0.969304357957887,NA,NA,NA,1
GOPC,8,0,0,0.969304357957887,NA,NA,NA,1
HACD1,5,0,0,0.969304357957887,NA,NA,NA,1
HERC4,6,0,0,0.969304357957887,NA,NA,NA,1
HIRA,3,0,0,0.969304357957887,NA,NA,NA,1
HMGA2,4,0,0,0.969304357957887,NA,NA,NA,1
HPS3,2,0,0,0.969304357957887,NA,NA,NA,1
IER5,10,0,0,0.969304357957887,NA,NA,NA,1
IFT172,3,0,0,0.969304357957887,NA,NA,NA,1
ILF2,8,0,0,0.969304357957887,NA,NA,NA,1
IPP,4,0,0,0.969304357957887,NA,NA,NA,1
IQCH,3,0,0,0.969304357957887,NA,NA,NA,1
IRX3,6,0,0,0.969304357957887,NA,NA,NA,1
JDP2,4,0,0,0.969304357957887,NA,NA,NA,1
KAT5,2,0,0,0.969304357957887,NA,NA,NA,1
KCTD20,11,0,0,0.969304357957887,NA,NA,NA,1
KCTD6,4,0,0,0.969304357957887,NA,NA,NA,1
KIAA2013,4,0,0,0.969304357957887,NA,NA,NA,1
KIFAP3,5,0,0,0.969304357957887,NA,NA,NA,1
KLF16,2,0,0,0.969304357957887,NA,NA,NA,1
KLHL24,6,0,0,0.969304357957887,NA,NA,NA,1
LOC150051,3,0,0,0.969304357957887,NA,NA,NA,1
LRPPRC,5,0,0,0.969304357957887,NA,NA,NA,1
LSM14B,4,0,0,0.969304357957887,NA,NA,NA,1
MAN2C1,2,0,0,0.969304357957887,NA,NA,NA,1
MANEAL,13,0,0,0.969304357957887,NA,NA,NA,1
MAU2,4,0,0,0.969304357957887,NA,NA,NA,1
METRNL,3,0,0,0.969304357957887,NA,NA,NA,1
MLXIP,7,0,0,0.969304357957887,NA,NA,NA,1
MMS19,5,0,0,0.969304357957887,NA,NA,NA,1
MON1B,2,0,0,0.969304357957887,NA,NA,NA,1
MRPL46,3,0,0,0.969304357957887,NA,NA,NA,1
MTRR,3,0,0,0.969304357957887,NA,NA,NA,1
MYL9,2,0,0,0.969304357957887,NA,NA,NA,1
NDOR1,2,0,0,0.969304357957887,NA,NA,NA,1
NDUFB1,2,0,0,0.969304357957887,NA,NA,NA,1
NFAT5,10,0,0,0.969304357957887,NA,NA,NA,1
NFS1,5,0,0,0.969304357957887,NA,NA,NA,1
NOP56,2,0,0,0.969304357957887,NA,NA,NA,1
NRARP,7,0,0,0.969304357957887,NA,NA,NA,1
PAQR8,8,0,0,0.969304357957887,NA,NA,NA,1
PDCD7,5,0,0,0.969304357957887,NA,NA,NA,1
PDE7B,7,0,0,0.969304357957887,NA,NA,NA,1
PFN1,4,0,0,0.969304357957887,NA,NA,NA,1
PGGT1B,16,0,0,0.969304357957887,NA,NA,NA,1
PHTF1,10,0,0,0.969304357957887,NA,NA,NA,1
PKMYT1,5,0,0,0.969304357957887,NA,NA,NA,1
PKN3,3,0,0,0.969304357957887,NA,NA,NA,1
PLAG1,3,0,0,0.969304357957887,NA,NA,NA,1
PLBD2,8,0,0,0.969304357957887,NA,NA,NA,1
PLEK2,8,0,0,0.969304357957887,NA,NA,NA,1
PNPT1,12,0,0,0.969304357957887,NA,NA,NA,1
PPAN,3,0,0,0.969304357957887,NA,NA,NA,1
PPP1R26,4,0,0,0.969304357957887,NA,NA,NA,1
PRELID3A,2,0,0,0.969304357957887,NA,NA,NA,1
PSMA7,5,0,0,0.969304357957887,NA,NA,NA,1
RAB8A,4,0,0,0.969304357957887,NA,NA,NA,1
REST,7,0,0,0.969304357957887,NA,NA,NA,1
RFC4,2,0,0,0.969304357957887,NA,NA,NA,1
RIDA,3,0,0,0.969304357957887,NA,NA,NA,1
SCAPER,3,0,0,0.969304357957887,NA,NA,NA,1
SESN2,3,0,0,0.969304357957887,NA,NA,NA,1
SGPP1,2,0,0,0.969304357957887,NA,NA,NA,1
SHMT1,4,0,0,0.969304357957887,NA,NA,NA,1
SMYD3,3,0,0,0.969304357957887,NA,NA,NA,1
SPARC,12,0,0,0.969304357957887,NA,NA,NA,1
SRI,14,0,0,0.969304357957887,NA,NA,NA,1
SURF1,3,0,0,0.969304357957887,NA,NA,NA,1
TADA1,6,0,0,0.969304357957887,NA,NA,NA,1
TDRD3,2,0,0,0.969304357957887,NA,NA,NA,1
TFAP2C,5,0,0,0.969304357957887,NA,NA,NA,1
TFCP2,8,0,0,0.969304357957887,NA,NA,NA,1
TFG,5,0,0,0.969304357957887,NA,NA,NA,1
TMEM128,4,0,0,0.969304357957887,NA,NA,NA,1
TMEM161A,4,0,0,0.969304357957887,NA,NA,NA,1
TMEM223,7,0,0,0.969304357957887,NA,NA,NA,1
TMEM267,12,0,0,0.969304357957887,NA,NA,NA,1
TMEM79,4,0,0,0.969304357957887,NA,NA,NA,1
TP53I13,2,0,0,0.969304357957887,NA,NA,NA,1
TRA2A,5,0,0,0.969304357957887,NA,NA,NA,1
TRAM1L1,3,0,0,0.969304357957887,NA,NA,NA,1
TRIP6,3,0,0,0.969304357957887,NA,NA,NA,1
TROAP,2,0,0,0.969304357957887,NA,NA,NA,1
TTYH3,5,0,0,0.969304357957887,NA,NA,NA,1
TUSC1,5,0,0,0.969304357957887,NA,NA,NA,1
UBQLN1,13,0,0,0.969304357957887,NA,NA,NA,1
UGCG,5,0,0,0.969304357957887,NA,NA,NA,1
UHRF2,5,0,0,0.969304357957887,NA,NA,NA,1
USP25,10,0,0,0.969304357957887,NA,NA,NA,1
USP33,5,0,0,0.969304357957887,NA,NA,NA,1
UTRN,8,0,0,0.969304357957887,NA,NA,NA,1
VBP1,7,0,0,0.969304357957887,NA,NA,NA,1
VSIG10L,7,0,0,0.969304357957887,NA,NA,NA,1
WARS2,10,0,0,0.969304357957887,NA,NA,NA,1
WRN,7,0,0,0.969304357957887,NA,NA,NA,1
XRN2,3,0,0,0.969304357957887,NA,NA,NA,1
ZCCHC4,4,0,0,0.969304357957887,NA,NA,NA,1
ZFYVE19,2,0,0,0.969304357957887,NA,NA,NA,1
ZNF266,3,0,0,0.969304357957887,NA,NA,NA,1
ZNF280D,4,0,0,0.969304357957887,NA,NA,NA,1
ZNF512B,6,0,0,0.969304357957887,NA,NA,NA,1
ZNF611,11,0,0,0.969304357957887,NA,NA,NA,1
ZNF70,6,0,0,0.969304357957887,NA,NA,NA,1
ADGRF4,2,0,0,0.969822502502839,NA,NA,NA,1
FIGN,5,0,0,0.969822502502839,NA,NA,NA,1
RNF13,2,0,0,0.969822502502839,NA,NA,NA,1
SNCA,6,0,0,0.969822502502839,NA,NA,NA,1
ZNF564,9,0,0,0.969822502502839,NA,NA,NA,1
AKAP8,5,0,0,0.969957098268372,NA,NA,NA,1
ARFIP1,9,0,0,0.969957098268372,NA,NA,NA,1
ATP5J2-PTCD1,4,0,0,0.969957098268372,NA,NA,NA,1
DCN,7,0,0,0.969957098268372,NA,NA,NA,1
E2F8,4,0,0,0.969957098268372,NA,NA,NA,1
PEAR1,2,0,0,0.969957098268372,NA,NA,NA,1
PLK1,2,0,0,0.969957098268372,NA,NA,NA,1
TARBP1,3,0,0,0.969957098268372,NA,NA,NA,1
TLR4,5,0,0,0.970007171131767,NA,NA,NA,1
C5orf66,8,0,0,0.970388491049323,NA,NA,NA,1
RECQL,8,0,0,0.970388491049323,NA,NA,NA,1
SYS1,2,0,0,0.970388491049323,NA,NA,NA,1
ZNF493,6,0,0,0.970388491049323,NA,NA,NA,1
AMER1,2,0,0,0.970467536120932,NA,NA,NA,1
ATXN7L1,3,0,0,0.970467536120932,NA,NA,NA,1
CCDC32,6,0,0,0.970467536120932,NA,NA,NA,1
CRELD1,2,0,0,0.970467536120932,NA,NA,NA,1
CXCL8,5,0,0,0.970467536120932,NA,NA,NA,1
ERN1,3,0,0,0.970467536120932,NA,NA,NA,1
FBXW5,2,0,0,0.970467536120932,NA,NA,NA,1
IFFO2,4,0,0,0.970467536120932,NA,NA,NA,1
MAP3K12,12,0,0,0.970467536120932,NA,NA,NA,1
MYH10,6,0,0,0.970467536120932,NA,NA,NA,1
NAA20,12,0,0,0.970467536120932,NA,NA,NA,1
NDUFB11,3,0,0,0.970467536120932,NA,NA,NA,1
NUP37,8,0,0,0.970467536120932,NA,NA,NA,1
PLAC8,8,0,0,0.970467536120932,NA,NA,NA,1
POLR3E,6,0,0,0.970467536120932,NA,NA,NA,1
PTPRJ,4,0,0,0.970467536120932,NA,NA,NA,1
RRP1,10,0,0,0.970467536120932,NA,NA,NA,1
SLC22A5,4,0,0,0.970467536120932,NA,NA,NA,1
ST7,4,0,0,0.970467536120932,NA,NA,NA,1
STAT2,4,0,0,0.970467536120932,NA,NA,NA,1
TERF2,12,0,0,0.970467536120932,NA,NA,NA,1
TMEM106C,3,0,0,0.970467536120932,NA,NA,NA,1
TNS1,3,0,0,0.970467536120932,NA,NA,NA,1
TPM1,3,0,0,0.970467536120932,NA,NA,NA,1
TPR,12,0,0,0.970467536120932,NA,NA,NA,1
ZNF616,6,0,0,0.970467536120932,NA,NA,NA,1
ZSCAN25,3,0,0,0.970467536120932,NA,NA,NA,1
CEP350,3,0,0,0.970533617006243,NA,NA,NA,1
WDR3,10,0,0,0.970533617006243,NA,NA,NA,1
RAET1G,3,0,0,0.970616585882646,NA,NA,NA,1
CD274,3,0,0,0.970764959138803,NA,NA,NA,1
IGBP1,4,0,0,0.970764959138803,NA,NA,NA,1
MND1,4,0,0,0.970764959138803,NA,NA,NA,1
PLXNA1,4,0,0,0.970764959138803,NA,NA,NA,1
ACP2,7,0,0,0.970805264234437,NA,NA,NA,1
HNRNPK,17,0,0,0.970974767611932,NA,NA,NA,1
ZNF664,6,0,0,0.970974767611932,NA,NA,NA,1
SLC35B2,3,0,0,0.971020413088945,NA,NA,NA,1
EEF2KMT,7,0,0,0.971167149199528,NA,NA,NA,1
CHSY1,11,0,0,0.97132027009027,NA,NA,NA,1
NEDD9,5,0,0,0.971346280561908,NA,NA,NA,1
ID3,6,0,0,0.971430387777903,NA,NA,NA,1
EPS8,7,0,0,0.97169994927508,NA,NA,NA,1
PPP1R12C,3,0,0,0.97169994927508,NA,NA,NA,1
SSUH2,2,0,0,0.97169994927508,NA,NA,NA,1
UNK,4,0,0,0.97169994927508,NA,NA,NA,1
AC114490.2,2,0,0,0.971796252271083,NA,NA,NA,1
AIP,2,0,0,0.971796252271083,NA,NA,NA,1
BAG3,5,0,0,0.971796252271083,NA,NA,NA,1
CDC40,3,0,0,0.971796252271083,NA,NA,NA,1
CDCA7,7,0,0,0.971796252271083,NA,NA,NA,1
CLCN5,6,0,0,0.971796252271083,NA,NA,NA,1
COL16A1,4,0,0,0.971796252271083,NA,NA,NA,1
CTDSP1,4,0,0,0.971796252271083,NA,NA,NA,1
CYB561A3,3,0,0,0.971796252271083,NA,NA,NA,1
DBF4B,2,0,0,0.971796252271083,NA,NA,NA,1
DHX57,4,0,0,0.971796252271083,NA,NA,NA,1
EIF5,19,0,0,0.971796252271083,NA,NA,NA,1
EMC8,10,0,0,0.971796252271083,NA,NA,NA,1
F3,8,0,0,0.971796252271083,NA,NA,NA,1
GLCE,5,0,0,0.971796252271083,NA,NA,NA,1
GORASP1,6,0,0,0.971796252271083,NA,NA,NA,1
KCTD13,2,0,0,0.971796252271083,NA,NA,NA,1
LDLRAD3,7,0,0,0.971796252271083,NA,NA,NA,1
MAN2B1,4,0,0,0.971796252271083,NA,NA,NA,1
MANBA,2,0,0,0.971796252271083,NA,NA,NA,1
MLYCD,7,0,0,0.971796252271083,NA,NA,NA,1
NOB1,4,0,0,0.971796252271083,NA,NA,NA,1
PACS2,4,0,0,0.971796252271083,NA,NA,NA,1
RAC1,11,0,0,0.971796252271083,NA,NA,NA,1
RARRES1,5,0,0,0.971796252271083,NA,NA,NA,1
RBM22,8,0,0,0.971796252271083,NA,NA,NA,1
RBM47,6,0,0,0.971796252271083,NA,NA,NA,1
RHBDD1,11,0,0,0.971796252271083,NA,NA,NA,1
RPA3,4,0,0,0.971796252271083,NA,NA,NA,1
RPS24,3,0,0,0.971796252271083,NA,NA,NA,1
SRP19,6,0,0,0.971796252271083,NA,NA,NA,1
TERF2IP,5,0,0,0.971796252271083,NA,NA,NA,1
TMED8,10,0,0,0.971796252271083,NA,NA,NA,1
TOMM40,5,0,0,0.971796252271083,NA,NA,NA,1
TRIM5,5,0,0,0.971796252271083,NA,NA,NA,1
WDR90,2,0,0,0.971796252271083,NA,NA,NA,1
YEATS4,4,0,0,0.971796252271083,NA,NA,NA,1
ZNF557,8,0,0,0.971796252271083,NA,NA,NA,1
FAM102A,4,0,0,0.971807357688866,NA,NA,NA,1
ZNF558,4,0,0,0.971807357688866,NA,NA,NA,1
PNPLA2,2,0,0,0.97227187716364,NA,NA,NA,1
SCRN3,9,0,0,0.97227187716364,NA,NA,NA,1
SYNJ2BP-COX16,8,0,0,0.97227187716364,NA,NA,NA,1
KDM7A,9,0,0,0.97231045350523,NA,NA,NA,1
LEMD3,8,0,0,0.972343881818602,NA,NA,NA,1
PBLD,2,0,0,0.972416453230214,NA,NA,NA,1
PHIP,12,0,0,0.972416453230214,NA,NA,NA,1
UTP4,2,0,0,0.972416453230214,NA,NA,NA,1
FCRLB,3,0,0,0.972422641021556,NA,NA,NA,1
TAF1C,7,0,0,0.972422641021556,NA,NA,NA,1
HDX,2,0,0,0.972492010170188,NA,NA,NA,1
UQCC3,9,0,0,0.972700551353642,NA,NA,NA,1
ZG16B,3,0,0,0.972820061961923,NA,NA,NA,1
B3GALNT1,10,0,0,0.972831620773422,NA,NA,NA,1
BEND3,4,0,0,0.972831620773422,NA,NA,NA,1
C12orf65,4,0,0,0.972831620773422,NA,NA,NA,1
CARHSP1,4,0,0,0.972831620773422,NA,NA,NA,1
CCDC86,4,0,0,0.972831620773422,NA,NA,NA,1
CDPF1,3,0,0,0.972831620773422,NA,NA,NA,1
COL22A1,2,0,0,0.972831620773422,NA,NA,NA,1
DNAJC25,4,0,0,0.972831620773422,NA,NA,NA,1
DPH3,9,0,0,0.972831620773422,NA,NA,NA,1
ELMO3,2,0,0,0.972831620773422,NA,NA,NA,1
FAS,10,0,0,0.972831620773422,NA,NA,NA,1
GRAMD2B,7,0,0,0.972831620773422,NA,NA,NA,1
HELB,4,0,0,0.972831620773422,NA,NA,NA,1
IL24,2,0,0,0.972831620773422,NA,NA,NA,1
INPPL1,3,0,0,0.972831620773422,NA,NA,NA,1
IQCG,2,0,0,0.972831620773422,NA,NA,NA,1
LLGL1,2,0,0,0.972831620773422,NA,NA,NA,1
LRWD1,2,0,0,0.972831620773422,NA,NA,NA,1
LSG1,7,0,0,0.972831620773422,NA,NA,NA,1
MAP4K3,4,0,0,0.972831620773422,NA,NA,NA,1
MCF2,2,0,0,0.972831620773422,NA,NA,NA,1
METTL6,11,0,0,0.972831620773422,NA,NA,NA,1
MFSD14A,4,0,0,0.972831620773422,NA,NA,NA,1
NECTIN3,6,0,0,0.972831620773422,NA,NA,NA,1
NEIL1,6,0,0,0.972831620773422,NA,NA,NA,1
PAGR1,11,0,0,0.972831620773422,NA,NA,NA,1
PDSS2,4,0,0,0.972831620773422,NA,NA,NA,1
RPF1,4,0,0,0.972831620773422,NA,NA,NA,1
RPS21,4,0,0,0.972831620773422,NA,NA,NA,1
SMARCAL1,2,0,0,0.972831620773422,NA,NA,NA,1
SMG6,2,0,0,0.972831620773422,NA,NA,NA,1
SPATA18,5,0,0,0.972831620773422,NA,NA,NA,1
SPRED2,8,0,0,0.972831620773422,NA,NA,NA,1
SPTLC3,5,0,0,0.972831620773422,NA,NA,NA,1
SSH1,12,0,0,0.972831620773422,NA,NA,NA,1
SUGP2,2,0,0,0.972831620773422,NA,NA,NA,1
SYCE1L,3,0,0,0.972831620773422,NA,NA,NA,1
TATDN1,3,0,0,0.972831620773422,NA,NA,NA,1
TIMM13,5,0,0,0.972831620773422,NA,NA,NA,1
TMEM256,2,0,0,0.972831620773422,NA,NA,NA,1
TNKS1BP1,3,0,0,0.972831620773422,NA,NA,NA,1
TOP1MT,7,0,0,0.972831620773422,NA,NA,NA,1
TSSK4,3,0,0,0.972831620773422,NA,NA,NA,1
VAV3,4,0,0,0.972831620773422,NA,NA,NA,1
ZNF34,7,0,0,0.972831620773422,NA,NA,NA,1
BIRC6,5,0,0,0.972915559683684,NA,NA,NA,1
CTDSP2,5,0,0,0.972915559683684,NA,NA,NA,1
DOCK6,3,0,0,0.972915559683684,NA,NA,NA,1
EEF1B2,3,0,0,0.972915559683684,NA,NA,NA,1
HMGCL,2,0,0,0.972915559683684,NA,NA,NA,1
MXD1,5,0,0,0.972915559683684,NA,NA,NA,1
RPRD1B,5,0,0,0.972915559683684,NA,NA,NA,1
SIL1,6,0,0,0.972915559683684,NA,NA,NA,1
STON2,3,0,0,0.972915559683684,NA,NA,NA,1
UBE2I,4,0,0,0.972915559683684,NA,NA,NA,1
ZNF808,12,0,0,0.972915559683684,NA,NA,NA,1
TMOD2,9,0,0,0.97297581774524,NA,NA,NA,1
ADCK5,4,0,0,0.972994357610322,NA,NA,NA,1
DDX23,5,0,0,0.972994357610322,NA,NA,NA,1
HSP90AA1,10,0,0,0.972994357610322,NA,NA,NA,1
SPECC1L,5,0,0,0.972994357610322,NA,NA,NA,1
ACBD3,11,0,0,0.973308170468586,NA,NA,NA,1
ACOT2,2,0,0,0.973308170468586,NA,NA,NA,1
ACYP2,5,0,0,0.973308170468586,NA,NA,NA,1
ADNP2,7,0,0,0.973308170468586,NA,NA,NA,1
AGPAT4,5,0,0,0.973308170468586,NA,NA,NA,1
AIF1L,6,0,0,0.973308170468586,NA,NA,NA,1
AKIRIN2,7,0,0,0.973308170468586,NA,NA,NA,1
AKR1C3,3,0,0,0.973308170468586,NA,NA,NA,1
ALAD,3,0,0,0.973308170468586,NA,NA,NA,1
ALG3,4,0,0,0.973308170468586,NA,NA,NA,1
AMIGO2,6,0,0,0.973308170468586,NA,NA,NA,1
ANKRD22,7,0,0,0.973308170468586,NA,NA,NA,1
AP1M1,4,0,0,0.973308170468586,NA,NA,NA,1
APAF1,6,0,0,0.973308170468586,NA,NA,NA,1
API5,7,0,0,0.973308170468586,NA,NA,NA,1
ARL3,4,0,0,0.973308170468586,NA,NA,NA,1
ARMT1,4,0,0,0.973308170468586,NA,NA,NA,1
ARPC5L,6,0,0,0.973308170468586,NA,NA,NA,1
ATP1B3,10,0,0,0.973308170468586,NA,NA,NA,1
ATP5EP2,2,0,0,0.973308170468586,NA,NA,NA,1
ATP5L,4,0,0,0.973308170468586,NA,NA,NA,1
ATXN2,2,0,0,0.973308170468586,NA,NA,NA,1
AURKA,4,0,0,0.973308170468586,NA,NA,NA,1
AVPI1,6,0,0,0.973308170468586,NA,NA,NA,1
B3GNT9,3,0,0,0.973308170468586,NA,NA,NA,1
B4GALT2,2,0,0,0.973308170468586,NA,NA,NA,1
B4GALT5,8,0,0,0.973308170468586,NA,NA,NA,1
B9D2,3,0,0,0.973308170468586,NA,NA,NA,1
BAG1,4,0,0,0.973308170468586,NA,NA,NA,1
BAHCC1,6,0,0,0.973308170468586,NA,NA,NA,1
BASP1,7,0,0,0.973308170468586,NA,NA,NA,1
BCLAF3,6,0,0,0.973308170468586,NA,NA,NA,1
BMP2K,5,0,0,0.973308170468586,NA,NA,NA,1
BRAP,4,0,0,0.973308170468586,NA,NA,NA,1
BRAT1,2,0,0,0.973308170468586,NA,NA,NA,1
C19orf47,8,0,0,0.973308170468586,NA,NA,NA,1
C19orf66,3,0,0,0.973308170468586,NA,NA,NA,1
C1orf226,3,0,0,0.973308170468586,NA,NA,NA,1
C3orf52,4,0,0,0.973308170468586,NA,NA,NA,1
C3orf62,5,0,0,0.973308170468586,NA,NA,NA,1
CADPS2,10,0,0,0.973308170468586,NA,NA,NA,1
CBX2,4,0,0,0.973308170468586,NA,NA,NA,1
CBX4,5,0,0,0.973308170468586,NA,NA,NA,1
CC2D2A,4,0,0,0.973308170468586,NA,NA,NA,1
CCDC94,3,0,0,0.973308170468586,NA,NA,NA,1
CCNA2,13,0,0,0.973308170468586,NA,NA,NA,1
CCSER2,4,0,0,0.973308170468586,NA,NA,NA,1
CD2BP2,7,0,0,0.973308170468586,NA,NA,NA,1
CD99L2,4,0,0,0.973308170468586,NA,NA,NA,1
CDC25A,3,0,0,0.973308170468586,NA,NA,NA,1
CDCP1,13,0,0,0.973308170468586,NA,NA,NA,1
CDK5,4,0,0,0.973308170468586,NA,NA,NA,1
CDS1,8,0,0,0.973308170468586,NA,NA,NA,1
CEMIP,2,0,0,0.973308170468586,NA,NA,NA,1
CENPN,3,0,0,0.973308170468586,NA,NA,NA,1
CEP41,12,0,0,0.973308170468586,NA,NA,NA,1
CHCHD2,4,0,0,0.973308170468586,NA,NA,NA,1
CISD2,8,0,0,0.973308170468586,NA,NA,NA,1
CLIP1,6,0,0,0.973308170468586,NA,NA,NA,1
CMC4,2,0,0,0.973308170468586,NA,NA,NA,1
CNN3,3,0,0,0.973308170468586,NA,NA,NA,1
COA6,3,0,0,0.973308170468586,NA,NA,NA,1
CTBS,7,0,0,0.973308170468586,NA,NA,NA,1
CTSH,2,0,0,0.973308170468586,NA,NA,NA,1
CYP4X1,2,0,0,0.973308170468586,NA,NA,NA,1
DDB2,5,0,0,0.973308170468586,NA,NA,NA,1
DDX47,7,0,0,0.973308170468586,NA,NA,NA,1
DET1,2,0,0,0.973308170468586,NA,NA,NA,1
DHX34,7,0,0,0.973308170468586,NA,NA,NA,1
DLG4,2,0,0,0.973308170468586,NA,NA,NA,1
DNAJC22,8,0,0,0.973308170468586,NA,NA,NA,1
DPH5,3,0,0,0.973308170468586,NA,NA,NA,1
EIF3H,10,0,0,0.973308170468586,NA,NA,NA,1
EIF4G2,11,0,0,0.973308170468586,NA,NA,NA,1
ENTPD6,6,0,0,0.973308170468586,NA,NA,NA,1
EVA1A,4,0,0,0.973308170468586,NA,NA,NA,1
FAM122B,6,0,0,0.973308170468586,NA,NA,NA,1
FAM13B,11,0,0,0.973308170468586,NA,NA,NA,1
FAM172A,9,0,0,0.973308170468586,NA,NA,NA,1
FAM234B,4,0,0,0.973308170468586,NA,NA,NA,1
FAM3A,3,0,0,0.973308170468586,NA,NA,NA,1
FHIT,2,0,0,0.973308170468586,NA,NA,NA,1
FIBIN,4,0,0,0.973308170468586,NA,NA,NA,1
FMR1,4,0,0,0.973308170468586,NA,NA,NA,1
FYN,5,0,0,0.973308170468586,NA,NA,NA,1
FZD1,12,0,0,0.973308170468586,NA,NA,NA,1
GAS2L3,3,0,0,0.973308170468586,NA,NA,NA,1
GNAI1,7,0,0,0.973308170468586,NA,NA,NA,1
GPC6,12,0,0,0.973308170468586,NA,NA,NA,1
GYG1,5,0,0,0.973308170468586,NA,NA,NA,1
H1FX,3,0,0,0.973308170468586,NA,NA,NA,1
HADH,6,0,0,0.973308170468586,NA,NA,NA,1
HCFC1R1,2,0,0,0.973308170468586,NA,NA,NA,1
HEY1,4,0,0,0.973308170468586,NA,NA,NA,1
HIST1H4K,3,0,0,0.973308170468586,NA,NA,NA,1
HIST3H2BB,6,0,0,0.973308170468586,NA,NA,NA,1
HK2,6,0,0,0.973308170468586,NA,NA,NA,1
HPGD,9,0,0,0.973308170468586,NA,NA,NA,1
HSD17B4,3,0,0,0.973308170468586,NA,NA,NA,1
HSPBP1,2,0,0,0.973308170468586,NA,NA,NA,1
HTATSF1,8,0,0,0.973308170468586,NA,NA,NA,1
IMP3,6,0,0,0.973308170468586,NA,NA,NA,1
IMPACT,4,0,0,0.973308170468586,NA,NA,NA,1
INTS12,3,0,0,0.973308170468586,NA,NA,NA,1
INTS14,2,0,0,0.973308170468586,NA,NA,NA,1
IP6K1,5,0,0,0.973308170468586,NA,NA,NA,1
IWS1,5,0,0,0.973308170468586,NA,NA,NA,1
KCTD10,5,0,0,0.973308170468586,NA,NA,NA,1
KCTD9,8,0,0,0.973308170468586,NA,NA,NA,1
KIF2C,5,0,0,0.973308170468586,NA,NA,NA,1
LAGE3,2,0,0,0.973308170468586,NA,NA,NA,1
LIMK2,7,0,0,0.973308170468586,NA,NA,NA,1
LINS1,3,0,0,0.973308170468586,NA,NA,NA,1
LMO7,7,0,0,0.973308170468586,NA,NA,NA,1
LPAR2,5,0,0,0.973308170468586,NA,NA,NA,1
LRRC28,13,0,0,0.973308170468586,NA,NA,NA,1
LYRM1,2,0,0,0.973308170468586,NA,NA,NA,1
M6PR,5,0,0,0.973308170468586,NA,NA,NA,1
MAP7D1,3,0,0,0.973308170468586,NA,NA,NA,1
MARC1,9,0,0,0.973308170468586,NA,NA,NA,1
MBD1,3,0,0,0.973308170468586,NA,NA,NA,1
MED12,3,0,0,0.973308170468586,NA,NA,NA,1
MED25,4,0,0,0.973308170468586,NA,NA,NA,1
METTL7A,6,0,0,0.973308170468586,NA,NA,NA,1
MFAP3L,9,0,0,0.973308170468586,NA,NA,NA,1
MFSD14B,4,0,0,0.973308170468586,NA,NA,NA,1
MGAT5,4,0,0,0.973308170468586,NA,NA,NA,1
MINOS1-NBL1,3,0,0,0.973308170468586,NA,NA,NA,1
MRPL32,3,0,0,0.973308170468586,NA,NA,NA,1
MRPL53,4,0,0,0.973308170468586,NA,NA,NA,1
MRPS21,7,0,0,0.973308170468586,NA,NA,NA,1
MYCBP2,7,0,0,0.973308170468586,NA,NA,NA,1
NAT8L,4,0,0,0.973308170468586,NA,NA,NA,1
NCAPH2,5,0,0,0.973308170468586,NA,NA,NA,1
NCEH1,9,0,0,0.973308170468586,NA,NA,NA,1
NDFIP2,12,0,0,0.973308170468586,NA,NA,NA,1
NDUFA4,6,0,0,0.973308170468586,NA,NA,NA,1
NDUFAF8,8,0,0,0.973308170468586,NA,NA,NA,1
NIT1,2,0,0,0.973308170468586,NA,NA,NA,1
NME4,5,0,0,0.973308170468586,NA,NA,NA,1
NOL8,5,0,0,0.973308170468586,NA,NA,NA,1
NRCAM,5,0,0,0.973308170468586,NA,NA,NA,1
NSDHL,9,0,0,0.973308170468586,NA,NA,NA,1
NUP205,3,0,0,0.973308170468586,NA,NA,NA,1
ORAI3,4,0,0,0.973308170468586,NA,NA,NA,1
OTUD1,7,0,0,0.973308170468586,NA,NA,NA,1
PAPD4,9,0,0,0.973308170468586,NA,NA,NA,1
PCDH7,5,0,0,0.973308170468586,NA,NA,NA,1
PDK1,4,0,0,0.973308170468586,NA,NA,NA,1
PDRG1,2,0,0,0.973308170468586,NA,NA,NA,1
PEAK1,2,0,0,0.973308170468586,NA,NA,NA,1
PELO,5,0,0,0.973308170468586,NA,NA,NA,1
PER1,2,0,0,0.973308170468586,NA,NA,NA,1
PGAP2,3,0,0,0.973308170468586,NA,NA,NA,1
PI4KB,4,0,0,0.973308170468586,NA,NA,NA,1
PIKFYVE,7,0,0,0.973308170468586,NA,NA,NA,1
PLIN3,3,0,0,0.973308170468586,NA,NA,NA,1
POLQ,3,0,0,0.973308170468586,NA,NA,NA,1
POLR1C,7,0,0,0.973308170468586,NA,NA,NA,1
POLR3K,12,0,0,0.973308170468586,NA,NA,NA,1
POLRMT,3,0,0,0.973308170468586,NA,NA,NA,1
POMP,16,0,0,0.973308170468586,NA,NA,NA,1
POP1,7,0,0,0.973308170468586,NA,NA,NA,1
PPFIBP1,11,0,0,0.973308170468586,NA,NA,NA,1
PPIL2,8,0,0,0.973308170468586,NA,NA,NA,1
PPP1R14B,6,0,0,0.973308170468586,NA,NA,NA,1
PRKCI,9,0,0,0.973308170468586,NA,NA,NA,1
PRRT3,5,0,0,0.973308170468586,NA,NA,NA,1
PSMC5,2,0,0,0.973308170468586,NA,NA,NA,1
PSMD5,9,0,0,0.973308170468586,NA,NA,NA,1
PTBP2,8,0,0,0.973308170468586,NA,NA,NA,1
PTPN3,7,0,0,0.973308170468586,NA,NA,NA,1
R3HCC1L,3,0,0,0.973308170468586,NA,NA,NA,1
RAB1B,4,0,0,0.973308170468586,NA,NA,NA,1
RAB31,5,0,0,0.973308170468586,NA,NA,NA,1
RAF1,5,0,0,0.973308170468586,NA,NA,NA,1
RHOT2,3,0,0,0.973308170468586,NA,NA,NA,1
RNF10,6,0,0,0.973308170468586,NA,NA,NA,1
RPGRIP1L,9,0,0,0.973308170468586,NA,NA,NA,1
SATB2,4,0,0,0.973308170468586,NA,NA,NA,1
SCCPDH,10,0,0,0.973308170468586,NA,NA,NA,1
SCD,15,0,0,0.973308170468586,NA,NA,NA,1
SCLY,3,0,0,0.973308170468586,NA,NA,NA,1
SDHB,2,0,0,0.973308170468586,NA,NA,NA,1
SEC16A,6,0,0,0.973308170468586,NA,NA,NA,1
SETDB2-PHF11,2,0,0,0.973308170468586,NA,NA,NA,1
SH3BGRL,4,0,0,0.973308170468586,NA,NA,NA,1
SHKBP1,2,0,0,0.973308170468586,NA,NA,NA,1
SLC2A9,2,0,0,0.973308170468586,NA,NA,NA,1
SLC37A1,3,0,0,0.973308170468586,NA,NA,NA,1
SLC39A4,5,0,0,0.973308170468586,NA,NA,NA,1
SLC4A1AP,4,0,0,0.973308170468586,NA,NA,NA,1
SMC5,7,0,0,0.973308170468586,NA,NA,NA,1
SMS,5,0,0,0.973308170468586,NA,NA,NA,1
SNX11,8,0,0,0.973308170468586,NA,NA,NA,1
SNX27,2,0,0,0.973308170468586,NA,NA,NA,1
SNX29,5,0,0,0.973308170468586,NA,NA,NA,1
SPECC1,6,0,0,0.973308170468586,NA,NA,NA,1
SRSF9,8,0,0,0.973308170468586,NA,NA,NA,1
STAT6,8,0,0,0.973308170468586,NA,NA,NA,1
STEAP2,4,0,0,0.973308170468586,NA,NA,NA,1
STK3,4,0,0,0.973308170468586,NA,NA,NA,1
SULF1,4,0,0,0.973308170468586,NA,NA,NA,1
SYDE1,5,0,0,0.973308170468586,NA,NA,NA,1
TAF1A,5,0,0,0.973308170468586,NA,NA,NA,1
TATDN2,4,0,0,0.973308170468586,NA,NA,NA,1
TCEAL3,2,0,0,0.973308170468586,NA,NA,NA,1
TEAD2,9,0,0,0.973308170468586,NA,NA,NA,1
TFB2M,2,0,0,0.973308170468586,NA,NA,NA,1
TGFA,5,0,0,0.973308170468586,NA,NA,NA,1
TMEM121,2,0,0,0.973308170468586,NA,NA,NA,1
TMEM18,9,0,0,0.973308170468586,NA,NA,NA,1
TMEM201,4,0,0,0.973308170468586,NA,NA,NA,1
TMEM219,2,0,0,0.973308170468586,NA,NA,NA,1
TMEM243,7,0,0,0.973308170468586,NA,NA,NA,1
TMEM8B,7,0,0,0.973308170468586,NA,NA,NA,1
TNFRSF10A,7,0,0,0.973308170468586,NA,NA,NA,1
TNFRSF10C,5,0,0,0.973308170468586,NA,NA,NA,1
TNPO2,5,0,0,0.973308170468586,NA,NA,NA,1
TOR1B,9,0,0,0.973308170468586,NA,NA,NA,1
TRIM6,3,0,0,0.973308170468586,NA,NA,NA,1
TRIQK,9,0,0,0.973308170468586,NA,NA,NA,1
TRMT61A,5,0,0,0.973308170468586,NA,NA,NA,1
TUBGCP2,6,0,0,0.973308170468586,NA,NA,NA,1
UBE2C,3,0,0,0.973308170468586,NA,NA,NA,1
UBE2E3,4,0,0,0.973308170468586,NA,NA,NA,1
UBFD1,5,0,0,0.973308170468586,NA,NA,NA,1
UIMC1,5,0,0,0.973308170468586,NA,NA,NA,1
UQCRH,4,0,0,0.973308170468586,NA,NA,NA,1
VAMP4,4,0,0,0.973308170468586,NA,NA,NA,1
VPS8,5,0,0,0.973308170468586,NA,NA,NA,1
WDR18,4,0,0,0.973308170468586,NA,NA,NA,1
WDR45B,5,0,0,0.973308170468586,NA,NA,NA,1
WNT5B,4,0,0,0.973308170468586,NA,NA,NA,1
WWC3,6,0,0,0.973308170468586,NA,NA,NA,1
ZBTB34,5,0,0,0.973308170468586,NA,NA,NA,1
ZFHX4,2,0,0,0.973308170468586,NA,NA,NA,1
ZNF229,2,0,0,0.973308170468586,NA,NA,NA,1
ZNF273,6,0,0,0.973308170468586,NA,NA,NA,1
ZNF283,12,0,0,0.973308170468586,NA,NA,NA,1
ZNF570,4,0,0,0.973308170468586,NA,NA,NA,1
ZNF585A,3,0,0,0.973308170468586,NA,NA,NA,1
ZNF597,7,0,0,0.973308170468586,NA,NA,NA,1
ZNF674,2,0,0,0.973308170468586,NA,NA,NA,1
ZNF703,4,0,0,0.973308170468586,NA,NA,NA,1
ZNF92,3,0,0,0.973308170468586,NA,NA,NA,1
ZNHIT1,2,0,0,0.973308170468586,NA,NA,NA,1
ZNHIT2,3,0,0,0.973308170468586,NA,NA,NA,1
ASAH1,9,0,0,0.973527696705776,NA,NA,NA,1
C6orf203,3,0,0,0.973527696705776,NA,NA,NA,1
CAPN7,7,0,0,0.973527696705776,NA,NA,NA,1
DDX39A,2,0,0,0.973527696705776,NA,NA,NA,1
EXTL3,3,0,0,0.973527696705776,NA,NA,NA,1
MCM3,3,0,0,0.973527696705776,NA,NA,NA,1
MT1E,2,0,0,0.973527696705776,NA,NA,NA,1
MTR,5,0,0,0.973527696705776,NA,NA,NA,1
NEURL1B,4,0,0,0.973527696705776,NA,NA,NA,1
NRIP1,8,0,0,0.973527696705776,NA,NA,NA,1
PISD,3,0,0,0.973527696705776,NA,NA,NA,1
RIPOR2,2,0,0,0.973527696705776,NA,NA,NA,1
RWDD1,6,0,0,0.973527696705776,NA,NA,NA,1
ZNF608,3,0,0,0.973527696705776,NA,NA,NA,1
XKR6,3,0,0,0.973536134698732,NA,NA,NA,1
CMPK1,13,0,0,0.973550309272773,NA,NA,NA,1
NHLRC3,12,0,0,0.973550309272773,NA,NA,NA,1
ATP13A3,10,0,0,0.973857588310127,NA,NA,NA,1
EIF1AD,6,0,0,0.973857588310127,NA,NA,NA,1
GCC2,5,0,0,0.973857588310127,NA,NA,NA,1
NIPSNAP2,6,0,0,0.973857588310127,NA,NA,NA,1
ZNF268,8,0,0,0.973857588310127,NA,NA,NA,1
SLC25A38,7,0,0,0.973989634416843,NA,NA,NA,1
CAP1,7,0,0,0.974215349795963,NA,NA,NA,1
NAA10,6,0,0,0.974215349795963,NA,NA,NA,1
GMPPB,5,0,0,0.974253808251083,NA,NA,NA,1
PPM1K,3,0,0,0.974253808251083,NA,NA,NA,1
PGGHG,5,0,0,0.97437922495722,NA,NA,NA,1
ABCC3,4,0,0,0.974409916681715,NA,NA,NA,1
ALKBH7,3,0,0,0.974409916681715,NA,NA,NA,1
ANXA3,6,0,0,0.974409916681715,NA,NA,NA,1
ANXA4,8,0,0,0.974409916681715,NA,NA,NA,1
ARPC1A,5,0,0,0.974409916681715,NA,NA,NA,1
ASAP2,6,0,0,0.974409916681715,NA,NA,NA,1
C17orf62,5,0,0,0.974409916681715,NA,NA,NA,1
CASC4,5,0,0,0.974409916681715,NA,NA,NA,1
CAVIN3,6,0,0,0.974409916681715,NA,NA,NA,1
CDYL,4,0,0,0.974409916681715,NA,NA,NA,1
CLCC1,17,0,0,0.974409916681715,NA,NA,NA,1
COG2,3,0,0,0.974409916681715,NA,NA,NA,1
CRAT,2,0,0,0.974409916681715,NA,NA,NA,1
CXCL3,3,0,0,0.974409916681715,NA,NA,NA,1
DEXI,2,0,0,0.974409916681715,NA,NA,NA,1
EAPP,3,0,0,0.974409916681715,NA,NA,NA,1
EPC1,7,0,0,0.974409916681715,NA,NA,NA,1
FAXDC2,2,0,0,0.974409916681715,NA,NA,NA,1
HEATR6,2,0,0,0.974409916681715,NA,NA,NA,1
ID1,4,0,0,0.974409916681715,NA,NA,NA,1
IPO13,2,0,0,0.974409916681715,NA,NA,NA,1
IQCD,3,0,0,0.974409916681715,NA,NA,NA,1
KLHL20,10,0,0,0.974409916681715,NA,NA,NA,1
LPIN2,3,0,0,0.974409916681715,NA,NA,NA,1
MARK3,7,0,0,0.974409916681715,NA,NA,NA,1
MEGF6,5,0,0,0.974409916681715,NA,NA,NA,1
MEIS1,6,0,0,0.974409916681715,NA,NA,NA,1
MFHAS1,5,0,0,0.974409916681715,NA,NA,NA,1
MLLT1,5,0,0,0.974409916681715,NA,NA,NA,1
MRM3,6,0,0,0.974409916681715,NA,NA,NA,1
NEMP1,7,0,0,0.974409916681715,NA,NA,NA,1
NME2,3,0,0,0.974409916681715,NA,NA,NA,1
NPRL3,8,0,0,0.974409916681715,NA,NA,NA,1
NRDC,8,0,0,0.974409916681715,NA,NA,NA,1
NXT2,2,0,0,0.974409916681715,NA,NA,NA,1
PAF1,4,0,0,0.974409916681715,NA,NA,NA,1
PAK3,6,0,0,0.974409916681715,NA,NA,NA,1
PAX8,3,0,0,0.974409916681715,NA,NA,NA,1
PPP2R2C,3,0,0,0.974409916681715,NA,NA,NA,1
PTPN12,7,0,0,0.974409916681715,NA,NA,NA,1
RCCD1,7,0,0,0.974409916681715,NA,NA,NA,1
RIOK3,7,0,0,0.974409916681715,NA,NA,NA,1
SCAI,11,0,0,0.974409916681715,NA,NA,NA,1
SFMBT1,8,0,0,0.974409916681715,NA,NA,NA,1
SFXN2,7,0,0,0.974409916681715,NA,NA,NA,1
SHROOM1,4,0,0,0.974409916681715,NA,NA,NA,1
SLC12A8,3,0,0,0.974409916681715,NA,NA,NA,1
SLC6A15,11,0,0,0.974409916681715,NA,NA,NA,1
SMKR1,2,0,0,0.974409916681715,NA,NA,NA,1
SMPD4,3,0,0,0.974409916681715,NA,NA,NA,1
TRAPPC3,2,0,0,0.974409916681715,NA,NA,NA,1
USP3,6,0,0,0.974409916681715,NA,NA,NA,1
WISP2,4,0,0,0.974409916681715,NA,NA,NA,1
WIZ,9,0,0,0.974409916681715,NA,NA,NA,1
XPO5,13,0,0,0.974409916681715,NA,NA,NA,1
ZFP69,3,0,0,0.974409916681715,NA,NA,NA,1
ZFPM1,2,0,0,0.974409916681715,NA,NA,NA,1
ZNF19,4,0,0,0.974409916681715,NA,NA,NA,1
ZNF22,3,0,0,0.974409916681715,NA,NA,NA,1
ZNF441,5,0,0,0.974409916681715,NA,NA,NA,1
NECAP2,7,0,0,0.974409954297159,NA,NA,NA,1
ADPGK,10,0,0,0.974481747719518,NA,NA,NA,1
FRMD8,4,0,0,0.974481747719518,NA,NA,NA,1
MTX2,4,0,0,0.974481747719518,NA,NA,NA,1
FBXO27,2,0,0,0.974569453245948,NA,NA,NA,1
UBR1,3,0,0,0.974569453245948,NA,NA,NA,1
AASS,8,0,0,0.97463926362096,NA,NA,NA,1
ABCA6,2,0,0,0.97463926362096,NA,NA,NA,1
ALPP,3,0,0,0.97463926362096,NA,NA,NA,1
CHCHD4,3,0,0,0.97463926362096,NA,NA,NA,1
EEF1AKMT1,4,0,0,0.97463926362096,NA,NA,NA,1
EVI5,2,0,0,0.97463926362096,NA,NA,NA,1
GFPT2,2,0,0,0.97463926362096,NA,NA,NA,1
IRF9,2,0,0,0.97463926362096,NA,NA,NA,1
KIAA1328,2,0,0,0.97463926362096,NA,NA,NA,1
MORF4L1,16,0,0,0.97463926362096,NA,NA,NA,1
P4HB,9,0,0,0.97463926362096,NA,NA,NA,1
PDE5A,5,0,0,0.97463926362096,NA,NA,NA,1
PGS1,5,0,0,0.97463926362096,NA,NA,NA,1
SPIN2B,8,0,0,0.97463926362096,NA,NA,NA,1
SUPT6H,5,0,0,0.97463926362096,NA,NA,NA,1
UBAP1L,2,0,0,0.97463926362096,NA,NA,NA,1
WDFY1,3,0,0,0.97463926362096,NA,NA,NA,1
ZDHHC12,2,0,0,0.97463926362096,NA,NA,NA,1
ZNF507,8,0,0,0.97463926362096,NA,NA,NA,1
APPL1,18,0,0,0.974748358368628,NA,NA,NA,1
CSF1R,3,0,0,0.974748358368628,NA,NA,NA,1
CCBE1,7,0,0,0.975028471162171,NA,NA,NA,1
GOT1,4,0,0,0.975028471162171,NA,NA,NA,1
SEMA6A,5,0,0,0.975028471162171,NA,NA,NA,1
STARD5,5,0,0,0.975028471162171,NA,NA,NA,1
PQLC3,2,0,0,0.975032175034815,NA,NA,NA,1
APEX2,5,0,0,0.97503570148843,NA,NA,NA,1
LRCH1,6,0,0,0.975066203309711,NA,NA,NA,1
CIR1,5,0,0,0.975214524130726,NA,NA,NA,1
COMTD1,9,0,0,0.975214524130726,NA,NA,NA,1
CHD2,4,0,0,0.975255735748725,NA,NA,NA,1
PPP2R2D,13,0,0,0.975255735748725,NA,NA,NA,1
SESN3,12,0,0,0.975255735748725,NA,NA,NA,1
ZNF16,6,0,0,0.975255735748725,NA,NA,NA,1
CD3EAP,2,0,0,0.975296191809137,NA,NA,NA,1
ATP5H,4,0,0,0.975332727085312,NA,NA,NA,1
FBXO43,2,0,0,0.975332727085312,NA,NA,NA,1
RPL38,5,0,0,0.975332727085312,NA,NA,NA,1
SCPEP1,3,0,0,0.975332727085312,NA,NA,NA,1
TEK,4,0,0,0.975332727085312,NA,NA,NA,1
ABCA10,2,0,0,0.975341178350316,NA,NA,NA,1
AP2M1,2,0,0,0.975341178350316,NA,NA,NA,1
CD83,5,0,0,0.975341178350316,NA,NA,NA,1
NISCH,4,0,0,0.975341178350316,NA,NA,NA,1
PPP1R14C,3,0,0,0.975341178350316,NA,NA,NA,1
R3HCC1,4,0,0,0.975341178350316,NA,NA,NA,1
SDSL,2,0,0,0.975341178350316,NA,NA,NA,1
SEC23IP,8,0,0,0.975341178350316,NA,NA,NA,1
SELENOT,16,0,0,0.975341178350316,NA,NA,NA,1
SRP54,5,0,0,0.975341178350316,NA,NA,NA,1
THOC2,3,0,0,0.975341178350316,NA,NA,NA,1
TRIM22,3,0,0,0.975341178350316,NA,NA,NA,1
ZYG11A,3,0,0,0.975341178350316,NA,NA,NA,1
GADD45A,5,0,0,0.975390536645129,NA,NA,NA,1
LRP11,5,0,0,0.975390536645129,NA,NA,NA,1
LONP2,5,0,0,0.975545878054408,NA,NA,NA,1
RAP2C,9,0,0,0.975545878054408,NA,NA,NA,1
SFSWAP,2,0,0,0.975545878054408,NA,NA,NA,1
NUDT13,2,0,0,0.976178256518862,NA,NA,NA,1
MAP4,6,0,0,0.976356538768915,NA,NA,NA,1
AC092835.1,9,0,0,0.976360829401792,NA,NA,NA,1
ACTBL2,2,0,0,0.976360829401792,NA,NA,NA,1
ALDH3B2,3,0,0,0.976360829401792,NA,NA,NA,1
ALYREF,6,0,0,0.976360829401792,NA,NA,NA,1
ANAPC11,4,0,0,0.976360829401792,NA,NA,NA,1
ANKZF1,2,0,0,0.976360829401792,NA,NA,NA,1
AP3D1,6,0,0,0.976360829401792,NA,NA,NA,1
ASDURF,3,0,0,0.976360829401792,NA,NA,NA,1
ASF1B,3,0,0,0.976360829401792,NA,NA,NA,1
ASIC1,2,0,0,0.976360829401792,NA,NA,NA,1
ATL1,5,0,0,0.976360829401792,NA,NA,NA,1
ATP5C1,3,0,0,0.976360829401792,NA,NA,NA,1
ATP6AP1L,3,0,0,0.976360829401792,NA,NA,NA,1
AUH,3,0,0,0.976360829401792,NA,NA,NA,1
AUTS2,9,0,0,0.976360829401792,NA,NA,NA,1
BCL2L2,6,0,0,0.976360829401792,NA,NA,NA,1
BDKRB1,2,0,0,0.976360829401792,NA,NA,NA,1
BIVM,6,0,0,0.976360829401792,NA,NA,NA,1
BRMS1L,6,0,0,0.976360829401792,NA,NA,NA,1
C1QTNF3,4,0,0,0.976360829401792,NA,NA,NA,1
C22orf39,6,0,0,0.976360829401792,NA,NA,NA,1
CAD,5,0,0,0.976360829401792,NA,NA,NA,1
CBL,6,0,0,0.976360829401792,NA,NA,NA,1
CBLB,5,0,0,0.976360829401792,NA,NA,NA,1
CCDC102A,2,0,0,0.976360829401792,NA,NA,NA,1
CCNL2,11,0,0,0.976360829401792,NA,NA,NA,1
CCP110,4,0,0,0.976360829401792,NA,NA,NA,1
CCT4,7,0,0,0.976360829401792,NA,NA,NA,1
CDK16,2,0,0,0.976360829401792,NA,NA,NA,1
CHMP4B,3,0,0,0.976360829401792,NA,NA,NA,1
CNTRL,2,0,0,0.976360829401792,NA,NA,NA,1
CPSF4,8,0,0,0.976360829401792,NA,NA,NA,1
CS,5,0,0,0.976360829401792,NA,NA,NA,1
CYB5R1,8,0,0,0.976360829401792,NA,NA,NA,1
CYTH1,4,0,0,0.976360829401792,NA,NA,NA,1
DCTPP1,6,0,0,0.976360829401792,NA,NA,NA,1
DDA1,6,0,0,0.976360829401792,NA,NA,NA,1
DEDD2,4,0,0,0.976360829401792,NA,NA,NA,1
DHX33,8,0,0,0.976360829401792,NA,NA,NA,1
DIAPH3,4,0,0,0.976360829401792,NA,NA,NA,1
DMD,6,0,0,0.976360829401792,NA,NA,NA,1
DNAH2,2,0,0,0.976360829401792,NA,NA,NA,1
DPF2,7,0,0,0.976360829401792,NA,NA,NA,1
EIF2B2,5,0,0,0.976360829401792,NA,NA,NA,1
EIF3D,5,0,0,0.976360829401792,NA,NA,NA,1
ENDOV,7,0,0,0.976360829401792,NA,NA,NA,1
EPN2,9,0,0,0.976360829401792,NA,NA,NA,1
EPPK1,12,0,0,0.976360829401792,NA,NA,NA,1
ERICH1,3,0,0,0.976360829401792,NA,NA,NA,1
FAXC,15,0,0,0.976360829401792,NA,NA,NA,1
FCMR,11,0,0,0.976360829401792,NA,NA,NA,1
FHL1,2,0,0,0.976360829401792,NA,NA,NA,1
FKBP3,6,0,0,0.976360829401792,NA,NA,NA,1
FLCN,3,0,0,0.976360829401792,NA,NA,NA,1
FLVCR2,2,0,0,0.976360829401792,NA,NA,NA,1
FOXM1,3,0,0,0.976360829401792,NA,NA,NA,1
FRMD6,3,0,0,0.976360829401792,NA,NA,NA,1
FRS3,3,0,0,0.976360829401792,NA,NA,NA,1
GKAP1,3,0,0,0.976360829401792,NA,NA,NA,1
GPR160,9,0,0,0.976360829401792,NA,NA,NA,1
GPR173,2,0,0,0.976360829401792,NA,NA,NA,1
HACL1,6,0,0,0.976360829401792,NA,NA,NA,1
HARS,3,0,0,0.976360829401792,NA,NA,NA,1
HEATR3,6,0,0,0.976360829401792,NA,NA,NA,1
HNRNPA1L2,6,0,0,0.976360829401792,NA,NA,NA,1
HNRNPL,7,0,0,0.976360829401792,NA,NA,NA,1
IFI44L,4,0,0,0.976360829401792,NA,NA,NA,1
KDM3A,4,0,0,0.976360829401792,NA,NA,NA,1
KIAA0930,7,0,0,0.976360829401792,NA,NA,NA,1
KIAA1324L,12,0,0,0.976360829401792,NA,NA,NA,1
KIF13B,3,0,0,0.976360829401792,NA,NA,NA,1
KLHL7,3,0,0,0.976360829401792,NA,NA,NA,1
KPNA6,11,0,0,0.976360829401792,NA,NA,NA,1
LHPP,2,0,0,0.976360829401792,NA,NA,NA,1
LPXN,3,0,0,0.976360829401792,NA,NA,NA,1
LUC7L,4,0,0,0.976360829401792,NA,NA,NA,1
MAFG,5,0,0,0.976360829401792,NA,NA,NA,1
MAP6D1,5,0,0,0.976360829401792,NA,NA,NA,1
MATN3,5,0,0,0.976360829401792,NA,NA,NA,1
MED16,3,0,0,0.976360829401792,NA,NA,NA,1
METTL27,3,0,0,0.976360829401792,NA,NA,NA,1
MFSD13A,5,0,0,0.976360829401792,NA,NA,NA,1
MPHOSPH6,8,0,0,0.976360829401792,NA,NA,NA,1
MPP5,5,0,0,0.976360829401792,NA,NA,NA,1
MRPL27,3,0,0,0.976360829401792,NA,NA,NA,1
MRPS35,5,0,0,0.976360829401792,NA,NA,NA,1
MTM1,3,0,0,0.976360829401792,NA,NA,NA,1
MTRNR2L8,4,0,0,0.976360829401792,NA,NA,NA,1
MXD4,4,0,0,0.976360829401792,NA,NA,NA,1
MYO6,10,0,0,0.976360829401792,NA,NA,NA,1
NFKB1,3,0,0,0.976360829401792,NA,NA,NA,1
NNMT,6,0,0,0.976360829401792,NA,NA,NA,1
NOC4L,2,0,0,0.976360829401792,NA,NA,NA,1
NUP214,3,0,0,0.976360829401792,NA,NA,NA,1
NUP50,7,0,0,0.976360829401792,NA,NA,NA,1
ODR4,4,0,0,0.976360829401792,NA,NA,NA,1
PAK2,11,0,0,0.976360829401792,NA,NA,NA,1
PAM,6,0,0,0.976360829401792,NA,NA,NA,1
PCDHB2,7,0,0,0.976360829401792,NA,NA,NA,1
PDE4A,2,0,0,0.976360829401792,NA,NA,NA,1
PHLPP1,5,0,0,0.976360829401792,NA,NA,NA,1
PKP3,2,0,0,0.976360829401792,NA,NA,NA,1
PPCDC,2,0,0,0.976360829401792,NA,NA,NA,1
PSME4,8,0,0,0.976360829401792,NA,NA,NA,1
PURB,10,0,0,0.976360829401792,NA,NA,NA,1
RASA1,9,0,0,0.976360829401792,NA,NA,NA,1
RBM44,2,0,0,0.976360829401792,NA,NA,NA,1
REEP4,3,0,0,0.976360829401792,NA,NA,NA,1
RPS11,5,0,0,0.976360829401792,NA,NA,NA,1
RPUSD2,4,0,0,0.976360829401792,NA,NA,NA,1
RUFY3,6,0,0,0.976360829401792,NA,NA,NA,1
RUVBL1,2,0,0,0.976360829401792,NA,NA,NA,1
SACM1L,9,0,0,0.976360829401792,NA,NA,NA,1
SEC61G,7,0,0,0.976360829401792,NA,NA,NA,1
SESN1,3,0,0,0.976360829401792,NA,NA,NA,1
SFN,2,0,0,0.976360829401792,NA,NA,NA,1
SLC20A1,5,0,0,0.976360829401792,NA,NA,NA,1
SLC39A6,4,0,0,0.976360829401792,NA,NA,NA,1
SMG8,3,0,0,0.976360829401792,NA,NA,NA,1
SMIM10L2B,2,0,0,0.976360829401792,NA,NA,NA,1
SMIM26,3,0,0,0.976360829401792,NA,NA,NA,1
SP110,7,0,0,0.976360829401792,NA,NA,NA,1
SPDL1,5,0,0,0.976360829401792,NA,NA,NA,1
SPHK2,3,0,0,0.976360829401792,NA,NA,NA,1
SUSD1,8,0,0,0.976360829401792,NA,NA,NA,1
TBC1D2,5,0,0,0.976360829401792,NA,NA,NA,1
TBC1D24,7,0,0,0.976360829401792,NA,NA,NA,1
TBC1D9,7,0,0,0.976360829401792,NA,NA,NA,1
TBCD,6,0,0,0.976360829401792,NA,NA,NA,1
TEP1,3,0,0,0.976360829401792,NA,NA,NA,1
TESK2,2,0,0,0.976360829401792,NA,NA,NA,1
TLCD1,6,0,0,0.976360829401792,NA,NA,NA,1
TMEM5,4,0,0,0.976360829401792,NA,NA,NA,1
TNFSF13B,3,0,0,0.976360829401792,NA,NA,NA,1
TRPM6,2,0,0,0.976360829401792,NA,NA,NA,1
TSPO,2,0,0,0.976360829401792,NA,NA,NA,1
TTC32,5,0,0,0.976360829401792,NA,NA,NA,1
TUBB3,2,0,0,0.976360829401792,NA,NA,NA,1
U2AF2,4,0,0,0.976360829401792,NA,NA,NA,1
VPS4B,9,0,0,0.976360829401792,NA,NA,NA,1
ZBTB33,5,0,0,0.976360829401792,NA,NA,NA,1
ZCCHC7,4,0,0,0.976360829401792,NA,NA,NA,1
ZHX1,9,0,0,0.976360829401792,NA,NA,NA,1
ZNF217,6,0,0,0.976360829401792,NA,NA,NA,1
ZNF350,4,0,0,0.976360829401792,NA,NA,NA,1
ZNF525,3,0,0,0.976360829401792,NA,NA,NA,1
ZNF841,3,0,0,0.976360829401792,NA,NA,NA,1
ZSCAN9,3,0,0,0.976360829401792,NA,NA,NA,1
BLVRA,6,0,0,0.976385636730771,NA,NA,NA,1
BOD1L1,5,0,0,0.976385636730771,NA,NA,NA,1
ANK2,5,0,0,0.976444494776243,NA,NA,NA,1
ANKRD42,3,0,0,0.976444494776243,NA,NA,NA,1
ANXA2,9,0,0,0.976444494776243,NA,NA,NA,1
ARHGEF11,5,0,0,0.976444494776243,NA,NA,NA,1
BVES,5,0,0,0.976444494776243,NA,NA,NA,1
CD276,4,0,0,0.976444494776243,NA,NA,NA,1
COL5A2,8,0,0,0.976444494776243,NA,NA,NA,1
DDX52,2,0,0,0.976444494776243,NA,NA,NA,1
DKC1,3,0,0,0.976444494776243,NA,NA,NA,1
DNMT1,2,0,0,0.976444494776243,NA,NA,NA,1
DPY19L3,9,0,0,0.976444494776243,NA,NA,NA,1
DTNBP1,3,0,0,0.976444494776243,NA,NA,NA,1
FAM76A,4,0,0,0.976444494776243,NA,NA,NA,1
FBXO2,3,0,0,0.976444494776243,NA,NA,NA,1
FBXO45,8,0,0,0.976444494776243,NA,NA,NA,1
FRY,4,0,0,0.976444494776243,NA,NA,NA,1
GARNL3,2,0,0,0.976444494776243,NA,NA,NA,1
GRWD1,7,0,0,0.976444494776243,NA,NA,NA,1
GSDME,3,0,0,0.976444494776243,NA,NA,NA,1
HIBADH,4,0,0,0.976444494776243,NA,NA,NA,1
HMGA1,5,0,0,0.976444494776243,NA,NA,NA,1
HR,5,0,0,0.976444494776243,NA,NA,NA,1
ISG20,3,0,0,0.976444494776243,NA,NA,NA,1
ITGB3,10,0,0,0.976444494776243,NA,NA,NA,1
KIAA1551,6,0,0,0.976444494776243,NA,NA,NA,1
LYPLA1,5,0,0,0.976444494776243,NA,NA,NA,1
MAP3K20,5,0,0,0.976444494776243,NA,NA,NA,1
MEGF9,5,0,0,0.976444494776243,NA,NA,NA,1
MGST3,5,0,0,0.976444494776243,NA,NA,NA,1
MSRB3,5,0,0,0.976444494776243,NA,NA,NA,1
NOL12,6,0,0,0.976444494776243,NA,NA,NA,1
PALMD,4,0,0,0.976444494776243,NA,NA,NA,1
PEX6,3,0,0,0.976444494776243,NA,NA,NA,1
PIP5KL1,4,0,0,0.976444494776243,NA,NA,NA,1
POLA2,9,0,0,0.976444494776243,NA,NA,NA,1
POLL,4,0,0,0.976444494776243,NA,NA,NA,1
PRDM4,6,0,0,0.976444494776243,NA,NA,NA,1
PSIP1,11,0,0,0.976444494776243,NA,NA,NA,1
RIPK1,5,0,0,0.976444494776243,NA,NA,NA,1
SAMD10,3,0,0,0.976444494776243,NA,NA,NA,1
SLC27A5,2,0,0,0.976444494776243,NA,NA,NA,1
STAT3,5,0,0,0.976444494776243,NA,NA,NA,1
STEAP4,3,0,0,0.976444494776243,NA,NA,NA,1
STK10,3,0,0,0.976444494776243,NA,NA,NA,1
TBC1D14,5,0,0,0.976444494776243,NA,NA,NA,1
TBCCD1,4,0,0,0.976444494776243,NA,NA,NA,1
TCEA3,4,0,0,0.976444494776243,NA,NA,NA,1
TLR3,6,0,0,0.976444494776243,NA,NA,NA,1
UBE2E2,6,0,0,0.976444494776243,NA,NA,NA,1
UTP3,10,0,0,0.976444494776243,NA,NA,NA,1
VNN1,5,0,0,0.976444494776243,NA,NA,NA,1
ZNF106,10,0,0,0.976444494776243,NA,NA,NA,1
ZNF605,4,0,0,0.976444494776243,NA,NA,NA,1
ZNF618,5,0,0,0.976444494776243,NA,NA,NA,1
NCBP2,4,0,0,0.976504622536059,NA,NA,NA,1
ATP6V0A4,2,0,0,0.976568418921719,NA,NA,NA,1
BLOC1S3,2,0,0,0.976568418921719,NA,NA,NA,1
GPR37,5,0,0,0.976568418921719,NA,NA,NA,1
RNF130,3,0,0,0.976568418921719,NA,NA,NA,1
WASHC5,2,0,0,0.976568418921719,NA,NA,NA,1
FAM46B,2,0,0,0.976579836802423,NA,NA,NA,1
MSRA,2,0,0,0.976579836802423,NA,NA,NA,1
PSMD3,2,0,0,0.976579836802423,NA,NA,NA,1
TDRP,8,0,0,0.976579836802423,NA,NA,NA,1
ZNF256,3,0,0,0.976579836802423,NA,NA,NA,1
C15orf65,2,0,0,0.976590773588495,NA,NA,NA,1
ASB13,3,0,0,0.976623677534573,NA,NA,NA,1
POLR2C,4,0,0,0.976623677534573,NA,NA,NA,1
ZNF202,4,0,0,0.976623677534573,NA,NA,NA,1
C16orf70,7,0,0,0.976677138905252,NA,NA,NA,1
BCL6,2,0,0,0.976693920752564,NA,NA,NA,1
TWIST2,3,0,0,0.976693920752564,NA,NA,NA,1
EMP2,9,0,0,0.976715964430998,NA,NA,NA,1
PRKCH,2,0,0,0.976715964430998,NA,NA,NA,1
SWT1,6,0,0,0.976813338274931,NA,NA,NA,1
DALRD3,3,0,0,0.977092803182308,NA,NA,NA,1
OSER1,6,0,0,0.977092803182308,NA,NA,NA,1
ZER1,2,0,0,0.977092803182308,NA,NA,NA,1
PSMD6,9,0,0,0.977219525798399,NA,NA,NA,1
ANKRD18B,2,0,0,0.977249302020963,NA,NA,NA,1
ATXN2L,3,0,0,0.977249302020963,NA,NA,NA,1
BCL2L2-PABPN1,5,0,0,0.977249302020963,NA,NA,NA,1
C1D,4,0,0,0.977249302020963,NA,NA,NA,1
CNTNAP1,3,0,0,0.977249302020963,NA,NA,NA,1
CYSTM1,7,0,0,0.977249302020963,NA,NA,NA,1
GCAT,2,0,0,0.977249302020963,NA,NA,NA,1
HIRIP3,3,0,0,0.977249302020963,NA,NA,NA,1
JUNB,5,0,0,0.977249302020963,NA,NA,NA,1
KCNK2,2,0,0,0.977249302020963,NA,NA,NA,1
LAMP2,4,0,0,0.977249302020963,NA,NA,NA,1
LAMTOR5,4,0,0,0.977249302020963,NA,NA,NA,1
NDUFB3,3,0,0,0.977249302020963,NA,NA,NA,1
PELI3,5,0,0,0.977249302020963,NA,NA,NA,1
POLA1,3,0,0,0.977249302020963,NA,NA,NA,1
QSOX2,8,0,0,0.977249302020963,NA,NA,NA,1
RAB27A,6,0,0,0.977249302020963,NA,NA,NA,1
RTL8A,4,0,0,0.977249302020963,NA,NA,NA,1
SLC20A2,4,0,0,0.977249302020963,NA,NA,NA,1
SLC44A2,3,0,0,0.977249302020963,NA,NA,NA,1
SLC8B1,2,0,0,0.977249302020963,NA,NA,NA,1
SNIP1,9,0,0,0.977249302020963,NA,NA,NA,1
SRBD1,6,0,0,0.977249302020963,NA,NA,NA,1
TRPM7,9,0,0,0.977249302020963,NA,NA,NA,1
ZNF587B,3,0,0,0.977249302020963,NA,NA,NA,1
ZNF699,3,0,0,0.977249302020963,NA,NA,NA,1
CACNB1,4,0,0,0.977482143395979,NA,NA,NA,1
CD24,3,0,0,0.977482143395979,NA,NA,NA,1
IKBIP,3,0,0,0.977482143395979,NA,NA,NA,1
NUP107,4,0,0,0.977482143395979,NA,NA,NA,1
SNX8,5,0,0,0.977482143395979,NA,NA,NA,1
XDH,3,0,0,0.977482143395979,NA,NA,NA,1
CRYZ,7,0,0,0.977575237924981,NA,NA,NA,1
RIN2,5,0,0,0.977575237924981,NA,NA,NA,1
TTC1,5,0,0,0.977575237924981,NA,NA,NA,1
FAM49A,7,0,0,0.977611935894715,NA,NA,NA,1
FKBP10,3,0,0,0.977611935894715,NA,NA,NA,1
GUCD1,4,0,0,0.977611935894715,NA,NA,NA,1
HIF1A,8,0,0,0.977611935894715,NA,NA,NA,1
PCDHB5,3,0,0,0.977611935894715,NA,NA,NA,1
RDH10,7,0,0,0.977611935894715,NA,NA,NA,1
RND3,7,0,0,0.977611935894715,NA,NA,NA,1
SLC25A26,9,0,0,0.977611935894715,NA,NA,NA,1
SNRPB,2,0,0,0.977611935894715,NA,NA,NA,1
SPATA20,5,0,0,0.977611935894715,NA,NA,NA,1
STXBP3,3,0,0,0.977611935894715,NA,NA,NA,1
WDR47,4,0,0,0.977611935894715,NA,NA,NA,1
ZFYVE26,8,0,0,0.977611935894715,NA,NA,NA,1
OAZ2,7,0,0,0.977819789327597,NA,NA,NA,1
CERS2,9,0,0,0.977866308232144,NA,NA,NA,1
WDR55,10,0,0,0.977866308232144,NA,NA,NA,1
ADORA2B,5,0,0,0.977967186762568,NA,NA,NA,1
ATRX,8,0,0,0.977967186762568,NA,NA,NA,1
BICC1,5,0,0,0.977967186762568,NA,NA,NA,1
DNLZ,3,0,0,0.977967186762568,NA,NA,NA,1
EBPL,5,0,0,0.977967186762568,NA,NA,NA,1
PLSCR4,4,0,0,0.977967186762568,NA,NA,NA,1
SHF,12,0,0,0.977967186762568,NA,NA,NA,1
TCTN3,6,0,0,0.977967186762568,NA,NA,NA,1
TNIP3,2,0,0,0.977967186762568,NA,NA,NA,1
TSN,12,0,0,0.977967186762568,NA,NA,NA,1
ZMYND19,6,0,0,0.977967186762568,NA,NA,NA,1
MGLL,5,0,0,0.977988131505419,NA,NA,NA,1
NUSAP1,10,0,0,0.978055706673468,NA,NA,NA,1
TICRR,5,0,0,0.978055706673468,NA,NA,NA,1
ANKRD9,6,0,0,0.978099002662967,NA,NA,NA,1
BARD1,5,0,0,0.978099002662967,NA,NA,NA,1
BRF2,6,0,0,0.978099002662967,NA,NA,NA,1
CCDC84,2,0,0,0.978099002662967,NA,NA,NA,1
GEMIN7,3,0,0,0.978099002662967,NA,NA,NA,1
HLTF,3,0,0,0.978099002662967,NA,NA,NA,1
IL1RN,2,0,0,0.978099002662967,NA,NA,NA,1
NFKBIA,3,0,0,0.978099002662967,NA,NA,NA,1
PCID2,5,0,0,0.978099002662967,NA,NA,NA,1
PDK2,5,0,0,0.978099002662967,NA,NA,NA,1
PHACTR2,12,0,0,0.978099002662967,NA,NA,NA,1
PLEKHM3,3,0,0,0.978099002662967,NA,NA,NA,1
POLR2H,4,0,0,0.978099002662967,NA,NA,NA,1
STRAP,5,0,0,0.978099002662967,NA,NA,NA,1
ZHX1-C8orf76,5,0,0,0.978099002662967,NA,NA,NA,1
ERLIN1,5,0,0,0.978127067217965,NA,NA,NA,1
AARD,5,0,0,0.978129721384086,NA,NA,NA,1
SMAD7,5,0,0,0.978129721384086,NA,NA,NA,1
SNPH,2,0,0,0.978129721384086,NA,NA,NA,1
UBXN8,6,0,0,0.978129721384086,NA,NA,NA,1
UQCR10,6,0,0,0.978129721384086,NA,NA,NA,1
ADCY3,5,0,0,0.978192298304947,NA,NA,NA,1
ARPC4-TTLL3,2,0,0,0.978192298304947,NA,NA,NA,1
CBX6,8,0,0,0.978192298304947,NA,NA,NA,1
CDAN1,5,0,0,0.978192298304947,NA,NA,NA,1
DPP7,3,0,0,0.978192298304947,NA,NA,NA,1
KIF21A,5,0,0,0.978192298304947,NA,NA,NA,1
MAN1A1,4,0,0,0.978192298304947,NA,NA,NA,1
MCEE,5,0,0,0.978192298304947,NA,NA,NA,1
MCOLN2,3,0,0,0.978192298304947,NA,NA,NA,1
PDAP1,11,0,0,0.978192298304947,NA,NA,NA,1
RAB12,5,0,0,0.978192298304947,NA,NA,NA,1
SAMD4A,4,0,0,0.978192298304947,NA,NA,NA,1
SCMH1,3,0,0,0.978192298304947,NA,NA,NA,1
SLC45A4,3,0,0,0.978192298304947,NA,NA,NA,1
THOC7,12,0,0,0.978192298304947,NA,NA,NA,1
TMEM92,6,0,0,0.978192298304947,NA,NA,NA,1
VSIG1,2,0,0,0.978192298304947,NA,NA,NA,1
YIPF3,8,0,0,0.978192298304947,NA,NA,NA,1
ZNF792,9,0,0,0.978192298304947,NA,NA,NA,1
DYNC2H1,5,0,0,0.978279127877731,NA,NA,NA,1
QARS,2,0,0,0.978279127877731,NA,NA,NA,1
TOP2A,4,0,0,0.978279127877731,NA,NA,NA,1
KDM8,2,0,0,0.97839614657107,NA,NA,NA,1
ZNF284,6,0,0,0.97839614657107,NA,NA,NA,1
ANKRD52,8,0,0,0.978513344614836,NA,NA,NA,1
ATP2A2,3,0,0,0.978513344614836,NA,NA,NA,1
BATF3,2,0,0,0.978513344614836,NA,NA,NA,1
BZW2,2,0,0,0.978513344614836,NA,NA,NA,1
FAM167A,2,0,0,0.978513344614836,NA,NA,NA,1
FBXO4,3,0,0,0.978513344614836,NA,NA,NA,1
GFM2,4,0,0,0.978513344614836,NA,NA,NA,1
HOXC8,2,0,0,0.978513344614836,NA,NA,NA,1
LIMS1,6,0,0,0.978513344614836,NA,NA,NA,1
LRP4,8,0,0,0.978513344614836,NA,NA,NA,1
LYPD5,5,0,0,0.978513344614836,NA,NA,NA,1
MACF1,9,0,0,0.978513344614836,NA,NA,NA,1
PCBD1,2,0,0,0.978513344614836,NA,NA,NA,1
RBM19,3,0,0,0.978513344614836,NA,NA,NA,1
RNASEH2B,5,0,0,0.978513344614836,NA,NA,NA,1
SFT2D1,5,0,0,0.978513344614836,NA,NA,NA,1
SLC31A2,5,0,0,0.978513344614836,NA,NA,NA,1
SLC35C2,10,0,0,0.978513344614836,NA,NA,NA,1
SLCO2A1,2,0,0,0.978513344614836,NA,NA,NA,1
STK36,4,0,0,0.978513344614836,NA,NA,NA,1
TMIE,2,0,0,0.978513344614836,NA,NA,NA,1
WDR53,4,0,0,0.978513344614836,NA,NA,NA,1
GALNT3,5,0,0,0.978613891823632,NA,NA,NA,1
ARHGAP17,3,0,0,0.978793618338015,NA,NA,NA,1
C12orf76,4,0,0,0.978793618338015,NA,NA,NA,1
C21orf91,7,0,0,0.978793618338015,NA,NA,NA,1
MLST8,3,0,0,0.978793618338015,NA,NA,NA,1
RBBP8,6,0,0,0.978793618338015,NA,NA,NA,1
TMEM115,7,0,0,0.978793618338015,NA,NA,NA,1
AXL,7,0,0,0.978823042559325,NA,NA,NA,1
SMCR8,7,0,0,0.978823042559325,NA,NA,NA,1
SMIM13,7,0,0,0.978823042559325,NA,NA,NA,1
SPCS1,9,0,0,0.978823042559325,NA,NA,NA,1
BTN3A1,2,0,0,0.978997402130437,NA,NA,NA,1
LYPD3,2,0,0,0.978997402130437,NA,NA,NA,1
P2RY6,3,0,0,0.979090992808525,NA,NA,NA,1
JADE3,3,0,0,0.979209733197455,NA,NA,NA,1
SLX4IP,2,0,0,0.979209733197455,NA,NA,NA,1
ANKRD44,2,0,0,0.979239035818888,NA,NA,NA,1
ARID5B,2,0,0,0.979239035818888,NA,NA,NA,1
ATN1,4,0,0,0.979239035818888,NA,NA,NA,1
C16orf62,6,0,0,0.979239035818888,NA,NA,NA,1
CCT2,3,0,0,0.979239035818888,NA,NA,NA,1
CYP2R1,4,0,0,0.979239035818888,NA,NA,NA,1
DYNLL1,9,0,0,0.979239035818888,NA,NA,NA,1
EBAG9,6,0,0,0.979239035818888,NA,NA,NA,1
EDC3,5,0,0,0.979239035818888,NA,NA,NA,1
ELP5,4,0,0,0.979239035818888,NA,NA,NA,1
HCFC2,7,0,0,0.979239035818888,NA,NA,NA,1
KAT6B,5,0,0,0.979239035818888,NA,NA,NA,1
KDM4C,3,0,0,0.979239035818888,NA,NA,NA,1
KIAA2026,10,0,0,0.979239035818888,NA,NA,NA,1
KRT6A,2,0,0,0.979239035818888,NA,NA,NA,1
L1CAM,5,0,0,0.979239035818888,NA,NA,NA,1
MFSD12,7,0,0,0.979239035818888,NA,NA,NA,1
NEK4,7,0,0,0.979239035818888,NA,NA,NA,1
NOTCH2,10,0,0,0.979239035818888,NA,NA,NA,1
OSBPL3,14,0,0,0.979239035818888,NA,NA,NA,1
PINK1,6,0,0,0.979239035818888,NA,NA,NA,1
PPP3CB,7,0,0,0.979239035818888,NA,NA,NA,1
PRPF39,2,0,0,0.979239035818888,NA,NA,NA,1
PTPN22,2,0,0,0.979239035818888,NA,NA,NA,1
RBBP7,7,0,0,0.979239035818888,NA,NA,NA,1
RSG1,6,0,0,0.979239035818888,NA,NA,NA,1
SCLT1,3,0,0,0.979239035818888,NA,NA,NA,1
SEC24B,4,0,0,0.979239035818888,NA,NA,NA,1
SLC25A10,5,0,0,0.979239035818888,NA,NA,NA,1
SLC25A25,3,0,0,0.979239035818888,NA,NA,NA,1
SLC9A1,2,0,0,0.979239035818888,NA,NA,NA,1
SMAD6,6,0,0,0.979239035818888,NA,NA,NA,1
TAF3,7,0,0,0.979239035818888,NA,NA,NA,1
TBCE,4,0,0,0.979239035818888,NA,NA,NA,1
TMCO4,3,0,0,0.979239035818888,NA,NA,NA,1
TMCO6,5,0,0,0.979239035818888,NA,NA,NA,1
USPL1,3,0,0,0.979239035818888,NA,NA,NA,1
WASHC3,5,0,0,0.979239035818888,NA,NA,NA,1
ZNF580,3,0,0,0.979239035818888,NA,NA,NA,1
DDX50,2,0,0,0.979250022031289,NA,NA,NA,1
NDUFA1,2,0,0,0.979250022031289,NA,NA,NA,1
PAPOLA,6,0,0,0.979250022031289,NA,NA,NA,1
PEX11G,2,0,0,0.979250022031289,NA,NA,NA,1
SLIT2,7,0,0,0.979250022031289,NA,NA,NA,1
TIMM21,6,0,0,0.979250022031289,NA,NA,NA,1
TM9SF1,3,0,0,0.979250022031289,NA,NA,NA,1
TUBB2A,2,0,0,0.979250022031289,NA,NA,NA,1
GOSR1,7,0,0,0.979265499709395,NA,NA,NA,1
TMEM41B,3,0,0,0.979265499709395,NA,NA,NA,1
PODXL,6,0,0,0.979402845997462,NA,NA,NA,1
SLC25A22,2,0,0,0.979402845997462,NA,NA,NA,1
AAED1,2,0,0,0.979474522867625,NA,NA,NA,1
AAK1,16,0,0,0.979474522867625,NA,NA,NA,1
ACAD11,4,0,0,0.979474522867625,NA,NA,NA,1
ADGRE2,9,0,0,0.979474522867625,NA,NA,NA,1
ANKRD33B,3,0,0,0.979474522867625,NA,NA,NA,1
ARHGAP39,3,0,0,0.979474522867625,NA,NA,NA,1
ASF1A,5,0,0,0.979474522867625,NA,NA,NA,1
ATP5B,4,0,0,0.979474522867625,NA,NA,NA,1
ATP6V0C,4,0,0,0.979474522867625,NA,NA,NA,1
ATXN7,7,0,0,0.979474522867625,NA,NA,NA,1
BRD1,4,0,0,0.979474522867625,NA,NA,NA,1
C21orf59,5,0,0,0.979474522867625,NA,NA,NA,1
C2CD2,8,0,0,0.979474522867625,NA,NA,NA,1
CALML4,14,0,0,0.979474522867625,NA,NA,NA,1
CEP55,5,0,0,0.979474522867625,NA,NA,NA,1
CHID1,10,0,0,0.979474522867625,NA,NA,NA,1
CIB1,4,0,0,0.979474522867625,NA,NA,NA,1
COX15,3,0,0,0.979474522867625,NA,NA,NA,1
CSTA,2,0,0,0.979474522867625,NA,NA,NA,1
CYFIP1,2,0,0,0.979474522867625,NA,NA,NA,1
CYTH3,4,0,0,0.979474522867625,NA,NA,NA,1
DCAF4,4,0,0,0.979474522867625,NA,NA,NA,1
DDX5,6,0,0,0.979474522867625,NA,NA,NA,1
DGLUCY,4,0,0,0.979474522867625,NA,NA,NA,1
DQX1,2,0,0,0.979474522867625,NA,NA,NA,1
DRP2,2,0,0,0.979474522867625,NA,NA,NA,1
EID1,17,0,0,0.979474522867625,NA,NA,NA,1
EIF2B1,4,0,0,0.979474522867625,NA,NA,NA,1
EXOC3,4,0,0,0.979474522867625,NA,NA,NA,1
EXOSC4,4,0,0,0.979474522867625,NA,NA,NA,1
EXOSC8,4,0,0,0.979474522867625,NA,NA,NA,1
FAM107B,8,0,0,0.979474522867625,NA,NA,NA,1
FAM110B,6,0,0,0.979474522867625,NA,NA,NA,1
FAM160A1,6,0,0,0.979474522867625,NA,NA,NA,1
FAM162A,5,0,0,0.979474522867625,NA,NA,NA,1
FBXL6,2,0,0,0.979474522867625,NA,NA,NA,1
FBXO3,9,0,0,0.979474522867625,NA,NA,NA,1
FOXN3,6,0,0,0.979474522867625,NA,NA,NA,1
GABARAPL1,2,0,0,0.979474522867625,NA,NA,NA,1
GLG1,7,0,0,0.979474522867625,NA,NA,NA,1
GLT8D2,3,0,0,0.979474522867625,NA,NA,NA,1
GRK5,5,0,0,0.979474522867625,NA,NA,NA,1
HAUS8,3,0,0,0.979474522867625,NA,NA,NA,1
HLA-C,3,0,0,0.979474522867625,NA,NA,NA,1
HYAL3,4,0,0,0.979474522867625,NA,NA,NA,1
INPP5B,3,0,0,0.979474522867625,NA,NA,NA,1
KCNJ14,4,0,0,0.979474522867625,NA,NA,NA,1
KCNMB4,3,0,0,0.979474522867625,NA,NA,NA,1
KIF15,4,0,0,0.979474522867625,NA,NA,NA,1
KIF3B,7,0,0,0.979474522867625,NA,NA,NA,1
KLF4,4,0,0,0.979474522867625,NA,NA,NA,1
LANCL2,6,0,0,0.979474522867625,NA,NA,NA,1
LCLAT1,5,0,0,0.979474522867625,NA,NA,NA,1
MAGED2,3,0,0,0.979474522867625,NA,NA,NA,1
MAMSTR,5,0,0,0.979474522867625,NA,NA,NA,1
MAN1C1,3,0,0,0.979474522867625,NA,NA,NA,1
MECR,2,0,0,0.979474522867625,NA,NA,NA,1
MED19,4,0,0,0.979474522867625,NA,NA,NA,1
MIPEP,2,0,0,0.979474522867625,NA,NA,NA,1
MIS12,7,0,0,0.979474522867625,NA,NA,NA,1
MLLT10,6,0,0,0.979474522867625,NA,NA,NA,1
MPZL3,5,0,0,0.979474522867625,NA,NA,NA,1
MRPL21,2,0,0,0.979474522867625,NA,NA,NA,1
MTSS1L,3,0,0,0.979474522867625,NA,NA,NA,1
NENF,3,0,0,0.979474522867625,NA,NA,NA,1
NES,2,0,0,0.979474522867625,NA,NA,NA,1
NKX3-1,2,0,0,0.979474522867625,NA,NA,NA,1
NR3C1,6,0,0,0.979474522867625,NA,NA,NA,1
NUDCD1,9,0,0,0.979474522867625,NA,NA,NA,1
OAS3,4,0,0,0.979474522867625,NA,NA,NA,1
OPHN1,4,0,0,0.979474522867625,NA,NA,NA,1
OVCA2,6,0,0,0.979474522867625,NA,NA,NA,1
P3H1,2,0,0,0.979474522867625,NA,NA,NA,1
PAIP2,6,0,0,0.979474522867625,NA,NA,NA,1
PBXIP1,6,0,0,0.979474522867625,NA,NA,NA,1
PCBP1,7,0,0,0.979474522867625,NA,NA,NA,1
PDGFC,6,0,0,0.979474522867625,NA,NA,NA,1
PDLIM1,3,0,0,0.979474522867625,NA,NA,NA,1
PDZD11,7,0,0,0.979474522867625,NA,NA,NA,1
PFN4,6,0,0,0.979474522867625,NA,NA,NA,1
POFUT2,3,0,0,0.979474522867625,NA,NA,NA,1
POLD2,5,0,0,0.979474522867625,NA,NA,NA,1
PPRC1,2,0,0,0.979474522867625,NA,NA,NA,1
PROSER1,7,0,0,0.979474522867625,NA,NA,NA,1
PRR14L,4,0,0,0.979474522867625,NA,NA,NA,1
PSMD14,3,0,0,0.979474522867625,NA,NA,NA,1
PTGES2,2,0,0,0.979474522867625,NA,NA,NA,1
PTMA,4,0,0,0.979474522867625,NA,NA,NA,1
RAB3A,4,0,0,0.979474522867625,NA,NA,NA,1
RABL2B,2,0,0,0.979474522867625,NA,NA,NA,1
RASSF3,4,0,0,0.979474522867625,NA,NA,NA,1
RAVER1,2,0,0,0.979474522867625,NA,NA,NA,1
RBSN,9,0,0,0.979474522867625,NA,NA,NA,1
RFWD3,5,0,0,0.979474522867625,NA,NA,NA,1
RHBDF2,2,0,0,0.979474522867625,NA,NA,NA,1
RNF103,4,0,0,0.979474522867625,NA,NA,NA,1
RNF19A,3,0,0,0.979474522867625,NA,NA,NA,1
RPL35,2,0,0,0.979474522867625,NA,NA,NA,1
RPUSD1,2,0,0,0.979474522867625,NA,NA,NA,1
RRM1,7,0,0,0.979474522867625,NA,NA,NA,1
RSRC1,6,0,0,0.979474522867625,NA,NA,NA,1
RTN1,7,0,0,0.979474522867625,NA,NA,NA,1
SLC16A9,4,0,0,0.979474522867625,NA,NA,NA,1
SLC25A13,2,0,0,0.979474522867625,NA,NA,NA,1
SMAGP,4,0,0,0.979474522867625,NA,NA,NA,1
SOCS3,2,0,0,0.979474522867625,NA,NA,NA,1
SP140L,2,0,0,0.979474522867625,NA,NA,NA,1
SPP1,2,0,0,0.979474522867625,NA,NA,NA,1
SREBF1,4,0,0,0.979474522867625,NA,NA,NA,1
SSB,3,0,0,0.979474522867625,NA,NA,NA,1
STIM2,8,0,0,0.979474522867625,NA,NA,NA,1
SUOX,5,0,0,0.979474522867625,NA,NA,NA,1
SYNGR2,7,0,0,0.979474522867625,NA,NA,NA,1
TAOK2,2,0,0,0.979474522867625,NA,NA,NA,1
TCAF1,3,0,0,0.979474522867625,NA,NA,NA,1
TCERG1,3,0,0,0.979474522867625,NA,NA,NA,1
TEDC1,3,0,0,0.979474522867625,NA,NA,NA,1
TET2,2,0,0,0.979474522867625,NA,NA,NA,1
TFAP4,2,0,0,0.979474522867625,NA,NA,NA,1
THRA,4,0,0,0.979474522867625,NA,NA,NA,1
TIMMDC1,6,0,0,0.979474522867625,NA,NA,NA,1
TMEM159,5,0,0,0.979474522867625,NA,NA,NA,1
TMEM164,2,0,0,0.979474522867625,NA,NA,NA,1
TMEM170B,4,0,0,0.979474522867625,NA,NA,NA,1
TSFM,6,0,0,0.979474522867625,NA,NA,NA,1
TSNAX,4,0,0,0.979474522867625,NA,NA,NA,1
TSPAN15,3,0,0,0.979474522867625,NA,NA,NA,1
UQCRC1,2,0,0,0.979474522867625,NA,NA,NA,1
WDR20,3,0,0,0.979474522867625,NA,NA,NA,1
WLS,5,0,0,0.979474522867625,NA,NA,NA,1
ZBTB21,7,0,0,0.979474522867625,NA,NA,NA,1
ZDHHC6,5,0,0,0.979474522867625,NA,NA,NA,1
ZNF221,7,0,0,0.979474522867625,NA,NA,NA,1
ZNF473,4,0,0,0.979474522867625,NA,NA,NA,1
ZNF566,7,0,0,0.979474522867625,NA,NA,NA,1
ZNF583,6,0,0,0.979474522867625,NA,NA,NA,1
ZNF655,5,0,0,0.979474522867625,NA,NA,NA,1
ZW10,4,0,0,0.979474522867625,NA,NA,NA,1
ETS1,6,0,0,0.979515180073734,NA,NA,NA,1
GCH1,4,0,0,0.979515180073734,NA,NA,NA,1
UMAD1,3,0,0,0.979515180073734,NA,NA,NA,1
MRPL35,7,0,0,0.979523038749265,NA,NA,NA,1
NKX2-8,3,0,0,0.979523038749265,NA,NA,NA,1
AURKB,3,0,0,0.979581901323018,NA,NA,NA,1
EIF2B4,3,0,0,0.979581901323018,NA,NA,NA,1
PPP5C,3,0,0,0.979581901323018,NA,NA,NA,1
KMT5A,4,0,0,0.979619739684046,NA,NA,NA,1
SAP30BP,8,0,0,0.979619739684046,NA,NA,NA,1
RPS27A,4,0,0,0.979686491285845,NA,NA,NA,1
ATP6AP1,6,0,0,0.979846837129044,NA,NA,NA,1
DNAJC24,9,0,0,0.979846837129044,NA,NA,NA,1
TIGD1,3,0,0,0.979846837129044,NA,NA,NA,1
TRIM25,10,0,0,0.979846837129044,NA,NA,NA,1
ACAT1,4,0,0,0.979888656186338,NA,NA,NA,1
ADAM21,3,0,0,0.979888656186338,NA,NA,NA,1
ADNP,9,0,0,0.979888656186338,NA,NA,NA,1
AFTPH,2,0,0,0.979888656186338,NA,NA,NA,1
ALCAM,11,0,0,0.979888656186338,NA,NA,NA,1
ANKRD49,7,0,0,0.979888656186338,NA,NA,NA,1
APCDD1L,3,0,0,0.979888656186338,NA,NA,NA,1
ATP6V1H,3,0,0,0.979888656186338,NA,NA,NA,1
B3GALT5,3,0,0,0.979888656186338,NA,NA,NA,1
BECN1,7,0,0,0.979888656186338,NA,NA,NA,1
BIRC2,3,0,0,0.979888656186338,NA,NA,NA,1
BMP6,6,0,0,0.979888656186338,NA,NA,NA,1
C12orf60,2,0,0,0.979888656186338,NA,NA,NA,1
C17orf75,3,0,0,0.979888656186338,NA,NA,NA,1
CALCOCO1,6,0,0,0.979888656186338,NA,NA,NA,1
CASP3,4,0,0,0.979888656186338,NA,NA,NA,1
CCDC117,9,0,0,0.979888656186338,NA,NA,NA,1
CCDC174,11,0,0,0.979888656186338,NA,NA,NA,1
CDC23,5,0,0,0.979888656186338,NA,NA,NA,1
COX10,9,0,0,0.979888656186338,NA,NA,NA,1
CREBRF,3,0,0,0.979888656186338,NA,NA,NA,1
CWF19L2,8,0,0,0.979888656186338,NA,NA,NA,1
DAD1,4,0,0,0.979888656186338,NA,NA,NA,1
DUS2,3,0,0,0.979888656186338,NA,NA,NA,1
DUSP16,4,0,0,0.979888656186338,NA,NA,NA,1
ECHS1,4,0,0,0.979888656186338,NA,NA,NA,1
EIF6,2,0,0,0.979888656186338,NA,NA,NA,1
ESS2,4,0,0,0.979888656186338,NA,NA,NA,1
FAAH,3,0,0,0.979888656186338,NA,NA,NA,1
FAM103A1,3,0,0,0.979888656186338,NA,NA,NA,1
FAM160B2,4,0,0,0.979888656186338,NA,NA,NA,1
FGFR1OP2,5,0,0,0.979888656186338,NA,NA,NA,1
FUT11,11,0,0,0.979888656186338,NA,NA,NA,1
GRAMD1C,2,0,0,0.979888656186338,NA,NA,NA,1
HES7,5,0,0,0.979888656186338,NA,NA,NA,1
HNRNPH1,6,0,0,0.979888656186338,NA,NA,NA,1
HOXC6,2,0,0,0.979888656186338,NA,NA,NA,1
IFT52,4,0,0,0.979888656186338,NA,NA,NA,1
IL20RB,3,0,0,0.979888656186338,NA,NA,NA,1
IL7R,5,0,0,0.979888656186338,NA,NA,NA,1
INTS4,4,0,0,0.979888656186338,NA,NA,NA,1
IRAK1,8,0,0,0.979888656186338,NA,NA,NA,1
ITGA5,4,0,0,0.979888656186338,NA,NA,NA,1
ITPR1,3,0,0,0.979888656186338,NA,NA,NA,1
KIF20A,7,0,0,0.979888656186338,NA,NA,NA,1
KRT10,5,0,0,0.979888656186338,NA,NA,NA,1
LIN52,5,0,0,0.979888656186338,NA,NA,NA,1
LRBA,8,0,0,0.979888656186338,NA,NA,NA,1
MBNL3,10,0,0,0.979888656186338,NA,NA,NA,1
MCM7,4,0,0,0.979888656186338,NA,NA,NA,1
MIGA1,9,0,0,0.979888656186338,NA,NA,NA,1
MMP24OS,4,0,0,0.979888656186338,NA,NA,NA,1
MMRN2,2,0,0,0.979888656186338,NA,NA,NA,1
MORC2,5,0,0,0.979888656186338,NA,NA,NA,1
MRPL20,3,0,0,0.979888656186338,NA,NA,NA,1
MRPL48,3,0,0,0.979888656186338,NA,NA,NA,1
MTFR1L,7,0,0,0.979888656186338,NA,NA,NA,1
NAF1,9,0,0,0.979888656186338,NA,NA,NA,1
NANS,4,0,0,0.979888656186338,NA,NA,NA,1
NME3,4,0,0,0.979888656186338,NA,NA,NA,1
NMRK1,4,0,0,0.979888656186338,NA,NA,NA,1
ORAI1,2,0,0,0.979888656186338,NA,NA,NA,1
PNPLA3,6,0,0,0.979888656186338,NA,NA,NA,1
PPARG,3,0,0,0.979888656186338,NA,NA,NA,1
PPM1N,7,0,0,0.979888656186338,NA,NA,NA,1
PRKD1,3,0,0,0.979888656186338,NA,NA,NA,1
RARRES3,2,0,0,0.979888656186338,NA,NA,NA,1
RGMB,8,0,0,0.979888656186338,NA,NA,NA,1
RGS5,5,0,0,0.979888656186338,NA,NA,NA,1
ROR1,8,0,0,0.979888656186338,NA,NA,NA,1
RPL28,3,0,0,0.979888656186338,NA,NA,NA,1
RRN3,4,0,0,0.979888656186338,NA,NA,NA,1
S100A14,3,0,0,0.979888656186338,NA,NA,NA,1
SCNN1G,3,0,0,0.979888656186338,NA,NA,NA,1
SELENOH,3,0,0,0.979888656186338,NA,NA,NA,1
SLC2A4RG,7,0,0,0.979888656186338,NA,NA,NA,1
SLC39A10,4,0,0,0.979888656186338,NA,NA,NA,1
SLC6A8,2,0,0,0.979888656186338,NA,NA,NA,1
SMAP1,8,0,0,0.979888656186338,NA,NA,NA,1
SMAP2,4,0,0,0.979888656186338,NA,NA,NA,1
SNUPN,3,0,0,0.979888656186338,NA,NA,NA,1
SPA17,5,0,0,0.979888656186338,NA,NA,NA,1
STRA6,2,0,0,0.979888656186338,NA,NA,NA,1
TM2D3,2,0,0,0.979888656186338,NA,NA,NA,1
TNC,4,0,0,0.979888656186338,NA,NA,NA,1
TRIM52,5,0,0,0.979888656186338,NA,NA,NA,1
UBR2,5,0,0,0.979888656186338,NA,NA,NA,1
USP5,2,0,0,0.979888656186338,NA,NA,NA,1
WDR75,9,0,0,0.979888656186338,NA,NA,NA,1
ZFAND2A,5,0,0,0.979888656186338,NA,NA,NA,1
ZFP1,4,0,0,0.979888656186338,NA,NA,NA,1
ZNF230,8,0,0,0.979888656186338,NA,NA,NA,1
ZNF451,10,0,0,0.979888656186338,NA,NA,NA,1
ZNF669,7,0,0,0.979888656186338,NA,NA,NA,1
ZNF81,7,0,0,0.979888656186338,NA,NA,NA,1
ZNF93,4,0,0,0.979888656186338,NA,NA,NA,1
ZSWIM1,2,0,0,0.979888656186338,NA,NA,NA,1
ACAT2,15,0,0,0.979891510829828,NA,NA,NA,1
ANKHD1-EIF4EBP3,9,0,0,0.979891510829828,NA,NA,NA,1
ARHGAP24,4,0,0,0.979891510829828,NA,NA,NA,1
CNN2,2,0,0,0.979891510829828,NA,NA,NA,1
FNDC3A,9,0,0,0.979891510829828,NA,NA,NA,1
GABRA2,4,0,0,0.979891510829828,NA,NA,NA,1
ISG20L2,7,0,0,0.979891510829828,NA,NA,NA,1
LAMA1,3,0,0,0.979891510829828,NA,NA,NA,1
LANCL1,11,0,0,0.979891510829828,NA,NA,NA,1
MANF,6,0,0,0.979891510829828,NA,NA,NA,1
MRPS15,4,0,0,0.979891510829828,NA,NA,NA,1
OS9,12,0,0,0.979891510829828,NA,NA,NA,1
PDGFD,4,0,0,0.979891510829828,NA,NA,NA,1
PIM1,5,0,0,0.979891510829828,NA,NA,NA,1
PIP4K2C,4,0,0,0.979891510829828,NA,NA,NA,1
REEP6,2,0,0,0.979891510829828,NA,NA,NA,1
RRP12,2,0,0,0.979891510829828,NA,NA,NA,1
SLC9A3R2,3,0,0,0.979891510829828,NA,NA,NA,1
SPC24,6,0,0,0.979891510829828,NA,NA,NA,1
SPRED3,3,0,0,0.979891510829828,NA,NA,NA,1
TBX3,9,0,0,0.979891510829828,NA,NA,NA,1
TSGA10,2,0,0,0.979891510829828,NA,NA,NA,1
ZNF500,7,0,0,0.979891510829828,NA,NA,NA,1
FKRP,5,0,0,0.979903378139531,NA,NA,NA,1
ATP2B4,6,0,0,0.980073358341795,NA,NA,NA,1
CALM3,5,0,0,0.980073358341795,NA,NA,NA,1
DGKZ,2,0,0,0.980073358341795,NA,NA,NA,1
JCAD,5,0,0,0.980073358341795,NA,NA,NA,1
PEBP1,6,0,0,0.980073358341795,NA,NA,NA,1
BMF,4,0,0,0.98014837178597,NA,NA,NA,1
BTG2,2,0,0,0.98014837178597,NA,NA,NA,1
CCDC71,4,0,0,0.98014837178597,NA,NA,NA,1
CREB3L4,6,0,0,0.98014837178597,NA,NA,NA,1
EPB41L4B,5,0,0,0.98014837178597,NA,NA,NA,1
LARGE1,3,0,0,0.98014837178597,NA,NA,NA,1
NARS2,6,0,0,0.98014837178597,NA,NA,NA,1
STK35,3,0,0,0.98014837178597,NA,NA,NA,1
STUB1,10,0,0,0.98014837178597,NA,NA,NA,1
UBP1,8,0,0,0.98014837178597,NA,NA,NA,1
WAPL,4,0,0,0.98014837178597,NA,NA,NA,1
WDCP,3,0,0,0.98014837178597,NA,NA,NA,1
WDR61,3,0,0,0.98014837178597,NA,NA,NA,1
AMZ2,4,0,0,0.980195175966697,NA,NA,NA,1
JOSD1,7,0,0,0.980195175966697,NA,NA,NA,1
CUL7,2,0,0,0.980255550796265,NA,NA,NA,1
CXCL5,3,0,0,0.980255550796265,NA,NA,NA,1
SYF2,8,0,0,0.980255550796265,NA,NA,NA,1
HIST1H2BC,7,0,0,0.98031717264671,NA,NA,NA,1
BMP8B,4,0,0,0.980449490086582,NA,NA,NA,1
H3F3A,5,0,0,0.980449490086582,NA,NA,NA,1
MSS51,4,0,0,0.980449490086582,NA,NA,NA,1
AEN,2,0,0,0.980680485919487,NA,NA,NA,1
BORCS8,3,0,0,0.980685491825991,NA,NA,NA,1
MSRB1,5,0,0,0.98070729989869,NA,NA,NA,1
SMARCA1,4,0,0,0.980781975751535,NA,NA,NA,1
BTBD19,3,0,0,0.980844587167424,NA,NA,NA,1
ZNF600,2,0,0,0.980858012285921,NA,NA,NA,1
DNAJB5,7,0,0,0.980885921418636,NA,NA,NA,1
APOL2,2,0,0,0.980937008615045,NA,NA,NA,1
DENND6A,4,0,0,0.980965857880384,NA,NA,NA,1
ZNF860,8,0,0,0.981280458671055,NA,NA,NA,1
NAPA,5,0,0,0.981372154152365,NA,NA,NA,1
PROCR,5,0,0,0.981372154152365,NA,NA,NA,1
CCT8,5,0,0,0.981398663461435,NA,NA,NA,1
MAP3K5,3,0,0,0.981398663461435,NA,NA,NA,1
ORMDL3,5,0,0,0.981398663461435,NA,NA,NA,1
TMEM216,4,0,0,0.981398663461435,NA,NA,NA,1
TNFAIP2,2,0,0,0.981398663461435,NA,NA,NA,1
TOX2,2,0,0,0.981398663461435,NA,NA,NA,1
NOV,4,0,0,0.981450226381458,NA,NA,NA,1
HMG20A,3,0,0,0.981458692462257,NA,NA,NA,1
ST8SIA1,2,0,0,0.981481976921508,NA,NA,NA,1
RNASEL,2,0,0,0.981516537289645,NA,NA,NA,1
CCNT2,13,0,0,0.98151891061531,NA,NA,NA,1
TRAPPC10,8,0,0,0.981555208816923,NA,NA,NA,1
ARAP3,3,0,0,0.981772345313884,NA,NA,NA,1
ATP6V0D1,2,0,0,0.981772345313884,NA,NA,NA,1
MSANTD2,7,0,0,0.981772345313884,NA,NA,NA,1
CALR,7,0,0,0.981804946119689,NA,NA,NA,1
CENPM,8,0,0,0.981804946119689,NA,NA,NA,1
CFDP1,5,0,0,0.981804946119689,NA,NA,NA,1
DTL,10,0,0,0.981804946119689,NA,NA,NA,1
FUZ,2,0,0,0.981804946119689,NA,NA,NA,1
ITPA,2,0,0,0.981804946119689,NA,NA,NA,1
LIPA,5,0,0,0.981804946119689,NA,NA,NA,1
MID1,10,0,0,0.981804946119689,NA,NA,NA,1
MRNIP,5,0,0,0.981804946119689,NA,NA,NA,1
PAIP1,3,0,0,0.981804946119689,NA,NA,NA,1
PRMT1,5,0,0,0.981804946119689,NA,NA,NA,1
RAPGEF6,4,0,0,0.981804946119689,NA,NA,NA,1
SOX6,4,0,0,0.981804946119689,NA,NA,NA,1
TYMSOS,5,0,0,0.981804946119689,NA,NA,NA,1
UNC13B,4,0,0,0.981804946119689,NA,NA,NA,1
LRRC8A,5,0,0,0.98210321015275,NA,NA,NA,1
ANXA2R,2,0,0,0.982476419861627,NA,NA,NA,1
GRHPR,7,0,0,0.982476419861627,NA,NA,NA,1
SLC16A6,3,0,0,0.982476419861627,NA,NA,NA,1
ZSWIM6,4,0,0,0.982476419861627,NA,NA,NA,1
BRSK1,2,0,0,0.982498071641937,NA,NA,NA,1
PPM1L,10,0,0,0.982498071641937,NA,NA,NA,1
PRDM8,3,0,0,0.982728882519971,NA,NA,NA,1
SH2B3,3,0,0,0.982998551406458,NA,NA,NA,1
ZNF24,8,0,0,0.982998551406458,NA,NA,NA,1
MRPL51,8,0,0,0.983062140173047,NA,NA,NA,1
TCEANC,5,0,0,0.983062140173047,NA,NA,NA,1
TMEM136,4,0,0,0.983062140173047,NA,NA,NA,1
B4GALNT1,3,0,0,0.983076821424253,NA,NA,NA,1
H2AFX,7,0,0,0.983076821424253,NA,NA,NA,1
RWDD2A,4,0,0,0.983076821424253,NA,NA,NA,1
SAFB,2,0,0,0.983076821424253,NA,NA,NA,1
ATP5G2,2,0,0,0.983083134920605,NA,NA,NA,1
APEH,4,0,0,0.983187855504974,NA,NA,NA,1
C2CD4C,2,0,0,0.983187855504974,NA,NA,NA,1
CEP295,2,0,0,0.983187855504974,NA,NA,NA,1
CLK3,4,0,0,0.983187855504974,NA,NA,NA,1
DCAF8,6,0,0,0.983187855504974,NA,NA,NA,1
DNAAF5,2,0,0,0.983187855504974,NA,NA,NA,1
EPS8L1,5,0,0,0.983187855504974,NA,NA,NA,1
GDE1,6,0,0,0.983187855504974,NA,NA,NA,1
HLA-B,3,0,0,0.983187855504974,NA,NA,NA,1
HOXB2,2,0,0,0.983187855504974,NA,NA,NA,1
HOXB6,2,0,0,0.983187855504974,NA,NA,NA,1
IST1,6,0,0,0.983187855504974,NA,NA,NA,1
KIAA0100,3,0,0,0.983187855504974,NA,NA,NA,1
MGME1,3,0,0,0.983187855504974,NA,NA,NA,1
MPND,4,0,0,0.983187855504974,NA,NA,NA,1
NINJ1,2,0,0,0.983187855504974,NA,NA,NA,1
PAIP2B,4,0,0,0.983187855504974,NA,NA,NA,1
POLR2K,4,0,0,0.983187855504974,NA,NA,NA,1
PPOX,2,0,0,0.983187855504974,NA,NA,NA,1
RNASET2,7,0,0,0.983187855504974,NA,NA,NA,1
RRS1,6,0,0,0.983187855504974,NA,NA,NA,1
TNIK,9,0,0,0.983187855504974,NA,NA,NA,1
ZBTB2,5,0,0,0.983187855504974,NA,NA,NA,1
ZNF432,4,0,0,0.983187855504974,NA,NA,NA,1
CFAP20,2,0,0,0.983480089233141,NA,NA,NA,1
CPNE8,3,0,0,0.983480089233141,NA,NA,NA,1
FBXO36,4,0,0,0.983480089233141,NA,NA,NA,1
VSIR,5,0,0,0.983480089233141,NA,NA,NA,1
ADGRE5,5,0,0,0.983558219478029,NA,NA,NA,1
FTSJ1,4,0,0,0.983558310160621,NA,NA,NA,1
FAM219B,2,0,0,0.983663447023636,NA,NA,NA,1
MPV17L2,3,0,0,0.983663447023636,NA,NA,NA,1
TNFAIP8L2-SCNM1,4,0,0,0.983663447023636,NA,NA,NA,1
DNA2,4,0,0,0.983664920197854,NA,NA,NA,1
MFSD9,9,0,0,0.983664920197854,NA,NA,NA,1
CHD8,3,0,0,0.983667443062958,NA,NA,NA,1
CORO6,3,0,0,0.983667443062958,NA,NA,NA,1
CYFIP2,3,0,0,0.983667443062958,NA,NA,NA,1
NDUFAB1,5,0,0,0.983667443062958,NA,NA,NA,1
PHF13,4,0,0,0.983667443062958,NA,NA,NA,1
PRRG4,10,0,0,0.983667443062958,NA,NA,NA,1
VAT1,5,0,0,0.983667443062958,NA,NA,NA,1
C12orf4,12,0,0,0.983813614477851,NA,NA,NA,1
CA11,2,0,0,0.983813614477851,NA,NA,NA,1
FEN1,3,0,0,0.983813614477851,NA,NA,NA,1
MEA1,8,0,0,0.983835131801212,NA,NA,NA,1
UBOX5,2,0,0,0.983835131801212,NA,NA,NA,1
SLC11A2,5,0,0,0.983870193813182,NA,NA,NA,1
ADA,3,0,0,0.984011299627967,NA,NA,NA,1
CDC7,8,0,0,0.984011299627967,NA,NA,NA,1
CHAF1B,5,0,0,0.984011299627967,NA,NA,NA,1
MIDN,7,0,0,0.984011299627967,NA,NA,NA,1
MYLIP,7,0,0,0.984011299627967,NA,NA,NA,1
NSUN2,3,0,0,0.984011299627967,NA,NA,NA,1
PLCE1,3,0,0,0.984011299627967,NA,NA,NA,1
RABGGTA,2,0,0,0.984011299627967,NA,NA,NA,1
RABGGTB,7,0,0,0.984011299627967,NA,NA,NA,1
RAI14,4,0,0,0.984011299627967,NA,NA,NA,1
RALGPS1,3,0,0,0.984011299627967,NA,NA,NA,1
S100A6,4,0,0,0.984011299627967,NA,NA,NA,1
TACO1,6,0,0,0.984011299627967,NA,NA,NA,1
YEATS2,4,0,0,0.984011299627967,NA,NA,NA,1
ZNF250,9,0,0,0.984011299627967,NA,NA,NA,1
ZNF598,2,0,0,0.984011299627967,NA,NA,NA,1
ACAD10,4,0,0,0.984329041270157,NA,NA,NA,1
ACTR1A,12,0,0,0.984329041270157,NA,NA,NA,1
ADGRL1,7,0,0,0.984329041270157,NA,NA,NA,1
AGRN,3,0,0,0.984329041270157,NA,NA,NA,1
ALG5,5,0,0,0.984329041270157,NA,NA,NA,1
ALKBH4,6,0,0,0.984329041270157,NA,NA,NA,1
APOBEC3C,3,0,0,0.984329041270157,NA,NA,NA,1
ARHGAP42,11,0,0,0.984329041270157,NA,NA,NA,1
ARHGEF1,2,0,0,0.984329041270157,NA,NA,NA,1
ATRAID,2,0,0,0.984329041270157,NA,NA,NA,1
ATXN1L,3,0,0,0.984329041270157,NA,NA,NA,1
BBS12,3,0,0,0.984329041270157,NA,NA,NA,1
BHLHE40,4,0,0,0.984329041270157,NA,NA,NA,1
BRAF,8,0,0,0.984329041270157,NA,NA,NA,1
C11orf52,3,0,0,0.984329041270157,NA,NA,NA,1
C19orf70,3,0,0,0.984329041270157,NA,NA,NA,1
C9orf16,2,0,0,0.984329041270157,NA,NA,NA,1
CCAR2,4,0,0,0.984329041270157,NA,NA,NA,1
CCDC107,3,0,0,0.984329041270157,NA,NA,NA,1
CCDC124,2,0,0,0.984329041270157,NA,NA,NA,1
CCDC186,8,0,0,0.984329041270157,NA,NA,NA,1
CCDC28A,2,0,0,0.984329041270157,NA,NA,NA,1
CCDC66,6,0,0,0.984329041270157,NA,NA,NA,1
CCDC78,2,0,0,0.984329041270157,NA,NA,NA,1
CCDC9,3,0,0,0.984329041270157,NA,NA,NA,1
CD40,9,0,0,0.984329041270157,NA,NA,NA,1
CEP290,3,0,0,0.984329041270157,NA,NA,NA,1
CHD4,4,0,0,0.984329041270157,NA,NA,NA,1
CHEK2,2,0,0,0.984329041270157,NA,NA,NA,1
CHP1,4,0,0,0.984329041270157,NA,NA,NA,1
CNP,4,0,0,0.984329041270157,NA,NA,NA,1
CNTROB,2,0,0,0.984329041270157,NA,NA,NA,1
COPZ2,2,0,0,0.984329041270157,NA,NA,NA,1
COQ8A,4,0,0,0.984329041270157,NA,NA,NA,1
COX6B2,4,0,0,0.984329041270157,NA,NA,NA,1
CPSF7,3,0,0,0.984329041270157,NA,NA,NA,1
CTXN1,3,0,0,0.984329041270157,NA,NA,NA,1
CYP27C1,5,0,0,0.984329041270157,NA,NA,NA,1
DDX42,6,0,0,0.984329041270157,NA,NA,NA,1
DESI1,6,0,0,0.984329041270157,NA,NA,NA,1
DGKQ,5,0,0,0.984329041270157,NA,NA,NA,1
DLGAP5,8,0,0,0.984329041270157,NA,NA,NA,1
DMXL2,4,0,0,0.984329041270157,NA,NA,NA,1
DNASE1,3,0,0,0.984329041270157,NA,NA,NA,1
DOCK9,7,0,0,0.984329041270157,NA,NA,NA,1
EDA2R,3,0,0,0.984329041270157,NA,NA,NA,1
EEF1AKMT3,2,0,0,0.984329041270157,NA,NA,NA,1
EGLN2,2,0,0,0.984329041270157,NA,NA,NA,1
EIF3I,4,0,0,0.984329041270157,NA,NA,NA,1
ERAL1,2,0,0,0.984329041270157,NA,NA,NA,1
FAM13A,7,0,0,0.984329041270157,NA,NA,NA,1
FAM161B,8,0,0,0.984329041270157,NA,NA,NA,1
FAM212A,3,0,0,0.984329041270157,NA,NA,NA,1
FAM83D,4,0,0,0.984329041270157,NA,NA,NA,1
FBXO46,3,0,0,0.984329041270157,NA,NA,NA,1
FOXA1,5,0,0,0.984329041270157,NA,NA,NA,1
GLIS3,5,0,0,0.984329041270157,NA,NA,NA,1
HDAC7,2,0,0,0.984329041270157,NA,NA,NA,1
HDLBP,2,0,0,0.984329041270157,NA,NA,NA,1
HIST1H2AL,5,0,0,0.984329041270157,NA,NA,NA,1
HLX,3,0,0,0.984329041270157,NA,NA,NA,1
HOXA2,5,0,0,0.984329041270157,NA,NA,NA,1
HPRT1,12,0,0,0.984329041270157,NA,NA,NA,1
HPS1,2,0,0,0.984329041270157,NA,NA,NA,1
HS6ST1,5,0,0,0.984329041270157,NA,NA,NA,1
HSF1,3,0,0,0.984329041270157,NA,NA,NA,1
HSPB1,6,0,0,0.984329041270157,NA,NA,NA,1
HTT,5,0,0,0.984329041270157,NA,NA,NA,1
IMMP1L,3,0,0,0.984329041270157,NA,NA,NA,1
ISL1,4,0,0,0.984329041270157,NA,NA,NA,1
KAT2B,3,0,0,0.984329041270157,NA,NA,NA,1
KPNA4,15,0,0,0.984329041270157,NA,NA,NA,1
LAMB3,5,0,0,0.984329041270157,NA,NA,NA,1
LASP1,5,0,0,0.984329041270157,NA,NA,NA,1
LIAS,4,0,0,0.984329041270157,NA,NA,NA,1
LOC100505549,4,0,0,0.984329041270157,NA,NA,NA,1
LRFN1,2,0,0,0.984329041270157,NA,NA,NA,1
LYAR,5,0,0,0.984329041270157,NA,NA,NA,1
MAD2L2,2,0,0,0.984329041270157,NA,NA,NA,1
MAP3K6,3,0,0,0.984329041270157,NA,NA,NA,1
MAPK8IP3,2,0,0,0.984329041270157,NA,NA,NA,1
MINPP1,4,0,0,0.984329041270157,NA,NA,NA,1
MRM2,2,0,0,0.984329041270157,NA,NA,NA,1
MRPL13,4,0,0,0.984329041270157,NA,NA,NA,1
MRPL18,5,0,0,0.984329041270157,NA,NA,NA,1
MRPL9,2,0,0,0.984329041270157,NA,NA,NA,1
MRPS14,20,0,0,0.984329041270157,NA,NA,NA,1
MRPS17,4,0,0,0.984329041270157,NA,NA,NA,1
MRPS36,5,0,0,0.984329041270157,NA,NA,NA,1
MSL2,4,0,0,0.984329041270157,NA,NA,NA,1
MZF1,2,0,0,0.984329041270157,NA,NA,NA,1
N4BP2L1,5,0,0,0.984329041270157,NA,NA,NA,1
N6AMT1,4,0,0,0.984329041270157,NA,NA,NA,1
NELFCD,10,0,0,0.984329041270157,NA,NA,NA,1
NME1,2,0,0,0.984329041270157,NA,NA,NA,1
NVL,4,0,0,0.984329041270157,NA,NA,NA,1
ORC6,2,0,0,0.984329041270157,NA,NA,NA,1
PARG,4,0,0,0.984329041270157,NA,NA,NA,1
PAXX,5,0,0,0.984329041270157,NA,NA,NA,1
PCMTD2,11,0,0,0.984329041270157,NA,NA,NA,1
PDPR,8,0,0,0.984329041270157,NA,NA,NA,1
PDSS1,2,0,0,0.984329041270157,NA,NA,NA,1
PFKFB3,4,0,0,0.984329041270157,NA,NA,NA,1
PFKP,6,0,0,0.984329041270157,NA,NA,NA,1
PGBD5,5,0,0,0.984329041270157,NA,NA,NA,1
PHOSPHO2-KLHL23,8,0,0,0.984329041270157,NA,NA,NA,1
PIGBOS1,5,0,0,0.984329041270157,NA,NA,NA,1
PIGQ,3,0,0,0.984329041270157,NA,NA,NA,1
PITPNC1,13,0,0,0.984329041270157,NA,NA,NA,1
PLEKHA7,4,0,0,0.984329041270157,NA,NA,NA,1
PLPP4,5,0,0,0.984329041270157,NA,NA,NA,1
PPARD,3,0,0,0.984329041270157,NA,NA,NA,1
PRC1,3,0,0,0.984329041270157,NA,NA,NA,1
PRELID1,6,0,0,0.984329041270157,NA,NA,NA,1
PRKACB,7,0,0,0.984329041270157,NA,NA,NA,1
PRKAG1,3,0,0,0.984329041270157,NA,NA,NA,1
PRKAR1B,3,0,0,0.984329041270157,NA,NA,NA,1
PRKD3,7,0,0,0.984329041270157,NA,NA,NA,1
PROCA1,2,0,0,0.984329041270157,NA,NA,NA,1
PROM2,2,0,0,0.984329041270157,NA,NA,NA,1
PRR15,4,0,0,0.984329041270157,NA,NA,NA,1
PSMG3,2,0,0,0.984329041270157,NA,NA,NA,1
RAB33B,5,0,0,0.984329041270157,NA,NA,NA,1
RAPGEF2,2,0,0,0.984329041270157,NA,NA,NA,1
REEP1,4,0,0,0.984329041270157,NA,NA,NA,1
REV1,4,0,0,0.984329041270157,NA,NA,NA,1
RNF165,4,0,0,0.984329041270157,NA,NA,NA,1
RNPEP,3,0,0,0.984329041270157,NA,NA,NA,1
RPS13,3,0,0,0.984329041270157,NA,NA,NA,1
RRAGB,5,0,0,0.984329041270157,NA,NA,NA,1
RRAGD,3,0,0,0.984329041270157,NA,NA,NA,1
RSC1A1,5,0,0,0.984329041270157,NA,NA,NA,1
SCNN1A,4,0,0,0.984329041270157,NA,NA,NA,1
SERPINA3,2,0,0,0.984329041270157,NA,NA,NA,1
SERPINH1,6,0,0,0.984329041270157,NA,NA,NA,1
SGSH,4,0,0,0.984329041270157,NA,NA,NA,1
SHISA5,7,0,0,0.984329041270157,NA,NA,NA,1
SIN3B,2,0,0,0.984329041270157,NA,NA,NA,1
SIX2,3,0,0,0.984329041270157,NA,NA,NA,1
SLC12A6,7,0,0,0.984329041270157,NA,NA,NA,1
SLC35A4,2,0,0,0.984329041270157,NA,NA,NA,1
SLC39A8,4,0,0,0.984329041270157,NA,NA,NA,1
SLC50A1,2,0,0,0.984329041270157,NA,NA,NA,1
SMAD9,8,0,0,0.984329041270157,NA,NA,NA,1
SNTB1,3,0,0,0.984329041270157,NA,NA,NA,1
SRGAP2B,2,0,0,0.984329041270157,NA,NA,NA,1
SSC5D,4,0,0,0.984329041270157,NA,NA,NA,1
STX18,3,0,0,0.984329041270157,NA,NA,NA,1
STX3,6,0,0,0.984329041270157,NA,NA,NA,1
TAOK3,3,0,0,0.984329041270157,NA,NA,NA,1
TBX15,2,0,0,0.984329041270157,NA,NA,NA,1
TET1,6,0,0,0.984329041270157,NA,NA,NA,1
THAP7,3,0,0,0.984329041270157,NA,NA,NA,1
THG1L,7,0,0,0.984329041270157,NA,NA,NA,1
TJP2,3,0,0,0.984329041270157,NA,NA,NA,1
TK1,7,0,0,0.984329041270157,NA,NA,NA,1
TMEM189-UBE2V1,7,0,0,0.984329041270157,NA,NA,NA,1
TMEM254,5,0,0,0.984329041270157,NA,NA,NA,1
TMEM53,7,0,0,0.984329041270157,NA,NA,NA,1
TNRC6A,6,0,0,0.984329041270157,NA,NA,NA,1
TP53BP2,4,0,0,0.984329041270157,NA,NA,NA,1
TP53INP1,4,0,0,0.984329041270157,NA,NA,NA,1
TRIM37,2,0,0,0.984329041270157,NA,NA,NA,1
TTC5,8,0,0,0.984329041270157,NA,NA,NA,1
TTLL5,5,0,0,0.984329041270157,NA,NA,NA,1
TUB,2,0,0,0.984329041270157,NA,NA,NA,1
TUBA1A,3,0,0,0.984329041270157,NA,NA,NA,1
TYW3,7,0,0,0.984329041270157,NA,NA,NA,1
UTP14C,5,0,0,0.984329041270157,NA,NA,NA,1
ZFC3H1,6,0,0,0.984329041270157,NA,NA,NA,1
ZFR,5,0,0,0.984329041270157,NA,NA,NA,1
ZKSCAN2,4,0,0,0.984329041270157,NA,NA,NA,1
ZMYM6,4,0,0,0.984329041270157,NA,NA,NA,1
ZNF189,6,0,0,0.984329041270157,NA,NA,NA,1
ZNF227,3,0,0,0.984329041270157,NA,NA,NA,1
ZNF317,3,0,0,0.984329041270157,NA,NA,NA,1
ZNF440,3,0,0,0.984329041270157,NA,NA,NA,1
ZNF48,5,0,0,0.984329041270157,NA,NA,NA,1
ZNF506,14,0,0,0.984329041270157,NA,NA,NA,1
ZNF789,3,0,0,0.984329041270157,NA,NA,NA,1
MAST4,4,0,0,0.984370102876908,NA,NA,NA,1
ARRDC1,5,0,0,0.984386630260045,NA,NA,NA,1
CDC26,3,0,0,0.984386630260045,NA,NA,NA,1
DNPH1,3,0,0,0.984386630260045,NA,NA,NA,1
DUSP10,7,0,0,0.984386630260045,NA,NA,NA,1
DYNLT1,3,0,0,0.984386630260045,NA,NA,NA,1
HMGN2,5,0,0,0.984386630260045,NA,NA,NA,1
KLRC4-KLRK1,2,0,0,0.984386630260045,NA,NA,NA,1
MCM9,4,0,0,0.984386630260045,NA,NA,NA,1
RIOK2,4,0,0,0.984386630260045,NA,NA,NA,1
WFS1,2,0,0,0.984386630260045,NA,NA,NA,1
ZNF880,4,0,0,0.984386630260045,NA,NA,NA,1
CRYBG3,4,0,0,0.984484499874738,NA,NA,NA,1
CWF19L1,4,0,0,0.984484499874738,NA,NA,NA,1
EIF2AK4,3,0,0,0.984500915188326,NA,NA,NA,1
ASAP1,6,0,0,0.985126425093432,NA,NA,NA,1
OGFOD2,2,0,0,0.985126425093432,NA,NA,NA,1
CDR2L,2,0,0,0.985220160094375,NA,NA,NA,1
GPX4,2,0,0,0.985220160094375,NA,NA,NA,1
HSCB,2,0,0,0.985220160094375,NA,NA,NA,1
OTUD4,7,0,0,0.985220160094375,NA,NA,NA,1
SAP30,4,0,0,0.985485025451647,NA,NA,NA,1
COX4I1,2,0,0,0.985514350725217,NA,NA,NA,1
DNASE1L2,2,0,0,0.985514350725217,NA,NA,NA,1
MTHFSD,7,0,0,0.985514350725217,NA,NA,NA,1
ROS1,2,0,0,0.985514350725217,NA,NA,NA,1
TMEM116,4,0,0,0.985514350725217,NA,NA,NA,1
ZNF638,6,0,0,0.985514350725217,NA,NA,NA,1
ARHGEF40,4,0,0,0.985627706709564,NA,NA,NA,1
PSMA5,4,0,0,0.985657314205529,NA,NA,NA,1
ZNF714,3,0,0,0.985657314205529,NA,NA,NA,1
ZNF813,6,0,0,0.985657314205529,NA,NA,NA,1
RAPGEF1,6,0,0,0.985706097650434,NA,NA,NA,1
AAR2,3,0,0,0.985799718787287,NA,NA,NA,1
AMDHD1,2,0,0,0.985799718787287,NA,NA,NA,1
C15orf39,4,0,0,0.985799718787287,NA,NA,NA,1
CCDC97,3,0,0,0.985799718787287,NA,NA,NA,1
COG1,2,0,0,0.985799718787287,NA,NA,NA,1
CRELD2,3,0,0,0.985799718787287,NA,NA,NA,1
DOCK1,2,0,0,0.985799718787287,NA,NA,NA,1
FAT1,9,0,0,0.985799718787287,NA,NA,NA,1
FURIN,3,0,0,0.985799718787287,NA,NA,NA,1
KCNC4,5,0,0,0.985799718787287,NA,NA,NA,1
LRRC58,7,0,0,0.985799718787287,NA,NA,NA,1
NUAK1,2,0,0,0.985799718787287,NA,NA,NA,1
PCDH9,3,0,0,0.985799718787287,NA,NA,NA,1
PCNT,3,0,0,0.985799718787287,NA,NA,NA,1
PEX1,2,0,0,0.985799718787287,NA,NA,NA,1
PML,3,0,0,0.985799718787287,NA,NA,NA,1
POC1A,5,0,0,0.985799718787287,NA,NA,NA,1
PRPS2,6,0,0,0.985799718787287,NA,NA,NA,1
RABAC1,2,0,0,0.985799718787287,NA,NA,NA,1
RPL22L1,4,0,0,0.985799718787287,NA,NA,NA,1
RTN4RL1,2,0,0,0.985799718787287,NA,NA,NA,1
SCEL,5,0,0,0.985799718787287,NA,NA,NA,1
SIPA1L1,5,0,0,0.985799718787287,NA,NA,NA,1
SLC25A44,3,0,0,0.985799718787287,NA,NA,NA,1
STK16,3,0,0,0.985799718787287,NA,NA,NA,1
TRAPPC5,3,0,0,0.985799718787287,NA,NA,NA,1
UNC5B,7,0,0,0.985799718787287,NA,NA,NA,1
ZC3H7A,4,0,0,0.985799718787287,NA,NA,NA,1
ZNF337,3,0,0,0.985799718787287,NA,NA,NA,1
ARCN1,7,0,0,0.985871031016344,NA,NA,NA,1
FPGS,5,0,0,0.985871031016344,NA,NA,NA,1
USP48,5,0,0,0.985871031016344,NA,NA,NA,1
ZNF358,2,0,0,0.985871031016344,NA,NA,NA,1
MTCL1,2,0,0,0.986248224246835,NA,NA,NA,1
AKR7L,3,0,0,0.986302031033034,NA,NA,NA,1
ARSA,8,0,0,0.986302031033034,NA,NA,NA,1
BCAP31,4,0,0,0.986302031033034,NA,NA,NA,1
BTG1,8,0,0,0.986302031033034,NA,NA,NA,1
C1orf131,3,0,0,0.986302031033034,NA,NA,NA,1
CDC42EP1,7,0,0,0.986302031033034,NA,NA,NA,1
CLN6,4,0,0,0.986302031033034,NA,NA,NA,1
FAM98A,3,0,0,0.986302031033034,NA,NA,NA,1
GANAB,4,0,0,0.986302031033034,NA,NA,NA,1
GLCCI1,10,0,0,0.986302031033034,NA,NA,NA,1
HSD17B7,2,0,0,0.986302031033034,NA,NA,NA,1
INPP4B,3,0,0,0.986302031033034,NA,NA,NA,1
JRK,5,0,0,0.986302031033034,NA,NA,NA,1
KCNRG,2,0,0,0.986302031033034,NA,NA,NA,1
KCTD15,5,0,0,0.986302031033034,NA,NA,NA,1
MKKS,5,0,0,0.986302031033034,NA,NA,NA,1
MKL2,5,0,0,0.986302031033034,NA,NA,NA,1
MRFAP1L1,5,0,0,0.986302031033034,NA,NA,NA,1
MTBP,3,0,0,0.986302031033034,NA,NA,NA,1
MVP,2,0,0,0.986302031033034,NA,NA,NA,1
MYO1D,2,0,0,0.986302031033034,NA,NA,NA,1
NDC1,9,0,0,0.986302031033034,NA,NA,NA,1
NELFA,5,0,0,0.986302031033034,NA,NA,NA,1
NEU3,4,0,0,0.986302031033034,NA,NA,NA,1
NOC2L,3,0,0,0.986302031033034,NA,NA,NA,1
NQO1,9,0,0,0.986302031033034,NA,NA,NA,1
NRP2,4,0,0,0.986302031033034,NA,NA,NA,1
PLK2,5,0,0,0.986302031033034,NA,NA,NA,1
PPP1R37,2,0,0,0.986302031033034,NA,NA,NA,1
PTPRR,2,0,0,0.986302031033034,NA,NA,NA,1
PYCR1,2,0,0,0.986302031033034,NA,NA,NA,1
QRICH1,8,0,0,0.986302031033034,NA,NA,NA,1
RFX1,3,0,0,0.986302031033034,NA,NA,NA,1
RPS23,13,0,0,0.986302031033034,NA,NA,NA,1
RTTN,3,0,0,0.986302031033034,NA,NA,NA,1
SF3B2,2,0,0,0.986302031033034,NA,NA,NA,1
SLC25A45,2,0,0,0.986302031033034,NA,NA,NA,1
SNED1,4,0,0,0.986302031033034,NA,NA,NA,1
SP100,4,0,0,0.986302031033034,NA,NA,NA,1
SPSB1,4,0,0,0.986302031033034,NA,NA,NA,1
SUCLG1,2,0,0,0.986302031033034,NA,NA,NA,1
SULT1A4,2,0,0,0.986302031033034,NA,NA,NA,1
TEAD3,7,0,0,0.986302031033034,NA,NA,NA,1
TMEM158,3,0,0,0.986302031033034,NA,NA,NA,1
TMEM37,4,0,0,0.986302031033034,NA,NA,NA,1
TOP1,5,0,0,0.986302031033034,NA,NA,NA,1
TSPAN17,3,0,0,0.986302031033034,NA,NA,NA,1
UNC5CL,2,0,0,0.986302031033034,NA,NA,NA,1
ZDHHC14,4,0,0,0.986302031033034,NA,NA,NA,1
ZNF675,7,0,0,0.986302031033034,NA,NA,NA,1
ZNF720,4,0,0,0.986302031033034,NA,NA,NA,1
TOR3A,2,0,0,0.98633673886949,NA,NA,NA,1
IRF2BPL,5,0,0,0.986516345935807,NA,NA,NA,1
CDC34,4,0,0,0.986683418454216,NA,NA,NA,1
IQCJ-SCHIP1,2,0,0,0.986683418454216,NA,NA,NA,1
ARHGEF9,2,0,0,0.986705767460841,NA,NA,NA,1
ATP8A2,4,0,0,0.986705767460841,NA,NA,NA,1
CAGE1,3,0,0,0.986705767460841,NA,NA,NA,1
NFIL3,3,0,0,0.986705767460841,NA,NA,NA,1
RBKS,4,0,0,0.986705767460841,NA,NA,NA,1
SLC35E3,12,0,0,0.986705767460841,NA,NA,NA,1
STAMBPL1,4,0,0,0.986705767460841,NA,NA,NA,1
TCAF2,6,0,0,0.986705767460841,NA,NA,NA,1
BMP1,2,0,0,0.986929422130688,NA,NA,NA,1
FBXO30,7,0,0,0.986929422130688,NA,NA,NA,1
PRDM2,3,0,0,0.986929422130688,NA,NA,NA,1
RNF121,6,0,0,0.986929422130688,NA,NA,NA,1
RPL19,6,0,0,0.986929422130688,NA,NA,NA,1
SLU7,3,0,0,0.986929422130688,NA,NA,NA,1
FKBP11,2,0,0,0.987056303948331,NA,NA,NA,1
TNFSF15,2,0,0,0.987056303948331,NA,NA,NA,1
ZNF302,4,0,0,0.987056303948331,NA,NA,NA,1
ABCD3,7,0,0,0.987061005278079,NA,NA,NA,1
CEP164,4,0,0,0.987061005278079,NA,NA,NA,1
DCAF4L1,2,0,0,0.987061005278079,NA,NA,NA,1
EEFSEC,3,0,0,0.987061005278079,NA,NA,NA,1
ENOSF1,7,0,0,0.987061005278079,NA,NA,NA,1
LOC730098,2,0,0,0.987061005278079,NA,NA,NA,1
PLPPR2,2,0,0,0.987061005278079,NA,NA,NA,1
RPA2,3,0,0,0.987061005278079,NA,NA,NA,1
STK38,3,0,0,0.987061005278079,NA,NA,NA,1
TSTD2,2,0,0,0.987061005278079,NA,NA,NA,1
AADAT,6,0,0,0.987175737627965,NA,NA,NA,1
SMIM25,3,0,0,0.987198901799495,NA,NA,NA,1
BST1,2,0,0,0.987462270277187,NA,NA,NA,1
KHDRBS3,3,0,0,0.987462270277187,NA,NA,NA,1
FAM218A,6,0,0,0.987511559198603,NA,NA,NA,1
GRAMD1B,2,0,0,0.987511559198603,NA,NA,NA,1
RFC3,4,0,0,0.987511559198603,NA,NA,NA,1
ZNF214,5,0,0,0.987511559198603,NA,NA,NA,1
ADGRG2,5,0,0,0.987623695123574,NA,NA,NA,1
ALDH7A1,9,0,0,0.987623695123574,NA,NA,NA,1
ANAPC1,3,0,0,0.987623695123574,NA,NA,NA,1
ANKS3,2,0,0,0.987623695123574,NA,NA,NA,1
CNEP1R1,3,0,0,0.987623695123574,NA,NA,NA,1
COL27A1,3,0,0,0.987623695123574,NA,NA,NA,1
KRT18,2,0,0,0.987623695123574,NA,NA,NA,1
LOXL2,6,0,0,0.987623695123574,NA,NA,NA,1
NSMCE4A,3,0,0,0.987623695123574,NA,NA,NA,1
RSPH3,4,0,0,0.987623695123574,NA,NA,NA,1
SERINC2,2,0,0,0.987623695123574,NA,NA,NA,1
SF3B6,5,0,0,0.987623695123574,NA,NA,NA,1
SLC37A3,3,0,0,0.987623695123574,NA,NA,NA,1
TEF,2,0,0,0.987623695123574,NA,NA,NA,1
TMPRSS15,3,0,0,0.987623695123574,NA,NA,NA,1
UQCRC2,6,0,0,0.987623695123574,NA,NA,NA,1
USP19,3,0,0,0.987623695123574,NA,NA,NA,1
AHI1,3,0,0,0.987886408168915,NA,NA,NA,1
CNOT10,3,0,0,0.987886408168915,NA,NA,NA,1
DGAT1,4,0,0,0.987886408168915,NA,NA,NA,1
ERBB2,7,0,0,0.987886408168915,NA,NA,NA,1
GALNT11,2,0,0,0.987886408168915,NA,NA,NA,1
GATA2,4,0,0,0.987886408168915,NA,NA,NA,1
HYLS1,3,0,0,0.987886408168915,NA,NA,NA,1
MOB3B,6,0,0,0.987886408168915,NA,NA,NA,1
NONO,4,0,0,0.987886408168915,NA,NA,NA,1
NUPR1,4,0,0,0.987886408168915,NA,NA,NA,1
SEMA7A,3,0,0,0.987886408168915,NA,NA,NA,1
XYLT1,3,0,0,0.987886408168915,NA,NA,NA,1
ZNF773,3,0,0,0.987886408168915,NA,NA,NA,1
ZSWIM7,6,0,0,0.987886408168915,NA,NA,NA,1
PIK3IP1,5,0,0,0.987949364260435,NA,NA,NA,1
WDPCP,3,0,0,0.987949364260435,NA,NA,NA,1
MAMLD1,3,0,0,0.988167785199683,NA,NA,NA,1
GOT2,4,0,0,0.988450365838622,NA,NA,NA,1
DNAJB1,5,0,0,0.98846066798007,NA,NA,NA,1
HEXIM2,2,0,0,0.98846066798007,NA,NA,NA,1
TGM1,2,0,0,0.98859810903143,NA,NA,NA,1
ASB7,5,0,0,0.988600049225246,NA,NA,NA,1
FAAP20,3,0,0,0.988600049225246,NA,NA,NA,1
GALNT2,10,0,0,0.988600049225246,NA,NA,NA,1
GPRIN1,7,0,0,0.988600049225246,NA,NA,NA,1
H6PD,7,0,0,0.988600049225246,NA,NA,NA,1
HSPE1,5,0,0,0.988600049225246,NA,NA,NA,1
ITSN2,2,0,0,0.988600049225246,NA,NA,NA,1
MTUS1,3,0,0,0.988600049225246,NA,NA,NA,1
PICK1,6,0,0,0.988600049225246,NA,NA,NA,1
RITA1,9,0,0,0.988600049225246,NA,NA,NA,1
STOML2,6,0,0,0.988600049225246,NA,NA,NA,1
TRIP12,7,0,0,0.988600049225246,NA,NA,NA,1
CLCF1,2,0,0,0.988763986029777,NA,NA,NA,1
GOLGA5,4,0,0,0.988995607708061,NA,NA,NA,1
MRPL1,2,0,0,0.988995607708061,NA,NA,NA,1
PITX1,4,0,0,0.988995607708061,NA,NA,NA,1
GATM,2,0,0,0.989148488613148,NA,NA,NA,1
LOC101928120,5,0,0,0.989148488613148,NA,NA,NA,1
TACSTD2,4,0,0,0.989148488613148,NA,NA,NA,1
KSR1,4,0,0,0.98919549569968,NA,NA,NA,1
LMBRD1,7,0,0,0.989324694115938,NA,NA,NA,1
MRPS26,2,0,0,0.989324694115938,NA,NA,NA,1
GLYR1,4,0,0,0.989393836670861,NA,NA,NA,1
WASF3,4,0,0,0.989393836670861,NA,NA,NA,1
ARF6,4,0,0,0.989501105079119,NA,NA,NA,1
COL4A4,2,0,0,0.989501105079119,NA,NA,NA,1
CSGALNACT1,4,0,0,0.989501105079119,NA,NA,NA,1
KCTD2,4,0,0,0.989501105079119,NA,NA,NA,1
NCOR2,4,0,0,0.989501105079119,NA,NA,NA,1
TMOD1,7,0,0,0.989501105079119,NA,NA,NA,1
TRIML2,2,0,0,0.989501105079119,NA,NA,NA,1
VPS50,11,0,0,0.989501105079119,NA,NA,NA,1
RPP40,4,0,0,0.989546222800833,NA,NA,NA,1
CDC14B,5,0,0,0.989721198345576,NA,NA,NA,1
JPH1,4,0,0,0.989721198345576,NA,NA,NA,1
SUN1,5,0,0,0.989721198345576,NA,NA,NA,1
HSPA5,8,0,0,0.989855319808057,NA,NA,NA,1
NR1D2,8,0,0,0.990085048408681,NA,NA,NA,1
EXOC1,3,0,0,0.99015807119987,NA,NA,NA,1
ELK3,5,0,0,0.990324163479821,NA,NA,NA,1
SVEP1,4,0,0,0.990447720719424,NA,NA,NA,1
KIF27,4,0,0,0.990447795164926,NA,NA,NA,1
TMEM40,3,0,0,0.990707346422872,NA,NA,NA,1
RTL6,4,0,0,0.99080519884908,NA,NA,NA,1
ATF3,2,0,0,0.990909726215216,NA,NA,NA,1
EPB41L5,2,0,0,0.991002847216754,NA,NA,NA,1
MED12L,5,0,0,0.991002847216754,NA,NA,NA,1
MMP14,5,0,0,0.991002847216754,NA,NA,NA,1
PLD6,4,0,0,0.991002847216754,NA,NA,NA,1
SERTAD4,3,0,0,0.991002847216754,NA,NA,NA,1
THRB,9,0,0,0.991002847216754,NA,NA,NA,1
TRIM13,2,0,0,0.991002847216754,NA,NA,NA,1
ZBTB42,5,0,0,0.991002847216754,NA,NA,NA,1
NRSN2,3,0,0,0.991184734209815,NA,NA,NA,1
ORC5,2,0,0,0.991184734209815,NA,NA,NA,1
PRDM1,4,0,0,0.991184734209815,NA,NA,NA,1
ALDH9A1,4,0,0,0.991193960328214,NA,NA,NA,1
RBCK1,3,0,0,0.991233600629552,NA,NA,NA,1
SHISAL1,4,0,0,0.991233600629552,NA,NA,NA,1
SNAPIN,7,0,0,0.99128909755972,NA,NA,NA,1
MAP3K1,2,0,0,0.991650424862886,NA,NA,NA,1
TMEM141,3,0,0,0.991722621179747,NA,NA,NA,1
AOX1,3,0,0,0.991770577840023,NA,NA,NA,1
CAVIN4,3,0,0,0.991823656067432,NA,NA,NA,1
HPSE,3,0,0,0.991823656067432,NA,NA,NA,1
HSPA14,3,0,0,0.991823656067432,NA,NA,NA,1
ABCB8,4,0,0,0.991895678245995,NA,NA,NA,1
SLC27A1,3,0,0,0.991895678245995,NA,NA,NA,1
TANC1,6,0,0,0.991895678245995,NA,NA,NA,1
DMAP1,2,0,0,0.991916125112285,NA,NA,NA,1
MOB1B,9,0,0,0.991916125112285,NA,NA,NA,1
IARS,5,0,0,0.991917983341113,NA,NA,NA,1
RBM34,2,0,0,0.991917983341113,NA,NA,NA,1
ZNF281,5,0,0,0.991920267650809,NA,NA,NA,1
ETFBKMT,10,0,0,0.992124986880129,NA,NA,NA,1
PELI2,4,0,0,0.992209348862674,NA,NA,NA,1
STARD10,3,0,0,0.992563616074236,NA,NA,NA,1
CREG2,4,0,0,0.992622570673217,NA,NA,NA,1
DERL2,5,0,0,0.992622570673217,NA,NA,NA,1
FAM114A1,8,0,0,0.992622570673217,NA,NA,NA,1
HDGF,7,0,0,0.992622570673217,NA,NA,NA,1
LXN,6,0,0,0.992622570673217,NA,NA,NA,1
PAXIP1,3,0,0,0.992622570673217,NA,NA,NA,1
RBPMS2,2,0,0,0.992622570673217,NA,NA,NA,1
SKAP2,6,0,0,0.992622570673217,NA,NA,NA,1
SLC16A13,9,0,0,0.992622570673217,NA,NA,NA,1
STMN3,3,0,0,0.992622570673217,NA,NA,NA,1
ZNF385D,2,0,0,0.992622570673217,NA,NA,NA,1
UQCRHL,2,0,0,0.992644179300055,NA,NA,NA,1
RNF135,2,0,0,0.992650957395409,NA,NA,NA,1
C16orf87,12,0,0,0.992775885533805,NA,NA,NA,1
UCHL3,6,0,0,0.992808231577937,NA,NA,NA,1
C14orf93,4,0,0,0.992890261916181,NA,NA,NA,1
GAS8,3,0,0,0.992890261916181,NA,NA,NA,1
GRK6,6,0,0,0.992890261916181,NA,NA,NA,1
SPG11,4,0,0,0.992890261916181,NA,NA,NA,1
TRAPPC2,5,0,0,0.992890261916181,NA,NA,NA,1
CHRNB1,4,0,0,0.993021196022093,NA,NA,NA,1
MRPS6,3,0,0,0.99305335610828,NA,NA,NA,1
MOXD1,4,0,0,0.993166935960446,NA,NA,NA,1
NUDT1,2,0,0,0.993178523055747,NA,NA,NA,1
POLD4,2,0,0,0.993280681844809,NA,NA,NA,1
GAREM2,3,0,0,0.993464560884852,NA,NA,NA,1
GBP1,2,0,0,0.993464560884852,NA,NA,NA,1
PPIG,7,0,0,0.993476987468695,NA,NA,NA,1
SOX13,5,0,0,0.993476987468695,NA,NA,NA,1
AGTRAP,3,0,0,0.99363078137455,NA,NA,NA,1
AMACR,4,0,0,0.99363078137455,NA,NA,NA,1
CSTF2,6,0,0,0.99363078137455,NA,NA,NA,1
CYB5RL,4,0,0,0.99363078137455,NA,NA,NA,1
EMC6,7,0,0,0.99363078137455,NA,NA,NA,1
EMG1,4,0,0,0.99363078137455,NA,NA,NA,1
ERCC1,3,0,0,0.99363078137455,NA,NA,NA,1
FAM160A2,3,0,0,0.99363078137455,NA,NA,NA,1
GMIP,2,0,0,0.99363078137455,NA,NA,NA,1
HIP1R,6,0,0,0.99363078137455,NA,NA,NA,1
ISY1,2,0,0,0.99363078137455,NA,NA,NA,1
KMO,2,0,0,0.99363078137455,NA,NA,NA,1
MALSU1,4,0,0,0.99363078137455,NA,NA,NA,1
MICAL3,4,0,0,0.99363078137455,NA,NA,NA,1
P3H4,2,0,0,0.99363078137455,NA,NA,NA,1
PIGV,4,0,0,0.99363078137455,NA,NA,NA,1
PLAGL2,3,0,0,0.99363078137455,NA,NA,NA,1
PLCL2,2,0,0,0.99363078137455,NA,NA,NA,1
RNFT1,4,0,0,0.99363078137455,NA,NA,NA,1
RTCA,7,0,0,0.99363078137455,NA,NA,NA,1
RTN4,7,0,0,0.99363078137455,NA,NA,NA,1
S100A10,6,0,0,0.99363078137455,NA,NA,NA,1
SDHAF1,4,0,0,0.99363078137455,NA,NA,NA,1
SLC25A5,10,0,0,0.99363078137455,NA,NA,NA,1
SRGN,2,0,0,0.99363078137455,NA,NA,NA,1
TBXAS1,2,0,0,0.99363078137455,NA,NA,NA,1
THAP8,2,0,0,0.99363078137455,NA,NA,NA,1
TXNDC11,2,0,0,0.99363078137455,NA,NA,NA,1
USP30,4,0,0,0.99363078137455,NA,NA,NA,1
ZNF267,4,0,0,0.99363078137455,NA,NA,NA,1
CASP7,3,0,0,0.993691183327049,NA,NA,NA,1
EFNB1,3,0,0,0.993691183327049,NA,NA,NA,1
SETD1B,3,0,0,0.993741383125348,NA,NA,NA,1
METTL22,7,0,0,0.993820414324684,NA,NA,NA,1
PARP14,5,0,0,0.993820414324684,NA,NA,NA,1
FZD7,6,0,0,0.993898238817038,NA,NA,NA,1
OXSM,5,0,0,0.993937065730968,NA,NA,NA,1
PFKFB2,2,0,0,0.993937065730968,NA,NA,NA,1
SMYD2,3,0,0,0.993937065730968,NA,NA,NA,1
TSC22D4,2,0,0,0.993937065730968,NA,NA,NA,1
SFXN3,3,0,0,0.994227685406258,NA,NA,NA,1
CRYAB,2,0,0,0.994271870415808,NA,NA,NA,1
P2RX5,3,0,0,0.994271870415808,NA,NA,NA,1
PSMC2,6,0,0,0.994271870415808,NA,NA,NA,1
SLC35F2,3,0,0,0.9943979632896,NA,NA,NA,1
ZNF670,3,0,0,0.994613944737739,NA,NA,NA,1
BRCA2,4,0,0,0.994635335297622,NA,NA,NA,1
RASEF,4,0,0,0.994635335297622,NA,NA,NA,1
GPR108,2,0,0,0.994732010969577,NA,NA,NA,1
VPS26B,4,0,0,0.994732010969577,NA,NA,NA,1
C5orf34,2,0,0,0.994827434921744,NA,NA,NA,1
ERF,3,0,0,0.994827434921744,NA,NA,NA,1
GRAMD4,4,0,0,0.994827434921744,NA,NA,NA,1
CYHR1,3,0,0,0.994986599185566,NA,NA,NA,1
FAM110A,4,0,0,0.994986599185566,NA,NA,NA,1
L3MBTL2,6,0,0,0.994986599185566,NA,NA,NA,1
ORAOV1,7,0,0,0.994986599185566,NA,NA,NA,1
SSPN,2,0,0,0.994986599185566,NA,NA,NA,1
UBE3D,2,0,0,0.994986599185566,NA,NA,NA,1
GPKOW,6,0,0,0.995053708754377,NA,NA,NA,1
REX1BD,2,0,0,0.995264871676957,NA,NA,NA,1
CTNS,4,0,0,0.995400091627654,NA,NA,NA,1
MRVI1,2,0,0,0.995444049623685,NA,NA,NA,1
TMA7,3,0,0,0.995444049623685,NA,NA,NA,1
ACCS,4,0,0,0.995444894777114,NA,NA,NA,1
AL161911.1,8,0,0,0.995444894777114,NA,NA,NA,1
ALKBH6,2,0,0,0.995444894777114,NA,NA,NA,1
ARID1A,3,0,0,0.995444894777114,NA,NA,NA,1
BTBD6,4,0,0,0.995444894777114,NA,NA,NA,1
C19orf25,2,0,0,0.995444894777114,NA,NA,NA,1
C1orf115,3,0,0,0.995444894777114,NA,NA,NA,1
CCDC85B,3,0,0,0.995444894777114,NA,NA,NA,1
CENPB,3,0,0,0.995444894777114,NA,NA,NA,1
CENPS-CORT,5,0,0,0.995444894777114,NA,NA,NA,1
COPS7A,4,0,0,0.995444894777114,NA,NA,NA,1
CPSF3,4,0,0,0.995444894777114,NA,NA,NA,1
DDN,2,0,0,0.995444894777114,NA,NA,NA,1
EEF1G,5,0,0,0.995444894777114,NA,NA,NA,1
FAM102B,3,0,0,0.995444894777114,NA,NA,NA,1
FAM46A,6,0,0,0.995444894777114,NA,NA,NA,1
FAM50B,2,0,0,0.995444894777114,NA,NA,NA,1
HOXA5,4,0,0,0.995444894777114,NA,NA,NA,1
HOXC9,3,0,0,0.995444894777114,NA,NA,NA,1
LIMD2,3,0,0,0.995444894777114,NA,NA,NA,1
LOC100129484,3,0,0,0.995444894777114,NA,NA,NA,1
MASTL,4,0,0,0.995444894777114,NA,NA,NA,1
MCOLN3,4,0,0,0.995444894777114,NA,NA,NA,1
MYADM,4,0,0,0.995444894777114,NA,NA,NA,1
NACA,2,0,0,0.995444894777114,NA,NA,NA,1
NQO2,4,0,0,0.995444894777114,NA,NA,NA,1
OGG1,3,0,0,0.995444894777114,NA,NA,NA,1
PKD1,2,0,0,0.995444894777114,NA,NA,NA,1
PNKD,2,0,0,0.995444894777114,NA,NA,NA,1
PREB,8,0,0,0.995444894777114,NA,NA,NA,1
PRPF19,3,0,0,0.995444894777114,NA,NA,NA,1
RFWD2,3,0,0,0.995444894777114,NA,NA,NA,1
RNF219,2,0,0,0.995444894777114,NA,NA,NA,1
RPL30,3,0,0,0.995444894777114,NA,NA,NA,1
S100A13,3,0,0,0.995444894777114,NA,NA,NA,1
SARM1,6,0,0,0.995444894777114,NA,NA,NA,1
SEMA3B,3,0,0,0.995444894777114,NA,NA,NA,1
SHC3,5,0,0,0.995444894777114,NA,NA,NA,1
SIK1B,2,0,0,0.995444894777114,NA,NA,NA,1
SLC39A9,4,0,0,0.995444894777114,NA,NA,NA,1
SMAD3,5,0,0,0.995444894777114,NA,NA,NA,1
SRP68,7,0,0,0.995444894777114,NA,NA,NA,1
SUMO1,5,0,0,0.995444894777114,NA,NA,NA,1
SYN3,10,0,0,0.995444894777114,NA,NA,NA,1
TEX10,2,0,0,0.995444894777114,NA,NA,NA,1
THOC3,2,0,0,0.995444894777114,NA,NA,NA,1
TMEM156,2,0,0,0.995444894777114,NA,NA,NA,1
TOX,3,0,0,0.995444894777114,NA,NA,NA,1
UBQLN2,7,0,0,0.995444894777114,NA,NA,NA,1
YPEL3,2,0,0,0.995444894777114,NA,NA,NA,1
YTHDF1,4,0,0,0.995444894777114,NA,NA,NA,1
ZFP36,5,0,0,0.995444894777114,NA,NA,NA,1
ZNF155,2,0,0,0.995444894777114,NA,NA,NA,1
ZNF239,6,0,0,0.995444894777114,NA,NA,NA,1
ANKRD6,4,0,0,0.995669197628126,NA,NA,NA,1
CCDC68,4,0,0,0.995669197628126,NA,NA,NA,1
LTBP3,6,0,0,0.995669197628126,NA,NA,NA,1
NR6A1,4,0,0,0.995669197628126,NA,NA,NA,1
PSMD9,3,0,0,0.995669197628126,NA,NA,NA,1
ZNF668,3,0,0,0.995669197628126,NA,NA,NA,1
FASTKD1,7,0,0,0.995712589407114,NA,NA,NA,1
HIPK2,8,0,0,0.995712589407114,NA,NA,NA,1
MAGOHB,11,0,0,0.995712589407114,NA,NA,NA,1
ST6GALNAC2,6,0,0,0.995712589407114,NA,NA,NA,1
UBQLN4,3,0,0,0.995712589407114,NA,NA,NA,1
ZNF397,2,0,0,0.995712589407114,NA,NA,NA,1
FOXRED2,10,0,0,0.995800000583873,NA,NA,NA,1
ABL1,4,0,0,0.995927118128258,NA,NA,NA,1
FAM200A,2,0,0,0.995927118128258,NA,NA,NA,1
NCOA5,4,0,0,0.99593524110613,NA,NA,NA,1
PPP1R7,5,0,0,0.996057461808847,NA,NA,NA,1
STK26,3,0,0,0.99632743640929,NA,NA,NA,1
ZZEF1,5,0,0,0.99632743640929,NA,NA,NA,1
FBXO48,3,0,0,0.996436253199705,NA,NA,NA,1
LSM1,2,0,0,0.996436253199705,NA,NA,NA,1
LYSMD2,2,0,0,0.996436253199705,NA,NA,NA,1
MRPL11,2,0,0,0.996436253199705,NA,NA,NA,1
DNAJC17,5,0,0,0.996554352539113,NA,NA,NA,1
IFITM3,5,0,0,0.99690254635529,NA,NA,NA,1
MAN1B1,4,0,0,0.99690254635529,NA,NA,NA,1
CHRNA9,5,0,0,0.997057173394279,NA,NA,NA,1
ZNF219,3,0,0,0.997057173394279,NA,NA,NA,1
ENTPD5,4,0,0,0.997335071850059,NA,NA,NA,1
ACAA1,4,0,0,0.997370918996971,NA,NA,NA,1
AFF1,7,0,0,0.997370918996971,NA,NA,NA,1
ANKRD37,2,0,0,0.997370918996971,NA,NA,NA,1
C15orf48,2,0,0,0.997370918996971,NA,NA,NA,1
CEPT1,9,0,0,0.997370918996971,NA,NA,NA,1
ELP3,3,0,0,0.997370918996971,NA,NA,NA,1
ESCO1,4,0,0,0.997370918996971,NA,NA,NA,1
FAM109A,2,0,0,0.997370918996971,NA,NA,NA,1
FBXW9,2,0,0,0.997370918996971,NA,NA,NA,1
GSTO2,5,0,0,0.997370918996971,NA,NA,NA,1
JMJD8,4,0,0,0.997370918996971,NA,NA,NA,1
KATNAL2,2,0,0,0.997370918996971,NA,NA,NA,1
KDM1B,5,0,0,0.997370918996971,NA,NA,NA,1
MATN2,2,0,0,0.997370918996971,NA,NA,NA,1
NFKB2,2,0,0,0.997370918996971,NA,NA,NA,1
PAK1IP1,3,0,0,0.997370918996971,NA,NA,NA,1
PAPD7,3,0,0,0.997370918996971,NA,NA,NA,1
PSMD8,5,0,0,0.997370918996971,NA,NA,NA,1
SETD4,4,0,0,0.997370918996971,NA,NA,NA,1
SIX1,5,0,0,0.997370918996971,NA,NA,NA,1
YKT6,7,0,0,0.997370918996971,NA,NA,NA,1
ZNF101,3,0,0,0.997370918996971,NA,NA,NA,1
ACLY,4,0,0,0.997409602913136,NA,NA,NA,1
HNRNPM,5,0,0,0.997409602913136,NA,NA,NA,1
MPP2,2,0,0,0.997409602913136,NA,NA,NA,1
NR1H2,5,0,0,0.997409602913136,NA,NA,NA,1
SLC22A4,4,0,0,0.997409602913136,NA,NA,NA,1
TUBGCP6,9,0,0,0.997409602913136,NA,NA,NA,1
APPL2,3,0,0,0.997444502447244,NA,NA,NA,1
ARFGAP1,4,0,0,0.997444502447244,NA,NA,NA,1
DENND6B,4,0,0,0.997444502447244,NA,NA,NA,1
TPCN1,6,0,0,0.997444502447244,NA,NA,NA,1
BDKRB2,6,0,0,0.997738500485823,NA,NA,NA,1
CIITA,4,0,0,0.997738500485823,NA,NA,NA,1
CTGF,9,0,0,0.997738500485823,NA,NA,NA,1
CXCR1,2,0,0,0.997738500485823,NA,NA,NA,1
CYP27B1,3,0,0,0.997738500485823,NA,NA,NA,1
DEPP1,4,0,0,0.997738500485823,NA,NA,NA,1
EME1,3,0,0,0.997738500485823,NA,NA,NA,1
FBXO6,2,0,0,0.997738500485823,NA,NA,NA,1
HIST2H2BE,4,0,0,0.997738500485823,NA,NA,NA,1
LRRC37B,2,0,0,0.997738500485823,NA,NA,NA,1
MORC4,5,0,0,0.997738500485823,NA,NA,NA,1
MSC,2,0,0,0.997738500485823,NA,NA,NA,1
NUDT18,3,0,0,0.997738500485823,NA,NA,NA,1
PTK6,7,0,0,0.997738500485823,NA,NA,NA,1
RWDD4,2,0,0,0.997738500485823,NA,NA,NA,1
SERTAD3,2,0,0,0.997738500485823,NA,NA,NA,1
SMIM19,9,0,0,0.997738500485823,NA,NA,NA,1
XRCC3,8,0,0,0.997738500485823,NA,NA,NA,1
SAAL1,3,0,0,0.9982200597316,NA,NA,NA,1
BLM,4,0,0,0.998295062890699,NA,NA,NA,1
ARRDC2,4,0,0,0.998307182265577,NA,NA,NA,1
C1orf174,5,0,0,0.998307182265577,NA,NA,NA,1
C22orf46,2,0,0,0.998307182265577,NA,NA,NA,1
CALCRL,6,0,0,0.998307182265577,NA,NA,NA,1
CEBPZ,3,0,0,0.998307182265577,NA,NA,NA,1
CEP70,4,0,0,0.998307182265577,NA,NA,NA,1
CTRL,3,0,0,0.998307182265577,NA,NA,NA,1
EGR3,3,0,0,0.998307182265577,NA,NA,NA,1
FAM83F,3,0,0,0.998307182265577,NA,NA,NA,1
GLI2,3,0,0,0.998307182265577,NA,NA,NA,1
HTRA1,3,0,0,0.998307182265577,NA,NA,NA,1
KIF14,4,0,0,0.998307182265577,NA,NA,NA,1
MACROD2,2,0,0,0.998307182265577,NA,NA,NA,1
MFSD6,7,0,0,0.998307182265577,NA,NA,NA,1
MIEN1,4,0,0,0.998307182265577,NA,NA,NA,1
MKNK2,2,0,0,0.998307182265577,NA,NA,NA,1
MOB3C,6,0,0,0.998307182265577,NA,NA,NA,1
MSH2,5,0,0,0.998307182265577,NA,NA,NA,1
NOL3,6,0,0,0.998307182265577,NA,NA,NA,1
OGDH,3,0,0,0.998307182265577,NA,NA,NA,1
PARL,3,0,0,0.998307182265577,NA,NA,NA,1
PLSCR3,6,0,0,0.998307182265577,NA,NA,NA,1
POGK,13,0,0,0.998307182265577,NA,NA,NA,1
PPP2R3A,4,0,0,0.998307182265577,NA,NA,NA,1
PRPF4B,2,0,0,0.998307182265577,NA,NA,NA,1
PYGO2,3,0,0,0.998307182265577,NA,NA,NA,1
RAB23,6,0,0,0.998307182265577,NA,NA,NA,1
RPL26,3,0,0,0.998307182265577,NA,NA,NA,1
RPL7A,3,0,0,0.998307182265577,NA,NA,NA,1
RRP9,3,0,0,0.998307182265577,NA,NA,NA,1
SFXN5,5,0,0,0.998307182265577,NA,NA,NA,1
SMOX,2,0,0,0.998307182265577,NA,NA,NA,1
SYNE1,5,0,0,0.998307182265577,NA,NA,NA,1
TMEM126B,5,0,0,0.998307182265577,NA,NA,NA,1
TMEM91,2,0,0,0.998307182265577,NA,NA,NA,1
ZNF614,6,0,0,0.998307182265577,NA,NA,NA,1
ZNF615,6,0,0,0.998307182265577,NA,NA,NA,1
KCTD7,6,0,0,0.998383648845596,NA,NA,NA,1
AC108488.2,3,0,0,0.99845903286007,NA,NA,NA,1
CASP2,8,0,0,0.998730297930548,NA,NA,NA,1
FAM171B,3,0,0,0.998730297930548,NA,NA,NA,1
PKP1,2,0,0,0.998730297930548,NA,NA,NA,1
SSH3,3,0,0,0.998730297930548,NA,NA,NA,1
TRAFD1,2,0,0,0.998730297930548,NA,NA,NA,1
WAC,5,0,0,0.998730297930548,NA,NA,NA,1
SYBU,3,0,0,0.998778000729411,NA,NA,NA,1
ZNF589,10,0,0,0.998924599960735,NA,NA,NA,1
MRPS34,2,0,0,0.999025448523908,NA,NA,NA,1
TRMU,2,0,0,0.999185631305953,NA,NA,NA,1
CHODL,3,0,0,0.999233313928092,NA,NA,NA,1
LGALS1,3,0,0,0.999233313928092,NA,NA,NA,1
LMAN2L,4,0,0,0.999233313928092,NA,NA,NA,1
PSMD10,3,0,0,0.999233313928092,NA,NA,NA,1
SLC8A1,5,0,0,0.999233313928092,NA,NA,NA,1
TMEM165,9,0,0,0.999233313928092,NA,NA,NA,1
TRIM4,4,0,0,0.999233313928092,NA,NA,NA,1
ARMC9,4,0,0,0.999324123942122,NA,NA,NA,1
CDC20,4,0,0,0.999324123942122,NA,NA,NA,1
CLHC1,4,0,0,0.999324123942122,NA,NA,NA,1
DND1,2,0,0,0.999324123942122,NA,NA,NA,1
EEPD1,2,0,0,0.999324123942122,NA,NA,NA,1
EFEMP2,2,0,0,0.999324123942122,NA,NA,NA,1
FBN2,2,0,0,0.999324123942122,NA,NA,NA,1
GPS2,3,0,0,0.999324123942122,NA,NA,NA,1
IDH1,4,0,0,0.999324123942122,NA,NA,NA,1
IL11,3,0,0,0.999324123942122,NA,NA,NA,1
IL1A,3,0,0,0.999324123942122,NA,NA,NA,1
MAPKAP1,3,0,0,0.999324123942122,NA,NA,NA,1
MARS,3,0,0,0.999324123942122,NA,NA,NA,1
NUDT7,3,0,0,0.999324123942122,NA,NA,NA,1
OTUD3,4,0,0,0.999324123942122,NA,NA,NA,1
PHLPP2,3,0,0,0.999324123942122,NA,NA,NA,1
PLEKHG1,3,0,0,0.999324123942122,NA,NA,NA,1
POF1B,2,0,0,0.999324123942122,NA,NA,NA,1
POLDIP3,3,0,0,0.999324123942122,NA,NA,NA,1
PTK2,8,0,0,0.999324123942122,NA,NA,NA,1
RNF152,7,0,0,0.999324123942122,NA,NA,NA,1
SLC35F3,3,0,0,0.999324123942122,NA,NA,NA,1
TAF1D,4,0,0,0.999324123942122,NA,NA,NA,1
TMEM198,3,0,0,0.999324123942122,NA,NA,NA,1
UTP20,3,0,0,0.999324123942122,NA,NA,NA,1
ZNF596,5,0,0,0.999458520447387,NA,NA,NA,1
POLR2I,4,0,0,0.999572245734638,NA,NA,NA,1
TYSND1,2,0,0,0.999572245734638,NA,NA,NA,1
GALC,4,0,0,0.999579606240665,NA,NA,NA,1
POLR2J3,2,0,0,0.999579606240665,NA,NA,NA,1
IGIP,2,0,0,0.999583102274655,NA,NA,NA,1
HDHD5,2,0,0,0.999677774341515,NA,NA,NA,1
ANKRD13B,2,0,0,0.999746080915008,NA,NA,NA,1
NDUFV2,2,0,0,0.999950560347546,NA,NA,NA,1
TCEAL9,5,0,0,0.999950560347546,NA,NA,NA,1
AACS,4,0,0,1,NA,NA,NA,1
ABCA9,2,0,0,1,NA,NA,NA,1
ABCC5,2,0,0,1,NA,NA,NA,1
ABHD14A-ACY1,2,0,0,1,NA,NA,NA,1
ABHD17B,3,0,0,1,NA,NA,NA,1
AC073610.3,2,0,0,1,NA,NA,NA,1
ACAP3,3,0,0,1,NA,NA,NA,1
ACKR3,3,0,0,1,NA,NA,NA,1
ACSM3,2,0,0,1,NA,NA,NA,1
ACSS2,3,0,0,1,NA,NA,NA,1
ACTA2,2,0,0,1,NA,NA,NA,1
ACTL10,4,0,0,1,NA,NA,NA,1
ADAMTS1,6,0,0,1,NA,NA,NA,1
ADAMTS6,2,0,0,1,NA,NA,NA,1
ADGRG1,5,0,0,1,NA,NA,NA,1
ADM2,2,0,0,1,NA,NA,NA,1
ADSSL1,2,0,0,1,NA,NA,NA,1
AGAP5,3,0,0,1,NA,NA,NA,1
AHRR,8,0,0,1,NA,NA,NA,1
AIMP2,2,0,0,1,NA,NA,NA,1
AK1,4,0,0,1,NA,NA,NA,1
AKAP6,7,0,0,1,NA,NA,NA,1
AKNA,3,0,0,1,NA,NA,NA,1
AKR1B1,3,0,0,1,NA,NA,NA,1
ALDH18A1,3,0,0,1,NA,NA,NA,1
ALG2,6,0,0,1,NA,NA,NA,1
AMIGO1,2,0,0,1,NA,NA,NA,1
ANAPC5,3,0,0,1,NA,NA,NA,1
ANKRA2,3,0,0,1,NA,NA,NA,1
ANO7,9,0,0,1,NA,NA,NA,1
ANXA1,5,0,0,1,NA,NA,NA,1
AP1B1,4,0,0,1,NA,NA,NA,1
APCDD1,2,0,0,1,NA,NA,NA,1
APLF,5,0,0,1,NA,NA,NA,1
APOE,2,0,0,1,NA,NA,NA,1
APTX,11,0,0,1,NA,NA,NA,1
ARAF,2,0,0,1,NA,NA,NA,1
ARHGAP21,4,0,0,1,NA,NA,NA,1
ARHGAP22,2,0,0,1,NA,NA,NA,1
ARHGEF19,2,0,0,1,NA,NA,NA,1
ARID4B,4,0,0,1,NA,NA,NA,1
ARNT2,4,0,0,1,NA,NA,NA,1
ASPHD1,3,0,0,1,NA,NA,NA,1
ASTE1,2,0,0,1,NA,NA,NA,1
ATOH8,2,0,0,1,NA,NA,NA,1
ATP1A1,5,0,0,1,NA,NA,NA,1
ATP6V1C2,2,0,0,1,NA,NA,NA,1
B4GALNT4,2,0,0,1,NA,NA,NA,1
BACH1,3,0,0,1,NA,NA,NA,1
BAK1,5,0,0,1,NA,NA,NA,1
BANF1,4,0,0,1,NA,NA,NA,1
BBOX1,2,0,0,1,NA,NA,NA,1
BCAS3,2,0,0,1,NA,NA,NA,1
BCL2L1,2,0,0,1,NA,NA,NA,1
BCL9,2,0,0,1,NA,NA,NA,1
BCO2,5,0,0,1,NA,NA,NA,1
BLZF1,7,0,0,1,NA,NA,NA,1
BMP2,8,0,0,1,NA,NA,NA,1
BMS1,5,0,0,1,NA,NA,NA,1
BNC2,3,0,0,1,NA,NA,NA,1
BORA,2,0,0,1,NA,NA,NA,1
BPTF,6,0,0,1,NA,NA,NA,1
BRCA1,4,0,0,1,NA,NA,NA,1
BRPF1,2,0,0,1,NA,NA,NA,1
BTN2A2,2,0,0,1,NA,NA,NA,1
C10orf111,2,0,0,1,NA,NA,NA,1
C10orf88,3,0,0,1,NA,NA,NA,1
C10orf95,2,0,0,1,NA,NA,NA,1
C11orf68,2,0,0,1,NA,NA,NA,1
C12orf29,3,0,0,1,NA,NA,NA,1
C15orf40,2,0,0,1,NA,NA,NA,1
C15orf61,2,0,0,1,NA,NA,NA,1
C16orf58,5,0,0,1,NA,NA,NA,1
C17orf53,2,0,0,1,NA,NA,NA,1
C18orf65,2,0,0,1,NA,NA,NA,1
C19orf24,5,0,0,1,NA,NA,NA,1
C1orf159,2,0,0,1,NA,NA,NA,1
C1orf210,3,0,0,1,NA,NA,NA,1
C20orf27,2,0,0,1,NA,NA,NA,1
C21orf58,4,0,0,1,NA,NA,NA,1
C2orf48,3,0,0,1,NA,NA,NA,1
C2orf54,2,0,0,1,NA,NA,NA,1
C2orf92,2,0,0,1,NA,NA,NA,1
C3orf33,2,0,0,1,NA,NA,NA,1
C5,2,0,0,1,NA,NA,NA,1
C8orf44-SGK3,8,0,0,1,NA,NA,NA,1
C9orf106,2,0,0,1,NA,NA,NA,1
C9orf43,2,0,0,1,NA,NA,NA,1
CACFD1,2,0,0,1,NA,NA,NA,1
CALHM6,2,0,0,1,NA,NA,NA,1
CAMK2D,7,0,0,1,NA,NA,NA,1
CAMK2N2,3,0,0,1,NA,NA,NA,1
CAMKMT,3,0,0,1,NA,NA,NA,1
CAPN1,4,0,0,1,NA,NA,NA,1
CAPNS1,5,0,0,1,NA,NA,NA,1
CAPRIN2,2,0,0,1,NA,NA,NA,1
CARD18,2,0,0,1,NA,NA,NA,1
CASC3,3,0,0,1,NA,NA,NA,1
CASP8,2,0,0,1,NA,NA,NA,1
CASP8AP2,2,0,0,1,NA,NA,NA,1
CCDC122,2,0,0,1,NA,NA,NA,1
CCDC138,2,0,0,1,NA,NA,NA,1
CCDC189,3,0,0,1,NA,NA,NA,1
CCDC3,2,0,0,1,NA,NA,NA,1
CCDC69,4,0,0,1,NA,NA,NA,1
CCDC88C,3,0,0,1,NA,NA,NA,1
CCDC96,2,0,0,1,NA,NA,NA,1
CD14,3,0,0,1,NA,NA,NA,1
CD226,4,0,0,1,NA,NA,NA,1
CD68,2,0,0,1,NA,NA,NA,1
CDCA3,5,0,0,1,NA,NA,NA,1
CDH11,4,0,0,1,NA,NA,NA,1
CDK5R1,3,0,0,1,NA,NA,NA,1
CDK5RAP2,6,0,0,1,NA,NA,NA,1
CDKN2AIP,6,0,0,1,NA,NA,NA,1
CDR2,2,0,0,1,NA,NA,NA,1
CENPK,3,0,0,1,NA,NA,NA,1
CEP152,3,0,0,1,NA,NA,NA,1
CEP170B,2,0,0,1,NA,NA,NA,1
CEP95,2,0,0,1,NA,NA,NA,1
CFAP53,2,0,0,1,NA,NA,NA,1
CFH,3,0,0,1,NA,NA,NA,1
CHAMP1,2,0,0,1,NA,NA,NA,1
CHD3,2,0,0,1,NA,NA,NA,1
CHDH,5,0,0,1,NA,NA,NA,1
CHKA,2,0,0,1,NA,NA,NA,1
CHN2,7,0,0,1,NA,NA,NA,1
CHRNA10,2,0,0,1,NA,NA,NA,1
CHST10,2,0,0,1,NA,NA,NA,1
CIAPIN1,3,0,0,1,NA,NA,NA,1
CISH,3,0,0,1,NA,NA,NA,1
CLCN2,2,0,0,1,NA,NA,NA,1
CLDN10,5,0,0,1,NA,NA,NA,1
CLIC3,2,0,0,1,NA,NA,NA,1
CLP1,2,0,0,1,NA,NA,NA,1
CLPTM1L,5,0,0,1,NA,NA,NA,1
CLUH,2,0,0,1,NA,NA,NA,1
CMTR2,4,0,0,1,NA,NA,NA,1
CNDP2,3,0,0,1,NA,NA,NA,1
CNGB1,2,0,0,1,NA,NA,NA,1
CNKSR3,8,0,0,1,NA,NA,NA,1
CNPY3-GNMT,2,0,0,1,NA,NA,NA,1
CNR1,4,0,0,1,NA,NA,NA,1
CNTN3,2,0,0,1,NA,NA,NA,1
COCH,3,0,0,1,NA,NA,NA,1
COG7,2,0,0,1,NA,NA,NA,1
COL9A3,2,0,0,1,NA,NA,NA,1
COPS4,2,0,0,1,NA,NA,NA,1
COPS6,7,0,0,1,NA,NA,NA,1
CORO1B,3,0,0,1,NA,NA,NA,1
CPNE2,2,0,0,1,NA,NA,NA,1
CREB3L2,5,0,0,1,NA,NA,NA,1
CROT,4,0,0,1,NA,NA,NA,1
CRTC3,3,0,0,1,NA,NA,NA,1
CRYGS,2,0,0,1,NA,NA,NA,1
CSAD,4,0,0,1,NA,NA,NA,1
CSNK1G1,3,0,0,1,NA,NA,NA,1
CSTF3,3,0,0,1,NA,NA,NA,1
CTSS,4,0,0,1,NA,NA,NA,1
CUEDC1,6,0,0,1,NA,NA,NA,1
CUTC,2,0,0,1,NA,NA,NA,1
CUX2,2,0,0,1,NA,NA,NA,1
CWC27,2,0,0,1,NA,NA,NA,1
CXADR,6,0,0,1,NA,NA,NA,1
CXorf38,2,0,0,1,NA,NA,NA,1
CYB561,8,0,0,1,NA,NA,NA,1
CYB561D1,4,0,0,1,NA,NA,NA,1
CYB5R2,2,0,0,1,NA,NA,NA,1
CYP4B1,2,0,0,1,NA,NA,NA,1
DBP,3,0,0,1,NA,NA,NA,1
DCAF6,3,0,0,1,NA,NA,NA,1
DCLRE1C,3,0,0,1,NA,NA,NA,1
DDB1,4,0,0,1,NA,NA,NA,1
DDIT3,2,0,0,1,NA,NA,NA,1
DDX10,3,0,0,1,NA,NA,NA,1
DDX27,6,0,0,1,NA,NA,NA,1
DDX41,2,0,0,1,NA,NA,NA,1
DEF6,2,0,0,1,NA,NA,NA,1
DGAT2,4,0,0,1,NA,NA,NA,1
DGKA,3,0,0,1,NA,NA,NA,1
DHRS7B,4,0,0,1,NA,NA,NA,1
DHX32,2,0,0,1,NA,NA,NA,1
DHX58,2,0,0,1,NA,NA,NA,1
DIAPH2,6,0,0,1,NA,NA,NA,1
DISC1,2,0,0,1,NA,NA,NA,1
DLL3,2,0,0,1,NA,NA,NA,1
DMRTA1,3,0,0,1,NA,NA,NA,1
DNAJC7,6,0,0,1,NA,NA,NA,1
DNER,2,0,0,1,NA,NA,NA,1
DNM1,3,0,0,1,NA,NA,NA,1
DNMBP,3,0,0,1,NA,NA,NA,1
DRAP1,2,0,0,1,NA,NA,NA,1
DRG2,3,0,0,1,NA,NA,NA,1
DUSP19,5,0,0,1,NA,NA,NA,1
EBI3,2,0,0,1,NA,NA,NA,1
ECI2,4,0,0,1,NA,NA,NA,1
EDARADD,4,0,0,1,NA,NA,NA,1
EDN1,2,0,0,1,NA,NA,NA,1
EIF2B5,3,0,0,1,NA,NA,NA,1
ELAVL2,4,0,0,1,NA,NA,NA,1
ELOVL7,5,0,0,1,NA,NA,NA,1
EMC7,5,0,0,1,NA,NA,NA,1
ENOX1,5,0,0,1,NA,NA,NA,1
EPB41,7,0,0,1,NA,NA,NA,1
EPHA2,3,0,0,1,NA,NA,NA,1
EPHX3,2,0,0,1,NA,NA,NA,1
EPN3,4,0,0,1,NA,NA,NA,1
ERC2,2,0,0,1,NA,NA,NA,1
ERI2,2,0,0,1,NA,NA,NA,1
ETFDH,6,0,0,1,NA,NA,NA,1
EVA1B,3,0,0,1,NA,NA,NA,1
EXOSC7,5,0,0,1,NA,NA,NA,1
EYA1,3,0,0,1,NA,NA,NA,1
EZH1,2,0,0,1,NA,NA,NA,1
FABP5,3,0,0,1,NA,NA,NA,1
FAF2,6,0,0,1,NA,NA,NA,1
FAM124A,3,0,0,1,NA,NA,NA,1
FAM129B,3,0,0,1,NA,NA,NA,1
FAM174B,3,0,0,1,NA,NA,NA,1
FAM198B,9,0,0,1,NA,NA,NA,1
FAM214B,3,0,0,1,NA,NA,NA,1
FAM219A,2,0,0,1,NA,NA,NA,1
FAM43A,4,0,0,1,NA,NA,NA,1
FAM53A,3,0,0,1,NA,NA,NA,1
FAM53B,4,0,0,1,NA,NA,NA,1
FANCG,3,0,0,1,NA,NA,NA,1
FASTK,3,0,0,1,NA,NA,NA,1
FBF1,3,0,0,1,NA,NA,NA,1
FBXL14,2,0,0,1,NA,NA,NA,1
FBXL17,8,0,0,1,NA,NA,NA,1
FBXL22,2,0,0,1,NA,NA,NA,1
FBXO17,4,0,0,1,NA,NA,NA,1
FCRLA,3,0,0,1,NA,NA,NA,1
FGFR4,2,0,0,1,NA,NA,NA,1
FIS1,3,0,0,1,NA,NA,NA,1
FKBP9,2,0,0,1,NA,NA,NA,1
FLJ45513,2,0,0,1,NA,NA,NA,1
FLYWCH1,2,0,0,1,NA,NA,NA,1
FOLR1,2,0,0,1,NA,NA,NA,1
FOXC2,2,0,0,1,NA,NA,NA,1
FOXO4,2,0,0,1,NA,NA,NA,1
FRAS1,2,0,0,1,NA,NA,NA,1
FRAT1,5,0,0,1,NA,NA,NA,1
FST,4,0,0,1,NA,NA,NA,1
FXR2,3,0,0,1,NA,NA,NA,1
FYCO1,5,0,0,1,NA,NA,NA,1
GAMT,4,0,0,1,NA,NA,NA,1
GAS2L1,2,0,0,1,NA,NA,NA,1
GBP3,3,0,0,1,NA,NA,NA,1
GCHFR,2,0,0,1,NA,NA,NA,1
GDPD1,5,0,0,1,NA,NA,NA,1
GDPD3,2,0,0,1,NA,NA,NA,1
GFOD1,4,0,0,1,NA,NA,NA,1
GHDC,2,0,0,1,NA,NA,NA,1
GLDC,2,0,0,1,NA,NA,NA,1
GLMN,6,0,0,1,NA,NA,NA,1
GLRB,6,0,0,1,NA,NA,NA,1
GMPR,3,0,0,1,NA,NA,NA,1
GOLGA4,3,0,0,1,NA,NA,NA,1
GPNMB,2,0,0,1,NA,NA,NA,1
GPR1,2,0,0,1,NA,NA,NA,1
GPR176,5,0,0,1,NA,NA,NA,1
GPR19,2,0,0,1,NA,NA,NA,1
GPX1,3,0,0,1,NA,NA,NA,1
GRHL1,3,0,0,1,NA,NA,NA,1
GSDMA,2,0,0,1,NA,NA,NA,1
GSTP1,3,0,0,1,NA,NA,NA,1
GTPBP2,4,0,0,1,NA,NA,NA,1
GUCY1A2,4,0,0,1,NA,NA,NA,1
GUCY1A3,5,0,0,1,NA,NA,NA,1
GUSB,2,0,0,1,NA,NA,NA,1
HAGHL,3,0,0,1,NA,NA,NA,1
HAS2,4,0,0,1,NA,NA,NA,1
HDAC1,3,0,0,1,NA,NA,NA,1
HIPK1,8,0,0,1,NA,NA,NA,1
HIST1H2AD,4,0,0,1,NA,NA,NA,1
HIST1H2AI,4,0,0,1,NA,NA,NA,1
HIST1H4E,3,0,0,1,NA,NA,NA,1
HLF,4,0,0,1,NA,NA,NA,1
HMOX1,2,0,0,1,NA,NA,NA,1
HOXA4,2,0,0,1,NA,NA,NA,1
HOXC4,2,0,0,1,NA,NA,NA,1
HPS4,2,0,0,1,NA,NA,NA,1
HSD11B1,2,0,0,1,NA,NA,NA,1
HSPG2,3,0,0,1,NA,NA,NA,1
HUWE1,6,0,0,1,NA,NA,NA,1
HYPK,6,0,0,1,NA,NA,NA,1
ICA1,2,0,0,1,NA,NA,NA,1
ID2,4,0,0,1,NA,NA,NA,1
IDH3G,3,0,0,1,NA,NA,NA,1
IER2,3,0,0,1,NA,NA,NA,1
IFITM1,2,0,0,1,NA,NA,NA,1
IGFBP3,4,0,0,1,NA,NA,NA,1
IGSF9B,3,0,0,1,NA,NA,NA,1
IL17RB,3,0,0,1,NA,NA,NA,1
IL18,3,0,0,1,NA,NA,NA,1
IL1R1,2,0,0,1,NA,NA,NA,1
IL4R,2,0,0,1,NA,NA,NA,1
IMPG2,2,0,0,1,NA,NA,NA,1
INPP5K,5,0,0,1,NA,NA,NA,1
IPO4,6,0,0,1,NA,NA,NA,1
IRAK2,2,0,0,1,NA,NA,NA,1
IRX4,2,0,0,1,NA,NA,NA,1
ISM1,3,0,0,1,NA,NA,NA,1
ITGA4,6,0,0,1,NA,NA,NA,1
ITLN2,2,0,0,1,NA,NA,NA,1
JAZF1,2,0,0,1,NA,NA,NA,1
JTB,3,0,0,1,NA,NA,NA,1
KAT8,2,0,0,1,NA,NA,NA,1
KATNA1,2,0,0,1,NA,NA,NA,1
KCNAB3,3,0,0,1,NA,NA,NA,1
KCNE5,2,0,0,1,NA,NA,NA,1
KCNMA1,2,0,0,1,NA,NA,NA,1
KCNS3,2,0,0,1,NA,NA,NA,1
KCTD1,5,0,0,1,NA,NA,NA,1
KCTD21,2,0,0,1,NA,NA,NA,1
KCTD5,5,0,0,1,NA,NA,NA,1
KDM3B,3,0,0,1,NA,NA,NA,1
KDR,3,0,0,1,NA,NA,NA,1
KIAA1755,2,0,0,1,NA,NA,NA,1
KIFC2,3,0,0,1,NA,NA,NA,1
KLF2,2,0,0,1,NA,NA,NA,1
KLHL13,4,0,0,1,NA,NA,NA,1
KLHL38,2,0,0,1,NA,NA,NA,1
KPNA2,6,0,0,1,NA,NA,NA,1
KREMEN2,2,0,0,1,NA,NA,NA,1
LEO1,3,0,0,1,NA,NA,NA,1
LMAN2,5,0,0,1,NA,NA,NA,1
LMBR1L,4,0,0,1,NA,NA,NA,1
LMX1B,2,0,0,1,NA,NA,NA,1
LNP1,3,0,0,1,NA,NA,NA,1
LONRF3,3,0,0,1,NA,NA,NA,1
LPAR6,4,0,0,1,NA,NA,NA,1
LRFN3,4,0,0,1,NA,NA,NA,1
LRG1,2,0,0,1,NA,NA,NA,1
LRP1,4,0,0,1,NA,NA,NA,1
LRRC17,4,0,0,1,NA,NA,NA,1
LRRC6,5,0,0,1,NA,NA,NA,1
LRRC8E,3,0,0,1,NA,NA,NA,1
LSM4,4,0,0,1,NA,NA,NA,1
LTBP4,2,0,0,1,NA,NA,NA,1
LUZP2,3,0,0,1,NA,NA,NA,1
LY6K,3,0,0,1,NA,NA,NA,1
LYST,2,0,0,1,NA,NA,NA,1
MAF,4,0,0,1,NA,NA,NA,1
MAGOH,2,0,0,1,NA,NA,NA,1
MAIP1,8,0,0,1,NA,NA,NA,1
MAMDC4,2,0,0,1,NA,NA,NA,1
MAP1B,7,0,0,1,NA,NA,NA,1
MAP3K10,2,0,0,1,NA,NA,NA,1
MAP3K3,7,0,0,1,NA,NA,NA,1
MAP9,12,0,0,1,NA,NA,NA,1
MAPK10,11,0,0,1,NA,NA,NA,1
MAPK7,4,0,0,1,NA,NA,NA,1
MARVELD3,2,0,0,1,NA,NA,NA,1
MAST3,5,0,0,1,NA,NA,NA,1
MBD4,5,0,0,1,NA,NA,NA,1
MCAM,3,0,0,1,NA,NA,NA,1
MCCC2,3,0,0,1,NA,NA,NA,1
MCM6,3,0,0,1,NA,NA,NA,1
MCRIP1,3,0,0,1,NA,NA,NA,1
MCU,4,0,0,1,NA,NA,NA,1
MECOM,3,0,0,1,NA,NA,NA,1
MED8,2,0,0,1,NA,NA,NA,1
MEPCE,6,0,0,1,NA,NA,NA,1
MEX3A,4,0,0,1,NA,NA,NA,1
MFSD2A,2,0,0,1,NA,NA,NA,1
MGAT4A,4,0,0,1,NA,NA,NA,1
MGAT5B,2,0,0,1,NA,NA,NA,1
MGMT,3,0,0,1,NA,NA,NA,1
MGP,5,0,0,1,NA,NA,NA,1
MIA2,2,0,0,1,NA,NA,NA,1
MIIP,2,0,0,1,NA,NA,NA,1
MINDY1,6,0,0,1,NA,NA,NA,1
MKRN1,3,0,0,1,NA,NA,NA,1
MMD,2,0,0,1,NA,NA,NA,1
MMP19,2,0,0,1,NA,NA,NA,1
MMP28,2,0,0,1,NA,NA,NA,1
MN1,3,0,0,1,NA,NA,NA,1
MPC1,3,0,0,1,NA,NA,NA,1
MRC2,2,0,0,1,NA,NA,NA,1
MRGPRF,2,0,0,1,NA,NA,NA,1
MRPL10,4,0,0,1,NA,NA,NA,1
MRPL2,2,0,0,1,NA,NA,NA,1
MRPL22,3,0,0,1,NA,NA,NA,1
MRPL28,4,0,0,1,NA,NA,NA,1
MRPL52,3,0,0,1,NA,NA,NA,1
MRPS11,3,0,0,1,NA,NA,NA,1
MSANTD3-TMEFF1,4,0,0,1,NA,NA,NA,1
MST1,3,0,0,1,NA,NA,NA,1
MT1F,2,0,0,1,NA,NA,NA,1
MTA1,2,0,0,1,NA,NA,NA,1
MUC19,2,0,0,1,NA,NA,NA,1
MYO1C,6,0,0,1,NA,NA,NA,1
MYO5C,2,0,0,1,NA,NA,NA,1
MYOF,2,0,0,1,NA,NA,NA,1
MYPOP,2,0,0,1,NA,NA,NA,1
NAAA,2,0,0,1,NA,NA,NA,1
NAGK,2,0,0,1,NA,NA,NA,1
NAP1L4,2,0,0,1,NA,NA,NA,1
NARF,2,0,0,1,NA,NA,NA,1
NAXE,8,0,0,1,NA,NA,NA,1
NBPF20,2,0,0,1,NA,NA,NA,1
NCAPD2,4,0,0,1,NA,NA,NA,1
NCCRP1,2,0,0,1,NA,NA,NA,1
NCK2,5,0,0,1,NA,NA,NA,1
NCKAP5L,4,0,0,1,NA,NA,NA,1
NDRG1,6,0,0,1,NA,NA,NA,1
NDUFS5,5,0,0,1,NA,NA,NA,1
NECTIN4,2,0,0,1,NA,NA,NA,1
NEK1,3,0,0,1,NA,NA,NA,1
NFATC2,2,0,0,1,NA,NA,NA,1
NFATC4,2,0,0,1,NA,NA,NA,1
NFE2L3,3,0,0,1,NA,NA,NA,1
NFKBIE,3,0,0,1,NA,NA,NA,1
NKIRAS2,2,0,0,1,NA,NA,NA,1
NLGN2,3,0,0,1,NA,NA,NA,1
NOG,2,0,0,1,NA,NA,NA,1
NOSIP,2,0,0,1,NA,NA,NA,1
NOTCH1,6,0,0,1,NA,NA,NA,1
NOTCH3,4,0,0,1,NA,NA,NA,1
NPL,2,0,0,1,NA,NA,NA,1
NR2C1,5,0,0,1,NA,NA,NA,1
NR2F1,3,0,0,1,NA,NA,NA,1
NRIP3,4,0,0,1,NA,NA,NA,1
NSD1,6,0,0,1,NA,NA,NA,1
NSMCE2,7,0,0,1,NA,NA,NA,1
NTF4,3,0,0,1,NA,NA,NA,1
NUB1,7,0,0,1,NA,NA,NA,1
NUBP2,2,0,0,1,NA,NA,NA,1
NUBPL,2,0,0,1,NA,NA,NA,1
NUCB2,5,0,0,1,NA,NA,NA,1
NUDT12,5,0,0,1,NA,NA,NA,1
NUDT2,3,0,0,1,NA,NA,NA,1
NUP54,4,0,0,1,NA,NA,NA,1
NUTF2,3,0,0,1,NA,NA,NA,1
NXF1,2,0,0,1,NA,NA,NA,1
NXT1,3,0,0,1,NA,NA,NA,1
OASL,4,0,0,1,NA,NA,NA,1
OSGEP,2,0,0,1,NA,NA,NA,1
OSR1,2,0,0,1,NA,NA,NA,1
OXTR,4,0,0,1,NA,NA,NA,1
P2RX7,2,0,0,1,NA,NA,NA,1
P4HA3,2,0,0,1,NA,NA,NA,1
PABPC4,4,0,0,1,NA,NA,NA,1
PABPC4L,2,0,0,1,NA,NA,NA,1
PACRGL,2,0,0,1,NA,NA,NA,1
PALM2,3,0,0,1,NA,NA,NA,1
PAOX,4,0,0,1,NA,NA,NA,1
PARD3,3,0,0,1,NA,NA,NA,1
PARK7,6,0,0,1,NA,NA,NA,1
PASK,2,0,0,1,NA,NA,NA,1
PATJ,8,0,0,1,NA,NA,NA,1
PATZ1,2,0,0,1,NA,NA,NA,1
PCDHB10,2,0,0,1,NA,NA,NA,1
PCDHB15,8,0,0,1,NA,NA,NA,1
PCED1A,3,0,0,1,NA,NA,NA,1
PCIF1,4,0,0,1,NA,NA,NA,1
PDE6D,4,0,0,1,NA,NA,NA,1
PDIK1L,7,0,0,1,NA,NA,NA,1
PDZD2,5,0,0,1,NA,NA,NA,1
PDZRN3,2,0,0,1,NA,NA,NA,1
PEG10,3,0,0,1,NA,NA,NA,1
PFDN5,3,0,0,1,NA,NA,NA,1
PGD,4,0,0,1,NA,NA,NA,1
PHF19,11,0,0,1,NA,NA,NA,1
PHKG1,2,0,0,1,NA,NA,NA,1
PIK3CD,2,0,0,1,NA,NA,NA,1
PIMREG,2,0,0,1,NA,NA,NA,1
PINLYP,3,0,0,1,NA,NA,NA,1
PINX1,4,0,0,1,NA,NA,NA,1
PIP4K2A,6,0,0,1,NA,NA,NA,1
PITPNM1,2,0,0,1,NA,NA,NA,1
PKM,2,0,0,1,NA,NA,NA,1
PLA2G15,2,0,0,1,NA,NA,NA,1
PLAC9,2,0,0,1,NA,NA,NA,1
PLCD3,6,0,0,1,NA,NA,NA,1
PLEKHA8,2,0,0,1,NA,NA,NA,1
PLEKHN1,3,0,0,1,NA,NA,NA,1
PLLP,3,0,0,1,NA,NA,NA,1
PMS2,3,0,0,1,NA,NA,NA,1
POLR2G,5,0,0,1,NA,NA,NA,1
POP5,5,0,0,1,NA,NA,NA,1
POU2F2,2,0,0,1,NA,NA,NA,1
POU6F1,3,0,0,1,NA,NA,NA,1
PPIA,3,0,0,1,NA,NA,NA,1
PPIB,3,0,0,1,NA,NA,NA,1
PPIL6,4,0,0,1,NA,NA,NA,1
PPM1F,9,0,0,1,NA,NA,NA,1
PPM1H,2,0,0,1,NA,NA,NA,1
PPP1CA,3,0,0,1,NA,NA,NA,1
PPP1R2,6,0,0,1,NA,NA,NA,1
PPP1R9A,2,0,0,1,NA,NA,NA,1
PRAG1,3,0,0,1,NA,NA,NA,1
PRCC,3,0,0,1,NA,NA,NA,1
PRDM11,3,0,0,1,NA,NA,NA,1
PRICKLE2,4,0,0,1,NA,NA,NA,1
PRIMPOL,3,0,0,1,NA,NA,NA,1
PRKCD,4,0,0,1,NA,NA,NA,1
PRKRIP1,4,0,0,1,NA,NA,NA,1
PRR15L,4,0,0,1,NA,NA,NA,1
PRRC2C,4,0,0,1,NA,NA,NA,1
PRSS16,7,0,0,1,NA,NA,NA,1
PRUNE2,3,0,0,1,NA,NA,NA,1
PSMD1,4,0,0,1,NA,NA,NA,1
PSMD4,3,0,0,1,NA,NA,NA,1
PSMD7,3,0,0,1,NA,NA,NA,1
PSME1,3,0,0,1,NA,NA,NA,1
PTGES,2,0,0,1,NA,NA,NA,1
PTK2B,2,0,0,1,NA,NA,NA,1
PTPRO,7,0,0,1,NA,NA,NA,1
PXDC1,3,0,0,1,NA,NA,NA,1
PYCR2,4,0,0,1,NA,NA,NA,1
QTRT1,7,0,0,1,NA,NA,NA,1
RAB39B,2,0,0,1,NA,NA,NA,1
RALGDS,2,0,0,1,NA,NA,NA,1
RASGEF1B,4,0,0,1,NA,NA,NA,1
RASSF5,2,0,0,1,NA,NA,NA,1
RBM14,2,0,0,1,NA,NA,NA,1
RBM4,3,0,0,1,NA,NA,NA,1
RECK,2,0,0,1,NA,NA,NA,1
RELA,4,0,0,1,NA,NA,NA,1
RFK,6,0,0,1,NA,NA,NA,1
RGS7,2,0,0,1,NA,NA,NA,1
RHBDF1,4,0,0,1,NA,NA,NA,1
RHCE,3,0,0,1,NA,NA,NA,1
RHOA,7,0,0,1,NA,NA,NA,1
RHOBTB1,4,0,0,1,NA,NA,NA,1
RHOV,4,0,0,1,NA,NA,NA,1
RHPN1,2,0,0,1,NA,NA,NA,1
RIBC2,2,0,0,1,NA,NA,NA,1
RIC8A,6,0,0,1,NA,NA,NA,1
RIC8B,2,0,0,1,NA,NA,NA,1
RIN1,3,0,0,1,NA,NA,NA,1
RIOX1,2,0,0,1,NA,NA,NA,1
RMI2,4,0,0,1,NA,NA,NA,1
RNF125,2,0,0,1,NA,NA,NA,1
RNF25,3,0,0,1,NA,NA,NA,1
RNFT2,2,0,0,1,NA,NA,NA,1
ROBO3,2,0,0,1,NA,NA,NA,1
RPL27,3,0,0,1,NA,NA,NA,1
RPL29,3,0,0,1,NA,NA,NA,1
RPL6,3,0,0,1,NA,NA,NA,1
RPS15A,2,0,0,1,NA,NA,NA,1
RPS5,2,0,0,1,NA,NA,NA,1
RPS6KA1,2,0,0,1,NA,NA,NA,1
RPS6KL1,3,0,0,1,NA,NA,NA,1
RSRP1,3,0,0,1,NA,NA,NA,1
RTN4IP1,5,0,0,1,NA,NA,NA,1
RUSC1,4,0,0,1,NA,NA,NA,1
RUSC2,2,0,0,1,NA,NA,NA,1
RUVBL2,4,0,0,1,NA,NA,NA,1
SAMD1,3,0,0,1,NA,NA,NA,1
SASH1,4,0,0,1,NA,NA,NA,1
SBF1,8,0,0,1,NA,NA,NA,1
SCAP,3,0,0,1,NA,NA,NA,1
SCARA3,2,0,0,1,NA,NA,NA,1
SCFD1,4,0,0,1,NA,NA,NA,1
SCYL1,2,0,0,1,NA,NA,NA,1
SCYL3,6,0,0,1,NA,NA,NA,1
SDC1,5,0,0,1,NA,NA,NA,1
SEC11A,6,0,0,1,NA,NA,NA,1
SEC11C,2,0,0,1,NA,NA,NA,1
SEH1L,2,0,0,1,NA,NA,NA,1
SELENBP1,3,0,0,1,NA,NA,NA,1
SF3A2,2,0,0,1,NA,NA,NA,1
SGCA,2,0,0,1,NA,NA,NA,1
SGCE,2,0,0,1,NA,NA,NA,1
SGK494,4,0,0,1,NA,NA,NA,1
SGSM2,2,0,0,1,NA,NA,NA,1
SH3TC1,2,0,0,1,NA,NA,NA,1
SHQ1,3,0,0,1,NA,NA,NA,1
SIAE,3,0,0,1,NA,NA,NA,1
SIAH2,2,0,0,1,NA,NA,NA,1
SIX5,3,0,0,1,NA,NA,NA,1
SLAMF7,3,0,0,1,NA,NA,NA,1
SLC10A5,2,0,0,1,NA,NA,NA,1
SLC22A3,3,0,0,1,NA,NA,NA,1
SLC25A18,2,0,0,1,NA,NA,NA,1
SLC25A29,3,0,0,1,NA,NA,NA,1
SLC25A42,2,0,0,1,NA,NA,NA,1
SLC25A51,3,0,0,1,NA,NA,NA,1
SLC35C1,3,0,0,1,NA,NA,NA,1
SLC37A4,5,0,0,1,NA,NA,NA,1
SLC43A2,2,0,0,1,NA,NA,NA,1
SLC4A8,2,0,0,1,NA,NA,NA,1
SLC7A8,2,0,0,1,NA,NA,NA,1
SLITRK5,3,0,0,1,NA,NA,NA,1
SLTM,4,0,0,1,NA,NA,NA,1
SMARCA2,2,0,0,1,NA,NA,NA,1
SMCO3,4,0,0,1,NA,NA,NA,1
SMG5,2,0,0,1,NA,NA,NA,1
SMIM29,4,0,0,1,NA,NA,NA,1
SNRNP40,3,0,0,1,NA,NA,NA,1
SNRPD2,2,0,0,1,NA,NA,NA,1
SNX14,4,0,0,1,NA,NA,NA,1
SORBS1,3,0,0,1,NA,NA,NA,1
SOX9,7,0,0,1,NA,NA,NA,1
SP6,2,0,0,1,NA,NA,NA,1
SP8,3,0,0,1,NA,NA,NA,1
SPATA5L1,3,0,0,1,NA,NA,NA,1
SPIN3,2,0,0,1,NA,NA,NA,1
SPINT1,6,0,0,1,NA,NA,NA,1
SPOCK2,4,0,0,1,NA,NA,NA,1
SPON2,2,0,0,1,NA,NA,NA,1
SPOUT1,2,0,0,1,NA,NA,NA,1
SPPL2B,6,0,0,1,NA,NA,NA,1
SPRY1,4,0,0,1,NA,NA,NA,1
SPRY2,3,0,0,1,NA,NA,NA,1
SQOR,3,0,0,1,NA,NA,NA,1
SRC,3,0,0,1,NA,NA,NA,1
SRSF12,4,0,0,1,NA,NA,NA,1
ST6GAL2,3,0,0,1,NA,NA,NA,1
ST6GALNAC5,4,0,0,1,NA,NA,NA,1
STARD3,3,0,0,1,NA,NA,NA,1
STARD3NL,5,0,0,1,NA,NA,NA,1
STAT5A,2,0,0,1,NA,NA,NA,1
STON1,2,0,0,1,NA,NA,NA,1
STX4,4,0,0,1,NA,NA,NA,1
SUGP1,5,0,0,1,NA,NA,NA,1
SUPT20H,4,0,0,1,NA,NA,NA,1
SUSD5,3,0,0,1,NA,NA,NA,1
SYK,4,0,0,1,NA,NA,NA,1
SYNM,3,0,0,1,NA,NA,NA,1
SYT5,2,0,0,1,NA,NA,NA,1
SYT7,7,0,0,1,NA,NA,NA,1
SYTL2,2,0,0,1,NA,NA,NA,1
TAF5L,3,0,0,1,NA,NA,NA,1
TAGLN2,4,0,0,1,NA,NA,NA,1
TANGO2,2,0,0,1,NA,NA,NA,1
TANK,3,0,0,1,NA,NA,NA,1
TBC1D22A,2,0,0,1,NA,NA,NA,1
TBC1D22B,3,0,0,1,NA,NA,NA,1
TBC1D25,6,0,0,1,NA,NA,NA,1
TBC1D4,9,0,0,1,NA,NA,NA,1
TBC1D8B,5,0,0,1,NA,NA,NA,1
TBCA,3,0,0,1,NA,NA,NA,1
TBCC,2,0,0,1,NA,NA,NA,1
TBL1X,3,0,0,1,NA,NA,NA,1
TBX18,4,0,0,1,NA,NA,NA,1
TCEAL1,2,0,0,1,NA,NA,NA,1
TCHH,2,0,0,1,NA,NA,NA,1
TCN2,2,0,0,1,NA,NA,NA,1
TCTA,2,0,0,1,NA,NA,NA,1
TDP1,6,0,0,1,NA,NA,NA,1
TECPR1,2,0,0,1,NA,NA,NA,1
TELO2,4,0,0,1,NA,NA,NA,1
TEPSIN,2,0,0,1,NA,NA,NA,1
TES,5,0,0,1,NA,NA,NA,1
TEX9,5,0,0,1,NA,NA,NA,1
TFIP11,3,0,0,1,NA,NA,NA,1
TGFBR3,4,0,0,1,NA,NA,NA,1
THAP12,3,0,0,1,NA,NA,NA,1
THAP3,2,0,0,1,NA,NA,NA,1
THEM6,2,0,0,1,NA,NA,NA,1
THNSL1,3,0,0,1,NA,NA,NA,1
THUMPD1,6,0,0,1,NA,NA,NA,1
TICAM1,2,0,0,1,NA,NA,NA,1
TMED3,4,0,0,1,NA,NA,NA,1
TMEM104,2,0,0,1,NA,NA,NA,1
TMEM11,2,0,0,1,NA,NA,NA,1
TMEM125,2,0,0,1,NA,NA,NA,1
TMEM131L,3,0,0,1,NA,NA,NA,1
TMEM14A,3,0,0,1,NA,NA,NA,1
TMEM150C,4,0,0,1,NA,NA,NA,1
TMEM160,2,0,0,1,NA,NA,NA,1
TMEM187,3,0,0,1,NA,NA,NA,1
TMEM209,7,0,0,1,NA,NA,NA,1
TMEM255B,3,0,0,1,NA,NA,NA,1
TMEM258,6,0,0,1,NA,NA,NA,1
TMEM30B,2,0,0,1,NA,NA,NA,1
TMEM86A,6,0,0,1,NA,NA,NA,1
TMSB4X,4,0,0,1,NA,NA,NA,1
TMX2,2,0,0,1,NA,NA,NA,1
TNFSF14,3,0,0,1,NA,NA,NA,1
TOB1,4,0,0,1,NA,NA,NA,1
TOM1,2,0,0,1,NA,NA,NA,1
TOMM7,5,0,0,1,NA,NA,NA,1
TP53I11,5,0,0,1,NA,NA,NA,1
TP53INP2,2,0,0,1,NA,NA,NA,1
TPST1,3,0,0,1,NA,NA,NA,1
TRADD,4,0,0,1,NA,NA,NA,1
TRIB3,3,0,0,1,NA,NA,NA,1
TRIM29,2,0,0,1,NA,NA,NA,1
TRMT10B,9,0,0,1,NA,NA,NA,1
TRPC4AP,4,0,0,1,NA,NA,NA,1
TSC2,2,0,0,1,NA,NA,NA,1
TSC22D1,8,0,0,1,NA,NA,NA,1
TSEN54,2,0,0,1,NA,NA,NA,1
TSPAN18,4,0,0,1,NA,NA,NA,1
TTC8,2,0,0,1,NA,NA,NA,1
TTYH2,2,0,0,1,NA,NA,NA,1
TUBB4B,7,0,0,1,NA,NA,NA,1
TVP23C-CDRT4,3,0,0,1,NA,NA,NA,1
TYK2,2,0,0,1,NA,NA,NA,1
TYRO3,2,0,0,1,NA,NA,NA,1
UBALD1,4,0,0,1,NA,NA,NA,1
UBR4,4,0,0,1,NA,NA,NA,1
UBTF,6,0,0,1,NA,NA,NA,1
ULBP3,8,0,0,1,NA,NA,NA,1
UPF2,3,0,0,1,NA,NA,NA,1
URGCP-MRPS24,3,0,0,1,NA,NA,NA,1
URM1,3,0,0,1,NA,NA,NA,1
USP20,2,0,0,1,NA,NA,NA,1
USP27X,2,0,0,1,NA,NA,NA,1
USP28,2,0,0,1,NA,NA,NA,1
USP39,2,0,0,1,NA,NA,NA,1
USP45,5,0,0,1,NA,NA,NA,1
VDAC2,3,0,0,1,NA,NA,NA,1
VEGFB,3,0,0,1,NA,NA,NA,1
VLDLR,4,0,0,1,NA,NA,NA,1
VPS28,2,0,0,1,NA,NA,NA,1
VPS33B,3,0,0,1,NA,NA,NA,1
VWA5A,2,0,0,1,NA,NA,NA,1
WBP4,5,0,0,1,NA,NA,NA,1
WDR35,4,0,0,1,NA,NA,NA,1
WDR78,2,0,0,1,NA,NA,NA,1
WDR98,2,0,0,1,NA,NA,NA,1
WISP1,4,0,0,1,NA,NA,NA,1
XPC,2,0,0,1,NA,NA,NA,1
XPO6,2,0,0,1,NA,NA,NA,1
XRCC1,2,0,0,1,NA,NA,NA,1
XXYLT1,5,0,0,1,NA,NA,NA,1
YTHDF2,5,0,0,1,NA,NA,NA,1
ZBTB39,4,0,0,1,NA,NA,NA,1
ZBTB41,6,0,0,1,NA,NA,NA,1
ZBTB46,2,0,0,1,NA,NA,NA,1
ZBTB7B,4,0,0,1,NA,NA,NA,1
ZC3H4,3,0,0,1,NA,NA,NA,1
ZC3HAV1,6,0,0,1,NA,NA,NA,1
ZCCHC11,2,0,0,1,NA,NA,NA,1
ZCWPW2,5,0,0,1,NA,NA,NA,1
ZDBF2,4,0,0,1,NA,NA,NA,1
ZDHHC13,4,0,0,1,NA,NA,NA,1
ZDHHC23,3,0,0,1,NA,NA,NA,1
ZFP14,4,0,0,1,NA,NA,NA,1
ZNF121,3,0,0,1,NA,NA,NA,1
ZNF140,2,0,0,1,NA,NA,NA,1
ZNF211,3,0,0,1,NA,NA,NA,1
ZNF223,5,0,0,1,NA,NA,NA,1
ZNF235,2,0,0,1,NA,NA,NA,1
ZNF274,5,0,0,1,NA,NA,NA,1
ZNF275,4,0,0,1,NA,NA,NA,1
ZNF282,3,0,0,1,NA,NA,NA,1
ZNF286A,2,0,0,1,NA,NA,NA,1
ZNF354A,2,0,0,1,NA,NA,NA,1
ZNF391,4,0,0,1,NA,NA,NA,1
ZNF443,6,0,0,1,NA,NA,NA,1
ZNF45,12,0,0,1,NA,NA,NA,1
ZNF467,2,0,0,1,NA,NA,NA,1
ZNF512,6,0,0,1,NA,NA,NA,1
ZNF513,4,0,0,1,NA,NA,NA,1
ZNF524,6,0,0,1,NA,NA,NA,1
ZNF532,4,0,0,1,NA,NA,NA,1
ZNF540,2,0,0,1,NA,NA,NA,1
ZNF559-ZNF177,2,0,0,1,NA,NA,NA,1
ZNF579,2,0,0,1,NA,NA,NA,1
ZNF594,2,0,0,1,NA,NA,NA,1
ZNF613,4,0,0,1,NA,NA,NA,1
ZNF624,2,0,0,1,NA,NA,NA,1
ZNF680,4,0,0,1,NA,NA,NA,1
ZNF688,2,0,0,1,NA,NA,NA,1
ZNF7,3,0,0,1,NA,NA,NA,1
ZNF710,2,0,0,1,NA,NA,NA,1
ZNF814,9,0,0,1,NA,NA,NA,1
ZNF84,3,0,0,1,NA,NA,NA,1
ZNF865,3,0,0,1,NA,NA,NA,1
ZNF879,3,0,0,1,NA,NA,NA,1
ZNF888,3,0,0,1,NA,NA,NA,1
ZNFX1,2,0,0,1,NA,NA,NA,1
ZSCAN16,2,0,0,1,NA,NA,NA,1
ZSCAN26,6,0,0,1,NA,NA,NA,1
ZYX,5,0,0,1,NA,NA,NA,1
A2ML1,2,0,0,NA,NA,NA,NA,NA
AAMP,2,0,0,NA,NA,NA,NA,NA
ABCC1,7,0,0,NA,NA,NA,NA,NA
ABCD2,4,0,0,NA,NA,NA,NA,NA
ABCG2,4,0,0,NA,NA,NA,NA,NA
ACACB,2,0,0,NA,NA,NA,NA,NA
ACADVL,2,0,0,NA,NA,NA,NA,NA
ACBD4,2,0,0,NA,NA,NA,NA,NA
ACIN1,2,0,0,NA,NA,NA,NA,NA
ACKR1,2,0,0,NA,NA,NA,NA,NA
ADAMTS4,2,0,0,NA,NA,NA,NA,NA
ADAMTS7,2,0,0,NA,NA,NA,NA,NA
ADAP2,4,0,0,NA,NA,NA,NA,NA
ADGRB2,2,0,0,NA,NA,NA,NA,NA
AGPAT2,2,0,0,NA,NA,NA,NA,NA
AGR2,2,0,0,NA,NA,NA,NA,NA
AKT1,2,0,0,NA,NA,NA,NA,NA
ALDH8A1,2,0,0,NA,NA,NA,NA,NA
ALDOC,2,0,0,NA,NA,NA,NA,NA
ALG1L,2,0,0,NA,NA,NA,NA,NA
ALS2,2,0,0,NA,NA,NA,NA,NA
ALS2CR12,4,0,0,NA,NA,NA,NA,NA
ANKDD1A,2,0,0,NA,NA,NA,NA,NA
ANKRD27,2,0,0,NA,NA,NA,NA,NA
AP002990.1,3,0,0,NA,NA,NA,NA,NA
APOBEC3G,2,0,0,NA,NA,NA,NA,NA
APOO,2,0,0,NA,NA,NA,NA,NA
AQP11,4,0,0,NA,NA,NA,NA,NA
AQP3,2,0,0,NA,NA,NA,NA,NA
ARHGAP28,4,0,0,NA,NA,NA,NA,NA
ARHGEF16,2,0,0,NA,NA,NA,NA,NA
ARL9,2,0,0,NA,NA,NA,NA,NA
ARSI,2,0,0,NA,NA,NA,NA,NA
ASTN2,6,0,0,NA,NA,NA,NA,NA
ATP1B2,2,0,0,NA,NA,NA,NA,NA
ATP23,2,0,0,NA,NA,NA,NA,NA
ATP6V1F,4,0,0,NA,NA,NA,NA,NA
AUP1,2,0,0,NA,NA,NA,NA,NA
AZIN2,3,0,0,NA,NA,NA,NA,NA
B3GAT3,3,0,0,NA,NA,NA,NA,NA
BAIAP2,2,0,0,NA,NA,NA,NA,NA
BAZ1A,2,0,0,NA,NA,NA,NA,NA
BBS9,2,0,0,NA,NA,NA,NA,NA
BEST4,2,0,0,NA,NA,NA,NA,NA
BICDL2,3,0,0,NA,NA,NA,NA,NA
BIK,2,0,0,NA,NA,NA,NA,NA
BIVM-ERCC5,2,0,0,NA,NA,NA,NA,NA
BLNK,5,0,0,NA,NA,NA,NA,NA
BLOC1S5,2,0,0,NA,NA,NA,NA,NA
BNIPL,2,0,0,NA,NA,NA,NA,NA
BTBD11,3,0,0,NA,NA,NA,NA,NA
C11orf80,2,0,0,NA,NA,NA,NA,NA
C12orf10,2,0,0,NA,NA,NA,NA,NA
C16orf95,2,0,0,NA,NA,NA,NA,NA
C20orf196,2,0,0,NA,NA,NA,NA,NA
C2orf72,2,0,0,NA,NA,NA,NA,NA
C3orf80,4,0,0,NA,NA,NA,NA,NA
C4orf19,4,0,0,NA,NA,NA,NA,NA
C7orf49,5,0,0,NA,NA,NA,NA,NA
C8orf46,4,0,0,NA,NA,NA,NA,NA
C9orf64,3,0,0,NA,NA,NA,NA,NA
C9orf66,2,0,0,NA,NA,NA,NA,NA
CACNG7,3,0,0,NA,NA,NA,NA,NA
CALHM5,6,0,0,NA,NA,NA,NA,NA
CAPN12,2,0,0,NA,NA,NA,NA,NA
CARD8,4,0,0,NA,NA,NA,NA,NA
CARMIL1,2,0,0,NA,NA,NA,NA,NA
CAVIN1,2,0,0,NA,NA,NA,NA,NA
CBARP,2,0,0,NA,NA,NA,NA,NA
CC2D1A,3,0,0,NA,NA,NA,NA,NA
CCDC146,2,0,0,NA,NA,NA,NA,NA
CCDC150,2,0,0,NA,NA,NA,NA,NA
CCDC180,2,0,0,NA,NA,NA,NA,NA
CCDC87,2,0,0,NA,NA,NA,NA,NA
CDC42BPB,2,0,0,NA,NA,NA,NA,NA
CDKL2,2,0,0,NA,NA,NA,NA,NA
CDKL3,2,0,0,NA,NA,NA,NA,NA
CELF6,2,0,0,NA,NA,NA,NA,NA
CIB2,3,0,0,NA,NA,NA,NA,NA
CKMT1B,2,0,0,NA,NA,NA,NA,NA
CLBA1,2,0,0,NA,NA,NA,NA,NA
CLIP3,2,0,0,NA,NA,NA,NA,NA
CLSTN3,2,0,0,NA,NA,NA,NA,NA
CLTA,2,0,0,NA,NA,NA,NA,NA
CLTCL1,2,0,0,NA,NA,NA,NA,NA
CNIH2,3,0,0,NA,NA,NA,NA,NA
CNOT4,2,0,0,NA,NA,NA,NA,NA
COG6,2,0,0,NA,NA,NA,NA,NA
COPRS,3,0,0,NA,NA,NA,NA,NA
COQ5,2,0,0,NA,NA,NA,NA,NA
CORO2B,2,0,0,NA,NA,NA,NA,NA
COX6B1,2,0,0,NA,NA,NA,NA,NA
CPQ,2,0,0,NA,NA,NA,NA,NA
CPT2,2,0,0,NA,NA,NA,NA,NA
CRABP2,3,0,0,NA,NA,NA,NA,NA
CRIP2,2,0,0,NA,NA,NA,NA,NA
CRIP3,2,0,0,NA,NA,NA,NA,NA
CRISPLD2,2,0,0,NA,NA,NA,NA,NA
CRYBB3,2,0,0,NA,NA,NA,NA,NA
CTSF,2,0,0,NA,NA,NA,NA,NA
CTSK,2,0,0,NA,NA,NA,NA,NA
CTU2,2,0,0,NA,NA,NA,NA,NA
CWC25,2,0,0,NA,NA,NA,NA,NA
CXCL14,2,0,0,NA,NA,NA,NA,NA
CXXC4,3,0,0,NA,NA,NA,NA,NA
CYC1,2,0,0,NA,NA,NA,NA,NA
CYP27A1,2,0,0,NA,NA,NA,NA,NA
CYP2E1,2,0,0,NA,NA,NA,NA,NA
DAGLB,2,0,0,NA,NA,NA,NA,NA
DAPK3,2,0,0,NA,NA,NA,NA,NA
DBNDD1,2,0,0,NA,NA,NA,NA,NA
DCHS1,2,0,0,NA,NA,NA,NA,NA
DCP1B,2,0,0,NA,NA,NA,NA,NA
DCTN3,2,0,0,NA,NA,NA,NA,NA
DDIT4L,2,0,0,NA,NA,NA,NA,NA
DDX60L,2,0,0,NA,NA,NA,NA,NA
DEF8,2,0,0,NA,NA,NA,NA,NA
DFFB,2,0,0,NA,NA,NA,NA,NA
DHX35,2,0,0,NA,NA,NA,NA,NA
DIO2,2,0,0,NA,NA,NA,NA,NA
DIRAS1,3,0,0,NA,NA,NA,NA,NA
DMKN,2,0,0,NA,NA,NA,NA,NA
DNAH1,2,0,0,NA,NA,NA,NA,NA
DNMT3B,2,0,0,NA,NA,NA,NA,NA
DOCK8,2,0,0,NA,NA,NA,NA,NA
DOK1,2,0,0,NA,NA,NA,NA,NA
DUSP12,2,0,0,NA,NA,NA,NA,NA
DUSP2,2,0,0,NA,NA,NA,NA,NA
E2F2,2,0,0,NA,NA,NA,NA,NA
EDEM3,2,0,0,NA,NA,NA,NA,NA
EGF,2,0,0,NA,NA,NA,NA,NA
EGLN3,7,0,0,NA,NA,NA,NA,NA
EIF3G,2,0,0,NA,NA,NA,NA,NA
ELF4,2,0,0,NA,NA,NA,NA,NA
ELMO1,2,0,0,NA,NA,NA,NA,NA
EML5,3,0,0,NA,NA,NA,NA,NA
EML6,2,0,0,NA,NA,NA,NA,NA
ENDOG,2,0,0,NA,NA,NA,NA,NA
ENPP4,6,0,0,NA,NA,NA,NA,NA
ERAP1,2,0,0,NA,NA,NA,NA,NA
ERI1,2,0,0,NA,NA,NA,NA,NA
ERMAP,3,0,0,NA,NA,NA,NA,NA
ESPN,4,0,0,NA,NA,NA,NA,NA
ETFB,2,0,0,NA,NA,NA,NA,NA
EVA1C,2,0,0,NA,NA,NA,NA,NA
EXOC6,2,0,0,NA,NA,NA,NA,NA
EYA3,3,0,0,NA,NA,NA,NA,NA
FAAP100,4,0,0,NA,NA,NA,NA,NA
FAM122C,3,0,0,NA,NA,NA,NA,NA
FAM131B,3,0,0,NA,NA,NA,NA,NA
FAM161A,2,0,0,NA,NA,NA,NA,NA
FAM173A,2,0,0,NA,NA,NA,NA,NA
FAM185A,3,0,0,NA,NA,NA,NA,NA
FAM19A2,2,0,0,NA,NA,NA,NA,NA
FAM227B,2,0,0,NA,NA,NA,NA,NA
FAM69B,3,0,0,NA,NA,NA,NA,NA
FAM71F2,3,0,0,NA,NA,NA,NA,NA
FBXO16,2,0,0,NA,NA,NA,NA,NA
FGF11,2,0,0,NA,NA,NA,NA,NA
FGF12,3,0,0,NA,NA,NA,NA,NA
FKBP1B,3,0,0,NA,NA,NA,NA,NA
FMN2,2,0,0,NA,NA,NA,NA,NA
FNDC11,2,0,0,NA,NA,NA,NA,NA
FNTA,2,0,0,NA,NA,NA,NA,NA
FRZB,3,0,0,NA,NA,NA,NA,NA
FUT3,2,0,0,NA,NA,NA,NA,NA
GABRQ,2,0,0,NA,NA,NA,NA,NA
GALNT13,4,0,0,NA,NA,NA,NA,NA
GCNT2,2,0,0,NA,NA,NA,NA,NA
GDF15,2,0,0,NA,NA,NA,NA,NA
GDI1,3,0,0,NA,NA,NA,NA,NA
GHR,2,0,0,NA,NA,NA,NA,NA
GPAT3,2,0,0,NA,NA,NA,NA,NA
GPER1,2,0,0,NA,NA,NA,NA,NA
GPHN,2,0,0,NA,NA,NA,NA,NA
GPLD1,6,0,0,NA,NA,NA,NA,NA
GPR143,2,0,0,NA,NA,NA,NA,NA
GPR75-ASB3,3,0,0,NA,NA,NA,NA,NA
GPRASP2,3,0,0,NA,NA,NA,NA,NA
GREB1L,2,0,0,NA,NA,NA,NA,NA
GSDMB,2,0,0,NA,NA,NA,NA,NA
GSK3A,2,0,0,NA,NA,NA,NA,NA
GVQW2,3,0,0,NA,NA,NA,NA,NA
HDGFL2,2,0,0,NA,NA,NA,NA,NA
HECW1,2,0,0,NA,NA,NA,NA,NA
HERC5,2,0,0,NA,NA,NA,NA,NA
HHIPL2,2,0,0,NA,NA,NA,NA,NA
HIST1H2BG,7,0,0,NA,NA,NA,NA,NA
HIST1H3A,4,0,0,NA,NA,NA,NA,NA
HIST1H3B,3,0,0,NA,NA,NA,NA,NA
HIST1H4B,2,0,0,NA,NA,NA,NA,NA
HIST1H4I,3,0,0,NA,NA,NA,NA,NA
HNMT,2,0,0,NA,NA,NA,NA,NA
HOXA11,2,0,0,NA,NA,NA,NA,NA
HOXA7,3,0,0,NA,NA,NA,NA,NA
HOXB13,4,0,0,NA,NA,NA,NA,NA
HOXC10,2,0,0,NA,NA,NA,NA,NA
IFI30,3,0,0,NA,NA,NA,NA,NA
IFITM10,2,0,0,NA,NA,NA,NA,NA
IGDCC4,4,0,0,NA,NA,NA,NA,NA
IGFBP2,2,0,0,NA,NA,NA,NA,NA
IGFBP5,7,0,0,NA,NA,NA,NA,NA
IGLV1-51,2,0,0,NA,NA,NA,NA,NA
IL16,3,0,0,NA,NA,NA,NA,NA
IL7,2,0,0,NA,NA,NA,NA,NA
INPP5D,2,0,0,NA,NA,NA,NA,NA
INPP5E,3,0,0,NA,NA,NA,NA,NA
INSL4,2,0,0,NA,NA,NA,NA,NA
IP6K3,3,0,0,NA,NA,NA,NA,NA
ITFG2,2,0,0,NA,NA,NA,NA,NA
ITM2C,2,0,0,NA,NA,NA,NA,NA
JUP,3,0,0,NA,NA,NA,NA,NA
KBTBD3,2,0,0,NA,NA,NA,NA,NA
KCNK15,5,0,0,NA,NA,NA,NA,NA
KCNK7,2,0,0,NA,NA,NA,NA,NA
KCNN4,2,0,0,NA,NA,NA,NA,NA
KCTD11,3,0,0,NA,NA,NA,NA,NA
KDM4D,2,0,0,NA,NA,NA,NA,NA
KIAA0825,2,0,0,NA,NA,NA,NA,NA
KIF21B,4,0,0,NA,NA,NA,NA,NA
KIF26A,2,0,0,NA,NA,NA,NA,NA
KIF6,2,0,0,NA,NA,NA,NA,NA
KIZ,2,0,0,NA,NA,NA,NA,NA
KLC3,2,0,0,NA,NA,NA,NA,NA
KRBA2,3,0,0,NA,NA,NA,NA,NA
KRT222,4,0,0,NA,NA,NA,NA,NA
KXD1,2,0,0,NA,NA,NA,NA,NA
LEPROTL1,2,0,0,NA,NA,NA,NA,NA
LIG1,2,0,0,NA,NA,NA,NA,NA
LIPH,4,0,0,NA,NA,NA,NA,NA
LMNA,2,0,0,NA,NA,NA,NA,NA
LOC100130705,2,0,0,NA,NA,NA,NA,NA
LOC101928841,2,0,0,NA,NA,NA,NA,NA
LONP1,2,0,0,NA,NA,NA,NA,NA
LRIG1,2,0,0,NA,NA,NA,NA,NA
LRP2BP,6,0,0,NA,NA,NA,NA,NA
LRRC27,2,0,0,NA,NA,NA,NA,NA
LRRC39,2,0,0,NA,NA,NA,NA,NA
LRRC4,2,0,0,NA,NA,NA,NA,NA
LRRN1,7,0,0,NA,NA,NA,NA,NA
LRTOMT,3,0,0,NA,NA,NA,NA,NA
LSM7,2,0,0,NA,NA,NA,NA,NA
LTC4S,2,0,0,NA,NA,NA,NA,NA
LY75-CD302,5,0,0,NA,NA,NA,NA,NA
MAD2L1BP,2,0,0,NA,NA,NA,NA,NA
MAF1,2,0,0,NA,NA,NA,NA,NA
MC1R,2,0,0,NA,NA,NA,NA,NA
MCRS1,2,0,0,NA,NA,NA,NA,NA
MDN1,2,0,0,NA,NA,NA,NA,NA
MED14OS,4,0,0,NA,NA,NA,NA,NA
MFNG,2,0,0,NA,NA,NA,NA,NA
MICAL2,2,0,0,NA,NA,NA,NA,NA
MLF2,2,0,0,NA,NA,NA,NA,NA
MLKL,2,0,0,NA,NA,NA,NA,NA
MPST,2,0,0,NA,NA,NA,NA,NA
MRPL24,2,0,0,NA,NA,NA,NA,NA
MRPL40,2,0,0,NA,NA,NA,NA,NA
MTCH1,2,0,0,NA,NA,NA,NA,NA
MTCP1,2,0,0,NA,NA,NA,NA,NA
MTERF2,6,0,0,NA,NA,NA,NA,NA
MTRNR2L10,2,0,0,NA,NA,NA,NA,NA
MUC16,2,0,0,NA,NA,NA,NA,NA
MYRF,2,0,0,NA,NA,NA,NA,NA
N4BP3,3,0,0,NA,NA,NA,NA,NA
NAALADL2,6,0,0,NA,NA,NA,NA,NA
NAB2,2,0,0,NA,NA,NA,NA,NA
NCOA4,4,0,0,NA,NA,NA,NA,NA
NDUFA12,2,0,0,NA,NA,NA,NA,NA
NDUFS7,2,0,0,NA,NA,NA,NA,NA
NDUFS8,2,0,0,NA,NA,NA,NA,NA
NELFB,2,0,0,NA,NA,NA,NA,NA
NOS3,3,0,0,NA,NA,NA,NA,NA
NRG2,4,0,0,NA,NA,NA,NA,NA
NT5C,2,0,0,NA,NA,NA,NA,NA
NTHL1,2,0,0,NA,NA,NA,NA,NA
OLFML2B,2,0,0,NA,NA,NA,NA,NA
OLR1,2,0,0,NA,NA,NA,NA,NA
PABPC1L,2,0,0,NA,NA,NA,NA,NA
PAPLN,2,0,0,NA,NA,NA,NA,NA
PCDH19,2,0,0,NA,NA,NA,NA,NA
PCDHB4,4,0,0,NA,NA,NA,NA,NA
PCLO,2,0,0,NA,NA,NA,NA,NA
PDXP,2,0,0,NA,NA,NA,NA,NA
PDZD4,3,0,0,NA,NA,NA,NA,NA
PER3,3,0,0,NA,NA,NA,NA,NA
PES1,2,0,0,NA,NA,NA,NA,NA
PET100,2,0,0,NA,NA,NA,NA,NA
PGF,2,0,0,NA,NA,NA,NA,NA
PGLS,3,0,0,NA,NA,NA,NA,NA
PGM1,2,0,0,NA,NA,NA,NA,NA
PI15,3,0,0,NA,NA,NA,NA,NA
PIEZO1,2,0,0,NA,NA,NA,NA,NA
PIFO,3,0,0,NA,NA,NA,NA,NA
PIK3R2,2,0,0,NA,NA,NA,NA,NA
PIM2,2,0,0,NA,NA,NA,NA,NA
PIM3,3,0,0,NA,NA,NA,NA,NA
PIN1,2,0,0,NA,NA,NA,NA,NA
PIP5K1C,3,0,0,NA,NA,NA,NA,NA
PITX2,2,0,0,NA,NA,NA,NA,NA
PLAU,2,0,0,NA,NA,NA,NA,NA
PLCH1,4,0,0,NA,NA,NA,NA,NA
PLEKHA2,2,0,0,NA,NA,NA,NA,NA
PLIN1,2,0,0,NA,NA,NA,NA,NA
PLTP,2,0,0,NA,NA,NA,NA,NA
PLXDC1,2,0,0,NA,NA,NA,NA,NA
POLE3,2,0,0,NA,NA,NA,NA,NA
POU2F3,5,0,0,NA,NA,NA,NA,NA
PPEF1,2,0,0,NA,NA,NA,NA,NA
PPME1,2,0,0,NA,NA,NA,NA,NA
PPP4C,2,0,0,NA,NA,NA,NA,NA
PRDM12,2,0,0,NA,NA,NA,NA,NA
PREX2,3,0,0,NA,NA,NA,NA,NA
PRKAA2,8,0,0,NA,NA,NA,NA,NA
PRKCSH,3,0,0,NA,NA,NA,NA,NA
PRKG1,2,0,0,NA,NA,NA,NA,NA
PRR18,2,0,0,NA,NA,NA,NA,NA
PRR7,2,0,0,NA,NA,NA,NA,NA
PRSS53,2,0,0,NA,NA,NA,NA,NA
PRTFDC1,2,0,0,NA,NA,NA,NA,NA
PSMB1,3,0,0,NA,NA,NA,NA,NA
PSMD13,2,0,0,NA,NA,NA,NA,NA
PTGER4,2,0,0,NA,NA,NA,NA,NA
PTK7,2,0,0,NA,NA,NA,NA,NA
PTMS,4,0,0,NA,NA,NA,NA,NA
PTPRB,7,0,0,NA,NA,NA,NA,NA
PTPRZ1,3,0,0,NA,NA,NA,NA,NA
PTTG1,2,0,0,NA,NA,NA,NA,NA
RAB40A,2,0,0,NA,NA,NA,NA,NA
RALB,2,0,0,NA,NA,NA,NA,NA
RASSF10,3,0,0,NA,NA,NA,NA,NA
RASSF4,2,0,0,NA,NA,NA,NA,NA
RBP4,2,0,0,NA,NA,NA,NA,NA
RECQL5,2,0,0,NA,NA,NA,NA,NA
RELB,2,0,0,NA,NA,NA,NA,NA
RELL1,4,0,0,NA,NA,NA,NA,NA
REXO1,2,0,0,NA,NA,NA,NA,NA
RFNG,2,0,0,NA,NA,NA,NA,NA
RGS14,2,0,0,NA,NA,NA,NA,NA
RHBDD2,3,0,0,NA,NA,NA,NA,NA
RND2,2,0,0,NA,NA,NA,NA,NA
RNF123,2,0,0,NA,NA,NA,NA,NA
RORC,3,0,0,NA,NA,NA,NA,NA
RPH3AL,3,0,0,NA,NA,NA,NA,NA
RPL3,2,0,0,NA,NA,NA,NA,NA
RPL36AL,2,0,0,NA,NA,NA,NA,NA
RRAS,3,0,0,NA,NA,NA,NA,NA
RWDD3,2,0,0,NA,NA,NA,NA,NA
S100A11,2,0,0,NA,NA,NA,NA,NA
S100A7A,3,0,0,NA,NA,NA,NA,NA
SALL4,2,0,0,NA,NA,NA,NA,NA
SAMD15,6,0,0,NA,NA,NA,NA,NA
SATB1,5,0,0,NA,NA,NA,NA,NA
SDF2L1,2,0,0,NA,NA,NA,NA,NA
SDK2,2,0,0,NA,NA,NA,NA,NA
SEC61A2,3,0,0,NA,NA,NA,NA,NA
SELENOW,2,0,0,NA,NA,NA,NA,NA
SEMA3F,2,0,0,NA,NA,NA,NA,NA
SEMA4C,2,0,0,NA,NA,NA,NA,NA
SETD9,3,0,0,NA,NA,NA,NA,NA
SKIDA1,3,0,0,NA,NA,NA,NA,NA
SLC12A3,4,0,0,NA,NA,NA,NA,NA
SLC16A4,2,0,0,NA,NA,NA,NA,NA
SLC25A1,3,0,0,NA,NA,NA,NA,NA
SLC25A19,2,0,0,NA,NA,NA,NA,NA
SLC25A21,2,0,0,NA,NA,NA,NA,NA
SLC28A3,5,0,0,NA,NA,NA,NA,NA
SLC2A14,2,0,0,NA,NA,NA,NA,NA
SLC35G1,2,0,0,NA,NA,NA,NA,NA
SLC52A1,2,0,0,NA,NA,NA,NA,NA
SLC6A17,3,0,0,NA,NA,NA,NA,NA
SLC9A2,2,0,0,NA,NA,NA,NA,NA
SNRNP70,2,0,0,NA,NA,NA,NA,NA
SNX32,2,0,0,NA,NA,NA,NA,NA
SPAAR,2,0,0,NA,NA,NA,NA,NA
SPAG4,2,0,0,NA,NA,NA,NA,NA
SPATA25,2,0,0,NA,NA,NA,NA,NA
SPC25,2,0,0,NA,NA,NA,NA,NA
SPINK5,3,0,0,NA,NA,NA,NA,NA
SRRT,2,0,0,NA,NA,NA,NA,NA
ST8SIA5,2,0,0,NA,NA,NA,NA,NA
STAR,2,0,0,NA,NA,NA,NA,NA
STIP1,2,0,0,NA,NA,NA,NA,NA
SV2B,2,0,0,NA,NA,NA,NA,NA
SVIP,4,0,0,NA,NA,NA,NA,NA
SYCP2L,3,0,0,NA,NA,NA,NA,NA
SYNJ1,4,0,0,NA,NA,NA,NA,NA
TAF2,3,0,0,NA,NA,NA,NA,NA
TAF4B,2,0,0,NA,NA,NA,NA,NA
TAF7,2,0,0,NA,NA,NA,NA,NA
TAL1,2,0,0,NA,NA,NA,NA,NA
TAMM41,2,0,0,NA,NA,NA,NA,NA
TAPBPL,3,0,0,NA,NA,NA,NA,NA
TAZ,2,0,0,NA,NA,NA,NA,NA
TBC1D13,3,0,0,NA,NA,NA,NA,NA
TEC,3,0,0,NA,NA,NA,NA,NA
TEX37,3,0,0,NA,NA,NA,NA,NA
THBS2,2,0,0,NA,NA,NA,NA,NA
TIAM2,2,0,0,NA,NA,NA,NA,NA
TIMM17B,2,0,0,NA,NA,NA,NA,NA
TLR5,3,0,0,NA,NA,NA,NA,NA
TMC5,4,0,0,NA,NA,NA,NA,NA
TMEM102,2,0,0,NA,NA,NA,NA,NA
TMEM110-MUSTN1,2,0,0,NA,NA,NA,NA,NA
TMEM208,2,0,0,NA,NA,NA,NA,NA
TMEM225B,2,0,0,NA,NA,NA,NA,NA
TMEM238,3,0,0,NA,NA,NA,NA,NA
TMEM56-RWDD3,4,0,0,NA,NA,NA,NA,NA
TMEM63B,2,0,0,NA,NA,NA,NA,NA
TNFRSF9,5,0,0,NA,NA,NA,NA,NA
TRANK1,2,0,0,NA,NA,NA,NA,NA
TRIP4,2,0,0,NA,NA,NA,NA,NA
TRIR,2,0,0,NA,NA,NA,NA,NA
TSC22D3,2,0,0,NA,NA,NA,NA,NA
TSLP,2,0,0,NA,NA,NA,NA,NA
TSPAN4,2,0,0,NA,NA,NA,NA,NA
TSPYL2,2,0,0,NA,NA,NA,NA,NA
TST,2,0,0,NA,NA,NA,NA,NA
TTC12,4,0,0,NA,NA,NA,NA,NA
TTC25,3,0,0,NA,NA,NA,NA,NA
TWNK,2,0,0,NA,NA,NA,NA,NA
UCKL1,2,0,0,NA,NA,NA,NA,NA
ULBP2,2,0,0,NA,NA,NA,NA,NA
UNC13A,2,0,0,NA,NA,NA,NA,NA
UNC13D,2,0,0,NA,NA,NA,NA,NA
UPK1B,2,0,0,NA,NA,NA,NA,NA
USF1,2,0,0,NA,NA,NA,NA,NA
VCPKMT,2,0,0,NA,NA,NA,NA,NA
VGF,2,0,0,NA,NA,NA,NA,NA
VPS11,3,0,0,NA,NA,NA,NA,NA
VSIG2,3,0,0,NA,NA,NA,NA,NA
WBP1,2,0,0,NA,NA,NA,NA,NA
WDR70,2,0,0,NA,NA,NA,NA,NA
WDR97,2,0,0,NA,NA,NA,NA,NA
WNT2B,5,0,0,NA,NA,NA,NA,NA
WNT7B,2,0,0,NA,NA,NA,NA,NA
XK,2,0,0,NA,NA,NA,NA,NA
YPEL1,6,0,0,NA,NA,NA,NA,NA
ZBED6CL,2,0,0,NA,NA,NA,NA,NA
ZBTB7C,2,0,0,NA,NA,NA,NA,NA
ZC2HC1C,2,0,0,NA,NA,NA,NA,NA
ZFYVE28,3,0,0,NA,NA,NA,NA,NA
ZNF124,2,0,0,NA,NA,NA,NA,NA
ZNF222,2,0,0,NA,NA,NA,NA,NA
ZNF404,2,0,0,NA,NA,NA,NA,NA
ZNF414,2,0,0,NA,NA,NA,NA,NA
ZNF416,2,0,0,NA,NA,NA,NA,NA
ZNF44,2,0,0,NA,NA,NA,NA,NA
ZNF470,2,0,0,NA,NA,NA,NA,NA
ZNF483,2,0,0,NA,NA,NA,NA,NA
ZNF501,4,0,0,NA,NA,NA,NA,NA
ZNF569,2,0,0,NA,NA,NA,NA,NA
ZNF577,2,0,0,NA,NA,NA,NA,NA
ZNF593,2,0,0,NA,NA,NA,NA,NA
ZNF606,4,0,0,NA,NA,NA,NA,NA
ZNF653,2,0,0,NA,NA,NA,NA,NA
ZNF718,2,0,0,NA,NA,NA,NA,NA
ZNF750,3,0,0,NA,NA,NA,NA,NA
ZNF799,2,0,0,NA,NA,NA,NA,NA
ZNF829,3,0,0,NA,NA,NA,NA,NA
