groupID,n_PAS,n_sig,n_big,min_padj,max_absL2FC,mean_absL2FC,dir_consensus,perGeneQ
LPAR3,4,1,1,2.19734388748086e-05,14.9244759785512,14.9244759785512,Shortened_only,2.19734407290728e-05
FAM212B,9,1,1,0.000718145857243108,3.870582879685,3.870582879685,Shortened_only,0.000718145784744939
PPCDC,2,2,2,0.00370003249882858,3.82319769461935,2.48393662379713,Mixed,0.0037000276540557
PTEN,28,1,1,0.0037019063870294,16.1858980332251,16.1858980332251,Shortened_only,0.00370190056741722
PGRMC2,14,1,1,0.00381638617239786,15.9906471850434,15.9906471850434,Shortened_only,0.00381637895671798
TMEM154,14,1,1,0.00446167751394652,5.24888970571586,5.24888970571586,Lengthened_only,0.00446166060677371
DENND4A,21,1,1,0.00455862755330086,17.1388859014127,17.1388859014127,Shortened_only,0.00455860696196002
NREP,17,1,1,0.00370003249882858,16.8230406693934,16.8230406693934,Lengthened_only,0.00461399221347655
RINT1,9,1,1,0.00446167751394652,2.43632199254378,2.43632199254378,Lengthened_only,0.004658895445733
PPID,4,2,2,0.00446167751394652,0.884275068318593,0.761989564163658,Mixed,0.00472141347338967
UBE2K,23,1,1,0.00446167751394652,3.99279116407065,3.99279116407065,Lengthened_only,0.00479251259676168
TBCK,8,1,0,0.00480561892232069,0.305142748164625,0.305142748164625,Lengthened_only,0.00480559440472269
AP4E1,4,1,1,0.00455862755330086,14.8828156024673,14.8828156024673,Lengthened_only,0.0048112054134677
EMC3,17,1,1,0.00370003249882858,16.9363420163897,16.9363420163897,Shortened_only,0.0050009318745583
NHEJ1,11,1,1,0.00446167751394652,3.95203120156866,3.95203120156866,Shortened_only,0.00502810227104745
APPL1,18,1,1,0.00547278099853631,4.06368297331494,4.06368297331494,Lengthened_only,0.00547274284128928
SMAD5,13,1,1,0.00547278099853631,14.8961952195337,14.8961952195337,Shortened_only,0.0055827580173897
ANKRD17,15,1,1,0.00547278099853631,5.20441324117412,5.20441324117412,Shortened_only,0.00567941006007437
URI1,12,2,2,0.0055602902184952,1.46027221863358,0.985850884730925,Mixed,0.00570346943570884
GIT2,6,1,1,0.0055602902184952,0.591334668521252,0.591334668521252,Shortened_only,0.00580198716748763
BBX,24,1,1,0.0055602902184952,15.9695736790973,15.9695736790973,Shortened_only,0.00604714495088216
CIP2A,32,1,1,0.00580714655447072,3.39756994726167,3.39756994726167,Lengthened_only,0.00604904883846609
RHEB,5,1,1,0.0055602902184952,4.94623029731136,4.94623029731136,Lengthened_only,0.00616994785725251
RFT1,23,1,1,0.0055602902184952,4.39079147912299,4.39079147912299,Shortened_only,0.00624840037012291
UQCRQ,6,1,1,0.00590495364990525,1.14451915387117,1.14451915387117,Lengthened_only,0.00637727797923023
PRPF18,24,1,1,0.00677359043184119,1.63203673675289,1.63203673675289,Shortened_only,0.00729453793074255
WDR41,33,1,1,0.00725443297682936,4.26645116062376,4.26645116062376,Lengthened_only,0.00779168236458806
MYO1C,6,1,1,0.00763258954301688,0.577514968751492,0.577514968751492,Shortened_only,0.00817764198064289
ITGA1,19,1,1,0.00769617458267143,16.8290471156433,16.8290471156433,Lengthened_only,0.00822680632515672
AHCY,16,1,1,0.00777197590406769,4.95199052292686,4.95199052292686,Lengthened_only,0.0082899617072911
ST8SIA4,6,1,1,0.00790252188147486,16.6822572142667,16.6822572142667,Lengthened_only,0.00829745305755099
EIF4EBP2,23,1,1,0.00786044726883334,16.9550786291353,16.9550786291353,Shortened_only,0.00830944463807179
PCDHB16,4,2,2,0.00786044726883334,2.17757882329139,1.56568672388113,Mixed,0.0083888348410776
NF1,12,1,1,0.00786044726883334,2.85442933694778,2.85442933694778,Shortened_only,0.00839662151192013
SSH2,8,1,0,0.00786044726883334,0.0602273689571593,0.0602273689571593,Shortened_only,0.00840245161649259
FAM173B,33,1,1,0.00801977826460148,17.626168461646,17.626168461646,Lengthened_only,0.00841078167441288
SMARCE1,9,1,1,0.00790252188147486,14.3536029269024,14.3536029269024,Lengthened_only,0.00843320579382493
CYP51A1,11,1,1,0.00790252188147486,14.3358637648187,14.3358637648187,Shortened_only,0.00843957439133073
TM9SF2,13,1,1,0.00786044726883334,4.26805305150632,4.26805305150632,Shortened_only,0.00852341682436336
RRAGC,4,1,0,0.00790252188147486,0.159304186261667,0.159304186261667,Lengthened_only,0.00857765174530686
RC3H1,11,1,1,0.00790252188147486,13.8380153073368,13.8380153073368,Shortened_only,0.00865404796485186
NIP7,21,2,2,0.00846951264599348,16.4874998720516,10.081219057377,Mixed,0.00887258875160972
KLHDC10,8,1,1,0.008616983421506,1.1768119311622,1.1768119311622,Lengthened_only,0.00901752586387782
CEBPA,5,1,0,0.00938880423465667,0.141006454812074,0.141006454812074,Lengthened_only,0.00981526803494221
FAM105A,7,1,1,0.0109947878295685,16.8112921867865,16.8112921867865,Shortened_only,0.011483025081775
SLC19A1,7,1,1,0.011158740253283,2.41525984160303,2.41525984160303,Lengthened_only,0.0116232287725334
LPAR5,5,1,1,0.0111482221577908,1.30503576797027,1.30503576797027,Lengthened_only,0.0116324869021191
APMAP,2,2,1,0.011158740253283,2.6387239443368,1.56474580716955,Mixed,0.0117010751333824
PRPF38B,15,1,1,0.0114388239698989,5.91510956330273,5.91510956330273,Shortened_only,0.0119052231783952
SLC35F5,24,1,1,0.011476648761263,2.22539139655754,2.22539139655754,Lengthened_only,0.0119261999833922
XPO1,12,1,1,0.011476648761263,4.54106671648751,4.54106671648751,Lengthened_only,0.0120512870111161
COPA,9,2,1,0.0126166245668665,0.898937400862927,0.636201044227041,Mixed,0.0132607965213374
ALG13,3,1,1,0.0129825502949804,0.660777721478936,0.660777721478936,Shortened_only,0.0137167058179501
BMPR1A,15,1,1,0.0142233989367567,15.5726278224767,15.5726278224767,Shortened_only,0.0149983449723201
VTI1A,9,1,1,0.0142233989367567,14.4356307835742,14.4356307835742,Lengthened_only,0.0150880557655945
ACOX1,16,1,1,0.0150543108960761,2.84644086200658,2.84644086200658,Lengthened_only,0.0158597948181545
ARNT,12,1,1,0.0157232950198727,0.910091871691972,0.910091871691972,Shortened_only,0.0165354464106695
KRT7,15,1,1,0.0157232950198727,16.0152515251867,16.0152515251867,Lengthened_only,0.0167176513973038
ANAPC13,11,1,1,0.0181344552959215,1.42491932917252,1.42491932917252,Lengthened_only,0.0190396384994566
CPSF6,29,1,1,0.0181344552959215,16.6936632549817,16.6936632549817,Shortened_only,0.0193338783378997
RLIM,24,1,1,0.019622596833213,17.7832409986103,17.7832409986103,Shortened_only,0.020570220366802
ZNF425,2,1,0,0.019622596833213,0.157088086146205,0.157088086146205,Shortened_only,0.0208141173783649
BCL11A,4,1,1,0.019908960012208,4.79519708039372,4.79519708039372,Lengthened_only,0.020855066192569
ISPD,4,1,1,0.0203719554835029,1.5800334836534,1.5800334836534,Shortened_only,0.021324830804877
PIK3CB,13,1,1,0.0204803110977202,15.7365250897245,15.7365250897245,Shortened_only,0.0214234445444852
ZNF484,16,1,1,0.020658538121506,15.6891406317121,15.6891406317121,Lengthened_only,0.0215677052079466
SOCS5,17,1,1,0.020658538121506,14.4221966994211,14.4221966994211,Shortened_only,0.0218708342631987
GAN,6,1,1,0.020658538121506,1.0583324776767,1.0583324776767,Shortened_only,0.0219742481608676
TAB3,6,1,1,0.0240766544053385,13.4028077864278,13.4028077864278,Shortened_only,0.0251203833515088
ZNF460,29,1,1,0.0247979170505201,18.5869160126392,18.5869160126392,Lengthened_only,0.0258573719619211
C1orf116,9,1,1,0.0251560152844739,1.85093705103771,1.85093705103771,Shortened_only,0.0262006838625566
GOLGA3,10,2,1,0.0254519321339565,0.886152907870468,0.642090313957842,Mixed,0.0264800941841875
HIST1H2BK,8,1,1,0.0251560152844739,16.1666332227992,16.1666332227992,Shortened_only,0.0265644024296487
RCHY1,10,1,1,0.0255707371887386,3.91284870222162,3.91284870222162,Shortened_only,0.0265898130814702
SLC5A3,7,1,1,0.0254519321339565,5.52336939756195,5.52336939756195,Lengthened_only,0.0268357163727256
MRPS22,7,1,1,0.0259146919951825,13.5013502233298,13.5013502233298,Shortened_only,0.0269337376731039
DIAPH3,4,1,0,0.0272254350115992,0.361946630183784,0.361946630183784,Shortened_only,0.0282818064470664
QSOX1,11,1,1,0.027504764942594,2.90745913684681,2.90745913684681,Shortened_only,0.0289106506820169
RPS3A,8,1,1,0.0277907188014109,2.20244088768226,2.20244088768226,Lengthened_only,0.0295012049008842
LONRF1,6,1,1,0.0277907188014109,14.6958644555806,14.6958644555806,Lengthened_only,0.0297062715344086
LGALS8,14,1,1,0.0277907188014109,14.0308451788085,14.0308451788085,Shortened_only,0.0297386090382774
SSR1,27,1,1,0.0279666309002391,0.749008610626069,0.749008610626069,Lengthened_only,0.0299123439947443
ZNF644,11,1,1,0.0279666309002391,15.2304568417015,15.2304568417015,Lengthened_only,0.0300392271078882
SLC25A36,16,1,1,0.0283099203677297,3.51196855429984,3.51196855429984,Lengthened_only,0.0301914408969699
RCAN1,9,1,1,0.0282727104607465,3.85786946048731,3.85786946048731,Shortened_only,0.030216929203188
CEP72,9,1,1,0.0279666309002391,4.63474991604585,4.63474991604585,Lengthened_only,0.0302169640724864
CAAP1,16,1,1,0.0279666309002391,15.9211054581044,15.9211054581044,Shortened_only,0.0302694743152531
NEK9,22,1,1,0.0279666309002391,17.3833274907782,17.3833274907782,Shortened_only,0.0302720457080408
CCDC113,7,2,2,0.0283099203677297,2.93682095140746,2.03636181963935,Mixed,0.0303898313318121
WEE1,13,1,1,0.0283099203677297,3.9441259295169,3.9441259295169,Lengthened_only,0.0305344986846023
MISP,4,1,1,0.0289719473375087,12.8954016612404,12.8954016612404,Lengthened_only,0.0308760442383837
PCLAF,23,1,1,0.0303632314147573,5.21311036210389,5.21311036210389,Shortened_only,0.0323366318895853
PIGM,19,1,1,0.0314293696065417,3.83912013410283,3.83912013410283,Lengthened_only,0.033449704412479
ENGASE,3,1,1,0.0322102254370658,13.8765797116808,13.8765797116808,Shortened_only,0.0342583871762828
DEDD,10,1,1,0.0333128372436936,14.5683034010845,14.5683034010845,Lengthened_only,0.0352829163203485
CEP85L,3,1,0,0.0333128372436936,0.127575943883566,0.127575943883566,Lengthened_only,0.0355654587876741
CFLAR,17,1,1,0.0337479661253857,1.2791870504173,1.2791870504173,Lengthened_only,0.0356307582640366
SMC6,11,1,1,0.0333128372436936,3.05215462766659,3.05215462766659,Shortened_only,0.035644245211708
ZRANB2,13,1,1,0.0333128372436936,4.77782604071678,4.77782604071678,Shortened_only,0.0356466625599943
CCDC85C,13,1,1,0.0337479661253857,3.80303178701925,3.80303178701925,Lengthened_only,0.0358052281471361
SNU13,7,1,1,0.0337479661253857,2.26624561002239,2.26624561002239,Shortened_only,0.0358344554097225
ZNF713,6,1,1,0.0337479661253857,15.2049286043209,15.2049286043209,Lengthened_only,0.0358430486138285
VPS13D,7,1,1,0.0333128372436936,0.687445994592642,0.687445994592642,Shortened_only,0.0358972374176368
PAFAH2,8,1,1,0.0333128372436936,14.6685598101363,14.6685598101363,Shortened_only,0.0359220666281276
PLD1,9,1,1,0.0337479661253857,5.44785806824909,5.44785806824909,Lengthened_only,0.0360450521590016
TOB2,7,1,1,0.0333128372436936,15.3174819350356,15.3174819350356,Lengthened_only,0.0362544126482779
PTPRO,7,1,1,0.0337479661253857,16.6498586732838,16.6498586732838,Lengthened_only,0.0363015397753889
ACTN4,9,1,0,0.0370903203991014,0.375511502767193,0.375511502767193,Lengthened_only,0.0391201792377477
NUDCD1,9,1,1,0.0370903203991014,12.9358083575102,12.9358083575102,Shortened_only,0.0391911167302873
RNF8,6,1,1,0.0372061218220547,14.4943571917926,14.4943571917926,Shortened_only,0.0392235650006468
GALK1,2,1,0,0.0372367097625622,0.477487703527979,0.477487703527979,Lengthened_only,0.0392374057421722
ARHGEF37,7,1,1,0.0386056231204461,16.1301775632631,16.1301775632631,Lengthened_only,0.0406606714468403
ST3GAL1,4,1,1,0.0388699476847131,3.53983998567414,3.53983998567414,Lengthened_only,0.04092044198497
SENP1,18,1,1,0.0401399850899369,16.5613692246942,16.5613692246942,Shortened_only,0.0422382159092348
RPL22,10,1,1,0.0409075089318976,0.693032494282509,0.693032494282509,Lengthened_only,0.0430267398771401
DZIP1,16,1,1,0.041296541887328,14.8476180326775,14.8476180326775,Lengthened_only,0.0434170877330854
DUSP5,6,1,0,0.0414281724618835,0.141630539893231,0.141630539893231,Shortened_only,0.0435369920400823
ARVCF,3,1,1,0.0420654980355632,3.87320036363339,3.87320036363339,Shortened_only,0.0441130170784459
USP36,12,1,1,0.0420654980355632,3.12853377977987,3.12853377977987,Shortened_only,0.0441647065178317
SARS2,2,1,1,0.0420654980355632,0.566577378112346,0.566577378112346,Shortened_only,0.044294934159179
ZSCAN2,2,1,0,0.0420654980355632,0.203902896126988,0.203902896126988,Shortened_only,0.0443482127099032
INPP4A,13,1,1,0.0420654980355632,13.4609366859935,13.4609366859935,Shortened_only,0.0443552930558859
N4BP1,6,1,1,0.0420654980355632,0.521000885510642,0.521000885510642,Shortened_only,0.0443753811856082
MMP2,6,1,1,0.0420654980355632,0.991128686304699,0.991128686304699,Shortened_only,0.044378920051626
P2RY1,5,1,1,0.0420654980355632,15.3366455504459,15.3366455504459,Shortened_only,0.0444044365251415
ENOX2,8,1,1,0.0420654980355632,13.2066599773429,13.2066599773429,Lengthened_only,0.0444114152140971
PC,15,1,1,0.0420654980355632,15.1502837063134,15.1502837063134,Shortened_only,0.0444391728778184
CAPN2,12,1,1,0.0420654980355632,2.5668976655712,2.5668976655712,Shortened_only,0.0445053536538405
ERRFI1,16,1,1,0.0420654980355632,1.72479888130812,1.72479888130812,Shortened_only,0.0445759770164829
DCUN1D1,24,1,1,0.0420654980355632,15.4119136114174,15.4119136114174,Lengthened_only,0.044610514777535
C2CD3,2,1,0,0.0420654980355632,0.342391412738826,0.342391412738826,Lengthened_only,0.0446310408646321
CEP128,10,1,1,0.0420654980355632,14.3108602538513,14.3108602538513,Shortened_only,0.0446458061202622
VPS72,4,1,0,0.0420654980355632,0.476865233540813,0.476865233540813,Shortened_only,0.0446865682217037
MRPL58,3,1,0,0.0420654980355632,0.0937828180520999,0.0937828180520999,Shortened_only,0.0447809791951343
TUBD1,4,1,1,0.0420654980355632,13.2127356592819,13.2127356592819,Lengthened_only,0.0449048104435404
TTLL7,8,1,1,0.0428858636196836,13.7386836515754,13.7386836515754,Lengthened_only,0.0450100732380485
MEMO1,13,1,1,0.0420654980355632,15.2440029896129,15.2440029896129,Lengthened_only,0.0452117698575128
IPO5,20,1,1,0.0420654980355632,15.2019887788296,15.2019887788296,Shortened_only,0.0453536814007783
HSPA8,3,1,0,0.0420654980355632,0.12093219464162,0.12093219464162,Lengthened_only,0.0454188809661656
SLC2A1,20,1,1,0.0420654980355632,2.17436668792213,2.17436668792213,Shortened_only,0.0455658713460838
MTRF1,7,1,1,0.0437390297702082,15.2953098676185,15.2953098676185,Shortened_only,0.045889445605513
CAV1,5,1,1,0.0450823745639825,5.0916967913355,5.0916967913355,Shortened_only,0.0472208050414055
COG3,4,1,1,0.0451016224240188,3.21010295123848,3.21010295123848,Lengthened_only,0.0472261023064915
FUT11,11,1,1,0.0450823745639825,1.81422064139827,1.81422064139827,Shortened_only,0.0474433501863957
DNAJC30,14,1,1,0.0450823745639825,16.0358167177399,16.0358167177399,Lengthened_only,0.0475816286533632
ERCC6,25,1,1,0.0450823745639825,4.89290888758625,4.89290888758625,Lengthened_only,0.0476626095888378
INSL4,2,1,0,0.0450823745639825,0.43278545278431,0.43278545278431,Lengthened_only,0.0478683405418728
NFE2L2,19,1,1,0.0459275278160586,16.0053500656791,16.0053500656791,Lengthened_only,0.0480755526605666
ZKSCAN4,5,1,1,0.0464738398015734,1.32073113861403,1.32073113861403,Shortened_only,0.0486029964397784
DYRK1A,19,1,1,0.0466796675545885,15.6646163063783,15.6646163063783,Lengthened_only,0.0488037513905784
RPL13,32,1,1,0.0464738398015734,2.60937420334653,2.60937420334653,Lengthened_only,0.0488621503218791
GCLM,19,1,1,0.0464738398015734,16.3316283019444,16.3316283019444,Lengthened_only,0.0490585762061825
CDCP1,13,1,1,0.0479475005261303,4.24902936928114,4.24902936928114,Lengthened_only,0.0500574272581068
RORA,4,1,1,0.0479475005261303,16.4370533273313,16.4370533273313,Lengthened_only,0.0503388724020201
LAMTOR3,10,1,1,0.0479475005261303,2.11689195785019,2.11689195785019,Lengthened_only,0.0503526886077173
EXOC2,5,1,1,0.0481718970828398,3.24163046664183,3.24163046664183,Lengthened_only,0.050385373029598
MME,31,1,1,0.0479475005261303,4.22946654288246,4.22946654288246,Shortened_only,0.0506109179916988
JUND,8,1,1,0.0481718970828398,1.04050036553072,1.04050036553072,Lengthened_only,0.05067020827192
IPO9,36,1,1,0.0481718970828398,4.70359311538565,4.70359311538565,Lengthened_only,0.0507738714267054
CENPI,14,1,1,0.0479475005261303,2.89891520929474,2.89891520929474,Lengthened_only,0.050867097001618
C4orf3,7,1,0,0.0492913054179221,0.340810696896236,0.340810696896236,Lengthened_only,0.0519986899042013
ZNF780A,6,1,1,0.0492913054179221,2.23837717234093,2.23837717234093,Lengthened_only,0.0522904287099907
C11orf58,25,1,1,0.0496439045258559,0.671807052303512,0.671807052303512,Shortened_only,0.0523364511130295
EXOG,9,1,1,0.0496439045258559,15.1086034297205,15.1086034297205,Lengthened_only,0.0524111429368917
ARL5A,28,0,0,0.0506717401593315,NA,NA,NA,0.0537090450847514
ARNTL2,20,0,0,0.0518971752549542,NA,NA,NA,0.054969051876305
ORMDL2,24,0,0,0.0518971752549542,NA,NA,NA,0.0552873534791022
RAB10,16,0,0,0.0525594489117832,NA,NA,NA,0.0556511366352182
DENND2D,9,0,0,0.0532412032589191,NA,NA,NA,0.056353557877323
KMT2D,5,0,0,0.0543262406970914,NA,NA,NA,0.057801239961411
EPG5,11,0,0,0.0544138685427319,NA,NA,NA,0.057812634189198
MATR3,19,0,0,0.0544138685427319,NA,NA,NA,0.0578827066854749
FRS2,14,0,0,0.0544138685427319,NA,NA,NA,0.0581196155272882
PLXND1,2,0,0,0.0544138685427319,NA,NA,NA,0.0582337294636871
DNAJC2,14,0,0,0.0549857428425018,NA,NA,NA,0.0582652924514991
IFT122,2,0,0,0.0549857428425018,NA,NA,NA,0.0583246792823849
HP1BP3,15,0,0,0.0549857428425018,NA,NA,NA,0.0583483737647879
PRDM6,2,0,0,0.0549857428425018,NA,NA,NA,0.0583559707768957
RXRA,14,0,0,0.0549857428425018,NA,NA,NA,0.0585333255749207
SIKE1,19,0,0,0.0549857428425018,NA,NA,NA,0.0585875617028422
CTTNBP2NL,17,0,0,0.0549857428425018,NA,NA,NA,0.0586723646819572
THAP2,6,0,0,0.055415919521005,NA,NA,NA,0.0586839435515335
SDC4,9,0,0,0.055415919521005,NA,NA,NA,0.0588716518141235
EXOSC8,4,0,0,0.0549857428425018,NA,NA,NA,0.0589377805753168
WDR12,23,0,0,0.056439462696891,NA,NA,NA,0.0597652810855803
HSD17B6,2,0,0,0.056439462696891,NA,NA,NA,0.0599663285489336
ZNF615,6,0,0,0.056439462696891,NA,NA,NA,0.060185164562889
TIRAP,9,0,0,0.056439462696891,NA,NA,NA,0.06022912713327
BDKRB2,6,0,0,0.056439462696891,NA,NA,NA,0.0604141741993935
RAD23A,5,0,0,0.056439462696891,NA,NA,NA,0.0604149024523907
SMARCC1,13,0,0,0.0569410973959869,NA,NA,NA,0.060481085400964
HEMK1,11,0,0,0.056439462696891,NA,NA,NA,0.0604919026797602
NPEPPS,10,0,0,0.056439462696891,NA,NA,NA,0.0605413642718103
CDC27,25,0,0,0.056439462696891,NA,NA,NA,0.0605589589392792
ATF6,14,0,0,0.056439462696891,NA,NA,NA,0.0605617389529488
LAPTM4A,6,0,0,0.056439462696891,NA,NA,NA,0.060633609514479
DCLK1,12,0,0,0.056439462696891,NA,NA,NA,0.0606965140880135
SH3GL1,2,0,0,0.056439462696891,NA,NA,NA,0.0607030820073323
HSF2,7,0,0,0.056439462696891,NA,NA,NA,0.0607050978916276
PDCD10,18,0,0,0.056439462696891,NA,NA,NA,0.0608401826062937
RAP2B,20,0,0,0.056439462696891,NA,NA,NA,0.0608520400767536
NADK2,13,0,0,0.056439462696891,NA,NA,NA,0.0608632616091131
HIST1H2AM,3,0,0,0.056439462696891,NA,NA,NA,0.0608960442080951
CRNKL1,26,0,0,0.0574907045495217,NA,NA,NA,0.0610115663334626
B3GNT5,5,0,0,0.056439462696891,NA,NA,NA,0.0610614795527343
DENND4B,4,0,0,0.056439462696891,NA,NA,NA,0.0610691502406167
SMIM7,11,0,0,0.0574907045495217,NA,NA,NA,0.0610996640659668
PEX26,25,0,0,0.0574907045495217,NA,NA,NA,0.061225203899644
ABI2,16,0,0,0.056439462696891,NA,NA,NA,0.0612646205708076
ATXN10,18,0,0,0.0583964010695117,NA,NA,NA,0.0619197279612843
REV3L,5,0,0,0.0583964010695117,NA,NA,NA,0.0620915614044206
SYDE2,6,0,0,0.0583964010695117,NA,NA,NA,0.062342579132692
MRPS5,8,0,0,0.0590454318023283,NA,NA,NA,0.0628667117200748
ACTB,11,0,0,0.0596813133523903,NA,NA,NA,0.0635245164212937
CTBP2,13,0,0,0.059801087997228,NA,NA,NA,0.0636334331617749
PAWR,21,0,0,0.0612594727548378,NA,NA,NA,0.0654480500286707
SAV1,7,0,0,0.0620898630821341,NA,NA,NA,0.0662354109826776
IL32,5,0,0,0.0620898630821341,NA,NA,NA,0.0662979193904804
NOD1,4,0,0,0.0622729582050567,NA,NA,NA,0.0664695286744079
ZNF438,2,0,0,0.0620898630821341,NA,NA,NA,0.0665128993461746
UBE2L3,9,0,0,0.0620898630821341,NA,NA,NA,0.0665480637202372
SMAD4,13,0,0,0.0620898630821341,NA,NA,NA,0.0665942554203497
PGM2,23,0,0,0.0624776957592942,NA,NA,NA,0.066889704801532
UBE4B,6,0,0,0.0633995144863143,NA,NA,NA,0.0678549727869101
VPS33A,7,0,0,0.0638941161884919,NA,NA,NA,0.0683631884114596
UVSSA,6,0,0,0.0639807167902957,NA,NA,NA,0.068888547618789
MTMR6,13,0,0,0.0639807167902957,NA,NA,NA,0.0689214161976103
PHKA1,9,0,0,0.0639807167902957,NA,NA,NA,0.0689663570233026
SH3BGRL,4,0,0,0.0641456431070578,NA,NA,NA,0.0690224425403745
KIF21B,4,0,0,0.0639807167902957,NA,NA,NA,0.0690491050342835
DNAJA1,13,0,0,0.0639807167902957,NA,NA,NA,0.0691145064593655
THBS1,28,0,0,0.0641456431070578,NA,NA,NA,0.0692098703949365
SLC41A3,6,0,0,0.0639807167902957,NA,NA,NA,0.0693499453600609
VKORC1L1,28,0,0,0.0646109408988682,NA,NA,NA,0.0695009176285499
TOMM34,3,0,0,0.0650975553082734,NA,NA,NA,0.0699594749957326
SLC25A16,15,0,0,0.0650975553082734,NA,NA,NA,0.0702281050473174
PLA2R1,11,0,0,0.0650975553082734,NA,NA,NA,0.0703511071177543
AP3B1,11,0,0,0.0661714794891355,NA,NA,NA,0.0710908064629222
TPM4,12,0,0,0.0664506705432591,NA,NA,NA,0.071347891738447
ORC2,13,0,0,0.0664506705432591,NA,NA,NA,0.0715397360722455
TPRG1L,7,0,0,0.067092710423714,NA,NA,NA,0.0720152089709031
GLO1,10,0,0,0.0686258144390611,NA,NA,NA,0.0736158798147998
LRRFIP2,9,0,0,0.0686258144390611,NA,NA,NA,0.0738907740549774
ZNF740,12,0,0,0.0695983886161295,NA,NA,NA,0.0746363651836553
GDF11,16,0,0,0.0698736515534092,NA,NA,NA,0.0749097893578876
G2E3,19,0,0,0.0701439289668492,NA,NA,NA,0.0749543957029687
RB1CC1,8,0,0,0.0701439289668492,NA,NA,NA,0.0750283889840463
ARHGEF12,13,0,0,0.0705021161092285,NA,NA,NA,0.0752218763334238
CD55,19,0,0,0.0701439289668492,NA,NA,NA,0.075274261194511
YBX3,10,0,0,0.0706164128390751,NA,NA,NA,0.0753249962354267
CAPZA1,8,0,0,0.0705021161092285,NA,NA,NA,0.0753974358868888
FBXL4,14,0,0,0.0708201335975402,NA,NA,NA,0.0754504804089992
UHRF2,5,0,0,0.0705021161092285,NA,NA,NA,0.0754576480337818
WSB1,14,0,0,0.0701439289668492,NA,NA,NA,0.0755211826648374
GEN1,13,0,0,0.0701439289668492,NA,NA,NA,0.0755234439269724
NCAPG2,15,0,0,0.0705021161092285,NA,NA,NA,0.0756232727843923
ROCK1,5,0,0,0.0701439289668492,NA,NA,NA,0.0756242133364318
TGFBI,14,0,0,0.0708201335975402,NA,NA,NA,0.0756245463820539
SMC2,22,0,0,0.0708201335975402,NA,NA,NA,0.0756706987901816
NDUFAF4,5,0,0,0.0701439289668492,NA,NA,NA,0.0756718487567923
MELK,6,0,0,0.0705021161092285,NA,NA,NA,0.0757518448116349
SUCO,6,0,0,0.0701439289668492,NA,NA,NA,0.0757875977769297
CELSR1,9,0,0,0.0708201335975402,NA,NA,NA,0.0758013990622226
PRKX,10,0,0,0.0705021161092285,NA,NA,NA,0.075889606564535
RPL14,8,0,0,0.0708201335975402,NA,NA,NA,0.0759383264256318
RFC2,13,0,0,0.0701439289668492,NA,NA,NA,0.075960695705024
C6orf226,5,0,0,0.0701439289668492,NA,NA,NA,0.075998267592772
JAK2,9,0,0,0.0701439289668492,NA,NA,NA,0.076018302696941
RNASE4,2,0,0,0.0713083885577377,NA,NA,NA,0.0762152138133378
MRPL36,8,0,0,0.0701439289668492,NA,NA,NA,0.0763163540850923
CYLD,12,0,0,0.0720450727722902,NA,NA,NA,0.0769823591337997
SLC36A4,13,0,0,0.0744555834571642,NA,NA,NA,0.0795345517357427
SMG9,9,0,0,0.0754115955191171,NA,NA,NA,0.0804762529450822
UBXN2A,17,0,0,0.0754115955191171,NA,NA,NA,0.0807213546667537
NAGK,2,0,0,0.0754115955191171,NA,NA,NA,0.0808065974879613
GATAD1,11,0,0,0.0754115955191171,NA,NA,NA,0.0809003937915248
RMI1,4,0,0,0.0767778291160552,NA,NA,NA,0.0819215453556066
BTBD11,3,0,0,0.0767778291160552,NA,NA,NA,0.0820753803676988
PDPN,10,0,0,0.0767778291160552,NA,NA,NA,0.0821890941938077
RAB14,13,0,0,0.0767778291160552,NA,NA,NA,0.0823804707039958
NEMP2,16,0,0,0.0767778291160552,NA,NA,NA,0.0824610566002046
ACER3,22,0,0,0.0775975465260545,NA,NA,NA,0.0832375614484044
DTWD1,11,0,0,0.0781024118306644,NA,NA,NA,0.08403228993094
SYNCRIP,31,0,0,0.078854709174289,NA,NA,NA,0.0847964395263228
COQ7,20,0,0,0.0789779865594977,NA,NA,NA,0.0849070248294939
C11orf91,13,0,0,0.078854709174289,NA,NA,NA,0.0850318343125638
YWHAQ,12,0,0,0.0794873206507217,NA,NA,NA,0.0857078980266818
UBE2H,12,0,0,0.0802647328396589,NA,NA,NA,0.0865218896147716
KIF15,4,0,0,0.080618626554972,NA,NA,NA,0.0868799624989168
MFSD1,9,0,0,0.08076599037812,NA,NA,NA,0.0870762332831364
SLC16A1,15,0,0,0.0809497576748867,NA,NA,NA,0.0874681565198182
GATAD2A,5,0,0,0.0819451253088269,NA,NA,NA,0.0887732896273741
SERBP1,42,0,0,0.0819451253088269,NA,NA,NA,0.0889121692773538
ARID1A,3,0,0,0.0823311244002154,NA,NA,NA,0.0891663104353366
PIGL,6,0,0,0.0824019641153695,NA,NA,NA,0.0891706852840518
LAMA1,3,0,0,0.0824019641153695,NA,NA,NA,0.0893120526846109
PHC3,12,0,0,0.0824019641153695,NA,NA,NA,0.0895344004311575
FUNDC2,18,0,0,0.0827749565962293,NA,NA,NA,0.0898264137022366
MYH9,15,0,0,0.0833318359099309,NA,NA,NA,0.0904047776708787
CRNDE,11,0,0,0.0847546706309872,NA,NA,NA,0.0921460450941586
PPIC,16,0,0,0.0848584598065759,NA,NA,NA,0.0922372771711338
ZNF527,10,0,0,0.0850694488835425,NA,NA,NA,0.0924154377474628
SULT1A1,5,0,0,0.0848584598065759,NA,NA,NA,0.0924435348743813
PACSIN2,12,0,0,0.0848584598065759,NA,NA,NA,0.0924902793284077
NDFIP1,17,0,0,0.0850694488835425,NA,NA,NA,0.0925519563562595
GATA6,9,0,0,0.085249444616189,NA,NA,NA,0.0928628900270932
TOM1L1,15,0,0,0.0853031844758464,NA,NA,NA,0.0928953776586715
CERS6,12,0,0,0.0855752092418053,NA,NA,NA,0.0931139462167856
CCDC50,25,0,0,0.0855752092418053,NA,NA,NA,0.0932665397985431
DSC2,25,0,0,0.0855752092418053,NA,NA,NA,0.0933846895151473
PDZD8,18,0,0,0.0863141007001752,NA,NA,NA,0.0938906845379818
ETS2,7,0,0,0.0872217636644115,NA,NA,NA,0.094824718057256
STK17A,26,0,0,0.0872217636644115,NA,NA,NA,0.095102304630347
PCSK6,6,0,0,0.0877855918686836,NA,NA,NA,0.0954108495001355
RNF20,15,0,0,0.0890331729216204,NA,NA,NA,0.0967381236727234
AMOTL1,11,0,0,0.0890848615282364,NA,NA,NA,0.0967685503253419
ERVMER34-1,4,0,0,0.092071749757499,NA,NA,NA,0.0999273021396631
PRKAG2,8,0,0,0.092071749757499,NA,NA,NA,0.100144655415845
PXYLP1,4,0,0,0.0923945029948231,NA,NA,NA,0.100250859286742
IAH1,17,0,0,0.092071749757499,NA,NA,NA,0.100296578086508
GPSM2,12,0,0,0.0926461531190584,NA,NA,NA,0.100497431482147
BAG2,20,0,0,0.09265434220993,NA,NA,NA,0.100740587941308
RRP9,3,0,0,0.09265434220993,NA,NA,NA,0.100973476527939
RAB3D,13,0,0,0.0932451135148284,NA,NA,NA,0.101354982157598
DNAAF2,5,0,0,0.0949618214415967,NA,NA,NA,0.103425728064346
PUM1,8,0,0,0.0949618214415967,NA,NA,NA,0.103549009758069
RALA,8,0,0,0.0949618214415967,NA,NA,NA,0.103827102635233
TMSB10,5,0,0,0.0958579339314874,NA,NA,NA,0.104662731484863
TMEM56,9,0,0,0.0963372033676739,NA,NA,NA,0.105156422300236
JHY,4,0,0,0.097343137714705,NA,NA,NA,0.106516787333481
KHNYN,12,0,0,0.097370751082794,NA,NA,NA,0.106517740667579
UBL3,15,0,0,0.0988542140273148,NA,NA,NA,0.108403220851541
ACBD6,6,0,0,0.0991982148677363,NA,NA,NA,0.108719072266698
MRPS14,20,0,0,0.0991982148677363,NA,NA,NA,0.108994995787019
WDR59,4,0,0,0.0993184960006007,NA,NA,NA,0.109223759330158
STRIP2,9,0,0,0.0993184960006007,NA,NA,NA,0.109388422455652
ANP32E,10,0,0,0.0993184960006007,NA,NA,NA,0.109423164974681
TARSL2,6,0,0,0.0993184960006007,NA,NA,NA,0.109573396031721
SLC38A2,20,0,0,0.0993184960006007,NA,NA,NA,0.109723821874316
CLK4,11,0,0,0.0993184960006007,NA,NA,NA,0.109830984373935
FBXO32,10,0,0,0.0993184960006007,NA,NA,NA,0.109975925191416
TGFB1,9,0,0,0.100265042721821,NA,NA,NA,0.110231145342848
DPY19L1,14,0,0,0.101054150390788,NA,NA,NA,0.111065492601713
EXO1,13,0,0,0.101514040872973,NA,NA,NA,0.111508089298411
BTAF1,14,0,0,0.10167369747394,NA,NA,NA,0.111622094537019
STXBP5,22,0,0,0.101514040872973,NA,NA,NA,0.11165935221015
SOX9,7,0,0,0.10167369747394,NA,NA,NA,0.111741553913588
RAB5A,9,0,0,0.102022098508661,NA,NA,NA,0.111973237663904
ANKRD16,5,0,0,0.10233410032225,NA,NA,NA,0.112576388308878
RBM26,24,0,0,0.10233410032225,NA,NA,NA,0.112692549299736
EIF3E,14,0,0,0.10233410032225,NA,NA,NA,0.112804412288065
ZNF93,4,0,0,0.102423771538791,NA,NA,NA,0.112871578077538
C6orf62,34,0,0,0.102455459024236,NA,NA,NA,0.112875160650033
DHCR7,4,0,0,0.102828489594298,NA,NA,NA,0.113416337174516
KAT6A,7,0,0,0.102828489594298,NA,NA,NA,0.113560271683869
MED28,33,0,0,0.102828489594298,NA,NA,NA,0.113596392952447
SBNO1,9,0,0,0.102828489594298,NA,NA,NA,0.11360644939628
EEF1AKMT2,27,0,0,0.102828489594298,NA,NA,NA,0.113759527897533
C2orf68,9,0,0,0.10344066285872,NA,NA,NA,0.114312769404251
PIP4P2,9,0,0,0.10344066285872,NA,NA,NA,0.114357160254215
ANO7,9,0,0,0.105062275494263,NA,NA,NA,0.11684395699632
DENND3,4,0,0,0.105062275494263,NA,NA,NA,0.116924285817115
PDHA1,13,0,0,0.105062275494263,NA,NA,NA,0.117126909973422
CSDE1,9,0,0,0.105533874217481,NA,NA,NA,0.11745915900454
PDIA6,13,0,0,0.105533874217481,NA,NA,NA,0.11761744880118
GPR107,10,0,0,0.105637045607556,NA,NA,NA,0.117688026569432
ECT2,8,0,0,0.106706544331272,NA,NA,NA,0.118840913388584
USP38,20,0,0,0.107196624338107,NA,NA,NA,0.119350103888282
C7orf25,5,0,0,0.107639050705068,NA,NA,NA,0.119920267986097
TBRG4,10,0,0,0.107639050705068,NA,NA,NA,0.119925257346255
LONRF3,3,0,0,0.107639050705068,NA,NA,NA,0.119992512504477
CDK9,12,0,0,0.107639050705068,NA,NA,NA,0.119999377789143
GATC,16,0,0,0.107639050705068,NA,NA,NA,0.120139695455256
TNFRSF11A,10,0,0,0.107639050705068,NA,NA,NA,0.12016593011452
ZDHHC20,10,0,0,0.107639050705068,NA,NA,NA,0.120183213825131
GLRX3,10,0,0,0.107639050705068,NA,NA,NA,0.120198149582223
GNAI3,26,0,0,0.107639050705068,NA,NA,NA,0.120246758004314
ENOSF1,7,0,0,0.107639050705068,NA,NA,NA,0.120378446960298
CNOT2,8,0,0,0.107639050705068,NA,NA,NA,0.120396362344809
SHCBP1,7,0,0,0.107639050705068,NA,NA,NA,0.120690178998974
YOD1,8,0,0,0.107639050705068,NA,NA,NA,0.120779483709662
NICN1,3,0,0,0.107639050705068,NA,NA,NA,0.120806242786952
CPM,10,0,0,0.107639050705068,NA,NA,NA,0.120888878108761
MRPL33,5,0,0,0.107639050705068,NA,NA,NA,0.121065013635804
TMX3,10,0,0,0.108997756384484,NA,NA,NA,0.121897676574012
SART3,14,0,0,0.109430813082184,NA,NA,NA,0.1228452307599
HM13,14,0,0,0.109920595767347,NA,NA,NA,0.123469858762103
GPAT4,9,0,0,0.109920595767347,NA,NA,NA,0.12357767677796
NAA30,19,0,0,0.109920595767347,NA,NA,NA,0.123604933846659
SUGT1,18,0,0,0.109954257131098,NA,NA,NA,0.123627575991861
KBTBD2,9,0,0,0.112506175490423,NA,NA,NA,0.126449052084446
TERF1,17,0,0,0.112842561287956,NA,NA,NA,0.126788107479178
PHLDA1,27,0,0,0.112973041596579,NA,NA,NA,0.126896648186946
B3GALNT2,11,0,0,0.113092050147536,NA,NA,NA,0.12695523126481
KANSL2,6,0,0,0.113213526281552,NA,NA,NA,0.126980433761099
AMN1,8,0,0,0.113186712048259,NA,NA,NA,0.126987169526335
ANKRD10,4,0,0,0.113186712048259,NA,NA,NA,0.127210064704245
PRMT6,9,0,0,0.113092050147536,NA,NA,NA,0.127257095262108
MTPN,9,0,0,0.113627152022517,NA,NA,NA,0.127406021827287
ENDOD1,10,0,0,0.116590194424059,NA,NA,NA,0.130721325306087
VIM,9,0,0,0.116590194424059,NA,NA,NA,0.130854483422215
SPPL2A,11,0,0,0.116590194424059,NA,NA,NA,0.131085200927899
BICD2,5,0,0,0.116590194424059,NA,NA,NA,0.131231624012144
TMTC1,8,0,0,0.116978859126344,NA,NA,NA,0.131256690110814
MRPL19,32,0,0,0.116978859126344,NA,NA,NA,0.132034689694925
EZH2,2,0,0,0.116978859126344,NA,NA,NA,0.132334980672601
LARS2,10,0,0,0.11762256811837,NA,NA,NA,0.132965961003925
TNFAIP8,13,0,0,0.117957918321808,NA,NA,NA,0.133030128099016
SGO1,8,0,0,0.11762256811837,NA,NA,NA,0.133051745739112
MYEF2,13,0,0,0.117933887700474,NA,NA,NA,0.133119271599549
SCAMP2,3,0,0,0.117957918321808,NA,NA,NA,0.133149190565608
ZNF549,7,0,0,0.117933887700474,NA,NA,NA,0.133212623426717
FBXW7,8,0,0,0.117957918321808,NA,NA,NA,0.133235654269535
DHX33,8,0,0,0.117933887700474,NA,NA,NA,0.133439818232583
SP4,10,0,0,0.118465652429766,NA,NA,NA,0.133561957321044
GARS,3,0,0,0.117933887700474,NA,NA,NA,0.133618804697819
SLC25A15,10,0,0,0.117933887700474,NA,NA,NA,0.133687586177017
BORCS8,3,0,0,0.119368073750944,NA,NA,NA,0.134536685698834
INTS7,18,0,0,0.120206132110619,NA,NA,NA,0.135723292750224
BCLAF1,18,0,0,0.121218795386963,NA,NA,NA,0.136822449556904
FRAT1,5,0,0,0.121901027345252,NA,NA,NA,0.137549718776073
TPD52,26,0,0,0.12195397473582,NA,NA,NA,0.137711295642946
ARHGAP29,18,0,0,0.12195397473582,NA,NA,NA,0.137754300623665
MTMR1,5,0,0,0.12195397473582,NA,NA,NA,0.137864030788343
TIAL1,13,0,0,0.12234906885612,NA,NA,NA,0.138141839562485
RC3H2,23,0,0,0.12195397473582,NA,NA,NA,0.138151988418256
STX12,8,0,0,0.122631071538865,NA,NA,NA,0.138419449903277
RPL7,10,0,0,0.122728920261753,NA,NA,NA,0.138490117664683
NCS1,15,0,0,0.123062483576232,NA,NA,NA,0.138786617997277
TBL1XR1,21,0,0,0.123119622854549,NA,NA,NA,0.13881187429271
MZT1,17,0,0,0.123062483576232,NA,NA,NA,0.139096389980618
DIP2A,5,0,0,0.125437885305346,NA,NA,NA,0.141374847103848
XPO5,13,0,0,0.126698833638767,NA,NA,NA,0.142631998226352
NIPSNAP1,3,0,0,0.12697198113298,NA,NA,NA,0.142685745914123
CHD6,13,0,0,0.12697198113298,NA,NA,NA,0.142789743426154
CYB5B,19,0,0,0.126698833638767,NA,NA,NA,0.142840653998959
TMEM242,13,0,0,0.126931556547535,NA,NA,NA,0.142853748004041
EXOSC2,27,0,0,0.12697198113298,NA,NA,NA,0.142972933068716
PDAP1,11,0,0,0.12697198113298,NA,NA,NA,0.143021229185952
DCAF13,13,0,0,0.126698833638767,NA,NA,NA,0.143108975258322
LRP8,13,0,0,0.126698833638767,NA,NA,NA,0.143161333280943
HIPK3,9,0,0,0.12697198113298,NA,NA,NA,0.143239208759678
TMEM175,5,0,0,0.12697198113298,NA,NA,NA,0.143435929810417
NDUFA4,6,0,0,0.12697198113298,NA,NA,NA,0.143500114130307
PDXK,17,0,0,0.12697198113298,NA,NA,NA,0.143537930008592
PLEKHA1,13,0,0,0.12697198113298,NA,NA,NA,0.143610118770682
EMSY,26,0,0,0.12697198113298,NA,NA,NA,0.143742358562542
TRIO,4,0,0,0.12697198113298,NA,NA,NA,0.143820694223466
AGPS,17,0,0,0.12697198113298,NA,NA,NA,0.144013556757114
YTHDF3,20,0,0,0.12697198113298,NA,NA,NA,0.144017520341747
DYNC1H1,5,0,0,0.129497298586566,NA,NA,NA,0.145472269828836
PLXNB1,6,0,0,0.129578292698442,NA,NA,NA,0.145524807353144
NFATC3,7,0,0,0.13002037702918,NA,NA,NA,0.145980980920722
DHTKD1,12,0,0,0.130477838470078,NA,NA,NA,0.14651789388177
HELB,4,0,0,0.130919979744052,NA,NA,NA,0.147080481809264
KRIT1,13,0,0,0.130919979744052,NA,NA,NA,0.147199953278157
CCDC88A,18,0,0,0.130919979744052,NA,NA,NA,0.147438356085907
ZNF619,7,0,0,0.130919979744052,NA,NA,NA,0.147477261656561
GFM1,10,0,0,0.133688091082915,NA,NA,NA,0.15013638693535
STK4,13,0,0,0.136577497150831,NA,NA,NA,0.153641352279401
RASAL2,11,0,0,0.136577497150831,NA,NA,NA,0.153681536824697
ABCD4,5,0,0,0.136577497150831,NA,NA,NA,0.153777337047185
ALG11,6,0,0,0.136577497150831,NA,NA,NA,0.153792352427263
TARDBP,12,0,0,0.137535529164798,NA,NA,NA,0.154705248966514
KIAA2013,4,0,0,0.137535529164798,NA,NA,NA,0.155010951971188
NKAPD1,18,0,0,0.137535529164798,NA,NA,NA,0.155268527677464
CAMSAP2,13,0,0,0.137535529164798,NA,NA,NA,0.155484021519492
PLCG2,2,0,0,0.138376530552527,NA,NA,NA,0.155606431378958
KIAA1324L,12,0,0,0.138823686373536,NA,NA,NA,0.156066755795984
ZNF800,21,0,0,0.139598539829293,NA,NA,NA,0.156893340070269
SELENOI,17,0,0,0.140743196271148,NA,NA,NA,0.158092907514291
PCGF5,10,0,0,0.140743196271148,NA,NA,NA,0.158215614206215
ATP13A3,10,0,0,0.144059476417661,NA,NA,NA,0.162359597159079
FAM217B,9,0,0,0.144169958441823,NA,NA,NA,0.162699932994629
ELP1,12,0,0,0.144169958441823,NA,NA,NA,0.162792396384404
PCNX4,13,0,0,0.144789859652808,NA,NA,NA,0.163353240028127
POLR3B,11,0,0,0.144944032147081,NA,NA,NA,0.163483920749728
BCAS2,14,0,0,0.145054151943717,NA,NA,NA,0.163565278052651
TACC3,2,0,0,0.14520798174795,NA,NA,NA,0.164096760498556
MLH3,18,0,0,0.14520798174795,NA,NA,NA,0.164294531972612
BPHL,11,0,0,0.14520798174795,NA,NA,NA,0.164410862507535
MCM8,16,0,0,0.14520798174795,NA,NA,NA,0.164504949724808
PRKAB2,9,0,0,0.145693489448308,NA,NA,NA,0.164881487631045
EVC,23,0,0,0.145737087928598,NA,NA,NA,0.164887665857578
TMX1,25,0,0,0.145693489448308,NA,NA,NA,0.165021379232586
ACVR1B,8,0,0,0.145693489448308,NA,NA,NA,0.165216222058468
ETV5,5,0,0,0.146693724653819,NA,NA,NA,0.165992473831671
HECW2,3,0,0,0.147182007141378,NA,NA,NA,0.166681670913498
RRP36,19,0,0,0.147182007141378,NA,NA,NA,0.166924287668408
LPIN1,5,0,0,0.147372223056533,NA,NA,NA,0.16693487160184
GAS1,3,0,0,0.147372223056533,NA,NA,NA,0.167002004478341
TPP1,8,0,0,0.147372223056533,NA,NA,NA,0.167063121332403
CD46,12,0,0,0.147372223056533,NA,NA,NA,0.167154375136564
RAPH1,18,0,0,0.148667406251596,NA,NA,NA,0.168434647574227
AGFG2,11,0,0,0.150078804679797,NA,NA,NA,0.170579470013373
AP3M2,4,0,0,0.150296276432176,NA,NA,NA,0.170890326744599
MTDH,15,0,0,0.150296276432176,NA,NA,NA,0.170943745837823
FPGS,5,0,0,0.150296276432176,NA,NA,NA,0.171270710456459
MYO9A,13,0,0,0.150296276432176,NA,NA,NA,0.171550728018912
RPS7,2,0,0,0.151075484114266,NA,NA,NA,0.171556254565475
FEZ2,10,0,0,0.151017325431888,NA,NA,NA,0.171623972208222
IFT88,3,0,0,0.151075484114266,NA,NA,NA,0.171626573585405
AP3M1,17,0,0,0.151008736079489,NA,NA,NA,0.171704026196726
PPP1CC,7,0,0,0.151075484114266,NA,NA,NA,0.171859076076386
UBTD2,16,0,0,0.151017325431888,NA,NA,NA,0.17186267558867
HIST1H2BD,6,0,0,0.152946133524007,NA,NA,NA,0.173578086157312
TPT1,25,0,0,0.152909030681778,NA,NA,NA,0.173580755897455
SNX13,10,0,0,0.153543845900851,NA,NA,NA,0.174238879934986
MYH15,4,0,0,0.153543845900851,NA,NA,NA,0.174242370486531
SH2B3,3,0,0,0.153543845900851,NA,NA,NA,0.174378370941412
RNF168,9,0,0,0.153543845900851,NA,NA,NA,0.174444387370763
MAZ,3,0,0,0.153543845900851,NA,NA,NA,0.174503473076585
MFSD11,11,0,0,0.153543845900851,NA,NA,NA,0.174555793301881
SEC61B,7,0,0,0.153543845900851,NA,NA,NA,0.174606414905874
ATP9A,13,0,0,0.154159655665173,NA,NA,NA,0.174757666749518
TRABD,2,0,0,0.154328361376397,NA,NA,NA,0.17486077609272
BNIP3,9,0,0,0.154311632819341,NA,NA,NA,0.17488531384887
LIPT2,10,0,0,0.154159655665173,NA,NA,NA,0.174939135530809
FOXP1,16,0,0,0.154457998512176,NA,NA,NA,0.174988724520418
ATL3,18,0,0,0.154159655665173,NA,NA,NA,0.175004809585861
ANKRD23,5,0,0,0.154159655665173,NA,NA,NA,0.17509123994867
ITGAV,17,0,0,0.155124717630909,NA,NA,NA,0.175833233345852
MTERF1,9,0,0,0.15517927987441,NA,NA,NA,0.175851443639093
FBXO25,9,0,0,0.155124717630909,NA,NA,NA,0.176010326642567
CASK,11,0,0,0.155444468483049,NA,NA,NA,0.176021007801925
ASH2L,12,0,0,0.155124717630909,NA,NA,NA,0.176156524735896
KIAA0040,7,0,0,0.155444468483049,NA,NA,NA,0.17619164005982
BTG3,6,0,0,0.155124717630909,NA,NA,NA,0.176382756286288
RGMB,8,0,0,0.155444468483049,NA,NA,NA,0.176491073816907
RBM38,4,0,0,0.156936076046936,NA,NA,NA,0.177655712473861
FOXL1,7,0,0,0.15783716770177,NA,NA,NA,0.178875378111135
CDC6,22,0,0,0.15783716770177,NA,NA,NA,0.179019364052265
C16orf52,6,0,0,0.158207229251743,NA,NA,NA,0.179161728907729
MPRIP,17,0,0,0.158207229251743,NA,NA,NA,0.179343951785288
GRAMD4,4,0,0,0.158207229251743,NA,NA,NA,0.179576301088487
PPP6C,12,0,0,0.158946276712199,NA,NA,NA,0.180003865024091
NAA35,15,0,0,0.158946276712199,NA,NA,NA,0.180091897121633
LSM5,15,0,0,0.158946276712199,NA,NA,NA,0.180282395011077
TCIRG1,6,0,0,0.159476606763911,NA,NA,NA,0.180578658717212
ADARB2,3,0,0,0.159476606763911,NA,NA,NA,0.18070118915948
RAD51C,7,0,0,0.159476606763911,NA,NA,NA,0.180732311472311
GOPC,8,0,0,0.15982627671066,NA,NA,NA,0.180843242112773
NTPCR,17,0,0,0.159476606763911,NA,NA,NA,0.180861540185952
DOCK11,8,0,0,0.15982627671066,NA,NA,NA,0.181087231088602
MPP3,5,0,0,0.15982627671066,NA,NA,NA,0.181193812453154
HEY1,4,0,0,0.160414635930781,NA,NA,NA,0.181461576062936
DENND6A,4,0,0,0.160662293154245,NA,NA,NA,0.181612257663159
SHOX2,8,0,0,0.160662293154245,NA,NA,NA,0.181722852014628
PAGR1,11,0,0,0.160816401866908,NA,NA,NA,0.18174298435373
FRYL,8,0,0,0.160662293154245,NA,NA,NA,0.181959990947713
ZMIZ2,12,0,0,0.161145620832596,NA,NA,NA,0.182823311629613
NGRN,13,0,0,0.162465861591751,NA,NA,NA,0.184379118636998
GTF2F2,9,0,0,0.162889388613447,NA,NA,NA,0.184768514190583
BCAP29,13,0,0,0.162889388613447,NA,NA,NA,0.184871094527558
DIS3L,5,0,0,0.163201369327457,NA,NA,NA,0.185032477752997
RPL35A,6,0,0,0.163342695963385,NA,NA,NA,0.185104710603088
CD9,4,0,0,0.163334815753776,NA,NA,NA,0.185139184216678
ANKEF1,12,0,0,0.163201369327457,NA,NA,NA,0.185217902198254
CD164,6,0,0,0.163930772266426,NA,NA,NA,0.18555094719133
RAP1GAP2,4,0,0,0.16388846102799,NA,NA,NA,0.185589064850023
HGSNAT,8,0,0,0.16388846102799,NA,NA,NA,0.185677856043322
ISCA2,13,0,0,0.164120342718148,NA,NA,NA,0.185721257673742
CFAP97,23,0,0,0.163930772266426,NA,NA,NA,0.185823997224688
NME2,3,0,0,0.16388846102799,NA,NA,NA,0.185981951825496
MDM2,25,0,0,0.164281762905307,NA,NA,NA,0.18678486989315
STARD9,7,0,0,0.164281762905307,NA,NA,NA,0.186901944504786
DIAPH2,6,0,0,0.164281762905307,NA,NA,NA,0.186983764861718
SAYSD1,4,0,0,0.164281762905307,NA,NA,NA,0.187025083674881
TBC1D30,6,0,0,0.164787944178188,NA,NA,NA,0.187051964627188
ADGRE2,9,0,0,0.164787944178188,NA,NA,NA,0.187095274807233
PKNOX1,17,0,0,0.164281762905307,NA,NA,NA,0.187172028408041
TMEM183A,7,0,0,0.164787944178188,NA,NA,NA,0.187300239213633
SLC2A4RG,7,0,0,0.164281762905307,NA,NA,NA,0.187346219610956
POLR3A,22,0,0,0.164787944178188,NA,NA,NA,0.187621765856386
RPLP1,7,0,0,0.164787944178188,NA,NA,NA,0.187776528104695
HNRNPD,13,0,0,0.164787944178188,NA,NA,NA,0.187804677035266
TIPRL,7,0,0,0.164787944178188,NA,NA,NA,0.187815480977065
PABPC1,18,0,0,0.165326113414199,NA,NA,NA,0.18789680283581
PNN,12,0,0,0.165618177633966,NA,NA,NA,0.18818274265577
DCP2,18,0,0,0.166475616361935,NA,NA,NA,0.18910591562503
ANP32A,7,0,0,0.166767750022919,NA,NA,NA,0.18939171230427
AMD1,11,0,0,0.167421079918708,NA,NA,NA,0.190084368329926
BID,15,0,0,0.167843188455474,NA,NA,NA,0.190473049275119
SMAD2,39,0,0,0.167843188455474,NA,NA,NA,0.190794203333525
BBS2,4,0,0,0.16899845056033,NA,NA,NA,0.191720372176793
UBAP1,5,0,0,0.16899845056033,NA,NA,NA,0.191823571079738
DKK1,17,0,0,0.169136360601024,NA,NA,NA,0.192117211620702
PBX3,6,0,0,0.169136360601024,NA,NA,NA,0.192190342910142
NOS1AP,5,0,0,0.169136360601024,NA,NA,NA,0.192382396043283
CADM4,4,0,0,0.169136360601024,NA,NA,NA,0.192448130743799
KBTBD7,9,0,0,0.169136360601024,NA,NA,NA,0.192453070732843
WDR11,3,0,0,0.169510958587685,NA,NA,NA,0.192568944599858
MTHFD2,20,0,0,0.16969917152838,NA,NA,NA,0.193019051290399
DNAJC9,19,0,0,0.169859876825166,NA,NA,NA,0.193156439298422
TSPAN5,4,0,0,0.170152436886908,NA,NA,NA,0.193442560584258
HCCS,5,0,0,0.171130764484671,NA,NA,NA,0.194784137562987
LOC100287896,5,0,0,0.171622881877953,NA,NA,NA,0.195494191710169
RAN,15,0,0,0.171622881877953,NA,NA,NA,0.195533162190245
STX6,19,0,0,0.171665187262476,NA,NA,NA,0.195536305326922
TCHP,8,0,0,0.171727822556891,NA,NA,NA,0.195562526585492
CABLES2,10,0,0,0.172682236676707,NA,NA,NA,0.196595676932317
C3,3,0,0,0.173077257668845,NA,NA,NA,0.197202987166617
PPP2R1B,8,0,0,0.173024618667022,NA,NA,NA,0.197220212885787
YIPF4,29,0,0,0.173077257668845,NA,NA,NA,0.197375181612399
RPL27A,22,0,0,0.173077257668845,NA,NA,NA,0.19742562046173
RIMS2,7,0,0,0.173381023251408,NA,NA,NA,0.197501765861442
ATP5J,7,0,0,0.173077257668845,NA,NA,NA,0.19751914533559
PBRM1,13,0,0,0.173077257668845,NA,NA,NA,0.197619610202807
ZNF554,6,0,0,0.173077257668845,NA,NA,NA,0.197680728960215
FGD6,6,0,0,0.173077257668845,NA,NA,NA,0.197695412057855
ZNF627,7,0,0,0.173077257668845,NA,NA,NA,0.197781296343131
DHX8,6,0,0,0.173740585125952,NA,NA,NA,0.197863508728969
XPA,15,0,0,0.174586238174032,NA,NA,NA,0.19872957329756
PSEN1,9,0,0,0.174586238174032,NA,NA,NA,0.198856923954724
ZNF329,3,0,0,0.176427050056735,NA,NA,NA,0.200717523705047
UBAP2,6,0,0,0.176427050056735,NA,NA,NA,0.200911124095474
PCDH18,5,0,0,0.176896711869089,NA,NA,NA,0.201484358328654
NOCT,5,0,0,0.178066577428407,NA,NA,NA,0.202759902323629
KTN1,6,0,0,0.178476543930109,NA,NA,NA,0.203177481475043
LRRC28,13,0,0,0.1786097633887,NA,NA,NA,0.203282802811784
HS2ST1,19,0,0,0.178695356520031,NA,NA,NA,0.203289750208459
NCAPG,18,0,0,0.178687106798437,NA,NA,NA,0.203325178084912
DAAM1,13,0,0,0.179318853468275,NA,NA,NA,0.203997275463272
CTDSPL2,20,0,0,0.179508730308648,NA,NA,NA,0.204399773133443
NEU3,4,0,0,0.180126078891743,NA,NA,NA,0.205334187010869
GDI2,16,0,0,0.180566682526134,NA,NA,NA,0.205792802199692
SMIM13,7,0,0,0.180609512291635,NA,NA,NA,0.206071988604139
CTNNBIP1,7,0,0,0.181386302518116,NA,NA,NA,0.206904151622226
SF3B1,5,0,0,0.182609622399505,NA,NA,NA,0.208238784671181
SFT2D2,18,0,0,0.182609622399505,NA,NA,NA,0.208271717877711
RAD52,14,0,0,0.182609622399505,NA,NA,NA,0.208294313591458
DEPDC1B,6,0,0,0.182609622399505,NA,NA,NA,0.208503407792166
TGOLN2,20,0,0,0.182609622399505,NA,NA,NA,0.208572523714383
TMOD3,24,0,0,0.182609622399505,NA,NA,NA,0.208844621959932
KDM6B,4,0,0,0.183300337130592,NA,NA,NA,0.209028795484595
PHF21A,8,0,0,0.183695529201176,NA,NA,NA,0.209429258093012
MARCH6,23,0,0,0.184611484177521,NA,NA,NA,0.210417571306567
IFT46,5,0,0,0.18534485628194,NA,NA,NA,0.211016300730201
ARHGEF39,5,0,0,0.18534485628194,NA,NA,NA,0.211167703742328
PSMB2,17,0,0,0.18534485628194,NA,NA,NA,0.211192288939018
PPP2CB,4,0,0,0.18534485628194,NA,NA,NA,0.211460973777174
SPIN1,18,0,0,0.18534485628194,NA,NA,NA,0.211529425797548
RNF111,10,0,0,0.185979032293456,NA,NA,NA,0.211685766686013
C5orf63,12,0,0,0.188458123007698,NA,NA,NA,0.215007730805057
ZBTB43,3,0,0,0.189410526363664,NA,NA,NA,0.216324368393608
CTNNB1,7,0,0,0.189543785777715,NA,NA,NA,0.216641038085063
VPS8,5,0,0,0.189543785777715,NA,NA,NA,0.216810750724441
LPGAT1,24,0,0,0.189543785777715,NA,NA,NA,0.216812687742996
APEX2,5,0,0,0.189665622187215,NA,NA,NA,0.216901018521177
ARPC3,8,0,0,0.189543785777715,NA,NA,NA,0.217095272291122
TIMMDC1,6,0,0,0.189885574061801,NA,NA,NA,0.217181190417759
DNAJC18,7,0,0,0.189885574061801,NA,NA,NA,0.217339906436208
CEP135,7,0,0,0.189543785777715,NA,NA,NA,0.217421261841065
HSBP1,16,0,0,0.190735389418928,NA,NA,NA,0.218254754796385
OTUB1,7,0,0,0.191728550915602,NA,NA,NA,0.219331522726619
LAMC1,13,0,0,0.192087654518612,NA,NA,NA,0.219451647859305
HERPUD1,4,0,0,0.192087654518612,NA,NA,NA,0.21972702217476
TRAPPC11,5,0,0,0.192087654518612,NA,NA,NA,0.219798508209139
UCHL5,19,0,0,0.192087654518612,NA,NA,NA,0.219983037217941
SNRNP48,16,0,0,0.192087654518612,NA,NA,NA,0.220046107566955
PNRC2,5,0,0,0.192126035930345,NA,NA,NA,0.22006245767347
GBP2,8,0,0,0.19216116450722,NA,NA,NA,0.220195457061864
CERS5,5,0,0,0.192234723833756,NA,NA,NA,0.220230803344658
CCDC93,6,0,0,0.192087654518612,NA,NA,NA,0.220233025312671
RNF34,10,0,0,0.192126035930345,NA,NA,NA,0.220252115632996
CDC42BPA,14,0,0,0.19216116450722,NA,NA,NA,0.220391173255035
RCOR3,15,0,0,0.192558918268869,NA,NA,NA,0.220550328141029
NFYA,10,0,0,0.193878566028348,NA,NA,NA,0.221949631817842
SYAP1,23,0,0,0.193878566028348,NA,NA,NA,0.222022450755987
KIAA1468,9,0,0,0.195427886381955,NA,NA,NA,0.223656112305447
WDR5,8,0,0,0.195665758845177,NA,NA,NA,0.223781006854291
YIPF6,23,0,0,0.195665758845177,NA,NA,NA,0.224056001929926
PPM1D,7,0,0,0.195665758845177,NA,NA,NA,0.224148247709648
ACAD11,4,0,0,0.196178361748125,NA,NA,NA,0.224597847378219
GABPB1,8,0,0,0.197078693542842,NA,NA,NA,0.225472293483583
IFT22,10,0,0,0.197078693542842,NA,NA,NA,0.225781293526293
LOXL3,4,0,0,0.197078693542842,NA,NA,NA,0.225919619299221
SMCHD1,9,0,0,0.197933125119739,NA,NA,NA,0.226939654167754
ZNF419,5,0,0,0.197933125119739,NA,NA,NA,0.226958868997409
GOLT1B,7,0,0,0.197933125119739,NA,NA,NA,0.226982796093771
MTMR2,15,0,0,0.197933125119739,NA,NA,NA,0.227321501335772
CRIPT,19,0,0,0.197933125119739,NA,NA,NA,0.2273651920414
NT5DC1,15,0,0,0.197933125119739,NA,NA,NA,0.227436684535794
PARP3,4,0,0,0.197933125119739,NA,NA,NA,0.227498585344538
FAM220A,2,0,0,0.197933125119739,NA,NA,NA,0.227661893964523
TENM3,3,0,0,0.197933125119739,NA,NA,NA,0.22772131824591
TRIP13,10,0,0,0.197933125119739,NA,NA,NA,0.227798696710773
BICD1,9,0,0,0.197933125119739,NA,NA,NA,0.227958127280547
RASA1,9,0,0,0.199319407901939,NA,NA,NA,0.228964118247659
MRPS10,18,0,0,0.199319407901939,NA,NA,NA,0.229065054279814
ILF2,8,0,0,0.199558072276485,NA,NA,NA,0.229301400906547
SRPK2,21,0,0,0.19999224968683,NA,NA,NA,0.229745143982232
CA5B,10,0,0,0.200199726990364,NA,NA,NA,0.23016401362156
DTWD2,16,0,0,0.20016674173215,NA,NA,NA,0.230176245866554
DYNLL2,23,0,0,0.201125251403597,NA,NA,NA,0.2311661272186
EIF3L,5,0,0,0.20167456714552,NA,NA,NA,0.231740437629814
ST20-MTHFS,6,0,0,0.202140316905164,NA,NA,NA,0.232219658766413
INPP5F,2,0,0,0.204572460963228,NA,NA,NA,0.235503582168849
CKAP5,9,0,0,0.205122446623519,NA,NA,NA,0.236078158053206
CBFB,9,0,0,0.205628928830832,NA,NA,NA,0.237045995658644
PGP,10,0,0,0.205814599899472,NA,NA,NA,0.237307806032243
ARFIP2,4,0,0,0.205628928830832,NA,NA,NA,0.237346773460046
MAMSTR,5,0,0,0.205814599899472,NA,NA,NA,0.237467147416338
FARP1,11,0,0,0.205814599899472,NA,NA,NA,0.237596715682002
SURF6,17,0,0,0.207135125866647,NA,NA,NA,0.238868491334801
ZNF207,32,0,0,0.20723144267685,NA,NA,NA,0.238926365154328
YARS,7,0,0,0.207135125866647,NA,NA,NA,0.239143409381157
CYP1B1,13,0,0,0.207518836865244,NA,NA,NA,0.239150264561095
ASS1,5,0,0,0.207518836865244,NA,NA,NA,0.239345712912139
CRIM1,15,0,0,0.207962576163365,NA,NA,NA,0.239603836061195
RRM2B,14,0,0,0.208224941993426,NA,NA,NA,0.239981564637423
STAG2,7,0,0,0.208224941993426,NA,NA,NA,0.240002591375521
IRS1,13,0,0,0.208332988956876,NA,NA,NA,0.240053104558646
FBXO38,3,0,0,0.208224941993426,NA,NA,NA,0.24025352522437
CCDC66,6,0,0,0.208224941993426,NA,NA,NA,0.2404943771766
CDK1,20,0,0,0.210579605052598,NA,NA,NA,0.242454612454181
DBT,13,0,0,0.210579605052598,NA,NA,NA,0.242616211195273
FGFR1OP,8,0,0,0.210579605052598,NA,NA,NA,0.242714606729808
BCORL1,9,0,0,0.211549659845251,NA,NA,NA,0.243454269721452
LIMD1,3,0,0,0.21161012309192,NA,NA,NA,0.243471476522269
UNC119B,4,0,0,0.211549659845251,NA,NA,NA,0.243624341491254
DNAJC25,4,0,0,0.213947817119245,NA,NA,NA,0.246653169513078
MR1,8,0,0,0.215515699573802,NA,NA,NA,0.248462712031149
PCBD2,7,0,0,0.215515699573802,NA,NA,NA,0.248579216115589
SEC16A,6,0,0,0.215515699573802,NA,NA,NA,0.248701203009351
ALDH1L2,7,0,0,0.215515699573802,NA,NA,NA,0.248847350633322
RAB21,29,0,0,0.215515699573802,NA,NA,NA,0.248920509713427
XRCC2,18,0,0,0.216037704896577,NA,NA,NA,0.249003875611405
C5orf15,7,0,0,0.216621786027195,NA,NA,NA,0.250194536823582
CHTOP,20,0,0,0.217006286483435,NA,NA,NA,0.25057916676196
TNPO1,19,0,0,0.217704864465158,NA,NA,NA,0.25132157662489
FLRT2,18,0,0,0.217821880193083,NA,NA,NA,0.251691111912778
SLC7A6OS,16,0,0,0.218901335693029,NA,NA,NA,0.252706087006547
VPS13A,16,0,0,0.218876795295256,NA,NA,NA,0.252785823070597
DUSP28,3,0,0,0.218901335693029,NA,NA,NA,0.252929729782172
SLC29A2,3,0,0,0.218876795295256,NA,NA,NA,0.253086824367544
SERTAD2,5,0,0,0.220324951484375,NA,NA,NA,0.254273738120728
PDHB,8,0,0,0.220587736753853,NA,NA,NA,0.254519036339202
PPP1CB,20,0,0,0.221022804251911,NA,NA,NA,0.254960410988464
SPAG9,15,0,0,0.221718459710587,NA,NA,NA,0.255644344115796
NDFIP2,12,0,0,0.221929640543181,NA,NA,NA,0.255830821037152
ZNF181,4,0,0,0.221998390310464,NA,NA,NA,0.255855378397063
CRYBG2,2,0,0,0.221718459710587,NA,NA,NA,0.255975652414535
SH3PXD2A,8,0,0,0.222234708892243,NA,NA,NA,0.256017093674015
CEP57,18,0,0,0.222231124362254,NA,NA,NA,0.256066437739521
FBXO21,17,0,0,0.222474181512598,NA,NA,NA,0.256235891614822
ZBED4,15,0,0,0.223012800429518,NA,NA,NA,0.256816213746111
LAMTOR1,8,0,0,0.223612297193066,NA,NA,NA,0.257712856110543
NUPL2,5,0,0,0.224113204625413,NA,NA,NA,0.258174867756201
VRK1,8,0,0,0.224351756526231,NA,NA,NA,0.25839235144648
ERV3-1-ZNF117,16,0,0,0.224113204625413,NA,NA,NA,0.25841718806003
SNRPD1,18,0,0,0.224676022838676,NA,NA,NA,0.258494506890331
FKBP4,12,0,0,0.224872018973733,NA,NA,NA,0.258558606310702
KCNC4,5,0,0,0.224833352798922,NA,NA,NA,0.258620131815491
TKT,8,0,0,0.224676022838676,NA,NA,NA,0.258703658823261
TXNDC17,8,0,0,0.224676022838676,NA,NA,NA,0.258747961424825
RRAGB,5,0,0,0.224872018973733,NA,NA,NA,0.258845062338952
PPP1R35,3,0,0,0.224676022838676,NA,NA,NA,0.259063080612651
CNIH1,16,0,0,0.224676022838676,NA,NA,NA,0.259311113641058
RTN1,7,0,0,0.226194062643717,NA,NA,NA,0.260293956233394
RILPL1,6,0,0,0.226502521188612,NA,NA,NA,0.260590771509326
EGFR,20,0,0,0.227652106730671,NA,NA,NA,0.261788183760401
KRAS,9,0,0,0.227609968786309,NA,NA,NA,0.261793590483895
IFIT5,16,0,0,0.229226404734273,NA,NA,NA,0.26355615368375
BLOC1S4,9,0,0,0.229226404734273,NA,NA,NA,0.263596783128379
IDE,22,0,0,0.229226404734273,NA,NA,NA,0.263918046978893
RBM12B,16,0,0,0.229226404734273,NA,NA,NA,0.264163481604416
ADCK5,4,0,0,0.229226404734273,NA,NA,NA,0.264356622328499
TXNDC9,15,0,0,0.230330747675306,NA,NA,NA,0.265085884993005
PTGR2,11,0,0,0.23203089283342,NA,NA,NA,0.267161428454418
DENR,28,0,0,0.233366454606382,NA,NA,NA,0.269007444663433
SOCS2,5,0,0,0.23424422494628,NA,NA,NA,0.270319173779288
ADAM17,15,0,0,0.234483887717812,NA,NA,NA,0.270754960503328
KDM5B,12,0,0,0.235057804948938,NA,NA,NA,0.271351873393329
GABPA,6,0,0,0.236830055497206,NA,NA,NA,0.273198773277685
MTA2,4,0,0,0.236830055497206,NA,NA,NA,0.273449152360808
NHLRC2,24,0,0,0.236830055497206,NA,NA,NA,0.273476763287064
GPR155,5,0,0,0.238117492389208,NA,NA,NA,0.275199013197663
RRM2,25,0,0,0.238284155106892,NA,NA,NA,0.27562850954725
KIF5B,20,0,0,0.23920532858623,NA,NA,NA,0.276620436691989
TMEM127,20,0,0,0.239536384534145,NA,NA,NA,0.276825959926004
MFAP3L,9,0,0,0.239536384534145,NA,NA,NA,0.276994567379611
TIMM8B,6,0,0,0.239536384534145,NA,NA,NA,0.277161857859263
GPR137B,16,0,0,0.239982563116057,NA,NA,NA,0.277219813234482
PTHLH,2,0,0,0.239982563116057,NA,NA,NA,0.277434415975008
MYO18A,5,0,0,0.240252932519137,NA,NA,NA,0.277652861720701
MED20,4,0,0,0.240371187020157,NA,NA,NA,0.277730602161016
UBXN4,8,0,0,0.240252932519137,NA,NA,NA,0.27798883557825
KIF1C,10,0,0,0.240252932519137,NA,NA,NA,0.278051478120057
RIOX1,2,0,0,0.24229052836295,NA,NA,NA,0.279742496551124
LIN7C,28,0,0,0.24229052836295,NA,NA,NA,0.279839902272983
TRIM59,3,0,0,0.24229052836295,NA,NA,NA,0.279956885850583
DMXL1,17,0,0,0.243382821611643,NA,NA,NA,0.281263521829259
NKAP,7,0,0,0.243382821611643,NA,NA,NA,0.281381747327941
NIPAL1,4,0,0,0.243382821611643,NA,NA,NA,0.281674879330351
CAVIN2,3,0,0,0.243885799681465,NA,NA,NA,0.281863548605008
PNO1,18,0,0,0.243885799681465,NA,NA,NA,0.282085386933247
PDLIM5,11,0,0,0.245125492315513,NA,NA,NA,0.283215805015732
DAP3,5,0,0,0.246826971630294,NA,NA,NA,0.285895223840317
PRIM1,11,0,0,0.246826971630294,NA,NA,NA,0.286169801730174
RPL5,6,0,0,0.24700300956426,NA,NA,NA,0.286334265345307
RHOBTB2,9,0,0,0.246826971630294,NA,NA,NA,0.286450577290556
PCGF3,11,0,0,0.249005740661962,NA,NA,NA,0.288835531055406
ZFP41,4,0,0,0.249418068409077,NA,NA,NA,0.289246193745541
PCDHB13,6,0,0,0.249584135366484,NA,NA,NA,0.289872933222472
LMBR1,35,0,0,0.250106828021707,NA,NA,NA,0.29095579159822
NACC1,4,0,0,0.250106828021707,NA,NA,NA,0.29123400446449
SDCCAG3,5,0,0,0.250106828021707,NA,NA,NA,0.29131976801219
ACTL10,4,0,0,0.25093666560058,NA,NA,NA,0.292595362630081
PDCD6,7,0,0,0.25093666560058,NA,NA,NA,0.292703827770849
JADE2,9,0,0,0.252775525001664,NA,NA,NA,0.294763196518022
MAN2B1,4,0,0,0.253503077025058,NA,NA,NA,0.295534824651252
WWC1,8,0,0,0.253668608592948,NA,NA,NA,0.295662256832233
HIP1,13,0,0,0.253899576659442,NA,NA,NA,0.295793669032956
SDC3,7,0,0,0.254104518931218,NA,NA,NA,0.295966695570178
REPS2,6,0,0,0.253899576659442,NA,NA,NA,0.296116581090961
NSDHL,9,0,0,0.253899576659442,NA,NA,NA,0.296134635781275
LOX,17,0,0,0.254359812255537,NA,NA,NA,0.296135958733439
RITA1,9,0,0,0.254359812255537,NA,NA,NA,0.296307177428643
ZFYVE21,4,0,0,0.253899576659442,NA,NA,NA,0.29639331783516
TP53BP1,3,0,0,0.253899576659442,NA,NA,NA,0.296431290651573
ELK4,17,0,0,0.253899576659442,NA,NA,NA,0.296482034399805
PREP,5,0,0,0.253899576659442,NA,NA,NA,0.29676932179803
PRRG4,10,0,0,0.255257882463187,NA,NA,NA,0.297258901757603
HSD17B11,5,0,0,0.255439897250682,NA,NA,NA,0.297424460296723
SNAPC3,39,0,0,0.255257882463187,NA,NA,NA,0.297443322637419
MCCC2,3,0,0,0.255257882463187,NA,NA,NA,0.297480852502022
ACBD3,11,0,0,0.255672455394896,NA,NA,NA,0.297567794980811
BCAS3,2,0,0,0.255672455394896,NA,NA,NA,0.297637830131061
NFIX,8,0,0,0.255933530266517,NA,NA,NA,0.298102753135474
DERL1,12,0,0,0.256890544153408,NA,NA,NA,0.299136131475257
DUSP11,14,0,0,0.256957696735089,NA,NA,NA,0.299151370351733
CHMP2B,5,0,0,0.257180695815026,NA,NA,NA,0.299344904546429
RRBP1,6,0,0,0.257759557743777,NA,NA,NA,0.300417536971525
IL6ST,9,0,0,0.257759557743777,NA,NA,NA,0.300777296376096
PDS5B,22,0,0,0.257759557743777,NA,NA,NA,0.300988431954639
TAMM41,2,0,0,0.258713102569673,NA,NA,NA,0.301745094216127
VGLL3,16,0,0,0.259032214128424,NA,NA,NA,0.302048224654335
CLCN3,17,0,0,0.259221169068381,NA,NA,NA,0.30207811751593
ITM2B,13,0,0,0.25930787298785,NA,NA,NA,0.302115426270449
PROSER2,6,0,0,0.259210736736692,NA,NA,NA,0.302128201058139
PLSCR1,13,0,0,0.259210736736692,NA,NA,NA,0.3024439769531
WDCP,3,0,0,0.260712644205044,NA,NA,NA,0.303660304165575
RBM43,8,0,0,0.260891097893585,NA,NA,NA,0.303802340525139
PGBD2,7,0,0,0.261741484695021,NA,NA,NA,0.304712423378867
ZNF567,2,0,0,0.265530280156922,NA,NA,NA,0.309280989923843
TMED8,10,0,0,0.266500412859767,NA,NA,NA,0.310326513732816
LDB1,4,0,0,0.267363220031809,NA,NA,NA,0.311552526352235
TTK,3,0,0,0.268627801791507,NA,NA,NA,0.312616128563401
ZBTB8OS,9,0,0,0.26887540932083,NA,NA,NA,0.31283553331228
QKI,30,0,0,0.268627801791507,NA,NA,NA,0.312878929221328
MTHFD1L,5,0,0,0.268627801791507,NA,NA,NA,0.312975463777515
TBC1D16,13,0,0,0.268627801791507,NA,NA,NA,0.313048962907145
KDM2A,7,0,0,0.268627801791507,NA,NA,NA,0.313224774450654
ZSCAN26,6,0,0,0.269450496231731,NA,NA,NA,0.313239551372534
ITPRIPL2,15,0,0,0.268627801791507,NA,NA,NA,0.313306264880868
TOP2B,7,0,0,0.269450496231731,NA,NA,NA,0.313463459485874
LNPK,28,0,0,0.269450496231731,NA,NA,NA,0.313473266516533
RPP14,6,0,0,0.269450496231731,NA,NA,NA,0.313697727064475
DOCK8,2,0,0,0.270379733487673,NA,NA,NA,0.314236138811131
SLC44A5,4,0,0,0.270778691232305,NA,NA,NA,0.314377488750339
SCD5,7,0,0,0.270737211260381,NA,NA,NA,0.314392665390234
HEBP2,13,0,0,0.270737211260381,NA,NA,NA,0.314596673079361
KIAA1217,5,0,0,0.270737211260381,NA,NA,NA,0.314630102044414
TRAPPC2L,3,0,0,0.270737211260381,NA,NA,NA,0.314732463020942
PPP2CA,24,0,0,0.272100011405702,NA,NA,NA,0.315819233808547
MFSD10,2,0,0,0.273724398604867,NA,NA,NA,0.317479611915108
HDGF,7,0,0,0.27369901544654,NA,NA,NA,0.317513353614735
TNFSF9,9,0,0,0.273851286898876,NA,NA,NA,0.31756139226394
IPO7,23,0,0,0.27369901544654,NA,NA,NA,0.317710458184297
RPL36,7,0,0,0.274239229742365,NA,NA,NA,0.317815403768932
VTI1B,14,0,0,0.274239229742365,NA,NA,NA,0.317970387387665
UBA52,8,0,0,0.274239229742365,NA,NA,NA,0.318172601116806
ADAT1,16,0,0,0.275039655614379,NA,NA,NA,0.3186624435595
G3BP1,22,0,0,0.275580572831097,NA,NA,NA,0.319454576030002
PLCG1,9,0,0,0.275717042824618,NA,NA,NA,0.319547227764118
WDR5B,15,0,0,0.275580572831097,NA,NA,NA,0.319595207753716
BTBD3,13,0,0,0.277589794510325,NA,NA,NA,0.321611550496853
KCNB1,7,0,0,0.278110337850976,NA,NA,NA,0.322317869832879
SETD2,4,0,0,0.278285103559146,NA,NA,NA,0.32239100150241
EEF2,8,0,0,0.278261061533775,NA,NA,NA,0.322426307231377
SLFN5,13,0,0,0.278110337850976,NA,NA,NA,0.322624005258192
POLM,18,0,0,0.278110337850976,NA,NA,NA,0.322633769326751
PQLC3,2,0,0,0.279469107339671,NA,NA,NA,0.323360253958677
UBXN6,3,0,0,0.279385742747156,NA,NA,NA,0.323390075694224
C11orf95,4,0,0,0.279662379267021,NA,NA,NA,0.32339360802815
RBM23,12,0,0,0.279385742747156,NA,NA,NA,0.323538516554795
MPP6,30,0,0,0.279385742747156,NA,NA,NA,0.323600479214732
DNAJB5,7,0,0,0.279662379267021,NA,NA,NA,0.323623465908648
FAM118A,9,0,0,0.279662379267021,NA,NA,NA,0.323696404819219
FAM104A,12,0,0,0.279469107339671,NA,NA,NA,0.323719362539163
PLXDC2,15,0,0,0.279385742747156,NA,NA,NA,0.32383054106958
GEMIN5,11,0,0,0.280652182391124,NA,NA,NA,0.324630227404553
C9orf40,5,0,0,0.280846485661689,NA,NA,NA,0.324726671187432
PPFIA1,15,0,0,0.280840757741129,NA,NA,NA,0.324781957677111
ACADM,10,0,0,0.280652182391124,NA,NA,NA,0.32491971983147
C5orf30,7,0,0,0.280652182391124,NA,NA,NA,0.32498622868883
NR3C1,6,0,0,0.28143958009107,NA,NA,NA,0.325336453232832
NUFIP2,28,0,0,0.281682397687442,NA,NA,NA,0.325902126523373
TYW5,12,0,0,0.281682397687442,NA,NA,NA,0.325987763554536
KIAA2026,10,0,0,0.281682397687442,NA,NA,NA,0.32620537561966
ZNF654,10,0,0,0.281682397687442,NA,NA,NA,0.326214951536465
POP1,7,0,0,0.282099891421067,NA,NA,NA,0.326251429585091
NIN,7,0,0,0.281682397687442,NA,NA,NA,0.326328720905902
ANKRD26,17,0,0,0.282099891421067,NA,NA,NA,0.326543148950299
HINT3,10,0,0,0.283578134463574,NA,NA,NA,0.327863081852229
DNAJB4,14,0,0,0.283787562477472,NA,NA,NA,0.328090286910247
MRS2,8,0,0,0.283787562477472,NA,NA,NA,0.328399945461791
VPS26A,7,0,0,0.283787562477472,NA,NA,NA,0.328489368164108
ZNF91,13,0,0,0.283787562477472,NA,NA,NA,0.328579111960528
TLN2,8,0,0,0.284395796409056,NA,NA,NA,0.328593605162936
STAT3,5,0,0,0.284364993630563,NA,NA,NA,0.328620288056714
TNS3,5,0,0,0.284364993630563,NA,NA,NA,0.328805869537124
TLE3,13,0,0,0.283787562477472,NA,NA,NA,0.32880670864603
BDH2,8,0,0,0.285587809474432,NA,NA,NA,0.330630015213805
KNOP1,25,0,0,0.285989095362815,NA,NA,NA,0.331341842320096
HNRNPR,16,0,0,0.285989095362815,NA,NA,NA,0.331357862328812
JUN,12,0,0,0.286183093115035,NA,NA,NA,0.33156042780841
GJC1,7,0,0,0.285989095362815,NA,NA,NA,0.331598655436296
SLC38A9,7,0,0,0.286115067625583,NA,NA,NA,0.331669035508439
TRIB1,5,0,0,0.286183093115035,NA,NA,NA,0.331760705029129
SLK,15,0,0,0.286545458804335,NA,NA,NA,0.331909237173474
USP9X,18,0,0,0.286115067625583,NA,NA,NA,0.331985857515533
RIOX2,12,0,0,0.286183093115035,NA,NA,NA,0.332049272328666
CRKL,11,0,0,0.286829447097858,NA,NA,NA,0.332169215745805
GTPBP4,14,0,0,0.286115067625583,NA,NA,NA,0.332207670838874
MRPL3,30,0,0,0.286115067625583,NA,NA,NA,0.332267727878571
SULF2,18,0,0,0.286115067625583,NA,NA,NA,0.332391743689403
IQCB1,6,0,0,0.286115067625583,NA,NA,NA,0.332436801454993
RHNO1,12,0,0,0.286115067625583,NA,NA,NA,0.332467931110388
VPS53,21,0,0,0.286115067625583,NA,NA,NA,0.332486646899519
ERO1B,13,0,0,0.286115067625583,NA,NA,NA,0.332559401221935
FGF2,9,0,0,0.286115067625583,NA,NA,NA,0.332731613585105
SPATS2,6,0,0,0.286115067625583,NA,NA,NA,0.332743859391655
LPAR2,5,0,0,0.286115067625583,NA,NA,NA,0.332783545080823
HPSE,3,0,0,0.286115067625583,NA,NA,NA,0.332997836456525
SNAP47,13,0,0,0.286115067625583,NA,NA,NA,0.333084572042894
CLIC4,22,0,0,0.28776579716534,NA,NA,NA,0.33316772102239
CLDND1,13,0,0,0.287911902005627,NA,NA,NA,0.333209813147947
RETREG2,10,0,0,0.28797476461152,NA,NA,NA,0.333219457587281
TMEM65,27,0,0,0.286115067625583,NA,NA,NA,0.333409946294245
FOXQ1,2,0,0,0.288290953950942,NA,NA,NA,0.333454395862516
PAK3,6,0,0,0.287911902005627,NA,NA,NA,0.333491602008138
HSP90AA1,10,0,0,0.286115067625583,NA,NA,NA,0.333541105685902
SSX2IP,21,0,0,0.288290953950942,NA,NA,NA,0.333806053302665
MYO6,10,0,0,0.290560007607661,NA,NA,NA,0.336066114144725
LEPROT,10,0,0,0.290554709405617,NA,NA,NA,0.33612181903426
TBP,6,0,0,0.290554709405617,NA,NA,NA,0.336192341986276
POLG2,3,0,0,0.290554709405617,NA,NA,NA,0.336392941494544
CYP4F11,10,0,0,0.291342182835939,NA,NA,NA,0.336888520762536
KPNB1,15,0,0,0.291460333820971,NA,NA,NA,0.336960374664811
COX7C,12,0,0,0.29304117267463,NA,NA,NA,0.338684340927056
PDZD4,3,0,0,0.293925621074503,NA,NA,NA,0.339621113501709
XPO7,9,0,0,0.295237208041347,NA,NA,NA,0.34103949804903
NACC2,7,0,0,0.296474001816124,NA,NA,NA,0.342606397908965
ZNF106,10,0,0,0.296474001816124,NA,NA,NA,0.342854536234402
TNPO3,7,0,0,0.297037856057472,NA,NA,NA,0.343413608953251
CHIC2,20,0,0,0.297037856057472,NA,NA,NA,0.343620095128097
TMEM91,2,0,0,0.29711662427917,NA,NA,NA,0.34373540844472
IRAK1BP1,16,0,0,0.297894034614409,NA,NA,NA,0.344846602682295
SNRPD3,13,0,0,0.298131391425985,NA,NA,NA,0.345051620143932
MAPK10,11,0,0,0.298227738509532,NA,NA,NA,0.34509730964976
SLC9B2,5,0,0,0.299311164281247,NA,NA,NA,0.346439409589503
NBEAL1,12,0,0,0.299311164281247,NA,NA,NA,0.346473774286616
CDK14,4,0,0,0.299311164281247,NA,NA,NA,0.346490391950804
TEDC1,3,0,0,0.299311164281247,NA,NA,NA,0.346510595576872
MTIF2,4,0,0,0.299311164281247,NA,NA,NA,0.346639403327581
YWHAG,14,0,0,0.299311164281247,NA,NA,NA,0.346699551631073
ALDH16A1,4,0,0,0.299311164281247,NA,NA,NA,0.346749809827107
TMEM184A,5,0,0,0.299311164281247,NA,NA,NA,0.346795351319767
PITPNA,7,0,0,0.299311164281247,NA,NA,NA,0.346989720503416
LSM12,6,0,0,0.299311164281247,NA,NA,NA,0.347080406911645
TSNAXIP1,2,0,0,0.299311164281247,NA,NA,NA,0.347403471633059
CHCHD7,9,0,0,0.300666367246333,NA,NA,NA,0.348796492083552
CCNL1,5,0,0,0.300666367246333,NA,NA,NA,0.349138808566935
ZKSCAN5,7,0,0,0.301602743830264,NA,NA,NA,0.349792277121827
SEL1L3,3,0,0,0.302568328871431,NA,NA,NA,0.350820632270999
ZNF75A,5,0,0,0.302627103554204,NA,NA,NA,0.350822916321334
HILPDA,13,0,0,0.305165592218,NA,NA,NA,0.353435514249054
RNF14,14,0,0,0.305157791836798,NA,NA,NA,0.3536200016078
DSTN,14,0,0,0.305165592218,NA,NA,NA,0.353780686757215
HEATR1,26,0,0,0.305165592218,NA,NA,NA,0.353835624583462
MED21,13,0,0,0.305676437112016,NA,NA,NA,0.354017172341693
TOMM20,22,0,0,0.306056636993596,NA,NA,NA,0.355098597483013
CXCL1,7,0,0,0.306056636993596,NA,NA,NA,0.355135732839343
ZNF622,3,0,0,0.306362247570753,NA,NA,NA,0.355416490073675
AARD,5,0,0,0.307820661178024,NA,NA,NA,0.356870719423393
ARRB1,10,0,0,0.30778316317993,NA,NA,NA,0.356893359375373
PHLDB1,4,0,0,0.30778316317993,NA,NA,NA,0.356976506579438
PRKAR2A,9,0,0,0.308297178700102,NA,NA,NA,0.357344294835595
KCNK6,11,0,0,0.308435692193635,NA,NA,NA,0.357731674449569
COL17A1,4,0,0,0.309080565407896,NA,NA,NA,0.357977871403522
LITAF,18,0,0,0.30890408339265,NA,NA,NA,0.358165948543437
GID4,11,0,0,0.308625093906989,NA,NA,NA,0.358176293749745
A1BG,5,0,0,0.309080565407896,NA,NA,NA,0.358329568870298
RAB7A,13,0,0,0.30890408339265,NA,NA,NA,0.358381747730831
ZNRF2,18,0,0,0.30890408339265,NA,NA,NA,0.358430645626024
BAMBI,9,0,0,0.30890408339265,NA,NA,NA,0.358541970294027
ZNF83,10,0,0,0.30890408339265,NA,NA,NA,0.35855419818456
UBE2V2,24,0,0,0.309080565407896,NA,NA,NA,0.358561133119953
MORF4L1,16,0,0,0.309080565407896,NA,NA,NA,0.358604986755513
TPR,12,0,0,0.309080565407896,NA,NA,NA,0.358629914649063
SNAPC5,3,0,0,0.309775445173168,NA,NA,NA,0.358633584760469
TMEM33,24,0,0,0.309775445173168,NA,NA,NA,0.358756203739793
NSFL1C,9,0,0,0.309080565407896,NA,NA,NA,0.35894715545317
FAM208A,6,0,0,0.310310159103396,NA,NA,NA,0.358980562459714
BAP1,4,0,0,0.310310159103396,NA,NA,NA,0.359206075220736
RPUSD4,7,0,0,0.310310159103396,NA,NA,NA,0.359224038855419
ESRP2,12,0,0,0.310310159103396,NA,NA,NA,0.35932785428744
TMEM260,7,0,0,0.311232738156425,NA,NA,NA,0.360105235014351
CHST15,14,0,0,0.311331223002909,NA,NA,NA,0.360295702017161
TRA2A,5,0,0,0.311517081013933,NA,NA,NA,0.360509580136445
PGM1,2,0,0,0.311517081013933,NA,NA,NA,0.360610823906402
HEBP1,3,0,0,0.311685437347095,NA,NA,NA,0.360794561142775
GSTZ1,6,0,0,0.31258558526703,NA,NA,NA,0.361680911726965
SLC7A1,11,0,0,0.312804484119907,NA,NA,NA,0.361863451262182
WDHD1,13,0,0,0.31258558526703,NA,NA,NA,0.36199837119421
ATP5E,23,0,0,0.312946392267731,NA,NA,NA,0.362542377061735
UBE2D3,18,0,0,0.313130070764669,NA,NA,NA,0.362685013424824
GHITM,29,0,0,0.313232784284666,NA,NA,NA,0.363188912214718
CCNO,3,0,0,0.313232784284666,NA,NA,NA,0.363463694304712
ZNF827,6,0,0,0.313232784284666,NA,NA,NA,0.363543187703143
LSM8,26,0,0,0.315056130925726,NA,NA,NA,0.365925757101486
DYNC1I2,12,0,0,0.315056130925726,NA,NA,NA,0.366192338294302
HSPA9,12,0,0,0.315056130925726,NA,NA,NA,0.366223932149514
RABGGTB,7,0,0,0.315682605123091,NA,NA,NA,0.366568146440057
ACAT2,15,0,0,0.31598723552283,NA,NA,NA,0.367072121109394
EIF4G3,7,0,0,0.315980699495014,NA,NA,NA,0.367130706818464
RHPN2,6,0,0,0.316135086532435,NA,NA,NA,0.367173380949835
UTP20,3,0,0,0.316571455852682,NA,NA,NA,0.367605525663835
AGPAT5,10,0,0,0.316571455852682,NA,NA,NA,0.367677151858557
ZFX,11,0,0,0.316571455852682,NA,NA,NA,0.367980106836898
NEK7,11,0,0,0.317949872996303,NA,NA,NA,0.369251655681992
STAM2,10,0,0,0.318027845513716,NA,NA,NA,0.369564852860284
SVEP1,4,0,0,0.318533263971016,NA,NA,NA,0.370361161622354
HNRNPU,44,0,0,0.31876979897214,NA,NA,NA,0.370562128706765
TMEM2,5,0,0,0.319768954718494,NA,NA,NA,0.371558647774355
ZFAND4,5,0,0,0.319747616678931,NA,NA,NA,0.371601094520573
ZGRF1,3,0,0,0.319973238763013,NA,NA,NA,0.372353115980034
C15orf38-AP3S2,12,0,0,0.319973238763013,NA,NA,NA,0.37235673188308
GOLGA2,2,0,0,0.319973238763013,NA,NA,NA,0.372380714678815
NBN,11,0,0,0.319973238763013,NA,NA,NA,0.372545396727649
SCAF11,9,0,0,0.319973238763013,NA,NA,NA,0.372701677672951
PTPN6,2,0,0,0.320296308713881,NA,NA,NA,0.372850346142138
PAICS,20,0,0,0.319973238763013,NA,NA,NA,0.372866167912903
HNRNPA0,18,0,0,0.320739215424849,NA,NA,NA,0.373284622603226
MSL1,8,0,0,0.321030809893068,NA,NA,NA,0.373547595500262
KDELR1,4,0,0,0.321273776438049,NA,NA,NA,0.373844343976378
POLR2E,13,0,0,0.321273776438049,NA,NA,NA,0.374158271376746
PSMA2,9,0,0,0.321273776438049,NA,NA,NA,0.374355773011101
EML1,8,0,0,0.321273776438049,NA,NA,NA,0.374501195057303
HDGFL3,30,0,0,0.321913640641169,NA,NA,NA,0.374810727429418
HIF1AN,22,0,0,0.32188292170994,NA,NA,NA,0.374842975180386
CBX8,3,0,0,0.32188292170994,NA,NA,NA,0.374925465487406
PHF8,17,0,0,0.32188292170994,NA,NA,NA,0.375103532913201
LLGL1,2,0,0,0.32188292170994,NA,NA,NA,0.37514573399061
FLNB,6,0,0,0.32248673669077,NA,NA,NA,0.375392194463971
FOXO3,9,0,0,0.322597832052803,NA,NA,NA,0.375450929520019
SMNDC1,16,0,0,0.323404759092631,NA,NA,NA,0.376296518833454
LRPAP1,24,0,0,0.324517157590522,NA,NA,NA,0.378404719194001
FAM107B,8,0,0,0.325077451352142,NA,NA,NA,0.379005536218841
MED18,2,0,0,0.325051358140783,NA,NA,NA,0.379043940940613
PARVA,34,0,0,0.324998070849525,NA,NA,NA,0.379051637433093
ATXN7L2,2,0,0,0.324998070849525,NA,NA,NA,0.379167022968576
KDM6A,9,0,0,0.325912607472329,NA,NA,NA,0.379815352640822
SENP3,3,0,0,0.325912607472329,NA,NA,NA,0.379946711079032
PHKB,14,0,0,0.326932543730751,NA,NA,NA,0.381190684070102
RRP1B,7,0,0,0.328146661993089,NA,NA,NA,0.382717867551786
GSTO2,5,0,0,0.328507367861252,NA,NA,NA,0.38305771207763
THG1L,7,0,0,0.328146661993089,NA,NA,NA,0.383069663005996
COL4A1,13,0,0,0.329343775160793,NA,NA,NA,0.383594100375043
DEPP1,4,0,0,0.329319854782334,NA,NA,NA,0.383840228980677
FZD8,11,0,0,0.329343775160793,NA,NA,NA,0.383858048633722
ASXL2,16,0,0,0.329283996301102,NA,NA,NA,0.383868225009298
CNBP,17,0,0,0.329343775160793,NA,NA,NA,0.383881433672609
NOP53,8,0,0,0.329343775160793,NA,NA,NA,0.384022397127772
SNAP29,17,0,0,0.329968717923428,NA,NA,NA,0.384232476488685
RHOV,4,0,0,0.330649548062302,NA,NA,NA,0.385222687524294
CKAP2L,8,0,0,0.331296983062626,NA,NA,NA,0.385924965058155
MAPK8,14,0,0,0.331296983062626,NA,NA,NA,0.385930157848376
B2M,4,0,0,0.331296983062626,NA,NA,NA,0.385969685825452
EPCAM,4,0,0,0.331296983062626,NA,NA,NA,0.386219699684993
RIF1,21,0,0,0.331553431670313,NA,NA,NA,0.386346764372494
WWC2,18,0,0,0.332223369114375,NA,NA,NA,0.387168423348069
GNPTG,9,0,0,0.33415780421323,NA,NA,NA,0.389217321476826
FAM20B,20,0,0,0.334411512532106,NA,NA,NA,0.389435097605869
LPAR1,6,0,0,0.33415780421323,NA,NA,NA,0.389471815725549
SMARCA5,9,0,0,0.334929444845825,NA,NA,NA,0.389951236962675
ASNSD1,2,0,0,0.334962794210316,NA,NA,NA,0.390071719119641
EPS8,7,0,0,0.334962794210316,NA,NA,NA,0.390332302433481
EFHD2,6,0,0,0.335164443438397,NA,NA,NA,0.390424137081843
ATP6V0A2,15,0,0,0.334962794210316,NA,NA,NA,0.390523978173031
CDPF1,3,0,0,0.33597837850924,NA,NA,NA,0.391026045006046
PDS5A,19,0,0,0.33597837850924,NA,NA,NA,0.39136791887054
SOWAHC,9,0,0,0.33597837850924,NA,NA,NA,0.391369558575582
USP6NL,27,0,0,0.33597837850924,NA,NA,NA,0.391498288310591
PLPBP,2,0,0,0.33597837850924,NA,NA,NA,0.39159755257035
NIPAL3,16,0,0,0.33597837850924,NA,NA,NA,0.391721053776931
NANS,4,0,0,0.337509309686692,NA,NA,NA,0.393261692308298
GK,6,0,0,0.337760187209745,NA,NA,NA,0.393694838056308
TSN,12,0,0,0.337760187209745,NA,NA,NA,0.393914582380582
GALNT1,15,0,0,0.338171681767183,NA,NA,NA,0.394276341157894
HSPE1-MOB4,11,0,0,0.338233828910272,NA,NA,NA,0.394379213234522
VPS13C,7,0,0,0.339947368437968,NA,NA,NA,0.39624536556119
ZNF720,4,0,0,0.341309754066748,NA,NA,NA,0.398519369823831
RBMS2,26,0,0,0.341309754066748,NA,NA,NA,0.398528749573377
HAT1,8,0,0,0.341309754066748,NA,NA,NA,0.398570163191483
RNF146,9,0,0,0.341309754066748,NA,NA,NA,0.398587155179871
CAPN5,7,0,0,0.341309754066748,NA,NA,NA,0.398744940668799
RNF41,13,0,0,0.341309754066748,NA,NA,NA,0.399081326321655
GPR176,5,0,0,0.345105675776033,NA,NA,NA,0.40346814038363
ZNF410,7,0,0,0.345105675776033,NA,NA,NA,0.403704837224783
SOX18,3,0,0,0.346256270354709,NA,NA,NA,0.404990613707725
SELENOT,16,0,0,0.346256270354709,NA,NA,NA,0.405121867568666
HIST1H2BN,6,0,0,0.346937324927641,NA,NA,NA,0.406171157563588
ABCC2,14,0,0,0.347887987181909,NA,NA,NA,0.407203643594592
ZNF641,8,0,0,0.347887987181909,NA,NA,NA,0.407420550328506
FN3KRP,12,0,0,0.348348741263825,NA,NA,NA,0.407652609940774
ZNF565,4,0,0,0.348766370673404,NA,NA,NA,0.408052616084053
ZNF445,13,0,0,0.34910738894123,NA,NA,NA,0.408365804006778
UBE2F,12,0,0,0.350671253034218,NA,NA,NA,0.410135710443687
MTG1,12,0,0,0.350616429583714,NA,NA,NA,0.410146702849135
SRA1,18,0,0,0.350616429583714,NA,NA,NA,0.410374984358795
SEC61G,7,0,0,0.350616429583714,NA,NA,NA,0.410539185728296
ZHX1-C8orf76,5,0,0,0.351238340661214,NA,NA,NA,0.410996268008083
NCKIPSD,11,0,0,0.351494059494323,NA,NA,NA,0.411212410729608
TRIM14,14,0,0,0.353266517864191,NA,NA,NA,0.413437084102496
TFDP2,13,0,0,0.353721918476487,NA,NA,NA,0.414005033664063
SH2D2A,3,0,0,0.353721918476487,NA,NA,NA,0.414168343369677
ARHGAP35,6,0,0,0.353721918476487,NA,NA,NA,0.414194472997627
DOK4,5,0,0,0.355223912201107,NA,NA,NA,0.415649299001886
ASAP2,6,0,0,0.357262683705801,NA,NA,NA,0.418469955154771
PLXNA3,6,0,0,0.357353435170029,NA,NA,NA,0.418642381139312
BCL10,11,0,0,0.357353435170029,NA,NA,NA,0.41887765900454
SEC23B,13,0,0,0.357353435170029,NA,NA,NA,0.419163955025426
GAS2L3,3,0,0,0.357968120736618,NA,NA,NA,0.41948229901596
ATP10D,5,0,0,0.357968120736618,NA,NA,NA,0.419603984071671
DCAF10,20,0,0,0.358542885731588,NA,NA,NA,0.420351940305759
CENPO,9,0,0,0.358929476094719,NA,NA,NA,0.420714412434895
GALNT12,3,0,0,0.359410852038665,NA,NA,NA,0.421033731742464
SPRYD4,11,0,0,0.359410852038665,NA,NA,NA,0.42127831315088
IDI1,9,0,0,0.359582095171621,NA,NA,NA,0.42132258547596
ZNF331,5,0,0,0.359410852038665,NA,NA,NA,0.421325014639808
JUP,3,0,0,0.359582095171621,NA,NA,NA,0.421636553423608
TTC17,3,0,0,0.359582095171621,NA,NA,NA,0.421832341534195
GNB4,14,0,0,0.359582095171621,NA,NA,NA,0.421839647760358
IREB2,14,0,0,0.359582095171621,NA,NA,NA,0.42195361289306
SPDL1,5,0,0,0.359582095171621,NA,NA,NA,0.421972992367953
SYPL1,12,0,0,0.359582095171621,NA,NA,NA,0.422061675240775
ZNF3,9,0,0,0.359582095171621,NA,NA,NA,0.422191712595854
RPL4,10,0,0,0.359582095171621,NA,NA,NA,0.422247357591635
MAPK14,17,0,0,0.359582095171621,NA,NA,NA,0.422297422222185
UQCR11,11,0,0,0.360572164095155,NA,NA,NA,0.422757892076558
ST6GALNAC4,2,0,0,0.360695726911494,NA,NA,NA,0.422822725657039
BAG1,4,0,0,0.360918151858971,NA,NA,NA,0.422924621426865
PDGFA,7,0,0,0.360572164095155,NA,NA,NA,0.422990321891033
HMGB2,14,0,0,0.360918151858971,NA,NA,NA,0.423022897599864
POLR1E,28,0,0,0.360572164095155,NA,NA,NA,0.423157223352996
VPS37B,6,0,0,0.360572164095155,NA,NA,NA,0.423245717595651
ZCRB1,6,0,0,0.361182843853065,NA,NA,NA,0.423275682642528
SMARCA4,11,0,0,0.361814704268832,NA,NA,NA,0.424725431441172
FSTL3,5,0,0,0.361814704268832,NA,NA,NA,0.425051170255504
GNG5,6,0,0,0.361814704268832,NA,NA,NA,0.425299959103066
FLCN,3,0,0,0.361838325629477,NA,NA,NA,0.425328495519079
MCIDAS,11,0,0,0.362265514199863,NA,NA,NA,0.426027572931369
RACGAP1,6,0,0,0.362303992570329,NA,NA,NA,0.426693173569501
STK36,4,0,0,0.362565507990882,NA,NA,NA,0.427240092325236
ATP6V1G1,15,0,0,0.362565507990882,NA,NA,NA,0.427475758731748
SLC4A7,12,0,0,0.362776943344283,NA,NA,NA,0.427668712171087
FAM192A,15,0,0,0.362776943344283,NA,NA,NA,0.427811974570978
QTRT2,5,0,0,0.363243753814685,NA,NA,NA,0.428229506790689
FUT10,16,0,0,0.364152153345439,NA,NA,NA,0.429567733328497
PDK2,5,0,0,0.364933768695001,NA,NA,NA,0.429925372007024
ZNF721,8,0,0,0.364933768695001,NA,NA,NA,0.430121992775849
PDIA4,7,0,0,0.364725514425509,NA,NA,NA,0.430152274844794
CDC123,3,0,0,0.364933768695001,NA,NA,NA,0.430230481981831
UBE2J2,5,0,0,0.364933768695001,NA,NA,NA,0.430316520518822
ZNF805,8,0,0,0.364725514425509,NA,NA,NA,0.430320031846474
TNRC6B,13,0,0,0.365500012430865,NA,NA,NA,0.430491393540336
CHP1,4,0,0,0.364933768695001,NA,NA,NA,0.430637191561726
ANKS6,8,0,0,0.364933768695001,NA,NA,NA,0.430646503985618
AKTIP,11,0,0,0.36622375326177,NA,NA,NA,0.431235945691439
SH3GLB2,8,0,0,0.368272348561803,NA,NA,NA,0.43348304145769
SIK2,15,0,0,0.37022500539384,NA,NA,NA,0.437070572832512
TRERF1,6,0,0,0.370920193069742,NA,NA,NA,0.437781980410586
AKAP1,9,0,0,0.371032901795677,NA,NA,NA,0.437831102015345
KIF11,10,0,0,0.372084947595864,NA,NA,NA,0.4387896258224
CYCS,21,0,0,0.372084947595864,NA,NA,NA,0.438976625634463
SAMHD1,9,0,0,0.372084947595864,NA,NA,NA,0.439098149194939
ESYT2,22,0,0,0.372428303392653,NA,NA,NA,0.439100669618226
RAB31,5,0,0,0.372563307930843,NA,NA,NA,0.439175165841184
KLF11,6,0,0,0.373055662525605,NA,NA,NA,0.439840777741622
AP1S3,21,0,0,0.373055662525605,NA,NA,NA,0.440198517080255
INO80C,5,0,0,0.373055662525605,NA,NA,NA,0.440411313444645
MRGBP,7,0,0,0.373055662525605,NA,NA,NA,0.440572017762243
TTC30B,10,0,0,0.373055662525605,NA,NA,NA,0.440645254153875
WDFY3,13,0,0,0.373055662525605,NA,NA,NA,0.440651015039411
RAB11A,19,0,0,0.373573950206332,NA,NA,NA,0.440894222037673
ZNF609,8,0,0,0.373573950206332,NA,NA,NA,0.440961582750218
OSBPL1A,10,0,0,0.373573950206332,NA,NA,NA,0.44118815887881
SLC35A4,2,0,0,0.373573950206332,NA,NA,NA,0.441193018494967
NCBP3,15,0,0,0.373573950206332,NA,NA,NA,0.441341543020591
TCP11L1,8,0,0,0.374090219611101,NA,NA,NA,0.441695627948782
RNF216,6,0,0,0.374790845064019,NA,NA,NA,0.442412305414005
LRP5,3,0,0,0.374875781038569,NA,NA,NA,0.442429567800131
FASTKD2,14,0,0,0.375703426865057,NA,NA,NA,0.443353795088162
UBTF,6,0,0,0.375703426865057,NA,NA,NA,0.443366922233331
CCAR1,12,0,0,0.375814825103802,NA,NA,NA,0.444026849500897
ABHD6,5,0,0,0.375814825103802,NA,NA,NA,0.444042184758544
RAB3GAP1,12,0,0,0.377896520936713,NA,NA,NA,0.446455979591792
MICALL2,2,0,0,0.377843203551748,NA,NA,NA,0.4464755003051
CDKAL1,6,0,0,0.377827164577983,NA,NA,NA,0.446537480794639
ERG28,9,0,0,0.378343865029474,NA,NA,NA,0.446968604044705
ZBTB47,7,0,0,0.378716197849943,NA,NA,NA,0.447515229155444
ANKRD12,8,0,0,0.378788552165356,NA,NA,NA,0.448000753928014
ENOX1,5,0,0,0.379107841161119,NA,NA,NA,0.448295396492037
CYP2R1,4,0,0,0.378788552165356,NA,NA,NA,0.448348792822375
FKBP5,15,0,0,0.379328324988033,NA,NA,NA,0.448538860406849
GSE1,10,0,0,0.381502913210307,NA,NA,NA,0.451144348700625
BYSL,9,0,0,0.381834068635131,NA,NA,NA,0.451439558701643
LAP3,5,0,0,0.382530585030865,NA,NA,NA,0.452149649385748
RBM17,6,0,0,0.385422174718528,NA,NA,NA,0.454782289077747
MFSD9,9,0,0,0.385422174718528,NA,NA,NA,0.454898021310705
B3GLCT,5,0,0,0.385422174718528,NA,NA,NA,0.455042492406574
PLPP3,5,0,0,0.386197192963313,NA,NA,NA,0.455096297534359
PKN2,11,0,0,0.385836501509819,NA,NA,NA,0.455170903426
NFYB,16,0,0,0.385422174718528,NA,NA,NA,0.455239005329421
TMEM120A,4,0,0,0.385395885504079,NA,NA,NA,0.455239454846599
TAPT1,7,0,0,0.386197192963313,NA,NA,NA,0.455284369251341
EARS2,13,0,0,0.385422174718528,NA,NA,NA,0.45533225353614
IQSEC1,3,0,0,0.386197192963313,NA,NA,NA,0.455377098039166
PPP2R2D,13,0,0,0.386090826970281,NA,NA,NA,0.455378201725394
HOXB4,2,0,0,0.385395885504079,NA,NA,NA,0.45540788057344
MPV17L2,3,0,0,0.385422174718528,NA,NA,NA,0.455438110516269
CCDC68,4,0,0,0.386197192963313,NA,NA,NA,0.45546851750354
DNM1L,17,0,0,0.386197192963313,NA,NA,NA,0.455752480003698
MOCS3,21,0,0,0.387739769710369,NA,NA,NA,0.457049531015828
EIF5,19,0,0,0.38876664150823,NA,NA,NA,0.458339263880078
GPATCH2L,28,0,0,0.389089197097018,NA,NA,NA,0.458703596313863
CDC37L1,5,0,0,0.389419871226327,NA,NA,NA,0.459575031900402
NSD1,6,0,0,0.391684897988477,NA,NA,NA,0.462391738216821
C5orf66,8,0,0,0.391684897988477,NA,NA,NA,0.462548702028833
OSGIN2,13,0,0,0.391684897988477,NA,NA,NA,0.46265573973286
FAM222B,9,0,0,0.391684897988477,NA,NA,NA,0.4628825150065
ZNF786,6,0,0,0.392746799363728,NA,NA,NA,0.463844678997646
LRP5L,6,0,0,0.392746799363728,NA,NA,NA,0.463998876604158
DIP2B,10,0,0,0.393110388916691,NA,NA,NA,0.464174104832145
CCT5,8,0,0,0.392746799363728,NA,NA,NA,0.46431042566348
GLI3,9,0,0,0.392746799363728,NA,NA,NA,0.464511568533474
KCNN4,2,0,0,0.394011985973461,NA,NA,NA,0.465165452020773
TMED4,12,0,0,0.394011985973461,NA,NA,NA,0.465357410295374
SEMA7A,3,0,0,0.394011985973461,NA,NA,NA,0.465512326877397
ZNF449,7,0,0,0.395395958389243,NA,NA,NA,0.466391482795149
STRN,22,0,0,0.395395958389243,NA,NA,NA,0.466488446727455
VEGFA,9,0,0,0.395278086840041,NA,NA,NA,0.46658747042276
NCOA3,9,0,0,0.395430046816412,NA,NA,NA,0.466596313511152
ASDURF,3,0,0,0.395430046816412,NA,NA,NA,0.466678722038315
KAT7,15,0,0,0.395430046816412,NA,NA,NA,0.466832580496756
MIEF2,7,0,0,0.395430046816412,NA,NA,NA,0.466833632353807
CES2,3,0,0,0.395395958389243,NA,NA,NA,0.466837098424641
ENPP1,8,0,0,0.395430046816412,NA,NA,NA,0.46699999894098
HNRNPDL,15,0,0,0.395395958389243,NA,NA,NA,0.467053977408265
STMP1,24,0,0,0.396290382383921,NA,NA,NA,0.467404723032657
POLR3D,11,0,0,0.396395827967704,NA,NA,NA,0.467441907698953
BAG5,10,0,0,0.396290382383921,NA,NA,NA,0.467603275000026
TMCO1,14,0,0,0.396761765347321,NA,NA,NA,0.468177759280042
ACSL3,15,0,0,0.398304668656243,NA,NA,NA,0.470255469157003
TNFRSF10C,5,0,0,0.398248536686327,NA,NA,NA,0.470274682261192
SRFBP1,15,0,0,0.398185807692932,NA,NA,NA,0.47028652217265
GGCX,20,0,0,0.398185807692932,NA,NA,NA,0.470548683461983
STT3B,9,0,0,0.398185807692932,NA,NA,NA,0.470605413474891
FEN1,3,0,0,0.400515733869165,NA,NA,NA,0.472793744004942
SLC25A45,2,0,0,0.40064512220238,NA,NA,NA,0.472922419082086
CCDC171,4,0,0,0.400515733869165,NA,NA,NA,0.472998887398343
WDR36,19,0,0,0.40064512220238,NA,NA,NA,0.47306172030957
LBR,12,0,0,0.400515733869165,NA,NA,NA,0.473120645129259
PSMA4,14,0,0,0.401175299151927,NA,NA,NA,0.473865477871728
PRMT9,6,0,0,0.401499099605512,NA,NA,NA,0.474148158229516
RPA1,5,0,0,0.401598790034498,NA,NA,NA,0.474465112433235
TXNDC15,15,0,0,0.402634209589365,NA,NA,NA,0.475839895804359
SNRK,6,0,0,0.402753995067102,NA,NA,NA,0.476670502222648
FBXO34,7,0,0,0.403093391404647,NA,NA,NA,0.4769388580328
FUT4,4,0,0,0.403093391404647,NA,NA,NA,0.476987061129573
KIAA1456,6,0,0,0.403093391404647,NA,NA,NA,0.476997630639824
ARL1,14,0,0,0.402753995067102,NA,NA,NA,0.477002818654323
PDCL3,7,0,0,0.403093391404647,NA,NA,NA,0.477004854698142
ZNF436,5,0,0,0.403581786264783,NA,NA,NA,0.477443440566977
SLC35D1,13,0,0,0.403581786264783,NA,NA,NA,0.477563598495642
GRK3,15,0,0,0.40452473076982,NA,NA,NA,0.477854971894712
ENAH,35,0,0,0.40452473076982,NA,NA,NA,0.478045760922345
C3orf62,5,0,0,0.404106291634319,NA,NA,NA,0.478185126241536
UFSP2,15,0,0,0.40452473076982,NA,NA,NA,0.478276971954494
SNRPA1,2,0,0,0.404447414830331,NA,NA,NA,0.478402576373593
MRPL18,5,0,0,0.40452473076982,NA,NA,NA,0.478425658302697
TIMM50,13,0,0,0.404447414830331,NA,NA,NA,0.478497428991171
PPP6R1,2,0,0,0.40452473076982,NA,NA,NA,0.478656680828075
ROCK2,12,0,0,0.40452473076982,NA,NA,NA,0.478713301111826
C1orf210,3,0,0,0.40452473076982,NA,NA,NA,0.478747273653211
CCDC78,2,0,0,0.40452473076982,NA,NA,NA,0.478778565501794
PPP1R15B,23,0,0,0.40452473076982,NA,NA,NA,0.478925518147619
PYGL,4,0,0,0.405125104892039,NA,NA,NA,0.478954098833357
FOSL2,14,0,0,0.40452473076982,NA,NA,NA,0.478978081702345
SULT1E1,4,0,0,0.40452473076982,NA,NA,NA,0.479022945916988
TCOF1,5,0,0,0.405402075945008,NA,NA,NA,0.479163330761513
RBM25,31,0,0,0.405527507290317,NA,NA,NA,0.479221542952939
ACAA2,7,0,0,0.405402075945008,NA,NA,NA,0.479294401271093
MACO1,8,0,0,0.406051387659457,NA,NA,NA,0.479563021100182
CYB5R4,8,0,0,0.406133080124694,NA,NA,NA,0.479572055548309
TAOK1,14,0,0,0.406036056876458,NA,NA,NA,0.479628956308068
CCDC82,5,0,0,0.406036056876458,NA,NA,NA,0.479978364232029
KDELR2,19,0,0,0.406848890147435,NA,NA,NA,0.48029632372543
IER5L,4,0,0,0.406953079034512,NA,NA,NA,0.480330710885799
ORC1,8,0,0,0.407981417187756,NA,NA,NA,0.481690239271161
NAGS,3,0,0,0.409867424085916,NA,NA,NA,0.483933238316576
AVEN,9,0,0,0.4100221220459,NA,NA,NA,0.483946853123871
HECTD1,4,0,0,0.409867424085916,NA,NA,NA,0.4841712679256
C8orf33,16,0,0,0.410498358013386,NA,NA,NA,0.484258849953214
ZNF585B,6,0,0,0.4100221220459,NA,NA,NA,0.484310410088624
VPS37A,21,0,0,0.410498358013386,NA,NA,NA,0.484482734539859
EGR3,3,0,0,0.4100221220459,NA,NA,NA,0.48461038831528
GFM2,4,0,0,0.410498358013386,NA,NA,NA,0.484648053168073
SLMAP,16,0,0,0.410498358013386,NA,NA,NA,0.484833664773109
EVL,2,0,0,0.410498358013386,NA,NA,NA,0.484848137824085
SLC2A12,8,0,0,0.411689337087532,NA,NA,NA,0.485432739268765
RNF103-CHMP3,11,0,0,0.411997227297256,NA,NA,NA,0.485612510835768
COMMD1,12,0,0,0.411997227297256,NA,NA,NA,0.485724231022095
WDR27,2,0,0,0.411689337087532,NA,NA,NA,0.485779060124523
UBXN7,15,0,0,0.413018386870802,NA,NA,NA,0.486677501957409
FAM122A,10,0,0,0.413245422445286,NA,NA,NA,0.486683045439641
SURF2,4,0,0,0.413240984052958,NA,NA,NA,0.48676117958013
TMEM116,4,0,0,0.413240984052958,NA,NA,NA,0.486889342565724
C12orf4,12,0,0,0.413597254762253,NA,NA,NA,0.486995227213782
AGFG1,26,0,0,0.414196270797998,NA,NA,NA,0.487629271379362
GPC4,8,0,0,0.414196270797998,NA,NA,NA,0.48770202924779
ZNF749,15,0,0,0.414358514545619,NA,NA,NA,0.487883428344382
RAP1A,11,0,0,0.415297096348055,NA,NA,NA,0.488854046051796
DNAJC3,15,0,0,0.415495595220912,NA,NA,NA,0.488993658028031
ZNF292,15,0,0,0.415974639196328,NA,NA,NA,0.489448030180026
HIST1H3C,3,0,0,0.416167956327332,NA,NA,NA,0.489581774176822
GNPDA1,7,0,0,0.41717108915507,NA,NA,NA,0.49062353238545
PLXNB2,2,0,0,0.417766947285313,NA,NA,NA,0.491208259678239
DPP7,3,0,0,0.418003378563948,NA,NA,NA,0.491370115152387
MCUR1,6,0,0,0.418003378563948,NA,NA,NA,0.491580487067736
EIF2A,12,0,0,0.418003378563948,NA,NA,NA,0.491785281835207
JPH2,7,0,0,0.418003378563948,NA,NA,NA,0.491870190998976
CALML4,14,0,0,0.418505832908667,NA,NA,NA,0.492327025370358
MNT,6,0,0,0.418919373555022,NA,NA,NA,0.492764583725628
TRIM29,2,0,0,0.418916506537318,NA,NA,NA,0.492844818656622
ARPC5L,6,0,0,0.419538056576623,NA,NA,NA,0.493573160562121
ABCE1,18,0,0,0.419538056576623,NA,NA,NA,0.493729649598935
CD14,3,0,0,0.419602507202792,NA,NA,NA,0.493843766633466
ATP5S,18,0,0,0.421156153393326,NA,NA,NA,0.495699853438451
SEC14L2,11,0,0,0.421156153393326,NA,NA,NA,0.495851562201776
COQ6,2,0,0,0.421563857973971,NA,NA,NA,0.496196386703377
ECHDC1,10,0,0,0.422975852997769,NA,NA,NA,0.499105502071346
HSDL2,10,0,0,0.422975852997769,NA,NA,NA,0.499317649289191
CAND1,22,0,0,0.422975852997769,NA,NA,NA,0.499431752464334
SNAI2,6,0,0,0.422975852997769,NA,NA,NA,0.499501892313938
MIEF1,16,0,0,0.422975852997769,NA,NA,NA,0.499542731361455
UBAP2L,3,0,0,0.422975852997769,NA,NA,NA,0.499687004295303
HACE1,7,0,0,0.423125486794602,NA,NA,NA,0.499769571228292
RAB2A,20,0,0,0.423409578846371,NA,NA,NA,0.499832363001197
TRAF6,17,0,0,0.423409578846371,NA,NA,NA,0.500029571288406
RABIF,19,0,0,0.423409578846371,NA,NA,NA,0.500202144699773
PLEKHO1,2,0,0,0.425444421692324,NA,NA,NA,0.501946197681298
CLCC1,17,0,0,0.425444421692324,NA,NA,NA,0.502148441589376
EEA1,13,0,0,0.426061427310836,NA,NA,NA,0.50255296821973
PPAT,13,0,0,0.42663654025997,NA,NA,NA,0.503394618852912
FUS,14,0,0,0.426910581524941,NA,NA,NA,0.503616269843684
CIAO1,16,0,0,0.427057496849844,NA,NA,NA,0.503695302699276
RDH5,3,0,0,0.427858026873653,NA,NA,NA,0.504446206043519
MORC3,11,0,0,0.427858026873653,NA,NA,NA,0.504548283384102
TFG,5,0,0,0.427858026873653,NA,NA,NA,0.50468911898622
ABRAXAS1,8,0,0,0.427858026873653,NA,NA,NA,0.504860516242638
LTBP3,6,0,0,0.427858026873653,NA,NA,NA,0.505120914360017
CCT3,6,0,0,0.429466669105516,NA,NA,NA,0.507291012257209
NUCKS1,29,0,0,0.429688802641418,NA,NA,NA,0.50747320084198
UCK2,12,0,0,0.42996014302558,NA,NA,NA,0.507606827113624
THUMPD3,20,0,0,0.429930886644164,NA,NA,NA,0.507660457291196
EIF4E,15,0,0,0.429930886644164,NA,NA,NA,0.507812425781974
ZNF430,6,0,0,0.430227077628947,NA,NA,NA,0.507819842566554
DMKN,2,0,0,0.429930886644164,NA,NA,NA,0.507996867228454
PTCD3,22,0,0,0.430622037269267,NA,NA,NA,0.508090084949892
C1orf74,13,0,0,0.429930886644164,NA,NA,NA,0.508152452680274
HELZ,18,0,0,0.430687706003773,NA,NA,NA,0.508236140050901
CLIP4,9,0,0,0.430622037269267,NA,NA,NA,0.508269021245614
DENND4C,12,0,0,0.430687706003773,NA,NA,NA,0.508309870431289
NABP1,19,0,0,0.430687706003773,NA,NA,NA,0.508465456553734
SARS,9,0,0,0.430945540343386,NA,NA,NA,0.508499668263172
SYNJ2BP-COX16,8,0,0,0.430945540343386,NA,NA,NA,0.508623515560531
USP10,4,0,0,0.431141008134977,NA,NA,NA,0.508756599560486
ING1,7,0,0,0.430945540343386,NA,NA,NA,0.508800633606966
WDR55,10,0,0,0.431269375674351,NA,NA,NA,0.508814530628726
LARP7,3,0,0,0.430945540343386,NA,NA,NA,0.508913666865242
APC,8,0,0,0.430945540343386,NA,NA,NA,0.509019611403175
UGGT1,21,0,0,0.431590443905581,NA,NA,NA,0.509088309867273
DPM1,6,0,0,0.430945540343386,NA,NA,NA,0.509120984092296
TFCP2L1,9,0,0,0.430945540343386,NA,NA,NA,0.509163195187506
TERF2,12,0,0,0.430945540343386,NA,NA,NA,0.509310672570295
SUSD6,3,0,0,0.433115482778241,NA,NA,NA,0.510986616104717
MBLAC2,12,0,0,0.433115482778241,NA,NA,NA,0.5111086300436
TSPAN3,24,0,0,0.433124813167156,NA,NA,NA,0.511119162909399
ARL8B,18,0,0,0.434066926275547,NA,NA,NA,0.511824589183731
ARSB,6,0,0,0.434066926275547,NA,NA,NA,0.512066122585449
ELOVL5,9,0,0,0.434066926275547,NA,NA,NA,0.512087032639779
ARFRP1,6,0,0,0.434026096109702,NA,NA,NA,0.512133528427564
MRPL17,18,0,0,0.434066926275547,NA,NA,NA,0.512227087763484
DIABLO,12,0,0,0.434006597782306,NA,NA,NA,0.512284599573003
HMGB1,19,0,0,0.434066926275547,NA,NA,NA,0.512320950543707
USP7,12,0,0,0.434026096109702,NA,NA,NA,0.512345468715684
SRGAP1,18,0,0,0.434066926275547,NA,NA,NA,0.512435705949201
RALGAPB,15,0,0,0.434066926275547,NA,NA,NA,0.512467757950336
EXOSC6,13,0,0,0.434066926275547,NA,NA,NA,0.512516687470269
ZNF829,3,0,0,0.434066926275547,NA,NA,NA,0.512651158261505
ARPIN,9,0,0,0.434066926275547,NA,NA,NA,0.512706099912175
EIF3J,26,0,0,0.434066926275547,NA,NA,NA,0.512797488832063
PNPLA2,2,0,0,0.434066926275547,NA,NA,NA,0.512902916382945
STAM,16,0,0,0.434066926275547,NA,NA,NA,0.512928198535415
FXN,14,0,0,0.434066926275547,NA,NA,NA,0.513141001828349
FAM241A,11,0,0,0.434066926275547,NA,NA,NA,0.513262345742472
SLC25A17,11,0,0,0.435429970327158,NA,NA,NA,0.513262759077519
NPAT,18,0,0,0.434066926275547,NA,NA,NA,0.513281799088836
ZNF384,7,0,0,0.434066926275547,NA,NA,NA,0.513354975559525
NOM1,15,0,0,0.435694513753969,NA,NA,NA,0.513576455293824
MED13,18,0,0,0.435694513753969,NA,NA,NA,0.513827852305369
BLCAP,13,0,0,0.435694513753969,NA,NA,NA,0.514014615590686
USP42,6,0,0,0.437044688915633,NA,NA,NA,0.514999085343886
TRRAP,3,0,0,0.43793494416523,NA,NA,NA,0.51618275700295
ZNF141,2,0,0,0.438137014898073,NA,NA,NA,0.516704496518614
QRSL1,10,0,0,0.438400660360531,NA,NA,NA,0.51718355326925
PML,3,0,0,0.438400660360531,NA,NA,NA,0.517523214128188
PIP5KL1,4,0,0,0.438400660360531,NA,NA,NA,0.517526439643537
TREM1,6,0,0,0.439262479100414,NA,NA,NA,0.518335183036378
SASS6,6,0,0,0.439927946154782,NA,NA,NA,0.519830777710124
SELENOK,11,0,0,0.439927946154782,NA,NA,NA,0.519968600296097
MCAT,10,0,0,0.439927946154782,NA,NA,NA,0.520209216515849
CYP20A1,14,0,0,0.440361612587924,NA,NA,NA,0.520228713715363
CHD7,13,0,0,0.439927946154782,NA,NA,NA,0.520468763642033
CHRAC1,7,0,0,0.440709656483187,NA,NA,NA,0.520530767289884
COX19,16,0,0,0.441380397242885,NA,NA,NA,0.521293527755706
MAK16,8,0,0,0.441380397242885,NA,NA,NA,0.521347386591238
ZXDB,5,0,0,0.441426865772775,NA,NA,NA,0.521445111802801
AVPI1,6,0,0,0.441380397242885,NA,NA,NA,0.521465978297405
CHST12,18,0,0,0.441426865772775,NA,NA,NA,0.521744880499029
DNAJC14,9,0,0,0.441745863363904,NA,NA,NA,0.521988349645256
PDF,16,0,0,0.442618700610869,NA,NA,NA,0.522213824215646
GPN3,7,0,0,0.442618700610869,NA,NA,NA,0.522511682285132
TFAP2C,5,0,0,0.443041269609681,NA,NA,NA,0.52259507153125
KLHDC4,9,0,0,0.443164110841246,NA,NA,NA,0.522660148172526
BMP2,8,0,0,0.443041269609681,NA,NA,NA,0.522674161786184
FIP1L1,14,0,0,0.442618700610869,NA,NA,NA,0.522709592419511
C16orf72,20,0,0,0.443041269609681,NA,NA,NA,0.522749859064834
LMNB1,10,0,0,0.442439141621157,NA,NA,NA,0.522796862743292
PAAF1,4,0,0,0.443041269609681,NA,NA,NA,0.522885873019342
CAMLG,6,0,0,0.443213360192947,NA,NA,NA,0.522899171901604
UBE2N,14,0,0,0.443213360192947,NA,NA,NA,0.522935094023165
PRSS8,3,0,0,0.442439141621157,NA,NA,NA,0.522962430731465
SMU1,16,0,0,0.442618700610869,NA,NA,NA,0.52296813724089
TACC1,11,0,0,0.443213360192947,NA,NA,NA,0.522977267731339
RAD18,16,0,0,0.44238797112571,NA,NA,NA,0.522999794447777
DNAJC21,12,0,0,0.44238797112571,NA,NA,NA,0.523083198533041
ABCB8,4,0,0,0.443213360192947,NA,NA,NA,0.523086357152362
WDR31,7,0,0,0.442439141621157,NA,NA,NA,0.523141114989929
EBPL,5,0,0,0.443213360192947,NA,NA,NA,0.523153206370633
PSPC1,4,0,0,0.442618700610869,NA,NA,NA,0.523193099527545
EIF2D,3,0,0,0.442618700610869,NA,NA,NA,0.523238960039447
TSPAN31,7,0,0,0.44238797112571,NA,NA,NA,0.523253676736522
AGO2,21,0,0,0.443213360192947,NA,NA,NA,0.523324650268298
JTB,3,0,0,0.442618700610869,NA,NA,NA,0.523383732706196
CPEB3,4,0,0,0.442618700610869,NA,NA,NA,0.523425591555992
WDR7,8,0,0,0.443213360192947,NA,NA,NA,0.523425705847429
PRPF40A,21,0,0,0.442439141621157,NA,NA,NA,0.523432019151477
CLNS1A,15,0,0,0.443213360192947,NA,NA,NA,0.523475352300828
BRPF3,4,0,0,0.442439141621157,NA,NA,NA,0.523486447266924
GNB1,11,0,0,0.442618700610869,NA,NA,NA,0.523567873021765
C1R,3,0,0,0.442618700610869,NA,NA,NA,0.523594271489042
KPNA4,15,0,0,0.442618700610869,NA,NA,NA,0.52365808682573
ERICH5,3,0,0,0.442439141621157,NA,NA,NA,0.523672389148067
TNFRSF1A,8,0,0,0.442618700610869,NA,NA,NA,0.523772218037566
NSUN3,19,0,0,0.442618700610869,NA,NA,NA,0.523781784735735
AASDHPPT,8,0,0,0.442618700610869,NA,NA,NA,0.523811908404931
TIMM10B,14,0,0,0.442618700610869,NA,NA,NA,0.523851094795256
TRIP11,13,0,0,0.442618700610869,NA,NA,NA,0.523889773876046
GUCY1B3,4,0,0,0.442618700610869,NA,NA,NA,0.523956322754584
SC5D,9,0,0,0.442618700610869,NA,NA,NA,0.523961072994834
CWC15,4,0,0,0.442618700610869,NA,NA,NA,0.524052133695438
ABRAXAS2,6,0,0,0.442618700610869,NA,NA,NA,0.524056669418927
TNFAIP8L1,7,0,0,0.442618700610869,NA,NA,NA,0.524098034635311
DIAPH1,4,0,0,0.442618700610869,NA,NA,NA,0.524100792111821
STARD4,12,0,0,0.442618700610869,NA,NA,NA,0.524130566531553
TIGD2,10,0,0,0.44381258538173,NA,NA,NA,0.524198529748061
THOC1,5,0,0,0.442618700610869,NA,NA,NA,0.524201949955393
DDX18,14,0,0,0.442618700610869,NA,NA,NA,0.524233260720146
ETFA,13,0,0,0.442618700610869,NA,NA,NA,0.524281903014188
RABGEF1,14,0,0,0.442618700610869,NA,NA,NA,0.524325435122727
ADAT2,21,0,0,0.442618700610869,NA,NA,NA,0.52440485487158
RAP1GDS1,4,0,0,0.442618700610869,NA,NA,NA,0.524500897178106
APOBEC3C,3,0,0,0.442618700610869,NA,NA,NA,0.524534571219374
WDFY2,16,0,0,0.442618700610869,NA,NA,NA,0.524559206784401
PSTPIP2,6,0,0,0.442618700610869,NA,NA,NA,0.52464304268234
FADD,8,0,0,0.444111712931891,NA,NA,NA,0.524709711660784
CEP57L1,8,0,0,0.442618700610869,NA,NA,NA,0.52479539511964
MAVS,16,0,0,0.444283899510856,NA,NA,NA,0.52492466861439
RHOT1,5,0,0,0.442618700610869,NA,NA,NA,0.524940634483402
HDAC2,13,0,0,0.444283899510856,NA,NA,NA,0.525205345962192
METTL8,25,0,0,0.444813172263959,NA,NA,NA,0.525971720600139
SLAIN2,10,0,0,0.444813172263959,NA,NA,NA,0.525973409259531
CUL3,12,0,0,0.445085011794169,NA,NA,NA,0.527123282290308
ITGA2,5,0,0,0.445230339582764,NA,NA,NA,0.527244177196591
PDGFRL,2,0,0,0.445230339582764,NA,NA,NA,0.527263663178527
ATP6V1D,23,0,0,0.445230339582764,NA,NA,NA,0.527384489896856
NUDT6,3,0,0,0.445230339582764,NA,NA,NA,0.527443823812595
ZNF217,6,0,0,0.445085011794169,NA,NA,NA,0.527459238587048
DNPEP,14,0,0,0.445230339582764,NA,NA,NA,0.52750345350175
FAM50A,7,0,0,0.445085011794169,NA,NA,NA,0.527517059827576
FAM86C1,6,0,0,0.445085011794169,NA,NA,NA,0.527612004360867
QPCTL,5,0,0,0.445230339582764,NA,NA,NA,0.527617144420691
FEM1A,5,0,0,0.445230339582764,NA,NA,NA,0.527733903431314
TM9SF3,28,0,0,0.445085011794169,NA,NA,NA,0.527738523152386
UQCC3,9,0,0,0.445230339582764,NA,NA,NA,0.527772095418459
BACE1,13,0,0,0.445085011794169,NA,NA,NA,0.52779918701942
C7orf55-LUC7L2,11,0,0,0.445085011794169,NA,NA,NA,0.527833476924841
ZNF562,15,0,0,0.445230339582764,NA,NA,NA,0.527908904469968
ZNF695,11,0,0,0.445085011794169,NA,NA,NA,0.527912646703642
SPRTN,16,0,0,0.445230339582764,NA,NA,NA,0.528057833008363
EFR3A,8,0,0,0.445230339582764,NA,NA,NA,0.52829624355762
CCDC6,12,0,0,0.445230339582764,NA,NA,NA,0.528316222097545
BZW1,13,0,0,0.446369819743424,NA,NA,NA,0.528995597026555
FGF1,6,0,0,0.44656833651037,NA,NA,NA,0.529130685544924
ZC3H8,10,0,0,0.446897096802108,NA,NA,NA,0.529151904004742
CCDC134,4,0,0,0.446758575655573,NA,NA,NA,0.529256532988823
DNAL1,9,0,0,0.446897096802108,NA,NA,NA,0.529394840328186
RAD51AP1,8,0,0,0.446897096802108,NA,NA,NA,0.529563339078186
ANTXR1,8,0,0,0.448514240906135,NA,NA,NA,0.531293785138457
CYSTM1,7,0,0,0.448652740254233,NA,NA,NA,0.531498116788387
KNTC1,12,0,0,0.448652740254233,NA,NA,NA,0.531612911665034
TRIM24,16,0,0,0.449806024370396,NA,NA,NA,0.532828355018456
PRKRA,7,0,0,0.450646627117159,NA,NA,NA,0.533590064525147
GRPEL1,13,0,0,0.450646627117159,NA,NA,NA,0.533680949013504
KCNJ15,10,0,0,0.45049466164993,NA,NA,NA,0.533769104454193
PSMD11,8,0,0,0.450646627117159,NA,NA,NA,0.533875219560211
SORBS2,5,0,0,0.451141888580493,NA,NA,NA,0.533881398192017
CTC1,13,0,0,0.450646627117159,NA,NA,NA,0.533931743243972
AIMP1,9,0,0,0.451096931808616,NA,NA,NA,0.534005024253131
TIFA,18,0,0,0.451141888580493,NA,NA,NA,0.534063799748373
NFIB,17,0,0,0.451379629700128,NA,NA,NA,0.534701518331446
SLC25A46,12,0,0,0.451379629700128,NA,NA,NA,0.535112699969295
NIT2,18,0,0,0.451408464354584,NA,NA,NA,0.535511290787258
PTX3,5,0,0,0.451408464354584,NA,NA,NA,0.535511357425392
TOMM22,12,0,0,0.451408464354584,NA,NA,NA,0.53562411858522
LOC110117498-PIK3R3,6,0,0,0.451464939283697,NA,NA,NA,0.535646728211727
CMC4,2,0,0,0.451408464354584,NA,NA,NA,0.53568446434958
IDS,15,0,0,0.451408464354584,NA,NA,NA,0.535798074208679
NUDT13,2,0,0,0.451408464354584,NA,NA,NA,0.535821578337208
NECTIN3,6,0,0,0.451408464354584,NA,NA,NA,0.535959638547393
RALGPS2,19,0,0,0.451614396553336,NA,NA,NA,0.536102462624356
HPS5,11,0,0,0.451614396553336,NA,NA,NA,0.536138785196604
DDX46,14,0,0,0.451408464354584,NA,NA,NA,0.536301453859474
GOLGA1,6,0,0,0.451614396553336,NA,NA,NA,0.53643757047705
ANGEL1,3,0,0,0.451408464354584,NA,NA,NA,0.536450755905755
LDHA,19,0,0,0.451614396553336,NA,NA,NA,0.536573378149332
GTPBP10,31,0,0,0.452799337577031,NA,NA,NA,0.537850120717106
FIG4,4,0,0,0.453300087436678,NA,NA,NA,0.53895615058641
SGMS1,7,0,0,0.454196189986938,NA,NA,NA,0.54037686738938
NT5C3B,6,0,0,0.454196189986938,NA,NA,NA,0.540390926334598
RGS20,3,0,0,0.454196189986938,NA,NA,NA,0.541259527326234
ERMAP,3,0,0,0.454196189986938,NA,NA,NA,0.541263888430555
TMEM167B,6,0,0,0.454196189986938,NA,NA,NA,0.541414344068146
LDLR,11,0,0,0.454277888714792,NA,NA,NA,0.54141656647311
ZFYVE28,3,0,0,0.454196189986938,NA,NA,NA,0.541450895628531
RETSAT,6,0,0,0.454196189986938,NA,NA,NA,0.541452039606892
DCAF4,4,0,0,0.454572685098905,NA,NA,NA,0.541657360563468
DECR1,9,0,0,0.454196189986938,NA,NA,NA,0.541789299890619
AURKA,4,0,0,0.454196189986938,NA,NA,NA,0.541841535835908
APTX,11,0,0,0.454196189986938,NA,NA,NA,0.541891713208374
TMEM14A,3,0,0,0.45489883195861,NA,NA,NA,0.542009200896677
MRPS27,6,0,0,0.454196189986938,NA,NA,NA,0.542102779456514
CREB3,7,0,0,0.45489883195861,NA,NA,NA,0.542261918136851
PPP1R21,8,0,0,0.45489883195861,NA,NA,NA,0.542537516502305
QDPR,16,0,0,0.45636560406509,NA,NA,NA,0.543890823926366
ZFP69B,7,0,0,0.456687684849588,NA,NA,NA,0.544072193936481
FKBP15,8,0,0,0.456676431007399,NA,NA,NA,0.544149044531189
HSPA4,10,0,0,0.45636560406509,NA,NA,NA,0.54419584292649
PFN2,8,0,0,0.45636560406509,NA,NA,NA,0.54437180580786
RNF11,19,0,0,0.458060925437367,NA,NA,NA,0.545071243007915
ZNF708,16,0,0,0.458060925437367,NA,NA,NA,0.545292633166182
SFT2D3,12,0,0,0.458060925437367,NA,NA,NA,0.545524289287861
GFER,4,0,0,0.458367345396965,NA,NA,NA,0.54557792307714
LMAN1,19,0,0,0.458060925437367,NA,NA,NA,0.5456119426896
TAF5,9,0,0,0.458622594202877,NA,NA,NA,0.545656346311049
RAB17,3,0,0,0.45856501900472,NA,NA,NA,0.545709427634891
POFUT2,3,0,0,0.458697508360409,NA,NA,NA,0.545725539662118
ABCA1,4,0,0,0.458060925437367,NA,NA,NA,0.545833660539333
GTF2F1,12,0,0,0.458622594202877,NA,NA,NA,0.545875756537243
RALGAPA1,2,0,0,0.458060925437367,NA,NA,NA,0.545965960362837
SMIM12,10,0,0,0.458622594202877,NA,NA,NA,0.546033446033927
MORF4L2,9,0,0,0.458697508360409,NA,NA,NA,0.546060533530968
AP1G1,12,0,0,0.458622594202877,NA,NA,NA,0.546159411647088
LYRM2,15,0,0,0.458697508360409,NA,NA,NA,0.546225780656491
CEBPG,11,0,0,0.459272420241723,NA,NA,NA,0.546348263483801
SOAT1,19,0,0,0.458622594202877,NA,NA,NA,0.546375305812032
MARCKS,13,0,0,0.458622594202877,NA,NA,NA,0.546470150473529
TTC1,5,0,0,0.459248849756651,NA,NA,NA,0.546577546264547
NECAB3,6,0,0,0.459272420241723,NA,NA,NA,0.546633205166052
ARID3A,11,0,0,0.459272420241723,NA,NA,NA,0.54664257410864
TEAD4,2,0,0,0.458622594202877,NA,NA,NA,0.546647553398077
IARS2,10,0,0,0.459272420241723,NA,NA,NA,0.546694986290688
TEFM,4,0,0,0.459272420241723,NA,NA,NA,0.546701256612812
SMG8,3,0,0,0.459272420241723,NA,NA,NA,0.546702337894689
VMAC,4,0,0,0.459272420241723,NA,NA,NA,0.546727665163555
SF3A3,6,0,0,0.459708419452824,NA,NA,NA,0.546745935923923
TPGS2,9,0,0,0.459272420241723,NA,NA,NA,0.546778879955747
KRTCAP2,2,0,0,0.459272420241723,NA,NA,NA,0.546783609059222
RPL32,11,0,0,0.459248849756651,NA,NA,NA,0.546856264218969
PCMTD2,11,0,0,0.459272420241723,NA,NA,NA,0.547003960907489
SMCR8,7,0,0,0.459272420241723,NA,NA,NA,0.547057967996808
FST,4,0,0,0.459248849756651,NA,NA,NA,0.547191834669582
CNST,8,0,0,0.459272420241723,NA,NA,NA,0.547237618086282
LTBR,16,0,0,0.459272420241723,NA,NA,NA,0.547378814487463
CDKL1,14,0,0,0.459272420241723,NA,NA,NA,0.547560050477988
KCNK5,4,0,0,0.459272420241723,NA,NA,NA,0.547670013307909
ATE1,6,0,0,0.459272420241723,NA,NA,NA,0.547674002832636
IFI16,3,0,0,0.459272420241723,NA,NA,NA,0.547786530280885
GSPT1,15,0,0,0.461206678108088,NA,NA,NA,0.549234125693125
RBSN,9,0,0,0.461235830570456,NA,NA,NA,0.549294976670511
HECA,8,0,0,0.461206678108088,NA,NA,NA,0.549570916810576
ELOVL6,16,0,0,0.462678866449867,NA,NA,NA,0.551514848336528
PPP1R3C,5,0,0,0.462678866449867,NA,NA,NA,0.551631413307522
CUL4A,11,0,0,0.462678866449867,NA,NA,NA,0.551716673301403
PNMA1,4,0,0,0.46348287618381,NA,NA,NA,0.552322110101545
C19orf33,3,0,0,0.463997246667805,NA,NA,NA,0.552805991842244
CLIP1,6,0,0,0.464075493792543,NA,NA,NA,0.552907660895668
ARHGAP31,11,0,0,0.464075493792543,NA,NA,NA,0.552935278139802
SEC62,16,0,0,0.464633448756229,NA,NA,NA,0.554272002821385
ARF3,15,0,0,0.464633448756229,NA,NA,NA,0.554584627629431
ERLIN2,24,0,0,0.464633448756229,NA,NA,NA,0.554865441627581
FBXL18,2,0,0,0.46500098383545,NA,NA,NA,0.554990442259965
RCC1,16,0,0,0.464633448756229,NA,NA,NA,0.555109701356306
TBC1D8,6,0,0,0.46500098383545,NA,NA,NA,0.555193870330234
MTO1,11,0,0,0.464633448756229,NA,NA,NA,0.55533261129091
B3GNT4,8,0,0,0.464633448756229,NA,NA,NA,0.555334499766396
SMIM15,27,0,0,0.464633448756229,NA,NA,NA,0.555401250944368
CYP2U1,3,0,0,0.464633448756229,NA,NA,NA,0.555590452746078
MED14,9,0,0,0.464633448756229,NA,NA,NA,0.555641015407725
LYPLAL1,12,0,0,0.465990298547312,NA,NA,NA,0.555643395109831
CTNNA1,7,0,0,0.465990298547312,NA,NA,NA,0.555841615882274
UBE2Z,9,0,0,0.466158376774698,NA,NA,NA,0.555845452289268
XPOT,10,0,0,0.466194602185538,NA,NA,NA,0.555850551868153
NDUFS1,23,0,0,0.466158376774698,NA,NA,NA,0.555869163139617
ABL2,15,0,0,0.465990298547312,NA,NA,NA,0.555962213377314
RSL24D1,11,0,0,0.466194602185538,NA,NA,NA,0.556004637765716
MYL6,8,0,0,0.465990298547312,NA,NA,NA,0.556075045145361
CEBPB,5,0,0,0.465990298547312,NA,NA,NA,0.556085838439531
CTIF,9,0,0,0.46658345130641,NA,NA,NA,0.556348042468594
DNAJC16,11,0,0,0.466847376011894,NA,NA,NA,0.556811957271537
KLHL5,17,0,0,0.466847376011894,NA,NA,NA,0.556930285416338
APLN,3,0,0,0.466847376011894,NA,NA,NA,0.556984205851285
BMPR2,17,0,0,0.466847376011894,NA,NA,NA,0.55706577184776
GOLPH3L,12,0,0,0.466847376011894,NA,NA,NA,0.557082030354594
ARFGEF1,16,0,0,0.467667203820934,NA,NA,NA,0.557999603464764
ADTRP,4,0,0,0.46794645663599,NA,NA,NA,0.558130319915437
CSNK2A1,17,0,0,0.46794645663599,NA,NA,NA,0.558413847869357
RPL38,5,0,0,0.468250293819977,NA,NA,NA,0.558483389851661
RAPGEF5,6,0,0,0.468250293819977,NA,NA,NA,0.558558138210498
GALNT3,5,0,0,0.468250293819977,NA,NA,NA,0.558698426499564
PTCD2,20,0,0,0.468513406970402,NA,NA,NA,0.558844738709968
BANF1,4,0,0,0.468250293819977,NA,NA,NA,0.558868456968116
FKBP14,15,0,0,0.468250293819977,NA,NA,NA,0.558903937984989
DYNC1LI2,19,0,0,0.468250293819977,NA,NA,NA,0.559012443083974
RBM41,11,0,0,0.468250293819977,NA,NA,NA,0.559027430924628
BORCS7,11,0,0,0.468250293819977,NA,NA,NA,0.559230816769674
AKT2,8,0,0,0.46886254099576,NA,NA,NA,0.559293578849743
COL5A2,8,0,0,0.468787380193279,NA,NA,NA,0.559299975931391
ABCC4,3,0,0,0.468787380193279,NA,NA,NA,0.559481227052975
RPL24,6,0,0,0.469563492399762,NA,NA,NA,0.559893721137762
RPS23,13,0,0,0.469563492399762,NA,NA,NA,0.560084770321046
PPIH,4,0,0,0.470166300253443,NA,NA,NA,0.560474337769673
GFPT1,30,0,0,0.47029313828634,NA,NA,NA,0.560525387679499
COA6,3,0,0,0.472081292488587,NA,NA,NA,0.562423146136421
LRAT,7,0,0,0.474381226758309,NA,NA,NA,0.564887524611706
MRPS30,18,0,0,0.474548164552652,NA,NA,NA,0.56593554858652
NSG1,13,0,0,0.474548164552652,NA,NA,NA,0.566021818799917
SPINK5,3,0,0,0.474548164552652,NA,NA,NA,0.56613684862403
COPG1,5,0,0,0.474548164552652,NA,NA,NA,0.566157613486723
STRN3,7,0,0,0.475251132993058,NA,NA,NA,0.566807225096279
CCNG1,13,0,0,0.475251132993058,NA,NA,NA,0.56692407657469
PATL1,6,0,0,0.475251132993058,NA,NA,NA,0.566932938729801
BIVM,6,0,0,0.475377579736777,NA,NA,NA,0.567256091243445
N4BP2L1,5,0,0,0.475377579736777,NA,NA,NA,0.567349666669781
PARL,3,0,0,0.475377579736777,NA,NA,NA,0.567463906496509
B4GALT2,2,0,0,0.475377579736777,NA,NA,NA,0.567511362151469
MSRB3,5,0,0,0.475377579736777,NA,NA,NA,0.567543939505873
APOBEC3F,3,0,0,0.476025272576045,NA,NA,NA,0.56801245777475
IER3IP1,10,0,0,0.476025272576045,NA,NA,NA,0.568250867098702
YTHDF2,5,0,0,0.47625061045577,NA,NA,NA,0.568593653182771
RBM39,11,0,0,0.47625061045577,NA,NA,NA,0.568643387337477
ADAM10,21,0,0,0.47625061045577,NA,NA,NA,0.568772775780943
MCM3,3,0,0,0.47625061045577,NA,NA,NA,0.568773684829239
IFNAR1,22,0,0,0.47625061045577,NA,NA,NA,0.56883307191777
MXD1,5,0,0,0.47625061045577,NA,NA,NA,0.568874590557094
NOLC1,11,0,0,0.476316335751455,NA,NA,NA,0.568903842998389
EPM2AIP1,10,0,0,0.47625061045577,NA,NA,NA,0.568942866202024
CDCA7,7,0,0,0.476503195685297,NA,NA,NA,0.569074491057591
ST6GALNAC5,4,0,0,0.47625061045577,NA,NA,NA,0.569077923823912
SLC45A3,2,0,0,0.476503195685297,NA,NA,NA,0.569251050369379
DNAJC15,14,0,0,0.47625061045577,NA,NA,NA,0.569377486317562
MRPS35,5,0,0,0.476503195685297,NA,NA,NA,0.569404684333102
YWHAZ,28,0,0,0.477343753164645,NA,NA,NA,0.569520271536738
C18orf25,9,0,0,0.476775262163878,NA,NA,NA,0.569526076182045
ESRP1,4,0,0,0.476503195685297,NA,NA,NA,0.569563905910865
PJA1,3,0,0,0.476503195685297,NA,NA,NA,0.56966458936973
BCL2L2-PABPN1,5,0,0,0.477576428375752,NA,NA,NA,0.56968769821243
ITFG1,5,0,0,0.477677217290553,NA,NA,NA,0.569708814610816
TMEM248,9,0,0,0.476503195685297,NA,NA,NA,0.569744085565347
AKIRIN1,11,0,0,0.477343753164645,NA,NA,NA,0.569839707049556
PPARGC1B,6,0,0,0.477241279217795,NA,NA,NA,0.569861397382774
TSR1,22,0,0,0.477343753164645,NA,NA,NA,0.569862857564556
GDAP2,30,0,0,0.476503195685297,NA,NA,NA,0.569905002496216
ENC1,6,0,0,0.477837716975305,NA,NA,NA,0.569942951724701
VMP1,14,0,0,0.477343753164645,NA,NA,NA,0.569981662748856
MRPL15,3,0,0,0.477241279217795,NA,NA,NA,0.570035951306944
HEXB,4,0,0,0.477343753164645,NA,NA,NA,0.570082098331603
ZWILCH,8,0,0,0.476503195685297,NA,NA,NA,0.570134036853114
PUM2,20,0,0,0.478060988958359,NA,NA,NA,0.570268671780331
TAOK2,2,0,0,0.478060988958359,NA,NA,NA,0.570340875074648
GNG4,8,0,0,0.476503195685297,NA,NA,NA,0.570464049272248
GMPS,23,0,0,0.478636146186272,NA,NA,NA,0.57052547448667
ZYG11B,5,0,0,0.476503195685297,NA,NA,NA,0.570564940835144
MLLT3,15,0,0,0.478841171066655,NA,NA,NA,0.570611752406217
ZC3H13,9,0,0,0.478880078163248,NA,NA,NA,0.570742453884776
EIF2S3,21,0,0,0.478841171066655,NA,NA,NA,0.570745703369086
HABP4,5,0,0,0.478508606727756,NA,NA,NA,0.570746555091642
DNAJC17,5,0,0,0.478841171066655,NA,NA,NA,0.570760078238554
CKAP2,12,0,0,0.476503195685297,NA,NA,NA,0.570787665128267
TMEM183B,3,0,0,0.47863329766265,NA,NA,NA,0.570794064893412
ZADH2,21,0,0,0.478636146186272,NA,NA,NA,0.570795923064859
MEAF6,17,0,0,0.476503195685297,NA,NA,NA,0.57083912916856
SMOC1,6,0,0,0.478841171066655,NA,NA,NA,0.570842468659923
HNRNPM,5,0,0,0.478841171066655,NA,NA,NA,0.570973010747107
RALBP1,6,0,0,0.478841171066655,NA,NA,NA,0.571001570375215
SMC1A,16,0,0,0.478636146186272,NA,NA,NA,0.571036025349752
PTPN4,23,0,0,0.478841171066655,NA,NA,NA,0.571057863949479
TFAP2A,11,0,0,0.4792471826982,NA,NA,NA,0.571058883528509
CYB5A,7,0,0,0.478841171066655,NA,NA,NA,0.571163791233137
EGFLAM,9,0,0,0.478841171066655,NA,NA,NA,0.57119760237269
FECH,16,0,0,0.478841171066655,NA,NA,NA,0.57121100441577
OST4,17,0,0,0.478841171066655,NA,NA,NA,0.571213512678508
CALD1,11,0,0,0.479473449632516,NA,NA,NA,0.571219393052843
MED29,7,0,0,0.478841171066655,NA,NA,NA,0.571232558938068
EPGN,31,0,0,0.478841171066655,NA,NA,NA,0.571378296215874
SAT1,7,0,0,0.478841171066655,NA,NA,NA,0.571394168417993
ZNF41,17,0,0,0.478841171066655,NA,NA,NA,0.571411633681788
CREBL2,30,0,0,0.479697465471419,NA,NA,NA,0.571535435690775
NEDD1,16,0,0,0.478841171066655,NA,NA,NA,0.571631757033198
PRR15L,4,0,0,0.478841171066655,NA,NA,NA,0.57163900473092
SNX24,8,0,0,0.478841171066655,NA,NA,NA,0.571797627365742
EXT2,10,0,0,0.479697465471419,NA,NA,NA,0.571844852652493
THRB,9,0,0,0.479984421794366,NA,NA,NA,0.572020315849545
PURB,10,0,0,0.480200619843392,NA,NA,NA,0.572370592745308
MSANTD4,16,0,0,0.480550948961878,NA,NA,NA,0.573153781719914
NAV2,5,0,0,0.480550948961878,NA,NA,NA,0.573393743158556
CALCOCO2,18,0,0,0.480563298898927,NA,NA,NA,0.573405238860446
BOD1,6,0,0,0.480550948961878,NA,NA,NA,0.573409696381455
OGFOD1,9,0,0,0.480693011637387,NA,NA,NA,0.573516453962209
MMS22L,5,0,0,0.480550948961878,NA,NA,NA,0.573569626684473
GNAZ,4,0,0,0.480550948961878,NA,NA,NA,0.573602415386191
ZNF490,11,0,0,0.480693011637387,NA,NA,NA,0.573602493081494
MPST,2,0,0,0.481939789341451,NA,NA,NA,0.574584083504561
ATP6V0D1,2,0,0,0.481939789341451,NA,NA,NA,0.574841431722575
HMGCR,18,0,0,0.481939789341451,NA,NA,NA,0.574890967274932
RASSF3,4,0,0,0.482423932093264,NA,NA,NA,0.574939000187664
RBPMS,4,0,0,0.481939789341451,NA,NA,NA,0.574955272572995
NUCB2,5,0,0,0.481939789341451,NA,NA,NA,0.575154192741063
TULP4,9,0,0,0.482423932093264,NA,NA,NA,0.575229534100358
GTPBP2,4,0,0,0.481939789341451,NA,NA,NA,0.575428124989208
HACL1,6,0,0,0.481939789341451,NA,NA,NA,0.575647155626753
EXOSC9,3,0,0,0.484334940409629,NA,NA,NA,0.577194124342585
ATP5F1,16,0,0,0.485328020115755,NA,NA,NA,0.57830612202904
LOC100505549,4,0,0,0.485327230463477,NA,NA,NA,0.578433936277875
PLPP6,9,0,0,0.485328020115755,NA,NA,NA,0.578601324119956
EGLN3,7,0,0,0.485328020115755,NA,NA,NA,0.578607093566067
FBXO42,14,0,0,0.48554661455024,NA,NA,NA,0.578647568791743
SPATA2L,5,0,0,0.485328020115755,NA,NA,NA,0.578713964471444
IRGQ,4,0,0,0.48554661455024,NA,NA,NA,0.578715907072091
UTP15,19,0,0,0.48554661455024,NA,NA,NA,0.578804451007071
FGD4,10,0,0,0.48554661455024,NA,NA,NA,0.578921765475246
YIPF2,6,0,0,0.48554661455024,NA,NA,NA,0.57908641605147
SNW1,4,0,0,0.48554661455024,NA,NA,NA,0.579201828172441
NSD3,15,0,0,0.48554661455024,NA,NA,NA,0.579219411158884
ADNP,9,0,0,0.48554661455024,NA,NA,NA,0.579246836560697
NBR1,7,0,0,0.48554661455024,NA,NA,NA,0.579273235729802
WSB2,23,0,0,0.485995260451735,NA,NA,NA,0.579535540884018
INSR,11,0,0,0.486440192677658,NA,NA,NA,0.5799360244851
ACOT2,2,0,0,0.486695432070399,NA,NA,NA,0.580545372668024
DNAJB9,9,0,0,0.486695432070399,NA,NA,NA,0.580709653688601
SLC35F6,24,0,0,0.486695432070399,NA,NA,NA,0.580823721787645
GAPVD1,12,0,0,0.486695432070399,NA,NA,NA,0.580904689893764
EFCAB14,12,0,0,0.486695432070399,NA,NA,NA,0.581007837357011
MGP,5,0,0,0.486695432070399,NA,NA,NA,0.581042394390585
RUFY3,6,0,0,0.486695432070399,NA,NA,NA,0.581084027550335
SLC25A12,9,0,0,0.486695432070399,NA,NA,NA,0.581129769019784
FBXW11,11,0,0,0.486695432070399,NA,NA,NA,0.58118211643805
EBF1,3,0,0,0.486695432070399,NA,NA,NA,0.581226767115293
TMX4,26,0,0,0.486695432070399,NA,NA,NA,0.5814175868214
PTS,7,0,0,0.487450712884159,NA,NA,NA,0.581816078907975
RRP7A,19,0,0,0.487990164147658,NA,NA,NA,0.582600513308268
MRPL42,26,0,0,0.487952690637004,NA,NA,NA,0.582741774294759
CD63,6,0,0,0.487990164147658,NA,NA,NA,0.582799378017585
ANAPC10,5,0,0,0.489065722314906,NA,NA,NA,0.583696661556903
MAPK1IP1L,25,0,0,0.489488116256662,NA,NA,NA,0.584071423152847
TUBA1B,4,0,0,0.490163966491108,NA,NA,NA,0.584822229423063
TRMT10A,9,0,0,0.490163966491108,NA,NA,NA,0.584948833545702
TBC1D24,7,0,0,0.490163966491108,NA,NA,NA,0.584963750273863
APOPT1,5,0,0,0.490163966491108,NA,NA,NA,0.585230036352954
NAA25,17,0,0,0.490163966491108,NA,NA,NA,0.585430902188657
VANGL1,8,0,0,0.491349974880199,NA,NA,NA,0.587001904038019
SNX12,12,0,0,0.491349974880199,NA,NA,NA,0.587030233416545
WNK1,8,0,0,0.491349974880199,NA,NA,NA,0.587241110522052
STYX,24,0,0,0.491349974880199,NA,NA,NA,0.58743135781063
ZNF747,10,0,0,0.491349974880199,NA,NA,NA,0.587459931938724
MTFR1,19,0,0,0.491349974880199,NA,NA,NA,0.587514467104189
HS3ST1,5,0,0,0.491349974880199,NA,NA,NA,0.587525618032137
TM4SF19,4,0,0,0.491349974880199,NA,NA,NA,0.587610408139661
MAGT1,16,0,0,0.491349974880199,NA,NA,NA,0.587677037570267
CRYBG1,8,0,0,0.491349974880199,NA,NA,NA,0.5877811022066
SUMF2,6,0,0,0.49147139446092,NA,NA,NA,0.587783675019656
TNRC6A,6,0,0,0.491349974880199,NA,NA,NA,0.587799075921779
C6orf132,15,0,0,0.491349974880199,NA,NA,NA,0.587818710127662
GPR180,18,0,0,0.49147139446092,NA,NA,NA,0.587859330885953
ABI1,13,0,0,0.491486980400848,NA,NA,NA,0.587891530491447
TLR6,9,0,0,0.491349974880199,NA,NA,NA,0.587938209133069
RYBP,12,0,0,0.491349974880199,NA,NA,NA,0.58799490338574
MGA,17,0,0,0.491486980400848,NA,NA,NA,0.588159633812654
DMAC1,9,0,0,0.491486980400848,NA,NA,NA,0.588169787234014
HLF,4,0,0,0.491349974880199,NA,NA,NA,0.588198794149329
ZNF649,11,0,0,0.491984445592163,NA,NA,NA,0.588690109605684
SLC12A2,9,0,0,0.492484390303062,NA,NA,NA,0.589026810310818
ABHD4,4,0,0,0.492368875165819,NA,NA,NA,0.589175458882004
ZNF497,3,0,0,0.49235051074636,NA,NA,NA,0.589247385575589
LRP11,5,0,0,0.49231059851751,NA,NA,NA,0.589295591198576
EID1,17,0,0,0.492484390303062,NA,NA,NA,0.589324990041738
METTL2B,13,0,0,0.492290860797493,NA,NA,NA,0.589366151413735
MAN2A1,11,0,0,0.493076924351202,NA,NA,NA,0.589447823034942
SLC9A6,6,0,0,0.492228695294079,NA,NA,NA,0.589482428513908
TGFB3,2,0,0,0.492484390303062,NA,NA,NA,0.589522568585456
MRPL30,13,0,0,0.49306868297521,NA,NA,NA,0.589530546704485
BTF3L4,13,0,0,0.492228695294079,NA,NA,NA,0.589589803690736
COX7A2,5,0,0,0.492290860797493,NA,NA,NA,0.589623430305419
MCUB,14,0,0,0.493415406186968,NA,NA,NA,0.589637468613304
CDKN1B,8,0,0,0.493362814317955,NA,NA,NA,0.589671215819341
NCAPH2,5,0,0,0.493054095908197,NA,NA,NA,0.589698328559842
P2RX7,2,0,0,0.49306868297521,NA,NA,NA,0.58983486058851
POU2F1,11,0,0,0.492228695294079,NA,NA,NA,0.589866234772674
FAM57A,19,0,0,0.493717789470478,NA,NA,NA,0.58987897731733
SDHAF4,8,0,0,0.493054095908197,NA,NA,NA,0.589977928461439
ANKRD40,10,0,0,0.493750316062425,NA,NA,NA,0.590317995788978
SRR,7,0,0,0.493750316062425,NA,NA,NA,0.590329087318324
MPZL1,17,0,0,0.493750316062425,NA,NA,NA,0.590635398991389
LRRFIP1,8,0,0,0.494229265522298,NA,NA,NA,0.590753973152783
NCOR1,24,0,0,0.494665399825611,NA,NA,NA,0.591312633137226
ODC1,5,0,0,0.495254914425751,NA,NA,NA,0.59192600635835
KIN,6,0,0,0.495709474699964,NA,NA,NA,0.592334568730004
FAM120A,10,0,0,0.495988768581007,NA,NA,NA,0.592550036353796
SBSPON,6,0,0,0.497007023405377,NA,NA,NA,0.593804847889932
NKIRAS2,2,0,0,0.497049005693105,NA,NA,NA,0.594159941854075
ZBTB18,3,0,0,0.497049005693105,NA,NA,NA,0.594290258727943
ANXA11,20,0,0,0.497049005693105,NA,NA,NA,0.594355663822793
SLC7A6,12,0,0,0.497133476996308,NA,NA,NA,0.594386247172802
POLR2D,7,0,0,0.497049005693105,NA,NA,NA,0.594456696310161
KLHL2,4,0,0,0.497304290916686,NA,NA,NA,0.594972617687846
TRIM2,6,0,0,0.497460307617216,NA,NA,NA,0.595183848324115
LANCL1,11,0,0,0.497304290916686,NA,NA,NA,0.595241511935508
ARPC1B,13,0,0,0.497460307617216,NA,NA,NA,0.595345917898597
PRAF2,5,0,0,0.497570303062146,NA,NA,NA,0.595438391692949
FAM81A,7,0,0,0.497844419036171,NA,NA,NA,0.595647641473892
CDC42,6,0,0,0.497570303062146,NA,NA,NA,0.595684474986909
PITPNC1,13,0,0,0.499074609928996,NA,NA,NA,0.597286760868881
CYB5R3,7,0,0,0.499259246995313,NA,NA,NA,0.597415841365297
PPDPF,11,0,0,0.499074609928996,NA,NA,NA,0.5974623658564
ADGRA3,9,0,0,0.499259246995313,NA,NA,NA,0.597587233243497
PSMA1,9,0,0,0.499259246995313,NA,NA,NA,0.597760671618576
ARHGAP26,5,0,0,0.500227082305035,NA,NA,NA,0.598109287931822
XIAP,11,0,0,0.500190971210841,NA,NA,NA,0.598255292443076
VCL,15,0,0,0.500190971210841,NA,NA,NA,0.598361298331069
ZMYM4,11,0,0,0.500227082305035,NA,NA,NA,0.598395986975031
TMTC4,4,0,0,0.500447903640774,NA,NA,NA,0.598483779625543
FAM120AOS,11,0,0,0.501687905999046,NA,NA,NA,0.599475315625527
UGDH,11,0,0,0.501687905999046,NA,NA,NA,0.599595099236393
EIF2AK1,15,0,0,0.501687905999046,NA,NA,NA,0.599788961412012
COA3,8,0,0,0.502297046214846,NA,NA,NA,0.600051487404886
MALT1,23,0,0,0.501687905999046,NA,NA,NA,0.600102000084169
ZNF318,10,0,0,0.502417779980964,NA,NA,NA,0.600216552133096
BCL2L2,6,0,0,0.50424472516237,NA,NA,NA,0.602228066653959
NKTR,10,0,0,0.505162448055739,NA,NA,NA,0.603366717399408
ADORA2B,5,0,0,0.505969798881431,NA,NA,NA,0.604103476050262
DIS3,14,0,0,0.505969798881431,NA,NA,NA,0.604266316416456
NPC1,17,0,0,0.506316900516908,NA,NA,NA,0.604297217341212
C16orf87,12,0,0,0.506376494175644,NA,NA,NA,0.604439233496675
RPS12,5,0,0,0.506316900516908,NA,NA,NA,0.60452775394833
CHRNA5,11,0,0,0.505969798881431,NA,NA,NA,0.604556307982183
ACYP1,4,0,0,0.505969798881431,NA,NA,NA,0.604588582371015
TMBIM6,10,0,0,0.506891460297992,NA,NA,NA,0.604760416283989
UBE2G1,12,0,0,0.506682412676654,NA,NA,NA,0.604773480012714
SETDB2,5,0,0,0.506682412676654,NA,NA,NA,0.604937585434836
PERP,9,0,0,0.506891460297992,NA,NA,NA,0.604947330385993
STXBP1,15,0,0,0.506682412676654,NA,NA,NA,0.605047770896889
CHST11,10,0,0,0.507186409936508,NA,NA,NA,0.605074654048904
CREM,9,0,0,0.506891460297992,NA,NA,NA,0.60521883529618
NAMPT,11,0,0,0.507190385725797,NA,NA,NA,0.60525543739942
C1orf21,15,0,0,0.507186409936508,NA,NA,NA,0.605307503098114
SH3YL1,6,0,0,0.506891460297992,NA,NA,NA,0.605477726376613
VMA21,14,0,0,0.506891460297992,NA,NA,NA,0.60578635233696
N6AMT1,4,0,0,0.507432742447014,NA,NA,NA,0.606263448080553
TIMM17A,14,0,0,0.50793437263351,NA,NA,NA,0.606906541961787
NOC3L,13,0,0,0.50793437263351,NA,NA,NA,0.607106932128126
FDXACB1,6,0,0,0.508041896733068,NA,NA,NA,0.607153762100609
PURA,14,0,0,0.50820674684388,NA,NA,NA,0.607342165128068
CD2AP,15,0,0,0.50820674684388,NA,NA,NA,0.607472874767975
TACO1,6,0,0,0.50820674684388,NA,NA,NA,0.607662787730117
FUCA2,6,0,0,0.50820674684388,NA,NA,NA,0.607740388417246
RNF214,9,0,0,0.508243621172993,NA,NA,NA,0.608457600759135
NCKAP1,15,0,0,0.509357746897212,NA,NA,NA,0.609315178475092
CCDC47,14,0,0,0.509546339351044,NA,NA,NA,0.609427803912803
ERGIC2,25,0,0,0.509698089719707,NA,NA,NA,0.609500066334929
KRR1,30,0,0,0.50927341960649,NA,NA,NA,0.609505226610934
SLC30A6,21,0,0,0.509357746897212,NA,NA,NA,0.609625263293764
EHD1,7,0,0,0.509101707412696,NA,NA,NA,0.609661471199331
MAP7,14,0,0,0.509357746897212,NA,NA,NA,0.609671740754011
CAPRIN1,34,0,0,0.509921676777688,NA,NA,NA,0.609756918453123
SMKR1,2,0,0,0.50927341960649,NA,NA,NA,0.609760219114415
TMEM184B,10,0,0,0.509248459497128,NA,NA,NA,0.609761050873258
ZNF26,7,0,0,0.509921676777688,NA,NA,NA,0.609801285771552
DICER1,10,0,0,0.509921676777688,NA,NA,NA,0.609915218291213
CETN2,12,0,0,0.50927341960649,NA,NA,NA,0.60992093858511
ZNF131,7,0,0,0.509101707412696,NA,NA,NA,0.609926500850549
SLC23A2,10,0,0,0.509248459497128,NA,NA,NA,0.610022526710905
ZMYM2,22,0,0,0.509248459497128,NA,NA,NA,0.610220564509259
AMACR,4,0,0,0.509921676777688,NA,NA,NA,0.610443936932608
MIER3,10,0,0,0.510008163311343,NA,NA,NA,0.61069435885409
NAA50,31,0,0,0.5106793743882,NA,NA,NA,0.611147002142006
ASPM,3,0,0,0.5106793743882,NA,NA,NA,0.611393917481121
NDUFA9,6,0,0,0.5106793743882,NA,NA,NA,0.61160567194572
ZC3HAV1,6,0,0,0.511695145425276,NA,NA,NA,0.612165169974588
UBE2Q1,5,0,0,0.511825616786748,NA,NA,NA,0.612434223336165
FAM210B,12,0,0,0.513806322207191,NA,NA,NA,0.614507632765572
CDC73,33,0,0,0.514754258244037,NA,NA,NA,0.616187964172337
CYB5D2,9,0,0,0.514754258244037,NA,NA,NA,0.616205003540717
TSPYL1,17,0,0,0.51493217740558,NA,NA,NA,0.616334624920754
TANGO6,8,0,0,0.514754258244037,NA,NA,NA,0.61634004790934
WARS,12,0,0,0.514754258244037,NA,NA,NA,0.616344794715933
FCHSD2,12,0,0,0.51493217740558,NA,NA,NA,0.616371978367218
MAP2K2,7,0,0,0.514754258244037,NA,NA,NA,0.616383525748158
OTUD7B,18,0,0,0.514754258244037,NA,NA,NA,0.616515132045583
NOL9,7,0,0,0.51493217740558,NA,NA,NA,0.616555869200539
ZNF850,2,0,0,0.514754258244037,NA,NA,NA,0.616702443729849
FZD2,6,0,0,0.51542827028379,NA,NA,NA,0.617180847910984
HERPUD2,5,0,0,0.516473060712555,NA,NA,NA,0.617918477547512
RERE,5,0,0,0.516622989027669,NA,NA,NA,0.617987218429972
FLII,3,0,0,0.516473060712555,NA,NA,NA,0.618036412186887
FAM216A,13,0,0,0.516473060712555,NA,NA,NA,0.61812577726322
COX6C,13,0,0,0.516473060712555,NA,NA,NA,0.618188405291028
PKIA,12,0,0,0.516473060712555,NA,NA,NA,0.618373119608628
RBM22,8,0,0,0.516473060712555,NA,NA,NA,0.618399575115259
TVP23B,6,0,0,0.516473060712555,NA,NA,NA,0.618621958123526
EXOC5,25,0,0,0.51741921636876,NA,NA,NA,0.618761952340217
CPD,22,0,0,0.517577016113221,NA,NA,NA,0.619058793331718
IL17RA,13,0,0,0.518122868927095,NA,NA,NA,0.619808165358951
TTC33,12,0,0,0.518115867895868,NA,NA,NA,0.619895918597793
UHMK1,18,0,0,0.518089807870089,NA,NA,NA,0.619962926911044
PDE4D,14,0,0,0.518173818183853,NA,NA,NA,0.621077483861739
NEPRO,9,0,0,0.518173818183853,NA,NA,NA,0.621121620842596
DIEXF,16,0,0,0.518173818183853,NA,NA,NA,0.621153418036821
NDUFA5,19,0,0,0.518357545548993,NA,NA,NA,0.621226763732999
BTBD1,8,0,0,0.518173818183853,NA,NA,NA,0.621410721849056
ZMPSTE24,10,0,0,0.518173818183853,NA,NA,NA,0.621448758187586
S100A6,4,0,0,0.518173818183853,NA,NA,NA,0.621453666078408
RFXAP,7,0,0,0.518173818183853,NA,NA,NA,0.621619125869925
STAMBPL1,4,0,0,0.518173818183853,NA,NA,NA,0.621676341176326
ZCCHC14,9,0,0,0.518173818183853,NA,NA,NA,0.62176019361061
LCLAT1,5,0,0,0.518473978229161,NA,NA,NA,0.621859294271872
RFLNB,7,0,0,0.518473978229161,NA,NA,NA,0.621884615965125
WBP11,10,0,0,0.518173818183853,NA,NA,NA,0.621888419662021
GMCL1,11,0,0,0.518473978229161,NA,NA,NA,0.621935708788547
ULK4,3,0,0,0.518473978229161,NA,NA,NA,0.62195270035996
TRIM65,5,0,0,0.518473978229161,NA,NA,NA,0.621987431176665
PDE7A,12,0,0,0.518173818183853,NA,NA,NA,0.62202517484116
PPP4R2,7,0,0,0.518473978229161,NA,NA,NA,0.622078864170858
POT1,10,0,0,0.518173818183853,NA,NA,NA,0.622175157486472
BCL9L,5,0,0,0.518473978229161,NA,NA,NA,0.622203034513647
ATP1B1,8,0,0,0.518473978229161,NA,NA,NA,0.622339083362566
TCF12,5,0,0,0.518593965118167,NA,NA,NA,0.622576074629961
DYRK3,14,0,0,0.518720238462681,NA,NA,NA,0.622990894769211
COG2,3,0,0,0.518744203693672,NA,NA,NA,0.623016183861398
ANKLE2,14,0,0,0.518744203693672,NA,NA,NA,0.623265648976938
IQCE,7,0,0,0.518744203693672,NA,NA,NA,0.623394594600909
PTP4A1,25,0,0,0.518744203693672,NA,NA,NA,0.623636659482954
TMED5,13,0,0,0.518744203693672,NA,NA,NA,0.623717574438291
MIOS,9,0,0,0.518744203693672,NA,NA,NA,0.62378648243098
JAGN1,7,0,0,0.518744203693672,NA,NA,NA,0.623824717677203
CUL4B,12,0,0,0.518744203693672,NA,NA,NA,0.623987272516581
ANGPT1,3,0,0,0.518744203693672,NA,NA,NA,0.624061243722245
TRAPPC8,4,0,0,0.519348942409417,NA,NA,NA,0.624203147011395
CMPK1,13,0,0,0.519198120848696,NA,NA,NA,0.624206160500674
HIST2H2BE,4,0,0,0.519198120848696,NA,NA,NA,0.624230499027736
ZFAND1,21,0,0,0.519486867326724,NA,NA,NA,0.624257928689318
TMEM41A,7,0,0,0.519325016606434,NA,NA,NA,0.624273144113838
SMARCD1,8,0,0,0.5196702696869,NA,NA,NA,0.624362463713171
VCAN,8,0,0,0.519198120848696,NA,NA,NA,0.62441812858962
ANKRD50,10,0,0,0.519198120848696,NA,NA,NA,0.624616328329158
ETV1,10,0,0,0.519198120848696,NA,NA,NA,0.624668576778776
DCUN1D4,23,0,0,0.519161440972619,NA,NA,NA,0.624688023456355
OSTC,5,0,0,0.519198120848696,NA,NA,NA,0.624823897377502
HDLBP,2,0,0,0.519198120848696,NA,NA,NA,0.624978492265622
NME5,4,0,0,0.519198120848696,NA,NA,NA,0.625001988496348
REC8,3,0,0,0.519198120848696,NA,NA,NA,0.625034411105796
DEPDC1,14,0,0,0.519198120848696,NA,NA,NA,0.625279904439929
CRLS1,7,0,0,0.520658178078961,NA,NA,NA,0.62556035164894
ZRANB1,20,0,0,0.521785355141232,NA,NA,NA,0.626395215189518
NPR3,9,0,0,0.521785355141232,NA,NA,NA,0.626529759238902
SCCPDH,10,0,0,0.522158800017144,NA,NA,NA,0.626706870012038
STK40,4,0,0,0.522465736180956,NA,NA,NA,0.626754140322576
PRKCE,5,0,0,0.521785355141232,NA,NA,NA,0.626822421355957
HSD17B12,20,0,0,0.522465736180956,NA,NA,NA,0.626877395323606
SEMA6A,5,0,0,0.522787194617115,NA,NA,NA,0.626913180540049
DNTTIP2,12,0,0,0.522465736180956,NA,NA,NA,0.626991018422704
ACAD8,7,0,0,0.523013484487904,NA,NA,NA,0.627084974801886
TBL2,13,0,0,0.521785355141232,NA,NA,NA,0.627085691973301
ST13,27,0,0,0.522787194617115,NA,NA,NA,0.627096387077515
MRPL57,10,0,0,0.521785355141232,NA,NA,NA,0.627105641778175
NSD2,10,0,0,0.523125070647819,NA,NA,NA,0.627110979001918
U2SURP,11,0,0,0.523013484487904,NA,NA,NA,0.627162260066149
GCOM1,13,0,0,0.521785355141232,NA,NA,NA,0.627227907819349
DBNL,24,0,0,0.521785355141232,NA,NA,NA,0.627292419885319
IRF2BP2,19,0,0,0.523013484487904,NA,NA,NA,0.627411061140369
PIP4K2A,6,0,0,0.521785355141232,NA,NA,NA,0.627426828774678
TAF12,6,0,0,0.521785355141232,NA,NA,NA,0.627442128504586
RECQL,8,0,0,0.521699054451312,NA,NA,NA,0.627458004304529
IMPAD1,30,0,0,0.521785355141232,NA,NA,NA,0.627493986298981
NDUFB6,7,0,0,0.521785355141232,NA,NA,NA,0.627528145868875
TTC37,15,0,0,0.521785355141232,NA,NA,NA,0.627756970257697
TBCEL,11,0,0,0.524747367587025,NA,NA,NA,0.629381832135329
ERCC2,5,0,0,0.524947934734105,NA,NA,NA,0.629523731047383
DNAJB12,9,0,0,0.524901078142837,NA,NA,NA,0.629563815306465
CDC5L,11,0,0,0.524747367587025,NA,NA,NA,0.629641658328759
TTPAL,16,0,0,0.525114445890655,NA,NA,NA,0.629658409553847
LMBRD2,13,0,0,0.525114445890655,NA,NA,NA,0.629686795281286
SCO1,17,0,0,0.524548779737438,NA,NA,NA,0.629710682287525
NDRG2,3,0,0,0.524747367587025,NA,NA,NA,0.629712436729144
CA2,4,0,0,0.524947934734105,NA,NA,NA,0.629754462789885
LSM3,12,0,0,0.524747367587025,NA,NA,NA,0.629902222092399
RIC8A,6,0,0,0.525417007418013,NA,NA,NA,0.630001025365038
FANCG,3,0,0,0.524548779737438,NA,NA,NA,0.630002832610522
GMEB2,2,0,0,0.524747367587025,NA,NA,NA,0.630005222738266
MGAT4B,6,0,0,0.525417007418013,NA,NA,NA,0.630006276131585
BRCC3,12,0,0,0.525495907181574,NA,NA,NA,0.630100317328189
FAM83B,10,0,0,0.524747367587025,NA,NA,NA,0.630195072697955
CHMP6,13,0,0,0.525495907181574,NA,NA,NA,0.63020771565115
RPE,26,0,0,0.525495907181574,NA,NA,NA,0.630340014496906
CAMKK2,8,0,0,0.525495907181574,NA,NA,NA,0.630610400309371
SND1,12,0,0,0.52588168779922,NA,NA,NA,0.630634403712649
GFPT2,2,0,0,0.525495907181574,NA,NA,NA,0.630835461217696
ANGEL2,11,0,0,0.526384611849251,NA,NA,NA,0.631008180157611
ZC3HAV1L,9,0,0,0.526384611849251,NA,NA,NA,0.631219432648066
ZIC2,4,0,0,0.526687693961746,NA,NA,NA,0.631262698307176
UMPS,20,0,0,0.526687693961746,NA,NA,NA,0.63137393777207
ACER2,4,0,0,0.526687693961746,NA,NA,NA,0.631472218011376
PSMD3,2,0,0,0.526384611849251,NA,NA,NA,0.631489910742425
HEXIM1,15,0,0,0.526687693961746,NA,NA,NA,0.631552542168613
CYP4B1,2,0,0,0.526384611849251,NA,NA,NA,0.631668571695542
MRPS31,3,0,0,0.527385989396804,NA,NA,NA,0.632377545831349
AFDN,6,0,0,0.527385989396804,NA,NA,NA,0.632453309633939
EMC10,20,0,0,0.527385989396804,NA,NA,NA,0.632456094054919
LYRM7,17,0,0,0.527385989396804,NA,NA,NA,0.632509836190861
VASP,12,0,0,0.527466821579142,NA,NA,NA,0.632787592443311
GNPDA2,17,0,0,0.528151056582345,NA,NA,NA,0.633644470135569
HJURP,9,0,0,0.52879202751579,NA,NA,NA,0.634244932709446
TUBE1,7,0,0,0.529036180009173,NA,NA,NA,0.634613521024153
LMO4,14,0,0,0.529036180009173,NA,NA,NA,0.634639390985744
MSH3,8,0,0,0.529036180009173,NA,NA,NA,0.634787678967637
ZNF195,12,0,0,0.52995155718261,NA,NA,NA,0.636164694708763
IRAK4,8,0,0,0.529976810540854,NA,NA,NA,0.636215385497052
ACTR1B,4,0,0,0.53008979730015,NA,NA,NA,0.63644229395608
CFL2,16,0,0,0.530389867576667,NA,NA,NA,0.636671637786943
FXYD3,6,0,0,0.53008979730015,NA,NA,NA,0.63667543813323
MTMR3,14,0,0,0.530935963465772,NA,NA,NA,0.63716819043699
RARS2,5,0,0,0.531000188426809,NA,NA,NA,0.63719908677398
NOA1,7,0,0,0.531189386275525,NA,NA,NA,0.637361655139541
BASP1,7,0,0,0.531189386275525,NA,NA,NA,0.637497241071535
CREB1,19,0,0,0.532045022003047,NA,NA,NA,0.637591710593688
ITCH,12,0,0,0.531957661333293,NA,NA,NA,0.637593177317316
FAH,5,0,0,0.531571598841469,NA,NA,NA,0.637679894612101
NLK,8,0,0,0.531957661333293,NA,NA,NA,0.637889602151405
OSBP,9,0,0,0.532147078417675,NA,NA,NA,0.637923051966546
MON2,25,0,0,0.532147078417675,NA,NA,NA,0.63794628652465
SLC52A2,3,0,0,0.532282534716461,NA,NA,NA,0.637973662867587
MRFAP1,13,0,0,0.53249856236541,NA,NA,NA,0.637992066509175
DDX6,13,0,0,0.531957661333293,NA,NA,NA,0.638029280728847
NDUFC2,4,0,0,0.531957661333293,NA,NA,NA,0.638035100952258
SMIM20,5,0,0,0.53249856236541,NA,NA,NA,0.638120114677008
EIF1,8,0,0,0.53249856236541,NA,NA,NA,0.638200906592099
PNPLA8,7,0,0,0.531957661333293,NA,NA,NA,0.638230937981328
DNAJC1,6,0,0,0.53249856236541,NA,NA,NA,0.638235466430104
RFX2,5,0,0,0.532852362217101,NA,NA,NA,0.638261978704043
EI24,9,0,0,0.531957661333293,NA,NA,NA,0.638263587959959
C6orf120,20,0,0,0.532852362217101,NA,NA,NA,0.638362506402304
OSBPL3,14,0,0,0.532852362217101,NA,NA,NA,0.638377987263823
MAPKAPK3,10,0,0,0.533001102978373,NA,NA,NA,0.638393439823939
ACSL1,12,0,0,0.532559619988654,NA,NA,NA,0.638411361836874
CDC42BPG,4,0,0,0.533001102978373,NA,NA,NA,0.638436388593512
LTA4H,7,0,0,0.531957661333293,NA,NA,NA,0.638449883644504
USP31,9,0,0,0.531957661333293,NA,NA,NA,0.638510555313224
SRPK1,11,0,0,0.532852362217101,NA,NA,NA,0.638600341654031
PLA2G12A,28,0,0,0.533434868958516,NA,NA,NA,0.638618422916675
NLE1,10,0,0,0.532852362217101,NA,NA,NA,0.638621083416684
SFR1,4,0,0,0.533421769248453,NA,NA,NA,0.638699934829881
DNASE1L1,5,0,0,0.533337839531633,NA,NA,NA,0.638704903924137
CMTM3,9,0,0,0.532852362217101,NA,NA,NA,0.638751677685623
ATAD5,11,0,0,0.531957661333293,NA,NA,NA,0.638788107380948
PARP1,11,0,0,0.532852362217101,NA,NA,NA,0.63886089653462
STX7,28,0,0,0.531957661333293,NA,NA,NA,0.638874472293831
SAP18,14,0,0,0.53378750948801,NA,NA,NA,0.63890401084961
C1D,4,0,0,0.531957661333293,NA,NA,NA,0.638921833635108
ERO1A,14,0,0,0.531957661333293,NA,NA,NA,0.639080134572811
CDCA4,10,0,0,0.531957661333293,NA,NA,NA,0.639153048039183
TRAPPC9,5,0,0,0.531957661333293,NA,NA,NA,0.639157892296254
ISG20L2,7,0,0,0.531957661333293,NA,NA,NA,0.639199602742414
IRX5,6,0,0,0.531957661333293,NA,NA,NA,0.639232380803587
CSF1,3,0,0,0.534019610327995,NA,NA,NA,0.639577383769579
RPL23,13,0,0,0.534011779008766,NA,NA,NA,0.639664812378739
UBE2D4,6,0,0,0.53414483340672,NA,NA,NA,0.63982141325967
EDRF1,4,0,0,0.534145429478652,NA,NA,NA,0.639930525046509
LPCAT2,9,0,0,0.535589083274483,NA,NA,NA,0.641809925741783
PCNX2,3,0,0,0.535589083274483,NA,NA,NA,0.641816333816191
ZNF343,5,0,0,0.535589083274483,NA,NA,NA,0.641833606488682
RCOR1,10,0,0,0.535821402800956,NA,NA,NA,0.64197116475001
ZNF808,12,0,0,0.536091477196342,NA,NA,NA,0.642166757463882
DEK,21,0,0,0.536513523029905,NA,NA,NA,0.642898295083488
GTF2B,5,0,0,0.536513523029905,NA,NA,NA,0.64298394106033
TMEM238,3,0,0,0.536555577905714,NA,NA,NA,0.643056018434194
DLG1,17,0,0,0.536513523029905,NA,NA,NA,0.643057214913374
GPN2,5,0,0,0.536555577905714,NA,NA,NA,0.643180621774466
TMEM173,3,0,0,0.536555577905714,NA,NA,NA,0.643323933193273
PTPMT1,15,0,0,0.536555577905714,NA,NA,NA,0.643361453789326
MANF,6,0,0,0.536555577905714,NA,NA,NA,0.643541985514485
GNL3,4,0,0,0.536555577905714,NA,NA,NA,0.643576292835798
EFHC1,8,0,0,0.536903060041245,NA,NA,NA,0.644286032125036
SPOP,6,0,0,0.536903060041245,NA,NA,NA,0.644360437087622
LCOR,17,0,0,0.536903060041245,NA,NA,NA,0.644479554835962
PTGFRN,8,0,0,0.537417524054031,NA,NA,NA,0.645051412948125
CSRP1,4,0,0,0.537646963016221,NA,NA,NA,0.645249861047421
DSC3,14,0,0,0.537646963016221,NA,NA,NA,0.645371080284476
C12orf65,4,0,0,0.537981385906488,NA,NA,NA,0.645920355309612
ETFDH,6,0,0,0.538495094040402,NA,NA,NA,0.646378644594966
SPINT2,7,0,0,0.538662612451296,NA,NA,NA,0.646451627160565
SLX4,5,0,0,0.538662612451296,NA,NA,NA,0.646737664504753
CANX,23,0,0,0.538623231584394,NA,NA,NA,0.646768282072122
RETREG1,6,0,0,0.538662612451296,NA,NA,NA,0.646982962577601
ZNF280D,4,0,0,0.538662612451296,NA,NA,NA,0.647031665995594
DYNC1LI1,9,0,0,0.538662612451296,NA,NA,NA,0.647088563618574
UBA6,26,0,0,0.538662612451296,NA,NA,NA,0.647118394396673
YDJC,4,0,0,0.538662612451296,NA,NA,NA,0.647155496675302
CARM1,4,0,0,0.538662612451296,NA,NA,NA,0.647168342704649
CENPC,11,0,0,0.538662612451296,NA,NA,NA,0.647171776308884
EIF5B,28,0,0,0.538662612451296,NA,NA,NA,0.64717340330485
DOCK5,13,0,0,0.538662612451296,NA,NA,NA,0.647271539002811
NUDT12,5,0,0,0.538662612451296,NA,NA,NA,0.647274475606724
ARL2BP,12,0,0,0.538662612451296,NA,NA,NA,0.647426524958128
ZNF101,3,0,0,0.538662612451296,NA,NA,NA,0.647440011399206
RPS27L,12,0,0,0.538662612451296,NA,NA,NA,0.64747343858505
HOXC4,2,0,0,0.538662612451296,NA,NA,NA,0.64753097806242
MKLN1,14,0,0,0.538662612451296,NA,NA,NA,0.647546380994601
SLIRP,13,0,0,0.538662612451296,NA,NA,NA,0.647571520637254
MFF,7,0,0,0.538662612451296,NA,NA,NA,0.647573893755024
NET1,11,0,0,0.538662612451296,NA,NA,NA,0.647734497098958
SHROOM2,7,0,0,0.538662612451296,NA,NA,NA,0.647750681115319
NOP10,5,0,0,0.538662612451296,NA,NA,NA,0.647820579801797
ATXN2,2,0,0,0.539406630464271,NA,NA,NA,0.647868670398324
RPS27,3,0,0,0.53933733746746,NA,NA,NA,0.647871818020478
SENP8,5,0,0,0.53933733746746,NA,NA,NA,0.647878222145532
EOGT,7,0,0,0.538662612451296,NA,NA,NA,0.647912758173734
HDDC2,11,0,0,0.53933733746746,NA,NA,NA,0.648118984343849
PEX13,12,0,0,0.539770423908753,NA,NA,NA,0.648370293469255
MCMBP,16,0,0,0.539770423908753,NA,NA,NA,0.648370449713537
DOCK10,2,0,0,0.539770423908753,NA,NA,NA,0.64854500084636
TARS2,3,0,0,0.540174117092341,NA,NA,NA,0.648709069886441
ATAD1,19,0,0,0.541480970270944,NA,NA,NA,0.650207286281438
CSNK1D,8,0,0,0.541701280543101,NA,NA,NA,0.650362559809606
TXNL4A,14,0,0,0.541955140121144,NA,NA,NA,0.651543202451578
ELF3,7,0,0,0.541955140121144,NA,NA,NA,0.651672781192697
MPLKIP,13,0,0,0.541955140121144,NA,NA,NA,0.651967370928744
TMEM250,9,0,0,0.542477386248663,NA,NA,NA,0.652021061823882
EVA1A,4,0,0,0.542477386248663,NA,NA,NA,0.652149604533833
RNF7,16,0,0,0.542477386248663,NA,NA,NA,0.652291587150038
GNL3L,26,0,0,0.542477386248663,NA,NA,NA,0.652315983435249
EME2,7,0,0,0.542477386248663,NA,NA,NA,0.652352565955765
PLEKHG4,3,0,0,0.543305912894681,NA,NA,NA,0.652430501324732
FAM46B,2,0,0,0.542477386248663,NA,NA,NA,0.652464793585604
MCL1,18,0,0,0.542477386248663,NA,NA,NA,0.652505722478689
HSPBAP1,3,0,0,0.543305912894681,NA,NA,NA,0.652547449816103
YIPF5,14,0,0,0.543305912894681,NA,NA,NA,0.652733185364713
ITGB8,15,0,0,0.543435462716579,NA,NA,NA,0.652790729874537
SUB1,14,0,0,0.543305912894681,NA,NA,NA,0.652801946668658
TNKS,16,0,0,0.543435462716579,NA,NA,NA,0.652863816985668
NFKBIA,3,0,0,0.543305912894681,NA,NA,NA,0.652935366396346
TAF8,6,0,0,0.543305912894681,NA,NA,NA,0.6531946717379
ATOX1,9,0,0,0.54358458523789,NA,NA,NA,0.653465100031008
DOCK3,4,0,0,0.543305912894681,NA,NA,NA,0.653476749670966
USP13,15,0,0,0.54358458523789,NA,NA,NA,0.653733450727088
TRIAP1,4,0,0,0.54358458523789,NA,NA,NA,0.653910526076891
CCND1,17,0,0,0.54358458523789,NA,NA,NA,0.654155389555275
HIST1H2AG,4,0,0,0.54358458523789,NA,NA,NA,0.654317404283064
BBS10,7,0,0,0.54358458523789,NA,NA,NA,0.654608120878694
CPNE3,12,0,0,0.54459518530123,NA,NA,NA,0.654629319415308
SMIM29,4,0,0,0.544721426237204,NA,NA,NA,0.654683500964368
POC1A,5,0,0,0.544503256419336,NA,NA,NA,0.654726006860551
SPRED1,18,0,0,0.544721426237204,NA,NA,NA,0.654767226998375
EIF2B2,5,0,0,0.54445534781779,NA,NA,NA,0.654772337454634
RNF207,6,0,0,0.54459518530123,NA,NA,NA,0.654898369017013
UBP1,8,0,0,0.545122097457063,NA,NA,NA,0.655502400853773
CHMP1B,12,0,0,0.545122097457063,NA,NA,NA,0.65564600659476
SPINT1,6,0,0,0.545111009532936,NA,NA,NA,0.655676986623157
FUOM,6,0,0,0.545122097457063,NA,NA,NA,0.655911600505525
UBN2,13,0,0,0.545122097457063,NA,NA,NA,0.656126434672477
CALCRL,6,0,0,0.545831239689321,NA,NA,NA,0.656167867128565
SEZ6L2,2,0,0,0.545122097457063,NA,NA,NA,0.656214502604108
SNCAIP,3,0,0,0.545111009532936,NA,NA,NA,0.656226476235657
UHRF1BP1,11,0,0,0.545111009532936,NA,NA,NA,0.656258286658926
PAPSS1,3,0,0,0.545111009532936,NA,NA,NA,0.656260277882383
SCD,15,0,0,0.545111009532936,NA,NA,NA,0.656272132328588
EPS15,9,0,0,0.545122097457063,NA,NA,NA,0.65633173698041
RWDD2B,13,0,0,0.545111009532936,NA,NA,NA,0.656396254035042
RAB30,11,0,0,0.546178236270966,NA,NA,NA,0.656443600673392
DCTN4,16,0,0,0.545111009532936,NA,NA,NA,0.656452246355163
NKIRAS1,13,0,0,0.545122097457063,NA,NA,NA,0.656465204457968
ZNF224,11,0,0,0.545111009532936,NA,NA,NA,0.656467525954693
ITGA3,7,0,0,0.545122097457063,NA,NA,NA,0.65648281663115
SERP1,14,0,0,0.545122097457063,NA,NA,NA,0.656535575826515
CLPX,7,0,0,0.545111009532936,NA,NA,NA,0.656546956532101
TEX2,8,0,0,0.545111009532936,NA,NA,NA,0.656624853933618
MTHFD1,7,0,0,0.545122097457063,NA,NA,NA,0.656628220280024
EXOC4,4,0,0,0.545111009532936,NA,NA,NA,0.656637120232622
HMGN3,7,0,0,0.546221905045468,NA,NA,NA,0.656684001185088
PEX3,8,0,0,0.54628093321183,NA,NA,NA,0.656732550851825
TMCC1,4,0,0,0.546288539687103,NA,NA,NA,0.656754724530955
AHRR,8,0,0,0.545111009532936,NA,NA,NA,0.656766712661949
PIM1,5,0,0,0.546221905045468,NA,NA,NA,0.65680937108936
PAXBP1,9,0,0,0.545111009532936,NA,NA,NA,0.656889311501315
RAB18,23,0,0,0.545111009532936,NA,NA,NA,0.657003507952774
PCBP2,21,0,0,0.545111009532936,NA,NA,NA,0.657022149146058
ADD3,3,0,0,0.545111009532936,NA,NA,NA,0.657060395950967
CWF19L2,8,0,0,0.545111009532936,NA,NA,NA,0.657074009502371
MKL1,4,0,0,0.545111009532936,NA,NA,NA,0.657129146185496
WDSUB1,2,0,0,0.545111009532936,NA,NA,NA,0.657202753957723
TLE1,2,0,0,0.545111009532936,NA,NA,NA,0.657249268887078
SRRD,16,0,0,0.545111009532936,NA,NA,NA,0.657440580822097
GRSF1,21,0,0,0.546801195641113,NA,NA,NA,0.657846792527241
FAM214A,3,0,0,0.546887540859983,NA,NA,NA,0.657976958927008
RALY,12,0,0,0.546801195641113,NA,NA,NA,0.658116497213985
SLC6A15,11,0,0,0.546887540859983,NA,NA,NA,0.658262978876543
SPCS3,29,0,0,0.547081892403974,NA,NA,NA,0.658456038844191
CDC23,5,0,0,0.547081892403974,NA,NA,NA,0.658642769258018
SRPRB,19,0,0,0.547081892403974,NA,NA,NA,0.658702986581382
PLS1,6,0,0,0.547446619016161,NA,NA,NA,0.658960437982987
TMEM267,12,0,0,0.548298812674944,NA,NA,NA,0.659077850361725
CRCP,17,0,0,0.548479173245461,NA,NA,NA,0.659174095549631
WDR43,9,0,0,0.548017202980328,NA,NA,NA,0.659182397531219
PARP14,5,0,0,0.548298812674944,NA,NA,NA,0.659342806279629
TCF25,8,0,0,0.548017202980328,NA,NA,NA,0.659374797987869
ZNF197,5,0,0,0.5486543391919,NA,NA,NA,0.6593812130595
TMEM126A,2,0,0,0.5486543391919,NA,NA,NA,0.659422719025563
CABLES1,7,0,0,0.548298812674944,NA,NA,NA,0.659427016060859
TLK1,17,0,0,0.548017202980328,NA,NA,NA,0.659534265960772
ETNK1,22,0,0,0.548298812674944,NA,NA,NA,0.659567741966679
CMC2,6,0,0,0.548298812674944,NA,NA,NA,0.659568065286563
PIK3CA,15,0,0,0.548017202980328,NA,NA,NA,0.659598988391947
CAMK2D,7,0,0,0.5486543391919,NA,NA,NA,0.659619966777139
TOMM40L,8,0,0,0.548298812674944,NA,NA,NA,0.659775847012217
MAD2L1,16,0,0,0.548298812674944,NA,NA,NA,0.659806792394993
ABLIM1,11,0,0,0.548298812674944,NA,NA,NA,0.65988167018081
ZNF264,8,0,0,0.548298812674944,NA,NA,NA,0.660114377442185
TTF2,16,0,0,0.548298812674944,NA,NA,NA,0.660183521135049
NAV3,2,0,0,0.548298812674944,NA,NA,NA,0.660212662409439
SF3B6,5,0,0,0.548298812674944,NA,NA,NA,0.660218258670125
KIFC3,2,0,0,0.548298812674944,NA,NA,NA,0.660360384681464
IPP,4,0,0,0.548298812674944,NA,NA,NA,0.660401713685069
CCDC88C,3,0,0,0.548298812674944,NA,NA,NA,0.66040300420676
TMEM30A,31,0,0,0.549707230892107,NA,NA,NA,0.660473565630998
AFF4,26,0,0,0.549447413456969,NA,NA,NA,0.66049084469063
ALG9,6,0,0,0.549835315911055,NA,NA,NA,0.660513586716985
COPS8,25,0,0,0.548298812674944,NA,NA,NA,0.660531751218014
SESTD1,13,0,0,0.549707230892107,NA,NA,NA,0.660601552670527
ZNF16,6,0,0,0.549447413456969,NA,NA,NA,0.660629630029148
EIPR1,4,0,0,0.549705480255734,NA,NA,NA,0.660666293668864
ZNF200,6,0,0,0.549621302622603,NA,NA,NA,0.660673454388294
NDUFV3,11,0,0,0.55005885756833,NA,NA,NA,0.66084643384917
SP3,17,0,0,0.549621302622603,NA,NA,NA,0.660914781964751
GRIPAP1,2,0,0,0.550359218203398,NA,NA,NA,0.661137717447799
RFESD,6,0,0,0.55040609090528,NA,NA,NA,0.661145523552669
UBE2Q2,7,0,0,0.550359218203398,NA,NA,NA,0.661252958287091
TOM1L2,3,0,0,0.55040609090528,NA,NA,NA,0.661323515289469
SRSF10,14,0,0,0.550359218203398,NA,NA,NA,0.661344332057711
APBA3,6,0,0,0.550359218203398,NA,NA,NA,0.661411447450172
MYO10,10,0,0,0.550359218203398,NA,NA,NA,0.661620192181055
FAM8A1,13,0,0,0.550493905719851,NA,NA,NA,0.661660407280898
CENPBD1,6,0,0,0.550572563674194,NA,NA,NA,0.661754619865947
HSBP1L1,5,0,0,0.550556201536872,NA,NA,NA,0.661834443139082
ALS2,2,0,0,0.551889529219883,NA,NA,NA,0.66315948231105
BBIP1,7,0,0,0.551889529219883,NA,NA,NA,0.66327231189659
DENND1B,13,0,0,0.552024362121054,NA,NA,NA,0.66358005923084
STRADB,3,0,0,0.552024362121054,NA,NA,NA,0.663610489490536
LAMP1,14,0,0,0.552024362121054,NA,NA,NA,0.66382986887323
ELF2,12,0,0,0.552695358078012,NA,NA,NA,0.664769242025545
PXN,6,0,0,0.553465494616188,NA,NA,NA,0.665104030968815
USP25,10,0,0,0.553410034132103,NA,NA,NA,0.66514250787709
RNPS1,3,0,0,0.553136675914926,NA,NA,NA,0.665143724621901
BTF3,8,0,0,0.553389413718329,NA,NA,NA,0.665218307733363
TBK1,4,0,0,0.553689423536604,NA,NA,NA,0.665233063662035
TM7SF3,8,0,0,0.553389413718329,NA,NA,NA,0.665472335756088
GANC,7,0,0,0.553689423536604,NA,NA,NA,0.665504068620096
ELAC1,8,0,0,0.553689423536604,NA,NA,NA,0.665637605261284
VAV2,5,0,0,0.553689423536604,NA,NA,NA,0.665655599366383
ZNF595,3,0,0,0.553689423536604,NA,NA,NA,0.665666480742696
MCM4,7,0,0,0.554449211178673,NA,NA,NA,0.665849644881615
RBM18,9,0,0,0.554414938301134,NA,NA,NA,0.665910713954347
BNC1,3,0,0,0.555928801816089,NA,NA,NA,0.667757657065176
DNASE2,5,0,0,0.5576044878283,NA,NA,NA,0.668798016214295
SEMA4F,5,0,0,0.557451205469561,NA,NA,NA,0.668830350134182
KIF23,5,0,0,0.557598828012477,NA,NA,NA,0.668889814875282
SH3RF2,7,0,0,0.557451205469561,NA,NA,NA,0.669045503109197
ZNF22,3,0,0,0.557451205469561,NA,NA,NA,0.669106581863497
ABO,3,0,0,0.557451205469561,NA,NA,NA,0.669129157850245
UBE2E2,6,0,0,0.557405508177263,NA,NA,NA,0.66917379079231
PJVK,2,0,0,0.557227363831105,NA,NA,NA,0.66918752812845
TLE4,7,0,0,0.557356388313076,NA,NA,NA,0.669219594266295
CCDC186,8,0,0,0.557356388313076,NA,NA,NA,0.669436459272951
OSMR,9,0,0,0.557356388313076,NA,NA,NA,0.669645855312105
DNAJC5,10,0,0,0.558858226004622,NA,NA,NA,0.670035624350252
SFXN4,3,0,0,0.559493275394095,NA,NA,NA,0.670764744365342
SLC39A3,3,0,0,0.560087177459809,NA,NA,NA,0.671615910246105
RPL37A,24,0,0,0.560087177459809,NA,NA,NA,0.671703650313025
LARP4,18,0,0,0.560578888156097,NA,NA,NA,0.672232804932136
EMC8,10,0,0,0.560578888156097,NA,NA,NA,0.672382704974986
EIF3B,2,0,0,0.560578888156097,NA,NA,NA,0.672614858097057
ERBB2,7,0,0,0.560578888156097,NA,NA,NA,0.672824687539624
ZNF268,8,0,0,0.560578888156097,NA,NA,NA,0.672831316793781
DDX21,11,0,0,0.560578888156097,NA,NA,NA,0.672837003131661
NELFCD,10,0,0,0.560578888156097,NA,NA,NA,0.672961558728947
OSBPL8,20,0,0,0.560578888156097,NA,NA,NA,0.672996047674214
TM4SF1,7,0,0,0.560578888156097,NA,NA,NA,0.673016668562959
ARHGAP24,4,0,0,0.560578888156097,NA,NA,NA,0.673040530619606
PGAM1,4,0,0,0.560578888156097,NA,NA,NA,0.673059321341359
TAX1BP3,10,0,0,0.560578888156097,NA,NA,NA,0.6730772792312
TTC13,9,0,0,0.560578888156097,NA,NA,NA,0.673115441385772
SPATA18,5,0,0,0.560578888156097,NA,NA,NA,0.673128808855785
ADAMTSL5,5,0,0,0.560578888156097,NA,NA,NA,0.673199705923613
ZNF354C,5,0,0,0.560578888156097,NA,NA,NA,0.673221995433698
FADS1,15,0,0,0.560578888156097,NA,NA,NA,0.673227795635472
POMP,16,0,0,0.560578888156097,NA,NA,NA,0.673241162660937
YAP1,12,0,0,0.560578888156097,NA,NA,NA,0.673292516063614
UQCC2,6,0,0,0.560578888156097,NA,NA,NA,0.673295858610688
RNF180,7,0,0,0.561461557851891,NA,NA,NA,0.673369448621808
KIF3A,15,0,0,0.560578888156097,NA,NA,NA,0.673384587183552
FOXN3,6,0,0,0.560578888156097,NA,NA,NA,0.673403623239289
RASA3,2,0,0,0.561461557851891,NA,NA,NA,0.673436751759021
DYM,15,0,0,0.561461557851891,NA,NA,NA,0.673511251771792
ZDHHC16,11,0,0,0.561574734362411,NA,NA,NA,0.67364536889598
VEGFC,11,0,0,0.562113347284692,NA,NA,NA,0.674953337909818
TMOD2,9,0,0,0.562233231711549,NA,NA,NA,0.674982202245833
CYP4F12,3,0,0,0.562113347284692,NA,NA,NA,0.674985493586156
PSMF1,16,0,0,0.562473188920528,NA,NA,NA,0.675138735645403
MAT2B,7,0,0,0.562826786234517,NA,NA,NA,0.67599570878777
GUF1,26,0,0,0.562826786234517,NA,NA,NA,0.676123508418411
DPM3,3,0,0,0.563665011538349,NA,NA,NA,0.677155387907835
WDR77,22,0,0,0.564272850932628,NA,NA,NA,0.677901728264624
RPS15,3,0,0,0.564555816323676,NA,NA,NA,0.678062628815923
PDCD4,23,0,0,0.564555816323676,NA,NA,NA,0.678340903428262
DCTN5,17,0,0,0.565334544785993,NA,NA,NA,0.679163321497362
TCF4,18,0,0,0.565639038476115,NA,NA,NA,0.679573632694867
MUTYH,4,0,0,0.565691060542418,NA,NA,NA,0.679634754581792
COL8A1,7,0,0,0.566183386928309,NA,NA,NA,0.680652134418565
EDEM1,8,0,0,0.566293802552694,NA,NA,NA,0.680987035224091
RAVER2,7,0,0,0.566293802552694,NA,NA,NA,0.681182299342414
TUSC3,19,0,0,0.566849363074112,NA,NA,NA,0.681477589746342
GINS1,5,0,0,0.566878048983328,NA,NA,NA,0.681594006623029
SNX33,4,0,0,0.566975832452276,NA,NA,NA,0.681597924354707
MRI1,5,0,0,0.567100093541964,NA,NA,NA,0.681615869447291
API5,7,0,0,0.567100093541964,NA,NA,NA,0.681721206481159
ZBTB40,7,0,0,0.567100093541964,NA,NA,NA,0.681799681984402
HLCS,13,0,0,0.568173493588636,NA,NA,NA,0.682555703744766
ALG14,9,0,0,0.568426308234654,NA,NA,NA,0.682709787856203
SLC4A11,2,0,0,0.568426308234654,NA,NA,NA,0.682729620221513
ZNF839,5,0,0,0.568426308234654,NA,NA,NA,0.68273561210327
GAS8,3,0,0,0.568173493588636,NA,NA,NA,0.682796109402426
TBCB,2,0,0,0.568910695919897,NA,NA,NA,0.683309119905466
MRTO4,20,0,0,0.569705892228295,NA,NA,NA,0.684137783772651
CBFA2T2,11,0,0,0.569705892228295,NA,NA,NA,0.684179533473062
NCL,14,0,0,0.569705892228295,NA,NA,NA,0.684290384192973
SLC7A11,8,0,0,0.569705892228295,NA,NA,NA,0.68433190200709
IVNS1ABP,24,0,0,0.569705892228295,NA,NA,NA,0.684531408943854
C1orf226,3,0,0,0.569705892228295,NA,NA,NA,0.68457298870905
NISCH,4,0,0,0.569705892228295,NA,NA,NA,0.684826342860647
ZBTB14,12,0,0,0.570449365371677,NA,NA,NA,0.685085385708773
SFT2D1,5,0,0,0.570531241967153,NA,NA,NA,0.685245006560997
MED4,20,0,0,0.570531241967153,NA,NA,NA,0.685266954159184
SACS,2,0,0,0.570581301664933,NA,NA,NA,0.685279900816499
TCFL5,10,0,0,0.570531241967153,NA,NA,NA,0.685309949998431
RPL18A,6,0,0,0.570449365371677,NA,NA,NA,0.685320316110307
DGLUCY,4,0,0,0.570059883956044,NA,NA,NA,0.685392866866027
DYRK4,4,0,0,0.570449365371677,NA,NA,NA,0.685542956015387
ALKBH1,5,0,0,0.570449365371677,NA,NA,NA,0.68565121644252
FITM2,9,0,0,0.570449365371677,NA,NA,NA,0.685709668723022
MIER1,6,0,0,0.570393527715654,NA,NA,NA,0.685730668378782
ABCD3,7,0,0,0.570449365371677,NA,NA,NA,0.685845125916977
PCCB,11,0,0,0.570449365371677,NA,NA,NA,0.685912832467598
PDZD11,7,0,0,0.570393527715654,NA,NA,NA,0.685919366029167
PUM3,20,0,0,0.570449365371677,NA,NA,NA,0.685929050735558
ZNF277,21,0,0,0.571025299540833,NA,NA,NA,0.686067320387239
MSL2,4,0,0,0.571025299540833,NA,NA,NA,0.686172662430675
SNAP23,12,0,0,0.571025299540833,NA,NA,NA,0.686223931654251
SLC16A3,17,0,0,0.571303021482215,NA,NA,NA,0.686344365820956
RNASEL,2,0,0,0.571412814837323,NA,NA,NA,0.686360536349524
MLX,13,0,0,0.571025299540833,NA,NA,NA,0.686404553126434
PPP1R3D,5,0,0,0.571522761919099,NA,NA,NA,0.686406378170978
HS3ST3A1,11,0,0,0.571303021482215,NA,NA,NA,0.686621301027626
HARS,3,0,0,0.571025299540833,NA,NA,NA,0.686654842574838
UTP3,10,0,0,0.571025299540833,NA,NA,NA,0.686765010118894
WDR37,8,0,0,0.571522761919099,NA,NA,NA,0.686825526105273
EMB,11,0,0,0.571893040156263,NA,NA,NA,0.687319105086802
CPLX1,2,0,0,0.571893040156263,NA,NA,NA,0.687486147012017
MBD6,3,0,0,0.571893040156263,NA,NA,NA,0.687660023733677
CEP78,22,0,0,0.571893040156263,NA,NA,NA,0.687753098740765
MBD3,4,0,0,0.571893040156263,NA,NA,NA,0.687765867340818
SLC30A5,15,0,0,0.571893040156263,NA,NA,NA,0.687794126191182
KIDINS220,3,0,0,0.571893040156263,NA,NA,NA,0.687819295884754
WIPF2,14,0,0,0.572080892623446,NA,NA,NA,0.68783601154456
SLC25A24,15,0,0,0.571893040156263,NA,NA,NA,0.687922644947253
CLMP,20,0,0,0.571893040156263,NA,NA,NA,0.687939916166353
TTC39B,14,0,0,0.571893040156263,NA,NA,NA,0.687954801069186
LGALSL,5,0,0,0.572386704138934,NA,NA,NA,0.687959214963403
PAQR4,4,0,0,0.571893040156263,NA,NA,NA,0.688029548110589
INIP,11,0,0,0.571893040156263,NA,NA,NA,0.688116189060334
PCDHAC2,5,0,0,0.571893040156263,NA,NA,NA,0.68814712235209
SPHK2,3,0,0,0.572386704138934,NA,NA,NA,0.688237075130046
PHC1,2,0,0,0.573693292406604,NA,NA,NA,0.689874055967401
POP7,3,0,0,0.573693292406604,NA,NA,NA,0.690066119128912
CKAP4,12,0,0,0.573693292406604,NA,NA,NA,0.690312531630749
MAPKAPK2,3,0,0,0.573693292406604,NA,NA,NA,0.690339066332118
RAB1A,14,0,0,0.574212348839003,NA,NA,NA,0.690414128247709
NEURL1B,4,0,0,0.573693292406604,NA,NA,NA,0.69042595802365
SDHAF1,4,0,0,0.574212348839003,NA,NA,NA,0.690476686060416
PHF23,11,0,0,0.573986057531606,NA,NA,NA,0.690499278060188
STS,6,0,0,0.574212348839003,NA,NA,NA,0.690649875774898
POLR2I,4,0,0,0.574351323209408,NA,NA,NA,0.690727870428567
KIFC2,3,0,0,0.574212348839003,NA,NA,NA,0.690777963676624
AMMECR1,3,0,0,0.574417435780968,NA,NA,NA,0.69081885410888
TARBP1,3,0,0,0.574212348839003,NA,NA,NA,0.690899495486237
ZFAND3,5,0,0,0.574417435780968,NA,NA,NA,0.690938967545544
SORL1,8,0,0,0.574417435780968,NA,NA,NA,0.691063715002313
EIF5A2,18,0,0,0.574212348839003,NA,NA,NA,0.691116089080464
ARIH1,21,0,0,0.574665406018966,NA,NA,NA,0.691174457402876
MAP1LC3B,10,0,0,0.574212348839003,NA,NA,NA,0.691313968823384
YBX1,6,0,0,0.575062760133236,NA,NA,NA,0.691393111646045
SKA3,12,0,0,0.574212348839003,NA,NA,NA,0.691581360415832
TFCP2,8,0,0,0.575062760133236,NA,NA,NA,0.691614650152657
MED17,7,0,0,0.575132165552008,NA,NA,NA,0.691653341059461
TPD52L1,4,0,0,0.575244531111863,NA,NA,NA,0.691823468707304
ADGRG2,5,0,0,0.575244531111863,NA,NA,NA,0.691841754831509
FRMD8,4,0,0,0.575632954775362,NA,NA,NA,0.692269775614284
FAM110C,4,0,0,0.575632954775362,NA,NA,NA,0.69246754373316
ARID1B,6,0,0,0.575775220248351,NA,NA,NA,0.692477005332729
DLD,20,0,0,0.575632954775362,NA,NA,NA,0.692502778306658
OSBPL9,19,0,0,0.57553531942228,NA,NA,NA,0.692569406309272
CISD1,23,0,0,0.575632954775362,NA,NA,NA,0.692658923472329
SRSF1,29,0,0,0.575775220248351,NA,NA,NA,0.692751374656527
ZNF35,5,0,0,0.575775220248351,NA,NA,NA,0.692821230420302
ZNF143,6,0,0,0.576530409130918,NA,NA,NA,0.693464616329354
CXXC5,8,0,0,0.576530409130918,NA,NA,NA,0.693603744413321
ATAD2B,8,0,0,0.576486312938651,NA,NA,NA,0.693619503971825
RAD50,17,0,0,0.576393509865472,NA,NA,NA,0.693711821893894
R3HDM2,2,0,0,0.576393509865472,NA,NA,NA,0.693804881998232
CBLL1,11,0,0,0.576486312938651,NA,NA,NA,0.693892457557261
HBS1L,5,0,0,0.576393509865472,NA,NA,NA,0.69398138072725
SETD9,3,0,0,0.577128516318243,NA,NA,NA,0.694156853110132
SSBP4,3,0,0,0.577128516318243,NA,NA,NA,0.694258611285916
CACYBP,14,0,0,0.577185710224731,NA,NA,NA,0.694273561743163
TAF13,3,0,0,0.577128516318243,NA,NA,NA,0.694316729713952
STAU1,10,0,0,0.577128516318243,NA,NA,NA,0.694367120829709
DDHD2,20,0,0,0.577153716790208,NA,NA,NA,0.694441088358321
BLZF1,7,0,0,0.577185710224731,NA,NA,NA,0.69447385908773
STIM2,8,0,0,0.577128516318243,NA,NA,NA,0.694515238845431
DBR1,5,0,0,0.577128516318243,NA,NA,NA,0.694518440732277
SSFA2,5,0,0,0.577651798759117,NA,NA,NA,0.694664099151631
SERINC1,16,0,0,0.577128516318243,NA,NA,NA,0.694738190584879
NELFA,5,0,0,0.577128516318243,NA,NA,NA,0.694872261369896
ZNF589,10,0,0,0.577999203550757,NA,NA,NA,0.694929441070647
NMT2,13,0,0,0.577128516318243,NA,NA,NA,0.694935976784796
MID2,5,0,0,0.577128516318243,NA,NA,NA,0.694947418461054
NNMT,6,0,0,0.578483640291177,NA,NA,NA,0.695492990985901
ARF5,4,0,0,0.578451205163433,NA,NA,NA,0.695660242803877
POLR2J,5,0,0,0.578483640291177,NA,NA,NA,0.695729465638794
COPS2,19,0,0,0.578719791858773,NA,NA,NA,0.695921614394672
PELO,5,0,0,0.578789422614101,NA,NA,NA,0.696045184451592
SON,13,0,0,0.578789422614101,NA,NA,NA,0.696103250682873
GPCPD1,6,0,0,0.579080093818196,NA,NA,NA,0.696488145305018
OSTM1,15,0,0,0.579384006711617,NA,NA,NA,0.697178611386151
KDSR,21,0,0,0.579858457947914,NA,NA,NA,0.697476012366091
CDK13,5,0,0,0.579766977459097,NA,NA,NA,0.697480763203308
NME6,7,0,0,0.580273783827059,NA,NA,NA,0.697711027266794
TBC1D19,17,0,0,0.580511136382079,NA,NA,NA,0.697734042523899
SRGAP2,5,0,0,0.580228961912516,NA,NA,NA,0.697764863563565
NCOA1,10,0,0,0.580511136382079,NA,NA,NA,0.697838362959341
TCEAL4,11,0,0,0.580511136382079,NA,NA,NA,0.697974297197107
TPP2,9,0,0,0.580511136382079,NA,NA,NA,0.698006467347348
CNOT6L,8,0,0,0.580962842429804,NA,NA,NA,0.698107971913738
SUPT7L,16,0,0,0.581041193101056,NA,NA,NA,0.698443033984627
ZNF443,6,0,0,0.5812006454916,NA,NA,NA,0.698509675250542
PLAA,7,0,0,0.581381140630882,NA,NA,NA,0.698598417456537
IER5,10,0,0,0.581760330420954,NA,NA,NA,0.699324678574342
FMR1,4,0,0,0.581760330420954,NA,NA,NA,0.699345939399986
HNRNPA2B1,40,0,0,0.582514327826716,NA,NA,NA,0.700973561538722
USP30,4,0,0,0.582809221624012,NA,NA,NA,0.700978531315335
AMFR,7,0,0,0.582809221624012,NA,NA,NA,0.701027067015654
PROSER3,11,0,0,0.582479155335087,NA,NA,NA,0.701038185979096
AQR,18,0,0,0.582809221624012,NA,NA,NA,0.701127675698568
ALDOA,3,0,0,0.58271501092177,NA,NA,NA,0.701157790670876
MFSD13A,5,0,0,0.582809221624012,NA,NA,NA,0.701238316424442
NFKB1,3,0,0,0.58271501092177,NA,NA,NA,0.70128120947429
JPT1,4,0,0,0.582934910873126,NA,NA,NA,0.701759717648786
CD59,37,0,0,0.582934910873126,NA,NA,NA,0.701787660966984
ARHGAP45,2,0,0,0.582934910873126,NA,NA,NA,0.701900535401131
ZNF462,9,0,0,0.582934910873126,NA,NA,NA,0.701966896252505
SRRM2,3,0,0,0.583010251040276,NA,NA,NA,0.70213677387844
HFE,7,0,0,0.583464745076406,NA,NA,NA,0.702982215778736
NFIA,7,0,0,0.583464745076406,NA,NA,NA,0.703148546264487
EMC1,21,0,0,0.583464745076406,NA,NA,NA,0.70342344793087
RPS19BP1,3,0,0,0.583464745076406,NA,NA,NA,0.703453885153373
SETD3,7,0,0,0.583464745076406,NA,NA,NA,0.7035229326178
ZNF519,3,0,0,0.583935136624511,NA,NA,NA,0.704424466588954
GJA5,3,0,0,0.583935136624511,NA,NA,NA,0.704673326896811
SLC19A2,6,0,0,0.58417493161952,NA,NA,NA,0.704720663644953
FAM126B,11,0,0,0.584443372491771,NA,NA,NA,0.704870584605293
BAK1,5,0,0,0.58417493161952,NA,NA,NA,0.70496286282471
BAG3,5,0,0,0.58439131626491,NA,NA,NA,0.70502068828637
MMP16,9,0,0,0.584443372491771,NA,NA,NA,0.705136732181473
KCNQ5,5,0,0,0.585000403567698,NA,NA,NA,0.705478778778713
CDC34,4,0,0,0.584987720915624,NA,NA,NA,0.705689872175712
TMC7,16,0,0,0.585000403567698,NA,NA,NA,0.705699658074602
FRA10AC1,9,0,0,0.58568427067382,NA,NA,NA,0.705890162469982
TRMT61B,2,0,0,0.585000403567698,NA,NA,NA,0.705921117515674
GPALPP1,3,0,0,0.585000403567698,NA,NA,NA,0.705964705033645
MPDU1,10,0,0,0.585000403567698,NA,NA,NA,0.705971732765235
BNIP2,9,0,0,0.585000403567698,NA,NA,NA,0.706036290959897
KLHL42,15,0,0,0.58568427067382,NA,NA,NA,0.706058258911739
SETD6,13,0,0,0.58568427067382,NA,NA,NA,0.706120586680751
TEAD2,9,0,0,0.585000403567698,NA,NA,NA,0.706203282880498
VEZF1,4,0,0,0.585000403567698,NA,NA,NA,0.706266722401857
WDR82,15,0,0,0.586381597133624,NA,NA,NA,0.706284721067251
GNL2,5,0,0,0.586157365236282,NA,NA,NA,0.706356015117989
LMNB2,6,0,0,0.58625494383861,NA,NA,NA,0.70635616836549
TNFSF12-TNFSF13,2,0,0,0.586381597133624,NA,NA,NA,0.7064291624633
LURAP1,13,0,0,0.585000403567698,NA,NA,NA,0.706434471987041
CAB39L,5,0,0,0.586157365236282,NA,NA,NA,0.706557318838013
TMEM170B,4,0,0,0.586805998103241,NA,NA,NA,0.707148316834638
SRD5A1,11,0,0,0.587120141693193,NA,NA,NA,0.707548961072671
DNAJB11,5,0,0,0.587573312418154,NA,NA,NA,0.708571848493033
ZFHX4,2,0,0,0.587573312418154,NA,NA,NA,0.708827619105485
ZC4H2,8,0,0,0.587882343014506,NA,NA,NA,0.70895168441019
CLUAP1,20,0,0,0.587573312418154,NA,NA,NA,0.708958802132923
IPPK,8,0,0,0.588077761167937,NA,NA,NA,0.709021378018087
SLC30A4,7,0,0,0.587573312418154,NA,NA,NA,0.709118376721321
PNISR,9,0,0,0.587636534689401,NA,NA,NA,0.709137484508189
TPD52L2,5,0,0,0.587882343014506,NA,NA,NA,0.709147871987686
SOX4,13,0,0,0.588077761167937,NA,NA,NA,0.709171941817715
ARMC7,9,0,0,0.587882343014506,NA,NA,NA,0.709262466126167
CSTF2T,12,0,0,0.588077761167937,NA,NA,NA,0.709270279292111
CBLN3,7,0,0,0.587882343014506,NA,NA,NA,0.709298103581622
PREPL,12,0,0,0.587882343014506,NA,NA,NA,0.709353789861129
TPBG,11,0,0,0.587882343014506,NA,NA,NA,0.709545963788109
TIMM9,14,0,0,0.590327431303174,NA,NA,NA,0.711554045654522
AK3,9,0,0,0.590307752237303,NA,NA,NA,0.711636424728461
TNFAIP3,5,0,0,0.590487329060212,NA,NA,NA,0.711660440394706
CC2D2A,4,0,0,0.590307752237303,NA,NA,NA,0.711680306213991
SETDB1,6,0,0,0.590307752237303,NA,NA,NA,0.711745333535356
EDC3,5,0,0,0.590307752237303,NA,NA,NA,0.71182687509901
ILF3,6,0,0,0.591351964228685,NA,NA,NA,0.71338561100403
IL13RA1,10,0,0,0.59141346395413,NA,NA,NA,0.713511847789245
EPB41L2,5,0,0,0.591351964228685,NA,NA,NA,0.713555847006368
IPO11,14,0,0,0.591351964228685,NA,NA,NA,0.713686459688627
NEDD4L,17,0,0,0.591351964228685,NA,NA,NA,0.713822498401779
POLR2B,4,0,0,0.591351964228685,NA,NA,NA,0.713845684168553
NOB1,4,0,0,0.591351964228685,NA,NA,NA,0.713871479035247
PLXNA2,5,0,0,0.591351964228685,NA,NA,NA,0.713936197697054
POLDIP2,18,0,0,0.591351964228685,NA,NA,NA,0.713968686965984
EIF2AK2,20,0,0,0.591351964228685,NA,NA,NA,0.713980644640695
MDN1,2,0,0,0.591351964228685,NA,NA,NA,0.71419209308258
PIK3R4,3,0,0,0.592375165020425,NA,NA,NA,0.714489556924033
SRSF7,8,0,0,0.592375165020425,NA,NA,NA,0.714706105354295
GTPBP8,15,0,0,0.592695891947709,NA,NA,NA,0.714754435756275
RPGRIP1L,9,0,0,0.592695891947709,NA,NA,NA,0.714898823382374
ZNF732,6,0,0,0.592695891947709,NA,NA,NA,0.715059004883934
SLTM,4,0,0,0.592695891947709,NA,NA,NA,0.715062742445869
PANK3,30,0,0,0.592758418222866,NA,NA,NA,0.715230443181
RPL36A,3,0,0,0.592809144000066,NA,NA,NA,0.715247646308869
CKS2,5,0,0,0.592765233367723,NA,NA,NA,0.715305269978792
ALG1,12,0,0,0.593571067879286,NA,NA,NA,0.716283100132495
CDCA7L,10,0,0,0.593712290906467,NA,NA,NA,0.716327013006563
CBY1,3,0,0,0.593952290816833,NA,NA,NA,0.71664528747324
KCTD3,9,0,0,0.594082323038495,NA,NA,NA,0.716711785395127
CCDC120,3,0,0,0.594082323038495,NA,NA,NA,0.716915706718489
BCAR1,6,0,0,0.594348348537677,NA,NA,NA,0.717157008604222
SIGMAR1,6,0,0,0.594348348537677,NA,NA,NA,0.71734315915494
CASC4,5,0,0,0.594809037038239,NA,NA,NA,0.717865075420203
CNOT6,17,0,0,0.595764211581508,NA,NA,NA,0.718484622706509
ELP4,12,0,0,0.595756663836247,NA,NA,NA,0.718546210014039
EXOSC3,14,0,0,0.595764211581508,NA,NA,NA,0.718601716623055
YY1,15,0,0,0.595764211581508,NA,NA,NA,0.718606501730044
RCL1,16,0,0,0.595635589913949,NA,NA,NA,0.718665092595404
PROCA1,2,0,0,0.595580737131877,NA,NA,NA,0.718711871780951
XRN1,8,0,0,0.595764211581508,NA,NA,NA,0.718715462680895
ZNF354B,13,0,0,0.595756663836247,NA,NA,NA,0.718748036983246
CADM3,12,0,0,0.59554501841267,NA,NA,NA,0.71877868388766
HIGD1A,13,0,0,0.59554501841267,NA,NA,NA,0.718817347985604
PLEKHA5,3,0,0,0.595764211581508,NA,NA,NA,0.718819284346123
NXPE3,9,0,0,0.595756663836247,NA,NA,NA,0.71885611493196
EEF2K,10,0,0,0.595756663836247,NA,NA,NA,0.719016563168649
SLC25A33,5,0,0,0.596000689524594,NA,NA,NA,0.719368056828594
PGAM5,7,0,0,0.596348618546856,NA,NA,NA,0.719962958815072
PILRB,5,0,0,0.59694719433077,NA,NA,NA,0.72006831335749
AGPAT3,16,0,0,0.596348618546856,NA,NA,NA,0.720097918242622
PRKCZ,8,0,0,0.59694719433077,NA,NA,NA,0.720235684428816
POPDC3,4,0,0,0.59694719433077,NA,NA,NA,0.720243375856573
ELL2,7,0,0,0.596348618546856,NA,NA,NA,0.720258391939283
NNT,15,0,0,0.59694719433077,NA,NA,NA,0.720315298016036
UBR3,20,0,0,0.59694719433077,NA,NA,NA,0.720502709528232
CALM1,22,0,0,0.597447667460916,NA,NA,NA,0.720594160806669
POLR1A,27,0,0,0.59694719433077,NA,NA,NA,0.72060461617709
CLU,4,0,0,0.59694719433077,NA,NA,NA,0.7206284362187
LRP6,11,0,0,0.59694719433077,NA,NA,NA,0.720640538706131
SRPX2,9,0,0,0.597262103649046,NA,NA,NA,0.720712586106718
RANBP2,11,0,0,0.59694719433077,NA,NA,NA,0.720721888983485
ZNF148,13,0,0,0.597447667460916,NA,NA,NA,0.720781288294873
IDH3A,11,0,0,0.59694719433077,NA,NA,NA,0.720853987312727
PCDHB11,4,0,0,0.597447667460916,NA,NA,NA,0.72087113120789
ATG12,24,0,0,0.59694719433077,NA,NA,NA,0.72089440218278
APEX1,4,0,0,0.59694719433077,NA,NA,NA,0.721039227611365
EVI2A,4,0,0,0.597731080744958,NA,NA,NA,0.721762516193785
C11orf54,8,0,0,0.597731080744958,NA,NA,NA,0.72189306463852
SNRNP27,21,0,0,0.597838251468915,NA,NA,NA,0.722206024370776
GNA13,9,0,0,0.597838251468915,NA,NA,NA,0.722268905220943
HIGD2A,5,0,0,0.598378410985909,NA,NA,NA,0.723064101131222
DDX20,8,0,0,0.598553820644882,NA,NA,NA,0.723310590851028
ARL15,8,0,0,0.598598957750827,NA,NA,NA,0.723421160267042
C8orf58,4,0,0,0.598764108582368,NA,NA,NA,0.723488674079014
HELLS,24,0,0,0.598973619095651,NA,NA,NA,0.723770442533071
CCNH,24,0,0,0.599027792229404,NA,NA,NA,0.724148932790591
VAMP3,11,0,0,0.599027792229404,NA,NA,NA,0.724721283810633
MPG,3,0,0,0.599167476377505,NA,NA,NA,0.725033491481655
ALCAM,11,0,0,0.599556913909585,NA,NA,NA,0.725637534164272
CHD3,2,0,0,0.599745459850653,NA,NA,NA,0.7258966154906
SNIP1,9,0,0,0.600250819221303,NA,NA,NA,0.726803400588842
RNF213,8,0,0,0.600250819221303,NA,NA,NA,0.726804063397301
RBM45,7,0,0,0.60055796415899,NA,NA,NA,0.727265758184196
RNF135,2,0,0,0.600880658879425,NA,NA,NA,0.727565906806683
CALM3,5,0,0,0.600880658879425,NA,NA,NA,0.727629015395398
FAHD1,4,0,0,0.600880658879425,NA,NA,NA,0.727753073880578
ACTR8,23,0,0,0.600883459524641,NA,NA,NA,0.727852100737973
GLUD1,13,0,0,0.601123204393793,NA,NA,NA,0.728016570692342
CNTLN,3,0,0,0.601123204393793,NA,NA,NA,0.72822498982022
GRWD1,7,0,0,0.601347669682136,NA,NA,NA,0.728353258567934
P2RY11,4,0,0,0.60145899968076,NA,NA,NA,0.728363556562506
PPL,6,0,0,0.601969420022534,NA,NA,NA,0.729412829383305
IQGAP1,9,0,0,0.60182686379519,NA,NA,NA,0.729446497390386
CCNI,8,0,0,0.602072544579405,NA,NA,NA,0.729502565530949
CGRRF1,14,0,0,0.602072544579405,NA,NA,NA,0.729542257965483
PSME4,8,0,0,0.601969420022534,NA,NA,NA,0.729634431705916
ELOC,14,0,0,0.602529662395186,NA,NA,NA,0.730215089890403
AKAP2,8,0,0,0.602340839650344,NA,NA,NA,0.730234813040459
UBE4A,6,0,0,0.602413049508855,NA,NA,NA,0.730359119797214
SNTB2,13,0,0,0.602529662395186,NA,NA,NA,0.730366496167603
PCNX1,23,0,0,0.602529662395186,NA,NA,NA,0.730388423048665
EFNA1,4,0,0,0.602340839650344,NA,NA,NA,0.730475878592887
GNPNAT1,20,0,0,0.602529662395186,NA,NA,NA,0.73050541608564
RIT1,12,0,0,0.602340839650344,NA,NA,NA,0.730564457936976
EPOR,7,0,0,0.602340839650344,NA,NA,NA,0.730657143872516
LRRC47,7,0,0,0.602340839650344,NA,NA,NA,0.730789213256011
SEPT2,15,0,0,0.602995314953031,NA,NA,NA,0.731265334195635
CSF3,2,0,0,0.603001954933828,NA,NA,NA,0.731496596808602
CYP39A1,3,0,0,0.603348587910293,NA,NA,NA,0.732134436120809
APIP,6,0,0,0.603348587910293,NA,NA,NA,0.73225299178336
GRAMD1B,2,0,0,0.603348587910293,NA,NA,NA,0.732533817660914
TTLL5,5,0,0,0.603631807660032,NA,NA,NA,0.732722417430248
GPI,8,0,0,0.603914447521475,NA,NA,NA,0.732913522359881
THUMPD2,8,0,0,0.603995551468722,NA,NA,NA,0.7332192109265
EMC2,11,0,0,0.604162499891332,NA,NA,NA,0.733313954377252
GM2A,17,0,0,0.604489968324341,NA,NA,NA,0.733704020876348
H3F3A,5,0,0,0.604696884721471,NA,NA,NA,0.734077355143665
NEDD4,11,0,0,0.604877648354386,NA,NA,NA,0.734158796277047
STAT1,19,0,0,0.60523487649283,NA,NA,NA,0.734210412738887
IKBKB,7,0,0,0.604696884721471,NA,NA,NA,0.734253200033441
SMUG1,10,0,0,0.604696884721471,NA,NA,NA,0.73427616084801
PRPF38A,15,0,0,0.60523487649283,NA,NA,NA,0.734432027580523
THAP1,11,0,0,0.60523487649283,NA,NA,NA,0.734494915367372
ZNF253,10,0,0,0.6060175728805,NA,NA,NA,0.735024498158195
PCYT2,9,0,0,0.606259892637577,NA,NA,NA,0.735491805962144
VPS50,11,0,0,0.606259892637577,NA,NA,NA,0.735605964990796
ARL6IP5,14,0,0,0.606358469540432,NA,NA,NA,0.735949843241298
METTL15,5,0,0,0.606259892637577,NA,NA,NA,0.735954647363227
FRY,4,0,0,0.606259892637577,NA,NA,NA,0.735973802940398
SIL1,6,0,0,0.606358469540432,NA,NA,NA,0.736141852757308
MINPP1,4,0,0,0.606594600403098,NA,NA,NA,0.736146319928466
ALDH1B1,6,0,0,0.606701054593667,NA,NA,NA,0.736150034358761
SRSF3,14,0,0,0.606259892637577,NA,NA,NA,0.73622538741142
DOPEY2,7,0,0,0.606898881021535,NA,NA,NA,0.736248761000455
NOP9,6,0,0,0.607456689584293,NA,NA,NA,0.736507719975841
C19orf66,3,0,0,0.607566374691837,NA,NA,NA,0.736638496257669
SP110,7,0,0,0.607456689584293,NA,NA,NA,0.736725204935233
SPART,12,0,0,0.607566374691837,NA,NA,NA,0.736782834036818
C17orf51,15,0,0,0.607456689584293,NA,NA,NA,0.736891205384383
ZC3H10,6,0,0,0.608119899119248,NA,NA,NA,0.737317362609049
OCIAD1,8,0,0,0.608119899119248,NA,NA,NA,0.737392253237823
MDM4,17,0,0,0.608448049256322,NA,NA,NA,0.737733961702933
BMP2K,5,0,0,0.608753252709567,NA,NA,NA,0.738859968547404
EEF1A1,11,0,0,0.609113836315948,NA,NA,NA,0.739284533658091
SH3BP5,7,0,0,0.609213647213289,NA,NA,NA,0.739291114557995
MNS1,4,0,0,0.609213647213289,NA,NA,NA,0.739428981248252
CPSF2,29,0,0,0.609213647213289,NA,NA,NA,0.739692152866032
CTH,10,0,0,0.609213647213289,NA,NA,NA,0.739959499669843
KDM1B,5,0,0,0.609213647213289,NA,NA,NA,0.739991040688517
PSMA7,5,0,0,0.609213647213289,NA,NA,NA,0.74012780231597
DTX3L,3,0,0,0.609667811874986,NA,NA,NA,0.740145487551352
S100A10,6,0,0,0.609213647213289,NA,NA,NA,0.740181376249937
SPATA33,7,0,0,0.609702452593417,NA,NA,NA,0.740443397395399
ZNF701,8,0,0,0.609702452593417,NA,NA,NA,0.740751730611313
DDX58,5,0,0,0.609857983554157,NA,NA,NA,0.740786874315349
SKA2,22,0,0,0.60984100894484,NA,NA,NA,0.740876943709283
MOCS2,8,0,0,0.60984100894484,NA,NA,NA,0.741095592364459
IL31RA,2,0,0,0.60984100894484,NA,NA,NA,0.741126440117267
TTC23,6,0,0,0.60984100894484,NA,NA,NA,0.741387478589333
PIGN,6,0,0,0.60984100894484,NA,NA,NA,0.741577621186357
RSPRY1,10,0,0,0.610519681302787,NA,NA,NA,0.741582499617106
RNF139,13,0,0,0.610519681302787,NA,NA,NA,0.741724839931569
URB1,15,0,0,0.610519681302787,NA,NA,NA,0.741956044431829
ZNF697,9,0,0,0.61176351514672,NA,NA,NA,0.743532389042572
HIST4H4,8,0,0,0.612045672581228,NA,NA,NA,0.74398241965899
TDG,13,0,0,0.612166019912174,NA,NA,NA,0.744296427077927
SH3PXD2B,3,0,0,0.612166019912174,NA,NA,NA,0.744324004091717
ATP6V1B2,9,0,0,0.612166019912174,NA,NA,NA,0.744553121032767
BCL2L11,10,0,0,0.612166019912174,NA,NA,NA,0.744566665717823
MEIS2,6,0,0,0.613166505634596,NA,NA,NA,0.745555717889066
NMNAT2,8,0,0,0.613166505634596,NA,NA,NA,0.745632228249826
PCDH7,5,0,0,0.613282216132326,NA,NA,NA,0.745643570860798
TNFAIP8L3,2,0,0,0.613999187648182,NA,NA,NA,0.746114630781448
UBQLN1,13,0,0,0.61391163587992,NA,NA,NA,0.746187529500343
FAF1,8,0,0,0.613999187648182,NA,NA,NA,0.746311104692939
CBX3,12,0,0,0.613999187648182,NA,NA,NA,0.746581494124539
AKAP12,4,0,0,0.614703446105941,NA,NA,NA,0.747750794481408
TAF1A,5,0,0,0.614844357385096,NA,NA,NA,0.748034790592557
UQCR10,6,0,0,0.614844357385096,NA,NA,NA,0.748277066179418
SYS1,2,0,0,0.616034559341339,NA,NA,NA,0.74956769350109
OSER1,6,0,0,0.616009751644823,NA,NA,NA,0.749708446407821
TBC1D9B,6,0,0,0.616034559341339,NA,NA,NA,0.749731586122997
RAB11FIP5,2,0,0,0.616292968285383,NA,NA,NA,0.749749600905459
GUSB,2,0,0,0.616034559341339,NA,NA,NA,0.749785089669434
CDKN2C,7,0,0,0.616822870531617,NA,NA,NA,0.750738507771445
ELMO3,2,0,0,0.616950915007089,NA,NA,NA,0.751422468255467
HDHD2,9,0,0,0.616950915007089,NA,NA,NA,0.751435751832672
GNG12,14,0,0,0.616950915007089,NA,NA,NA,0.751674210787757
COX20,19,0,0,0.617313721596452,NA,NA,NA,0.751742876853489
PPIL4,9,0,0,0.616950915007089,NA,NA,NA,0.751819459965539
EIF4A3,7,0,0,0.617958691805372,NA,NA,NA,0.752462628233789
LRP12,10,0,0,0.618453550117952,NA,NA,NA,0.753188228920625
TRPM2,3,0,0,0.618641491602622,NA,NA,NA,0.753579080664928
ATP5G3,11,0,0,0.618750202882639,NA,NA,NA,0.753598016606545
ZNF45,12,0,0,0.620524287453817,NA,NA,NA,0.755458889737211
RPS16,5,0,0,0.620234548901323,NA,NA,NA,0.75547527017684
AFG1L,11,0,0,0.620524611065035,NA,NA,NA,0.755531834072545
CD109,10,0,0,0.620524287453817,NA,NA,NA,0.755574967153302
PPP1R12B,7,0,0,0.620368135256074,NA,NA,NA,0.755664247914253
TBC1D1,6,0,0,0.620234548901323,NA,NA,NA,0.755665766655936
RTCA,7,0,0,0.620234548901323,NA,NA,NA,0.755732277767889
ITGB1,12,0,0,0.620234548901323,NA,NA,NA,0.75576009674915
ESF1,5,0,0,0.620524287453817,NA,NA,NA,0.755775280323556
PPFIBP1,11,0,0,0.620524287453817,NA,NA,NA,0.755954594781712
PMS1,5,0,0,0.620524287453817,NA,NA,NA,0.756040076308385
RNF165,4,0,0,0.622526734507116,NA,NA,NA,0.756700212104298
UPRT,7,0,0,0.622547670884075,NA,NA,NA,0.756790507889677
ICK,6,0,0,0.622632735987953,NA,NA,NA,0.756817196741081
ING2,13,0,0,0.622545266229571,NA,NA,NA,0.75690977093968
XPR1,24,0,0,0.622526734507116,NA,NA,NA,0.756924021670949
NCOA6,4,0,0,0.622630785028093,NA,NA,NA,0.756925053011239
SRP72,13,0,0,0.622547670884075,NA,NA,NA,0.757001838291894
SSR3,34,0,0,0.622526734507116,NA,NA,NA,0.757036353844106
TLL1,8,0,0,0.622526734507116,NA,NA,NA,0.757166515971973
APOL2,2,0,0,0.622526734507116,NA,NA,NA,0.757168173309468
UQCRFS1,8,0,0,0.622547670884075,NA,NA,NA,0.757175299467797
HUWE1,6,0,0,0.622547670884075,NA,NA,NA,0.757208359956081
C17orf97,6,0,0,0.621528505697537,NA,NA,NA,0.757280871843979
SRSF5,9,0,0,0.622526734507116,NA,NA,NA,0.757391845116853
RCC2,6,0,0,0.621528505697537,NA,NA,NA,0.757416399067635
SLC25A32,29,0,0,0.621509108618227,NA,NA,NA,0.75743281672059
MXI1,11,0,0,0.621528505697537,NA,NA,NA,0.757446406552307
CLCN2,2,0,0,0.622526734507116,NA,NA,NA,0.757480996533844
PMEPA1,14,0,0,0.622013944896392,NA,NA,NA,0.75757041175942
MAU2,4,0,0,0.622013944896392,NA,NA,NA,0.757599171609569
PLCB3,7,0,0,0.621509108618227,NA,NA,NA,0.757648799738443
FBRSL1,7,0,0,0.622242207514987,NA,NA,NA,0.757724213162952
DCTPP1,6,0,0,0.622526734507116,NA,NA,NA,0.757737849009163
COL13A1,4,0,0,0.622013944896392,NA,NA,NA,0.757793377157075
TPGS1,3,0,0,0.622013944896392,NA,NA,NA,0.757798055852012
SGSH,4,0,0,0.622526734507116,NA,NA,NA,0.757834169336019
TTC39C,10,0,0,0.622526734507116,NA,NA,NA,0.757965514210219
ENTPD4,17,0,0,0.622013944896392,NA,NA,NA,0.758034497916257
MILR1,3,0,0,0.622013944896392,NA,NA,NA,0.758056219133471
KANK1,4,0,0,0.622526734507116,NA,NA,NA,0.758075691761972
NEXN,7,0,0,0.622526734507116,NA,NA,NA,0.758140881222031
STAG1,6,0,0,0.622526734507116,NA,NA,NA,0.758253786089864
MMAB,9,0,0,0.622526734507116,NA,NA,NA,0.758268286943388
LNP1,3,0,0,0.622526734507116,NA,NA,NA,0.758318365528486
CLSTN1,5,0,0,0.623845126444989,NA,NA,NA,0.758590601314032
RGS17,13,0,0,0.624071854582308,NA,NA,NA,0.758603533079413
EIF4E3,16,0,0,0.624044570789915,NA,NA,NA,0.758685663409127
ACOX3,20,0,0,0.624444613987672,NA,NA,NA,0.758724993973877
POLK,9,0,0,0.624444613987672,NA,NA,NA,0.758852660885094
PTER,19,0,0,0.624444613987672,NA,NA,NA,0.75892165036681
TOMM5,11,0,0,0.624586329390245,NA,NA,NA,0.758933973665289
KIAA1549,9,0,0,0.624586329390245,NA,NA,NA,0.758939093738081
HOXA2,5,0,0,0.624444613987672,NA,NA,NA,0.759010242009539
NPLOC4,5,0,0,0.624586329390245,NA,NA,NA,0.759151698211213
PCDHB14,4,0,0,0.624586329390245,NA,NA,NA,0.759205809560422
BCDIN3D,4,0,0,0.624444613987672,NA,NA,NA,0.759267400185986
PFN4,6,0,0,0.624883052938428,NA,NA,NA,0.759335936582854
RPL34,10,0,0,0.625425515439981,NA,NA,NA,0.760208792847023
SYNJ2,15,0,0,0.626332969514902,NA,NA,NA,0.761394845522357
PHAX,18,0,0,0.626332969514902,NA,NA,NA,0.761518442904131
SP2,9,0,0,0.627277086703746,NA,NA,NA,0.762390675138817
NUP155,18,0,0,0.627277086703746,NA,NA,NA,0.762517715120195
SMARCC2,8,0,0,0.627277086703746,NA,NA,NA,0.762611671588959
DDX31,11,0,0,0.627444812795613,NA,NA,NA,0.762672559971859
NUP43,6,0,0,0.627435750099946,NA,NA,NA,0.762717132317385
ZNF146,7,0,0,0.627444812795613,NA,NA,NA,0.762874451435374
ARL3,4,0,0,0.627444812795613,NA,NA,NA,0.762874886780244
MAP3K7CL,3,0,0,0.627444812795613,NA,NA,NA,0.762875354330544
UPK1B,2,0,0,0.627444812795613,NA,NA,NA,0.763102528670545
TLDC1,15,0,0,0.627524203921761,NA,NA,NA,0.763129916716388
AGO1,17,0,0,0.627821883062962,NA,NA,NA,0.763645854512772
ERLEC1,11,0,0,0.627997051526006,NA,NA,NA,0.763714773908418
FNBP1L,9,0,0,0.627814100251856,NA,NA,NA,0.763748831346787
FNDC3A,9,0,0,0.628298797373731,NA,NA,NA,0.763959970752028
LYN,11,0,0,0.628424918175786,NA,NA,NA,0.7639785003688
TRIM23,14,0,0,0.628477884918054,NA,NA,NA,0.764049748342828
MIS18BP1,6,0,0,0.628477884918054,NA,NA,NA,0.764106639569857
PROM2,2,0,0,0.628298797373731,NA,NA,NA,0.76419814315839
RAD51D,6,0,0,0.629134005377248,NA,NA,NA,0.764844495527239
CEP97,11,0,0,0.629183696373757,NA,NA,NA,0.765098526518987
GPX8,11,0,0,0.629871710291992,NA,NA,NA,0.765849937099523
COBLL1,9,0,0,0.630267841523306,NA,NA,NA,0.76645886156441
KPNA1,27,0,0,0.631286855618948,NA,NA,NA,0.767863396257605
ATXN1L,3,0,0,0.631286855618948,NA,NA,NA,0.768087820623497
HIVEP1,2,0,0,0.631505603487503,NA,NA,NA,0.768178007067757
TMEM115,7,0,0,0.631602468181705,NA,NA,NA,0.76818832321377
ATP6V0B,2,0,0,0.632699802125993,NA,NA,NA,0.768568409023893
HIF1A,8,0,0,0.631875181210817,NA,NA,NA,0.7686041915246
PARVB,4,0,0,0.632699802125993,NA,NA,NA,0.768604906200049
SDF2,3,0,0,0.631875181210817,NA,NA,NA,0.768625345714482
RDH10,7,0,0,0.631875181210817,NA,NA,NA,0.768670880136732
NFRKB,4,0,0,0.631875181210817,NA,NA,NA,0.768750289986735
PRPF4,21,0,0,0.632699802125993,NA,NA,NA,0.768756350738044
USP24,10,0,0,0.632699802125993,NA,NA,NA,0.768894088483145
TWISTNB,12,0,0,0.632699802125993,NA,NA,NA,0.768917204494444
TMEM231,6,0,0,0.632699802125993,NA,NA,NA,0.768958316157053
TMPRSS4,4,0,0,0.632699802125993,NA,NA,NA,0.769064866003498
MCC,6,0,0,0.632699802125993,NA,NA,NA,0.769130430645661
NDRG1,6,0,0,0.632699802125993,NA,NA,NA,0.769389371740339
FOXD1,4,0,0,0.633341426908289,NA,NA,NA,0.76945510235449
YBEY,3,0,0,0.632699802125993,NA,NA,NA,0.769482275104896
LPP,10,0,0,0.633341426908289,NA,NA,NA,0.769602694788021
ERFE,2,0,0,0.632699802125993,NA,NA,NA,0.769627589817904
PDSS1,2,0,0,0.632663959224816,NA,NA,NA,0.769634783668537
DARS,7,0,0,0.633686402018699,NA,NA,NA,0.769696103039135
WDR20,3,0,0,0.632699802125993,NA,NA,NA,0.769820112363895
EIF2B3,9,0,0,0.632699802125993,NA,NA,NA,0.769840829662453
ZNF573,5,0,0,0.632699802125993,NA,NA,NA,0.769866549059534
DSP,3,0,0,0.632699802125993,NA,NA,NA,0.769878830822103
NLN,11,0,0,0.632699802125993,NA,NA,NA,0.769999076205458
RAB11B,8,0,0,0.632699802125993,NA,NA,NA,0.770029442964459
EIF3F,19,0,0,0.633905453966561,NA,NA,NA,0.770199302833591
MPDZ,5,0,0,0.633905453966561,NA,NA,NA,0.77030730882239
KLHL9,9,0,0,0.634096444891171,NA,NA,NA,0.770309792699646
GMEB1,12,0,0,0.633905453966561,NA,NA,NA,0.770336194635794
ZC3H6,6,0,0,0.633905453966561,NA,NA,NA,0.770389052626935
PER2,6,0,0,0.634096444891171,NA,NA,NA,0.770428955310823
PDE3B,16,0,0,0.633905453966561,NA,NA,NA,0.770484460916779
LRRC14,7,0,0,0.633905453966561,NA,NA,NA,0.770490065586346
DUSP3,13,0,0,0.633905453966561,NA,NA,NA,0.770570346681718
GPRC5A,7,0,0,0.633905453966561,NA,NA,NA,0.770685714299972
SEC31B,7,0,0,0.633905453966561,NA,NA,NA,0.770726600179383
NOL11,6,0,0,0.634258770238085,NA,NA,NA,0.771087374284079
PTK6,7,0,0,0.634625717435683,NA,NA,NA,0.771281628884657
UBA5,26,0,0,0.634258770238085,NA,NA,NA,0.77128214122146
OCRL,8,0,0,0.634625717435683,NA,NA,NA,0.771454893597691
NUDT11,6,0,0,0.634258770238085,NA,NA,NA,0.771456721778809
EFEMP1,8,0,0,0.634625717435683,NA,NA,NA,0.771512369971135
ARL14EP,9,0,0,0.634258770238085,NA,NA,NA,0.771721542911966
PPP1R8,3,0,0,0.634789830741305,NA,NA,NA,0.771768562542423
CYB5R2,2,0,0,0.634789830741305,NA,NA,NA,0.771874076280128
TRIM44,17,0,0,0.634789830741305,NA,NA,NA,0.77188495560459
ZNF611,11,0,0,0.635476615817298,NA,NA,NA,0.772250605546907
CALU,23,0,0,0.635262005613428,NA,NA,NA,0.772254987079004
WWP1,23,0,0,0.635437837663617,NA,NA,NA,0.772322659024056
SKIV2L2,11,0,0,0.635727825881371,NA,NA,NA,0.772395099947376
TWSG1,11,0,0,0.636050843104245,NA,NA,NA,0.772612686043184
BCL7C,10,0,0,0.63607946956033,NA,NA,NA,0.772684147055957
ATIC,14,0,0,0.636381446934285,NA,NA,NA,0.772890545205983
HCFC2,7,0,0,0.636381446934285,NA,NA,NA,0.773878165565217
BACE2,11,0,0,0.636381446934285,NA,NA,NA,0.774071527496167
NAGA,10,0,0,0.636381446934285,NA,NA,NA,0.774126819861385
RELL2,3,0,0,0.636381446934285,NA,NA,NA,0.774218353407783
C11orf84,2,0,0,0.636381446934285,NA,NA,NA,0.774311095389968
SAAL1,3,0,0,0.636381446934285,NA,NA,NA,0.774399726607442
SRSF6,15,0,0,0.636381446934285,NA,NA,NA,0.774435127217606
METTL1,8,0,0,0.636398930294754,NA,NA,NA,0.77465129556262
VPS41,16,0,0,0.636398930294754,NA,NA,NA,0.774740571637916
BAG4,6,0,0,0.636398930294754,NA,NA,NA,0.774742942194332
CCDC71,4,0,0,0.636441009833163,NA,NA,NA,0.774752438051226
DHX35,2,0,0,0.636398930294754,NA,NA,NA,0.774774937761548
ROR1,8,0,0,0.636441009833163,NA,NA,NA,0.77486958958014
PRKCSH,3,0,0,0.63646299817745,NA,NA,NA,0.774890197441607
OPHN1,4,0,0,0.636441009833163,NA,NA,NA,0.77490318309815
RSL1D1,9,0,0,0.636398930294754,NA,NA,NA,0.774976771186142
KCTD15,5,0,0,0.636441009833163,NA,NA,NA,0.774993316109251
DDX55,5,0,0,0.636623146296226,NA,NA,NA,0.775093728264252
ADAM21,3,0,0,0.636816377573633,NA,NA,NA,0.775178547825559
COQ8A,4,0,0,0.638326494495575,NA,NA,NA,0.77689233559974
STOM,4,0,0,0.638290613080554,NA,NA,NA,0.776912638508628
CRLF3,2,0,0,0.638429506173424,NA,NA,NA,0.777110071324448
KITLG,8,0,0,0.638290613080554,NA,NA,NA,0.777155287694593
TRMT112,9,0,0,0.638429506173424,NA,NA,NA,0.777342989482608
DCLRE1A,2,0,0,0.638642702310134,NA,NA,NA,0.777430492429727
SHMT2,5,0,0,0.638880859194354,NA,NA,NA,0.777560413801195
SNX18,11,0,0,0.639361595071211,NA,NA,NA,0.778395046620497
ATP5L,4,0,0,0.639361595071211,NA,NA,NA,0.778444493360462
VHL,11,0,0,0.639361595071211,NA,NA,NA,0.778531454094432
SEPT7,9,0,0,0.639361595071211,NA,NA,NA,0.778649309859308
TRIM36,4,0,0,0.639361595071211,NA,NA,NA,0.778669249760118
CENPL,7,0,0,0.639361595071211,NA,NA,NA,0.778914491192141
STOML2,6,0,0,0.639361595071211,NA,NA,NA,0.779042269610182
GRB2,10,0,0,0.639783651254674,NA,NA,NA,0.779136073857405
UBASH3B,8,0,0,0.639783651254674,NA,NA,NA,0.779359678150818
SWAP70,8,0,0,0.640028733138894,NA,NA,NA,0.779625421471074
PPP1R14B,6,0,0,0.640028733138894,NA,NA,NA,0.779642099627513
SAP30L,5,0,0,0.640028733138894,NA,NA,NA,0.779704101251797
PIGO,11,0,0,0.640028733138894,NA,NA,NA,0.779777122735128
FAM171A1,4,0,0,0.640108252082106,NA,NA,NA,0.779868218341755
PRKDC,3,0,0,0.640028733138894,NA,NA,NA,0.779871029488943
SOCS6,9,0,0,0.640028733138894,NA,NA,NA,0.779883542090956
TNFAIP1,6,0,0,0.640028733138894,NA,NA,NA,0.77991364583631
NCOA7,8,0,0,0.640028733138894,NA,NA,NA,0.77994540725026
FGFR1,12,0,0,0.640123158473289,NA,NA,NA,0.780017116664794
MST1L,2,0,0,0.64044912471639,NA,NA,NA,0.780194195891656
GEMIN2,7,0,0,0.64044912471639,NA,NA,NA,0.780398209625173
NIF3L1,7,0,0,0.64044912471639,NA,NA,NA,0.780429173319091
PSME3,10,0,0,0.64125316876116,NA,NA,NA,0.78128413255367
BRMS1L,6,0,0,0.64125316876116,NA,NA,NA,0.781324747318938
CCDC71L,9,0,0,0.641170395099469,NA,NA,NA,0.781382521116293
IL11RA,4,0,0,0.64125316876116,NA,NA,NA,0.781394602590247
MFAP3,10,0,0,0.640949006503936,NA,NA,NA,0.781437549238026
MYL12B,12,0,0,0.640949006503936,NA,NA,NA,0.781478313854726
STK39,8,0,0,0.641036148988863,NA,NA,NA,0.78151057459708
HS6ST1,5,0,0,0.640949006503936,NA,NA,NA,0.781516303867547
MRPL51,8,0,0,0.641170395099469,NA,NA,NA,0.781533649683192
RFC5,20,0,0,0.641170395099469,NA,NA,NA,0.781572763382008
SLC29A1,10,0,0,0.641165586907608,NA,NA,NA,0.781679461273278
PXMP4,8,0,0,0.641170395099469,NA,NA,NA,0.781691197605863
TPCN1,6,0,0,0.641296052977501,NA,NA,NA,0.781695057498579
PALLD,8,0,0,0.641711873794025,NA,NA,NA,0.782618182019527
PTP4A2,9,0,0,0.641711873794025,NA,NA,NA,0.78265412638013
FAM208B,9,0,0,0.641844923771384,NA,NA,NA,0.782735076930586
NUDT7,3,0,0,0.641844923771384,NA,NA,NA,0.782949845489674
STC1,7,0,0,0.641844923771384,NA,NA,NA,0.783077433441701
RSBN1L,10,0,0,0.641844923771384,NA,NA,NA,0.783078485358839
CHCHD1,3,0,0,0.642111875998573,NA,NA,NA,0.783490783270125
IGF2BP2,13,0,0,0.642293052402962,NA,NA,NA,0.783597405749441
HSDL1,16,0,0,0.642293052402962,NA,NA,NA,0.783819387048782
PDCD6IP,8,0,0,0.64274654469165,NA,NA,NA,0.784243041434815
VNN1,5,0,0,0.643279785624097,NA,NA,NA,0.784969398016476
REPIN1,3,0,0,0.643815658045254,NA,NA,NA,0.785584390231707
DNAJA2,12,0,0,0.644023130017996,NA,NA,NA,0.785585185944794
SNCA,6,0,0,0.644023130017996,NA,NA,NA,0.785602910644995
TRAP1,5,0,0,0.643981911223136,NA,NA,NA,0.78563932752218
CDKN2AIPNL,9,0,0,0.643815658045254,NA,NA,NA,0.78580862195516
LIPH,4,0,0,0.64444669912916,NA,NA,NA,0.78607132694383
TRMT10C,7,0,0,0.644581102676345,NA,NA,NA,0.786160899056038
ZNF585A,3,0,0,0.644497087473092,NA,NA,NA,0.786189445352117
TGS1,7,0,0,0.645397859886298,NA,NA,NA,0.786211334765112
OAZ2,7,0,0,0.64444669912916,NA,NA,NA,0.786275273986808
UVRAG,6,0,0,0.644860250829945,NA,NA,NA,0.786344296664929
TNFRSF10B,10,0,0,0.645054778256641,NA,NA,NA,0.786361486949529
CHID1,10,0,0,0.645397859886298,NA,NA,NA,0.786424069618309
NR1H2,5,0,0,0.645054778256641,NA,NA,NA,0.786438187744603
IL15,4,0,0,0.645747263810006,NA,NA,NA,0.78645135645616
SELENOP,5,0,0,0.645397859886298,NA,NA,NA,0.786509480685118
PLAC8,8,0,0,0.645054778256641,NA,NA,NA,0.786537640053329
WDR92,7,0,0,0.645054778256641,NA,NA,NA,0.786572799736925
UBAC1,5,0,0,0.645386637820136,NA,NA,NA,0.786583903044932
BRD1,4,0,0,0.645397859886298,NA,NA,NA,0.786603222449574
BLVRA,6,0,0,0.645054778256641,NA,NA,NA,0.78660934003868
APCDD1L,3,0,0,0.645821070653636,NA,NA,NA,0.786661642585875
H6PD,7,0,0,0.645397859886298,NA,NA,NA,0.786682599784888
ARHGEF7,6,0,0,0.645054778256641,NA,NA,NA,0.786709315729799
FBXO8,6,0,0,0.645397859886298,NA,NA,NA,0.786722378519983
DRG1,13,0,0,0.645054778256641,NA,NA,NA,0.786794587373175
NBDY,13,0,0,0.645054778256641,NA,NA,NA,0.78679882283272
ECM1,3,0,0,0.64605235360454,NA,NA,NA,0.786863519290246
SCMH1,3,0,0,0.64618384070474,NA,NA,NA,0.786917568904946
EIF1AX,16,0,0,0.646245660242339,NA,NA,NA,0.786986467220916
ATP6V1E1,10,0,0,0.64605235360454,NA,NA,NA,0.78702073671454
MYSM1,10,0,0,0.646177422033587,NA,NA,NA,0.78702436111023
ORAI1,2,0,0,0.646313539157766,NA,NA,NA,0.787117295601758
RPL11,6,0,0,0.646508867377066,NA,NA,NA,0.787201330097473
MAFB,5,0,0,0.646773760886683,NA,NA,NA,0.787355566002422
SPRED2,8,0,0,0.64719686967644,NA,NA,NA,0.787669396779475
FZD6,5,0,0,0.647854196737581,NA,NA,NA,0.78780596534915
CTNS,4,0,0,0.648125024755561,NA,NA,NA,0.788006059426681
MIPOL1,12,0,0,0.648125024755561,NA,NA,NA,0.788058975206682
GNE,5,0,0,0.647854196737581,NA,NA,NA,0.788060942786752
INVS,14,0,0,0.647854196737581,NA,NA,NA,0.788138231194824
IFIH1,3,0,0,0.647923285456539,NA,NA,NA,0.788153573225006
GNAL,4,0,0,0.647854196737581,NA,NA,NA,0.788180602593984
CSTF1,9,0,0,0.647854196737581,NA,NA,NA,0.788284476513894
CMTM8,3,0,0,0.647854196737581,NA,NA,NA,0.788285748507707
CDK8,3,0,0,0.648125024755561,NA,NA,NA,0.78831786116178
WARS2,10,0,0,0.647854196737581,NA,NA,NA,0.788402425077212
C12orf43,12,0,0,0.648125024755561,NA,NA,NA,0.788422933633497
POLR3H,12,0,0,0.648125024755561,NA,NA,NA,0.788494658340841
ABHD2,8,0,0,0.647854196737581,NA,NA,NA,0.788529901690077
BIRC6,5,0,0,0.648125024755561,NA,NA,NA,0.788572407039852
AARS,2,0,0,0.647854196737581,NA,NA,NA,0.788575799438672
ACTRT3,7,0,0,0.648125024755561,NA,NA,NA,0.788678490339014
WISP2,4,0,0,0.64848623781042,NA,NA,NA,0.788842726997365
CYB5D1,8,0,0,0.649295464705702,NA,NA,NA,0.789690765634647
ZXDA,10,0,0,0.649743776354212,NA,NA,NA,0.790175170168626
OTUD4,7,0,0,0.650080168690284,NA,NA,NA,0.790546769154945
ATAD2,11,0,0,0.650183841624695,NA,NA,NA,0.790554915264402
GLTP,2,0,0,0.650492617587214,NA,NA,NA,0.79101275817016
PYROXD1,9,0,0,0.650492617587214,NA,NA,NA,0.791128124789577
HTATSF1,8,0,0,0.650492617587214,NA,NA,NA,0.791267014181682
AGAP5,3,0,0,0.650492617587214,NA,NA,NA,0.791349719293555
RAP1B,10,0,0,0.650492617587214,NA,NA,NA,0.791558277837649
GMDS,3,0,0,0.650854296995592,NA,NA,NA,0.792255590094694
RPL41,6,0,0,0.650891577053595,NA,NA,NA,0.7924392356238
SNX19,15,0,0,0.650891577053595,NA,NA,NA,0.793148455125708
C20orf194,4,0,0,0.650981348131898,NA,NA,NA,0.793176736441674
SEC61A1,10,0,0,0.650891577053595,NA,NA,NA,0.793246014565518
PPP2R1A,7,0,0,0.651133360679686,NA,NA,NA,0.793446742919144
PITPNM2,3,0,0,0.651580582173269,NA,NA,NA,0.793790948124982
MDH2,7,0,0,0.65180998091864,NA,NA,NA,0.79419884533202
TCEANC,5,0,0,0.652258621380115,NA,NA,NA,0.794681482146981
FAM49B,7,0,0,0.652904942274196,NA,NA,NA,0.794884102758018
TMEM135,15,0,0,0.652904942274196,NA,NA,NA,0.79498238255274
DOPEY1,6,0,0,0.65267822091504,NA,NA,NA,0.794989087354187
TMEM86B,4,0,0,0.652904942274196,NA,NA,NA,0.795065224858786
NUDT16,9,0,0,0.652904942274196,NA,NA,NA,0.795109315091049
SLC7A5,6,0,0,0.653398408941001,NA,NA,NA,0.795151873288545
TTC19,17,0,0,0.653064048616298,NA,NA,NA,0.795241772360851
GCNT4,4,0,0,0.653398408941001,NA,NA,NA,0.795314996869366
WASF2,14,0,0,0.65333096056776,NA,NA,NA,0.795395621611927
MTRF1L,8,0,0,0.653398408941001,NA,NA,NA,0.795397147272654
ZCCHC6,3,0,0,0.653398408941001,NA,NA,NA,0.795505735175815
SPATS2L,8,0,0,0.653641014815251,NA,NA,NA,0.796139559126064
INPP1,3,0,0,0.653641014815251,NA,NA,NA,0.79621255331174
OSBPL2,14,0,0,0.653641014815251,NA,NA,NA,0.796389192591102
NDUFB9,10,0,0,0.654195151123374,NA,NA,NA,0.797471015526768
YWHAH,4,0,0,0.654195151123374,NA,NA,NA,0.797552818914284
IQCJ-SCHIP1,2,0,0,0.654195151123374,NA,NA,NA,0.797632450339857
SECISBP2L,14,0,0,0.654195151123374,NA,NA,NA,0.797669782940421
MPPE1,10,0,0,0.654447968838544,NA,NA,NA,0.797750183925803
PSMC6,7,0,0,0.654195151123374,NA,NA,NA,0.797864268841285
MAP4K3,4,0,0,0.654548394990309,NA,NA,NA,0.798323074622193
TMEM192,14,0,0,0.654548394990309,NA,NA,NA,0.7984635638655
CC2D1A,3,0,0,0.654548394990309,NA,NA,NA,0.79868135345222
PTRH2,8,0,0,0.654548394990309,NA,NA,NA,0.79880217403379
CDC42SE1,11,0,0,0.654548394990309,NA,NA,NA,0.798852984647956
CENPQ,6,0,0,0.6553155128403,NA,NA,NA,0.799540572137009
PSMD4,3,0,0,0.655863458286949,NA,NA,NA,0.800509250400919
CASP8,2,0,0,0.655863458286949,NA,NA,NA,0.800517392933891
ZNF226,5,0,0,0.655863458286949,NA,NA,NA,0.800889460369359
ZBTB33,5,0,0,0.655892144721584,NA,NA,NA,0.801400849345469
ANXA1,5,0,0,0.655892144721584,NA,NA,NA,0.80141192209831
RPGR,4,0,0,0.655892144721584,NA,NA,NA,0.801503994286101
ASPHD1,3,0,0,0.655892144721584,NA,NA,NA,0.801542245740076
PTPRF,8,0,0,0.657045263665805,NA,NA,NA,0.802893842681334
FAM110B,6,0,0,0.657045263665805,NA,NA,NA,0.802895314520136
RHBDD1,11,0,0,0.657245381078099,NA,NA,NA,0.802978770819369
PICALM,14,0,0,0.657045263665805,NA,NA,NA,0.803140303975876
STPG1,4,0,0,0.657669903412167,NA,NA,NA,0.803288799282147
TRIM13,2,0,0,0.657913190712266,NA,NA,NA,0.803301001384509
AK2,8,0,0,0.657934943189611,NA,NA,NA,0.80330306586025
PPM1F,9,0,0,0.657045263665805,NA,NA,NA,0.803390530513255
TWF1,6,0,0,0.657913190712266,NA,NA,NA,0.803422887801
RBBP8,6,0,0,0.657934943189611,NA,NA,NA,0.803548500199109
HTD2,21,0,0,0.657934943189611,NA,NA,NA,0.803600462235313
CHMP5,12,0,0,0.658206201288339,NA,NA,NA,0.803643209245856
TARS,9,0,0,0.658134671497898,NA,NA,NA,0.803660134097842
GLCCI1,10,0,0,0.658092074877189,NA,NA,NA,0.8037333298262
KDM2B,15,0,0,0.658206201288339,NA,NA,NA,0.803831365009994
CST3,3,0,0,0.658701276946773,NA,NA,NA,0.804388089437207
SMC4,10,0,0,0.658701276946773,NA,NA,NA,0.804569107677494
CETN3,4,0,0,0.659228645067913,NA,NA,NA,0.804740089069115
SLC9A3,6,0,0,0.659228645067913,NA,NA,NA,0.804997680818619
TAZ,2,0,0,0.659228645067913,NA,NA,NA,0.805050637867162
BICC1,5,0,0,0.659228645067913,NA,NA,NA,0.805129637798764
PNPLA3,6,0,0,0.659228645067913,NA,NA,NA,0.805153920228251
SCOC,6,0,0,0.659228645067913,NA,NA,NA,0.805238072793131
OFD1,6,0,0,0.659759520322291,NA,NA,NA,0.805542523936857
LMLN,7,0,0,0.659759520322291,NA,NA,NA,0.805596179372496
SMYD4,11,0,0,0.659759520322291,NA,NA,NA,0.80579380030484
MAGEF1,11,0,0,0.659759520322291,NA,NA,NA,0.80583788849681
HCFC1,3,0,0,0.659759520322291,NA,NA,NA,0.805840342776844
CASP2,8,0,0,0.659759520322291,NA,NA,NA,0.805895781025507
CD47,12,0,0,0.659759520322291,NA,NA,NA,0.806068161131972
TMEM87B,10,0,0,0.660038522085242,NA,NA,NA,0.806356636125236
NAA15,17,0,0,0.65997916687451,NA,NA,NA,0.806413471557529
CMBL,6,0,0,0.661118378043578,NA,NA,NA,0.807742218963508
ARFGAP3,7,0,0,0.660601739174776,NA,NA,NA,0.807757401453585
CDYL2,5,0,0,0.661118378043578,NA,NA,NA,0.807895127044362
DCN,7,0,0,0.660601739174776,NA,NA,NA,0.80791973507167
ITPR3,3,0,0,0.661118378043578,NA,NA,NA,0.807994418163714
LSM10,5,0,0,0.661118378043578,NA,NA,NA,0.808089666547438
R3HDM4,2,0,0,0.661118378043578,NA,NA,NA,0.808103829292465
DLK2,3,0,0,0.661118378043578,NA,NA,NA,0.808136217851902
RAB6B,6,0,0,0.660601739174776,NA,NA,NA,0.808177963428033
HSF1,3,0,0,0.661118378043578,NA,NA,NA,0.808262774993812
ZDHHC9,15,0,0,0.661086703083606,NA,NA,NA,0.808359434074525
RCN2,8,0,0,0.661703253917389,NA,NA,NA,0.808401594056275
ATXN2L,3,0,0,0.661118378043578,NA,NA,NA,0.808463938114433
NRAS,13,0,0,0.661703253917389,NA,NA,NA,0.808618734217496
MFSD4A,5,0,0,0.661905491164489,NA,NA,NA,0.808628455801171
ZNF394,9,0,0,0.661703253917389,NA,NA,NA,0.808637541217109
TRNP1,13,0,0,0.663421458812738,NA,NA,NA,0.809143595417759
LRRC40,8,0,0,0.663538789431827,NA,NA,NA,0.809144355384588
EIF4A1,5,0,0,0.662571439781915,NA,NA,NA,0.809201744907245
TBCCD1,4,0,0,0.663408069454903,NA,NA,NA,0.809246426660794
ZNF28,4,0,0,0.663342556733283,NA,NA,NA,0.809297364798692
CYFIP2,3,0,0,0.663142942585526,NA,NA,NA,0.809306272328959
UHRF1BP1L,14,0,0,0.663302978480768,NA,NA,NA,0.809367174670135
MARK1,7,0,0,0.662571439781915,NA,NA,NA,0.809375602463185
SHKBP1,2,0,0,0.663302978480768,NA,NA,NA,0.809420570358416
MFSD4B,20,0,0,0.663142942585526,NA,NA,NA,0.809427756265397
RBPJ,14,0,0,0.663048416335674,NA,NA,NA,0.809561285040357
EIF3H,10,0,0,0.663142942585526,NA,NA,NA,0.80960879890469
SNRPG,7,0,0,0.664393745628209,NA,NA,NA,0.810301941415847
HASPIN,7,0,0,0.664692371401003,NA,NA,NA,0.810366579391367
CNOT1,21,0,0,0.664655479761852,NA,NA,NA,0.810446177362627
AASDH,5,0,0,0.665096694432124,NA,NA,NA,0.810536338100255
SARAF,10,0,0,0.665096694432124,NA,NA,NA,0.810725840445424
BPNT1,10,0,0,0.665139753304068,NA,NA,NA,0.811025328532803
TMF1,14,0,0,0.665315978955685,NA,NA,NA,0.811064118324935
AGL,2,0,0,0.665200638795705,NA,NA,NA,0.811078699875822
PARP2,2,0,0,0.665284068919259,NA,NA,NA,0.811148699478794
TRMT1L,9,0,0,0.665200638795705,NA,NA,NA,0.811273802939868
UQCC1,8,0,0,0.665200638795705,NA,NA,NA,0.811291792167139
FLYWCH2,4,0,0,0.665200638795705,NA,NA,NA,0.811295550952141
COX4I1,2,0,0,0.665603078223108,NA,NA,NA,0.81141939583942
FZD1,12,0,0,0.665603078223108,NA,NA,NA,0.811785063870698
RBBP5,9,0,0,0.666207718510707,NA,NA,NA,0.812185732406989
AGO4,4,0,0,0.666193499865217,NA,NA,NA,0.812288105250082
CUL5,9,0,0,0.667080290887302,NA,NA,NA,0.812748970919174
WDR73,16,0,0,0.666899675814335,NA,NA,NA,0.812794060670199
PIGG,4,0,0,0.666982042941977,NA,NA,NA,0.812884084255078
LUZP1,9,0,0,0.666899675814335,NA,NA,NA,0.812901736119954
PASK,2,0,0,0.667080290887302,NA,NA,NA,0.812907363102634
SPIN4,4,0,0,0.666899675814335,NA,NA,NA,0.813156062779211
MAP3K12,12,0,0,0.666899675814335,NA,NA,NA,0.813351671501965
SLC22A15,7,0,0,0.666899675814335,NA,NA,NA,0.813465425544234
SBDS,5,0,0,0.667543464186866,NA,NA,NA,0.813509276045158
GREB1L,2,0,0,0.666899675814335,NA,NA,NA,0.813601859560836
ATF1,10,0,0,0.666899675814335,NA,NA,NA,0.813672079359476
TXLNG,10,0,0,0.668043535228445,NA,NA,NA,0.813678515921265
CREBZF,20,0,0,0.667836318803794,NA,NA,NA,0.813683241688369
BMPR1B,4,0,0,0.666899675814335,NA,NA,NA,0.813691703570648
FAM168B,11,0,0,0.666899675814335,NA,NA,NA,0.813706753717055
PHF3,12,0,0,0.666899675814335,NA,NA,NA,0.813709751816882
ARHGAP5,22,0,0,0.666899675814335,NA,NA,NA,0.81373191320187
FOXO1,11,0,0,0.666899675814335,NA,NA,NA,0.81375985248669
SLC1A3,4,0,0,0.668043535228445,NA,NA,NA,0.813855053770544
PNPT1,12,0,0,0.666899675814335,NA,NA,NA,0.813858995491692
ACTR2,16,0,0,0.66817730652288,NA,NA,NA,0.813968213219757
L1CAM,5,0,0,0.668296664251454,NA,NA,NA,0.813974366662496
TLR1,7,0,0,0.668043535228445,NA,NA,NA,0.814006445623664
ZNF570,4,0,0,0.666899675814335,NA,NA,NA,0.814114247141757
TDRD9,2,0,0,0.668433518230225,NA,NA,NA,0.814132363649212
ZSCAN29,4,0,0,0.668565271033513,NA,NA,NA,0.814146499682304
TMEM246,10,0,0,0.668867124447563,NA,NA,NA,0.815161128948076
AGGF1,14,0,0,0.668943465006237,NA,NA,NA,0.815302499385392
ENTPD5,4,0,0,0.668943465006237,NA,NA,NA,0.815493338105488
TTBK2,6,0,0,0.668943465006237,NA,NA,NA,0.815691245640857
IBTK,7,0,0,0.670111588722277,NA,NA,NA,0.817034935968134
CAST,19,0,0,0.670518171645381,NA,NA,NA,0.817320411781353
GPR108,2,0,0,0.671074978195775,NA,NA,NA,0.817806412788267
TTI2,4,0,0,0.671736822392188,NA,NA,NA,0.818682124065968
EIF4G1,6,0,0,0.671614431462493,NA,NA,NA,0.818724852338918
AKR7A2,11,0,0,0.671920399973554,NA,NA,NA,0.818787580867606
BDH1,4,0,0,0.671736822392188,NA,NA,NA,0.818902199877473
CTSL,3,0,0,0.671736822392188,NA,NA,NA,0.818922812870075
GLYCTK,3,0,0,0.671920399973554,NA,NA,NA,0.819034753749356
FOSL1,8,0,0,0.671920399973554,NA,NA,NA,0.819038633303989
NUP107,4,0,0,0.671736822392188,NA,NA,NA,0.819100092414236
FGD1,3,0,0,0.672112838735006,NA,NA,NA,0.81913907673372
ZNF532,4,0,0,0.672112838735006,NA,NA,NA,0.819176311692403
MTCH2,15,0,0,0.671736822392188,NA,NA,NA,0.819261145308535
TDRKH,8,0,0,0.671736822392188,NA,NA,NA,0.81927465946521
RPS10-NUDT3,8,0,0,0.672112838735006,NA,NA,NA,0.819385108914393
BATF3,2,0,0,0.671736822392188,NA,NA,NA,0.81940025196391
SEC24A,7,0,0,0.671736822392188,NA,NA,NA,0.819455766951235
ARHGAP17,3,0,0,0.672213283233658,NA,NA,NA,0.819455822836259
NAP1L1,19,0,0,0.671736822392188,NA,NA,NA,0.819479534217741
RNGTT,9,0,0,0.672112838735006,NA,NA,NA,0.81948646580745
KDM4B,6,0,0,0.671736822392188,NA,NA,NA,0.819493095865737
EMP1,9,0,0,0.672112838735006,NA,NA,NA,0.819516084175716
TMEM203,5,0,0,0.672112838735006,NA,NA,NA,0.819563262505049
DESI1,6,0,0,0.672213283233658,NA,NA,NA,0.8195733507227
RPL23A,8,0,0,0.6725009103502,NA,NA,NA,0.819622642567201
DUSP4,8,0,0,0.671736822392188,NA,NA,NA,0.819632256206934
CCNDBP1,5,0,0,0.672112838735006,NA,NA,NA,0.819642349376111
SLC38A1,21,0,0,0.672112838735006,NA,NA,NA,0.819675008807553
PSPH,13,0,0,0.671736822392188,NA,NA,NA,0.819684218010156
ZNF529,9,0,0,0.672213283233658,NA,NA,NA,0.819763306462001
DLAT,13,0,0,0.672112838735006,NA,NA,NA,0.819803916981784
ERCC6L2,6,0,0,0.672702421826769,NA,NA,NA,0.81986308577077
PHB,8,0,0,0.672939955953984,NA,NA,NA,0.820505482838002
ACTN1,13,0,0,0.673330788712891,NA,NA,NA,0.82091053301294
CINP,13,0,0,0.673634445229432,NA,NA,NA,0.821191452669541
POLDIP3,3,0,0,0.673634445229432,NA,NA,NA,0.821198318427101
SLC36A1,8,0,0,0.673742193211035,NA,NA,NA,0.821215780706284
PGGT1B,16,0,0,0.673634445229432,NA,NA,NA,0.821294820345623
USP32,7,0,0,0.673742193211035,NA,NA,NA,0.821361674161436
ZBTB8A,12,0,0,0.673634445229432,NA,NA,NA,0.821385538316067
ADAL,9,0,0,0.673634445229432,NA,NA,NA,0.821551438850208
AOX1,3,0,0,0.673951687427928,NA,NA,NA,0.821577353735256
SLC30A7,12,0,0,0.673634445229432,NA,NA,NA,0.821732608918057
BMT2,7,0,0,0.673634445229432,NA,NA,NA,0.82192259867787
DPP9,5,0,0,0.674295632547629,NA,NA,NA,0.822054631281137
GABARAPL2,5,0,0,0.674295632547629,NA,NA,NA,0.822096713212083
GTDC1,7,0,0,0.674295632547629,NA,NA,NA,0.822267255219365
ZNF550,5,0,0,0.674295632547629,NA,NA,NA,0.822501307481709
RTRAF,12,0,0,0.674687013144719,NA,NA,NA,0.822802998558793
RAET1G,3,0,0,0.675503653040701,NA,NA,NA,0.823698695746349
ETFRF1,7,0,0,0.675503653040701,NA,NA,NA,0.823709141123792
SLC3A2,6,0,0,0.675597998862632,NA,NA,NA,0.823754908967855
KARS,9,0,0,0.67629589847116,NA,NA,NA,0.823761967602786
KIAA0391,10,0,0,0.675667218206695,NA,NA,NA,0.823816981312784
OGT,19,0,0,0.67629589847116,NA,NA,NA,0.824007988232888
HMCES,4,0,0,0.67629589847116,NA,NA,NA,0.82403271864878
CTDNEP1,9,0,0,0.676066755036625,NA,NA,NA,0.824116673910601
LRRC58,7,0,0,0.67629589847116,NA,NA,NA,0.824179249136275
IGFLR1,2,0,0,0.67629589847116,NA,NA,NA,0.824240579897586
C1QBP,7,0,0,0.67629589847116,NA,NA,NA,0.824288537180237
CKS1B,4,0,0,0.67629589847116,NA,NA,NA,0.824386187819893
RPS6,7,0,0,0.67629589847116,NA,NA,NA,0.824552809009912
GZF1,10,0,0,0.67629589847116,NA,NA,NA,0.824585579783449
ZBTB38,10,0,0,0.67629589847116,NA,NA,NA,0.824630516130113
ARHGEF17,8,0,0,0.67629589847116,NA,NA,NA,0.824727938533434
PHF20,17,0,0,0.67629589847116,NA,NA,NA,0.824781059469447
TMEM106B,11,0,0,0.676988659575015,NA,NA,NA,0.824792305711048
TPMT,8,0,0,0.676988659575015,NA,NA,NA,0.824885351329725
CD44,9,0,0,0.67629589847116,NA,NA,NA,0.825018019352851
AKAP11,10,0,0,0.677128996001013,NA,NA,NA,0.825047781413028
HECTD4,3,0,0,0.677354099624361,NA,NA,NA,0.825109644964821
LRRC41,4,0,0,0.677494924464769,NA,NA,NA,0.825130365306657
PTPN1,10,0,0,0.677354099624361,NA,NA,NA,0.825287385151009
IGF2R,11,0,0,0.677354099624361,NA,NA,NA,0.825298172774452
XRCC1,2,0,0,0.677761067556656,NA,NA,NA,0.825526016803005
COA4,12,0,0,0.677354099624361,NA,NA,NA,0.8255461591687
YME1L1,14,0,0,0.677354099624361,NA,NA,NA,0.825670423238947
MEST,8,0,0,0.677354099624361,NA,NA,NA,0.825859308083152
SH3RF1,5,0,0,0.677354099624361,NA,NA,NA,0.825953386657027
LIPG,12,0,0,0.678298836384276,NA,NA,NA,0.826759478143436
TXLNA,4,0,0,0.678300746566891,NA,NA,NA,0.826769830018615
FPGT,9,0,0,0.678300746566891,NA,NA,NA,0.826816225072875
PATJ,8,0,0,0.678300746566891,NA,NA,NA,0.826824717026465
TRA2B,19,0,0,0.678326132718009,NA,NA,NA,0.82688446949524
ORMDL1,15,0,0,0.678300746566891,NA,NA,NA,0.826916263742592
ANKRD29,6,0,0,0.678326132718009,NA,NA,NA,0.827012936990848
KIF20B,4,0,0,0.67868409504,NA,NA,NA,0.827117695915068
KRBOX4,16,0,0,0.679385216021933,NA,NA,NA,0.828175318051774
MAGI1,7,0,0,0.67948514609436,NA,NA,NA,0.828620741856783
HNRNPC,11,0,0,0.67948514609436,NA,NA,NA,0.828739519744074
RHBDF2,2,0,0,0.680065663917227,NA,NA,NA,0.828912924861925
PMAIP1,9,0,0,0.679876628456294,NA,NA,NA,0.82896399363304
EHF,10,0,0,0.680002872531229,NA,NA,NA,0.828969525157542
TERF2IP,5,0,0,0.679876628456294,NA,NA,NA,0.829189913631236
SLC25A38,7,0,0,0.679876628456294,NA,NA,NA,0.829220283270178
EXOSC1,8,0,0,0.679656449959826,NA,NA,NA,0.829305597255509
VOPP1,10,0,0,0.679876628456294,NA,NA,NA,0.829463966442468
ARMC8,10,0,0,0.679876628456294,NA,NA,NA,0.829480901322725
ATG4A,4,0,0,0.680991550385316,NA,NA,NA,0.830167058116471
ACADSB,13,0,0,0.681093253929556,NA,NA,NA,0.830216520412353
PIGP,9,0,0,0.681645927631296,NA,NA,NA,0.830742694153209
TRUB1,2,0,0,0.68159060952572,NA,NA,NA,0.830764516910492
ARL13B,4,0,0,0.68159060952572,NA,NA,NA,0.830866773638501
DAZAP2,8,0,0,0.681645927631296,NA,NA,NA,0.83098757013185
DCUN1D5,14,0,0,0.681645927631296,NA,NA,NA,0.831157135153931
GNA11,6,0,0,0.681645927631296,NA,NA,NA,0.831186977764704
HOMER1,10,0,0,0.681645927631296,NA,NA,NA,0.831190908886541
RHOBTB3,3,0,0,0.681645927631296,NA,NA,NA,0.831314852588744
PDLIM7,2,0,0,0.682192485765637,NA,NA,NA,0.831336316506203
TDP2,6,0,0,0.681645927631296,NA,NA,NA,0.831349380623046
RHOBTB1,4,0,0,0.681645927631296,NA,NA,NA,0.831371348739964
RAD1,16,0,0,0.682420766390552,NA,NA,NA,0.831455516408217
BCAP31,4,0,0,0.682420766390552,NA,NA,NA,0.831564541172954
KIAA1586,9,0,0,0.681645927631296,NA,NA,NA,0.831580514268639
SNX5,5,0,0,0.682875943203675,NA,NA,NA,0.83192890442272
SHOC2,14,0,0,0.682829970554765,NA,NA,NA,0.831948449487865
EVI2B,3,0,0,0.683114362348025,NA,NA,NA,0.832025742291148
BECN1,7,0,0,0.683114362348025,NA,NA,NA,0.832180768384121
GCLC,9,0,0,0.683205257073848,NA,NA,NA,0.832188899575636
FBXL6,2,0,0,0.683289379041006,NA,NA,NA,0.832285077426909
PHIP,12,0,0,0.683296909016101,NA,NA,NA,0.832306452402474
PDK1,4,0,0,0.683114362348025,NA,NA,NA,0.832352482405971
S100A16,11,0,0,0.683114362348025,NA,NA,NA,0.832488632377387
CRTAP,24,0,0,0.683722405945776,NA,NA,NA,0.833017440669881
MRPS18A,9,0,0,0.683722405945776,NA,NA,NA,0.83314446163255
TLK2,6,0,0,0.683722405945776,NA,NA,NA,0.83327985486446
SF1,5,0,0,0.684182634763847,NA,NA,NA,0.833490302390644
LIPA,5,0,0,0.684206562416247,NA,NA,NA,0.834123739017837
BOK,6,0,0,0.684521757008765,NA,NA,NA,0.834178565669978
ZNF326,15,0,0,0.684310129789247,NA,NA,NA,0.834196442198436
GRPEL2,8,0,0,0.684241175114029,NA,NA,NA,0.83424794375833
BSDC1,6,0,0,0.684521757008765,NA,NA,NA,0.83426855884553
FAM204A,19,0,0,0.684521757008765,NA,NA,NA,0.834312842434813
RHBDD2,3,0,0,0.684216119300753,NA,NA,NA,0.834342317400305
NARS,17,0,0,0.684593420043669,NA,NA,NA,0.834536911208351
ZBTB5,4,0,0,0.684613660830813,NA,NA,NA,0.834557619856067
SH3D19,18,0,0,0.685653727924835,NA,NA,NA,0.834778788896823
NDUFB5,7,0,0,0.685004282808381,NA,NA,NA,0.834819621330275
TBC1D25,6,0,0,0.685796332979927,NA,NA,NA,0.834862256264793
RRP1,10,0,0,0.685498647956639,NA,NA,NA,0.834864917891122
RNF10,6,0,0,0.685796332979927,NA,NA,NA,0.834950197633178
NAIF1,3,0,0,0.685653727924835,NA,NA,NA,0.834951312291525
CSK,6,0,0,0.685347872999626,NA,NA,NA,0.834955357136541
FAM98B,17,0,0,0.686088343431942,NA,NA,NA,0.834955569271016
RTKN2,9,0,0,0.685796332979927,NA,NA,NA,0.834963177279411
SKP1,21,0,0,0.685347872999626,NA,NA,NA,0.835002456709268
FRK,8,0,0,0.685498647956639,NA,NA,NA,0.835009732968067
LZTS2,2,0,0,0.685796332979927,NA,NA,NA,0.835024409711315
AK4,6,0,0,0.685347872999626,NA,NA,NA,0.835047505525225
TNFRSF6B,4,0,0,0.686088343431942,NA,NA,NA,0.835053150030245
ASCC1,11,0,0,0.685796332979927,NA,NA,NA,0.835082494317317
RPS14,11,0,0,0.685796332979927,NA,NA,NA,0.835134149296713
CHPF,4,0,0,0.686088343431942,NA,NA,NA,0.835156458558653
PLEKHH3,2,0,0,0.686296468403012,NA,NA,NA,0.835161996090393
CCNE2,8,0,0,0.686088343431942,NA,NA,NA,0.835213948104921
ZSCAN20,6,0,0,0.686088343431942,NA,NA,NA,0.835219963391066
ZFP36L1,10,0,0,0.685347872999626,NA,NA,NA,0.83522233344448
LGR4,9,0,0,0.686088343431942,NA,NA,NA,0.835265701615111
CHAC1,2,0,0,0.685347872999626,NA,NA,NA,0.835285041035213
MTMR9,19,0,0,0.686088343431942,NA,NA,NA,0.83541426708122
FZD3,22,0,0,0.686534341336734,NA,NA,NA,0.835559468442002
ALDH6A1,14,0,0,0.687238061231084,NA,NA,NA,0.836397183990158
NR2F2,15,0,0,0.68764268631834,NA,NA,NA,0.836576541464823
HSPH1,15,0,0,0.687238061231084,NA,NA,NA,0.836582728096746
MRVI1,2,0,0,0.68764268631834,NA,NA,NA,0.836650168542243
MBD4,5,0,0,0.68764268631834,NA,NA,NA,0.836705079086285
PUS3,3,0,0,0.687654614840197,NA,NA,NA,0.836784708811554
MTURN,16,0,0,0.68764268631834,NA,NA,NA,0.836813579320911
EFNA5,6,0,0,0.688778543391777,NA,NA,NA,0.83722800287586
SNRPE,7,0,0,0.688778543391777,NA,NA,NA,0.837401716074886
PLEKHG2,10,0,0,0.688778543391777,NA,NA,NA,0.837439610585617
USP48,5,0,0,0.688778543391777,NA,NA,NA,0.83744088339531
RNF2,11,0,0,0.688778543391777,NA,NA,NA,0.837470674513874
SLC35B3,8,0,0,0.688778543391777,NA,NA,NA,0.837501384174091
SERINC3,7,0,0,0.688778543391777,NA,NA,NA,0.837554421076336
RBM3,10,0,0,0.688778543391777,NA,NA,NA,0.83755907361466
RAD23B,18,0,0,0.688778543391777,NA,NA,NA,0.837585528160372
PYCR1,2,0,0,0.688778543391777,NA,NA,NA,0.837748871733496
NGDN,3,0,0,0.688778543391777,NA,NA,NA,0.837755329198081
PREB,8,0,0,0.688778543391777,NA,NA,NA,0.837796252682766
RAB8B,6,0,0,0.688778543391777,NA,NA,NA,0.837802333612816
FBXO4,3,0,0,0.688921801958018,NA,NA,NA,0.837906854569283
AARS2,6,0,0,0.688778543391777,NA,NA,NA,0.837930405308926
SSBP2,22,0,0,0.688778543391777,NA,NA,NA,0.83795968277713
METAP2,15,0,0,0.688778543391777,NA,NA,NA,0.837985752953211
ATRN,6,0,0,0.688921801958018,NA,NA,NA,0.838026413754796
PSMD5,9,0,0,0.688778543391777,NA,NA,NA,0.838149210253422
SEC63,7,0,0,0.688778543391777,NA,NA,NA,0.838206243176607
GPBP1L1,8,0,0,0.688778543391777,NA,NA,NA,0.83827764357699
AHCTF1,6,0,0,0.688778543391777,NA,NA,NA,0.838306701428191
ZNF134,3,0,0,0.688778543391777,NA,NA,NA,0.838351738066141
AKAP10,11,0,0,0.688778543391777,NA,NA,NA,0.838357607357656
MED12,3,0,0,0.688778543391777,NA,NA,NA,0.838377481863042
PRPSAP2,5,0,0,0.688778543391777,NA,NA,NA,0.838381401388653
PEX19,19,0,0,0.688778543391777,NA,NA,NA,0.838391819197823
NDST1,10,0,0,0.68827541075262,NA,NA,NA,0.83839594356452
COG1,2,0,0,0.688778543391777,NA,NA,NA,0.838413495721376
OLA1,6,0,0,0.688778543391777,NA,NA,NA,0.838445570609984
KAT14,5,0,0,0.688778543391777,NA,NA,NA,0.838459079021848
NEK6,14,0,0,0.690184710370765,NA,NA,NA,0.838508458633483
TSPAN13,7,0,0,0.68827541075262,NA,NA,NA,0.838528329555723
MAFA,2,0,0,0.689740225074161,NA,NA,NA,0.838544865462856
BRD7,13,0,0,0.689672611934356,NA,NA,NA,0.838597748564877
TRIM38,13,0,0,0.690184710370765,NA,NA,NA,0.838628849300296
NCBP1,24,0,0,0.688778543391777,NA,NA,NA,0.838672703381152
TPI1,9,0,0,0.690184710370765,NA,NA,NA,0.838746200453655
VAMP1,4,0,0,0.688778543391777,NA,NA,NA,0.83879595442441
HPRT1,12,0,0,0.689672611934356,NA,NA,NA,0.838826609094151
ZNF17,6,0,0,0.68990089676228,NA,NA,NA,0.838857287773236
COMMD6,11,0,0,0.690053904483351,NA,NA,NA,0.838915618975602
MEF2A,14,0,0,0.689992851482621,NA,NA,NA,0.838915744532101
DGKD,4,0,0,0.688778543391777,NA,NA,NA,0.838917730786913
BUB1,8,0,0,0.689672611934356,NA,NA,NA,0.838926354209301
CDS2,14,0,0,0.68990089676228,NA,NA,NA,0.838937619246989
ARNT2,4,0,0,0.689992851482621,NA,NA,NA,0.838965987121139
CAVIN3,6,0,0,0.690184710370765,NA,NA,NA,0.838977230359596
PPP3R1,6,0,0,0.68990089676228,NA,NA,NA,0.839015018224501
ELAC2,9,0,0,0.689672611934356,NA,NA,NA,0.839032626304589
NRG1,10,0,0,0.689992851482621,NA,NA,NA,0.839089504250033
SNX3,5,0,0,0.688778543391777,NA,NA,NA,0.839140802339413
STK24,12,0,0,0.690184710370765,NA,NA,NA,0.839190343384069
HSPD1,8,0,0,0.690184710370765,NA,NA,NA,0.839250968816676
MAPK9,11,0,0,0.690184710370765,NA,NA,NA,0.839356307018858
TMEM237,15,0,0,0.690184710370765,NA,NA,NA,0.839520906737158
ARHGEF28,8,0,0,0.690184710370765,NA,NA,NA,0.839543752379912
STMN1,2,0,0,0.690184710370765,NA,NA,NA,0.839590138714128
PRSS21,7,0,0,0.691174696478115,NA,NA,NA,0.839598541798586
USP47,13,0,0,0.690184710370765,NA,NA,NA,0.839782940509329
HMG20A,3,0,0,0.69295927502857,NA,NA,NA,0.841969462343107
RUNDC1,18,0,0,0.69295927502857,NA,NA,NA,0.841991808839694
SERF2,5,0,0,0.692867424753206,NA,NA,NA,0.842000389456256
RSU1,12,0,0,0.69295927502857,NA,NA,NA,0.842091509675349
LETM2,10,0,0,0.693518771386504,NA,NA,NA,0.842915357132037
PIAS1,26,0,0,0.693912856300962,NA,NA,NA,0.843595280698417
TGFBR1,28,0,0,0.694068834986766,NA,NA,NA,0.843714891665189
CDCA2,11,0,0,0.694137817631828,NA,NA,NA,0.843749869913076
PDCD2,16,0,0,0.694137817631828,NA,NA,NA,0.84379724282474
EME1,3,0,0,0.695165248672486,NA,NA,NA,0.844631357576918
RSF1,12,0,0,0.695165248672486,NA,NA,NA,0.844753770326337
ST8SIA1,2,0,0,0.695159209813758,NA,NA,NA,0.844772767739168
CCDC174,11,0,0,0.695159209813758,NA,NA,NA,0.844933596771526
ZNF24,8,0,0,0.695548973142506,NA,NA,NA,0.844975458218406
ZFP69,3,0,0,0.695630317365255,NA,NA,NA,0.845092485597545
C7orf26,2,0,0,0.695159209813758,NA,NA,NA,0.845110019955828
C12orf73,9,0,0,0.695159209813758,NA,NA,NA,0.845166403760777
TTLL1,2,0,0,0.695159209813758,NA,NA,NA,0.845222783408434
CBX5,25,0,0,0.695159209813758,NA,NA,NA,0.845311016299561
USP15,12,0,0,0.695159209813758,NA,NA,NA,0.845332684996785
HNRNPUL1,18,0,0,0.695159209813758,NA,NA,NA,0.845465915108985
TM2D2,9,0,0,0.695159209813758,NA,NA,NA,0.845532607993445
FAM45A,7,0,0,0.695159209813758,NA,NA,NA,0.845564617807878
MAGI3,13,0,0,0.695159209813758,NA,NA,NA,0.845640776065226
SAR1B,8,0,0,0.696337432412121,NA,NA,NA,0.846266974181291
AASS,8,0,0,0.69642806283038,NA,NA,NA,0.846383600546532
TMEM182,8,0,0,0.696337432412121,NA,NA,NA,0.846419204983368
KATNAL2,2,0,0,0.696470070788962,NA,NA,NA,0.846437101022879
RANBP17,4,0,0,0.696470070788962,NA,NA,NA,0.846461271025909
NDUFAF7,7,0,0,0.696851029361398,NA,NA,NA,0.8466837841123
SPATA5,10,0,0,0.697012549002535,NA,NA,NA,0.846845388676478
PLEKHG3,9,0,0,0.697270686242378,NA,NA,NA,0.846973676404597
ZNF526,9,0,0,0.698272970710644,NA,NA,NA,0.848318250357403
EDF1,6,0,0,0.698589979811389,NA,NA,NA,0.848504692600696
EBP,3,0,0,0.698589979811389,NA,NA,NA,0.848620883230228
ZC3H12C,15,0,0,0.699015148458578,NA,NA,NA,0.848796471782524
DGCR2,10,0,0,0.699177675315804,NA,NA,NA,0.848832588646614
ACTL6A,7,0,0,0.699433440063818,NA,NA,NA,0.849479353963325
SLC25A5,10,0,0,0.699780435917607,NA,NA,NA,0.849571810191316
FHL2,16,0,0,0.699433440063818,NA,NA,NA,0.849588911880516
CTU1,5,0,0,0.699978051274999,NA,NA,NA,0.849655727733906
FEM1B,14,0,0,0.699433440063818,NA,NA,NA,0.849661241241543
WAPL,4,0,0,0.699666786459823,NA,NA,NA,0.849702195441591
UAP1,10,0,0,0.700093488320239,NA,NA,NA,0.849757577117202
SNX6,5,0,0,0.699780435917607,NA,NA,NA,0.849798574441719
MYCL,2,0,0,0.700778038575,NA,NA,NA,0.850370519784287
NSUN4,13,0,0,0.700778038575,NA,NA,NA,0.850418781476382
INCENP,21,0,0,0.700778038575,NA,NA,NA,0.850419043297645
ZNF507,8,0,0,0.700778038575,NA,NA,NA,0.850512485691596
RANGAP1,5,0,0,0.700778038575,NA,NA,NA,0.85052813614298
TRAM1,13,0,0,0.700778038575,NA,NA,NA,0.850528791013504
CLPB,20,0,0,0.700778038575,NA,NA,NA,0.85053510012117
FOS,8,0,0,0.700778038575,NA,NA,NA,0.850559454786321
OGFOD3,11,0,0,0.700778038575,NA,NA,NA,0.850569691658831
PLOD2,9,0,0,0.700778038575,NA,NA,NA,0.850595128492535
DBN1,7,0,0,0.700778038575,NA,NA,NA,0.850640525171145
RPS2,7,0,0,0.700778038575,NA,NA,NA,0.850680569256114
METTL22,7,0,0,0.700778038575,NA,NA,NA,0.850694768336667
ACVR1C,3,0,0,0.700838550568208,NA,NA,NA,0.850707722603735
PTPRZ1,3,0,0,0.700778038575,NA,NA,NA,0.850741249077776
USMG5,2,0,0,0.700778038575,NA,NA,NA,0.850742028287429
ZFPM1,2,0,0,0.700809582305767,NA,NA,NA,0.850799497509715
GPD2,8,0,0,0.700778038575,NA,NA,NA,0.850836059711478
NDUFS5,5,0,0,0.700778038575,NA,NA,NA,0.850845190534335
C1orf198,10,0,0,0.700778038575,NA,NA,NA,0.850866037056093
SPRYD7,10,0,0,0.701007777670061,NA,NA,NA,0.851003072552985
SCARB1,3,0,0,0.700778038575,NA,NA,NA,0.851004712595492
CLSTN3,2,0,0,0.701007777670061,NA,NA,NA,0.851143749466448
PPHLN1,6,0,0,0.702609910912506,NA,NA,NA,0.852156294747295
TOR1B,9,0,0,0.701374943641937,NA,NA,NA,0.852161448541841
MAGOH,2,0,0,0.703036370909851,NA,NA,NA,0.852214889849693
KYAT1,2,0,0,0.703036370909851,NA,NA,NA,0.852326074796612
TMEM19,11,0,0,0.702609910912506,NA,NA,NA,0.85236071085029
AHCYL2,4,0,0,0.702609910912506,NA,NA,NA,0.852375148248759
UBXN8,6,0,0,0.702925359256789,NA,NA,NA,0.852459669261534
MOCS1,7,0,0,0.702609910912506,NA,NA,NA,0.852535397642342
ORAI2,10,0,0,0.702609910912506,NA,NA,NA,0.852556914797084
CARMIL1,2,0,0,0.703036370909851,NA,NA,NA,0.852561293815687
C6orf89,12,0,0,0.703036370909851,NA,NA,NA,0.85262855267048
FAM78B,3,0,0,0.70335511522976,NA,NA,NA,0.852633533431866
PLXNA1,4,0,0,0.702609910912506,NA,NA,NA,0.852720335662109
KSR1,4,0,0,0.703036370909851,NA,NA,NA,0.852742309041957
NCLN,6,0,0,0.702596758627869,NA,NA,NA,0.852856170997571
RBMX,6,0,0,0.702609910912506,NA,NA,NA,0.852861893975274
UNC13B,4,0,0,0.701653902360506,NA,NA,NA,0.85286959267404
PCID2,5,0,0,0.702167731948225,NA,NA,NA,0.852918861139243
VSNL1,9,0,0,0.702573064670283,NA,NA,NA,0.852953164377186
PFDN1,3,0,0,0.702573064670283,NA,NA,NA,0.853010004273106
RBBP4,15,0,0,0.702573064670283,NA,NA,NA,0.853097482843159
FAM114A1,8,0,0,0.702167731948225,NA,NA,NA,0.853131177334861
GK5,15,0,0,0.702522578492364,NA,NA,NA,0.853137124384194
SPX,4,0,0,0.702161980999486,NA,NA,NA,0.853152895937979
SLC4A3,3,0,0,0.702161980999486,NA,NA,NA,0.853157907664128
NUDT16L1,4,0,0,0.703742481455266,NA,NA,NA,0.85317380982517
NRP1,9,0,0,0.703742481455266,NA,NA,NA,0.853209217479645
SF3A1,12,0,0,0.702161980999486,NA,NA,NA,0.853218485616256
EIF5A,4,0,0,0.702151409336714,NA,NA,NA,0.85322830505702
PCBD1,2,0,0,0.702161980999486,NA,NA,NA,0.853254441792741
RECQL4,3,0,0,0.702573064670283,NA,NA,NA,0.853261544169103
OGFRL1,23,0,0,0.702161980999486,NA,NA,NA,0.85326882551324
MLEC,9,0,0,0.702161980999486,NA,NA,NA,0.853345767573421
SS18L2,5,0,0,0.702161980999486,NA,NA,NA,0.853349409235552
RIOK3,7,0,0,0.703742481455266,NA,NA,NA,0.85338371909265
BICDL2,3,0,0,0.703742481455266,NA,NA,NA,0.853413609689116
ORC4,15,0,0,0.702151409336714,NA,NA,NA,0.853424663808147
TRIM28,4,0,0,0.703742481455266,NA,NA,NA,0.85351653501895
ZNF513,4,0,0,0.702161980999486,NA,NA,NA,0.853516568420325
KLK10,8,0,0,0.702161980999486,NA,NA,NA,0.853585596392446
FAM210A,11,0,0,0.7040167427717,NA,NA,NA,0.853607610905142
FAR1,22,0,0,0.704004371357369,NA,NA,NA,0.853645766079032
ATG13,7,0,0,0.702161980999486,NA,NA,NA,0.85368800837179
PLEKHA3,2,0,0,0.704146089983151,NA,NA,NA,0.853786005688422
RPS6KA5,8,0,0,0.704253296046983,NA,NA,NA,0.853789354665832
FAM131A,5,0,0,0.70485008456271,NA,NA,NA,0.854581197570619
DENND1A,2,0,0,0.705152658937811,NA,NA,NA,0.854913206806475
ZBTB7C,2,0,0,0.705152658937811,NA,NA,NA,0.855155852255538
GTF2A2,8,0,0,0.70549503265615,NA,NA,NA,0.855353053357092
FCHO2,6,0,0,0.70529947193202,NA,NA,NA,0.855380702254824
HOOK3,18,0,0,0.705489430667821,NA,NA,NA,0.85544116302468
GPT2,5,0,0,0.705859607908194,NA,NA,NA,0.855953738411337
SUGP2,2,0,0,0.706091974071579,NA,NA,NA,0.856464307925086
MAP3K10,2,0,0,0.706626245518782,NA,NA,NA,0.857251086298836
SH3TC2,11,0,0,0.706626245518782,NA,NA,NA,0.857419066976934
BNIP3L,7,0,0,0.706626245518782,NA,NA,NA,0.857525694558677
PEA15,9,0,0,0.706827535321803,NA,NA,NA,0.857873767503569
SLF2,6,0,0,0.706827535321803,NA,NA,NA,0.857893882888374
IRX2,7,0,0,0.706827535321803,NA,NA,NA,0.858001287780298
TTC14,3,0,0,0.706827535321803,NA,NA,NA,0.858022312370309
MOSPD2,6,0,0,0.706850172909658,NA,NA,NA,0.85820197944999
ACVR2A,8,0,0,0.706850172909658,NA,NA,NA,0.858585334987847
TRAPPC13,8,0,0,0.706850172909658,NA,NA,NA,0.858619989201269
C14orf2,5,0,0,0.706912266732977,NA,NA,NA,0.859053360552219
MAPK13,7,0,0,0.706912266732977,NA,NA,NA,0.859119039863817
SLC16A6,3,0,0,0.707110667589992,NA,NA,NA,0.859188596899622
TTLL11,4,0,0,0.707009584002376,NA,NA,NA,0.859213247037962
FAM20C,9,0,0,0.707142683582018,NA,NA,NA,0.859265290677547
CNNM3,10,0,0,0.706912266732977,NA,NA,NA,0.859361947207646
TRAF2,11,0,0,0.707009584002376,NA,NA,NA,0.859445791872496
MSMO1,8,0,0,0.707313463105741,NA,NA,NA,0.859502260840189
GABRA2,4,0,0,0.707716860697528,NA,NA,NA,0.860057538756352
TRIM32,14,0,0,0.707778031960201,NA,NA,NA,0.860168326814584
TYMS,9,0,0,0.707778031960201,NA,NA,NA,0.860180291311377
AVL9,9,0,0,0.707778031960201,NA,NA,NA,0.860189819731749
TMEM40,3,0,0,0.707804564150448,NA,NA,NA,0.860217579865246
LRRC8A,5,0,0,0.707778031960201,NA,NA,NA,0.860261755268125
DCTN2,4,0,0,0.707778031960201,NA,NA,NA,0.860400203592817
THOC2,3,0,0,0.708608685856919,NA,NA,NA,0.860849036281738
DOCK4,7,0,0,0.70874373914001,NA,NA,NA,0.860857263834948
SLC25A29,3,0,0,0.708516081128157,NA,NA,NA,0.86088204672985
FASTKD1,7,0,0,0.70892993531453,NA,NA,NA,0.861434661221381
PNPLA4,5,0,0,0.709045174223727,NA,NA,NA,0.862098718912985
ESPN,4,0,0,0.709045174223727,NA,NA,NA,0.862257833866763
CDYL,4,0,0,0.709045174223727,NA,NA,NA,0.86236432263065
MYNN,14,0,0,0.709045174223727,NA,NA,NA,0.862434239691354
MDFIC,14,0,0,0.709045174223727,NA,NA,NA,0.862549916075832
KCMF1,17,0,0,0.709045174223727,NA,NA,NA,0.862574896775915
DUSP7,4,0,0,0.70997130822237,NA,NA,NA,0.863699153000528
VIRMA,5,0,0,0.710065348296027,NA,NA,NA,0.86401040820029
SLC35B1,5,0,0,0.70997130822237,NA,NA,NA,0.864042791849102
ZC2HC1A,4,0,0,0.70997130822237,NA,NA,NA,0.864050819505666
ADGRF1,5,0,0,0.70997130822237,NA,NA,NA,0.864060774057208
SRSF2,12,0,0,0.70997130822237,NA,NA,NA,0.864080024112049
ZNF398,18,0,0,0.710850424811602,NA,NA,NA,0.864135239654126
LTBP1,6,0,0,0.70997130822237,NA,NA,NA,0.864183255476798
PUSL1,8,0,0,0.710986797106993,NA,NA,NA,0.864216680609037
SOX13,5,0,0,0.710193785269576,NA,NA,NA,0.864249518468434
BCAS4,6,0,0,0.710986797106993,NA,NA,NA,0.864259951180111
TP53RK,16,0,0,0.70997130822237,NA,NA,NA,0.864300275927096
ADSL,16,0,0,0.711087229919609,NA,NA,NA,0.86435262043383
TMEM18,9,0,0,0.710850424811602,NA,NA,NA,0.864357626156827
OXR1,8,0,0,0.710757502395386,NA,NA,NA,0.864412613859454
TTC4,10,0,0,0.710841191617164,NA,NA,NA,0.864489663185376
UBE2J1,18,0,0,0.710850424811602,NA,NA,NA,0.864491613041782
KIZ,2,0,0,0.710757502395386,NA,NA,NA,0.864533879484385
DUSP1,8,0,0,0.710757502395386,NA,NA,NA,0.864573519485553
COMTD1,9,0,0,0.710757502395386,NA,NA,NA,0.86467806720444
NEIL1,6,0,0,0.710757502395386,NA,NA,NA,0.864715471886789
PPP2R5E,17,0,0,0.710757502395386,NA,NA,NA,0.86492773132618
SDR42E1,11,0,0,0.711150857094741,NA,NA,NA,0.86500492035518
STRBP,6,0,0,0.711643919425745,NA,NA,NA,0.865227302120472
RBKS,4,0,0,0.712046481325299,NA,NA,NA,0.865240844098463
DDA1,6,0,0,0.71161479959904,NA,NA,NA,0.865321022685285
ST7L,8,0,0,0.712046481325299,NA,NA,NA,0.865443276979934
GCC1,9,0,0,0.712046481325299,NA,NA,NA,0.865510930151488
C2orf74,4,0,0,0.712046481325299,NA,NA,NA,0.865511331178718
ATXN7L3B,2,0,0,0.712486146899808,NA,NA,NA,0.865533574242101
POGLUT1,6,0,0,0.713001722661876,NA,NA,NA,0.866011185460567
ACTR10,9,0,0,0.71287438419923,NA,NA,NA,0.866012524027855
MARCH7,18,0,0,0.71287438419923,NA,NA,NA,0.866155459054246
RABL3,16,0,0,0.713302039241338,NA,NA,NA,0.866984355197447
MBOAT2,22,0,0,0.713302039241338,NA,NA,NA,0.86711750334547
C11orf52,3,0,0,0.713598332105308,NA,NA,NA,0.867271750251844
RUBCN,11,0,0,0.713701212744554,NA,NA,NA,0.867365421780742
ADK,20,0,0,0.713590313970573,NA,NA,NA,0.867385605674494
NDUFB8,3,0,0,0.71427506614113,NA,NA,NA,0.867528050682209
DRAM2,10,0,0,0.714415188002346,NA,NA,NA,0.86752857753508
PTBP1,11,0,0,0.714388488618986,NA,NA,NA,0.867536476489015
ANKZF1,2,0,0,0.71427506614113,NA,NA,NA,0.867538112007604
USP4,9,0,0,0.713987100236981,NA,NA,NA,0.867627881498614
FBLN5,2,0,0,0.71427506614113,NA,NA,NA,0.867650123073027
MKRN2,17,0,0,0.714746224108574,NA,NA,NA,0.867717988330058
ALPP,3,0,0,0.71423038622983,NA,NA,NA,0.86773507516192
ECD,10,0,0,0.714388488618986,NA,NA,NA,0.867764812192584
GNAS,7,0,0,0.71427506614113,NA,NA,NA,0.867793894130628
UBE2R2,8,0,0,0.713987100236981,NA,NA,NA,0.867796764657876
HTR7,5,0,0,0.714388488618986,NA,NA,NA,0.867871018363787
YIPF1,5,0,0,0.715857028914297,NA,NA,NA,0.868260896225598
DSTYK,8,0,0,0.715593170762174,NA,NA,NA,0.868287078716212
SEMA6C,3,0,0,0.715593170762174,NA,NA,NA,0.868398326202702
ESCO2,10,0,0,0.715414612798229,NA,NA,NA,0.868459207926485
RFFL,15,0,0,0.715857028914297,NA,NA,NA,0.868471148063901
FDX1,14,0,0,0.715593170762174,NA,NA,NA,0.868511243685659
TMEM234,6,0,0,0.715857028914297,NA,NA,NA,0.868698055355182
GINS4,18,0,0,0.715857028914297,NA,NA,NA,0.868699167603786
PPIP5K2,10,0,0,0.716432266591472,NA,NA,NA,0.868808726370991
ABHD13,12,0,0,0.71636978546886,NA,NA,NA,0.86885123962736
SDHAF3,5,0,0,0.71635784539401,NA,NA,NA,0.868961239565807
CIPC,4,0,0,0.716432266591472,NA,NA,NA,0.869145395408599
RBP4,2,0,0,0.716432266591472,NA,NA,NA,0.869202163481786
PPP2R2A,7,0,0,0.716498563391553,NA,NA,NA,0.869235551407324
UHRF1,6,0,0,0.716903301146018,NA,NA,NA,0.86931515152679
SLC16A7,17,0,0,0.716432266591472,NA,NA,NA,0.869318027120048
ALKBH4,6,0,0,0.716432266591472,NA,NA,NA,0.869325617030545
SPTSSA,8,0,0,0.716498563391553,NA,NA,NA,0.86932970460813
MAP3K6,3,0,0,0.716827766035584,NA,NA,NA,0.869353850777794
PTPN2,2,0,0,0.716983676762477,NA,NA,NA,0.869365901097039
CCNY,11,0,0,0.716432266591472,NA,NA,NA,0.869406616037312
GLIPR1,17,0,0,0.716755932358697,NA,NA,NA,0.869407810939944
RMND1,4,0,0,0.716903301146018,NA,NA,NA,0.869457235417017
PHLPP2,3,0,0,0.716983676762477,NA,NA,NA,0.869591123450241
LOXL2,6,0,0,0.716432266591472,NA,NA,NA,0.869634497320922
ARHGAP18,18,0,0,0.717476706347586,NA,NA,NA,0.870134150956546
PSRC1,4,0,0,0.717476706347586,NA,NA,NA,0.870149150556837
CHCHD3,7,0,0,0.717476706347586,NA,NA,NA,0.8702400435145
KLHL8,13,0,0,0.717476706347586,NA,NA,NA,0.870334079943596
RANBP3,7,0,0,0.717476706347586,NA,NA,NA,0.87053887051743
WWC3,6,0,0,0.717476706347586,NA,NA,NA,0.870746098219508
PIMREG,2,0,0,0.717476706347586,NA,NA,NA,0.870886841075727
RILPL2,9,0,0,0.717476706347586,NA,NA,NA,0.8708882955291
MPHOSPH9,15,0,0,0.717476706347586,NA,NA,NA,0.870899110204573
ZC3H14,17,0,0,0.717476706347586,NA,NA,NA,0.87098206852593
HYAL3,4,0,0,0.717476706347586,NA,NA,NA,0.87118177994248
C2orf49,10,0,0,0.71804147627804,NA,NA,NA,0.871787854449269
ZNF175,6,0,0,0.71804147627804,NA,NA,NA,0.871820207061164
ACTR3,19,0,0,0.71804147627804,NA,NA,NA,0.871924558810746
BRIX1,4,0,0,0.71804147627804,NA,NA,NA,0.87192821589864
EIF2S1,17,0,0,0.71804147627804,NA,NA,NA,0.871960429320159
KCTD1,5,0,0,0.718652877504592,NA,NA,NA,0.872081366368128
GTPBP1,10,0,0,0.718652877504592,NA,NA,NA,0.872265109077205
ZNF772,6,0,0,0.718652877504592,NA,NA,NA,0.87249213935137
TATDN3,7,0,0,0.718652877504592,NA,NA,NA,0.872663960548912
IWS1,5,0,0,0.718652877504592,NA,NA,NA,0.872670073820248
HOOK1,10,0,0,0.718652877504592,NA,NA,NA,0.872695609889249
IGFBP7,7,0,0,0.718652877504592,NA,NA,NA,0.872725599401191
C22orf39,6,0,0,0.71921440043304,NA,NA,NA,0.872830118439048
SLC1A4,12,0,0,0.718652877504592,NA,NA,NA,0.872896792952967
GLRB,6,0,0,0.719630260827213,NA,NA,NA,0.873206639513104
ARL8A,9,0,0,0.719630260827213,NA,NA,NA,0.873411498038246
TIPIN,16,0,0,0.719760796697718,NA,NA,NA,0.87350381603718
PLD5,12,0,0,0.720847685090139,NA,NA,NA,0.874498526993627
MYCBP,17,0,0,0.720733023089016,NA,NA,NA,0.874682201326405
PAPOLA,6,0,0,0.720847685090139,NA,NA,NA,0.874722242024148
CEP162,5,0,0,0.721205535056157,NA,NA,NA,0.874743552208835
RAC1,11,0,0,0.720847685090139,NA,NA,NA,0.874754852414913
DYNC2H1,5,0,0,0.721151629211878,NA,NA,NA,0.874815198110244
GSK3B,12,0,0,0.721597849458453,NA,NA,NA,0.874960358153916
DDX54,4,0,0,0.721597849458453,NA,NA,NA,0.875183015614039
PTPN9,9,0,0,0.721597849458453,NA,NA,NA,0.875325993979195
PRKAA1,11,0,0,0.721597849458453,NA,NA,NA,0.875514955751023
TMEM53,7,0,0,0.721597849458453,NA,NA,NA,0.875531764011958
TMEM63A,14,0,0,0.723519858665594,NA,NA,NA,0.877429824894868
ADAP1,3,0,0,0.723570696810857,NA,NA,NA,0.877469889240015
CBLC,6,0,0,0.723887642654311,NA,NA,NA,0.87787202503845
CDC42EP4,8,0,0,0.724586726621065,NA,NA,NA,0.878743666422695
OVCA2,6,0,0,0.725441518179078,NA,NA,NA,0.87928401131423
TOR1AIP2,14,0,0,0.725209927235487,NA,NA,NA,0.879314375289311
ZNF451,10,0,0,0.725361654094879,NA,NA,NA,0.87933250895616
FDFT1,20,0,0,0.725677301437527,NA,NA,NA,0.879854414323948
CALB1,4,0,0,0.725780186726215,NA,NA,NA,0.879927467298779
TMEM245,10,0,0,0.726290737290927,NA,NA,NA,0.880270106052958
CUEDC1,6,0,0,0.726257091410853,NA,NA,NA,0.880361642611274
INO80D,2,0,0,0.726955077467634,NA,NA,NA,0.880960331828532
HOOK2,3,0,0,0.727885198470708,NA,NA,NA,0.882401603914952
EXOC7,8,0,0,0.727879583162112,NA,NA,NA,0.882414333796774
DDHD1,16,0,0,0.728060971927876,NA,NA,NA,0.883104274849055
TEX261,3,0,0,0.7287421805726,NA,NA,NA,0.883228692434422
TTC21B,8,0,0,0.728689046978434,NA,NA,NA,0.883278820789187
SEC24B,4,0,0,0.728689046978434,NA,NA,NA,0.883364702819406
RANBP9,7,0,0,0.728635862439463,NA,NA,NA,0.883385856497747
SPPL3,10,0,0,0.728484171215609,NA,NA,NA,0.883389960414369
ZFR,5,0,0,0.728612360612542,NA,NA,NA,0.88347752728207
PANX1,12,0,0,0.728635862439463,NA,NA,NA,0.883492862573084
ESS2,4,0,0,0.728481598779958,NA,NA,NA,0.883510945328009
UBE2E1,9,0,0,0.728612360612542,NA,NA,NA,0.88360638723948
SHROOM1,4,0,0,0.728635862439463,NA,NA,NA,0.883677753733973
TPRG1,2,0,0,0.728481598779958,NA,NA,NA,0.883682296012861
NUCB1,7,0,0,0.728612360612542,NA,NA,NA,0.883725659133476
IGSF3,13,0,0,0.729382725309705,NA,NA,NA,0.88392434570095
SLIT2,7,0,0,0.728612360612542,NA,NA,NA,0.883936824177895
CDH1,7,0,0,0.728612360612542,NA,NA,NA,0.883953662926059
DSCR3,7,0,0,0.729424936274863,NA,NA,NA,0.883953855041268
TIGAR,9,0,0,0.728612360612542,NA,NA,NA,0.884166484697127
KLF12,8,0,0,0.729688237311128,NA,NA,NA,0.884300920737025
DEPTOR,9,0,0,0.728612360612542,NA,NA,NA,0.884384372478288
CBX1,10,0,0,0.728612360612542,NA,NA,NA,0.884387170543033
DSCC1,8,0,0,0.730325242754634,NA,NA,NA,0.884480454876738
ZEB1,6,0,0,0.728612360612542,NA,NA,NA,0.884509991794405
MLH1,6,0,0,0.728612360612542,NA,NA,NA,0.884575020607305
DLGAP4,4,0,0,0.730325242754634,NA,NA,NA,0.884627625003324
SQOR,3,0,0,0.730243188602411,NA,NA,NA,0.884702567614231
ADAM15,2,0,0,0.728612360612542,NA,NA,NA,0.884756361854102
AIFM2,6,0,0,0.730547665969299,NA,NA,NA,0.884759413757173
HMGCS1,8,0,0,0.730538160473858,NA,NA,NA,0.884770383782638
ZNF841,3,0,0,0.728612360612542,NA,NA,NA,0.884786382983516
PRR12,10,0,0,0.730325242754634,NA,NA,NA,0.884786647567502
PDCL,9,0,0,0.730243188602411,NA,NA,NA,0.884794657861421
SLC2A13,5,0,0,0.728612360612542,NA,NA,NA,0.884856667552288
SMYD5,3,0,0,0.730243188602411,NA,NA,NA,0.8848643305545
FAM3A,3,0,0,0.730547665969299,NA,NA,NA,0.884870959801182
CDC25A,3,0,0,0.730523072026955,NA,NA,NA,0.884879583268953
USP46,15,0,0,0.730226515287315,NA,NA,NA,0.884901453799825
ANP32B,10,0,0,0.730589957560978,NA,NA,NA,0.88495821191819
MFSD8,10,0,0,0.730589957560978,NA,NA,NA,0.884974273893342
DIS3L2,6,0,0,0.730589957560978,NA,NA,NA,0.884979688661744
DHFR,2,0,0,0.730613601944987,NA,NA,NA,0.88498587363269
PLAUR,5,0,0,0.730589957560978,NA,NA,NA,0.885045900009149
TSTD3,15,0,0,0.730589957560978,NA,NA,NA,0.88514379306133
RPLP0,2,0,0,0.730856168094777,NA,NA,NA,0.885180207493535
ARL6IP6,10,0,0,0.731068330996695,NA,NA,NA,0.885475988477298
LRIF1,10,0,0,0.731010498050446,NA,NA,NA,0.885545867464731
WASHC4,11,0,0,0.731010498050446,NA,NA,NA,0.885599211635119
AIG1,11,0,0,0.73119783874981,NA,NA,NA,0.885666668846664
CHST2,5,0,0,0.7315996292141,NA,NA,NA,0.885697662287371
FEM1C,9,0,0,0.731722251977221,NA,NA,NA,0.885925171775605
EIF4ENIF1,5,0,0,0.7315996292141,NA,NA,NA,0.88593252825099
METAP1,14,0,0,0.7315996292141,NA,NA,NA,0.886049522402143
KIRREL1,8,0,0,0.732451665848553,NA,NA,NA,0.887246915499172
CCNJ,5,0,0,0.7326154271208,NA,NA,NA,0.887628538122426
CXCL2,2,0,0,0.7326154271208,NA,NA,NA,0.887650076535775
LOC100996842,4,0,0,0.732803628067894,NA,NA,NA,0.888032627264238
ATPAF2,7,0,0,0.732803628067894,NA,NA,NA,0.888128292054355
VLDLR,4,0,0,0.732803628067894,NA,NA,NA,0.888364957269285
RUNX1,9,0,0,0.732803628067894,NA,NA,NA,0.88837274531172
KCTD10,5,0,0,0.732803628067894,NA,NA,NA,0.888447052004701
LIN9,6,0,0,0.733530234478306,NA,NA,NA,0.889609613429702
CSE1L,11,0,0,0.733530234478306,NA,NA,NA,0.889640005163348
EEF2KMT,7,0,0,0.733530234478306,NA,NA,NA,0.889749368571881
CASP7,3,0,0,0.734121010616867,NA,NA,NA,0.889988461492618
CSNK1A1,35,0,0,0.734009520659964,NA,NA,NA,0.890010048131452
CEP104,8,0,0,0.734611164472962,NA,NA,NA,0.89031436908342
ADNP2,7,0,0,0.735432398342506,NA,NA,NA,0.89091931902602
TMPO,14,0,0,0.735438973776762,NA,NA,NA,0.890931805873074
AKAP7,3,0,0,0.735457847976627,NA,NA,NA,0.890952432042022
ZNF765-ZNF761,2,0,0,0.735432398342506,NA,NA,NA,0.89108045789109
ATP5I,3,0,0,0.735801473856838,NA,NA,NA,0.891259040254317
H2AFZ,8,0,0,0.735432398342506,NA,NA,NA,0.891259364112797
LRRC37B,2,0,0,0.735801473856838,NA,NA,NA,0.891339860842997
FOXP4,5,0,0,0.735791110797123,NA,NA,NA,0.891422326445619
SPIRE1,10,0,0,0.735791110797123,NA,NA,NA,0.891510709944279
IMMP2L,6,0,0,0.735983020282318,NA,NA,NA,0.89223694400923
RPRD2,12,0,0,0.735983020282318,NA,NA,NA,0.892252211680923
NAF1,9,0,0,0.735983020282318,NA,NA,NA,0.892312204665792
THAP5,11,0,0,0.735983020282318,NA,NA,NA,0.892498747038421
PDK3,6,0,0,0.735983020282318,NA,NA,NA,0.892511406063592
ACTR6,3,0,0,0.736063345147823,NA,NA,NA,0.892670347884962
AC020915.2,7,0,0,0.735983020282318,NA,NA,NA,0.892711037388384
TIMM8A,19,0,0,0.736206865388655,NA,NA,NA,0.892788596802848
PTPN18,4,0,0,0.736526979998574,NA,NA,NA,0.893401409501977
YEATS2,4,0,0,0.736526979998574,NA,NA,NA,0.893590780379395
SLC35C1,3,0,0,0.736526979998574,NA,NA,NA,0.894262126141705
STT3A,10,0,0,0.73667748116918,NA,NA,NA,0.894366754115662
ZNF540,2,0,0,0.737025310494503,NA,NA,NA,0.894441268996512
MARK3,7,0,0,0.737259412366506,NA,NA,NA,0.894488911384724
COMMD3-BMI1,9,0,0,0.737021615575773,NA,NA,NA,0.894521989981856
TPX2,12,0,0,0.737021615575773,NA,NA,NA,0.894618639117204
LRRC73,2,0,0,0.737259412366506,NA,NA,NA,0.894655864734783
SNRPC,5,0,0,0.737259412366506,NA,NA,NA,0.894683810967293
NECAP1,3,0,0,0.737259412366506,NA,NA,NA,0.894738138522035
JRKL,6,0,0,0.738701961745748,NA,NA,NA,0.895042366151376
USP11,4,0,0,0.738620227542519,NA,NA,NA,0.895085286308204
UBE3C,13,0,0,0.738620227542519,NA,NA,NA,0.895092205522719
ATR,6,0,0,0.738620227542519,NA,NA,NA,0.895099389831473
NMT1,3,0,0,0.738620227542519,NA,NA,NA,0.895161809215125
ATP2B1,9,0,0,0.73893476063379,NA,NA,NA,0.895182510443132
PTGES3,7,0,0,0.737709478409459,NA,NA,NA,0.895195261642782
PHYKPL,11,0,0,0.738845847428972,NA,NA,NA,0.89522579854715
SETX,13,0,0,0.737934254535151,NA,NA,NA,0.895270468696297
MBNL1,4,0,0,0.738737551399566,NA,NA,NA,0.895280436141612
IQCK,6,0,0,0.737827152625368,NA,NA,NA,0.895297289388834
VAPA,18,0,0,0.738620227542519,NA,NA,NA,0.895310463879298
CCDC58,5,0,0,0.739124083201848,NA,NA,NA,0.89534055144925
SLC39A4,5,0,0,0.738845847428972,NA,NA,NA,0.895373235921374
ESRRA,3,0,0,0.738620227542519,NA,NA,NA,0.895401757168139
ERCC8,7,0,0,0.738845847428972,NA,NA,NA,0.89543664750548
SFXN1,17,0,0,0.737827152625368,NA,NA,NA,0.895514060053551
UBE3A,10,0,0,0.738620227542519,NA,NA,NA,0.895534120046382
PCIF1,4,0,0,0.738620227542519,NA,NA,NA,0.895562171649364
SLFN12,13,0,0,0.738529034258948,NA,NA,NA,0.895564583796763
GSR,7,0,0,0.738529034258948,NA,NA,NA,0.895796787857121
CPEB2,3,0,0,0.739319581580101,NA,NA,NA,0.896351898541021
HLA-B,3,0,0,0.739494323771266,NA,NA,NA,0.896386565329334
NOL4L,4,0,0,0.739319581580101,NA,NA,NA,0.896479994981472
STC2,9,0,0,0.739319581580101,NA,NA,NA,0.896686363628223
SYT12,3,0,0,0.739763658813766,NA,NA,NA,0.896805595978226
OXCT1,10,0,0,0.739763658813766,NA,NA,NA,0.896963674218916
C17orf75,3,0,0,0.739763658813766,NA,NA,NA,0.897035948522418
RSRP1,3,0,0,0.740754968698178,NA,NA,NA,0.89768052179298
HNRNPAB,10,0,0,0.740484770505079,NA,NA,NA,0.897717015181655
ARHGAP32,9,0,0,0.740754968698178,NA,NA,NA,0.897860576624676
DENND5B,6,0,0,0.740842398438125,NA,NA,NA,0.897914019684735
ZFYVE26,8,0,0,0.740754968698178,NA,NA,NA,0.898010670351953
ACOT13,14,0,0,0.740754968698178,NA,NA,NA,0.89808979045308
MFSD6,7,0,0,0.740989333469021,NA,NA,NA,0.898326709178604
ARL9,2,0,0,0.741608561790179,NA,NA,NA,0.898829523165418
SREK1IP1,16,0,0,0.741544590550292,NA,NA,NA,0.898848983276315
TRNT1,14,0,0,0.741608561790179,NA,NA,NA,0.899168600123783
SETD7,2,0,0,0.741697152849684,NA,NA,NA,0.899278789031158
SNAPC1,10,0,0,0.741608561790179,NA,NA,NA,0.899301861236763
PMPCB,17,0,0,0.741608561790179,NA,NA,NA,0.899316195525159
HES7,5,0,0,0.741608561790179,NA,NA,NA,0.899402607869093
ALG10,12,0,0,0.741608561790179,NA,NA,NA,0.899427902716762
TOP1,5,0,0,0.742005628164356,NA,NA,NA,0.899434139822088
NSMCE1,4,0,0,0.741608561790179,NA,NA,NA,0.899494246980859
NUP35,8,0,0,0.741608561790179,NA,NA,NA,0.899722876289827
KMT5B,12,0,0,0.742155618408794,NA,NA,NA,0.899811671848697
TRNAU1AP,8,0,0,0.742149648186381,NA,NA,NA,0.899841581327936
UTP23,13,0,0,0.742155618408794,NA,NA,NA,0.899925471608298
L3HYPDH,10,0,0,0.742149648186381,NA,NA,NA,0.900025063118294
DR1,27,0,0,0.742587096546423,NA,NA,NA,0.900112635392067
P4HA1,13,0,0,0.742722552732288,NA,NA,NA,0.900186998964225
SERPINE2,8,0,0,0.742149648186381,NA,NA,NA,0.90025797381635
MGLL,5,0,0,0.742949013901088,NA,NA,NA,0.900491700454619
GTSE1,5,0,0,0.742965522627488,NA,NA,NA,0.900807371501465
CHAMP1,2,0,0,0.743924875870239,NA,NA,NA,0.90187743143669
ESYT1,7,0,0,0.744140923293941,NA,NA,NA,0.902068398456336
CENPA,12,0,0,0.744140923293941,NA,NA,NA,0.902105791553788
MICALCL,4,0,0,0.744241750283928,NA,NA,NA,0.902294425406505
YPEL5,8,0,0,0.744384545183769,NA,NA,NA,0.902549898001246
SLC35A5,5,0,0,0.744658079633792,NA,NA,NA,0.902864018491818
GLUL,16,0,0,0.74566125548199,NA,NA,NA,0.903320915002838
GPR161,6,0,0,0.745574950176166,NA,NA,NA,0.903422009226431
FAM161B,8,0,0,0.745383627573562,NA,NA,NA,0.9034378877252
ARPC2,10,0,0,0.74566125548199,NA,NA,NA,0.903445312310891
MYO1D,2,0,0,0.745574950176166,NA,NA,NA,0.903533284660035
HARBI1,9,0,0,0.74566125548199,NA,NA,NA,0.903557322768849
GEMIN6,5,0,0,0.745574950176166,NA,NA,NA,0.903564022149786
FBXO46,3,0,0,0.745574950176166,NA,NA,NA,0.903642020325461
KLK7,6,0,0,0.74566125548199,NA,NA,NA,0.90368238298937
NUBP1,2,0,0,0.746051580903438,NA,NA,NA,0.903756524939131
TMEM159,5,0,0,0.745574950176166,NA,NA,NA,0.903831509851629
PRKRIP1,4,0,0,0.746051580903438,NA,NA,NA,0.903929703289873
ALPK1,3,0,0,0.745574950176166,NA,NA,NA,0.903962095004085
CDK12,18,0,0,0.746398949062273,NA,NA,NA,0.903964757035672
RPS28,4,0,0,0.745574950176166,NA,NA,NA,0.904047603050807
CMTM4,4,0,0,0.746654386039177,NA,NA,NA,0.904070089436226
FXR1,23,0,0,0.746894299758686,NA,NA,NA,0.904143330210463
SEMA3A,16,0,0,0.746398949062273,NA,NA,NA,0.904162883137226
NCKAP5L,4,0,0,0.746958164405719,NA,NA,NA,0.904173056197833
SLC41A1,3,0,0,0.746958164405719,NA,NA,NA,0.904237048743723
ACO2,8,0,0,0.746958164405719,NA,NA,NA,0.90426705123973
WDR89,10,0,0,0.746894299758686,NA,NA,NA,0.904346772195661
GTF2A1,16,0,0,0.746958164405719,NA,NA,NA,0.904497327453394
CCNB1,11,0,0,0.747240848002183,NA,NA,NA,0.904696632428218
PIGK,14,0,0,0.747282371832778,NA,NA,NA,0.90479513892316
NDUFS2,3,0,0,0.747282371832778,NA,NA,NA,0.904970315048951
JRK,5,0,0,0.748118257845706,NA,NA,NA,0.905921610284736
RAB40B,9,0,0,0.748113024288109,NA,NA,NA,0.905934120998907
ACO1,15,0,0,0.748118257845706,NA,NA,NA,0.906079519883226
TAF3,7,0,0,0.748821271614719,NA,NA,NA,0.90642967200029
C1QTNF3,4,0,0,0.750407137968811,NA,NA,NA,0.907927251903863
KLHDC2,9,0,0,0.751080161506303,NA,NA,NA,0.908116605415699
DAZAP1,5,0,0,0.750537902331491,NA,NA,NA,0.90813285038405
PIKFYVE,7,0,0,0.750407137968811,NA,NA,NA,0.908151428588817
JAG1,7,0,0,0.751399209525671,NA,NA,NA,0.908284172891371
MFAP1,12,0,0,0.751080161506303,NA,NA,NA,0.908316887543371
RYK,9,0,0,0.750939722973842,NA,NA,NA,0.908368347074332
FJX1,3,0,0,0.751080161506303,NA,NA,NA,0.908545060814196
DCP1A,3,0,0,0.75174617057169,NA,NA,NA,0.908580532359393
RPF2,18,0,0,0.75174617057169,NA,NA,NA,0.908749230029745
ZBTB11,3,0,0,0.75174617057169,NA,NA,NA,0.908915482063673
PWP1,4,0,0,0.751729897758883,NA,NA,NA,0.908943903145941
GTF2E1,5,0,0,0.751687372445955,NA,NA,NA,0.909031792935607
ASPSCR1,2,0,0,0.752342593187873,NA,NA,NA,0.909040535215617
C14orf28,3,0,0,0.751687372445955,NA,NA,NA,0.909188993292817
IFI44L,4,0,0,0.752342593187873,NA,NA,NA,0.909255135226037
LEMD3,8,0,0,0.75299113415686,NA,NA,NA,0.90950225731663
GTF2H5,5,0,0,0.753187841517281,NA,NA,NA,0.909579636803197
NAPB,8,0,0,0.752975429608956,NA,NA,NA,0.909607515740916
TMEM165,9,0,0,0.753234112853148,NA,NA,NA,0.90970718025628
ZBED5,7,0,0,0.752975429608956,NA,NA,NA,0.90976271902862
RANBP10,3,0,0,0.752975429608956,NA,NA,NA,0.90977183388398
RGS2,3,0,0,0.753676528226133,NA,NA,NA,0.909790873639411
MCM3AP,8,0,0,0.75348292752204,NA,NA,NA,0.909804121419426
SRF,4,0,0,0.753187841517281,NA,NA,NA,0.909809429464025
TMEM181,10,0,0,0.753187841517281,NA,NA,NA,0.909811328011568
C4orf33,3,0,0,0.753187841517281,NA,NA,NA,0.909875472327759
CCDC94,3,0,0,0.752975429608956,NA,NA,NA,0.909917617574774
COG5,25,0,0,0.752975429608956,NA,NA,NA,0.909955308623709
HPDL,5,0,0,0.753187841517281,NA,NA,NA,0.909955582257583
GOLGB1,3,0,0,0.752975429608956,NA,NA,NA,0.90999716259568
RAB5C,8,0,0,0.753676528226133,NA,NA,NA,0.910004297127052
SHC4,2,0,0,0.754073176752954,NA,NA,NA,0.910056303069373
STK38L,15,0,0,0.754073176752954,NA,NA,NA,0.91008731416543
GALNT6,3,0,0,0.754073176752954,NA,NA,NA,0.910106881261784
FANCM,7,0,0,0.752975429608956,NA,NA,NA,0.910185134240139
FHL1,2,0,0,0.75485764242187,NA,NA,NA,0.910308961626709
CLEC2D,7,0,0,0.75479996262262,NA,NA,NA,0.910358657818614
ATG10,13,0,0,0.754375133421582,NA,NA,NA,0.910376467576286
LURAP1L,5,0,0,0.755002907226286,NA,NA,NA,0.910459199171741
ACSM3,2,0,0,0.754966826466702,NA,NA,NA,0.910525354408558
NFE2L1,19,0,0,0.755185677122163,NA,NA,NA,0.910551620847034
RACK1,10,0,0,0.75495326526332,NA,NA,NA,0.910560819845498
ZNF543,16,0,0,0.75479996262262,NA,NA,NA,0.91056374794724
ZFP36,5,0,0,0.754791621544418,NA,NA,NA,0.910622920981225
DMWD,7,0,0,0.75479996262262,NA,NA,NA,0.910649952332517
METTL27,3,0,0,0.755517246823854,NA,NA,NA,0.911278711352727
TMEM97,13,0,0,0.755497869647317,NA,NA,NA,0.911281934895153
SRP9,11,0,0,0.755642501082391,NA,NA,NA,0.911621491737206
NFXL1,9,0,0,0.755753179575543,NA,NA,NA,0.911763802101506
CTPS2,4,0,0,0.755792138913715,NA,NA,NA,0.911909198516308
C19orf48,11,0,0,0.755852270989898,NA,NA,NA,0.911937239580628
CDH3,3,0,0,0.756181485678782,NA,NA,NA,0.911978962519676
CERK,7,0,0,0.756047830592336,NA,NA,NA,0.911985703480267
ENOPH1,4,0,0,0.755792138913715,NA,NA,NA,0.91200955258216
ZBTB7B,4,0,0,0.755792138913715,NA,NA,NA,0.912133555439469
F8,3,0,0,0.755792138913715,NA,NA,NA,0.912140655094755
CAMK2N2,3,0,0,0.756568098191923,NA,NA,NA,0.912197598444045
DDX47,7,0,0,0.755792138913715,NA,NA,NA,0.912371161071895
CCDC15,3,0,0,0.757229873961293,NA,NA,NA,0.91297572828615
PRR16,4,0,0,0.758462951073935,NA,NA,NA,0.914111541110658
TRAF7,5,0,0,0.758740458893113,NA,NA,NA,0.914322142236114
FNDC3B,15,0,0,0.758462951073935,NA,NA,NA,0.914328177485883
PRAG1,3,0,0,0.758407476522269,NA,NA,NA,0.914336157562972
RPN1,11,0,0,0.758407476522269,NA,NA,NA,0.91446676658594
CALM2,9,0,0,0.758740458893113,NA,NA,NA,0.9144746596407
CMKLR1,4,0,0,0.758740458893113,NA,NA,NA,0.914485080425275
PAXX,5,0,0,0.758740458893113,NA,NA,NA,0.914535247600798
TAF1D,4,0,0,0.758462951073935,NA,NA,NA,0.914552159776677
MLF1,5,0,0,0.758740458893113,NA,NA,NA,0.914567142630889
ATXN3,11,0,0,0.758407476522269,NA,NA,NA,0.914638739748664
TSPYL4,5,0,0,0.758407476522269,NA,NA,NA,0.914702397912755
PRMT3,11,0,0,0.758740458893113,NA,NA,NA,0.91470613137762
CREG1,10,0,0,0.758740458893113,NA,NA,NA,0.914706477463224
ZMYND11,10,0,0,0.758740458893113,NA,NA,NA,0.914773936942018
PIK3R1,7,0,0,0.758740458893113,NA,NA,NA,0.914844521934715
PANK2,13,0,0,0.758740458893113,NA,NA,NA,0.914870037237191
NETO2,14,0,0,0.758407476522269,NA,NA,NA,0.914920549566605
C5orf24,3,0,0,0.758740458893113,NA,NA,NA,0.914929619360871
RWDD1,6,0,0,0.758740458893113,NA,NA,NA,0.914973486765158
CLDN23,2,0,0,0.758740458893113,NA,NA,NA,0.915032153679678
ST3GAL6,11,0,0,0.758740458893113,NA,NA,NA,0.915057125350522
MCTP1,17,0,0,0.758740458893113,NA,NA,NA,0.91509431423144
MTMR4,4,0,0,0.758740458893113,NA,NA,NA,0.915136494324242
FAM172A,9,0,0,0.75940153393689,NA,NA,NA,0.915817786995428
SNF8,7,0,0,0.75940153393689,NA,NA,NA,0.91597316009387
PRSS53,2,0,0,0.759377583904107,NA,NA,NA,0.916007030575123
COX7A2L,4,0,0,0.75940153393689,NA,NA,NA,0.916076327492864
SLC35E1,17,0,0,0.75940153393689,NA,NA,NA,0.916084266083923
PARPBP,15,0,0,0.759794910075193,NA,NA,NA,0.916293867364306
C11orf98,6,0,0,0.759794910075193,NA,NA,NA,0.916323072248986
HEXIM2,2,0,0,0.759794910075193,NA,NA,NA,0.916342013578067
RIC1,18,0,0,0.759794910075193,NA,NA,NA,0.916388820272334
MARCH9,7,0,0,0.759794910075193,NA,NA,NA,0.916441957267424
GCH1,4,0,0,0.759794910075193,NA,NA,NA,0.916575561466744
SIX1,5,0,0,0.759794910075193,NA,NA,NA,0.91664810136724
FAM162A,5,0,0,0.759794910075193,NA,NA,NA,0.916681914173092
MAN2C1,2,0,0,0.759794910075193,NA,NA,NA,0.916790846474038
POMT2,4,0,0,0.759794910075193,NA,NA,NA,0.916826049258236
ZFP91,11,0,0,0.759794910075193,NA,NA,NA,0.916904105738078
STK25,14,0,0,0.759794910075193,NA,NA,NA,0.916995622961032
RBM27,22,0,0,0.759794910075193,NA,NA,NA,0.917108660825769
CLN5,8,0,0,0.760414102650061,NA,NA,NA,0.917592087668645
TMEM185B,18,0,0,0.761321430611073,NA,NA,NA,0.917667851341225
GGACT,5,0,0,0.761321430611073,NA,NA,NA,0.917814288550658
KMT2A,12,0,0,0.761321430611073,NA,NA,NA,0.917961463616638
SMIM14,16,0,0,0.761302728113852,NA,NA,NA,0.91803073706086
GALNT7,8,0,0,0.76117252930021,NA,NA,NA,0.918042073152927
PLEKHF2,6,0,0,0.761047097646761,NA,NA,NA,0.918057633139354
CFAP44,7,0,0,0.760943596449472,NA,NA,NA,0.918092621767344
IRF1,6,0,0,0.761561121772022,NA,NA,NA,0.918102950252361
HMBOX1,17,0,0,0.7618713372668,NA,NA,NA,0.918295520541691
ZNF675,7,0,0,0.761561121772022,NA,NA,NA,0.918320722429082
AZIN1,21,0,0,0.762256046675019,NA,NA,NA,0.918912562097158
TOMM7,5,0,0,0.762320120917301,NA,NA,NA,0.918921140550588
CTPS1,11,0,0,0.76231553724467,NA,NA,NA,0.918948260405805
MSTO1,6,0,0,0.762517674477252,NA,NA,NA,0.918969079129872
RPL26L1,3,0,0,0.762664885005474,NA,NA,NA,0.919075034107038
ERP44,9,0,0,0.762867153666859,NA,NA,NA,0.919078857462789
ZNF592,9,0,0,0.762867153666859,NA,NA,NA,0.91911591402174
CD151,9,0,0,0.762867153666859,NA,NA,NA,0.919301955025127
CCDC115,3,0,0,0.763218948277394,NA,NA,NA,0.91940590717215
SLC35E3,12,0,0,0.763428538227333,NA,NA,NA,0.919763224239066
HEXA,6,0,0,0.763428538227333,NA,NA,NA,0.919893927253002
MAML1,10,0,0,0.763428538227333,NA,NA,NA,0.91991127221475
ANXA2R,2,0,0,0.763428538227333,NA,NA,NA,0.919923081503172
TCERG1,3,0,0,0.763368959423691,NA,NA,NA,0.919984895881058
ZCCHC24,7,0,0,0.763428538227333,NA,NA,NA,0.920080149752629
PGF,2,0,0,0.763428538227333,NA,NA,NA,0.920109191560853
PPIL3,7,0,0,0.763428538227333,NA,NA,NA,0.920155078467631
MXRA7,8,0,0,0.763428538227333,NA,NA,NA,0.920221186034571
ZSCAN22,3,0,0,0.763428538227333,NA,NA,NA,0.920336912778929
MED11,2,0,0,0.763428538227333,NA,NA,NA,0.920337365066583
PAFAH1B1,16,0,0,0.764042795602543,NA,NA,NA,0.920495193872464
RAP2A,16,0,0,0.764042795602543,NA,NA,NA,0.920712293776977
ZBTB17,4,0,0,0.764042795602543,NA,NA,NA,0.920808676624141
NARFL,2,0,0,0.764042795602543,NA,NA,NA,0.920918416971844
KLRG2,4,0,0,0.764042795602543,NA,NA,NA,0.921023327030664
AKAP8,5,0,0,0.764790394533802,NA,NA,NA,0.921542096836522
MTMR12,5,0,0,0.764877233483759,NA,NA,NA,0.921910568812823
NUDCD2,13,0,0,0.76551246996892,NA,NA,NA,0.922139514934082
PRRC2B,8,0,0,0.76551246996892,NA,NA,NA,0.922277911854155
MORN2,4,0,0,0.76551246996892,NA,NA,NA,0.922472928221549
SLC45A4,3,0,0,0.765485357092552,NA,NA,NA,0.922496528460526
RBAK,11,0,0,0.76602327421942,NA,NA,NA,0.92258114180474
CNNM2,9,0,0,0.76602327421942,NA,NA,NA,0.92266067744579
HIBCH,8,0,0,0.765485357092552,NA,NA,NA,0.922687458590474
IMMT,5,0,0,0.766097521535372,NA,NA,NA,0.923159417583022
KIF18A,3,0,0,0.766097521535372,NA,NA,NA,0.923353142537642
TBC1D23,6,0,0,0.766457109360602,NA,NA,NA,0.923449587249597
ERC2,2,0,0,0.766533946130283,NA,NA,NA,0.923517000029469
MREG,8,0,0,0.767083559696399,NA,NA,NA,0.924352660365826
MAP3K2,22,0,0,0.7684495543522,NA,NA,NA,0.924836304021231
PAQR5,10,0,0,0.768410342376233,NA,NA,NA,0.924929147390248
CFI,4,0,0,0.768474101805647,NA,NA,NA,0.924930690532382
C1orf50,20,0,0,0.768410342376233,NA,NA,NA,0.925126553966653
AP5S1,7,0,0,0.768410342376233,NA,NA,NA,0.925187619836849
SRI,14,0,0,0.768474101805647,NA,NA,NA,0.925204812874696
DERA,3,0,0,0.768474101805647,NA,NA,NA,0.925251684265232
REPS1,13,0,0,0.768597981553697,NA,NA,NA,0.925359184977492
DAB2,4,0,0,0.768474101805647,NA,NA,NA,0.925388432924403
FAM213A,11,0,0,0.768410342376233,NA,NA,NA,0.925405368971783
GAB1,10,0,0,0.768597981553697,NA,NA,NA,0.925409572070457
CACUL1,15,0,0,0.768410342376233,NA,NA,NA,0.925455157574993
MTF2,12,0,0,0.768291346047388,NA,NA,NA,0.925461603495227
FIBP,5,0,0,0.768554659606377,NA,NA,NA,0.925463830701473
FBXO3,9,0,0,0.768176628272612,NA,NA,NA,0.925488439766123
AP4M1,7,0,0,0.768597981553697,NA,NA,NA,0.92559567819024
HSPA4L,25,0,0,0.769087568306224,NA,NA,NA,0.925783363844118
RPS19,4,0,0,0.769218045333077,NA,NA,NA,0.925895501458314
RCBTB1,4,0,0,0.769174060858554,NA,NA,NA,0.925984314233417
ZNF576,8,0,0,0.769174060858554,NA,NA,NA,0.926201602031905
MAPK1,18,0,0,0.770335286619259,NA,NA,NA,0.926257204287484
ASPH,8,0,0,0.770303560718489,NA,NA,NA,0.926284079616718
ICE1,4,0,0,0.770313953069095,NA,NA,NA,0.926365637542144
BORCS5,18,0,0,0.769819807718681,NA,NA,NA,0.926414496436477
LARS,7,0,0,0.770303560718489,NA,NA,NA,0.926471394678315
TRMT13,10,0,0,0.770184863760911,NA,NA,NA,0.926479010451163
ABHD18,4,0,0,0.769819807718681,NA,NA,NA,0.926562413048756
LETM1,10,0,0,0.770303560718489,NA,NA,NA,0.926591116506325
IRS2,8,0,0,0.770184863760911,NA,NA,NA,0.926610170692259
NEIL3,18,0,0,0.769819807718681,NA,NA,NA,0.926714590472893
PUS7L,19,0,0,0.770303560718489,NA,NA,NA,0.926735447189206
ZNF710,2,0,0,0.769819807718681,NA,NA,NA,0.926751746626622
B3GALT6,14,0,0,0.771245768167693,NA,NA,NA,0.926814576452395
ERI1,2,0,0,0.770291275496863,NA,NA,NA,0.926853458941237
FTO,5,0,0,0.770303560718489,NA,NA,NA,0.926866212059323
UBE2E3,4,0,0,0.771176095967302,NA,NA,NA,0.926880905977514
EXOSC5,4,0,0,0.770291275496863,NA,NA,NA,0.926896324853029
RSRC1,6,0,0,0.770291275496863,NA,NA,NA,0.926897415731138
TMEM144,4,0,0,0.771108818551725,NA,NA,NA,0.926947831480009
CYB561D1,4,0,0,0.770291275496863,NA,NA,NA,0.926972373837828
ZNF699,3,0,0,0.771139122302708,NA,NA,NA,0.926975770502604
MOB1A,13,0,0,0.770291275496863,NA,NA,NA,0.92704028690898
IKZF2,4,0,0,0.770291275496863,NA,NA,NA,0.92706102753135
ZNF639,16,0,0,0.771108818551725,NA,NA,NA,0.927115631184873
DRAM1,12,0,0,0.77180550789713,NA,NA,NA,0.927293415446331
FBXO5,5,0,0,0.77180550789713,NA,NA,NA,0.927329250196445
GTF2H3,6,0,0,0.772536147151429,NA,NA,NA,0.928584161892886
NKD1,9,0,0,0.773502685924264,NA,NA,NA,0.928987361368516
ZNF552,15,0,0,0.773435029267192,NA,NA,NA,0.929091064680776
SH3D21,8,0,0,0.772621463274957,NA,NA,NA,0.929095584368268
SLAMF7,3,0,0,0.773432625779807,NA,NA,NA,0.929106097383264
MAF,4,0,0,0.773502685924264,NA,NA,NA,0.929117310943355
SNX4,3,0,0,0.773435029267192,NA,NA,NA,0.929123434643788
PLK4,6,0,0,0.773758770031743,NA,NA,NA,0.929152216272862
TBC1D2,5,0,0,0.773419337250191,NA,NA,NA,0.92917293201002
GNAQ,14,0,0,0.773419337250191,NA,NA,NA,0.9291744495566
KPNA2,6,0,0,0.773419337250191,NA,NA,NA,0.929200910237026
AGO3,13,0,0,0.773432625779807,NA,NA,NA,0.929204693022609
SF3B2,2,0,0,0.773432625779807,NA,NA,NA,0.929273526737133
PIAS2,22,0,0,0.773419337250191,NA,NA,NA,0.929326002470549
CHURC1,11,0,0,0.773419337250191,NA,NA,NA,0.929342329519907
TMEM44,3,0,0,0.773151012997463,NA,NA,NA,0.929406240568007
FANCA,15,0,0,0.773419337250191,NA,NA,NA,0.929459450272175
ARRDC1,5,0,0,0.773151012997463,NA,NA,NA,0.929529543066715
HTATIP2,9,0,0,0.773419337250191,NA,NA,NA,0.929565656538994
PDE8A,4,0,0,0.773411617180444,NA,NA,NA,0.929656122001585
NOTCH2,10,0,0,0.773419337250191,NA,NA,NA,0.929665402453148
KNSTRN,15,0,0,0.773419337250191,NA,NA,NA,0.929671134336481
MANEA,6,0,0,0.773384080855323,NA,NA,NA,0.929759728435039
GPN1,12,0,0,0.773419337250191,NA,NA,NA,0.929820522072286
ZNF263,3,0,0,0.773384080855323,NA,NA,NA,0.92995470269633
GATB,5,0,0,0.774767199610084,NA,NA,NA,0.929990753823482
CDC7,8,0,0,0.774384184533073,NA,NA,NA,0.930026193535754
KYNU,11,0,0,0.77456768855033,NA,NA,NA,0.930041894259293
PIBF1,7,0,0,0.773384080855323,NA,NA,NA,0.930060494764312
F2R,6,0,0,0.774605371661145,NA,NA,NA,0.930086604819109
ZNF613,4,0,0,0.774738362422743,NA,NA,NA,0.930089531750952
CUX1,2,0,0,0.77456768855033,NA,NA,NA,0.930097889677589
UBE2S,9,0,0,0.773350073372612,NA,NA,NA,0.930113112869353
JKAMP,5,0,0,0.773332462779665,NA,NA,NA,0.930168194299145
TAF1B,13,0,0,0.774538751098019,NA,NA,NA,0.930237029884575
ADGRL1,7,0,0,0.77456768855033,NA,NA,NA,0.930259358005563
GTF2H1,9,0,0,0.77522714334767,NA,NA,NA,0.931013895530683
CTDSP2,5,0,0,0.77522714334767,NA,NA,NA,0.931189791855371
CLDN1,8,0,0,0.775660801873269,NA,NA,NA,0.931301059644615
TMEM56-RWDD3,4,0,0,0.775660801873269,NA,NA,NA,0.931404568315023
ASL,5,0,0,0.775649330339523,NA,NA,NA,0.931448029939997
TXN2,5,0,0,0.776076558438094,NA,NA,NA,0.932001735993628
RNF138,10,0,0,0.775934330641823,NA,NA,NA,0.932050045374345
VPS35,10,0,0,0.775988669379067,NA,NA,NA,0.932050071526011
FAM151B,6,0,0,0.775988669379067,NA,NA,NA,0.932132266278944
APH1A,8,0,0,0.776076558438094,NA,NA,NA,0.932163615852908
SCAMP1,26,0,0,0.776480557950908,NA,NA,NA,0.932245917957612
MAPKAPK5,8,0,0,0.776480557950908,NA,NA,NA,0.932251992143716
TLN1,6,0,0,0.776314084464164,NA,NA,NA,0.932338812218719
TMCO3,6,0,0,0.776232216806479,NA,NA,NA,0.932368448134187
GLB1,5,0,0,0.776391697277028,NA,NA,NA,0.932368959750429
ZNF510,5,0,0,0.776480557950908,NA,NA,NA,0.932435659706254
MOCOS,9,0,0,0.776440850172344,NA,NA,NA,0.932437026944998
OPTN,10,0,0,0.776314084464164,NA,NA,NA,0.932456576679089
COMMD10,11,0,0,0.776232216806479,NA,NA,NA,0.932510537027891
ELF1,8,0,0,0.776391697277028,NA,NA,NA,0.932522076101459
SOX6,4,0,0,0.776709434828691,NA,NA,NA,0.932548208648822
MORC2,5,0,0,0.776314084464164,NA,NA,NA,0.932622218458797
SIPA1,12,0,0,0.776232216806479,NA,NA,NA,0.932630088112611
RPS6KB1,7,0,0,0.777058447385072,NA,NA,NA,0.932691762005608
MINDY3,5,0,0,0.777058447385072,NA,NA,NA,0.932899977290897
ELP2,15,0,0,0.777817652744757,NA,NA,NA,0.933383087959978
PABPC1L,2,0,0,0.777879441063495,NA,NA,NA,0.933405923622881
TMEM64,11,0,0,0.777817652744757,NA,NA,NA,0.93348157466381
ATP6V1H,3,0,0,0.778431295433819,NA,NA,NA,0.933856383379284
CENPU,8,0,0,0.7783333621822,NA,NA,NA,0.933872005329321
SLC20A2,4,0,0,0.778416234342939,NA,NA,NA,0.933874015103996
FAM47E-STBD1,5,0,0,0.7783333621822,NA,NA,NA,0.933888258817818
COL4A3BP,11,0,0,0.77884399526405,NA,NA,NA,0.934323425358791
TNNT1,4,0,0,0.778919519817273,NA,NA,NA,0.934337501888232
C2orf69,4,0,0,0.77884399526405,NA,NA,NA,0.934348590471784
IGF2,6,0,0,0.77884399526405,NA,NA,NA,0.934502208129703
MED30,4,0,0,0.779109265410796,NA,NA,NA,0.934611782430085
CTSB,14,0,0,0.77884399526405,NA,NA,NA,0.93465981237551
DHODH,7,0,0,0.77884399526405,NA,NA,NA,0.934715002199559
TMEM265,6,0,0,0.779871961881815,NA,NA,NA,0.935352116047748
TCN2,2,0,0,0.779830067478958,NA,NA,NA,0.935353586747475
HSD11B1,2,0,0,0.779830067478958,NA,NA,NA,0.935459624631025
ALS2CL,6,0,0,0.779871961881815,NA,NA,NA,0.93557199462022
PAQR8,8,0,0,0.779871961881815,NA,NA,NA,0.93560044604626
DIRC2,9,0,0,0.779871961881815,NA,NA,NA,0.935662531355179
LIG3,14,0,0,0.780411188450338,NA,NA,NA,0.935802863615147
SERTAD1,2,0,0,0.780830200211364,NA,NA,NA,0.936292768255774
HPGD,9,0,0,0.780830200211364,NA,NA,NA,0.936375561609294
CPE,7,0,0,0.781359803232232,NA,NA,NA,0.936684393931823
RGS19,5,0,0,0.781326722612133,NA,NA,NA,0.93678390645107
ZNF276,9,0,0,0.781544239357909,NA,NA,NA,0.937003661804439
HDAC3,4,0,0,0.781544239357909,NA,NA,NA,0.937145154550599
CCDC107,3,0,0,0.781553073368559,NA,NA,NA,0.937146942790908
SUMO2,10,0,0,0.781553073368559,NA,NA,NA,0.937190273307969
HOXA10,3,0,0,0.781544239357909,NA,NA,NA,0.937293026956266
ZNF225,10,0,0,0.781553073368559,NA,NA,NA,0.937334534671063
RGL1,12,0,0,0.781553073368559,NA,NA,NA,0.937395161556484
STX2,6,0,0,0.781544239357909,NA,NA,NA,0.937513334393867
RTL6,4,0,0,0.78183488251389,NA,NA,NA,0.937721734197817
NSRP1,7,0,0,0.782305311607834,NA,NA,NA,0.938137406872056
NAV1,11,0,0,0.782450097810026,NA,NA,NA,0.93817923608493
FBXL17,8,0,0,0.782572525255071,NA,NA,NA,0.938513703891506
SHB,6,0,0,0.782572525255071,NA,NA,NA,0.93853560748651
DPH3,9,0,0,0.782539375695021,NA,NA,NA,0.938552176509702
WIZ,9,0,0,0.782539375695021,NA,NA,NA,0.938585497295541
ATRX,8,0,0,0.782572525255071,NA,NA,NA,0.93862602107728
PAIP1,3,0,0,0.782572525255071,NA,NA,NA,0.938692858160128
CCNT2,13,0,0,0.782539375695021,NA,NA,NA,0.938734510192136
XPNPEP3,10,0,0,0.782539375695021,NA,NA,NA,0.938749448534903
SLC43A3,5,0,0,0.782539375695021,NA,NA,NA,0.938967061910385
SIPA1L1,5,0,0,0.782572525255071,NA,NA,NA,0.939108918059626
CDK5RAP3,3,0,0,0.782572525255071,NA,NA,NA,0.93943978574527
TAX1BP1,21,0,0,0.782572525255071,NA,NA,NA,0.939459765738741
UBE2B,25,0,0,0.782754523404712,NA,NA,NA,0.939708311753656
HES2,9,0,0,0.782572525255071,NA,NA,NA,0.939723833915015
PKM,2,0,0,0.78363910981005,NA,NA,NA,0.939912651032926
MPP7,5,0,0,0.782754523404712,NA,NA,NA,0.93992178917259
DBF4,5,0,0,0.78330288756373,NA,NA,NA,0.939956405208174
PHF20L1,15,0,0,0.783126005698179,NA,NA,NA,0.939992696028419
CDK5R1,3,0,0,0.783391579978287,NA,NA,NA,0.939994405813536
ZNF230,8,0,0,0.783445125507964,NA,NA,NA,0.940003321372122
RNF144B,7,0,0,0.78438154587614,NA,NA,NA,0.940015538514186
ADO,12,0,0,0.782754523404712,NA,NA,NA,0.940067364582586
EGR1,8,0,0,0.782754523404712,NA,NA,NA,0.940071212587637
VDR,11,0,0,0.78438154587614,NA,NA,NA,0.9400812877145
UBQLN2,7,0,0,0.783351344281873,NA,NA,NA,0.940084948045884
PPARA,7,0,0,0.78363910981005,NA,NA,NA,0.940119084293307
LRIG2,6,0,0,0.78330288756373,NA,NA,NA,0.940148008477319
OPA1,19,0,0,0.78438154587614,NA,NA,NA,0.94015199043255
RGP1,17,0,0,0.785020666183378,NA,NA,NA,0.940156600836569
RNF126,4,0,0,0.785020666183378,NA,NA,NA,0.940160584192273
MED31,11,0,0,0.78438154587614,NA,NA,NA,0.940164278616735
SEC22A,15,0,0,0.784900537652092,NA,NA,NA,0.940193826207894
PPT1,10,0,0,0.78432868321897,NA,NA,NA,0.940211535130424
DNMT3A,8,0,0,0.782754523404712,NA,NA,NA,0.940244027365808
TRIQK,9,0,0,0.78438154587614,NA,NA,NA,0.940254412917891
GTF2E2,7,0,0,0.78438154587614,NA,NA,NA,0.940255010005312
TIAM1,2,0,0,0.782754523404712,NA,NA,NA,0.940273735338902
ATP6V1C1,14,0,0,0.784852005141746,NA,NA,NA,0.940280410196873
STIMATE,6,0,0,0.785020666183378,NA,NA,NA,0.940302723002748
PHF2,3,0,0,0.782754523404712,NA,NA,NA,0.940303496077318
SLC30A9,9,0,0,0.784556456988118,NA,NA,NA,0.940318423481094
LGALS3,6,0,0,0.784278563812302,NA,NA,NA,0.940330465590175
UNC5B,7,0,0,0.784791400885328,NA,NA,NA,0.940356748400964
RAD51,10,0,0,0.78432868321897,NA,NA,NA,0.940360528773592
IFRD1,7,0,0,0.78438154587614,NA,NA,NA,0.940400654985541
OSBPL10,8,0,0,0.78438154587614,NA,NA,NA,0.940440727959217
TESK1,4,0,0,0.78475215927171,NA,NA,NA,0.940451318326093
LMBR1L,4,0,0,0.782754523404712,NA,NA,NA,0.940455310074947
STN1,14,0,0,0.78438154587614,NA,NA,NA,0.940508938443654
TMA16,20,0,0,0.78438154587614,NA,NA,NA,0.940570039731126
CTR9,3,0,0,0.785355672084501,NA,NA,NA,0.940599529619418
HERC2,4,0,0,0.785215811747087,NA,NA,NA,0.940608452839999
FAM193A,4,0,0,0.785486811325193,NA,NA,NA,0.940778644638707
MRE11,14,0,0,0.785809955284019,NA,NA,NA,0.941028012194216
SYTL3,3,0,0,0.785777225267621,NA,NA,NA,0.941061947833158
MAN2A2,7,0,0,0.785759925397119,NA,NA,NA,0.941147704243056
RNFT1,4,0,0,0.785486811325193,NA,NA,NA,0.941205755206461
PLIN3,3,0,0,0.785759925397119,NA,NA,NA,0.941346629961686
MARCKSL1,3,0,0,0.785759925397119,NA,NA,NA,0.941462496325456
PRDX3,8,0,0,0.786466831941517,NA,NA,NA,0.942081407612572
GPBP1,15,0,0,0.786461954198582,NA,NA,NA,0.942141959537892
FBXL3,16,0,0,0.786461954198582,NA,NA,NA,0.942168098197994
NUP214,3,0,0,0.786466831941517,NA,NA,NA,0.942201433054829
FNDC4,2,0,0,0.786466831941517,NA,NA,NA,0.942272021927733
FAM118B,10,0,0,0.786810799167345,NA,NA,NA,0.942454798362715
RFWD3,5,0,0,0.786810799167345,NA,NA,NA,0.942492268344743
YARS2,18,0,0,0.787022712626772,NA,NA,NA,0.942622586710462
GOT1,4,0,0,0.787131154359057,NA,NA,NA,0.942644846099042
SEL1L,15,0,0,0.78706266707092,NA,NA,NA,0.942714896541517
LRRC42,4,0,0,0.788073449240741,NA,NA,NA,0.943562602968914
PYGO1,5,0,0,0.788034655756149,NA,NA,NA,0.943620696830092
DNAJC24,9,0,0,0.788541620468306,NA,NA,NA,0.943700406476263
TMEM186,6,0,0,0.788452343597365,NA,NA,NA,0.943763429984046
PTRHD1,8,0,0,0.788034655756149,NA,NA,NA,0.943772330023721
SF3B3,19,0,0,0.788073449240741,NA,NA,NA,0.943772474220339
MSS51,4,0,0,0.788270456474651,NA,NA,NA,0.943772886193893
LSM14B,4,0,0,0.788356102464222,NA,NA,NA,0.943810179840871
DCBLD2,21,0,0,0.788541620468306,NA,NA,NA,0.943829890408413
SS18,18,0,0,0.788189939826258,NA,NA,NA,0.943832974150474
SAP30BP,8,0,0,0.788907054585165,NA,NA,NA,0.943949560603827
ZNF281,5,0,0,0.789317690304001,NA,NA,NA,0.944005230961339
DHX37,5,0,0,0.789519616860428,NA,NA,NA,0.944047805258067
ADRB2,7,0,0,0.789317690304001,NA,NA,NA,0.944149658378184
NRG2,4,0,0,0.789317690304001,NA,NA,NA,0.944264957005658
EPPK1,12,0,0,0.79009132503878,NA,NA,NA,0.94448199961669
TRMT12,12,0,0,0.789961129677562,NA,NA,NA,0.944500195261576
LNX2,4,0,0,0.789961129677562,NA,NA,NA,0.944692743004135
KIF1BP,2,0,0,0.789961129677562,NA,NA,NA,0.944872632509249
ZNF583,6,0,0,0.790833648631414,NA,NA,NA,0.944944983621535
RAB3GAP2,8,0,0,0.790686219196719,NA,NA,NA,0.94494876341888
C3orf52,4,0,0,0.791705481232328,NA,NA,NA,0.944975060646124
LCA5,4,0,0,0.791298428394875,NA,NA,NA,0.944995222431318
PSD4,6,0,0,0.791109145455233,NA,NA,NA,0.945066636303967
KLF8,10,0,0,0.791284688153122,NA,NA,NA,0.945099912271468
FBXO11,15,0,0,0.791109145455233,NA,NA,NA,0.945120983829135
FTSJ1,4,0,0,0.791298428394875,NA,NA,NA,0.945134674114461
ENTPD7,18,0,0,0.791705481232328,NA,NA,NA,0.945176877311276
SZT2,12,0,0,0.791284688153122,NA,NA,NA,0.945239878155954
PBK,6,0,0,0.792728374432964,NA,NA,NA,0.945248256117081
BLOC1S2,7,0,0,0.791693204397035,NA,NA,NA,0.945292405433684
TMEM120B,9,0,0,0.792639618922606,NA,NA,NA,0.945301416261106
WIPF1,9,0,0,0.791109145455233,NA,NA,NA,0.945340394089181
MALSU1,4,0,0,0.791705481232328,NA,NA,NA,0.945351107587901
SRGAP3,12,0,0,0.792615604679849,NA,NA,NA,0.94535125636528
TMEM243,7,0,0,0.791705481232328,NA,NA,NA,0.945377420970679
ZNF865,3,0,0,0.792615604679849,NA,NA,NA,0.945561103090506
FAM168A,20,0,0,0.7919630014357,NA,NA,NA,0.945680959449893
SUZ12,12,0,0,0.792615604679849,NA,NA,NA,0.945707012243599
POLR1B,15,0,0,0.792170418256475,NA,NA,NA,0.94572974402848
VAMP8,4,0,0,0.79326146681298,NA,NA,NA,0.945763049590081
GON4L,8,0,0,0.792615604679849,NA,NA,NA,0.945764203037115
TMEM225B,2,0,0,0.79326146681298,NA,NA,NA,0.945840836109908
DCXR,4,0,0,0.79326146681298,NA,NA,NA,0.945894101974344
CLCN5,6,0,0,0.792615604679849,NA,NA,NA,0.945897789932848
FAXC,15,0,0,0.792170418256475,NA,NA,NA,0.945946558382116
PLEC,12,0,0,0.792615604679849,NA,NA,NA,0.945996869549344
PPP3CB,7,0,0,0.792170418256475,NA,NA,NA,0.946037695126759
DDX10,3,0,0,0.792615604679849,NA,NA,NA,0.946159966251066
NR2F1,3,0,0,0.792480296590737,NA,NA,NA,0.946240749718191
ITPRIP,8,0,0,0.792170418256475,NA,NA,NA,0.946256103215744
RWDD3,2,0,0,0.792615604679849,NA,NA,NA,0.946375486051738
SGPP2,2,0,0,0.792615604679849,NA,NA,NA,0.94637795136424
C8orf59,9,0,0,0.79254172071413,NA,NA,NA,0.946381899337128
GNPTAB,8,0,0,0.793919751423847,NA,NA,NA,0.946382521705073
GAS2L1,2,0,0,0.793867250039117,NA,NA,NA,0.946383979818852
UQCRB,15,0,0,0.792615604679849,NA,NA,NA,0.94647796239306
PNKD,2,0,0,0.79254172071413,NA,NA,NA,0.946510338238566
CD81,7,0,0,0.792555612701876,NA,NA,NA,0.946546303274873
TSEN54,2,0,0,0.79254172071413,NA,NA,NA,0.946549061911933
TOR1A,9,0,0,0.79254172071413,NA,NA,NA,0.946554587152216
COX14,7,0,0,0.792615604679849,NA,NA,NA,0.946564938814319
PKP4,10,0,0,0.79254172071413,NA,NA,NA,0.946599537506461
PDHX,10,0,0,0.792615604679849,NA,NA,NA,0.946615289251563
PIH1D2,2,0,0,0.792615604679849,NA,NA,NA,0.946619704170949
PABPC4,4,0,0,0.792615604679849,NA,NA,NA,0.946635857174022
SRP68,7,0,0,0.79254172071413,NA,NA,NA,0.946655178391528
PSAP,13,0,0,0.792615604679849,NA,NA,NA,0.946673070599314
TONSL,2,0,0,0.79254172071413,NA,NA,NA,0.946696858465431
ZNF586,7,0,0,0.79254172071413,NA,NA,NA,0.946728805033606
CYTH2,6,0,0,0.794390563964801,NA,NA,NA,0.946817055672253
CLINT1,8,0,0,0.79254172071413,NA,NA,NA,0.946838914343163
VPS54,8,0,0,0.79254172071413,NA,NA,NA,0.946931379256827
CLTB,10,0,0,0.79449599347239,NA,NA,NA,0.947038471746504
TOP1MT,7,0,0,0.79449599347239,NA,NA,NA,0.947281604304289
MRM2,2,0,0,0.79449599347239,NA,NA,NA,0.947310110334758
PITPNB,6,0,0,0.79449599347239,NA,NA,NA,0.947362771445838
TNFRSF10A,7,0,0,0.79449599347239,NA,NA,NA,0.947518030594719
PELP1,2,0,0,0.79449599347239,NA,NA,NA,0.947818315644272
SLC44A2,3,0,0,0.79449599347239,NA,NA,NA,0.947921767269183
ZNF616,6,0,0,0.79449599347239,NA,NA,NA,0.947971168598242
HTT,5,0,0,0.79449599347239,NA,NA,NA,0.947974016264966
NEMF,20,0,0,0.79449599347239,NA,NA,NA,0.948051335378974
ZNF696,5,0,0,0.79449599347239,NA,NA,NA,0.948068954234514
ZSCAN25,3,0,0,0.79449599347239,NA,NA,NA,0.948097719237453
SIN3B,2,0,0,0.79449599347239,NA,NA,NA,0.948149597104498
COPB2,21,0,0,0.79449599347239,NA,NA,NA,0.948168918515793
SUSD5,3,0,0,0.79449599347239,NA,NA,NA,0.948218026463623
MIS18A,4,0,0,0.79449599347239,NA,NA,NA,0.948300023956974
NPL,2,0,0,0.79449599347239,NA,NA,NA,0.94830842232219
DPY30,5,0,0,0.79449599347239,NA,NA,NA,0.94837748468667
CDC20,4,0,0,0.79449599347239,NA,NA,NA,0.948464546638853
TRPS1,12,0,0,0.79449599347239,NA,NA,NA,0.94851375068117
UTP11,6,0,0,0.79449599347239,NA,NA,NA,0.94854147013263
CXCL16,4,0,0,0.79449599347239,NA,NA,NA,0.948593426941033
SDF4,4,0,0,0.79449599347239,NA,NA,NA,0.948714108494992
FAM126A,10,0,0,0.795632967609001,NA,NA,NA,0.949698017249178
SUV39H2,14,0,0,0.795742114136548,NA,NA,NA,0.949742664607374
ERH,4,0,0,0.795632967609001,NA,NA,NA,0.949761634724499
PDLIM4,7,0,0,0.795632967609001,NA,NA,NA,0.94978087905754
FERMT1,10,0,0,0.795632967609001,NA,NA,NA,0.949858710951571
PIP4P1,3,0,0,0.795742114136548,NA,NA,NA,0.949880990714506
NT5DC3,6,0,0,0.795632967609001,NA,NA,NA,0.94989885263303
CFAP53,2,0,0,0.795632967609001,NA,NA,NA,0.949919071532581
KIF13A,9,0,0,0.795742114136548,NA,NA,NA,0.949967324066155
RPS6KA2,5,0,0,0.795632967609001,NA,NA,NA,0.949988254140599
ATP9B,8,0,0,0.795632967609001,NA,NA,NA,0.950039122580871
KLHL26,7,0,0,0.795632967609001,NA,NA,NA,0.950043097418817
YWHAB,20,0,0,0.796043661612648,NA,NA,NA,0.950284596522519
GNAI1,7,0,0,0.796043661612648,NA,NA,NA,0.950296317036571
RNF40,5,0,0,0.796043661612648,NA,NA,NA,0.9504430589268
SCAP,3,0,0,0.796043661612648,NA,NA,NA,0.950579133650938
EMP2,9,0,0,0.796043661612648,NA,NA,NA,0.950626166822392
NDEL1,9,0,0,0.796330171495753,NA,NA,NA,0.950769527595904
SCRN3,9,0,0,0.796043661612648,NA,NA,NA,0.950832384585434
ST5,3,0,0,0.796330171495753,NA,NA,NA,0.950874500681003
SOD1,8,0,0,0.796591215520633,NA,NA,NA,0.951018899585654
TATDN1,3,0,0,0.796591215520633,NA,NA,NA,0.951105537141293
TOPBP1,7,0,0,0.796591215520633,NA,NA,NA,0.951132874989471
RPIA,3,0,0,0.796591215520633,NA,NA,NA,0.951147498916474
PSEN2,5,0,0,0.796591215520633,NA,NA,NA,0.951183520484239
EXOC3,4,0,0,0.796591215520633,NA,NA,NA,0.951311451715395
CAV2,15,0,0,0.796591215520633,NA,NA,NA,0.951501054216266
CAPZA2,18,0,0,0.796591215520633,NA,NA,NA,0.951584714764592
ERMP1,13,0,0,0.796916210588328,NA,NA,NA,0.951586539071717
SLC10A7,9,0,0,0.796591215520633,NA,NA,NA,0.951692520090199
BHLHE40,4,0,0,0.796916210588328,NA,NA,NA,0.951698290311342
ANKH,9,0,0,0.796916210588328,NA,NA,NA,0.951747355356366
PLA2G16,4,0,0,0.797825061611518,NA,NA,NA,0.951959138775418
DDRGK1,7,0,0,0.797825061611518,NA,NA,NA,0.952034801635704
URB2,18,0,0,0.797825061611518,NA,NA,NA,0.952092661156609
DPYSL2,8,0,0,0.798235679309095,NA,NA,NA,0.952146971935292
GALK2,8,0,0,0.798052578468615,NA,NA,NA,0.952163583594165
COPRS,3,0,0,0.798122340218543,NA,NA,NA,0.952181191361538
TOMM40,5,0,0,0.797503847148036,NA,NA,NA,0.952210510220611
ZNF711,6,0,0,0.797503847148036,NA,NA,NA,0.952238248254191
ILVBL,2,0,0,0.79802648770389,NA,NA,NA,0.952270159057647
C9orf3,7,0,0,0.797825061611518,NA,NA,NA,0.95228528460129
ZFAND5,22,0,0,0.798486476759462,NA,NA,NA,0.952296768641525
SIRPA,6,0,0,0.798387407854848,NA,NA,NA,0.952320342470423
KCTD21,2,0,0,0.79843786418829,NA,NA,NA,0.952321853764192
TDP1,6,0,0,0.797579816015491,NA,NA,NA,0.952324300237786
NDRG3,9,0,0,0.797825061611518,NA,NA,NA,0.952501600509933
CLPTM1L,5,0,0,0.797825061611518,NA,NA,NA,0.952592205309296
ZNF525,3,0,0,0.798836025161388,NA,NA,NA,0.952618326009206
SCAF1,2,0,0,0.797825061611518,NA,NA,NA,0.952738227592153
FAM13B,11,0,0,0.797825061611518,NA,NA,NA,0.95274587795097
COL6A3,4,0,0,0.798889435452177,NA,NA,NA,0.952748816196425
TRAK2,10,0,0,0.798836025161388,NA,NA,NA,0.952780794916291
GPM6B,7,0,0,0.797825061611518,NA,NA,NA,0.952791233251862
EIF3A,8,0,0,0.797825061611518,NA,NA,NA,0.952803074491653
TTC30A,16,0,0,0.797825061611518,NA,NA,NA,0.952880016305413
UCN2,4,0,0,0.797825061611518,NA,NA,NA,0.952941237875686
MCF2,2,0,0,0.79933281711242,NA,NA,NA,0.95298952852993
YIPF3,8,0,0,0.797825061611518,NA,NA,NA,0.953035797313152
JARID2,6,0,0,0.797825061611518,NA,NA,NA,0.953068278949872
ZBTB41,6,0,0,0.79933281711242,NA,NA,NA,0.9531451012415
FHOD3,2,0,0,0.79933281711242,NA,NA,NA,0.953177454237123
ANTXR2,11,0,0,0.79933281711242,NA,NA,NA,0.953282374314192
PINX1,4,0,0,0.799722022793908,NA,NA,NA,0.953314974846938
FUBP3,10,0,0,0.799722022793908,NA,NA,NA,0.95344209179683
CSPP1,4,0,0,0.799722022793908,NA,NA,NA,0.953465248052703
PRSS12,7,0,0,0.799722022793908,NA,NA,NA,0.953470401800504
BRWD1,9,0,0,0.799722022793908,NA,NA,NA,0.953537949318571
CEP83,7,0,0,0.799722022793908,NA,NA,NA,0.953599909607038
LARP4B,21,0,0,0.799722022793908,NA,NA,NA,0.953622108065801
LNPEP,6,0,0,0.799722022793908,NA,NA,NA,0.953790399279594
PHF5A,3,0,0,0.799722022793908,NA,NA,NA,0.954915815921443
TMEM9,10,0,0,0.799722022793908,NA,NA,NA,0.955041897852529
RNF187,15,0,0,0.799722022793908,NA,NA,NA,0.955129141542449
CDK2,4,0,0,0.799722022793908,NA,NA,NA,0.955150046535785
INSC,3,0,0,0.799722022793908,NA,NA,NA,0.9552009214571
GPR39,4,0,0,0.799722022793908,NA,NA,NA,0.955309755711164
CASC10,6,0,0,0.799722022793908,NA,NA,NA,0.955336317959283
MSRB2,6,0,0,0.799722022793908,NA,NA,NA,0.955349218821927
SIRT5,10,0,0,0.799722022793908,NA,NA,NA,0.955394380091134
MTF1,5,0,0,0.80004160517368,NA,NA,NA,0.955624041189998
ZNF10,6,0,0,0.80004160517368,NA,NA,NA,0.955762742372244
ZNF74,6,0,0,0.80004160517368,NA,NA,NA,0.955884611450163
UFD1,5,0,0,0.80004160517368,NA,NA,NA,0.955888270179723
HYPK,6,0,0,0.80004160517368,NA,NA,NA,0.956247030215234
DUS2,3,0,0,0.800461013687826,NA,NA,NA,0.956727346817419
UBE2D2,13,0,0,0.80032483633092,NA,NA,NA,0.95678265673614
HSPA13,10,0,0,0.80032483633092,NA,NA,NA,0.956786344539149
KIAA0556,2,0,0,0.80032483633092,NA,NA,NA,0.956803826822795
CHURC1-FNTB,3,0,0,0.800461013687826,NA,NA,NA,0.956821345758052
GINS3,3,0,0,0.800533034399968,NA,NA,NA,0.957034597569555
LRRK2,2,0,0,0.800533034399968,NA,NA,NA,0.957125861718527
BCAR3,6,0,0,0.800846789870601,NA,NA,NA,0.957263224653069
GRK2,5,0,0,0.801075406552487,NA,NA,NA,0.957631826250071
NFE2L3,3,0,0,0.801263482439494,NA,NA,NA,0.957693854496548
ZRANB3,7,0,0,0.801638482746222,NA,NA,NA,0.958304867657871
KIAA0586,9,0,0,0.8026582425715,NA,NA,NA,0.958539752753986
MRPS25,8,0,0,0.802099694445436,NA,NA,NA,0.958684971440494
USP22,6,0,0,0.8026582425715,NA,NA,NA,0.958692122026106
NUMB,11,0,0,0.802003488416733,NA,NA,NA,0.95873494391189
GEMIN4,12,0,0,0.80309563132899,NA,NA,NA,0.958770444355575
ENO1,6,0,0,0.8026582425715,NA,NA,NA,0.958785126928169
PSKH1,7,0,0,0.80309563132899,NA,NA,NA,0.958812529466242
POLRMT,3,0,0,0.8026582425715,NA,NA,NA,0.958966394955828
PTPN12,7,0,0,0.8026582425715,NA,NA,NA,0.959009518757754
CBX4,5,0,0,0.8026582425715,NA,NA,NA,0.959166728994943
PDP2,12,0,0,0.8026582425715,NA,NA,NA,0.959178343800524
GLMN,6,0,0,0.8026582425715,NA,NA,NA,0.959216065846133
ZNF516,8,0,0,0.8026582425715,NA,NA,NA,0.959236308243247
SCAI,11,0,0,0.8026582425715,NA,NA,NA,0.959353361394332
ZMAT2,11,0,0,0.803491615390798,NA,NA,NA,0.959393173201701
CHST7,7,0,0,0.8026582425715,NA,NA,NA,0.959507188591721
ZBTB21,7,0,0,0.803491615390798,NA,NA,NA,0.959558451374888
ECHS1,4,0,0,0.8026582425715,NA,NA,NA,0.959605099859873
KIF2C,5,0,0,0.8026582425715,NA,NA,NA,0.959761863182395
ZDHHC2,27,0,0,0.8026582425715,NA,NA,NA,0.959864619322745
TOP3A,19,0,0,0.804211663106388,NA,NA,NA,0.960290384230467
ADCY9,5,0,0,0.804211663106388,NA,NA,NA,0.960359020240198
NOL10,10,0,0,0.804211663106388,NA,NA,NA,0.96056629383804
NUP133,11,0,0,0.805797981072339,NA,NA,NA,0.961053311411403
SEPT8,5,0,0,0.805011276282606,NA,NA,NA,0.961113103244396
TRIM6,3,0,0,0.805011276282606,NA,NA,NA,0.961153706672892
MIB1,13,0,0,0.805299389086263,NA,NA,NA,0.961220615155793
RER1,13,0,0,0.805152452805907,NA,NA,NA,0.961229593740793
CCNL2,11,0,0,0.805797981072339,NA,NA,NA,0.961257691189981
SERPINB1,5,0,0,0.805661898416868,NA,NA,NA,0.96127290849242
RAB11FIP2,9,0,0,0.805454027747152,NA,NA,NA,0.961281862720548
DDB1,4,0,0,0.805142166549622,NA,NA,NA,0.961298723913169
MARVELD1,6,0,0,0.805405435089319,NA,NA,NA,0.961302884339667
FSCN1,3,0,0,0.805011276282606,NA,NA,NA,0.961320289996304
CHERP,5,0,0,0.805102960091852,NA,NA,NA,0.961336697379385
MPZL2,5,0,0,0.805011276282606,NA,NA,NA,0.961344379340258
GTF3C4,6,0,0,0.805661898416868,NA,NA,NA,0.961345708318146
MEGF8,2,0,0,0.805661898416868,NA,NA,NA,0.96136780787208
DNAJC10,25,0,0,0.805011276282606,NA,NA,NA,0.961390131608871
ATP7A,5,0,0,0.805142166549622,NA,NA,NA,0.961407142965211
ICAM1,4,0,0,0.805395332181276,NA,NA,NA,0.961419112887207
KIAA0895,4,0,0,0.805661898416868,NA,NA,NA,0.961432215396121
UBA3,11,0,0,0.805797269168642,NA,NA,NA,0.961439819803967
MRPL14,6,0,0,0.805797981072339,NA,NA,NA,0.961453258066803
GMPR2,8,0,0,0.805011276282606,NA,NA,NA,0.961456492878648
ZNF557,8,0,0,0.805011276282606,NA,NA,NA,0.961479777892254
FANCF,14,0,0,0.805102960091852,NA,NA,NA,0.961500543362689
MAL2,13,0,0,0.805142166549622,NA,NA,NA,0.961518775174138
PBDC1,16,0,0,0.805011276282606,NA,NA,NA,0.961526943628305
HEATR3,6,0,0,0.805142166549622,NA,NA,NA,0.961624086996381
RAB4A,13,0,0,0.806699864337257,NA,NA,NA,0.961644437971812
SLC25A11,12,0,0,0.806446377871592,NA,NA,NA,0.961661743646348
AMER1,2,0,0,0.805011276282606,NA,NA,NA,0.961670198437017
SSPN,2,0,0,0.805011276282606,NA,NA,NA,0.96167575931976
PIGQ,3,0,0,0.808424772757161,NA,NA,NA,0.961685925959958
ZNF81,7,0,0,0.805142166549622,NA,NA,NA,0.961690869677855
CPVL,3,0,0,0.805011276282606,NA,NA,NA,0.961697395496676
KCTD13,2,0,0,0.806699864337257,NA,NA,NA,0.961724771578036
METTL25,2,0,0,0.808582638719102,NA,NA,NA,0.961726840180268
TMEM43,11,0,0,0.805011276282606,NA,NA,NA,0.961730078181213
AFAP1,16,0,0,0.805142166549622,NA,NA,NA,0.961778425895236
HMGB3,9,0,0,0.806623988087852,NA,NA,NA,0.9617854835357
TEAD1,21,0,0,0.806446377871592,NA,NA,NA,0.961807069309466
HACD2,9,0,0,0.808424772757161,NA,NA,NA,0.961828947102829
GPKOW,6,0,0,0.806699864337257,NA,NA,NA,0.961857075170811
PRDX6,9,0,0,0.806699864337257,NA,NA,NA,0.961975117076315
DHRS7B,4,0,0,0.808424772757161,NA,NA,NA,0.96199403392388
ERLIN1,5,0,0,0.808424772757161,NA,NA,NA,0.962150056341566
MKI67,12,0,0,0.808921271192377,NA,NA,NA,0.962162043153592
NANP,10,0,0,0.807461998282425,NA,NA,NA,0.962202648248554
SRP14,9,0,0,0.808424772757161,NA,NA,NA,0.962261401346726
FBXW2,13,0,0,0.807710593483176,NA,NA,NA,0.962277021856901
SLC25A4,6,0,0,0.807361828162122,NA,NA,NA,0.962307248620596
COL4A5,9,0,0,0.807461998282425,NA,NA,NA,0.962407708114996
TAF1C,7,0,0,0.807461998282425,NA,NA,NA,0.962443851515521
RNF219,2,0,0,0.808424772757161,NA,NA,NA,0.962467842278426
RTTN,3,0,0,0.808424772757161,NA,NA,NA,0.962510819452072
VSIG10L,7,0,0,0.809346302216254,NA,NA,NA,0.962542897260613
FIBIN,4,0,0,0.807461998282425,NA,NA,NA,0.962548099715389
ZNF414,2,0,0,0.807749584350351,NA,NA,NA,0.962598029484699
SORT1,9,0,0,0.808424772757161,NA,NA,NA,0.962639017798976
DMAC2,2,0,0,0.808424772757161,NA,NA,NA,0.962649940702579
CCDC12,5,0,0,0.808424772757161,NA,NA,NA,0.962670860602149
IRF6,13,0,0,0.807461998282425,NA,NA,NA,0.962705803383954
RBM47,6,0,0,0.808424772757161,NA,NA,NA,0.962713270055669
CLUH,2,0,0,0.807823615556055,NA,NA,NA,0.962739115120351
MPHOSPH8,7,0,0,0.807823615556055,NA,NA,NA,0.962797484501616
HSPB11,6,0,0,0.808424772757161,NA,NA,NA,0.962866385396048
ANXA7,7,0,0,0.807461998282425,NA,NA,NA,0.962883619845115
ASB3,3,0,0,0.809509996446893,NA,NA,NA,0.962904535002745
PRKG1,2,0,0,0.807823615556055,NA,NA,NA,0.962936550734802
ATP8A2,4,0,0,0.808424772757161,NA,NA,NA,0.962952766687394
FKBP7,5,0,0,0.808424772757161,NA,NA,NA,0.962959679611043
PFKP,6,0,0,0.808038702481827,NA,NA,NA,0.962979529636339
POLL,4,0,0,0.808424772757161,NA,NA,NA,0.963006028623722
PCYOX1,9,0,0,0.808424772757161,NA,NA,NA,0.963075860914123
EPAS1,6,0,0,0.808424772757161,NA,NA,NA,0.963204973077526
RGMA,2,0,0,0.808424772757161,NA,NA,NA,0.963228999270535
SIRT1,5,0,0,0.809509996446893,NA,NA,NA,0.963244374591601
PCDHB7,3,0,0,0.808422637497277,NA,NA,NA,0.963253781874285
SNUPN,3,0,0,0.809793411529057,NA,NA,NA,0.963298886336269
MMADHC,18,0,0,0.808424772757161,NA,NA,NA,0.963321432819198
APBB2,19,0,0,0.808424772757161,NA,NA,NA,0.963368856968502
DCK,8,0,0,0.808424772757161,NA,NA,NA,0.963372517081327
ZNF395,8,0,0,0.808424772757161,NA,NA,NA,0.963376696057367
TP63,2,0,0,0.808424772757161,NA,NA,NA,0.963383308572474
CA8,19,0,0,0.808424772757161,NA,NA,NA,0.963406568020975
SRSF8,13,0,0,0.808424772757161,NA,NA,NA,0.963469358177401
MCPH1,11,0,0,0.808424772757161,NA,NA,NA,0.963506282791641
SERPINA3,2,0,0,0.809793411529057,NA,NA,NA,0.96350705132375
ZNF780B,18,0,0,0.808424772757161,NA,NA,NA,0.96353712328063
RHOC,4,0,0,0.808424772757161,NA,NA,NA,0.963576501229675
SRXN1,5,0,0,0.808424772757161,NA,NA,NA,0.963702167864229
PRPF4B,2,0,0,0.810307955039113,NA,NA,NA,0.964245997824939
ABHD15,4,0,0,0.810406767725884,NA,NA,NA,0.964334960876915
ARID4B,4,0,0,0.810413486458841,NA,NA,NA,0.96443229227631
FAM135A,13,0,0,0.810730019848599,NA,NA,NA,0.964653752158452
DUSP12,2,0,0,0.811324809309566,NA,NA,NA,0.965082088777705
CCNA2,13,0,0,0.811234871827048,NA,NA,NA,0.965138413073809
GPRC5C,4,0,0,0.811657194363433,NA,NA,NA,0.965468283071163
PCMTD1,8,0,0,0.8119146079553,NA,NA,NA,0.965500272290248
CXCL8,5,0,0,0.8119146079553,NA,NA,NA,0.965694971237737
ZNF236,7,0,0,0.812125225174365,NA,NA,NA,0.966274671084186
GTF3A,4,0,0,0.81274461080048,NA,NA,NA,0.966604007201362
ECHDC2,4,0,0,0.81274461080048,NA,NA,NA,0.966765991592227
ACAD10,4,0,0,0.813049045061868,NA,NA,NA,0.966884339028764
SLC38A10,3,0,0,0.813236604677033,NA,NA,NA,0.967578287620514
SQLE,5,0,0,0.813236604677033,NA,NA,NA,0.967641559703549
SENP6,14,0,0,0.813236604677033,NA,NA,NA,0.967676859335564
CDS1,8,0,0,0.81366347311922,NA,NA,NA,0.968255649513035
SH3GLB1,15,0,0,0.813759848596078,NA,NA,NA,0.968483459078078
KPNA6,11,0,0,0.813759848596078,NA,NA,NA,0.968541366115302
DNMT3B,2,0,0,0.814118213433075,NA,NA,NA,0.96896952316118
CNIH4,5,0,0,0.814406604884462,NA,NA,NA,0.969393787755593
RAB11FIP4,5,0,0,0.81452943157484,NA,NA,NA,0.969433489284936
KCNAB3,3,0,0,0.81452943157484,NA,NA,NA,0.969509233649742
FAM174A,4,0,0,0.81452943157484,NA,NA,NA,0.969517910718215
ZNF737,7,0,0,0.81452943157484,NA,NA,NA,0.969675391566532
HR,5,0,0,0.81486208355525,NA,NA,NA,0.96993027865252
KCTD4,4,0,0,0.81486208355525,NA,NA,NA,0.96993210048825
MET,5,0,0,0.814832464064757,NA,NA,NA,0.97005707839522
EXO5,5,0,0,0.81486208355525,NA,NA,NA,0.970064504417958
PPIA,3,0,0,0.814832464064757,NA,NA,NA,0.970121779576655
IMP4,16,0,0,0.81486208355525,NA,NA,NA,0.970193765628591
PRDX2,6,0,0,0.814832464064757,NA,NA,NA,0.970242615896846
CTSD,8,0,0,0.81486208355525,NA,NA,NA,0.970278330822188
DUS1L,2,0,0,0.81486208355525,NA,NA,NA,0.970336677024723
RAI1,5,0,0,0.815388212790997,NA,NA,NA,0.970603709168365
HIST1H3H,7,0,0,0.815472188743112,NA,NA,NA,0.970696635803784
ZNF706,10,0,0,0.815388212790997,NA,NA,NA,0.970739274409271
ZNHIT6,14,0,0,0.815472188743112,NA,NA,NA,0.970901526660628
ORC3,6,0,0,0.815472188743112,NA,NA,NA,0.970914208984858
NUS1,9,0,0,0.816342179094734,NA,NA,NA,0.970983988124133
NANOS1,9,0,0,0.816342179094734,NA,NA,NA,0.97104229067012
IPO8,5,0,0,0.816272797035994,NA,NA,NA,0.971100852582542
TBRG1,8,0,0,0.816342179094734,NA,NA,NA,0.971173973807218
EPHA2,3,0,0,0.816272797035994,NA,NA,NA,0.971197766499599
SLC9A7,19,0,0,0.816698000024372,NA,NA,NA,0.971245616262597
PTGFR,6,0,0,0.816272797035994,NA,NA,NA,0.97138715348487
SPAG1,7,0,0,0.81690771999474,NA,NA,NA,0.971388663286055
APAF1,6,0,0,0.81690771999474,NA,NA,NA,0.971443982270144
POF1B,2,0,0,0.816148940382347,NA,NA,NA,0.971489067208036
LRRC1,18,0,0,0.81690771999474,NA,NA,NA,0.97149240763653
CHTF8,3,0,0,0.816136247445927,NA,NA,NA,0.971522467457182
SYNC,12,0,0,0.817186928340048,NA,NA,NA,0.971552951374976
BAZ1A,2,0,0,0.81690771999474,NA,NA,NA,0.971570513697162
KDM5A,15,0,0,0.816272797035994,NA,NA,NA,0.971588350686744
HNRNPH3,7,0,0,0.816148940382347,NA,NA,NA,0.971626556207447
ABCB10,6,0,0,0.816272797035994,NA,NA,NA,0.971672206489296
CHN1,8,0,0,0.81722128051555,NA,NA,NA,0.97185339142521
MCTS1,9,0,0,0.81722128051555,NA,NA,NA,0.971879357919102
AGTRAP,3,0,0,0.81722128051555,NA,NA,NA,0.971930907193645
GPR37L1,3,0,0,0.81722128051555,NA,NA,NA,0.971941238688426
TMEM38B,9,0,0,0.817261497998895,NA,NA,NA,0.971942396389576
RNF145,5,0,0,0.81722128051555,NA,NA,NA,0.971973854508131
EFTUD2,13,0,0,0.81722128051555,NA,NA,NA,0.971993524003049
CYP4V2,8,0,0,0.81722128051555,NA,NA,NA,0.972085220005373
RRP15,9,0,0,0.817697611824952,NA,NA,NA,0.972321649641652
ABHD12,2,0,0,0.817966531573235,NA,NA,NA,0.972406614353018
CASD1,8,0,0,0.818444353922511,NA,NA,NA,0.972429360256494
ZNF440,3,0,0,0.818444353922511,NA,NA,NA,0.972612055310081
SDHD,2,0,0,0.818444353922511,NA,NA,NA,0.972711795648585
MAT2A,6,0,0,0.81864538793994,NA,NA,NA,0.972779080635648
KIAA1324,4,0,0,0.818444353922511,NA,NA,NA,0.972845741471386
SPTLC2,8,0,0,0.81917657756482,NA,NA,NA,0.97331461038971
AADAT,6,0,0,0.819198069882072,NA,NA,NA,0.973382944721643
PYGO2,3,0,0,0.819198069882072,NA,NA,NA,0.973432456461177
PLEKHA8,2,0,0,0.819515877120263,NA,NA,NA,0.973492763143685
SUPT16H,6,0,0,0.81971598787459,NA,NA,NA,0.973535230433444
TTC5,8,0,0,0.819515877120263,NA,NA,NA,0.97358634872518
WDYHV1,18,0,0,0.819198069882072,NA,NA,NA,0.973615725531095
USP54,2,0,0,0.819198069882072,NA,NA,NA,0.973728160388591
SPCS2,10,0,0,0.819198069882072,NA,NA,NA,0.973789713435458
TMEM263,20,0,0,0.819198069882072,NA,NA,NA,0.973847280066274
IRAK1,8,0,0,0.820705510162782,NA,NA,NA,0.97432406875522
GALNS,3,0,0,0.820699502377239,NA,NA,NA,0.974338203825486
ZNF275,4,0,0,0.820899838947526,NA,NA,NA,0.975371642570051
TULP3,2,0,0,0.820921411168573,NA,NA,NA,0.975513637116523
CCSAP,7,0,0,0.820921411168573,NA,NA,NA,0.975920753229788
SNRPN,2,0,0,0.820921411168573,NA,NA,NA,0.975975771178863
INAFM1,4,0,0,0.821628520972825,NA,NA,NA,0.97657017256616
GPR37,5,0,0,0.821240687172015,NA,NA,NA,0.976573893126222
NSMCE2,7,0,0,0.821433219193282,NA,NA,NA,0.976596455756983
REEP5,10,0,0,0.821607018666424,NA,NA,NA,0.97660410842194
SLCO2B1,3,0,0,0.821128430750089,NA,NA,NA,0.976615135945221
GABARAP,8,0,0,0.822047042354904,NA,NA,NA,0.976959072123196
GINM1,18,0,0,0.822188211181758,NA,NA,NA,0.977019985079566
ZNF792,9,0,0,0.822434389245218,NA,NA,NA,0.977070649261799
ATF7IP2,2,0,0,0.822047042354904,NA,NA,NA,0.977142675504295
TLNRD1,8,0,0,0.822427421859192,NA,NA,NA,0.977175828521459
FARSB,9,0,0,0.822434389245218,NA,NA,NA,0.977187377081253
NOSIP,2,0,0,0.822441695779096,NA,NA,NA,0.977231661355113
GCNT3,2,0,0,0.822441695779096,NA,NA,NA,0.977274903006119
TSPO,2,0,0,0.822427421859192,NA,NA,NA,0.97728821675891
EXD2,5,0,0,0.822441695779096,NA,NA,NA,0.977350955051006
MIS12,7,0,0,0.822441695779096,NA,NA,NA,0.977395600235976
RMDN1,10,0,0,0.822427421859192,NA,NA,NA,0.977454848481902
PDLIM1,3,0,0,0.823051984299594,NA,NA,NA,0.978095579391978
SCAF4,6,0,0,0.822829457594367,NA,NA,NA,0.978174541316826
AKIP1,7,0,0,0.822829457594367,NA,NA,NA,0.978197819535397
FOXK2,6,0,0,0.822829457594367,NA,NA,NA,0.978203568627779
MRPL48,3,0,0,0.822829457594367,NA,NA,NA,0.978204582428374
MAP3K7,9,0,0,0.822974729932633,NA,NA,NA,0.978216797996877
KIAA1191,5,0,0,0.823051984299594,NA,NA,NA,0.978230727219353
ZNF764,10,0,0,0.822829457594367,NA,NA,NA,0.978325814436661
FNIP2,5,0,0,0.822829457594367,NA,NA,NA,0.97834300625326
MVB12A,4,0,0,0.822829457594367,NA,NA,NA,0.978378343103523
BRI3BP,13,0,0,0.824149553865469,NA,NA,NA,0.978391879756942
EIF4A2,8,0,0,0.82360843609166,NA,NA,NA,0.978433690736856
MEGF6,5,0,0,0.823306440194388,NA,NA,NA,0.978468264208343
BROX,8,0,0,0.822829457594367,NA,NA,NA,0.978476419554821
PRR14L,4,0,0,0.824465687407241,NA,NA,NA,0.978511411820959
DHDDS,15,0,0,0.824149553865469,NA,NA,NA,0.978555160933117
EBI3,2,0,0,0.82360843609166,NA,NA,NA,0.978596411165268
KEAP1,6,0,0,0.825036210746811,NA,NA,NA,0.978618446993381
JAG2,7,0,0,0.824452220719895,NA,NA,NA,0.978631112010812
BBC3,2,0,0,0.824310545432852,NA,NA,NA,0.978649660800995
PRICKLE1,7,0,0,0.824149553865469,NA,NA,NA,0.978654275279433
DHX40,9,0,0,0.823917695037673,NA,NA,NA,0.978677671856545
NAPG,11,0,0,0.824310545432852,NA,NA,NA,0.978724860811214
CIR1,5,0,0,0.824972412045164,NA,NA,NA,0.978728367711023
CDK17,19,0,0,0.824149553865469,NA,NA,NA,0.978754925930905
MED6,9,0,0,0.82360843609166,NA,NA,NA,0.978762688731265
NUAK2,3,0,0,0.824738721622288,NA,NA,NA,0.97878222547545
LIN54,10,0,0,0.824738721622288,NA,NA,NA,0.978786037600966
IBA57,5,0,0,0.825036210746811,NA,NA,NA,0.978800082626968
SPRY4,4,0,0,0.824149553865469,NA,NA,NA,0.978825551637033
FLVCR2,2,0,0,0.824149553865469,NA,NA,NA,0.978890212298536
PPAN,3,0,0,0.825036210746811,NA,NA,NA,0.978893982831631
FAM199X,13,0,0,0.824738721622288,NA,NA,NA,0.978915129715741
ZNF630,3,0,0,0.824972412045164,NA,NA,NA,0.978930847862867
ZFYVE9,12,0,0,0.825220393407759,NA,NA,NA,0.978931958468843
SMIM30,5,0,0,0.825036210746811,NA,NA,NA,0.978961402542646
RBM33,7,0,0,0.825036210746811,NA,NA,NA,0.979054025148137
PFAS,13,0,0,0.825036210746811,NA,NA,NA,0.979081651469174
FAM92A,9,0,0,0.825522847708627,NA,NA,NA,0.979599780813993
NUP62CL,9,0,0,0.825656642579789,NA,NA,NA,0.979652474638973
TMCC3,10,0,0,0.826191846050454,NA,NA,NA,0.979785179299392
DCTD,14,0,0,0.825947204460512,NA,NA,NA,0.979828467184323
GIGYF2,13,0,0,0.826183223578691,NA,NA,NA,0.979877279605946
TRIB3,3,0,0,0.826183223578691,NA,NA,NA,0.979965722084312
TRMT2B,9,0,0,0.826381847086324,NA,NA,NA,0.979984349457462
GPC6,12,0,0,0.826229740474336,NA,NA,NA,0.979995142898978
BCR,2,0,0,0.826554448396337,NA,NA,NA,0.980070944040902
SH2D4A,11,0,0,0.826554448396337,NA,NA,NA,0.980071556641646
TMEM79,4,0,0,0.826554448396337,NA,NA,NA,0.980100503084155
ZNF350,4,0,0,0.826736786390762,NA,NA,NA,0.980703709581854
ARL6IP4,3,0,0,0.827170658976583,NA,NA,NA,0.980925657500736
PIK3C2A,7,0,0,0.827093357014676,NA,NA,NA,0.98098929499771
SACM1L,9,0,0,0.827093357014676,NA,NA,NA,0.98103847890523
ZNF569,2,0,0,0.827093357014676,NA,NA,NA,0.981108420909436
NOP56,2,0,0,0.827093357014676,NA,NA,NA,0.981305134932801
ATP11A,11,0,0,0.827093357014676,NA,NA,NA,0.981415192715406
SLC35A3,14,0,0,0.827316834541775,NA,NA,NA,0.981452771784533
TMED10,13,0,0,0.827316834541775,NA,NA,NA,0.98146160600067
OR1F1,3,0,0,0.827316834541775,NA,NA,NA,0.981517097209057
FAM91A1,9,0,0,0.827316834541775,NA,NA,NA,0.98154258225853
UBR5,8,0,0,0.827316834541775,NA,NA,NA,0.981550008445767
UBE2A,6,0,0,0.827316834541775,NA,NA,NA,0.9815801665112
CAPNS1,5,0,0,0.827316834541775,NA,NA,NA,0.981686574168534
HOXA9,4,0,0,0.827919885811639,NA,NA,NA,0.982194385995422
IGF1R,12,0,0,0.827919885811639,NA,NA,NA,0.982389348461154
PTCH2,4,0,0,0.827919885811639,NA,NA,NA,0.982549748561283
ANKRD9,6,0,0,0.82818387240432,NA,NA,NA,0.982577713221163
BCKDHB,4,0,0,0.82818387240432,NA,NA,NA,0.982640590286
KHSRP,9,0,0,0.828105980523893,NA,NA,NA,0.98268758281363
ZBTB24,10,0,0,0.829086871002711,NA,NA,NA,0.983131475834383
FBXW8,8,0,0,0.828732671229349,NA,NA,NA,0.983169925789167
H2AFY2,5,0,0,0.828864776458109,NA,NA,NA,0.983219248119441
MICALL1,17,0,0,0.829737171599006,NA,NA,NA,0.98326341448045
MECOM,3,0,0,0.829811051481668,NA,NA,NA,0.983266756451065
ZNF316,3,0,0,0.829086871002711,NA,NA,NA,0.983296234149379
KLHL18,3,0,0,0.830228902530226,NA,NA,NA,0.983353462252834
PAG1,8,0,0,0.829911159999677,NA,NA,NA,0.983366744891515
PFDN2,3,0,0,0.829737171599006,NA,NA,NA,0.983424369368217
RAD21,3,0,0,0.830228902530226,NA,NA,NA,0.983543824319473
SETDB2-PHF11,2,0,0,0.829392568054054,NA,NA,NA,0.983571287616561
FAM13A,7,0,0,0.829553668272618,NA,NA,NA,0.983586886374556
RABEPK,3,0,0,0.829275005260839,NA,NA,NA,0.983610185839055
NAB1,13,0,0,0.829737171599006,NA,NA,NA,0.983617861804378
AKR1C1,3,0,0,0.829275005260839,NA,NA,NA,0.983714187660008
DROSHA,4,0,0,0.829737171599006,NA,NA,NA,0.983762081460371
MAIP1,8,0,0,0.830731431357878,NA,NA,NA,0.983788596830436
TMEM160,2,0,0,0.829275005260839,NA,NA,NA,0.983913253600102
NUDT5,15,0,0,0.830731431357878,NA,NA,NA,0.983925342602438
HAGH,7,0,0,0.829275005260839,NA,NA,NA,0.984007183562789
COPS4,2,0,0,0.829275005260839,NA,NA,NA,0.984051070488706
DHX9,10,0,0,0.829275005260839,NA,NA,NA,0.984108662828843
ATP6V0E1,7,0,0,0.829275005260839,NA,NA,NA,0.984306279854831
TMED7-TICAM2,11,0,0,0.829275005260839,NA,NA,NA,0.984488595666547
MSRA,2,0,0,0.831844947834389,NA,NA,NA,0.984606949085952
DGKQ,5,0,0,0.831844947834389,NA,NA,NA,0.984617818099819
ME1,6,0,0,0.831617561399333,NA,NA,NA,0.984652459628607
METTL5,2,0,0,0.831844947834389,NA,NA,NA,0.984720420483525
MT2A,5,0,0,0.831844947834389,NA,NA,NA,0.984742654894919
LAPTM4B,7,0,0,0.831959889365623,NA,NA,NA,0.984813686883458
ULBP2,2,0,0,0.831844947834389,NA,NA,NA,0.984818708913696
MB21D2,5,0,0,0.831954104247857,NA,NA,NA,0.984870714389934
MCM5,5,0,0,0.831844947834389,NA,NA,NA,0.984891368779061
PPWD1,4,0,0,0.831844947834389,NA,NA,NA,0.984938235078181
RBL2,4,0,0,0.831844947834389,NA,NA,NA,0.98499897484221
C11orf70,4,0,0,0.832543861901933,NA,NA,NA,0.985011684414362
C1GALT1,12,0,0,0.831844947834389,NA,NA,NA,0.985012489263953
ZFP62,9,0,0,0.831844947834389,NA,NA,NA,0.985016005782113
TEX10,2,0,0,0.832543861901933,NA,NA,NA,0.985077975355176
RAB35,5,0,0,0.832492802162951,NA,NA,NA,0.985097042013159
MYL9,2,0,0,0.831844947834389,NA,NA,NA,0.985147160892461
TRIM66,5,0,0,0.832543861901933,NA,NA,NA,0.985178196298309
SNX16,7,0,0,0.832543861901933,NA,NA,NA,0.985191155126792
SLC27A2,2,0,0,0.832543861901933,NA,NA,NA,0.985209812695148
IFT74,4,0,0,0.832543861901933,NA,NA,NA,0.985235156519575
ABHD10,5,0,0,0.832543861901933,NA,NA,NA,0.985239918035863
NPAS2,4,0,0,0.832543861901933,NA,NA,NA,0.985270005664506
TOLLIP,13,0,0,0.832543861901933,NA,NA,NA,0.985304102951977
TICRR,5,0,0,0.832543861901933,NA,NA,NA,0.985367996159663
TOX4,25,0,0,0.832543861901933,NA,NA,NA,0.98541039226652
C12orf49,25,0,0,0.832543861901933,NA,NA,NA,0.985461078675786
XYLT2,2,0,0,0.832543861901933,NA,NA,NA,0.985559419206957
C6orf106,9,0,0,0.832543861901933,NA,NA,NA,0.985762323260259
GIN1,6,0,0,0.833358224176587,NA,NA,NA,0.986245952669613
FAM46A,6,0,0,0.833296535389634,NA,NA,NA,0.986328853808448
THEM6,2,0,0,0.833296535389634,NA,NA,NA,0.986505011892105
VSIR,5,0,0,0.83323724885877,NA,NA,NA,0.986543225010832
RPS27A,4,0,0,0.83323724885877,NA,NA,NA,0.986550585360552
UBLCP1,7,0,0,0.83323724885877,NA,NA,NA,0.986617885023405
AGAP1,6,0,0,0.833296535389634,NA,NA,NA,0.986634957777034
SMPD4,3,0,0,0.833296535389634,NA,NA,NA,0.986637313165423
RBM19,3,0,0,0.83323724885877,NA,NA,NA,0.986709617345659
TCEAL8,8,0,0,0.834012071692603,NA,NA,NA,0.986732272866804
TMEM132A,2,0,0,0.83323724885877,NA,NA,NA,0.986769539735804
FANCC,10,0,0,0.834012071692603,NA,NA,NA,0.986782502320543
CITED2,7,0,0,0.834678746370736,NA,NA,NA,0.987174613382345
PIGA,2,0,0,0.834806562520417,NA,NA,NA,0.987329234200929
MCTP2,11,0,0,0.834806562520417,NA,NA,NA,0.987348380503051
MSI2,21,0,0,0.835569221572574,NA,NA,NA,0.987432815523153
SNX9,3,0,0,0.834806562520417,NA,NA,NA,0.987448621874175
FBXL19,5,0,0,0.836535803632171,NA,NA,NA,0.987473677172104
SPICE1,6,0,0,0.835695416455794,NA,NA,NA,0.98747406235881
GUCY1A3,5,0,0,0.834806562520417,NA,NA,NA,0.98753012098605
PRPF39,2,0,0,0.836535803632171,NA,NA,NA,0.98753991305418
NDUFB3,3,0,0,0.835856417821109,NA,NA,NA,0.98758102455615
ZNF500,7,0,0,0.835569221572574,NA,NA,NA,0.987599224138487
SELENBP1,3,0,0,0.836023914707033,NA,NA,NA,0.987615098380876
GCN1,5,0,0,0.836535803632171,NA,NA,NA,0.987661889884824
PSMA5,4,0,0,0.838567570146144,NA,NA,NA,0.987703286341355
TCP1,8,0,0,0.835265163442694,NA,NA,NA,0.987721110861005
PLA2G4F,3,0,0,0.835569221572574,NA,NA,NA,0.987760304496795
SEC22C,4,0,0,0.836535803632171,NA,NA,NA,0.987806985468854
SOD2,2,0,0,0.838459148764886,NA,NA,NA,0.987807210886793
WIPI1,6,0,0,0.838567450836046,NA,NA,NA,0.987833151578123
TGIF2,7,0,0,0.836465105281604,NA,NA,NA,0.98784106072007
OAF,5,0,0,0.838112518751445,NA,NA,NA,0.987842632944788
IRF9,2,0,0,0.836535803632171,NA,NA,NA,0.987847965473631
DAPP1,5,0,0,0.836323835130655,NA,NA,NA,0.987852765130099
NUDCD3,8,0,0,0.836233776168308,NA,NA,NA,0.987914368923979
ATXN7,7,0,0,0.838457862566735,NA,NA,NA,0.987936243613184
ZNF558,4,0,0,0.835569221572574,NA,NA,NA,0.987942204313066
SMAD3,5,0,0,0.836323835130655,NA,NA,NA,0.987978943931101
LDOC1,4,0,0,0.838112518751445,NA,NA,NA,0.987993762957241
ZBTB4,10,0,0,0.838428813525879,NA,NA,NA,0.988044097535949
ANAPC16,19,0,0,0.838428813525879,NA,NA,NA,0.988048295125008
MYCBP2,7,0,0,0.837640236092638,NA,NA,NA,0.988094968901724
GGH,5,0,0,0.838112518751445,NA,NA,NA,0.988108476603657
ARHGAP12,10,0,0,0.836323835130655,NA,NA,NA,0.988140842982329
PHKA2,13,0,0,0.838112518751445,NA,NA,NA,0.98819105873157
LUC7L3,9,0,0,0.838012029658754,NA,NA,NA,0.988196505036147
ZNF44,2,0,0,0.837640236092638,NA,NA,NA,0.988218307301898
CDC37,5,0,0,0.838112518751445,NA,NA,NA,0.988256383177377
MRPL16,2,0,0,0.838012029658754,NA,NA,NA,0.988256515297545
PCNA,5,0,0,0.836323835130655,NA,NA,NA,0.98828066746848
PARD3,3,0,0,0.837640236092638,NA,NA,NA,0.98836742317414
TP53BP2,4,0,0,0.838012029658754,NA,NA,NA,0.988370741363216
PRPSAP1,10,0,0,0.837600702326897,NA,NA,NA,0.988447296150952
SLC29A3,4,0,0,0.837415117507524,NA,NA,NA,0.988491821460507
COMMD9,4,0,0,0.837640236092638,NA,NA,NA,0.988498028976
C11orf80,2,0,0,0.837560307905636,NA,NA,NA,0.988546863225268
ZDHHC21,20,0,0,0.838012029658754,NA,NA,NA,0.988564875768621
PHF6,6,0,0,0.837640236092638,NA,NA,NA,0.98861430362843
ATXN1,11,0,0,0.837415117507524,NA,NA,NA,0.988649352451185
CCDC22,2,0,0,0.839310339903214,NA,NA,NA,0.988727482182644
OTULIN,15,0,0,0.839310339903214,NA,NA,NA,0.988746081231183
SLITRK6,9,0,0,0.837640236092638,NA,NA,NA,0.988747704396035
KLHL41,2,0,0,0.839310339903214,NA,NA,NA,0.988751650721977
IRX1,3,0,0,0.837640236092638,NA,NA,NA,0.98875707776275
EIF4G2,11,0,0,0.837415117507524,NA,NA,NA,0.988777240608922
PEX12,3,0,0,0.837640236092638,NA,NA,NA,0.988831335620099
GINS2,11,0,0,0.839276383089168,NA,NA,NA,0.988845598763798
FBF1,3,0,0,0.839310339903214,NA,NA,NA,0.988878439776878
CTNND1,14,0,0,0.839310339903214,NA,NA,NA,0.988882403981924
SLF1,18,0,0,0.837640236092638,NA,NA,NA,0.988883931878611
C18orf21,10,0,0,0.837640236092638,NA,NA,NA,0.988886321778564
DCTN6,17,0,0,0.837640236092638,NA,NA,NA,0.988891366952105
PYCR2,4,0,0,0.839319824740886,NA,NA,NA,0.988902020862284
ANKS1A,4,0,0,0.839319824740886,NA,NA,NA,0.988938222976175
INSIG2,8,0,0,0.839319824740886,NA,NA,NA,0.98900797470247
DNAJC27,4,0,0,0.839319824740886,NA,NA,NA,0.989008282348665
MPHOSPH10,2,0,0,0.839319824740886,NA,NA,NA,0.989064884031549
FBXO18,2,0,0,0.837640236092638,NA,NA,NA,0.989069341072313
SYT5,2,0,0,0.839319824740886,NA,NA,NA,0.989135708644431
TCTN3,6,0,0,0.839319824740886,NA,NA,NA,0.989169447399518
SCARB2,15,0,0,0.837640236092638,NA,NA,NA,0.989213115603962
LAMC2,9,0,0,0.837640236092638,NA,NA,NA,0.989225256506313
VSIG10,12,0,0,0.839612906074659,NA,NA,NA,0.989226154272254
TXNRD3,5,0,0,0.839319824740886,NA,NA,NA,0.989305468190451
CDK19,7,0,0,0.837640236092638,NA,NA,NA,0.989399081905014
OAZ1,5,0,0,0.83981332905074,NA,NA,NA,0.989414664199943
RHOQ,16,0,0,0.839912612853855,NA,NA,NA,0.989428683825433
KATNBL1,5,0,0,0.837640236092638,NA,NA,NA,0.989490990820626
FCHSD1,3,0,0,0.837640236092638,NA,NA,NA,0.989512083804037
NR1D1,3,0,0,0.840041418053053,NA,NA,NA,0.989545813608934
FAU,2,0,0,0.837640236092638,NA,NA,NA,0.989549900733939
RRP8,13,0,0,0.840127610393549,NA,NA,NA,0.989573597166428
BLOC1S6,10,0,0,0.837640236092638,NA,NA,NA,0.989658427277801
COX7B,7,0,0,0.840155229211278,NA,NA,NA,0.989711140900794
RMND5B,12,0,0,0.840127610393549,NA,NA,NA,0.989724962189696
MBTD1,5,0,0,0.840398554146543,NA,NA,NA,0.989876884116655
STRN4,2,0,0,0.840493938746686,NA,NA,NA,0.989916067835849
PTPRN2,2,0,0,0.840493938746686,NA,NA,NA,0.990033199096739
MAGED2,3,0,0,0.840493938746686,NA,NA,NA,0.990241644793212
MGRN1,3,0,0,0.840589915707671,NA,NA,NA,0.990404345391545
MTSS1,4,0,0,0.840709883178256,NA,NA,NA,0.990475207843263
SYN3,10,0,0,0.841402060233987,NA,NA,NA,0.991057581656613
RNF4,5,0,0,0.841327111894143,NA,NA,NA,0.991071344990114
TMEM189,5,0,0,0.841400596780349,NA,NA,NA,0.991130400928279
PAK2,11,0,0,0.841398295889812,NA,NA,NA,0.991171149540441
SMARCA2,2,0,0,0.8421602677488,NA,NA,NA,0.991689829641955
IL7R,5,0,0,0.842901127493859,NA,NA,NA,0.992119907841682
SCLY,3,0,0,0.842878237600902,NA,NA,NA,0.992226471553859
SDE2,8,0,0,0.842878237600902,NA,NA,NA,0.992428541873712
RDH11,14,0,0,0.842971068416188,NA,NA,NA,0.99247432590383
HEG1,11,0,0,0.842878237600902,NA,NA,NA,0.992505515060068
TM7SF2,8,0,0,0.843340389959258,NA,NA,NA,0.992839542602659
ECI1,5,0,0,0.843625720412895,NA,NA,NA,0.993010217572389
CPS1,8,0,0,0.843625720412895,NA,NA,NA,0.993114274998403
ZNF461,5,0,0,0.843761566216292,NA,NA,NA,0.993206930236847
MYO1E,20,0,0,0.843761566216292,NA,NA,NA,0.993238821613571
ACVR2B,7,0,0,0.844508182719738,NA,NA,NA,0.993826809742344
PPP2R5C,11,0,0,0.844691310291211,NA,NA,NA,0.993872974776921
MAGOHB,11,0,0,0.844409275868977,NA,NA,NA,0.993955052444461
CLCN7,2,0,0,0.844409275868977,NA,NA,NA,0.993984104015931
VRK2,17,0,0,0.844409275868977,NA,NA,NA,0.993994117511613
PSMG4,6,0,0,0.844508182719738,NA,NA,NA,0.994026477677759
AFG3L2,10,0,0,0.844691310291211,NA,NA,NA,0.99403286483122
PVR,5,0,0,0.844508182719738,NA,NA,NA,0.994058416717042
VAMP2,4,0,0,0.844914252859889,NA,NA,NA,0.994187734029524
CEP68,6,0,0,0.844781133811918,NA,NA,NA,0.994224239007961
PTPN14,11,0,0,0.84488009198261,NA,NA,NA,0.994279445347311
ARHGAP1,3,0,0,0.84488009198261,NA,NA,NA,0.99428851323765
MAP4K5,10,0,0,0.844964631986726,NA,NA,NA,0.994289738451912
DDIT4,10,0,0,0.844964631986726,NA,NA,NA,0.994319117352303
TRUB2,13,0,0,0.84488009198261,NA,NA,NA,0.99440748908999
ZNF860,8,0,0,0.84496925843255,NA,NA,NA,0.994876149510805
MAP10,3,0,0,0.84496925843255,NA,NA,NA,0.994899863528918
H2AFV,8,0,0,0.84496925843255,NA,NA,NA,0.994910244075343
RCAN3,5,0,0,0.84496925843255,NA,NA,NA,0.994913999939696
DYNLT3,6,0,0,0.84496925843255,NA,NA,NA,0.99493407691094
MARCH5,16,0,0,0.84496925843255,NA,NA,NA,0.994980419483787
GPRIN1,7,0,0,0.84496925843255,NA,NA,NA,0.995035669099082
LXN,6,0,0,0.84496925843255,NA,NA,NA,0.99505807730471
ZNF514,5,0,0,0.84496925843255,NA,NA,NA,0.995112252758242
PGBD5,5,0,0,0.84496925843255,NA,NA,NA,0.995145543420446
TSC22D3,2,0,0,0.84496925843255,NA,NA,NA,0.995148947410777
RBBP7,7,0,0,0.84496925843255,NA,NA,NA,0.99516754007247
ZNF79,7,0,0,0.84496925843255,NA,NA,NA,0.99520565343705
CAMKMT,3,0,0,0.84496925843255,NA,NA,NA,0.995219363771644
PRDM1,4,0,0,0.84496925843255,NA,NA,NA,0.995243672348195
CDCA8,4,0,0,0.845339074402781,NA,NA,NA,0.995254605698659
ICA1,2,0,0,0.845339074402781,NA,NA,NA,0.995454183220072
SYNJ2BP,10,0,0,0.846268451488823,NA,NA,NA,0.996392827805207
HACD1,5,0,0,0.846054941418913,NA,NA,NA,0.996397520064178
VTA1,11,0,0,0.846177648368786,NA,NA,NA,0.996429625086591
PCNP,8,0,0,0.846364345576924,NA,NA,NA,0.996704283483391
EDA,2,0,0,0.846364345576924,NA,NA,NA,0.996887380704823
ELOA,6,0,0,0.846364345576924,NA,NA,NA,0.996951668563711
NQO2,4,0,0,0.846416142894172,NA,NA,NA,0.99698410105417
ARMC10,7,0,0,0.846416142894172,NA,NA,NA,0.997030190029834
SLC10A5,2,0,0,0.846364345576924,NA,NA,NA,0.997098112597099
ZMYND19,6,0,0,0.846536808026334,NA,NA,NA,0.997120229319149
PCDH1,4,0,0,0.846416142894172,NA,NA,NA,0.997219852303192
SLC1A5,2,0,0,0.846416142894172,NA,NA,NA,0.997379447643065
SDHAF2,12,0,0,0.846416142894172,NA,NA,NA,0.997404969496792
TMEM161A,4,0,0,0.846881483426298,NA,NA,NA,0.997466084675362
HYLS1,3,0,0,0.846416142894172,NA,NA,NA,0.997507500140361
ZNF687,4,0,0,0.846881483426298,NA,NA,NA,0.997517393337852
ASAP1,6,0,0,0.846416142894172,NA,NA,NA,0.997526342182597
CAPN3,2,0,0,0.846416142894172,NA,NA,NA,0.997556497774803
DPY19L3,9,0,0,0.846881483426298,NA,NA,NA,0.997625868827867
RPP40,4,0,0,0.847779125614475,NA,NA,NA,0.998300837471033
SNX14,4,0,0,0.847858761741549,NA,NA,NA,0.998369580375468
ZNF25,5,0,0,0.848042311207664,NA,NA,NA,0.99852336937869
ADSS,12,0,0,0.848224900781286,NA,NA,NA,0.99867079855143
HDAC11,4,0,0,0.84809648637012,NA,NA,NA,0.998705750503661
BIRC5,11,0,0,0.848573941430977,NA,NA,NA,0.99883669445398
P3H2,6,0,0,0.848856870858304,NA,NA,NA,0.999021994170897
SLBP,7,0,0,0.848949090243852,NA,NA,NA,0.999108248303784
CANT1,8,0,0,0.848949090243852,NA,NA,NA,0.99926190199807
TMEM126B,5,0,0,0.849212322250132,NA,NA,NA,0.999593740916378
ANLN,10,0,0,0.849817433499729,NA,NA,NA,0.999905552177305
FANCB,16,0,0,0.849974853327195,NA,NA,NA,0.999954321611869
RGS10,9,0,0,0.849974853327195,NA,NA,NA,0.999973561358868
MYPOP,2,0,0,0.849603465715337,NA,NA,NA,1
TMEM167A,24,0,0,0.849603465715337,NA,NA,NA,1
PDP1,3,0,0,0.849664461664603,NA,NA,NA,1
DNER,2,0,0,0.849750483168815,NA,NA,NA,1
DGKE,13,0,0,0.849817433499729,NA,NA,NA,1
F11R,20,0,0,0.849817433499729,NA,NA,NA,1
SCFD1,4,0,0,0.849817433499729,NA,NA,NA,1
SPIN2B,8,0,0,0.849817433499729,NA,NA,NA,1
ACSL4,12,0,0,0.850364251713061,NA,NA,NA,1
BUD23,7,0,0,0.850364251713061,NA,NA,NA,1
C16orf62,6,0,0,0.850364251713061,NA,NA,NA,1
C5AR2,4,0,0,0.850364251713061,NA,NA,NA,1
CLCF1,2,0,0,0.850364251713061,NA,NA,NA,1
CYP27B1,3,0,0,0.850364251713061,NA,NA,NA,1
DIMT1,11,0,0,0.850364251713061,NA,NA,NA,1
EFNB3,3,0,0,0.850364251713061,NA,NA,NA,1
KIF2A,13,0,0,0.850364251713061,NA,NA,NA,1
L2HGDH,11,0,0,0.850364251713061,NA,NA,NA,1
LMCD1,4,0,0,0.850364251713061,NA,NA,NA,1
NXN,9,0,0,0.850364251713061,NA,NA,NA,1
RBL1,17,0,0,0.850364251713061,NA,NA,NA,1
VPS29,12,0,0,0.850364251713061,NA,NA,NA,1
XRCC6,2,0,0,0.850364251713061,NA,NA,NA,1
APLP2,10,0,0,0.850440542297079,NA,NA,NA,1
ATP6V1C2,2,0,0,0.850440542297079,NA,NA,NA,1
COMT,6,0,0,0.850440542297079,NA,NA,NA,1
FAM76B,8,0,0,0.850440542297079,NA,NA,NA,1
TTC9,6,0,0,0.850440542297079,NA,NA,NA,1
ARIH2,4,0,0,0.85062651815905,NA,NA,NA,1
DCAF5,10,0,0,0.85062651815905,NA,NA,NA,1
MED8,2,0,0,0.85062651815905,NA,NA,NA,1
NIFK,12,0,0,0.85062651815905,NA,NA,NA,1
WDR33,14,0,0,0.85062651815905,NA,NA,NA,1
ATP7B,5,0,0,0.850757557150158,NA,NA,NA,1
CISD2,8,0,0,0.850757557150158,NA,NA,NA,1
FOXJ3,3,0,0,0.850757557150158,NA,NA,NA,1
ZWINT,14,0,0,0.850757557150158,NA,NA,NA,1
B9D2,3,0,0,0.850890975901755,NA,NA,NA,1
ARV1,3,0,0,0.851046999805075,NA,NA,NA,1
C2orf48,3,0,0,0.851046999805075,NA,NA,NA,1
LRRC57,10,0,0,0.851046999805075,NA,NA,NA,1
NME4,5,0,0,0.851046999805075,NA,NA,NA,1
RAB9A,11,0,0,0.851046999805075,NA,NA,NA,1
SRSF4,4,0,0,0.851046999805075,NA,NA,NA,1
XPO4,18,0,0,0.851046999805075,NA,NA,NA,1
TSPAN14,16,0,0,0.851072954670277,NA,NA,NA,1
PPIL2,8,0,0,0.8511016303524,NA,NA,NA,1
CTSC,7,0,0,0.851371713311681,NA,NA,NA,1
AGAP6,2,0,0,0.851555531516624,NA,NA,NA,1
LPCAT4,3,0,0,0.851555531516624,NA,NA,NA,1
LYSMD1,5,0,0,0.851555531516624,NA,NA,NA,1
SYF2,8,0,0,0.851555531516624,NA,NA,NA,1
APP,18,0,0,0.851908862986538,NA,NA,NA,1
C9orf85,7,0,0,0.851908862986538,NA,NA,NA,1
FAM89A,8,0,0,0.851908862986538,NA,NA,NA,1
SOX5,3,0,0,0.851908862986538,NA,NA,NA,1
TTF1,4,0,0,0.851987597919028,NA,NA,NA,1
STEAP3,9,0,0,0.852000829531364,NA,NA,NA,1
GPATCH11,10,0,0,0.852048754414236,NA,NA,NA,1
ZNF581,5,0,0,0.852048754414236,NA,NA,NA,1
CADPS2,10,0,0,0.852230458132458,NA,NA,NA,1
FAM84B,10,0,0,0.852328809694369,NA,NA,NA,1
SECISBP2,8,0,0,0.852343721544047,NA,NA,NA,1
ARMC1,15,0,0,0.852458472772414,NA,NA,NA,1
C11orf45,4,0,0,0.852458472772414,NA,NA,NA,1
EEFSEC,3,0,0,0.852458472772414,NA,NA,NA,1
HIST1H2AC,7,0,0,0.852458472772414,NA,NA,NA,1
LSM6,10,0,0,0.852458472772414,NA,NA,NA,1
MBD2,7,0,0,0.852458472772414,NA,NA,NA,1
MEX3C,5,0,0,0.852458472772414,NA,NA,NA,1
RGS14,2,0,0,0.852458472772414,NA,NA,NA,1
SMURF2,13,0,0,0.852458472772414,NA,NA,NA,1
SPTBN1,6,0,0,0.852458472772414,NA,NA,NA,1
SUPT20H,4,0,0,0.852458472772414,NA,NA,NA,1
ATF2,7,0,0,0.852522924859087,NA,NA,NA,1
C12orf66,3,0,0,0.852522924859087,NA,NA,NA,1
CDCA5,2,0,0,0.852522924859087,NA,NA,NA,1
CRBN,17,0,0,0.852522924859087,NA,NA,NA,1
PPP1R3F,4,0,0,0.852522924859087,NA,NA,NA,1
PRDM2,3,0,0,0.852522924859087,NA,NA,NA,1
RPS4X,10,0,0,0.852522924859087,NA,NA,NA,1
BOD1L1,5,0,0,0.85281164339321,NA,NA,NA,1
PACS1,7,0,0,0.852849264208702,NA,NA,NA,1
PSMD8,5,0,0,0.852917926182612,NA,NA,NA,1
C17orf62,5,0,0,0.853148402780689,NA,NA,NA,1
DLX4,2,0,0,0.853398582320159,NA,NA,NA,1
ANXA9,5,0,0,0.853608814368871,NA,NA,NA,1
MPP5,5,0,0,0.85369283576605,NA,NA,NA,1
FZD5,11,0,0,0.853759523917024,NA,NA,NA,1
STAC2,2,0,0,0.853759523917024,NA,NA,NA,1
TMEM68,7,0,0,0.853759523917024,NA,NA,NA,1
COA5,12,0,0,0.853865204730184,NA,NA,NA,1
PHACTR2,12,0,0,0.853865204730184,NA,NA,NA,1
PUDP,8,0,0,0.853865204730184,NA,NA,NA,1
RAB2B,6,0,0,0.853865204730184,NA,NA,NA,1
STXBP4,14,0,0,0.853865204730184,NA,NA,NA,1
TRAK1,8,0,0,0.853865204730184,NA,NA,NA,1
TRIP10,3,0,0,0.853865204730184,NA,NA,NA,1
ALG6,10,0,0,0.854045452809415,NA,NA,NA,1
SLC27A5,2,0,0,0.854045452809415,NA,NA,NA,1
KAT8,2,0,0,0.854062183212594,NA,NA,NA,1
ADPGK,10,0,0,0.854282849018758,NA,NA,NA,1
GALT,4,0,0,0.854282849018758,NA,NA,NA,1
GLRX5,8,0,0,0.854282849018758,NA,NA,NA,1
MINDY4,3,0,0,0.854282849018758,NA,NA,NA,1
NUP37,8,0,0,0.854282849018758,NA,NA,NA,1
ZNF12,5,0,0,0.854282849018758,NA,NA,NA,1
ZBTB26,6,0,0,0.854485511627845,NA,NA,NA,1
GTPBP3,3,0,0,0.854808221892174,NA,NA,NA,1
ZFYVE1,5,0,0,0.854808221892174,NA,NA,NA,1
ARFGEF3,7,0,0,0.855069338870306,NA,NA,NA,1
COX17,6,0,0,0.855069338870306,NA,NA,NA,1
PGGHG,5,0,0,0.855069338870306,NA,NA,NA,1
PHEX,4,0,0,0.855069338870306,NA,NA,NA,1
MDH1,3,0,0,0.855182565190447,NA,NA,NA,1
CCDC14,6,0,0,0.855660433518502,NA,NA,NA,1
CCDC90B,23,0,0,0.855660433518502,NA,NA,NA,1
PLEKHA6,8,0,0,0.855660433518502,NA,NA,NA,1
RIC8B,2,0,0,0.855660433518502,NA,NA,NA,1
SYN1,4,0,0,0.855660433518502,NA,NA,NA,1
GPR160,9,0,0,0.855999782481236,NA,NA,NA,1
AUTS2,9,0,0,0.856431789048429,NA,NA,NA,1
B3GNT3,7,0,0,0.856449920050847,NA,NA,NA,1
NARS2,6,0,0,0.857033311720678,NA,NA,NA,1
SLC27A4,3,0,0,0.857033311720678,NA,NA,NA,1
YES1,7,0,0,0.857033311720678,NA,NA,NA,1
EPHB4,6,0,0,0.85708509531932,NA,NA,NA,1
RPL39,4,0,0,0.85708509531932,NA,NA,NA,1
SELENOF,10,0,0,0.85708509531932,NA,NA,NA,1
WHAMM,4,0,0,0.85723559935871,NA,NA,NA,1
ACYP2,5,0,0,0.857252329041779,NA,NA,NA,1
CHD9,12,0,0,0.85757031016218,NA,NA,NA,1
EZR,6,0,0,0.85757031016218,NA,NA,NA,1
GOLGA8B,8,0,0,0.85757031016218,NA,NA,NA,1
MRPL12,6,0,0,0.85757031016218,NA,NA,NA,1
PLEKHG5,2,0,0,0.85757031016218,NA,NA,NA,1
RIPK2,11,0,0,0.85757031016218,NA,NA,NA,1
SMAD7,5,0,0,0.85757031016218,NA,NA,NA,1
SNRPB2,11,0,0,0.85757031016218,NA,NA,NA,1
ZNF704,14,0,0,0.85757031016218,NA,NA,NA,1
IPO4,6,0,0,0.85770805187748,NA,NA,NA,1
TGFBR2,20,0,0,0.858135710493853,NA,NA,NA,1
SHPK,4,0,0,0.858223986335388,NA,NA,NA,1
C16orf74,8,0,0,0.858561026516511,NA,NA,NA,1
COQ10A,2,0,0,0.858561026516511,NA,NA,NA,1
DMD,6,0,0,0.858561026516511,NA,NA,NA,1
GATA3,8,0,0,0.858561026516511,NA,NA,NA,1
GRK5,5,0,0,0.858561026516511,NA,NA,NA,1
HIST3H2BB,6,0,0,0.858561026516511,NA,NA,NA,1
KIFAP3,5,0,0,0.858561026516511,NA,NA,NA,1
MRPL47,14,0,0,0.858561026516511,NA,NA,NA,1
PCDHB5,3,0,0,0.858561026516511,NA,NA,NA,1
PSMB1,3,0,0,0.858561026516511,NA,NA,NA,1
SNX21,10,0,0,0.858561026516511,NA,NA,NA,1
SREBF2,4,0,0,0.858561026516511,NA,NA,NA,1
UEVLD,5,0,0,0.858561026516511,NA,NA,NA,1
XXYLT1,5,0,0,0.858561026516511,NA,NA,NA,1
EHD4,11,0,0,0.858645347504978,NA,NA,NA,1
LDLRAP1,5,0,0,0.858760347991349,NA,NA,NA,1
MCM9,4,0,0,0.858760347991349,NA,NA,NA,1
VCPIP1,13,0,0,0.858760347991349,NA,NA,NA,1
MBNL2,9,0,0,0.858786921456891,NA,NA,NA,1
NCAPH,5,0,0,0.858809976285368,NA,NA,NA,1
CENPF,18,0,0,0.859532040243143,NA,NA,NA,1
MARC2,2,0,0,0.859532040243143,NA,NA,NA,1
SDCBP,10,0,0,0.859532040243143,NA,NA,NA,1
SH3KBP1,7,0,0,0.859532040243143,NA,NA,NA,1
TBL3,6,0,0,0.859532040243143,NA,NA,NA,1
ZNF548,10,0,0,0.859532040243143,NA,NA,NA,1
ZNF845,6,0,0,0.859532040243143,NA,NA,NA,1
ARPC5,9,0,0,0.859600145478796,NA,NA,NA,1
RASEF,4,0,0,0.859600145478796,NA,NA,NA,1
MCM7,4,0,0,0.859603424351532,NA,NA,NA,1
NRP2,4,0,0,0.85964478417473,NA,NA,NA,1
GNPAT,4,0,0,0.859686852575239,NA,NA,NA,1
CDT1,7,0,0,0.859709707586142,NA,NA,NA,1
COMMD8,5,0,0,0.859709707586142,NA,NA,NA,1
CYB561A3,3,0,0,0.859709707586142,NA,NA,NA,1
DLC1,4,0,0,0.859709707586142,NA,NA,NA,1
DUSP16,4,0,0,0.859709707586142,NA,NA,NA,1
FBLN1,8,0,0,0.859709707586142,NA,NA,NA,1
METTL4,5,0,0,0.859709707586142,NA,NA,NA,1
NCEH1,9,0,0,0.859709707586142,NA,NA,NA,1
SNRNP200,6,0,0,0.859709707586142,NA,NA,NA,1
SNRPD2,2,0,0,0.859709707586142,NA,NA,NA,1
STX17,16,0,0,0.859709707586142,NA,NA,NA,1
SYNJ1,4,0,0,0.859709707586142,NA,NA,NA,1
UBAC2,4,0,0,0.859709707586142,NA,NA,NA,1
VPS4B,9,0,0,0.859709707586142,NA,NA,NA,1
UTP6,10,0,0,0.859773909362321,NA,NA,NA,1
SRP19,6,0,0,0.859909891189312,NA,NA,NA,1
WIPI2,11,0,0,0.859909891189312,NA,NA,NA,1
MECP2,9,0,0,0.860544772211344,NA,NA,NA,1
NEBL,14,0,0,0.860544772211344,NA,NA,NA,1
SGMS2,9,0,0,0.860544772211344,NA,NA,NA,1
TFAM,18,0,0,0.860544772211344,NA,NA,NA,1
DUT,10,0,0,0.860553899976338,NA,NA,NA,1
EFCAB11,5,0,0,0.860553899976338,NA,NA,NA,1
ZSCAN5A,3,0,0,0.860553899976338,NA,NA,NA,1
NPHP1,3,0,0,0.860586618155058,NA,NA,NA,1
TMEM140,8,0,0,0.86064199495683,NA,NA,NA,1
SEMA3C,7,0,0,0.860814993447333,NA,NA,NA,1
SDHC,19,0,0,0.860909772230475,NA,NA,NA,1
ANAPC7,10,0,0,0.861065470349579,NA,NA,NA,1
ARNTL,7,0,0,0.861065470349579,NA,NA,NA,1
BLNK,5,0,0,0.861065470349579,NA,NA,NA,1
C21orf58,4,0,0,0.861065470349579,NA,NA,NA,1
CNOT8,5,0,0,0.861065470349579,NA,NA,NA,1
EML4,5,0,0,0.861065470349579,NA,NA,NA,1
ETFBKMT,10,0,0,0.861065470349579,NA,NA,NA,1
EYA3,3,0,0,0.861065470349579,NA,NA,NA,1
GEMIN8,5,0,0,0.861065470349579,NA,NA,NA,1
GPR135,14,0,0,0.861065470349579,NA,NA,NA,1
HACD3,13,0,0,0.861065470349579,NA,NA,NA,1
MIDN,7,0,0,0.861065470349579,NA,NA,NA,1
NRDE2,10,0,0,0.861065470349579,NA,NA,NA,1
NSUN5,2,0,0,0.861065470349579,NA,NA,NA,1
SKI,13,0,0,0.861065470349579,NA,NA,NA,1
SPATA32,6,0,0,0.861065470349579,NA,NA,NA,1
EPN1,7,0,0,0.861134911789628,NA,NA,NA,1
SREK1,19,0,0,0.861134911789628,NA,NA,NA,1
HSP90B1,14,0,0,0.861337699189842,NA,NA,NA,1
AIDA,22,0,0,0.861410833037191,NA,NA,NA,1
APEH,4,0,0,0.861410833037191,NA,NA,NA,1
ARGLU1,10,0,0,0.861410833037191,NA,NA,NA,1
BAZ2B,9,0,0,0.861410833037191,NA,NA,NA,1
COX8A,2,0,0,0.861410833037191,NA,NA,NA,1
DSN1,5,0,0,0.861410833037191,NA,NA,NA,1
ERBIN,11,0,0,0.861410833037191,NA,NA,NA,1
ITGA5,4,0,0,0.861410833037191,NA,NA,NA,1
MRPL22,3,0,0,0.861410833037191,NA,NA,NA,1
NAP1L5,3,0,0,0.861410833037191,NA,NA,NA,1
NDUFB10,2,0,0,0.861410833037191,NA,NA,NA,1
OPN3,5,0,0,0.861410833037191,NA,NA,NA,1
PPP1R14C,3,0,0,0.861410833037191,NA,NA,NA,1
RAB27B,11,0,0,0.861410833037191,NA,NA,NA,1
RBBP9,11,0,0,0.861410833037191,NA,NA,NA,1
SP1,16,0,0,0.861410833037191,NA,NA,NA,1
DVL3,4,0,0,0.861584885158698,NA,NA,NA,1
EDN1,2,0,0,0.861584885158698,NA,NA,NA,1
NUAK1,2,0,0,0.861584885158698,NA,NA,NA,1
RAB3IP,14,0,0,0.861584885158698,NA,NA,NA,1
UIMC1,5,0,0,0.861584885158698,NA,NA,NA,1
ZNF709,4,0,0,0.861584885158698,NA,NA,NA,1
FAM206A,5,0,0,0.861673325433891,NA,NA,NA,1
TRPM7,9,0,0,0.861673325433891,NA,NA,NA,1
ELL,7,0,0,0.861675142950029,NA,NA,NA,1
FDX1L,2,0,0,0.861675142950029,NA,NA,NA,1
ZBED3,11,0,0,0.861675142950029,NA,NA,NA,1
CA13,7,0,0,0.862090103344222,NA,NA,NA,1
CDC42EP3,13,0,0,0.862466424751354,NA,NA,NA,1
SMIM22,2,0,0,0.862466424751354,NA,NA,NA,1
SSH1,12,0,0,0.862466424751354,NA,NA,NA,1
ST6GALNAC6,3,0,0,0.862466424751354,NA,NA,NA,1
AC092835.1,9,0,0,0.862807595727532,NA,NA,NA,1
NAXD,7,0,0,0.862807595727532,NA,NA,NA,1
SRRM1,6,0,0,0.862807595727532,NA,NA,NA,1
SWSAP1,7,0,0,0.862807595727532,NA,NA,NA,1
OSTF1,7,0,0,0.863037465686558,NA,NA,NA,1
NDC1,9,0,0,0.863202738358682,NA,NA,NA,1
ARSJ,8,0,0,0.863277122865494,NA,NA,NA,1
CHMP4B,3,0,0,0.863277122865494,NA,NA,NA,1
CUL2,9,0,0,0.863277122865494,NA,NA,NA,1
DNPH1,3,0,0,0.863277122865494,NA,NA,NA,1
GPATCH1,6,0,0,0.863277122865494,NA,NA,NA,1
ME2,7,0,0,0.863277122865494,NA,NA,NA,1
PEF1,2,0,0,0.863277122865494,NA,NA,NA,1
RBM12,17,0,0,0.863277122865494,NA,NA,NA,1
RICTOR,7,0,0,0.863277122865494,NA,NA,NA,1
TK2,10,0,0,0.863513972257366,NA,NA,NA,1
CAMSAP3,2,0,0,0.863552951113184,NA,NA,NA,1
APOL6,8,0,0,0.863764892724446,NA,NA,NA,1
C10orf76,4,0,0,0.863764892724446,NA,NA,NA,1
XDH,3,0,0,0.863764892724446,NA,NA,NA,1
ZFP14,4,0,0,0.863764892724446,NA,NA,NA,1
GADD45A,5,0,0,0.863810502086044,NA,NA,NA,1
PGK1,24,0,0,0.863810502086044,NA,NA,NA,1
RANBP1,6,0,0,0.863810502086044,NA,NA,NA,1
TMEM41B,3,0,0,0.863810502086044,NA,NA,NA,1
ZNF142,12,0,0,0.863810502086044,NA,NA,NA,1
CNNM4,2,0,0,0.863922583386803,NA,NA,NA,1
EPN2,9,0,0,0.863922583386803,NA,NA,NA,1
SELENOH,3,0,0,0.863922583386803,NA,NA,NA,1
TUSC2,4,0,0,0.863922583386803,NA,NA,NA,1
ZNF468,3,0,0,0.863922583386803,NA,NA,NA,1
ZNF92,3,0,0,0.863922583386803,NA,NA,NA,1
ACP1,8,0,0,0.863935971653551,NA,NA,NA,1
BRWD3,17,0,0,0.863935971653551,NA,NA,NA,1
ESD,3,0,0,0.863971252377598,NA,NA,NA,1
WTAP,3,0,0,0.864226602814773,NA,NA,NA,1
PIK3C3,13,0,0,0.864341219764291,NA,NA,NA,1
EHBP1,4,0,0,0.86475624165559,NA,NA,NA,1
RPS8,8,0,0,0.86490498577972,NA,NA,NA,1
TCEAL3,2,0,0,0.86490498577972,NA,NA,NA,1
ARL4D,5,0,0,0.864987929125419,NA,NA,NA,1
CLTC,13,0,0,0.864987929125419,NA,NA,NA,1
COMMD2,11,0,0,0.864987929125419,NA,NA,NA,1
MAML3,3,0,0,0.864987929125419,NA,NA,NA,1
MKNK2,2,0,0,0.864987929125419,NA,NA,NA,1
SLC33A1,6,0,0,0.864987929125419,NA,NA,NA,1
SLC7A8,2,0,0,0.864987929125419,NA,NA,NA,1
TRIM8,9,0,0,0.864987929125419,NA,NA,NA,1
ZCCHC10,7,0,0,0.864987929125419,NA,NA,NA,1
DLGAP5,8,0,0,0.865090213998194,NA,NA,NA,1
S1PR1,4,0,0,0.865094534858307,NA,NA,NA,1
ABHD17C,3,0,0,0.865375314787448,NA,NA,NA,1
BUB3,4,0,0,0.865375314787448,NA,NA,NA,1
GUCD1,4,0,0,0.865375314787448,NA,NA,NA,1
NSMCE4A,3,0,0,0.865504001385545,NA,NA,NA,1
CLCN4,9,0,0,0.865521839812046,NA,NA,NA,1
EPHA1,4,0,0,0.865868440552295,NA,NA,NA,1
IER2,3,0,0,0.865868440552295,NA,NA,NA,1
NCBP2,4,0,0,0.865868440552295,NA,NA,NA,1
PGRMC1,4,0,0,0.865868440552295,NA,NA,NA,1
PRKAB1,3,0,0,0.865868440552295,NA,NA,NA,1
CENPH,8,0,0,0.865968890655803,NA,NA,NA,1
COPS7A,4,0,0,0.865968890655803,NA,NA,NA,1
IL20RB,3,0,0,0.865968890655803,NA,NA,NA,1
PJA2,12,0,0,0.865968890655803,NA,NA,NA,1
SLC25A37,9,0,0,0.865968890655803,NA,NA,NA,1
TBC1D2B,6,0,0,0.865968890655803,NA,NA,NA,1
TUBGCP4,13,0,0,0.865968890655803,NA,NA,NA,1
WASL,12,0,0,0.865968890655803,NA,NA,NA,1
ACAP2,5,0,0,0.866130906535599,NA,NA,NA,1
ACPP,2,0,0,0.866130906535599,NA,NA,NA,1
ARF1,9,0,0,0.866130906535599,NA,NA,NA,1
ARHGDIA,7,0,0,0.866130906535599,NA,NA,NA,1
CAPS,3,0,0,0.866130906535599,NA,NA,NA,1
CERS2,9,0,0,0.866130906535599,NA,NA,NA,1
CMSS1,3,0,0,0.866130906535599,NA,NA,NA,1
COG4,2,0,0,0.866130906535599,NA,NA,NA,1
CORO1C,19,0,0,0.866130906535599,NA,NA,NA,1
DHRS7,5,0,0,0.866130906535599,NA,NA,NA,1
GBA,2,0,0,0.866130906535599,NA,NA,NA,1
GLDC,2,0,0,0.866130906535599,NA,NA,NA,1
MAPK8IP3,2,0,0,0.866130906535599,NA,NA,NA,1
MED26,2,0,0,0.866130906535599,NA,NA,NA,1
MPI,8,0,0,0.866130906535599,NA,NA,NA,1
MRRF,10,0,0,0.866130906535599,NA,NA,NA,1
MYO1B,9,0,0,0.866130906535599,NA,NA,NA,1
NCDN,2,0,0,0.866130906535599,NA,NA,NA,1
NFKBIZ,4,0,0,0.866130906535599,NA,NA,NA,1
NOC2L,3,0,0,0.866130906535599,NA,NA,NA,1
NOL12,6,0,0,0.866130906535599,NA,NA,NA,1
OAS3,4,0,0,0.866130906535599,NA,NA,NA,1
PAPPA,8,0,0,0.866130906535599,NA,NA,NA,1
PHF19,11,0,0,0.866130906535599,NA,NA,NA,1
POLR3E,6,0,0,0.866130906535599,NA,NA,NA,1
PPA1,12,0,0,0.866130906535599,NA,NA,NA,1
PRKD1,3,0,0,0.866130906535599,NA,NA,NA,1
PSMD14,3,0,0,0.866130906535599,NA,NA,NA,1
PYCARD,2,0,0,0.866130906535599,NA,NA,NA,1
RAB5B,6,0,0,0.866130906535599,NA,NA,NA,1
RBM28,5,0,0,0.866130906535599,NA,NA,NA,1
REL,6,0,0,0.866130906535599,NA,NA,NA,1
RMDN3,3,0,0,0.866130906535599,NA,NA,NA,1
RNF103,4,0,0,0.866130906535599,NA,NA,NA,1
SDAD1,6,0,0,0.866130906535599,NA,NA,NA,1
SECTM1,5,0,0,0.866130906535599,NA,NA,NA,1
SNX8,5,0,0,0.866130906535599,NA,NA,NA,1
STEAP2,4,0,0,0.866130906535599,NA,NA,NA,1
SURF4,12,0,0,0.866130906535599,NA,NA,NA,1
TCEAL1,2,0,0,0.866130906535599,NA,NA,NA,1
TFRC,11,0,0,0.866130906535599,NA,NA,NA,1
TMEM241,8,0,0,0.866130906535599,NA,NA,NA,1
TMEM268,13,0,0,0.866130906535599,NA,NA,NA,1
TUBA4A,3,0,0,0.866130906535599,NA,NA,NA,1
TXNL1,8,0,0,0.866130906535599,NA,NA,NA,1
WDR44,6,0,0,0.866130906535599,NA,NA,NA,1
DOCK7,3,0,0,0.866238272876481,NA,NA,NA,1
KATNAL1,13,0,0,0.866238272876481,NA,NA,NA,1
MBTPS1,3,0,0,0.866238272876481,NA,NA,NA,1
NUDT4,16,0,0,0.866238272876481,NA,NA,NA,1
BRD3,8,0,0,0.866565104580703,NA,NA,NA,1
PLEKHN1,3,0,0,0.866565104580703,NA,NA,NA,1
LYPLA2,2,0,0,0.866682020720189,NA,NA,NA,1
MMACHC,15,0,0,0.866764069733941,NA,NA,NA,1
OGFOD2,2,0,0,0.866839781191193,NA,NA,NA,1
IKBIP,3,0,0,0.86687335233339,NA,NA,NA,1
FBN1,10,0,0,0.867069358041359,NA,NA,NA,1
PPP1R13B,5,0,0,0.867271724612991,NA,NA,NA,1
CS,5,0,0,0.867360654945102,NA,NA,NA,1
FBLIM1,3,0,0,0.867438142864452,NA,NA,NA,1
RAB36,5,0,0,0.86751244900083,NA,NA,NA,1
ASXL1,9,0,0,0.86762576410388,NA,NA,NA,1
ZNF77,3,0,0,0.86762576410388,NA,NA,NA,1
OSGEPL1,4,0,0,0.867715765704585,NA,NA,NA,1
UFM1,11,0,0,0.867768904074989,NA,NA,NA,1
PRKD3,7,0,0,0.868224687698629,NA,NA,NA,1
TPCN2,14,0,0,0.868455797900015,NA,NA,NA,1
CBLB,5,0,0,0.869134458109488,NA,NA,NA,1
CD40,9,0,0,0.869134458109488,NA,NA,NA,1
CERS4,4,0,0,0.869134458109488,NA,NA,NA,1
COQ3,3,0,0,0.869134458109488,NA,NA,NA,1
DDX5,6,0,0,0.869134458109488,NA,NA,NA,1
EBNA1BP2,8,0,0,0.869134458109488,NA,NA,NA,1
GJB2,4,0,0,0.869134458109488,NA,NA,NA,1
GSK3A,2,0,0,0.869134458109488,NA,NA,NA,1
HAUS5,8,0,0,0.869134458109488,NA,NA,NA,1
IQSEC2,5,0,0,0.869134458109488,NA,NA,NA,1
KAT6B,5,0,0,0.869134458109488,NA,NA,NA,1
LATS2,6,0,0,0.869134458109488,NA,NA,NA,1
LLPH,14,0,0,0.869134458109488,NA,NA,NA,1
MED13L,14,0,0,0.869134458109488,NA,NA,NA,1
MRPL55,2,0,0,0.869134458109488,NA,NA,NA,1
MZT2B,2,0,0,0.869134458109488,NA,NA,NA,1
PEX2,16,0,0,0.869134458109488,NA,NA,NA,1
POLA2,9,0,0,0.869134458109488,NA,NA,NA,1
SEC14L1,2,0,0,0.869134458109488,NA,NA,NA,1
SENP5,14,0,0,0.869134458109488,NA,NA,NA,1
SIX2,3,0,0,0.869134458109488,NA,NA,NA,1
SLC16A13,9,0,0,0.869134458109488,NA,NA,NA,1
SLC28A3,5,0,0,0.869134458109488,NA,NA,NA,1
SPOPL,16,0,0,0.869134458109488,NA,NA,NA,1
ST14,3,0,0,0.869134458109488,NA,NA,NA,1
STX16,16,0,0,0.869134458109488,NA,NA,NA,1
STX18,3,0,0,0.869134458109488,NA,NA,NA,1
THOP1,2,0,0,0.869134458109488,NA,NA,NA,1
TRAF5,17,0,0,0.869134458109488,NA,NA,NA,1
TRMT10B,9,0,0,0.869134458109488,NA,NA,NA,1
VCP,14,0,0,0.869134458109488,NA,NA,NA,1
ZBTB25,9,0,0,0.869134458109488,NA,NA,NA,1
ZC3H15,12,0,0,0.869134458109488,NA,NA,NA,1
ATG3,4,0,0,0.869263417775767,NA,NA,NA,1
C19orf12,11,0,0,0.869263417775767,NA,NA,NA,1
CCDC86,4,0,0,0.869263417775767,NA,NA,NA,1
IL18BP,3,0,0,0.869263417775767,NA,NA,NA,1
PARP11,5,0,0,0.869263417775767,NA,NA,NA,1
SUDS3,22,0,0,0.869263417775767,NA,NA,NA,1
TIMP3,14,0,0,0.869263417775767,NA,NA,NA,1
TXNDC12,5,0,0,0.869263417775767,NA,NA,NA,1
UBE2I,4,0,0,0.869263417775767,NA,NA,NA,1
PIP5K1A,3,0,0,0.869327773429568,NA,NA,NA,1
APOOL,4,0,0,0.869407211679013,NA,NA,NA,1
CYP4F3,4,0,0,0.869407211679013,NA,NA,NA,1
MFSD12,7,0,0,0.869407211679013,NA,NA,NA,1
SDC2,12,0,0,0.869407211679013,NA,NA,NA,1
SH3BGRL2,7,0,0,0.869407211679013,NA,NA,NA,1
SLC30A1,7,0,0,0.869407211679013,NA,NA,NA,1
ZNF782,6,0,0,0.869407211679013,NA,NA,NA,1
OXA1L,15,0,0,0.869419527774214,NA,NA,NA,1
TMEM184C,7,0,0,0.869594050904728,NA,NA,NA,1
NUDT18,3,0,0,0.869761612730824,NA,NA,NA,1
PRR11,5,0,0,0.869761612730824,NA,NA,NA,1
CA12,10,0,0,0.870026973303076,NA,NA,NA,1
FOCAD,2,0,0,0.870228810231727,NA,NA,NA,1
MRPL35,7,0,0,0.870228810231727,NA,NA,NA,1
MZT2A,4,0,0,0.870228810231727,NA,NA,NA,1
PRPF3,7,0,0,0.870228810231727,NA,NA,NA,1
ZNF34,7,0,0,0.870228810231727,NA,NA,NA,1
DYNLT1,3,0,0,0.870641067316946,NA,NA,NA,1
HOXC6,2,0,0,0.870641067316946,NA,NA,NA,1
S100A13,3,0,0,0.870641067316946,NA,NA,NA,1
TIMM13,5,0,0,0.870641067316946,NA,NA,NA,1
TMEM30B,2,0,0,0.870641067316946,NA,NA,NA,1
VGF,2,0,0,0.870641067316946,NA,NA,NA,1
ANKRD27,2,0,0,0.870834734571586,NA,NA,NA,1
C17orf113,3,0,0,0.870834734571586,NA,NA,NA,1
EBAG9,6,0,0,0.870834734571586,NA,NA,NA,1
HOGA1,5,0,0,0.870834734571586,NA,NA,NA,1
KMT2E,10,0,0,0.870834734571586,NA,NA,NA,1
PDPK1,10,0,0,0.870834734571586,NA,NA,NA,1
RPS6KA3,10,0,0,0.870834734571586,NA,NA,NA,1
SLC25A10,5,0,0,0.870834734571586,NA,NA,NA,1
TAF7,2,0,0,0.870834734571586,NA,NA,NA,1
TMEM39A,14,0,0,0.870834734571586,NA,NA,NA,1
TMTC3,11,0,0,0.870834734571586,NA,NA,NA,1
USP12,12,0,0,0.870834734571586,NA,NA,NA,1
ZEB2,12,0,0,0.870834734571586,NA,NA,NA,1
ZKSCAN2,4,0,0,0.870834734571586,NA,NA,NA,1
SPOUT1,2,0,0,0.871012138782719,NA,NA,NA,1
WNT10B,4,0,0,0.871700999153718,NA,NA,NA,1
TMEM131,4,0,0,0.871922608661524,NA,NA,NA,1
DVL1,6,0,0,0.871986458608939,NA,NA,NA,1
LCORL,12,0,0,0.872031857392559,NA,NA,NA,1
CCNG2,6,0,0,0.872038461045152,NA,NA,NA,1
G3BP2,21,0,0,0.872038461045152,NA,NA,NA,1
HLX,3,0,0,0.872038461045152,NA,NA,NA,1
INTS13,8,0,0,0.872095501142146,NA,NA,NA,1
SLPI,3,0,0,0.872125596791456,NA,NA,NA,1
RPF1,4,0,0,0.872210778855208,NA,NA,NA,1
ZNF397,2,0,0,0.872210778855208,NA,NA,NA,1
SENP2,8,0,0,0.872237919346018,NA,NA,NA,1
CDC16,2,0,0,0.872356389229666,NA,NA,NA,1
CNN3,3,0,0,0.872356389229666,NA,NA,NA,1
TOR1AIP1,14,0,0,0.872356389229666,NA,NA,NA,1
TTLL4,14,0,0,0.872356389229666,NA,NA,NA,1
BTG1,8,0,0,0.872479452835528,NA,NA,NA,1
CDON,12,0,0,0.872479452835528,NA,NA,NA,1
CSNK1G3,13,0,0,0.872479452835528,NA,NA,NA,1
NUFIP1,9,0,0,0.872479452835528,NA,NA,NA,1
PXK,5,0,0,0.872479452835528,NA,NA,NA,1
ZNF432,4,0,0,0.872479452835528,NA,NA,NA,1
AP5M1,14,0,0,0.872593651880474,NA,NA,NA,1
ATP6AP2,6,0,0,0.872593651880474,NA,NA,NA,1
C2orf76,2,0,0,0.872593651880474,NA,NA,NA,1
PSMC5,2,0,0,0.872593651880474,NA,NA,NA,1
TSPAN6,11,0,0,0.872631286214757,NA,NA,NA,1
BCOR,4,0,0,0.873131678631205,NA,NA,NA,1
EPC2,13,0,0,0.873131678631205,NA,NA,NA,1
NIPBL,10,0,0,0.873131678631205,NA,NA,NA,1
PROCR,5,0,0,0.873131678631205,NA,NA,NA,1
CNOT4,2,0,0,0.873275927259459,NA,NA,NA,1
RHOB,11,0,0,0.873275927259459,NA,NA,NA,1
TRADD,4,0,0,0.873275927259459,NA,NA,NA,1
HSPB8,3,0,0,0.87328884867365,NA,NA,NA,1
TMEM199,9,0,0,0.873455630984052,NA,NA,NA,1
MED10,5,0,0,0.87370368472862,NA,NA,NA,1
HNRNPF,11,0,0,0.873723419320843,NA,NA,NA,1
WDR91,6,0,0,0.873723419320843,NA,NA,NA,1
PAPSS2,5,0,0,0.873969319666577,NA,NA,NA,1
SLC4A2,2,0,0,0.873969319666577,NA,NA,NA,1
ANKRD22,7,0,0,0.874267431575963,NA,NA,NA,1
GABARAPL1,2,0,0,0.874267431575963,NA,NA,NA,1
FRAT2,4,0,0,0.874480568025185,NA,NA,NA,1
MARK4,9,0,0,0.874480568025185,NA,NA,NA,1
RRS1,6,0,0,0.874480568025185,NA,NA,NA,1
SRSF12,4,0,0,0.87453952720863,NA,NA,NA,1
GLRX2,9,0,0,0.87493194172562,NA,NA,NA,1
GLS,13,0,0,0.87493194172562,NA,NA,NA,1
PCBP1,7,0,0,0.87493194172562,NA,NA,NA,1
CLOCK,11,0,0,0.874979862052117,NA,NA,NA,1
GDPGP1,10,0,0,0.874979862052117,NA,NA,NA,1
HRK,5,0,0,0.874979862052117,NA,NA,NA,1
KRT6A,2,0,0,0.874979862052117,NA,NA,NA,1
PRDM11,3,0,0,0.874979862052117,NA,NA,NA,1
SLC6A6,4,0,0,0.874979862052117,NA,NA,NA,1
STX8,2,0,0,0.874979862052117,NA,NA,NA,1
SELENOS,5,0,0,0.875144236666111,NA,NA,NA,1
ALDH5A1,5,0,0,0.875355430806701,NA,NA,NA,1
ALMS1,5,0,0,0.875355430806701,NA,NA,NA,1
CASP6,12,0,0,0.875355430806701,NA,NA,NA,1
CDIPT,5,0,0,0.875355430806701,NA,NA,NA,1
CDKN3,6,0,0,0.875355430806701,NA,NA,NA,1
COLGALT1,12,0,0,0.875355430806701,NA,NA,NA,1
DAG1,7,0,0,0.875355430806701,NA,NA,NA,1
FKBP2,3,0,0,0.875355430806701,NA,NA,NA,1
GCFC2,13,0,0,0.875355430806701,NA,NA,NA,1
IMP3,6,0,0,0.875355430806701,NA,NA,NA,1
PHLDA3,10,0,0,0.875355430806701,NA,NA,NA,1
RBMS1,5,0,0,0.875355430806701,NA,NA,NA,1
SPARC,12,0,0,0.875355430806701,NA,NA,NA,1
ZNF383,8,0,0,0.875355430806701,NA,NA,NA,1
ZNF71,8,0,0,0.875355430806701,NA,NA,NA,1
COL9A3,2,0,0,0.875429253458852,NA,NA,NA,1
FAM117B,5,0,0,0.875429253458852,NA,NA,NA,1
GOSR1,7,0,0,0.875429253458852,NA,NA,NA,1
IGF2BP3,12,0,0,0.875429253458852,NA,NA,NA,1
SMG6,2,0,0,0.875429253458852,NA,NA,NA,1
ZFP30,6,0,0,0.875429253458852,NA,NA,NA,1
MKKS,5,0,0,0.87545474151113,NA,NA,NA,1
SLC7A2,11,0,0,0.87545474151113,NA,NA,NA,1
ATP2C1,10,0,0,0.875494643497732,NA,NA,NA,1
BIRC2,3,0,0,0.875494643497732,NA,NA,NA,1
CUL1,4,0,0,0.875494643497732,NA,NA,NA,1
LONP2,5,0,0,0.875494643497732,NA,NA,NA,1
MSH2,5,0,0,0.875494643497732,NA,NA,NA,1
NAGPA,2,0,0,0.875494643497732,NA,NA,NA,1
SP5,2,0,0,0.875494643497732,NA,NA,NA,1
SPRYD3,8,0,0,0.875494643497732,NA,NA,NA,1
TMEM141,3,0,0,0.875494643497732,NA,NA,NA,1
TRAF3IP2,3,0,0,0.875494643497732,NA,NA,NA,1
TTC7A,9,0,0,0.875494643497732,NA,NA,NA,1
VPS4A,14,0,0,0.875494643497732,NA,NA,NA,1
ZBTB37,10,0,0,0.875494643497732,NA,NA,NA,1
ZNF830,11,0,0,0.875494643497732,NA,NA,NA,1
CWC22,4,0,0,0.875666931338382,NA,NA,NA,1
DPAGT1,3,0,0,0.875666931338382,NA,NA,NA,1
TOE1,5,0,0,0.875666931338382,NA,NA,NA,1
GOLGA8A,7,0,0,0.875825335493719,NA,NA,NA,1
PTAR1,16,0,0,0.875846130067893,NA,NA,NA,1
MSANTD3,6,0,0,0.876348357269287,NA,NA,NA,1
RPN2,5,0,0,0.876348357269287,NA,NA,NA,1
CDC42EP1,7,0,0,0.876429559950246,NA,NA,NA,1
MUL1,3,0,0,0.876429559950246,NA,NA,NA,1
ZBTB7A,14,0,0,0.876429559950246,NA,NA,NA,1
NOP14,3,0,0,0.876554244449221,NA,NA,NA,1
TMEM87A,10,0,0,0.876554244449221,NA,NA,NA,1
GDPD1,5,0,0,0.876675370941101,NA,NA,NA,1
CHD1,6,0,0,0.876850412533435,NA,NA,NA,1
ALKBH6,2,0,0,0.877200434998056,NA,NA,NA,1
CCSER2,4,0,0,0.877244104412307,NA,NA,NA,1
RNF149,6,0,0,0.877244104412307,NA,NA,NA,1
CLIP2,3,0,0,0.877387116890301,NA,NA,NA,1
FBXO22,21,0,0,0.877387116890301,NA,NA,NA,1
GGCT,4,0,0,0.877387116890301,NA,NA,NA,1
HINT1,8,0,0,0.877387116890301,NA,NA,NA,1
MPC2,11,0,0,0.87751115195709,NA,NA,NA,1
BARD1,5,0,0,0.877704616429926,NA,NA,NA,1
BDNF,7,0,0,0.877704616429926,NA,NA,NA,1
CHCHD4,3,0,0,0.877704616429926,NA,NA,NA,1
DGCR8,6,0,0,0.877704616429926,NA,NA,NA,1
GLG1,7,0,0,0.877704616429926,NA,NA,NA,1
INF2,10,0,0,0.877704616429926,NA,NA,NA,1
NRBP2,10,0,0,0.877704616429926,NA,NA,NA,1
PATZ1,2,0,0,0.877704616429926,NA,NA,NA,1
PPP3CA,10,0,0,0.877704616429926,NA,NA,NA,1
R3HCC1,4,0,0,0.877704616429926,NA,NA,NA,1
RAPGEF6,4,0,0,0.877704616429926,NA,NA,NA,1
TM9SF1,3,0,0,0.877704616429926,NA,NA,NA,1
TSPAN17,3,0,0,0.877704616429926,NA,NA,NA,1
UFL1,8,0,0,0.877704616429926,NA,NA,NA,1
CTSZ,12,0,0,0.877926661726876,NA,NA,NA,1
RTCB,9,0,0,0.877926661726876,NA,NA,NA,1
MYPN,3,0,0,0.878113844280272,NA,NA,NA,1
AKIRIN2,7,0,0,0.878171037884249,NA,NA,NA,1
FKBP1A,4,0,0,0.878188026787384,NA,NA,NA,1
R3HDM1,2,0,0,0.878188026787384,NA,NA,NA,1
MRPL40,2,0,0,0.878271709137008,NA,NA,NA,1
EGLN1,16,0,0,0.878383933701941,NA,NA,NA,1
GLCE,5,0,0,0.878383933701941,NA,NA,NA,1
IGBP1,4,0,0,0.878383933701941,NA,NA,NA,1
MTFMT,3,0,0,0.878383933701941,NA,NA,NA,1
MYH10,6,0,0,0.878383933701941,NA,NA,NA,1
NR2C2,9,0,0,0.878383933701941,NA,NA,NA,1
SLC35B4,17,0,0,0.878383933701941,NA,NA,NA,1
THADA,3,0,0,0.878383933701941,NA,NA,NA,1
TMEM214,10,0,0,0.878383933701941,NA,NA,NA,1
TNKS1BP1,3,0,0,0.878383933701941,NA,NA,NA,1
TMEM128,4,0,0,0.878434583027941,NA,NA,NA,1
TMBIM1,4,0,0,0.878478030928129,NA,NA,NA,1
PHTF1,10,0,0,0.878495329964205,NA,NA,NA,1
APOLD1,7,0,0,0.878819633943302,NA,NA,NA,1
ARHGEF11,5,0,0,0.878990469610936,NA,NA,NA,1
BACH2,4,0,0,0.878990469610936,NA,NA,NA,1
CARNMT1,6,0,0,0.878990469610936,NA,NA,NA,1
CEP41,12,0,0,0.878990469610936,NA,NA,NA,1
COPZ1,3,0,0,0.878990469610936,NA,NA,NA,1
FOXL2,2,0,0,0.878990469610936,NA,NA,NA,1
GFOD1,4,0,0,0.878990469610936,NA,NA,NA,1
IFIT3,3,0,0,0.878990469610936,NA,NA,NA,1
NCAPD3,7,0,0,0.878990469610936,NA,NA,NA,1
PROS1,6,0,0,0.878990469610936,NA,NA,NA,1
PSMA3,8,0,0,0.878990469610936,NA,NA,NA,1
SLCO4A1,4,0,0,0.878990469610936,NA,NA,NA,1
TAF10,15,0,0,0.878990469610936,NA,NA,NA,1
TMEM121,2,0,0,0.878990469610936,NA,NA,NA,1
ZCCHC4,4,0,0,0.878990469610936,NA,NA,NA,1
ZMYM6,4,0,0,0.878990469610936,NA,NA,NA,1
BRCA2,4,0,0,0.878998390730029,NA,NA,NA,1
POU2F2,2,0,0,0.878998390730029,NA,NA,NA,1
ZHX3,9,0,0,0.878998390730029,NA,NA,NA,1
NFKBID,6,0,0,0.879280698852308,NA,NA,NA,1
ARAP1,3,0,0,0.87929141216119,NA,NA,NA,1
NOV,4,0,0,0.879401486599822,NA,NA,NA,1
RECQL5,2,0,0,0.879401486599822,NA,NA,NA,1
SATB2,4,0,0,0.879401486599822,NA,NA,NA,1
PAXIP1,3,0,0,0.879697505852563,NA,NA,NA,1
DDX41,2,0,0,0.879828929883571,NA,NA,NA,1
LRIG1,2,0,0,0.879828929883571,NA,NA,NA,1
SEC23IP,8,0,0,0.879828929883571,NA,NA,NA,1
MGAT4A,4,0,0,0.880078231154892,NA,NA,NA,1
PTGES3L-AARSD1,3,0,0,0.880078231154892,NA,NA,NA,1
RRAS2,17,0,0,0.880078231154892,NA,NA,NA,1
ABCC10,7,0,0,0.880396736515175,NA,NA,NA,1
SPA17,5,0,0,0.880396736515175,NA,NA,NA,1
ATP6V1A,9,0,0,0.880439168980583,NA,NA,NA,1
INTS12,3,0,0,0.880439168980583,NA,NA,NA,1
USP40,5,0,0,0.880444969846275,NA,NA,NA,1
KRI1,5,0,0,0.880558613138087,NA,NA,NA,1
PDSS2,4,0,0,0.880558613138087,NA,NA,NA,1
ONECUT2,7,0,0,0.880645653064095,NA,NA,NA,1
RTL10,12,0,0,0.880645653064095,NA,NA,NA,1
SPTY2D1,8,0,0,0.880645653064095,NA,NA,NA,1
ST3GAL2,12,0,0,0.880645653064095,NA,NA,NA,1
TMEM138,9,0,0,0.880645653064095,NA,NA,NA,1
ZNF561,11,0,0,0.880645653064095,NA,NA,NA,1
EED,8,0,0,0.880847123288363,NA,NA,NA,1
RFX3,8,0,0,0.880847123288363,NA,NA,NA,1
FAM200B,5,0,0,0.880900286023239,NA,NA,NA,1
NF2,7,0,0,0.880900286023239,NA,NA,NA,1
RIBC2,2,0,0,0.880939089136128,NA,NA,NA,1
DSG3,3,0,0,0.881093129106141,NA,NA,NA,1
FOXA2,3,0,0,0.881093129106141,NA,NA,NA,1
C7orf50,4,0,0,0.88190445447771,NA,NA,NA,1
FTL,4,0,0,0.88190445447771,NA,NA,NA,1
H2AFX,7,0,0,0.88190445447771,NA,NA,NA,1
PLPP1,6,0,0,0.88190445447771,NA,NA,NA,1
QRICH1,8,0,0,0.88190445447771,NA,NA,NA,1
ST6GAL1,5,0,0,0.88190445447771,NA,NA,NA,1
H3F3B,21,0,0,0.881979067032624,NA,NA,NA,1
ULBP3,8,0,0,0.882030599464232,NA,NA,NA,1
KLF9,4,0,0,0.88210143304651,NA,NA,NA,1
ALDH7A1,9,0,0,0.882230983537397,NA,NA,NA,1
CHCHD5,6,0,0,0.882230983537397,NA,NA,NA,1
TPST2,5,0,0,0.882230983537397,NA,NA,NA,1
AFF1,7,0,0,0.882270634584564,NA,NA,NA,1
BAIAP2L1,9,0,0,0.882270634584564,NA,NA,NA,1
CDC42EP2,10,0,0,0.882270634584564,NA,NA,NA,1
EDC4,2,0,0,0.882270634584564,NA,NA,NA,1
HRH1,6,0,0,0.882270634584564,NA,NA,NA,1
KLHL24,6,0,0,0.882270634584564,NA,NA,NA,1
MAPK7,4,0,0,0.882270634584564,NA,NA,NA,1
NFU1,4,0,0,0.882270634584564,NA,NA,NA,1
POLR3K,12,0,0,0.882270634584564,NA,NA,NA,1
PWWP2A,7,0,0,0.882270634584564,NA,NA,NA,1
RELT,8,0,0,0.882270634584564,NA,NA,NA,1
TBC1D15,11,0,0,0.882270634584564,NA,NA,NA,1
BCL2L13,9,0,0,0.882334043639313,NA,NA,NA,1
WDR3,10,0,0,0.882334043639313,NA,NA,NA,1
TATDN2,4,0,0,0.88240135637323,NA,NA,NA,1
AFAP1L2,6,0,0,0.882402148348893,NA,NA,NA,1
ARPP19,16,0,0,0.882402148348893,NA,NA,NA,1
UBL4A,4,0,0,0.882402148348893,NA,NA,NA,1
LZTFL1,11,0,0,0.882453755932919,NA,NA,NA,1
RAB27A,6,0,0,0.882453755932919,NA,NA,NA,1
JPT2,26,0,0,0.882454408477742,NA,NA,NA,1
FKBP3,6,0,0,0.882889132873339,NA,NA,NA,1
RPA3,4,0,0,0.882889132873339,NA,NA,NA,1
DHX15,4,0,0,0.882982022686119,NA,NA,NA,1
PTPN22,2,0,0,0.882982022686119,NA,NA,NA,1
SNED1,4,0,0,0.8833865952976,NA,NA,NA,1
BSG,7,0,0,0.883512148071272,NA,NA,NA,1
ZNF428,4,0,0,0.883760396711651,NA,NA,NA,1
TRIM33,11,0,0,0.88381588211256,NA,NA,NA,1
SDR16C5,4,0,0,0.883979761038341,NA,NA,NA,1
NUB1,7,0,0,0.88422881406803,NA,NA,NA,1
ROBO4,2,0,0,0.884463435238983,NA,NA,NA,1
UBA1,4,0,0,0.884746369414885,NA,NA,NA,1
TLR2,3,0,0,0.88488571594684,NA,NA,NA,1
OSBPL5,3,0,0,0.885263262969131,NA,NA,NA,1
TET2,2,0,0,0.885263262969131,NA,NA,NA,1
MAPRE2,4,0,0,0.885302830849252,NA,NA,NA,1
PARP8,7,0,0,0.885320469067485,NA,NA,NA,1
ZNF283,12,0,0,0.885320469067485,NA,NA,NA,1
PTPDC1,5,0,0,0.886570834376374,NA,NA,NA,1
IRF2BPL,5,0,0,0.88695481306742,NA,NA,NA,1
STK17B,11,0,0,0.887333195519392,NA,NA,NA,1
CGGBP1,12,0,0,0.887344733172131,NA,NA,NA,1
ZBTB10,17,0,0,0.887385750377178,NA,NA,NA,1
CHMP4A,6,0,0,0.887389821566304,NA,NA,NA,1
PPP4R3A,11,0,0,0.887909893056944,NA,NA,NA,1
CCDC17,2,0,0,0.888037928976016,NA,NA,NA,1
HAUS1,3,0,0,0.888037928976016,NA,NA,NA,1
KAZALD1,2,0,0,0.888037928976016,NA,NA,NA,1
MYC,4,0,0,0.888037928976016,NA,NA,NA,1
RBM15B,14,0,0,0.888037928976016,NA,NA,NA,1
ZNF770,4,0,0,0.888037928976016,NA,NA,NA,1
M6PR,5,0,0,0.888164054267672,NA,NA,NA,1
OS9,12,0,0,0.888164054267672,NA,NA,NA,1
PAN3,4,0,0,0.888164054267672,NA,NA,NA,1
C8orf88,5,0,0,0.888571464892365,NA,NA,NA,1
TROAP,2,0,0,0.888571464892365,NA,NA,NA,1
ZDHHC18,3,0,0,0.888571464892365,NA,NA,NA,1
ZNF546,8,0,0,0.888571464892365,NA,NA,NA,1
CARHSP1,4,0,0,0.888616596207522,NA,NA,NA,1
CDC45,2,0,0,0.888616596207522,NA,NA,NA,1
RABEP1,6,0,0,0.888616596207522,NA,NA,NA,1
RMND5A,9,0,0,0.888616596207522,NA,NA,NA,1
RNASEH2A,4,0,0,0.888616596207522,NA,NA,NA,1
SHROOM3,10,0,0,0.888616596207522,NA,NA,NA,1
TCAIM,3,0,0,0.888616596207522,NA,NA,NA,1
TPM1,3,0,0,0.888616596207522,NA,NA,NA,1
ZNF485,7,0,0,0.888616596207522,NA,NA,NA,1
BICRA,2,0,0,0.888647740402157,NA,NA,NA,1
CHD2,4,0,0,0.888647740402157,NA,NA,NA,1
LRRK1,5,0,0,0.888647740402157,NA,NA,NA,1
RABL2B,2,0,0,0.888647740402157,NA,NA,NA,1
EFCAB2,4,0,0,0.888733851988754,NA,NA,NA,1
GALNT2,10,0,0,0.888738249114386,NA,NA,NA,1
HIST1H2BJ,7,0,0,0.888738249114386,NA,NA,NA,1
AGPAT4,5,0,0,0.889032298358531,NA,NA,NA,1
ABCA6,2,0,0,0.889154040092045,NA,NA,NA,1
C11orf49,5,0,0,0.889154040092045,NA,NA,NA,1
CARF,10,0,0,0.889154040092045,NA,NA,NA,1
D2HGDH,3,0,0,0.889154040092045,NA,NA,NA,1
DBF4B,2,0,0,0.889154040092045,NA,NA,NA,1
DNM2,6,0,0,0.889154040092045,NA,NA,NA,1
GSTO1,6,0,0,0.889154040092045,NA,NA,NA,1
KHK,5,0,0,0.889154040092045,NA,NA,NA,1
MND1,4,0,0,0.889154040092045,NA,NA,NA,1
NFATC2IP,11,0,0,0.889154040092045,NA,NA,NA,1
PFDN4,10,0,0,0.889154040092045,NA,NA,NA,1
PTTG1,2,0,0,0.889154040092045,NA,NA,NA,1
SLC9A3R1,8,0,0,0.889154040092045,NA,NA,NA,1
VDAC1,4,0,0,0.889154040092045,NA,NA,NA,1
WNT4,5,0,0,0.889154040092045,NA,NA,NA,1
CTBS,7,0,0,0.889219066585727,NA,NA,NA,1
ALG2,6,0,0,0.889238006615654,NA,NA,NA,1
ASIC1,2,0,0,0.889238006615654,NA,NA,NA,1
LZTR1,2,0,0,0.889238006615654,NA,NA,NA,1
SAMD8,12,0,0,0.889238006615654,NA,NA,NA,1
SSBP3,10,0,0,0.889238006615654,NA,NA,NA,1
TRAPPC3,2,0,0,0.889238006615654,NA,NA,NA,1
ATMIN,7,0,0,0.889270591066728,NA,NA,NA,1
FAM103A1,3,0,0,0.889270591066728,NA,NA,NA,1
IFIT2,3,0,0,0.889270591066728,NA,NA,NA,1
LARP6,6,0,0,0.889270591066728,NA,NA,NA,1
NT5C2,14,0,0,0.889270591066728,NA,NA,NA,1
SLC25A23,2,0,0,0.889270591066728,NA,NA,NA,1
XBP1,11,0,0,0.889932592160229,NA,NA,NA,1
HIST1H3G,6,0,0,0.890276263377688,NA,NA,NA,1
IGHMBP2,5,0,0,0.890276263377688,NA,NA,NA,1
PSMD10,3,0,0,0.890276263377688,NA,NA,NA,1
SRSF9,8,0,0,0.890276263377688,NA,NA,NA,1
ZC3H11A,8,0,0,0.890276263377688,NA,NA,NA,1
TFDP1,9,0,0,0.890342576624969,NA,NA,NA,1
COMMD4,5,0,0,0.890408802694211,NA,NA,NA,1
AKR1B1,3,0,0,0.890426912351838,NA,NA,NA,1
ARHGEF16,2,0,0,0.890426912351838,NA,NA,NA,1
ASB1,7,0,0,0.890426912351838,NA,NA,NA,1
C5orf42,7,0,0,0.890426912351838,NA,NA,NA,1
C9orf43,2,0,0,0.890426912351838,NA,NA,NA,1
CASP9,3,0,0,0.890426912351838,NA,NA,NA,1
CBX2,4,0,0,0.890426912351838,NA,NA,NA,1
DNMBP,3,0,0,0.890426912351838,NA,NA,NA,1
E2F5,3,0,0,0.890426912351838,NA,NA,NA,1
FIGNL1,10,0,0,0.890426912351838,NA,NA,NA,1
HOXB2,2,0,0,0.890426912351838,NA,NA,NA,1
KIAA1671,4,0,0,0.890426912351838,NA,NA,NA,1
MAPRE1,16,0,0,0.890426912351838,NA,NA,NA,1
MTCH1,2,0,0,0.890426912351838,NA,NA,NA,1
NR1D2,8,0,0,0.890426912351838,NA,NA,NA,1
NTF4,3,0,0,0.890426912351838,NA,NA,NA,1
ODF2,6,0,0,0.890426912351838,NA,NA,NA,1
RHOA,7,0,0,0.890426912351838,NA,NA,NA,1
RPAIN,5,0,0,0.890426912351838,NA,NA,NA,1
TMED2,7,0,0,0.890426912351838,NA,NA,NA,1
TMEM123,10,0,0,0.890426912351838,NA,NA,NA,1
TMEM201,4,0,0,0.890426912351838,NA,NA,NA,1
TRAM2,7,0,0,0.890426912351838,NA,NA,NA,1
TRIP6,3,0,0,0.890426912351838,NA,NA,NA,1
TYMSOS,5,0,0,0.890426912351838,NA,NA,NA,1
CHEK2,2,0,0,0.890784897465811,NA,NA,NA,1
POFUT1,13,0,0,0.890785048656161,NA,NA,NA,1
BIN1,2,0,0,0.890835531395069,NA,NA,NA,1
BPTF,6,0,0,0.890835531395069,NA,NA,NA,1
BTRC,7,0,0,0.890835531395069,NA,NA,NA,1
C16orf95,2,0,0,0.890835531395069,NA,NA,NA,1
CBWD1,2,0,0,0.890835531395069,NA,NA,NA,1
DDX28,5,0,0,0.890835531395069,NA,NA,NA,1
EAF1,5,0,0,0.890835531395069,NA,NA,NA,1
GNB5,14,0,0,0.890835531395069,NA,NA,NA,1
HDAC9,4,0,0,0.890835531395069,NA,NA,NA,1
KIAA0141,9,0,0,0.890835531395069,NA,NA,NA,1
LAMA3,14,0,0,0.890835531395069,NA,NA,NA,1
LRRC59,11,0,0,0.890835531395069,NA,NA,NA,1
MAP4K4,17,0,0,0.890835531395069,NA,NA,NA,1
METTL14,12,0,0,0.890835531395069,NA,NA,NA,1
MIEN1,4,0,0,0.890835531395069,NA,NA,NA,1
NTMT1,3,0,0,0.890835531395069,NA,NA,NA,1
PET100,2,0,0,0.890835531395069,NA,NA,NA,1
PLRG1,6,0,0,0.890835531395069,NA,NA,NA,1
POGK,13,0,0,0.890835531395069,NA,NA,NA,1
PTDSS1,7,0,0,0.890835531395069,NA,NA,NA,1
RIPK4,2,0,0,0.890835531395069,NA,NA,NA,1
RIPOR2,2,0,0,0.890835531395069,NA,NA,NA,1
RTN3,10,0,0,0.890835531395069,NA,NA,NA,1
SGPP1,2,0,0,0.890835531395069,NA,NA,NA,1
SLC20A1,5,0,0,0.890835531395069,NA,NA,NA,1
TMEM168,20,0,0,0.890835531395069,NA,NA,NA,1
TOR3A,2,0,0,0.890835531395069,NA,NA,NA,1
WDR61,3,0,0,0.890835531395069,NA,NA,NA,1
ZC3H7B,5,0,0,0.890835531395069,NA,NA,NA,1
ACAD9,16,0,0,0.890950233787649,NA,NA,NA,1
ASCC3,6,0,0,0.890950233787649,NA,NA,NA,1
CATSPER2,2,0,0,0.890950233787649,NA,NA,NA,1
ERGIC1,6,0,0,0.890950233787649,NA,NA,NA,1
ETF1,13,0,0,0.890950233787649,NA,NA,NA,1
LAMP2,4,0,0,0.890950233787649,NA,NA,NA,1
MARS2,10,0,0,0.890950233787649,NA,NA,NA,1
MSRB1,5,0,0,0.890950233787649,NA,NA,NA,1
TUBB4B,7,0,0,0.890950233787649,NA,NA,NA,1
MFN1,18,0,0,0.89096437719736,NA,NA,NA,1
MOV10,9,0,0,0.89096437719736,NA,NA,NA,1
SLC12A8,3,0,0,0.89096437719736,NA,NA,NA,1
DYRK2,10,0,0,0.891017125670642,NA,NA,NA,1
PES1,2,0,0,0.891023460729312,NA,NA,NA,1
AATK,3,0,0,0.891073037681198,NA,NA,NA,1
ABHD14A-ACY1,2,0,0,0.891073037681198,NA,NA,NA,1
AFAP1L1,8,0,0,0.891073037681198,NA,NA,NA,1
ARHGAP21,4,0,0,0.891073037681198,NA,NA,NA,1
ASAP3,4,0,0,0.891073037681198,NA,NA,NA,1
BRPF1,2,0,0,0.891073037681198,NA,NA,NA,1
ITM2C,2,0,0,0.891073037681198,NA,NA,NA,1
KDM4A,3,0,0,0.891073037681198,NA,NA,NA,1
MMP14,5,0,0,0.891073037681198,NA,NA,NA,1
MOSPD1,5,0,0,0.891073037681198,NA,NA,NA,1
PARK7,6,0,0,0.891073037681198,NA,NA,NA,1
PLEKHM3,3,0,0,0.891073037681198,NA,NA,NA,1
POLQ,3,0,0,0.891073037681198,NA,NA,NA,1
SMYD2,3,0,0,0.891073037681198,NA,NA,NA,1
SRPRA,9,0,0,0.891073037681198,NA,NA,NA,1
SUGP1,5,0,0,0.891073037681198,NA,NA,NA,1
ZHX1,9,0,0,0.891073037681198,NA,NA,NA,1
ADD2,10,0,0,0.891079845673214,NA,NA,NA,1
AGA,4,0,0,0.891079845673214,NA,NA,NA,1
ANXA2,9,0,0,0.891079845673214,NA,NA,NA,1
ARHGAP39,3,0,0,0.891079845673214,NA,NA,NA,1
ATP23,2,0,0,0.891079845673214,NA,NA,NA,1
C1orf123,7,0,0,0.891079845673214,NA,NA,NA,1
PPA2,3,0,0,0.891079845673214,NA,NA,NA,1
RPL17-C18orf32,14,0,0,0.891079845673214,NA,NA,NA,1
SET,13,0,0,0.891079845673214,NA,NA,NA,1
SFMBT2,2,0,0,0.891079845673214,NA,NA,NA,1
SLC9A8,6,0,0,0.891079845673214,NA,NA,NA,1
TAPBPL,3,0,0,0.891079845673214,NA,NA,NA,1
THRAP3,6,0,0,0.891079845673214,NA,NA,NA,1
TLR3,6,0,0,0.891079845673214,NA,NA,NA,1
UPF1,4,0,0,0.891079845673214,NA,NA,NA,1
WNT9A,2,0,0,0.891079845673214,NA,NA,NA,1
BEND3,4,0,0,0.891155608280846,NA,NA,NA,1
C12orf75,5,0,0,0.891155608280846,NA,NA,NA,1
CCBE1,7,0,0,0.891155608280846,NA,NA,NA,1
FMNL3,12,0,0,0.891155608280846,NA,NA,NA,1
HOXA4,2,0,0,0.891155608280846,NA,NA,NA,1
ITPR1,3,0,0,0.891155608280846,NA,NA,NA,1
PEG10,3,0,0,0.891155608280846,NA,NA,NA,1
SEC24C,2,0,0,0.891155608280846,NA,NA,NA,1
SEPT11,23,0,0,0.891155608280846,NA,NA,NA,1
ST6GALNAC2,6,0,0,0.891155608280846,NA,NA,NA,1
TMEM45A,4,0,0,0.891155608280846,NA,NA,NA,1
TMOD1,7,0,0,0.891155608280846,NA,NA,NA,1
TRABD2B,2,0,0,0.891155608280846,NA,NA,NA,1
ZXDC,5,0,0,0.891155608280846,NA,NA,NA,1
ID3,6,0,0,0.89144415383185,NA,NA,NA,1
CUL7,2,0,0,0.891447759320256,NA,NA,NA,1
NAXE,8,0,0,0.891447759320256,NA,NA,NA,1
NPM1,9,0,0,0.891447759320256,NA,NA,NA,1
SNN,8,0,0,0.891447759320256,NA,NA,NA,1
TNKS2,11,0,0,0.891447759320256,NA,NA,NA,1
XRCC5,13,0,0,0.891447759320256,NA,NA,NA,1
CHMP4C,4,0,0,0.891469882963132,NA,NA,NA,1
CCDC25,6,0,0,0.891726049238087,NA,NA,NA,1
EXT1,5,0,0,0.891726049238087,NA,NA,NA,1
FTH1,13,0,0,0.891726049238087,NA,NA,NA,1
NFIL3,3,0,0,0.891726049238087,NA,NA,NA,1
ARHGAP10,2,0,0,0.892233573540196,NA,NA,NA,1
ETV6,5,0,0,0.892240832969059,NA,NA,NA,1
RTF1,8,0,0,0.892398030468337,NA,NA,NA,1
RPAP2,11,0,0,0.892941692093593,NA,NA,NA,1
DLST,5,0,0,0.892945840177504,NA,NA,NA,1
ZNF202,4,0,0,0.892945840177504,NA,NA,NA,1
DCTN1,4,0,0,0.893027924869065,NA,NA,NA,1
FBXO6,2,0,0,0.893314584554853,NA,NA,NA,1
TNS4,11,0,0,0.893314584554853,NA,NA,NA,1
GDAP1,5,0,0,0.893420427330319,NA,NA,NA,1
MTX3,7,0,0,0.893420427330319,NA,NA,NA,1
POLR1D,3,0,0,0.893420427330319,NA,NA,NA,1
PPP3CC,7,0,0,0.893420427330319,NA,NA,NA,1
SLC39A8,4,0,0,0.893420427330319,NA,NA,NA,1
TMED7,23,0,0,0.893420427330319,NA,NA,NA,1
RAB6A,10,0,0,0.893431999278589,NA,NA,NA,1
CRTC3,3,0,0,0.893587486583453,NA,NA,NA,1
EXTL2,8,0,0,0.893587486583453,NA,NA,NA,1
IL1RN,2,0,0,0.893587486583453,NA,NA,NA,1
SLC43A2,2,0,0,0.893587486583453,NA,NA,NA,1
TMEM47,4,0,0,0.893587486583453,NA,NA,NA,1
VPS25,3,0,0,0.893587486583453,NA,NA,NA,1
ZYX,5,0,0,0.893587486583453,NA,NA,NA,1
HNRNPK,17,0,0,0.893678244895696,NA,NA,NA,1
AREL1,10,0,0,0.893846141383974,NA,NA,NA,1
C12orf76,4,0,0,0.893846141383974,NA,NA,NA,1
CLGN,6,0,0,0.893846141383974,NA,NA,NA,1
USP3,6,0,0,0.893892112091978,NA,NA,NA,1
HDAC4,6,0,0,0.894178107558186,NA,NA,NA,1
TCHH,2,0,0,0.894269638672232,NA,NA,NA,1
EIF2AK4,3,0,0,0.894404936440115,NA,NA,NA,1
INTU,6,0,0,0.894404936440115,NA,NA,NA,1
RPL36AL,2,0,0,0.894404936440115,NA,NA,NA,1
TEX9,5,0,0,0.894404936440115,NA,NA,NA,1
THEM4,7,0,0,0.894404936440115,NA,NA,NA,1
MAN1A2,15,0,0,0.894451293306271,NA,NA,NA,1
EXOC6,2,0,0,0.894464331311615,NA,NA,NA,1
C1GALT1C1,16,0,0,0.894508331781051,NA,NA,NA,1
BMS1,5,0,0,0.894564988936154,NA,NA,NA,1
EPHB2,5,0,0,0.894564988936154,NA,NA,NA,1
P2RX5,3,0,0,0.894567529908341,NA,NA,NA,1
EPB41L4A,3,0,0,0.894669662843669,NA,NA,NA,1
IP6K1,5,0,0,0.894669662843669,NA,NA,NA,1
KCTD20,11,0,0,0.894669662843669,NA,NA,NA,1
PRDX1,5,0,0,0.894669662843669,NA,NA,NA,1
THAP3,2,0,0,0.894669662843669,NA,NA,NA,1
TMEM164,2,0,0,0.894669662843669,NA,NA,NA,1
USP37,6,0,0,0.894713780295337,NA,NA,NA,1
KLC1,4,0,0,0.894724510348714,NA,NA,NA,1
CEBPD,4,0,0,0.895190041649552,NA,NA,NA,1
MIA3,18,0,0,0.895190041649552,NA,NA,NA,1
NUDT15,3,0,0,0.895190041649552,NA,NA,NA,1
PRKCH,2,0,0,0.895190041649552,NA,NA,NA,1
RBM7,12,0,0,0.895190041649552,NA,NA,NA,1
REEP3,16,0,0,0.895190041649552,NA,NA,NA,1
VBP1,7,0,0,0.895190041649552,NA,NA,NA,1
GNS,8,0,0,0.895269020349467,NA,NA,NA,1
EPC1,7,0,0,0.895298217634966,NA,NA,NA,1
PROSER1,7,0,0,0.895610744146001,NA,NA,NA,1
ADPRM,5,0,0,0.895724143265496,NA,NA,NA,1
AK1,4,0,0,0.895724143265496,NA,NA,NA,1
ANO10,6,0,0,0.895724143265496,NA,NA,NA,1
ARCN1,7,0,0,0.895724143265496,NA,NA,NA,1
BCL2L1,2,0,0,0.895724143265496,NA,NA,NA,1
CBARP,2,0,0,0.895724143265496,NA,NA,NA,1
CCT4,7,0,0,0.895724143265496,NA,NA,NA,1
CENPM,8,0,0,0.895724143265496,NA,NA,NA,1
ELMOD2,7,0,0,0.895724143265496,NA,NA,NA,1
HEATR6,2,0,0,0.895724143265496,NA,NA,NA,1
HOMEZ,13,0,0,0.895724143265496,NA,NA,NA,1
HOXA3,5,0,0,0.895724143265496,NA,NA,NA,1
IMPA1,15,0,0,0.895724143265496,NA,NA,NA,1
ITGB5,4,0,0,0.895724143265496,NA,NA,NA,1
KCTD17,3,0,0,0.895724143265496,NA,NA,NA,1
LMAN2L,4,0,0,0.895724143265496,NA,NA,NA,1
NRL,5,0,0,0.895724143265496,NA,NA,NA,1
PI4K2B,16,0,0,0.895724143265496,NA,NA,NA,1
PLP2,3,0,0,0.895724143265496,NA,NA,NA,1
PRMT2,6,0,0,0.895724143265496,NA,NA,NA,1
SAR1A,18,0,0,0.895724143265496,NA,NA,NA,1
SBF2,6,0,0,0.895724143265496,NA,NA,NA,1
SELENOW,2,0,0,0.895724143265496,NA,NA,NA,1
SIN3A,9,0,0,0.895724143265496,NA,NA,NA,1
SIRT3,7,0,0,0.895724143265496,NA,NA,NA,1
SOX12,4,0,0,0.895724143265496,NA,NA,NA,1
TANC2,10,0,0,0.895724143265496,NA,NA,NA,1
THOC5,7,0,0,0.895724143265496,NA,NA,NA,1
TRIML2,2,0,0,0.895724143265496,NA,NA,NA,1
TTI1,2,0,0,0.895724143265496,NA,NA,NA,1
WDR6,4,0,0,0.895724143265496,NA,NA,NA,1
ZBTB42,5,0,0,0.895724143265496,NA,NA,NA,1
ZCCHC3,2,0,0,0.895724143265496,NA,NA,NA,1
ZNF70,6,0,0,0.895724143265496,NA,NA,NA,1
ZNF84,3,0,0,0.895724143265496,NA,NA,NA,1
TYW3,7,0,0,0.896099657055804,NA,NA,NA,1
SLC41A2,17,0,0,0.896258908095303,NA,NA,NA,1
ZSWIM7,6,0,0,0.896362360079268,NA,NA,NA,1
DPP8,10,0,0,0.896403245572993,NA,NA,NA,1
PPM1L,10,0,0,0.896403245572993,NA,NA,NA,1
BAZ1B,5,0,0,0.896574669622579,NA,NA,NA,1
CHAF1A,6,0,0,0.896574669622579,NA,NA,NA,1
DGCR6L,3,0,0,0.896574669622579,NA,NA,NA,1
GGA2,16,0,0,0.896574669622579,NA,NA,NA,1
NADK,2,0,0,0.896574669622579,NA,NA,NA,1
PI4KB,4,0,0,0.896574669622579,NA,NA,NA,1
ZNF284,6,0,0,0.896574669622579,NA,NA,NA,1
NPHP4,5,0,0,0.896758302144302,NA,NA,NA,1
RABAC1,2,0,0,0.896776112167244,NA,NA,NA,1
CAP1,7,0,0,0.896978792297467,NA,NA,NA,1
TMED1,3,0,0,0.896978792297467,NA,NA,NA,1
ALAD,3,0,0,0.897061089988058,NA,NA,NA,1
CELF1,10,0,0,0.897061089988058,NA,NA,NA,1
DYNLL1,9,0,0,0.897061089988058,NA,NA,NA,1
FYTTD1,22,0,0,0.897061089988058,NA,NA,NA,1
GALNT10,7,0,0,0.897061089988058,NA,NA,NA,1
HIST2H2AC,3,0,0,0.897061089988058,NA,NA,NA,1
JOSD1,7,0,0,0.897061089988058,NA,NA,NA,1
KIAA0513,9,0,0,0.897061089988058,NA,NA,NA,1
MCFD2,7,0,0,0.897061089988058,NA,NA,NA,1
MED16,3,0,0,0.897061089988058,NA,NA,NA,1
MRPS18C,11,0,0,0.897061089988058,NA,NA,NA,1
NR4A2,2,0,0,0.897061089988058,NA,NA,NA,1
PAPD4,9,0,0,0.897061089988058,NA,NA,NA,1
PPP4C,2,0,0,0.897061089988058,NA,NA,NA,1
PTRH1,5,0,0,0.897061089988058,NA,NA,NA,1
RRP12,2,0,0,0.897061089988058,NA,NA,NA,1
SDC1,5,0,0,0.897061089988058,NA,NA,NA,1
SH3BP4,8,0,0,0.897061089988058,NA,NA,NA,1
SLC25A44,3,0,0,0.897061089988058,NA,NA,NA,1
SLC39A1,4,0,0,0.897061089988058,NA,NA,NA,1
TSHZ1,6,0,0,0.897061089988058,NA,NA,NA,1
XK,2,0,0,0.897061089988058,NA,NA,NA,1
ZNF286A,2,0,0,0.897061089988058,NA,NA,NA,1
RHPN1,2,0,0,0.897572583680848,NA,NA,NA,1
SNX29,5,0,0,0.897572583680848,NA,NA,NA,1
PIEZO1,2,0,0,0.897648881106202,NA,NA,NA,1
ICMT,12,0,0,0.897729907715859,NA,NA,NA,1
PSD3,7,0,0,0.897729907715859,NA,NA,NA,1
RNF223,2,0,0,0.897729907715859,NA,NA,NA,1
PTPN11,10,0,0,0.897811788308706,NA,NA,NA,1
SESN1,3,0,0,0.897811788308706,NA,NA,NA,1
TMCO6,5,0,0,0.897811788308706,NA,NA,NA,1
ZNF787,2,0,0,0.897811788308706,NA,NA,NA,1
ZSWIM6,4,0,0,0.897811788308706,NA,NA,NA,1
CDCA3,5,0,0,0.897988232712725,NA,NA,NA,1
SOCS4,13,0,0,0.89807743617834,NA,NA,NA,1
H2AFY,6,0,0,0.898118953809238,NA,NA,NA,1
MNAT1,4,0,0,0.898118953809238,NA,NA,NA,1
NDUFAF2,3,0,0,0.898118953809238,NA,NA,NA,1
UCHL3,6,0,0,0.898118953809238,NA,NA,NA,1
FAAP20,3,0,0,0.898448616177543,NA,NA,NA,1
MCEE,5,0,0,0.898470023749607,NA,NA,NA,1
RRM1,7,0,0,0.899099203565197,NA,NA,NA,1
CIITA,4,0,0,0.899333494785236,NA,NA,NA,1
GMFB,12,0,0,0.899805005318775,NA,NA,NA,1
DNAJB1,5,0,0,0.900183920419415,NA,NA,NA,1
ATG2B,4,0,0,0.900306884873635,NA,NA,NA,1
PM20D2,9,0,0,0.900306884873635,NA,NA,NA,1
FHIT,2,0,0,0.900416771374411,NA,NA,NA,1
TBCA,3,0,0,0.900416771374411,NA,NA,NA,1
AP5B1,4,0,0,0.900648923673182,NA,NA,NA,1
KIF16B,2,0,0,0.900648923673182,NA,NA,NA,1
SFRP1,6,0,0,0.900648923673182,NA,NA,NA,1
ABCG1,7,0,0,0.900710180310325,NA,NA,NA,1
AKAP9,7,0,0,0.901065208564731,NA,NA,NA,1
MTX2,4,0,0,0.901065208564731,NA,NA,NA,1
RB1,3,0,0,0.901065208564731,NA,NA,NA,1
ZNF185,3,0,0,0.901065208564731,NA,NA,NA,1
IFITM1,2,0,0,0.901067734678931,NA,NA,NA,1
TNPO2,5,0,0,0.901067734678931,NA,NA,NA,1
DPF2,7,0,0,0.901146325364687,NA,NA,NA,1
GPR153,3,0,0,0.901146325364687,NA,NA,NA,1
WDR34,7,0,0,0.901289585652469,NA,NA,NA,1
KIF20A,7,0,0,0.901390628243241,NA,NA,NA,1
LOC101928120,5,0,0,0.901390628243241,NA,NA,NA,1
PIM3,3,0,0,0.901416824041113,NA,NA,NA,1
KLRG1,3,0,0,0.901460051939922,NA,NA,NA,1
HTRA2,5,0,0,0.901795483878048,NA,NA,NA,1
AMMECR1L,7,0,0,0.901929909636538,NA,NA,NA,1
SEC31A,9,0,0,0.901929909636538,NA,NA,NA,1
TSTD2,2,0,0,0.901929909636538,NA,NA,NA,1
NSMF,5,0,0,0.902011859432144,NA,NA,NA,1
ZFYVE27,2,0,0,0.902170073765446,NA,NA,NA,1
HDHD5,2,0,0,0.902243773471887,NA,NA,NA,1
CCS,7,0,0,0.902256661774521,NA,NA,NA,1
ZDHHC14,4,0,0,0.902256661774521,NA,NA,NA,1
ARL16,8,0,0,0.902408046947508,NA,NA,NA,1
HES1,4,0,0,0.902408046947508,NA,NA,NA,1
IFRD2,4,0,0,0.902408046947508,NA,NA,NA,1
PRICKLE2,4,0,0,0.902408046947508,NA,NA,NA,1
SCNN1A,4,0,0,0.902408046947508,NA,NA,NA,1
SNRPF,6,0,0,0.902408046947508,NA,NA,NA,1
UBFD1,5,0,0,0.902408046947508,NA,NA,NA,1
ZSCAN9,3,0,0,0.902408046947508,NA,NA,NA,1
ZNF280C,5,0,0,0.90257286026778,NA,NA,NA,1
AHSA2,5,0,0,0.902632815513233,NA,NA,NA,1
DCLRE1B,7,0,0,0.902632815513233,NA,NA,NA,1
IGDCC4,4,0,0,0.902632815513233,NA,NA,NA,1
LTN1,6,0,0,0.902759307425037,NA,NA,NA,1
RSC1A1,5,0,0,0.902759307425037,NA,NA,NA,1
SLC25A3,9,0,0,0.902759307425037,NA,NA,NA,1
CDK2AP1,11,0,0,0.902759325632443,NA,NA,NA,1
NAA16,2,0,0,0.902759325632443,NA,NA,NA,1
PRELID2,5,0,0,0.902894889132477,NA,NA,NA,1
PSMA6,4,0,0,0.902896699033033,NA,NA,NA,1
TMEM117,3,0,0,0.903088776146584,NA,NA,NA,1
ZNF555,8,0,0,0.903306778309272,NA,NA,NA,1
CLCA2,6,0,0,0.903374515661659,NA,NA,NA,1
HAUS2,7,0,0,0.903374515661659,NA,NA,NA,1
VPS28,2,0,0,0.903374515661659,NA,NA,NA,1
ACLY,4,0,0,0.903424488536427,NA,NA,NA,1
FOXC1,6,0,0,0.903424488536427,NA,NA,NA,1
HERC1,2,0,0,0.903424488536427,NA,NA,NA,1
MEGF9,5,0,0,0.903424488536427,NA,NA,NA,1
SLX4IP,2,0,0,0.903424488536427,NA,NA,NA,1
SNX25,13,0,0,0.903424488536427,NA,NA,NA,1
TAF11,8,0,0,0.903424488536427,NA,NA,NA,1
TMEM170A,10,0,0,0.903424488536427,NA,NA,NA,1
TMEM99,2,0,0,0.903424488536427,NA,NA,NA,1
AGAP3,3,0,0,0.903698764036487,NA,NA,NA,1
AP2A1,2,0,0,0.903698764036487,NA,NA,NA,1
CHIC1,7,0,0,0.903698764036487,NA,NA,NA,1
ENDOV,7,0,0,0.903698764036487,NA,NA,NA,1
GGPS1,10,0,0,0.903698764036487,NA,NA,NA,1
PDCD11,8,0,0,0.903698764036487,NA,NA,NA,1
ARID4A,8,0,0,0.903804555655969,NA,NA,NA,1
MANSC1,5,0,0,0.903804555655969,NA,NA,NA,1
NEO1,5,0,0,0.903804555655969,NA,NA,NA,1
PRKAA2,8,0,0,0.903804555655969,NA,NA,NA,1
PTPRA,9,0,0,0.903804555655969,NA,NA,NA,1
RTFDC1,9,0,0,0.903804555655969,NA,NA,NA,1
SARM1,6,0,0,0.903804555655969,NA,NA,NA,1
SPATA5L1,3,0,0,0.903804555655969,NA,NA,NA,1
TSLP,2,0,0,0.903804555655969,NA,NA,NA,1
ZNF518B,4,0,0,0.903804555655969,NA,NA,NA,1
ZNF714,3,0,0,0.903804555655969,NA,NA,NA,1
CDK4,11,0,0,0.904130619471406,NA,NA,NA,1
CORO2A,6,0,0,0.904130619471406,NA,NA,NA,1
TMEM8A,4,0,0,0.904130619471406,NA,NA,NA,1
ZNF791,12,0,0,0.904130619471406,NA,NA,NA,1
FARSA,3,0,0,0.904394059712941,NA,NA,NA,1
LAD1,9,0,0,0.904394059712941,NA,NA,NA,1
SKIL,9,0,0,0.904394059712941,NA,NA,NA,1
SSRP1,2,0,0,0.904394059712941,NA,NA,NA,1
NKPD1,7,0,0,0.904539938680753,NA,NA,NA,1
AHNAK2,4,0,0,0.904631820706879,NA,NA,NA,1
ATP5A1,7,0,0,0.904827956762342,NA,NA,NA,1
ABHD17B,3,0,0,0.904946583178589,NA,NA,NA,1
DDX60L,2,0,0,0.904946583178589,NA,NA,NA,1
DFFB,2,0,0,0.904946583178589,NA,NA,NA,1
GTF3C3,14,0,0,0.904946583178589,NA,NA,NA,1
KIAA1143,5,0,0,0.904946583178589,NA,NA,NA,1
MED19,4,0,0,0.904946583178589,NA,NA,NA,1
NAAA,2,0,0,0.904946583178589,NA,NA,NA,1
PTK2B,2,0,0,0.904946583178589,NA,NA,NA,1
SLC17A5,4,0,0,0.904946583178589,NA,NA,NA,1
SMOX,2,0,0,0.904946583178589,NA,NA,NA,1
CCDC127,6,0,0,0.905039648700368,NA,NA,NA,1
NSA2,17,0,0,0.905039648700368,NA,NA,NA,1
CCDC103,4,0,0,0.90516043050722,NA,NA,NA,1
CHD4,4,0,0,0.90516043050722,NA,NA,NA,1
IPMK,11,0,0,0.90516043050722,NA,NA,NA,1
KCNRG,2,0,0,0.90516043050722,NA,NA,NA,1
PRR5L,5,0,0,0.90516043050722,NA,NA,NA,1
SLC22A23,5,0,0,0.90516043050722,NA,NA,NA,1
TMEM218,9,0,0,0.90516043050722,NA,NA,NA,1
ZCCHC8,7,0,0,0.90516043050722,NA,NA,NA,1
SIX4,4,0,0,0.905501495202109,NA,NA,NA,1
ASPHD2,3,0,0,0.90567411048387,NA,NA,NA,1
ELAVL1,10,0,0,0.90567411048387,NA,NA,NA,1
RPL9,11,0,0,0.90574599722038,NA,NA,NA,1
CREB5,6,0,0,0.90576740672925,NA,NA,NA,1
GPHN,2,0,0,0.905837487647363,NA,NA,NA,1
PPP1R12C,3,0,0,0.905837487647363,NA,NA,NA,1
RUFY1,4,0,0,0.905837487647363,NA,NA,NA,1
UPF3B,6,0,0,0.905837487647363,NA,NA,NA,1
MRPS23,11,0,0,0.90584306269374,NA,NA,NA,1
PRDM5,3,0,0,0.90596682620753,NA,NA,NA,1
A2ML1,2,0,0,0.906220507201533,NA,NA,NA,1
UBE2T,4,0,0,0.906220507201533,NA,NA,NA,1
FMNL2,4,0,0,0.906327546333126,NA,NA,NA,1
PCSK7,2,0,0,0.906379575765955,NA,NA,NA,1
TIMM29,5,0,0,0.906379575765955,NA,NA,NA,1
ARL4A,10,0,0,0.906590283831246,NA,NA,NA,1
SLC35B2,3,0,0,0.906679349184265,NA,NA,NA,1
MGEA5,8,0,0,0.906788802105692,NA,NA,NA,1
NUDT21,6,0,0,0.906788802105692,NA,NA,NA,1
C10orf90,3,0,0,0.906938545301685,NA,NA,NA,1
MAP3K21,8,0,0,0.906938545301685,NA,NA,NA,1
PIM2,2,0,0,0.906938545301685,NA,NA,NA,1
PTPRM,3,0,0,0.906938545301685,NA,NA,NA,1
SPATA24,2,0,0,0.906938545301685,NA,NA,NA,1
TNFSF4,3,0,0,0.906938545301685,NA,NA,NA,1
B4GALT4,6,0,0,0.906968313628942,NA,NA,NA,1
FKBP10,3,0,0,0.906968313628942,NA,NA,NA,1
HIVEP2,6,0,0,0.907051351229114,NA,NA,NA,1
CBR4,4,0,0,0.907068773572573,NA,NA,NA,1
GATD1,12,0,0,0.907183661092435,NA,NA,NA,1
ANXA5,6,0,0,0.907319440763511,NA,NA,NA,1
CASP8AP2,2,0,0,0.907319440763511,NA,NA,NA,1
CEP126,3,0,0,0.907319440763511,NA,NA,NA,1
NCK1,14,0,0,0.907319440763511,NA,NA,NA,1
NDUFB2,2,0,0,0.907319440763511,NA,NA,NA,1
ZNF214,5,0,0,0.907319440763511,NA,NA,NA,1
LSG1,7,0,0,0.907378095575561,NA,NA,NA,1
MAP9,12,0,0,0.907378095575561,NA,NA,NA,1
POLA1,3,0,0,0.907378095575561,NA,NA,NA,1
CPPED1,10,0,0,0.907714093180512,NA,NA,NA,1
PHLPP1,5,0,0,0.90775903369075,NA,NA,NA,1
RBM14-RBM4,14,0,0,0.90775903369075,NA,NA,NA,1
SUMO3,14,0,0,0.90775903369075,NA,NA,NA,1
XPNPEP1,2,0,0,0.90775903369075,NA,NA,NA,1
ZNF618,5,0,0,0.90775903369075,NA,NA,NA,1
LDAH,9,0,0,0.907772287333072,NA,NA,NA,1
BRK1,8,0,0,0.907915404897023,NA,NA,NA,1
CTNNAL1,2,0,0,0.907915404897023,NA,NA,NA,1
ETAA1,7,0,0,0.907915404897023,NA,NA,NA,1
VPS36,16,0,0,0.907915404897023,NA,NA,NA,1
PRKCA,9,0,0,0.90797790449975,NA,NA,NA,1
ELP6,6,0,0,0.908069956484831,NA,NA,NA,1
HDX,2,0,0,0.908069956484831,NA,NA,NA,1
SLC25A26,9,0,0,0.908069956484831,NA,NA,NA,1
RPL7L1,8,0,0,0.908597808795845,NA,NA,NA,1
ANKMY1,5,0,0,0.909296691675811,NA,NA,NA,1
C3orf38,11,0,0,0.909333782706469,NA,NA,NA,1
SNX17,8,0,0,0.909333782706469,NA,NA,NA,1
NRGN,7,0,0,0.909694667060767,NA,NA,NA,1
CTDP1,2,0,0,0.909853055818999,NA,NA,NA,1
SRSF11,8,0,0,0.909853055818999,NA,NA,NA,1
TFAP4,2,0,0,0.909853055818999,NA,NA,NA,1
ARF6,4,0,0,0.910101360029192,NA,NA,NA,1
CCDC43,7,0,0,0.910101360029192,NA,NA,NA,1
NFAT5,10,0,0,0.910101360029192,NA,NA,NA,1
PRIMPOL,3,0,0,0.910101360029192,NA,NA,NA,1
MYO5C,2,0,0,0.910148451498509,NA,NA,NA,1
C16orf46,3,0,0,0.91038371236614,NA,NA,NA,1
EVPL,4,0,0,0.91038371236614,NA,NA,NA,1
NCOA5,4,0,0,0.91038371236614,NA,NA,NA,1
RNF123,2,0,0,0.91038371236614,NA,NA,NA,1
SHC1,12,0,0,0.91038371236614,NA,NA,NA,1
TRMO,8,0,0,0.91038371236614,NA,NA,NA,1
ABCA12,2,0,0,0.91041025533432,NA,NA,NA,1
PPP1R26,4,0,0,0.91041025533432,NA,NA,NA,1
SGSM3,2,0,0,0.91041025533432,NA,NA,NA,1
TP53I3,2,0,0,0.91041025533432,NA,NA,NA,1
ZFP64,9,0,0,0.91041025533432,NA,NA,NA,1
RPL31,13,0,0,0.910509034616162,NA,NA,NA,1
TSPAN9,5,0,0,0.910509034616162,NA,NA,NA,1
MAFG,5,0,0,0.910523749407395,NA,NA,NA,1
C5orf51,6,0,0,0.910554768692917,NA,NA,NA,1
RNASET2,7,0,0,0.910554768692917,NA,NA,NA,1
SIK3,4,0,0,0.910554768692917,NA,NA,NA,1
BTBD10,6,0,0,0.910668746359655,NA,NA,NA,1
KCNK15,5,0,0,0.910679578621044,NA,NA,NA,1
MLKL,2,0,0,0.910679578621044,NA,NA,NA,1
PPP1R37,2,0,0,0.910679578621044,NA,NA,NA,1
CSGALNACT2,4,0,0,0.910820928613466,NA,NA,NA,1
TPRKB,10,0,0,0.910982335763047,NA,NA,NA,1
DDX52,2,0,0,0.911122549637633,NA,NA,NA,1
MMAA,5,0,0,0.911122549637633,NA,NA,NA,1
SPATA6,7,0,0,0.911122549637633,NA,NA,NA,1
COTL1,3,0,0,0.91135402325447,NA,NA,NA,1
DFFA,26,0,0,0.91135402325447,NA,NA,NA,1
FAM49A,7,0,0,0.91135402325447,NA,NA,NA,1
GSS,3,0,0,0.91135402325447,NA,NA,NA,1
HSD17B4,3,0,0,0.91135402325447,NA,NA,NA,1
MEF2D,7,0,0,0.91135402325447,NA,NA,NA,1
MTRNR2L1,5,0,0,0.91135402325447,NA,NA,NA,1
PANK1,5,0,0,0.91135402325447,NA,NA,NA,1
PHACTR4,7,0,0,0.91135402325447,NA,NA,NA,1
PTK2,8,0,0,0.91135402325447,NA,NA,NA,1
SNX10,4,0,0,0.91135402325447,NA,NA,NA,1
TBX3,9,0,0,0.91135402325447,NA,NA,NA,1
TRDMT1,17,0,0,0.91135402325447,NA,NA,NA,1
TROVE2,3,0,0,0.91135402325447,NA,NA,NA,1
UNC50,4,0,0,0.91135402325447,NA,NA,NA,1
USP14,14,0,0,0.91135402325447,NA,NA,NA,1
ZNF114,3,0,0,0.91135402325447,NA,NA,NA,1
ZNF646,2,0,0,0.91135402325447,NA,NA,NA,1
DMTF1,7,0,0,0.911517883400208,NA,NA,NA,1
MAP2K1,3,0,0,0.911521532534985,NA,NA,NA,1
TMEM198,3,0,0,0.911521532534985,NA,NA,NA,1
SGO2,5,0,0,0.911605375297859,NA,NA,NA,1
XYLB,4,0,0,0.911605375297859,NA,NA,NA,1
HIST1H4D,2,0,0,0.912166317804781,NA,NA,NA,1
PRDM12,2,0,0,0.912183720819364,NA,NA,NA,1
ALG12,6,0,0,0.912246960106788,NA,NA,NA,1
CFL1,8,0,0,0.912246960106788,NA,NA,NA,1
SPTBN2,4,0,0,0.912246960106788,NA,NA,NA,1
CHCHD2,4,0,0,0.912395184240096,NA,NA,NA,1
IDH2,4,0,0,0.912801383825137,NA,NA,NA,1
PLEK2,8,0,0,0.912801383825137,NA,NA,NA,1
REEP2,2,0,0,0.912801383825137,NA,NA,NA,1
LRRC8D,2,0,0,0.912832314939969,NA,NA,NA,1
CTDSP1,4,0,0,0.913171218786281,NA,NA,NA,1
ADM2,2,0,0,0.913560433050568,NA,NA,NA,1
ANKRD49,7,0,0,0.913560433050568,NA,NA,NA,1
AP2B1,6,0,0,0.913560433050568,NA,NA,NA,1
B4GALNT1,3,0,0,0.913560433050568,NA,NA,NA,1
CDC42SE2,8,0,0,0.913560433050568,NA,NA,NA,1
CMAS,5,0,0,0.913560433050568,NA,NA,NA,1
COX18,5,0,0,0.913560433050568,NA,NA,NA,1
CRAT,2,0,0,0.913560433050568,NA,NA,NA,1
DNAJC7,6,0,0,0.913560433050568,NA,NA,NA,1
ECE1,4,0,0,0.913560433050568,NA,NA,NA,1
F3,8,0,0,0.913560433050568,NA,NA,NA,1
GPS1,3,0,0,0.913560433050568,NA,NA,NA,1
HERC4,6,0,0,0.913560433050568,NA,NA,NA,1
HPS1,2,0,0,0.913560433050568,NA,NA,NA,1
IFT80,7,0,0,0.913560433050568,NA,NA,NA,1
ITPR2,13,0,0,0.913560433050568,NA,NA,NA,1
KLHL36,11,0,0,0.913560433050568,NA,NA,NA,1
LRRCC1,6,0,0,0.913560433050568,NA,NA,NA,1
MIGA1,9,0,0,0.913560433050568,NA,NA,NA,1
MRPL21,2,0,0,0.913560433050568,NA,NA,NA,1
NDUFAF3,16,0,0,0.913560433050568,NA,NA,NA,1
NUP50,7,0,0,0.913560433050568,NA,NA,NA,1
OSGEP,2,0,0,0.913560433050568,NA,NA,NA,1
PDRG1,2,0,0,0.913560433050568,NA,NA,NA,1
PPM1A,17,0,0,0.913560433050568,NA,NA,NA,1
PPP1R12A,10,0,0,0.913560433050568,NA,NA,NA,1
PPP1R7,5,0,0,0.913560433050568,NA,NA,NA,1
RAB13,5,0,0,0.913560433050568,NA,NA,NA,1
RNF25,3,0,0,0.913560433050568,NA,NA,NA,1
SPTLC1,12,0,0,0.913560433050568,NA,NA,NA,1
SQSTM1,11,0,0,0.913560433050568,NA,NA,NA,1
STAC,4,0,0,0.913560433050568,NA,NA,NA,1
STAU2,7,0,0,0.913560433050568,NA,NA,NA,1
SYK,4,0,0,0.913560433050568,NA,NA,NA,1
TMEM209,7,0,0,0.913560433050568,NA,NA,NA,1
WDR26,13,0,0,0.913560433050568,NA,NA,NA,1
YAF2,14,0,0,0.913560433050568,NA,NA,NA,1
YEATS4,4,0,0,0.913560433050568,NA,NA,NA,1
ZNF426,5,0,0,0.913560433050568,NA,NA,NA,1
ZNF506,14,0,0,0.913560433050568,NA,NA,NA,1
FAM133B,8,0,0,0.913597191144292,NA,NA,NA,1
KIF4A,4,0,0,0.913597191144292,NA,NA,NA,1
PKN3,3,0,0,0.913597191144292,NA,NA,NA,1
GAREM1,4,0,0,0.913654535928693,NA,NA,NA,1
HYI,3,0,0,0.913654535928693,NA,NA,NA,1
SPECC1,6,0,0,0.913654535928693,NA,NA,NA,1
ZNF496,8,0,0,0.913654535928693,NA,NA,NA,1
DMRTA1,3,0,0,0.913933557401362,NA,NA,NA,1
HEATR5A,7,0,0,0.913933557401362,NA,NA,NA,1
MRPS21,7,0,0,0.913933557401362,NA,NA,NA,1
MTR,5,0,0,0.913933557401362,NA,NA,NA,1
NUP153,9,0,0,0.913933557401362,NA,NA,NA,1
POMK,16,0,0,0.913933557401362,NA,NA,NA,1
SPG21,14,0,0,0.913933557401362,NA,NA,NA,1
TRMT6,8,0,0,0.913933557401362,NA,NA,NA,1
CDR2,2,0,0,0.91406941879853,NA,NA,NA,1
DUSP10,7,0,0,0.91406941879853,NA,NA,NA,1
NPRL3,8,0,0,0.91406941879853,NA,NA,NA,1
SCPEP1,3,0,0,0.91406941879853,NA,NA,NA,1
SLC37A1,3,0,0,0.91406941879853,NA,NA,NA,1
WDTC1,10,0,0,0.91406941879853,NA,NA,NA,1
CDV3,5,0,0,0.914242823271388,NA,NA,NA,1
DALRD3,3,0,0,0.914242823271388,NA,NA,NA,1
FAM229B,6,0,0,0.914242823271388,NA,NA,NA,1
MRPS15,4,0,0,0.914268635997994,NA,NA,NA,1
PPIL1,7,0,0,0.914268635997994,NA,NA,NA,1
DONSON,9,0,0,0.914500383369717,NA,NA,NA,1
C22orf46,2,0,0,0.914591725734054,NA,NA,NA,1
RFWD2,3,0,0,0.914591725734054,NA,NA,NA,1
CTBP1,5,0,0,0.914662394331354,NA,NA,NA,1
FBXL5,8,0,0,0.914662394331354,NA,NA,NA,1
SBF1,8,0,0,0.914662394331354,NA,NA,NA,1
TFPI,16,0,0,0.914662394331354,NA,NA,NA,1
TIMM10,6,0,0,0.914662394331354,NA,NA,NA,1
USP1,10,0,0,0.914662394331354,NA,NA,NA,1
GXYLT2,7,0,0,0.914693816658655,NA,NA,NA,1
CCDC117,9,0,0,0.914716959161198,NA,NA,NA,1
LSM11,8,0,0,0.914716959161198,NA,NA,NA,1
PSMC2,6,0,0,0.914716959161198,NA,NA,NA,1
ROBO1,6,0,0,0.914716959161198,NA,NA,NA,1
RPUSD2,4,0,0,0.914716959161198,NA,NA,NA,1
CSNK1G2,5,0,0,0.914730721153484,NA,NA,NA,1
ADCK2,3,0,0,0.914886754497376,NA,NA,NA,1
ARHGEF40,4,0,0,0.914903481166422,NA,NA,NA,1
PRCP,14,0,0,0.914903481166422,NA,NA,NA,1
PDE4B,5,0,0,0.915198552433019,NA,NA,NA,1
SLC2A5,3,0,0,0.915198552433019,NA,NA,NA,1
ISY1,2,0,0,0.91551368661922,NA,NA,NA,1
USP33,5,0,0,0.91551368661922,NA,NA,NA,1
PGBD1,5,0,0,0.915775515158518,NA,NA,NA,1
REXO4,7,0,0,0.91586393797928,NA,NA,NA,1
COMMD5,7,0,0,0.915866434755494,NA,NA,NA,1
HIRIP3,3,0,0,0.915866434755494,NA,NA,NA,1
ZNF587,16,0,0,0.916103302700342,NA,NA,NA,1
LRRC8B,7,0,0,0.916404877438819,NA,NA,NA,1
SIM2,8,0,0,0.916706676549271,NA,NA,NA,1
ALKBH3,8,0,0,0.916721294747553,NA,NA,NA,1
KLHDC7B,2,0,0,0.916721294747553,NA,NA,NA,1
TFIP11,3,0,0,0.916721294747553,NA,NA,NA,1
PUS7,6,0,0,0.916793436575439,NA,NA,NA,1
C14orf93,4,0,0,0.916980277600185,NA,NA,NA,1
RAB3A,4,0,0,0.917007119491758,NA,NA,NA,1
DSE,9,0,0,0.917132459235021,NA,NA,NA,1
FASTK,3,0,0,0.917132459235021,NA,NA,NA,1
FBXO45,8,0,0,0.917132459235021,NA,NA,NA,1
KLHL35,2,0,0,0.917132459235021,NA,NA,NA,1
RREB1,7,0,0,0.917132459235021,NA,NA,NA,1
TBPL1,5,0,0,0.917132459235021,NA,NA,NA,1
BBS5,3,0,0,0.917326327755223,NA,NA,NA,1
PAM,6,0,0,0.917402158517269,NA,NA,NA,1
PPP1R3E,8,0,0,0.917402158517269,NA,NA,NA,1
DBI,6,0,0,0.917541553172049,NA,NA,NA,1
POP4,6,0,0,0.917541553172049,NA,NA,NA,1
ZNF260,7,0,0,0.917541553172049,NA,NA,NA,1
ARHGEF19,2,0,0,0.918012857408841,NA,NA,NA,1
ATPAF1,5,0,0,0.918012857408841,NA,NA,NA,1
HADHB,5,0,0,0.918012857408841,NA,NA,NA,1
INHBA,9,0,0,0.918012857408841,NA,NA,NA,1
MCM10,11,0,0,0.918012857408841,NA,NA,NA,1
PCSK1,6,0,0,0.918012857408841,NA,NA,NA,1
STAT5A,2,0,0,0.918012857408841,NA,NA,NA,1
SWT1,6,0,0,0.918543680494516,NA,NA,NA,1
FRMD4B,9,0,0,0.918678017185922,NA,NA,NA,1
ANKRD52,8,0,0,0.918775119076452,NA,NA,NA,1
TEAD3,7,0,0,0.91885888897034,NA,NA,NA,1
DCUN1D3,11,0,0,0.918973129067454,NA,NA,NA,1
NAA20,12,0,0,0.918973129067454,NA,NA,NA,1
POP5,5,0,0,0.918973129067454,NA,NA,NA,1
ZNF227,3,0,0,0.918973129067454,NA,NA,NA,1
CACNB1,4,0,0,0.919068217515814,NA,NA,NA,1
ABCB7,10,0,0,0.919170703509184,NA,NA,NA,1
NOC4L,2,0,0,0.919170703509184,NA,NA,NA,1
ACSF2,4,0,0,0.919314000941223,NA,NA,NA,1
ACTG1,14,0,0,0.919324864827676,NA,NA,NA,1
MINOS1,2,0,0,0.919556712655291,NA,NA,NA,1
CHST10,2,0,0,0.919875965954445,NA,NA,NA,1
TUBGCP2,6,0,0,0.920087041303668,NA,NA,NA,1
SMAD9,8,0,0,0.9201708651229,NA,NA,NA,1
ANKRD13C,18,0,0,0.920291597080591,NA,NA,NA,1
ATP8B2,7,0,0,0.920291597080591,NA,NA,NA,1
FAAP100,4,0,0,0.920291597080591,NA,NA,NA,1
MYLIP,7,0,0,0.920291597080591,NA,NA,NA,1
MYLK,2,0,0,0.920291597080591,NA,NA,NA,1
NEMP1,7,0,0,0.920291597080591,NA,NA,NA,1
PAIP2B,4,0,0,0.920291597080591,NA,NA,NA,1
SMS,5,0,0,0.920291597080591,NA,NA,NA,1
CEP192,2,0,0,0.920453148083894,NA,NA,NA,1
PIAS4,2,0,0,0.920453148083894,NA,NA,NA,1
DDX42,6,0,0,0.920746097487215,NA,NA,NA,1
ZNF596,5,0,0,0.920746097487215,NA,NA,NA,1
ADCY7,6,0,0,0.921192565406467,NA,NA,NA,1
CAGE1,3,0,0,0.921192565406467,NA,NA,NA,1
CRYZL1,9,0,0,0.921192565406467,NA,NA,NA,1
ENDOG,2,0,0,0.921192565406467,NA,NA,NA,1
HAUS6,7,0,0,0.921192565406467,NA,NA,NA,1
MYO5B,5,0,0,0.921192565406467,NA,NA,NA,1
PTCH1,6,0,0,0.921192565406467,NA,NA,NA,1
RECK,2,0,0,0.921192565406467,NA,NA,NA,1
RNF125,2,0,0,0.921192565406467,NA,NA,NA,1
SAP30,4,0,0,0.921192565406467,NA,NA,NA,1
SEC23A,11,0,0,0.921192565406467,NA,NA,NA,1
SUPT6H,5,0,0,0.921192565406467,NA,NA,NA,1
TMEM8B,7,0,0,0.921192565406467,NA,NA,NA,1
TSG101,7,0,0,0.921192565406467,NA,NA,NA,1
ZFYVE16,12,0,0,0.921192565406467,NA,NA,NA,1
NVL,4,0,0,0.921195729106966,NA,NA,NA,1
QSER1,6,0,0,0.921217045327221,NA,NA,NA,1
ZNF621,8,0,0,0.921217045327221,NA,NA,NA,1
FCMR,11,0,0,0.921487391037003,NA,NA,NA,1
ZNF221,7,0,0,0.921487391037003,NA,NA,NA,1
FAM167A,2,0,0,0.921754489656739,NA,NA,NA,1
PRRG1,6,0,0,0.921804649522354,NA,NA,NA,1
DUSP6,4,0,0,0.92184728697943,NA,NA,NA,1
PAPD7,3,0,0,0.92184728697943,NA,NA,NA,1
RPL6,3,0,0,0.92184728697943,NA,NA,NA,1
USP34,8,0,0,0.92184728697943,NA,NA,NA,1
ZDHHC13,4,0,0,0.921860448469255,NA,NA,NA,1
BBOX1,2,0,0,0.921943658606909,NA,NA,NA,1
MRNIP,5,0,0,0.921943658606909,NA,NA,NA,1
PCGF6,3,0,0,0.921943658606909,NA,NA,NA,1
DDX51,7,0,0,0.921969159406184,NA,NA,NA,1
DSG2,7,0,0,0.921969159406184,NA,NA,NA,1
FLI1,2,0,0,0.921969159406184,NA,NA,NA,1
GPR1,2,0,0,0.921969159406184,NA,NA,NA,1
HTRA1,3,0,0,0.921969159406184,NA,NA,NA,1
IARS,5,0,0,0.921969159406184,NA,NA,NA,1
KCNS3,2,0,0,0.921969159406184,NA,NA,NA,1
KLF5,5,0,0,0.921969159406184,NA,NA,NA,1
LYPD5,5,0,0,0.921969159406184,NA,NA,NA,1
MED9,5,0,0,0.921969159406184,NA,NA,NA,1
MLST8,3,0,0,0.921969159406184,NA,NA,NA,1
MPHOSPH6,8,0,0,0.921969159406184,NA,NA,NA,1
NCAPD2,4,0,0,0.921969159406184,NA,NA,NA,1
NOL8,5,0,0,0.921969159406184,NA,NA,NA,1
PEX6,3,0,0,0.921969159406184,NA,NA,NA,1
PIP5K1C,3,0,0,0.921969159406184,NA,NA,NA,1
PQLC1,9,0,0,0.921969159406184,NA,NA,NA,1
PTTG1IP,11,0,0,0.921969159406184,NA,NA,NA,1
RIDA,3,0,0,0.921969159406184,NA,NA,NA,1
RPL30,3,0,0,0.921969159406184,NA,NA,NA,1
RPL37,14,0,0,0.921969159406184,NA,NA,NA,1
ZNF337,3,0,0,0.921969159406184,NA,NA,NA,1
INPP5E,3,0,0,0.922002398261722,NA,NA,NA,1
ZNF579,2,0,0,0.922097572851183,NA,NA,NA,1
FAM76A,4,0,0,0.922210993811504,NA,NA,NA,1
RFX7,9,0,0,0.922210993811504,NA,NA,NA,1
RSRC2,11,0,0,0.922210993811504,NA,NA,NA,1
ZNHIT2,3,0,0,0.922210993811504,NA,NA,NA,1
TBC1D5,8,0,0,0.922299407854259,NA,NA,NA,1
TLR5,3,0,0,0.922299407854259,NA,NA,NA,1
BRIP1,6,0,0,0.922302545347774,NA,NA,NA,1
LHFPL2,9,0,0,0.922302545347774,NA,NA,NA,1
TNIP1,6,0,0,0.922302545347774,NA,NA,NA,1
ZNF354A,2,0,0,0.922302545347774,NA,NA,NA,1
PTGES,2,0,0,0.922995961297414,NA,NA,NA,1
PITPNM3,3,0,0,0.923358034750904,NA,NA,NA,1
SLC25A27,5,0,0,0.923358034750904,NA,NA,NA,1
MAP3K8,2,0,0,0.92350143606131,NA,NA,NA,1
EIF4EBP1,4,0,0,0.923522162062117,NA,NA,NA,1
GNA12,8,0,0,0.923522162062117,NA,NA,NA,1
REXO1,2,0,0,0.923522162062117,NA,NA,NA,1
CHMP7,6,0,0,0.923690797956979,NA,NA,NA,1
APLF,5,0,0,0.923845551626902,NA,NA,NA,1
TRIM45,4,0,0,0.923845551626902,NA,NA,NA,1
UBR4,4,0,0,0.923845551626902,NA,NA,NA,1
ARG2,4,0,0,0.924267623634577,NA,NA,NA,1
CAB39,6,0,0,0.924267623634577,NA,NA,NA,1
DERL2,5,0,0,0.924267623634577,NA,NA,NA,1
FAAP24,3,0,0,0.924267623634577,NA,NA,NA,1
LAMA5,3,0,0,0.924267623634577,NA,NA,NA,1
ANK1,5,0,0,0.924285883994722,NA,NA,NA,1
EPM2A,3,0,0,0.924285883994722,NA,NA,NA,1
ZSCAN16,2,0,0,0.924285883994722,NA,NA,NA,1
ISCU,5,0,0,0.924301548683506,NA,NA,NA,1
TKFC,3,0,0,0.924301548683506,NA,NA,NA,1
TAGLN,3,0,0,0.924703232657089,NA,NA,NA,1
EIF4B,9,0,0,0.924713212347679,NA,NA,NA,1
BIRC3,4,0,0,0.92486161930357,NA,NA,NA,1
ZNF778,13,0,0,0.92486161930357,NA,NA,NA,1
HIST1H2BC,7,0,0,0.925381148847285,NA,NA,NA,1
SMC3,3,0,0,0.925381148847285,NA,NA,NA,1
ENSA,14,0,0,0.925799448624148,NA,NA,NA,1
PTBP2,8,0,0,0.925799448624148,NA,NA,NA,1
SPRED3,3,0,0,0.9258897587282,NA,NA,NA,1
STRAP,5,0,0,0.925904920728249,NA,NA,NA,1
CDAN1,5,0,0,0.925956174792713,NA,NA,NA,1
GRAMD2B,7,0,0,0.926144316347962,NA,NA,NA,1
KIAA0895L,5,0,0,0.926144316347962,NA,NA,NA,1
LAT,2,0,0,0.926144316347962,NA,NA,NA,1
PRNP,2,0,0,0.926144316347962,NA,NA,NA,1
STRIP1,6,0,0,0.926144316347962,NA,NA,NA,1
TMEM161B,6,0,0,0.926144316347962,NA,NA,NA,1
RSPH3,4,0,0,0.926190921023916,NA,NA,NA,1
BAZ2A,8,0,0,0.92641347103457,NA,NA,NA,1
FAM43A,4,0,0,0.926520801287651,NA,NA,NA,1
NUBPL,2,0,0,0.926520801287651,NA,NA,NA,1
IFITM3,5,0,0,0.926769231460854,NA,NA,NA,1
HK2,6,0,0,0.926795672420004,NA,NA,NA,1
ZNF653,2,0,0,0.92696462784541,NA,NA,NA,1
SH3TC1,2,0,0,0.927408192740227,NA,NA,NA,1
AC108488.2,3,0,0,0.927428205603641,NA,NA,NA,1
FAM109A,2,0,0,0.927428205603641,NA,NA,NA,1
SPCS1,9,0,0,0.927428205603641,NA,NA,NA,1
ZNF524,6,0,0,0.927428205603641,NA,NA,NA,1
DCAF8,6,0,0,0.92753366015463,NA,NA,NA,1
CHRNA9,5,0,0,0.927545287110187,NA,NA,NA,1
CMIP,6,0,0,0.927545287110187,NA,NA,NA,1
MED12L,5,0,0,0.927545287110187,NA,NA,NA,1
PAK1,5,0,0,0.927545287110187,NA,NA,NA,1
DHCR24,12,0,0,0.927558023363907,NA,NA,NA,1
ZBTB44,8,0,0,0.928101039847048,NA,NA,NA,1
PHTF2,4,0,0,0.928249713076028,NA,NA,NA,1
BET1L,6,0,0,0.928269094582018,NA,NA,NA,1
DNLZ,3,0,0,0.928269094582018,NA,NA,NA,1
BZW2,2,0,0,0.928416580174669,NA,NA,NA,1
SPHAR,10,0,0,0.928416580174669,NA,NA,NA,1
UGP2,5,0,0,0.928416580174669,NA,NA,NA,1
MAP7D3,2,0,0,0.9289491545063,NA,NA,NA,1
METTL7A,6,0,0,0.929110681425368,NA,NA,NA,1
RPL21,13,0,0,0.929110681425368,NA,NA,NA,1
SUMO1,5,0,0,0.929131394308735,NA,NA,NA,1
BIK,2,0,0,0.92942000787388,NA,NA,NA,1
NUP160,7,0,0,0.92942000787388,NA,NA,NA,1
AP1B1,4,0,0,0.929450540273959,NA,NA,NA,1
FLRT3,6,0,0,0.929470244981246,NA,NA,NA,1
LRRC6,5,0,0,0.929470244981246,NA,NA,NA,1
RPP30,6,0,0,0.929510901548404,NA,NA,NA,1
ACSF3,5,0,0,0.929764404327852,NA,NA,NA,1
TENM4,5,0,0,0.929764404327852,NA,NA,NA,1
METTL9,5,0,0,0.93005504793506,NA,NA,NA,1
DCAF6,3,0,0,0.930337634872521,NA,NA,NA,1
DDX56,4,0,0,0.930504687216571,NA,NA,NA,1
SLC6A14,3,0,0,0.930504687216571,NA,NA,NA,1
TSR2,9,0,0,0.930570219967463,NA,NA,NA,1
ASB8,6,0,0,0.93075191896147,NA,NA,NA,1
ATP1B3,10,0,0,0.93075191896147,NA,NA,NA,1
EHD3,6,0,0,0.93075191896147,NA,NA,NA,1
VAPB,12,0,0,0.93075191896147,NA,NA,NA,1
ZNF836,2,0,0,0.93075191896147,NA,NA,NA,1
ASB6,3,0,0,0.930817536328626,NA,NA,NA,1
ARL5B,11,0,0,0.930849755662674,NA,NA,NA,1
ATP11B,9,0,0,0.930849755662674,NA,NA,NA,1
C19orf47,8,0,0,0.930849755662674,NA,NA,NA,1
DDX19B,8,0,0,0.930849755662674,NA,NA,NA,1
DTNB,7,0,0,0.930849755662674,NA,NA,NA,1
GADD45GIP1,5,0,0,0.930849755662674,NA,NA,NA,1
GPC1,5,0,0,0.930849755662674,NA,NA,NA,1
KLF10,5,0,0,0.930849755662674,NA,NA,NA,1
LTV1,3,0,0,0.930849755662674,NA,NA,NA,1
POLH,12,0,0,0.930849755662674,NA,NA,NA,1
SH3BP2,5,0,0,0.930849755662674,NA,NA,NA,1
VEZT,12,0,0,0.930849755662674,NA,NA,NA,1
ZNF239,6,0,0,0.930849755662674,NA,NA,NA,1
PARG,4,0,0,0.930900314300134,NA,NA,NA,1
CNKSR3,8,0,0,0.931119004344874,NA,NA,NA,1
GORAB,3,0,0,0.931119004344874,NA,NA,NA,1
ZNRF3,5,0,0,0.931119004344874,NA,NA,NA,1
KIAA0930,7,0,0,0.931489419438933,NA,NA,NA,1
ZNF274,5,0,0,0.931489419438933,NA,NA,NA,1
HSPG2,3,0,0,0.931554438122819,NA,NA,NA,1
P4HTM,2,0,0,0.931763509443271,NA,NA,NA,1
CCDC189,3,0,0,0.931768142291825,NA,NA,NA,1
MED7,13,0,0,0.931768142291825,NA,NA,NA,1
AEBP2,14,0,0,0.932100633389302,NA,NA,NA,1
ALDH3A2,15,0,0,0.932100633389302,NA,NA,NA,1
ZNRF1,3,0,0,0.932100633389302,NA,NA,NA,1
TAB2,5,0,0,0.932199061065134,NA,NA,NA,1
C19orf53,4,0,0,0.932284151631282,NA,NA,NA,1
CCDC126,3,0,0,0.932284151631282,NA,NA,NA,1
CRLF1,3,0,0,0.932284151631282,NA,NA,NA,1
TRAF3,9,0,0,0.932284151631282,NA,NA,NA,1
GPR27,2,0,0,0.932458313335574,NA,NA,NA,1
MAST2,2,0,0,0.932458313335574,NA,NA,NA,1
GLOD4,10,0,0,0.932573190276456,NA,NA,NA,1
EIF3I,4,0,0,0.932666048379421,NA,NA,NA,1
UBE2G2,8,0,0,0.932791924336793,NA,NA,NA,1
USP43,2,0,0,0.932791924336793,NA,NA,NA,1
NMD3,7,0,0,0.933050177511058,NA,NA,NA,1
PPP1R9B,6,0,0,0.933050177511058,NA,NA,NA,1
FAM136A,9,0,0,0.933169770247538,NA,NA,NA,1
FAM212A,3,0,0,0.933568957940843,NA,NA,NA,1
ABTB1,3,0,0,0.933799328959978,NA,NA,NA,1
EHMT1,5,0,0,0.933799328959978,NA,NA,NA,1
EPHX2,2,0,0,0.933799328959978,NA,NA,NA,1
FAM83E,2,0,0,0.933799328959978,NA,NA,NA,1
OSBPL11,5,0,0,0.933799328959978,NA,NA,NA,1
SUCLG1,2,0,0,0.93385669765477,NA,NA,NA,1
UNKL,5,0,0,0.93385669765477,NA,NA,NA,1
DEDD2,4,0,0,0.933868882877744,NA,NA,NA,1
ALAS1,4,0,0,0.93411450874989,NA,NA,NA,1
ANAPC11,4,0,0,0.93411450874989,NA,NA,NA,1
C14orf119,6,0,0,0.93411450874989,NA,NA,NA,1
C21orf2,3,0,0,0.93411450874989,NA,NA,NA,1
CCND2,6,0,0,0.93411450874989,NA,NA,NA,1
CCT7,3,0,0,0.93411450874989,NA,NA,NA,1
CENPX,5,0,0,0.93411450874989,NA,NA,NA,1
CREB3L2,5,0,0,0.93411450874989,NA,NA,NA,1
DEF8,2,0,0,0.93411450874989,NA,NA,NA,1
ERCC1,3,0,0,0.93411450874989,NA,NA,NA,1
FAM3B,4,0,0,0.93411450874989,NA,NA,NA,1
FYCO1,5,0,0,0.93411450874989,NA,NA,NA,1
GPR75-ASB3,3,0,0,0.93411450874989,NA,NA,NA,1
HADH,6,0,0,0.93411450874989,NA,NA,NA,1
IFNAR2,7,0,0,0.93411450874989,NA,NA,NA,1
KBTBD6,2,0,0,0.93411450874989,NA,NA,NA,1
RNF150,4,0,0,0.93411450874989,NA,NA,NA,1
RNF166,4,0,0,0.93411450874989,NA,NA,NA,1
SCP2,8,0,0,0.93411450874989,NA,NA,NA,1
SLC1A1,3,0,0,0.93411450874989,NA,NA,NA,1
SLC25A22,2,0,0,0.93411450874989,NA,NA,NA,1
SYTL4,3,0,0,0.93411450874989,NA,NA,NA,1
MLPH,7,0,0,0.934299868921176,NA,NA,NA,1
BCL2,4,0,0,0.934410759843076,NA,NA,NA,1
CRAMP1,4,0,0,0.934410759843076,NA,NA,NA,1
GYS1,7,0,0,0.934410808541256,NA,NA,NA,1
MKL2,5,0,0,0.934416706091544,NA,NA,NA,1
MMS19,5,0,0,0.934641055112151,NA,NA,NA,1
FAM83F,3,0,0,0.934947558021879,NA,NA,NA,1
MVK,3,0,0,0.935170996660901,NA,NA,NA,1
POLR3G,7,0,0,0.935170996660901,NA,NA,NA,1
ZCWPW1,2,0,0,0.935208363654224,NA,NA,NA,1
ZNF250,9,0,0,0.935328081299856,NA,NA,NA,1
C15orf39,4,0,0,0.935657103249515,NA,NA,NA,1
SMAP1,8,0,0,0.935657103249515,NA,NA,NA,1
FBXO16,2,0,0,0.935687675647052,NA,NA,NA,1
CREBBP,8,0,0,0.93573374967834,NA,NA,NA,1
DHX57,4,0,0,0.93573374967834,NA,NA,NA,1
JMJD4,7,0,0,0.93573374967834,NA,NA,NA,1
AHI1,3,0,0,0.936091138256582,NA,NA,NA,1
XRCC3,8,0,0,0.936091138256582,NA,NA,NA,1
ZC3H18,4,0,0,0.936091138256582,NA,NA,NA,1
TAOK3,3,0,0,0.93609125920531,NA,NA,NA,1
GDE1,6,0,0,0.93631723911739,NA,NA,NA,1
RNF141,18,0,0,0.93631723911739,NA,NA,NA,1
MRPL10,4,0,0,0.936422022181833,NA,NA,NA,1
ZNF254,6,0,0,0.936422022181833,NA,NA,NA,1
ARF4,10,0,0,0.936593534595144,NA,NA,NA,1
FAM169A,6,0,0,0.936593534595144,NA,NA,NA,1
NABP2,2,0,0,0.936593534595144,NA,NA,NA,1
WWTR1,5,0,0,0.936593534595144,NA,NA,NA,1
FOXN2,7,0,0,0.936680052039627,NA,NA,NA,1
MESD,4,0,0,0.936733142601857,NA,NA,NA,1
TMBIM4,8,0,0,0.936817904271124,NA,NA,NA,1
RASSF6,2,0,0,0.936818862548766,NA,NA,NA,1
CLEC2B,3,0,0,0.936955219187539,NA,NA,NA,1
BAHCC1,6,0,0,0.937040598040204,NA,NA,NA,1
MAN1A1,4,0,0,0.937040598040204,NA,NA,NA,1
OVOL2,6,0,0,0.937040598040204,NA,NA,NA,1
PPM1H,2,0,0,0.937040598040204,NA,NA,NA,1
S1PR3,4,0,0,0.937040598040204,NA,NA,NA,1
TMEM59,8,0,0,0.937053750487387,NA,NA,NA,1
AMPD3,10,0,0,0.937116131632712,NA,NA,NA,1
R3HCC1L,3,0,0,0.937116131632712,NA,NA,NA,1
RTKN,7,0,0,0.937116131632712,NA,NA,NA,1
MAP3K5,3,0,0,0.937168565418427,NA,NA,NA,1
NELFB,2,0,0,0.937168565418427,NA,NA,NA,1
NIPSNAP3A,8,0,0,0.937168565418427,NA,NA,NA,1
BCLAF3,6,0,0,0.937499408560753,NA,NA,NA,1
EVI5,2,0,0,0.937499408560753,NA,NA,NA,1
PPP1R3B,7,0,0,0.937499408560753,NA,NA,NA,1
RNF24,15,0,0,0.937499408560753,NA,NA,NA,1
RNF44,6,0,0,0.937499408560753,NA,NA,NA,1
SLC39A10,4,0,0,0.937499408560753,NA,NA,NA,1
SMG1,9,0,0,0.937499408560753,NA,NA,NA,1
PLOD3,2,0,0,0.937647222413473,NA,NA,NA,1
BIVM-ERCC5,2,0,0,0.937906344940216,NA,NA,NA,1
CAMK2N1,5,0,0,0.937906344940216,NA,NA,NA,1
GPRASP2,3,0,0,0.937906344940216,NA,NA,NA,1
SKAP2,6,0,0,0.937906344940216,NA,NA,NA,1
TOB1,4,0,0,0.937906344940216,NA,NA,NA,1
UBXN2B,7,0,0,0.937906344940216,NA,NA,NA,1
WBP2,3,0,0,0.937906344940216,NA,NA,NA,1
ZNF891,13,0,0,0.937906344940216,NA,NA,NA,1
RNF215,2,0,0,0.937973392614464,NA,NA,NA,1
ATL2,5,0,0,0.93824765103944,NA,NA,NA,1
COPB1,6,0,0,0.93824765103944,NA,NA,NA,1
PSMD9,3,0,0,0.93824765103944,NA,NA,NA,1
AIF1L,6,0,0,0.938320678251794,NA,NA,NA,1
COQ10B,7,0,0,0.938320678251794,NA,NA,NA,1
GCNT1,10,0,0,0.938570329740299,NA,NA,NA,1
FAM171B,3,0,0,0.938598348040339,NA,NA,NA,1
IFT52,4,0,0,0.938598348040339,NA,NA,NA,1
RIOK2,4,0,0,0.938611538124151,NA,NA,NA,1
KCTD12,13,0,0,0.938756089919168,NA,NA,NA,1
ARAP3,3,0,0,0.938961446521579,NA,NA,NA,1
ARHGEF5,3,0,0,0.938961446521579,NA,NA,NA,1
FSTL1,9,0,0,0.938961446521579,NA,NA,NA,1
PIGS,2,0,0,0.938961446521579,NA,NA,NA,1
SSU72,5,0,0,0.938961446521579,NA,NA,NA,1
TTL,18,0,0,0.938961446521579,NA,NA,NA,1
NADSYN1,3,0,0,0.939225702248066,NA,NA,NA,1
NOL6,9,0,0,0.939225702248066,NA,NA,NA,1
RSBN1,7,0,0,0.939225702248066,NA,NA,NA,1
SCFD2,4,0,0,0.939225702248066,NA,NA,NA,1
THSD4,6,0,0,0.939225702248066,NA,NA,NA,1
TPM3,11,0,0,0.939225702248066,NA,NA,NA,1
C19orf25,2,0,0,0.939560704182371,NA,NA,NA,1
COPS3,6,0,0,0.939560704182371,NA,NA,NA,1
EPS8L2,2,0,0,0.939560704182371,NA,NA,NA,1
NRIP1,8,0,0,0.939560704182371,NA,NA,NA,1
PHYH,4,0,0,0.939560704182371,NA,NA,NA,1
RBM5,3,0,0,0.939560704182371,NA,NA,NA,1
TRMT5,5,0,0,0.939560704182371,NA,NA,NA,1
ZER1,2,0,0,0.939560704182371,NA,NA,NA,1
KIAA0753,6,0,0,0.93956938888061,NA,NA,NA,1
CAPN7,7,0,0,0.939651418867348,NA,NA,NA,1
CD83,5,0,0,0.939651418867348,NA,NA,NA,1
CEP55,5,0,0,0.939651418867348,NA,NA,NA,1
DNAJB6,2,0,0,0.939651418867348,NA,NA,NA,1
DPH5,3,0,0,0.939651418867348,NA,NA,NA,1
DUOXA1,2,0,0,0.939651418867348,NA,NA,NA,1
ELP3,3,0,0,0.939651418867348,NA,NA,NA,1
FZD4,3,0,0,0.939651418867348,NA,NA,NA,1
GMNN,7,0,0,0.939651418867348,NA,NA,NA,1
ISL1,4,0,0,0.939651418867348,NA,NA,NA,1
MLLT1,5,0,0,0.939651418867348,NA,NA,NA,1
ZNF367,5,0,0,0.939651418867348,NA,NA,NA,1
WASF3,4,0,0,0.939901220863323,NA,NA,NA,1
MRPS7,11,0,0,0.940405957621528,NA,NA,NA,1
PKP2,9,0,0,0.940643528575771,NA,NA,NA,1
TIA1,17,0,0,0.940643528575771,NA,NA,NA,1
ADCY3,5,0,0,0.94068295243243,NA,NA,NA,1
AHDC1,3,0,0,0.94068295243243,NA,NA,NA,1
ANXA4,8,0,0,0.94068295243243,NA,NA,NA,1
ARL10,3,0,0,0.94068295243243,NA,NA,NA,1
C1RL,10,0,0,0.94068295243243,NA,NA,NA,1
C1orf43,6,0,0,0.94068295243243,NA,NA,NA,1
CLASP1,11,0,0,0.94068295243243,NA,NA,NA,1
COMMD7,4,0,0,0.94068295243243,NA,NA,NA,1
DCAF17,3,0,0,0.94068295243243,NA,NA,NA,1
DDX23,5,0,0,0.94068295243243,NA,NA,NA,1
EIF2B4,3,0,0,0.94068295243243,NA,NA,NA,1
EIF2S2,5,0,0,0.94068295243243,NA,NA,NA,1
FGFR2,7,0,0,0.94068295243243,NA,NA,NA,1
GOLGA7,6,0,0,0.94068295243243,NA,NA,NA,1
GPATCH4,7,0,0,0.94068295243243,NA,NA,NA,1
GRHPR,7,0,0,0.94068295243243,NA,NA,NA,1
HIPK2,8,0,0,0.94068295243243,NA,NA,NA,1
ITGB2,2,0,0,0.94068295243243,NA,NA,NA,1
KIAA1107,2,0,0,0.94068295243243,NA,NA,NA,1
LIFR,9,0,0,0.94068295243243,NA,NA,NA,1
MGST3,5,0,0,0.94068295243243,NA,NA,NA,1
MTRNR2L8,4,0,0,0.94068295243243,NA,NA,NA,1
MYO5A,7,0,0,0.94068295243243,NA,NA,NA,1
NAT1,5,0,0,0.94068295243243,NA,NA,NA,1
PQLC2,3,0,0,0.94068295243243,NA,NA,NA,1
PTPN3,7,0,0,0.94068295243243,NA,NA,NA,1
RBMX2,3,0,0,0.94068295243243,NA,NA,NA,1
SESN3,12,0,0,0.94068295243243,NA,NA,NA,1
SGTB,6,0,0,0.94068295243243,NA,NA,NA,1
SHISA5,7,0,0,0.94068295243243,NA,NA,NA,1
SIAH1,8,0,0,0.94068295243243,NA,NA,NA,1
SLC48A1,4,0,0,0.94068295243243,NA,NA,NA,1
SLC6A11,4,0,0,0.94068295243243,NA,NA,NA,1
TOMM70,11,0,0,0.94068295243243,NA,NA,NA,1
TXNDC16,4,0,0,0.94068295243243,NA,NA,NA,1
UQCRC2,6,0,0,0.94068295243243,NA,NA,NA,1
YKT6,7,0,0,0.94068295243243,NA,NA,NA,1
ZNF219,3,0,0,0.94068295243243,NA,NA,NA,1
ANKRD39,4,0,0,0.940798708448285,NA,NA,NA,1
APPBP2,4,0,0,0.940798708448285,NA,NA,NA,1
B3GALNT1,10,0,0,0.940798708448285,NA,NA,NA,1
B4GALT7,10,0,0,0.940798708448285,NA,NA,NA,1
DARS2,17,0,0,0.940798708448285,NA,NA,NA,1
FTSJ3,5,0,0,0.940798708448285,NA,NA,NA,1
GRB10,5,0,0,0.940798708448285,NA,NA,NA,1
HIKESHI,5,0,0,0.940798708448285,NA,NA,NA,1
HNRNPUL2,7,0,0,0.940798708448285,NA,NA,NA,1
INTS2,6,0,0,0.940798708448285,NA,NA,NA,1
MANBA,2,0,0,0.940798708448285,NA,NA,NA,1
MAP3K13,5,0,0,0.940798708448285,NA,NA,NA,1
MAPKBP1,5,0,0,0.940798708448285,NA,NA,NA,1
MARC1,9,0,0,0.940798708448285,NA,NA,NA,1
PER1,2,0,0,0.940798708448285,NA,NA,NA,1
PHF13,4,0,0,0.940798708448285,NA,NA,NA,1
PPP2R3C,2,0,0,0.940798708448285,NA,NA,NA,1
PRKD2,3,0,0,0.940798708448285,NA,NA,NA,1
PSMD12,15,0,0,0.940798708448285,NA,NA,NA,1
RBMS3,7,0,0,0.940798708448285,NA,NA,NA,1
RNF169,8,0,0,0.940798708448285,NA,NA,NA,1
RSG1,6,0,0,0.940798708448285,NA,NA,NA,1
SHPRH,2,0,0,0.940798708448285,NA,NA,NA,1
SLC25A40,8,0,0,0.940798708448285,NA,NA,NA,1
SMPD2,5,0,0,0.940798708448285,NA,NA,NA,1
STX11,4,0,0,0.940798708448285,NA,NA,NA,1
TBC1D13,3,0,0,0.940798708448285,NA,NA,NA,1
TNK1,2,0,0,0.940798708448285,NA,NA,NA,1
DTD2,4,0,0,0.941079080198713,NA,NA,NA,1
NFIC,9,0,0,0.941079080198713,NA,NA,NA,1
RFC3,4,0,0,0.941079080198713,NA,NA,NA,1
ZNF282,3,0,0,0.941079080198713,NA,NA,NA,1
ITGA6,12,0,0,0.941151312310981,NA,NA,NA,1
TMEM223,7,0,0,0.941151312310981,NA,NA,NA,1
STARD13,10,0,0,0.94117762484231,NA,NA,NA,1
FOXK1,6,0,0,0.941671753050255,NA,NA,NA,1
TMEM136,4,0,0,0.941671753050255,NA,NA,NA,1
CSKMT,7,0,0,0.941806714109941,NA,NA,NA,1
BABAM2,5,0,0,0.941872579928674,NA,NA,NA,1
SUPT4H1,9,0,0,0.941872579928674,NA,NA,NA,1
ALKBH7,3,0,0,0.94206258007105,NA,NA,NA,1
C2CD2,8,0,0,0.94206258007105,NA,NA,NA,1
PINK1,6,0,0,0.94206258007105,NA,NA,NA,1
POU2F3,5,0,0,0.94206258007105,NA,NA,NA,1
TTC9C,6,0,0,0.94206258007105,NA,NA,NA,1
ZNF324B,12,0,0,0.94209779312182,NA,NA,NA,1
QTRT1,7,0,0,0.942134332578361,NA,NA,NA,1
B3GNT9,3,0,0,0.942256850878775,NA,NA,NA,1
FAM83D,4,0,0,0.942256850878775,NA,NA,NA,1
ISG20,3,0,0,0.942256850878775,NA,NA,NA,1
LOC101927572,2,0,0,0.942256850878775,NA,NA,NA,1
MRM3,6,0,0,0.942256850878775,NA,NA,NA,1
PCF11,4,0,0,0.942256850878775,NA,NA,NA,1
TRIR,2,0,0,0.942256850878775,NA,NA,NA,1
ZBED6CL,2,0,0,0.942256850878775,NA,NA,NA,1
ZMAT3,20,0,0,0.942256850878775,NA,NA,NA,1
ZNF385A,3,0,0,0.942256850878775,NA,NA,NA,1
TTLL12,10,0,0,0.942372177414112,NA,NA,NA,1
ZMYM1,10,0,0,0.942454989884636,NA,NA,NA,1
STXBP6,2,0,0,0.942505571565542,NA,NA,NA,1
WDR17,6,0,0,0.942505571565542,NA,NA,NA,1
CSTF3,3,0,0,0.942590382754928,NA,NA,NA,1
TGFB2,6,0,0,0.942681447802627,NA,NA,NA,1
DEGS1,11,0,0,0.942818976935296,NA,NA,NA,1
OTUD6B,11,0,0,0.942818976935296,NA,NA,NA,1
PXDN,10,0,0,0.942818976935296,NA,NA,NA,1
PYGB,4,0,0,0.942818976935296,NA,NA,NA,1
ABT1,7,0,0,0.942885053584156,NA,NA,NA,1
ADGRG1,5,0,0,0.942885053584156,NA,NA,NA,1
AL161911.1,8,0,0,0.942885053584156,NA,NA,NA,1
ANKFY1,11,0,0,0.942885053584156,NA,NA,NA,1
ANKIB1,6,0,0,0.942885053584156,NA,NA,NA,1
ANKRD42,3,0,0,0.942885053584156,NA,NA,NA,1
BBS7,4,0,0,0.942885053584156,NA,NA,NA,1
C4orf46,7,0,0,0.942885053584156,NA,NA,NA,1
C9orf16,2,0,0,0.942885053584156,NA,NA,NA,1
CCDC180,2,0,0,0.942885053584156,NA,NA,NA,1
CDR2L,2,0,0,0.942885053584156,NA,NA,NA,1
CHSY1,11,0,0,0.942885053584156,NA,NA,NA,1
CIT,6,0,0,0.942885053584156,NA,NA,NA,1
CLTA,2,0,0,0.942885053584156,NA,NA,NA,1
CNOT7,7,0,0,0.942885053584156,NA,NA,NA,1
COL18A1,4,0,0,0.942885053584156,NA,NA,NA,1
COPS6,7,0,0,0.942885053584156,NA,NA,NA,1
CSRNP2,6,0,0,0.942885053584156,NA,NA,NA,1
CTTN,2,0,0,0.942885053584156,NA,NA,NA,1
DBNDD1,2,0,0,0.942885053584156,NA,NA,NA,1
DOCK1,2,0,0,0.942885053584156,NA,NA,NA,1
EIF1B,8,0,0,0.942885053584156,NA,NA,NA,1
ELK3,5,0,0,0.942885053584156,NA,NA,NA,1
FAM111B,6,0,0,0.942885053584156,NA,NA,NA,1
FAM120C,4,0,0,0.942885053584156,NA,NA,NA,1
FOXRED2,10,0,0,0.942885053584156,NA,NA,NA,1
FXYD5,4,0,0,0.942885053584156,NA,NA,NA,1
GLT8D1,4,0,0,0.942885053584156,NA,NA,NA,1
GMPPB,5,0,0,0.942885053584156,NA,NA,NA,1
GOLGA5,4,0,0,0.942885053584156,NA,NA,NA,1
GPR85,5,0,0,0.942885053584156,NA,NA,NA,1
GTF3C1,2,0,0,0.942885053584156,NA,NA,NA,1
HAUS3,2,0,0,0.942885053584156,NA,NA,NA,1
HMGA2,4,0,0,0.942885053584156,NA,NA,NA,1
HMMR,5,0,0,0.942885053584156,NA,NA,NA,1
IFT57,4,0,0,0.942885053584156,NA,NA,NA,1
JAK1,7,0,0,0.942885053584156,NA,NA,NA,1
JMJD1C,6,0,0,0.942885053584156,NA,NA,NA,1
KCTD9,8,0,0,0.942885053584156,NA,NA,NA,1
KLHL20,10,0,0,0.942885053584156,NA,NA,NA,1
KLLN,2,0,0,0.942885053584156,NA,NA,NA,1
LOC400927-CSNK1E,7,0,0,0.942885053584156,NA,NA,NA,1
LYSMD3,12,0,0,0.942885053584156,NA,NA,NA,1
MAGEH1,4,0,0,0.942885053584156,NA,NA,NA,1
MAP3K20,5,0,0,0.942885053584156,NA,NA,NA,1
MCRS1,2,0,0,0.942885053584156,NA,NA,NA,1
MRAS,5,0,0,0.942885053584156,NA,NA,NA,1
MRPL13,4,0,0,0.942885053584156,NA,NA,NA,1
MRPL50,9,0,0,0.942885053584156,NA,NA,NA,1
MRPS33,5,0,0,0.942885053584156,NA,NA,NA,1
MT1E,2,0,0,0.942885053584156,NA,NA,NA,1
MYO9B,3,0,0,0.942885053584156,NA,NA,NA,1
NDST2,2,0,0,0.942885053584156,NA,NA,NA,1
PDIA3,10,0,0,0.942885053584156,NA,NA,NA,1
POLR2J3,2,0,0,0.942885053584156,NA,NA,NA,1
PXDC1,3,0,0,0.942885053584156,NA,NA,NA,1
RAB22A,8,0,0,0.942885053584156,NA,NA,NA,1
RBM15,12,0,0,0.942885053584156,NA,NA,NA,1
RBMXL1,8,0,0,0.942885053584156,NA,NA,NA,1
REST,7,0,0,0.942885053584156,NA,NA,NA,1
RFX1,3,0,0,0.942885053584156,NA,NA,NA,1
RTN4IP1,5,0,0,0.942885053584156,NA,NA,NA,1
SCRN1,4,0,0,0.942885053584156,NA,NA,NA,1
SERAC1,4,0,0,0.942885053584156,NA,NA,NA,1
SFN,2,0,0,0.942885053584156,NA,NA,NA,1
SGCB,14,0,0,0.942885053584156,NA,NA,NA,1
SLC25A20,2,0,0,0.942885053584156,NA,NA,NA,1
SLC46A1,9,0,0,0.942885053584156,NA,NA,NA,1
SMC5,7,0,0,0.942885053584156,NA,NA,NA,1
ST3GAL5,3,0,0,0.942885053584156,NA,NA,NA,1
STEAP4,3,0,0,0.942885053584156,NA,NA,NA,1
SUFU,4,0,0,0.942885053584156,NA,NA,NA,1
THAP7,3,0,0,0.942885053584156,NA,NA,NA,1
TIMELESS,9,0,0,0.942885053584156,NA,NA,NA,1
TINF2,12,0,0,0.942885053584156,NA,NA,NA,1
TMEM107,13,0,0,0.942885053584156,NA,NA,NA,1
TMEM92,6,0,0,0.942885053584156,NA,NA,NA,1
TNFRSF21,5,0,0,0.942885053584156,NA,NA,NA,1
TP53I13,2,0,0,0.942885053584156,NA,NA,NA,1
TUB,2,0,0,0.942885053584156,NA,NA,NA,1
TYK2,2,0,0,0.942885053584156,NA,NA,NA,1
USP16,3,0,0,0.942885053584156,NA,NA,NA,1
WDR4,9,0,0,0.942885053584156,NA,NA,NA,1
WDR76,11,0,0,0.942885053584156,NA,NA,NA,1
ZMYND8,4,0,0,0.942885053584156,NA,NA,NA,1
ZNF234,5,0,0,0.942885053584156,NA,NA,NA,1
ZNF597,7,0,0,0.942885053584156,NA,NA,NA,1
ZNF703,4,0,0,0.942885053584156,NA,NA,NA,1
FAM234B,4,0,0,0.943172396341954,NA,NA,NA,1
LYRM1,2,0,0,0.943172396341954,NA,NA,NA,1
COQ2,5,0,0,0.943258856246325,NA,NA,NA,1
ZNF575,3,0,0,0.943258856246325,NA,NA,NA,1
CHFR,12,0,0,0.943467133047799,NA,NA,NA,1
COL6A1,4,0,0,0.943467133047799,NA,NA,NA,1
SGPL1,8,0,0,0.943467133047799,NA,NA,NA,1
MED1,9,0,0,0.943514176708142,NA,NA,NA,1
GNG11,7,0,0,0.943597177296979,NA,NA,NA,1
JMJD8,4,0,0,0.943974070213952,NA,NA,NA,1
N4BP2,6,0,0,0.944019321005803,NA,NA,NA,1
PLEKHB2,8,0,0,0.944019321005803,NA,NA,NA,1
E2F3,5,0,0,0.944075656874229,NA,NA,NA,1
HMGN5,5,0,0,0.944075656874229,NA,NA,NA,1
NCK2,5,0,0,0.944075656874229,NA,NA,NA,1
TRIM25,10,0,0,0.944075656874229,NA,NA,NA,1
AP4S1,5,0,0,0.944112652976906,NA,NA,NA,1
ASF1A,5,0,0,0.944112652976906,NA,NA,NA,1
LSM1,2,0,0,0.944112652976906,NA,NA,NA,1
MAML2,7,0,0,0.944112652976906,NA,NA,NA,1
SDSL,2,0,0,0.944112652976906,NA,NA,NA,1
STAR,2,0,0,0.944112652976906,NA,NA,NA,1
TIMP2,14,0,0,0.944160564920747,NA,NA,NA,1
CDC14B,5,0,0,0.944190773235483,NA,NA,NA,1
CEP112,2,0,0,0.944190773235483,NA,NA,NA,1
DNAJB14,8,0,0,0.944190773235483,NA,NA,NA,1
KIAA1958,8,0,0,0.944190773235483,NA,NA,NA,1
MRPL53,4,0,0,0.944190773235483,NA,NA,NA,1
MSH6,7,0,0,0.944190773235483,NA,NA,NA,1
PCOLCE2,3,0,0,0.944190773235483,NA,NA,NA,1
PPP4R3B,9,0,0,0.944190773235483,NA,NA,NA,1
STOX2,6,0,0,0.944190773235483,NA,NA,NA,1
TNIK,9,0,0,0.944190773235483,NA,NA,NA,1
ZNF655,5,0,0,0.944190773235483,NA,NA,NA,1
ZPR1,11,0,0,0.944190773235483,NA,NA,NA,1
DVL2,2,0,0,0.94419579282169,NA,NA,NA,1
GORASP2,12,0,0,0.94419579282169,NA,NA,NA,1
HIST1H4K,3,0,0,0.94419579282169,NA,NA,NA,1
RHOU,4,0,0,0.94419579282169,NA,NA,NA,1
UACA,10,0,0,0.94419579282169,NA,NA,NA,1
COX5A,6,0,0,0.944626271376871,NA,NA,NA,1
CEP152,3,0,0,0.944659094919851,NA,NA,NA,1
AP3D1,6,0,0,0.944752959948611,NA,NA,NA,1
BLOC1S5,2,0,0,0.944752959948611,NA,NA,NA,1
CCT6A,13,0,0,0.944752959948611,NA,NA,NA,1
DCAF11,3,0,0,0.944752959948611,NA,NA,NA,1
KCTD6,4,0,0,0.944752959948611,NA,NA,NA,1
NUSAP1,10,0,0,0.944752959948611,NA,NA,NA,1
TMEM254,5,0,0,0.944752959948611,NA,NA,NA,1
ALYREF,6,0,0,0.944841475767607,NA,NA,NA,1
ANK3,8,0,0,0.944841475767607,NA,NA,NA,1
ARSA,8,0,0,0.944841475767607,NA,NA,NA,1
CENPS,4,0,0,0.944841475767607,NA,NA,NA,1
FCF1,6,0,0,0.944841475767607,NA,NA,NA,1
GTF3C6,8,0,0,0.944841475767607,NA,NA,NA,1
MACC1,7,0,0,0.944841475767607,NA,NA,NA,1
TP53,5,0,0,0.944841475767607,NA,NA,NA,1
FKBP9,2,0,0,0.945336075026479,NA,NA,NA,1
C8orf34,2,0,0,0.945372469444886,NA,NA,NA,1
ITGB6,8,0,0,0.945372469444886,NA,NA,NA,1
METRNL,3,0,0,0.945372469444886,NA,NA,NA,1
ODR4,4,0,0,0.945372469444886,NA,NA,NA,1
TCTA,2,0,0,0.945372469444886,NA,NA,NA,1
ARHGEF9,2,0,0,0.945391999485207,NA,NA,NA,1
HMGN2,5,0,0,0.945391999485207,NA,NA,NA,1
NUP58,8,0,0,0.945391999485207,NA,NA,NA,1
RHOD,2,0,0,0.945391999485207,NA,NA,NA,1
SLC31A1,11,0,0,0.945391999485207,NA,NA,NA,1
TOMM6,10,0,0,0.945391999485207,NA,NA,NA,1
UBA2,10,0,0,0.945391999485207,NA,NA,NA,1
ZNF608,3,0,0,0.945391999485207,NA,NA,NA,1
SOX7,3,0,0,0.945447055900138,NA,NA,NA,1
SSH3,3,0,0,0.945447055900138,NA,NA,NA,1
TBCE,4,0,0,0.945447055900138,NA,NA,NA,1
ATG4C,6,0,0,0.945467880269171,NA,NA,NA,1
CCDC146,2,0,0,0.945467880269171,NA,NA,NA,1
CCDC150,2,0,0,0.945467880269171,NA,NA,NA,1
CCZ1,2,0,0,0.945467880269171,NA,NA,NA,1
CHAF1B,5,0,0,0.945467880269171,NA,NA,NA,1
CTU2,2,0,0,0.945467880269171,NA,NA,NA,1
KIAA0368,5,0,0,0.945467880269171,NA,NA,NA,1
MBNL3,10,0,0,0.945467880269171,NA,NA,NA,1
MYADM,4,0,0,0.945467880269171,NA,NA,NA,1
NEK1,3,0,0,0.945467880269171,NA,NA,NA,1
PPP6R3,2,0,0,0.945467880269171,NA,NA,NA,1
RNF114,9,0,0,0.945467880269171,NA,NA,NA,1
RRAGA,7,0,0,0.945467880269171,NA,NA,NA,1
SETD4,4,0,0,0.945467880269171,NA,NA,NA,1
SPIDR,5,0,0,0.945467880269171,NA,NA,NA,1
TRMT44,6,0,0,0.945467880269171,NA,NA,NA,1
ADGRG6,8,0,0,0.945486422960765,NA,NA,NA,1
REV1,4,0,0,0.945540620334123,NA,NA,NA,1
UTRN,8,0,0,0.945540620334123,NA,NA,NA,1
ZNF566,7,0,0,0.945540620334123,NA,NA,NA,1
PAPOLG,9,0,0,0.945993815670668,NA,NA,NA,1
ADIPOR2,8,0,0,0.945995649292161,NA,NA,NA,1
GAR1,5,0,0,0.945995649292161,NA,NA,NA,1
GLYR1,4,0,0,0.945995649292161,NA,NA,NA,1
PHOSPHO2-KLHL23,8,0,0,0.945995649292161,NA,NA,NA,1
RPAP3,7,0,0,0.945995649292161,NA,NA,NA,1
TRIM4,4,0,0,0.945995649292161,NA,NA,NA,1
ZNHIT1,2,0,0,0.945995649292161,NA,NA,NA,1
HOXC11,4,0,0,0.94611073792539,NA,NA,NA,1
CENPP,7,0,0,0.946116425875251,NA,NA,NA,1
PIGH,4,0,0,0.946116425875251,NA,NA,NA,1
CD226,4,0,0,0.946304478712303,NA,NA,NA,1
IGSF9B,3,0,0,0.946304478712303,NA,NA,NA,1
TMEM189-UBE2V1,7,0,0,0.946304478712303,NA,NA,NA,1
ATM,5,0,0,0.94644868988939,NA,NA,NA,1
COL1A1,6,0,0,0.94644868988939,NA,NA,NA,1
FYN,5,0,0,0.94644868988939,NA,NA,NA,1
GKAP1,3,0,0,0.94644868988939,NA,NA,NA,1
GTF3C2,9,0,0,0.94644868988939,NA,NA,NA,1
MSANTD2,7,0,0,0.94644868988939,NA,NA,NA,1
PKMYT1,5,0,0,0.94644868988939,NA,NA,NA,1
TADA2B,7,0,0,0.94644868988939,NA,NA,NA,1
PGM2L1,7,0,0,0.946522156829167,NA,NA,NA,1
ERBB3,4,0,0,0.946715036225701,NA,NA,NA,1
CAMK2G,4,0,0,0.946791461339314,NA,NA,NA,1
HIST1H3J,2,0,0,0.946791461339314,NA,NA,NA,1
MAFK,4,0,0,0.946791461339314,NA,NA,NA,1
MFSD14B,4,0,0,0.946791461339314,NA,NA,NA,1
P4HA2,9,0,0,0.946791461339314,NA,NA,NA,1
TRIM35,11,0,0,0.946791461339314,NA,NA,NA,1
ZDHHC23,3,0,0,0.946791461339314,NA,NA,NA,1
ZNF273,6,0,0,0.946791461339314,NA,NA,NA,1
ZNF431,3,0,0,0.946791461339314,NA,NA,NA,1
FZR1,9,0,0,0.946898711250735,NA,NA,NA,1
USP35,5,0,0,0.946898711250735,NA,NA,NA,1
USP53,7,0,0,0.946898711250735,NA,NA,NA,1
KLHL12,10,0,0,0.947441116385138,NA,NA,NA,1
PLD6,4,0,0,0.947441116385138,NA,NA,NA,1
DLX2,4,0,0,0.947759474922516,NA,NA,NA,1
ARRDC3,4,0,0,0.947777037668855,NA,NA,NA,1
C19orf70,3,0,0,0.947777037668855,NA,NA,NA,1
CTRL,3,0,0,0.947777037668855,NA,NA,NA,1
DENND5A,4,0,0,0.947777037668855,NA,NA,NA,1
DLG3,5,0,0,0.947777037668855,NA,NA,NA,1
DPYSL4,2,0,0,0.947777037668855,NA,NA,NA,1
FAM78A,5,0,0,0.947777037668855,NA,NA,NA,1
MAP2K6,6,0,0,0.947777037668855,NA,NA,NA,1
MFSD3,4,0,0,0.947777037668855,NA,NA,NA,1
PEX7,6,0,0,0.947777037668855,NA,NA,NA,1
RPL13A,13,0,0,0.947777037668855,NA,NA,NA,1
RPS29,7,0,0,0.947777037668855,NA,NA,NA,1
SERPINB5,2,0,0,0.947777037668855,NA,NA,NA,1
SHMT1,4,0,0,0.947777037668855,NA,NA,NA,1
SLC9A1,2,0,0,0.947777037668855,NA,NA,NA,1
SPTLC3,5,0,0,0.947777037668855,NA,NA,NA,1
UPP1,2,0,0,0.947777037668855,NA,NA,NA,1
WDR1,5,0,0,0.947777037668855,NA,NA,NA,1
ZDHHC7,3,0,0,0.947777037668855,NA,NA,NA,1
ZNF391,4,0,0,0.947777037668855,NA,NA,NA,1
OPLAH,3,0,0,0.94797306878641,NA,NA,NA,1
SLC25A30,4,0,0,0.94797306878641,NA,NA,NA,1
RPS20,4,0,0,0.948008900665943,NA,NA,NA,1
AES,5,0,0,0.94822200266362,NA,NA,NA,1
EFNB1,3,0,0,0.94822200266362,NA,NA,NA,1
LRRC49,5,0,0,0.94822200266362,NA,NA,NA,1
NARF,2,0,0,0.94822200266362,NA,NA,NA,1
RFK,6,0,0,0.94822200266362,NA,NA,NA,1
RTL8A,4,0,0,0.948315121895723,NA,NA,NA,1
CCDC32,6,0,0,0.948456662792043,NA,NA,NA,1
CIAPIN1,3,0,0,0.948456662792043,NA,NA,NA,1
DNAJC12,5,0,0,0.948456662792043,NA,NA,NA,1
PEX1,2,0,0,0.948456662792043,NA,NA,NA,1
PFKFB2,2,0,0,0.948456662792043,NA,NA,NA,1
RGS5,5,0,0,0.948456662792043,NA,NA,NA,1
RWDD2A,4,0,0,0.948456662792043,NA,NA,NA,1
TMEM35B,4,0,0,0.948456662792043,NA,NA,NA,1
ATP5O,4,0,0,0.948472889118749,NA,NA,NA,1
FBXO33,5,0,0,0.948475425200226,NA,NA,NA,1
CENPE,5,0,0,0.948539247968279,NA,NA,NA,1
CTDSPL,11,0,0,0.948619002533291,NA,NA,NA,1
FCRLB,3,0,0,0.948619002533291,NA,NA,NA,1
MAN2B2,2,0,0,0.948619002533291,NA,NA,NA,1
SEH1L,2,0,0,0.948619002533291,NA,NA,NA,1
CFAP20,2,0,0,0.948669139769267,NA,NA,NA,1
DTL,10,0,0,0.948698498479642,NA,NA,NA,1
SETD5,8,0,0,0.948698498479642,NA,NA,NA,1
NPC2,5,0,0,0.948827914891637,NA,NA,NA,1
POLR2K,4,0,0,0.948827914891637,NA,NA,NA,1
TBC1D9,7,0,0,0.948827914891637,NA,NA,NA,1
TSSK4,3,0,0,0.948827914891637,NA,NA,NA,1
USP19,3,0,0,0.948827914891637,NA,NA,NA,1
MRPL9,2,0,0,0.948891587635316,NA,NA,NA,1
CAPN10,2,0,0,0.949102419680677,NA,NA,NA,1
DPCD,4,0,0,0.949102419680677,NA,NA,NA,1
RANBP6,6,0,0,0.949102419680677,NA,NA,NA,1
RFX5,8,0,0,0.949102419680677,NA,NA,NA,1
ZC3H4,3,0,0,0.949102419680677,NA,NA,NA,1
SNORC,3,0,0,0.949135620749037,NA,NA,NA,1
SERINC2,2,0,0,0.949584740665664,NA,NA,NA,1
AKR7A3,3,0,0,0.949658948655251,NA,NA,NA,1
ATF7IP,9,0,0,0.949658948655251,NA,NA,NA,1
PIP4K2C,4,0,0,0.949658948655251,NA,NA,NA,1
POC1B,2,0,0,0.949658948655251,NA,NA,NA,1
TMEM106C,3,0,0,0.949658948655251,NA,NA,NA,1
SFSWAP,2,0,0,0.949682957562304,NA,NA,NA,1
TRAF3IP1,8,0,0,0.949743291568455,NA,NA,NA,1
PCYT1A,18,0,0,0.949775374695939,NA,NA,NA,1
ACAP3,3,0,0,0.949804156365504,NA,NA,NA,1
ADIPOR1,4,0,0,0.949804156365504,NA,NA,NA,1
C1orf52,13,0,0,0.949804156365504,NA,NA,NA,1
C8orf37,6,0,0,0.949804156365504,NA,NA,NA,1
CASP3,4,0,0,0.949804156365504,NA,NA,NA,1
CC2D1B,10,0,0,0.949804156365504,NA,NA,NA,1
CENPB,3,0,0,0.949804156365504,NA,NA,NA,1
CMTR2,4,0,0,0.949804156365504,NA,NA,NA,1
CNOT9,4,0,0,0.949804156365504,NA,NA,NA,1
DDX19A,13,0,0,0.949804156365504,NA,NA,NA,1
DENND6B,4,0,0,0.949804156365504,NA,NA,NA,1
DNAJC6,3,0,0,0.949804156365504,NA,NA,NA,1
DNMT1,2,0,0,0.949804156365504,NA,NA,NA,1
FBXO36,4,0,0,0.949804156365504,NA,NA,NA,1
FURIN,3,0,0,0.949804156365504,NA,NA,NA,1
GSTK1,5,0,0,0.949804156365504,NA,NA,NA,1
GXYLT1,9,0,0,0.949804156365504,NA,NA,NA,1
HCFC1R1,2,0,0,0.949804156365504,NA,NA,NA,1
HERC3,6,0,0,0.949804156365504,NA,NA,NA,1
HIP1R,6,0,0,0.949804156365504,NA,NA,NA,1
HIPK1,8,0,0,0.949804156365504,NA,NA,NA,1
HIST1H2BL,4,0,0,0.949804156365504,NA,NA,NA,1
INPP5K,5,0,0,0.949804156365504,NA,NA,NA,1
LACTB2,6,0,0,0.949804156365504,NA,NA,NA,1
LDLRAD3,7,0,0,0.949804156365504,NA,NA,NA,1
MOSPD3,2,0,0,0.949804156365504,NA,NA,NA,1
MTFR1L,7,0,0,0.949804156365504,NA,NA,NA,1
N4BP2L2,5,0,0,0.949804156365504,NA,NA,NA,1
NIPA2,7,0,0,0.949804156365504,NA,NA,NA,1
ODF2L,9,0,0,0.949804156365504,NA,NA,NA,1
PPP6R2,3,0,0,0.949804156365504,NA,NA,NA,1
RPL3,2,0,0,0.949804156365504,NA,NA,NA,1
SEPHS1,10,0,0,0.949804156365504,NA,NA,NA,1
SEPHS2,2,0,0,0.949804156365504,NA,NA,NA,1
SLC12A6,7,0,0,0.949804156365504,NA,NA,NA,1
SLC16A4,2,0,0,0.949804156365504,NA,NA,NA,1
SMYD3,3,0,0,0.949804156365504,NA,NA,NA,1
STAT6,8,0,0,0.949804156365504,NA,NA,NA,1
TAS2R4,2,0,0,0.949804156365504,NA,NA,NA,1
TET3,5,0,0,0.949804156365504,NA,NA,NA,1
TM9SF4,11,0,0,0.949804156365504,NA,NA,NA,1
TRPT1,4,0,0,0.949804156365504,NA,NA,NA,1
TTYH3,5,0,0,0.949804156365504,NA,NA,NA,1
UCK1,6,0,0,0.949804156365504,NA,NA,NA,1
UGT8,8,0,0,0.949804156365504,NA,NA,NA,1
VPS39,9,0,0,0.949804156365504,NA,NA,NA,1
WDFY1,3,0,0,0.949804156365504,NA,NA,NA,1
TEF,2,0,0,0.949926934666548,NA,NA,NA,1
CLHC1,4,0,0,0.950020822750057,NA,NA,NA,1
PTPRG,7,0,0,0.950020822750057,NA,NA,NA,1
UBQLN4,3,0,0,0.950020822750057,NA,NA,NA,1
C5orf38,2,0,0,0.950090848290154,NA,NA,NA,1
CCP110,4,0,0,0.950090848290154,NA,NA,NA,1
CXorf57,2,0,0,0.950090848290154,NA,NA,NA,1
DNM1,3,0,0,0.950090848290154,NA,NA,NA,1
DOT1L,6,0,0,0.950090848290154,NA,NA,NA,1
HK1,4,0,0,0.950090848290154,NA,NA,NA,1
ISOC1,8,0,0,0.950090848290154,NA,NA,NA,1
MOB3C,6,0,0,0.950090848290154,NA,NA,NA,1
MRPL2,2,0,0,0.950090848290154,NA,NA,NA,1
PNP,4,0,0,0.950090848290154,NA,NA,NA,1
RAB33B,5,0,0,0.950090848290154,NA,NA,NA,1
RPL8,8,0,0,0.950090848290154,NA,NA,NA,1
SIPA1L2,4,0,0,0.950090848290154,NA,NA,NA,1
TDRP,8,0,0,0.950090848290154,NA,NA,NA,1
U2AF2,4,0,0,0.950090848290154,NA,NA,NA,1
WLS,5,0,0,0.950090848290154,NA,NA,NA,1
LRWD1,2,0,0,0.950133830380965,NA,NA,NA,1
ATXN7L3,4,0,0,0.950288610853339,NA,NA,NA,1
PSMD6,9,0,0,0.950288610853339,NA,NA,NA,1
UST,10,0,0,0.950336740063784,NA,NA,NA,1
ESCO1,4,0,0,0.950449944404805,NA,NA,NA,1
SLC2A8,6,0,0,0.950449944404805,NA,NA,NA,1
MAN1B1,4,0,0,0.950513817866381,NA,NA,NA,1
ZNF19,4,0,0,0.950513817866381,NA,NA,NA,1
ZNF783,2,0,0,0.950513817866381,NA,NA,NA,1
STIM1,2,0,0,0.950608793269278,NA,NA,NA,1
DST,7,0,0,0.950734864344258,NA,NA,NA,1
GAMT,4,0,0,0.950734864344258,NA,NA,NA,1
GPATCH2,6,0,0,0.950734864344258,NA,NA,NA,1
ITPKB,3,0,0,0.950734864344258,NA,NA,NA,1
MACF1,9,0,0,0.950734864344258,NA,NA,NA,1
PIGV,4,0,0,0.950734864344258,NA,NA,NA,1
SYNE3,8,0,0,0.950734864344258,NA,NA,NA,1
WDR75,9,0,0,0.950734864344258,NA,NA,NA,1
AACS,4,0,0,0.950788972743615,NA,NA,NA,1
ALKBH5,5,0,0,0.950788972743615,NA,NA,NA,1
ARHGAP28,4,0,0,0.950788972743615,NA,NA,NA,1
ARID2,6,0,0,0.950788972743615,NA,NA,NA,1
CD99L2,4,0,0,0.950788972743615,NA,NA,NA,1
CLDN7,10,0,0,0.950788972743615,NA,NA,NA,1
CPEB4,12,0,0,0.950788972743615,NA,NA,NA,1
CPSF4,8,0,0,0.950788972743615,NA,NA,NA,1
CYP27A1,2,0,0,0.950788972743615,NA,NA,NA,1
EIF3M,9,0,0,0.950788972743615,NA,NA,NA,1
FAIM,2,0,0,0.950788972743615,NA,NA,NA,1
GCDH,9,0,0,0.950788972743615,NA,NA,NA,1
GPAM,3,0,0,0.950788972743615,NA,NA,NA,1
HOXC9,3,0,0,0.950788972743615,NA,NA,NA,1
HPS6,4,0,0,0.950788972743615,NA,NA,NA,1
HSPA5,8,0,0,0.950788972743615,NA,NA,NA,1
IDH1,4,0,0,0.950788972743615,NA,NA,NA,1
INTS6,15,0,0,0.950788972743615,NA,NA,NA,1
KLHL21,6,0,0,0.950788972743615,NA,NA,NA,1
METTL13,4,0,0,0.950788972743615,NA,NA,NA,1
MMP17,2,0,0,0.950788972743615,NA,NA,NA,1
NCOR2,4,0,0,0.950788972743615,NA,NA,NA,1
NMNAT1,8,0,0,0.950788972743615,NA,NA,NA,1
NPTN,6,0,0,0.950788972743615,NA,NA,NA,1
PNRC1,9,0,0,0.950788972743615,NA,NA,NA,1
RBM14,2,0,0,0.950788972743615,NA,NA,NA,1
RPL10A,6,0,0,0.950788972743615,NA,NA,NA,1
SCYL2,6,0,0,0.950788972743615,NA,NA,NA,1
SF3A2,2,0,0,0.950788972743615,NA,NA,NA,1
SLC35C2,10,0,0,0.950788972743615,NA,NA,NA,1
SLC47A1,4,0,0,0.950788972743615,NA,NA,NA,1
SMIM4,4,0,0,0.950788972743615,NA,NA,NA,1
SUN2,6,0,0,0.950788972743615,NA,NA,NA,1
SYNGR2,7,0,0,0.950788972743615,NA,NA,NA,1
WDR13,4,0,0,0.950788972743615,NA,NA,NA,1
ZNF48,5,0,0,0.951213688866654,NA,NA,NA,1
SERPINE1,9,0,0,0.951271259646821,NA,NA,NA,1
BRI3,6,0,0,0.951427211338862,NA,NA,NA,1
C2CD5,3,0,0,0.951427211338862,NA,NA,NA,1
PPTC7,7,0,0,0.951427211338862,NA,NA,NA,1
VPS11,3,0,0,0.951427211338862,NA,NA,NA,1
PRELID3B,11,0,0,0.951471899543547,NA,NA,NA,1
PRDM4,6,0,0,0.951741532611702,NA,NA,NA,1
SETMAR,5,0,0,0.951743539919741,NA,NA,NA,1
CEP120,3,0,0,0.951798295597571,NA,NA,NA,1
CLCN6,4,0,0,0.951798295597571,NA,NA,NA,1
ECI2,4,0,0,0.951798295597571,NA,NA,NA,1
HSPB1,6,0,0,0.951798295597571,NA,NA,NA,1
NPHP3,5,0,0,0.951798295597571,NA,NA,NA,1
POLE,4,0,0,0.951798295597571,NA,NA,NA,1
SCNN1G,3,0,0,0.951798295597571,NA,NA,NA,1
TGIF2-C20orf24,6,0,0,0.951798295597571,NA,NA,NA,1
UQCRH,4,0,0,0.951798295597571,NA,NA,NA,1
VAMP4,4,0,0,0.951798295597571,NA,NA,NA,1
LRCH1,6,0,0,0.951932064796821,NA,NA,NA,1
RNF181,4,0,0,0.951932064796821,NA,NA,NA,1
KHDRBS3,3,0,0,0.951958894905511,NA,NA,NA,1
PHLDB2,14,0,0,0.952139574413575,NA,NA,NA,1
PPME1,2,0,0,0.952150880989553,NA,NA,NA,1
TMEM37,4,0,0,0.952150880989553,NA,NA,NA,1
AJUBA,11,0,0,0.952209001108895,NA,NA,NA,1
BEND6,3,0,0,0.952209001108895,NA,NA,NA,1
CCNC,9,0,0,0.952209001108895,NA,NA,NA,1
CD2BP2,7,0,0,0.952209001108895,NA,NA,NA,1
DAGLA,2,0,0,0.952209001108895,NA,NA,NA,1
DDR2,3,0,0,0.952209001108895,NA,NA,NA,1
DNA2,4,0,0,0.952209001108895,NA,NA,NA,1
FAM229A,2,0,0,0.952209001108895,NA,NA,NA,1
GBE1,6,0,0,0.952209001108895,NA,NA,NA,1
GPR63,5,0,0,0.952209001108895,NA,NA,NA,1
KATNB1,3,0,0,0.952209001108895,NA,NA,NA,1
MED25,4,0,0,0.952209001108895,NA,NA,NA,1
MICU1,3,0,0,0.952209001108895,NA,NA,NA,1
NAA10,6,0,0,0.952209001108895,NA,NA,NA,1
NDUFS4,2,0,0,0.952209001108895,NA,NA,NA,1
NXT1,3,0,0,0.952209001108895,NA,NA,NA,1
PDGFC,6,0,0,0.952209001108895,NA,NA,NA,1
PECR,6,0,0,0.952209001108895,NA,NA,NA,1
PELI3,5,0,0,0.952209001108895,NA,NA,NA,1
PI4K2A,9,0,0,0.952209001108895,NA,NA,NA,1
PLS3,9,0,0,0.952209001108895,NA,NA,NA,1
PRKACA,2,0,0,0.952209001108895,NA,NA,NA,1
RPTOR,11,0,0,0.952209001108895,NA,NA,NA,1
SIK1B,2,0,0,0.952209001108895,NA,NA,NA,1
SLC38A7,5,0,0,0.952209001108895,NA,NA,NA,1
SLITRK5,3,0,0,0.952209001108895,NA,NA,NA,1
SMIM26,3,0,0,0.952209001108895,NA,NA,NA,1
SRM,8,0,0,0.952209001108895,NA,NA,NA,1
TMED9,6,0,0,0.952209001108895,NA,NA,NA,1
TMEM143,3,0,0,0.952209001108895,NA,NA,NA,1
TMEM63B,2,0,0,0.952209001108895,NA,NA,NA,1
TNFAIP8L2-SCNM1,4,0,0,0.952209001108895,NA,NA,NA,1
ZFP36L2,6,0,0,0.952209001108895,NA,NA,NA,1
CKMT1B,2,0,0,0.952265390881008,NA,NA,NA,1
S100PBP,7,0,0,0.952306126624228,NA,NA,NA,1
CLPP,7,0,0,0.952344771916597,NA,NA,NA,1
FAM124A,3,0,0,0.952344771916597,NA,NA,NA,1
HNRNPLL,12,0,0,0.952344771916597,NA,NA,NA,1
PPM1N,7,0,0,0.952344771916597,NA,NA,NA,1
PPP4R1,7,0,0,0.952344771916597,NA,NA,NA,1
PRSS16,7,0,0,0.952344771916597,NA,NA,NA,1
RMI2,4,0,0,0.952344771916597,NA,NA,NA,1
RTL8B,9,0,0,0.952344771916597,NA,NA,NA,1
FNBP1,3,0,0,0.952434131621803,NA,NA,NA,1
SLC22A3,3,0,0,0.952434131621803,NA,NA,NA,1
TECPR1,2,0,0,0.952551528837444,NA,NA,NA,1
ACTR5,6,0,0,0.952571407131289,NA,NA,NA,1
ASAH2B,4,0,0,0.952571407131289,NA,NA,NA,1
BRD9,9,0,0,0.952571407131289,NA,NA,NA,1
CCNQ,2,0,0,0.952571407131289,NA,NA,NA,1
CSAD,4,0,0,0.952571407131289,NA,NA,NA,1
CTSV,9,0,0,0.952571407131289,NA,NA,NA,1
DNAJC11,3,0,0,0.952571407131289,NA,NA,NA,1
ELP5,4,0,0,0.952571407131289,NA,NA,NA,1
GIGYF1,3,0,0,0.952571407131289,NA,NA,NA,1
HECTD2,7,0,0,0.952571407131289,NA,NA,NA,1
PDPR,8,0,0,0.952571407131289,NA,NA,NA,1
PRKAG1,3,0,0,0.952571407131289,NA,NA,NA,1
RTN4,7,0,0,0.952571407131289,NA,NA,NA,1
TMEM100,3,0,0,0.952571407131289,NA,NA,NA,1
TRMT11,3,0,0,0.952571407131289,NA,NA,NA,1
VDAC3,5,0,0,0.952571407131289,NA,NA,NA,1
ZNF174,4,0,0,0.952571407131289,NA,NA,NA,1
SSR2,3,0,0,0.952851132438478,NA,NA,NA,1
MRPL1,2,0,0,0.953119727612486,NA,NA,NA,1
CDC25C,2,0,0,0.953222112218095,NA,NA,NA,1
GSDME,3,0,0,0.953245825355377,NA,NA,NA,1
P2RY2,6,0,0,0.953245825355377,NA,NA,NA,1
SCG2,3,0,0,0.953341300851032,NA,NA,NA,1
ABCC3,4,0,0,0.953458362665693,NA,NA,NA,1
ARPC4-TTLL3,2,0,0,0.953458362665693,NA,NA,NA,1
C2CD2L,4,0,0,0.953458362665693,NA,NA,NA,1
HIVEP3,4,0,0,0.953458362665693,NA,NA,NA,1
KANK2,4,0,0,0.953458362665693,NA,NA,NA,1
PGS1,5,0,0,0.953458362665693,NA,NA,NA,1
RFC4,2,0,0,0.953458362665693,NA,NA,NA,1
ATG5,10,0,0,0.953842106283749,NA,NA,NA,1
FUT3,2,0,0,0.953842106283749,NA,NA,NA,1
SH3BP5L,3,0,0,0.953842106283749,NA,NA,NA,1
AHCYL1,5,0,0,0.954207436520371,NA,NA,NA,1
CPSF3,4,0,0,0.954207436520371,NA,NA,NA,1
EEPD1,2,0,0,0.954207436520371,NA,NA,NA,1
PSMG2,2,0,0,0.954207436520371,NA,NA,NA,1
SLC25A13,2,0,0,0.954250386941649,NA,NA,NA,1
KLF16,2,0,0,0.954356209734747,NA,NA,NA,1
TTC31,5,0,0,0.954356209734747,NA,NA,NA,1
ATP2A2,3,0,0,0.954431163494766,NA,NA,NA,1
AZI2,8,0,0,0.954431163494766,NA,NA,NA,1
CARS2,2,0,0,0.954431163494766,NA,NA,NA,1
CDK20,6,0,0,0.954431163494766,NA,NA,NA,1
CNEP1R1,3,0,0,0.954431163494766,NA,NA,NA,1
COPG2,3,0,0,0.954431163494766,NA,NA,NA,1
COX10,9,0,0,0.954431163494766,NA,NA,NA,1
CPSF1,3,0,0,0.954431163494766,NA,NA,NA,1
DDB2,5,0,0,0.954431163494766,NA,NA,NA,1
ERCC4,3,0,0,0.954431163494766,NA,NA,NA,1
EXOC6B,5,0,0,0.954431163494766,NA,NA,NA,1
FMO4,3,0,0,0.954431163494766,NA,NA,NA,1
GPD1L,4,0,0,0.954431163494766,NA,NA,NA,1
GSTCD,8,0,0,0.954431163494766,NA,NA,NA,1
H2AFJ,4,0,0,0.954431163494766,NA,NA,NA,1
HBEGF,4,0,0,0.954431163494766,NA,NA,NA,1
HIST1H2BF,2,0,0,0.954431163494766,NA,NA,NA,1
HIST1H4I,3,0,0,0.954431163494766,NA,NA,NA,1
IFNLR1,2,0,0,0.954431163494766,NA,NA,NA,1
KDM4D,2,0,0,0.954431163494766,NA,NA,NA,1
LASP1,5,0,0,0.954431163494766,NA,NA,NA,1
LMTK2,5,0,0,0.954431163494766,NA,NA,NA,1
LYPLA1,5,0,0,0.954431163494766,NA,NA,NA,1
MIIP,2,0,0,0.954431163494766,NA,NA,NA,1
NDUFAF1,2,0,0,0.954431163494766,NA,NA,NA,1
NUP85,3,0,0,0.954431163494766,NA,NA,NA,1
PAX9,11,0,0,0.954431163494766,NA,NA,NA,1
PCLO,2,0,0,0.954431163494766,NA,NA,NA,1
PCM1,4,0,0,0.954431163494766,NA,NA,NA,1
PDE6D,4,0,0,0.954431163494766,NA,NA,NA,1
PGAP1,14,0,0,0.954431163494766,NA,NA,NA,1
PGAP2,3,0,0,0.954431163494766,NA,NA,NA,1
RCCD1,7,0,0,0.954431163494766,NA,NA,NA,1
RIOK1,4,0,0,0.954431163494766,NA,NA,NA,1
RTL8C,7,0,0,0.954431163494766,NA,NA,NA,1
SLC50A1,2,0,0,0.954431163494766,NA,NA,NA,1
SRGAP2B,2,0,0,0.954431163494766,NA,NA,NA,1
SZRD1,8,0,0,0.954431163494766,NA,NA,NA,1
TANC1,6,0,0,0.954431163494766,NA,NA,NA,1
TRIP12,7,0,0,0.954431163494766,NA,NA,NA,1
UQCRHL,2,0,0,0.954431163494766,NA,NA,NA,1
WDR90,2,0,0,0.954431163494766,NA,NA,NA,1
ZBED8,3,0,0,0.954431163494766,NA,NA,NA,1
ZNF169,3,0,0,0.954431163494766,NA,NA,NA,1
ZNF20,7,0,0,0.954431163494766,NA,NA,NA,1
COBL,5,0,0,0.954526685787741,NA,NA,NA,1
KPNA3,9,0,0,0.954526685787741,NA,NA,NA,1
LMO7,7,0,0,0.954526685787741,NA,NA,NA,1
PRR13,8,0,0,0.954526685787741,NA,NA,NA,1
RALGPS1,3,0,0,0.954526685787741,NA,NA,NA,1
RIN1,3,0,0,0.954526685787741,NA,NA,NA,1
RPL36A-HNRNPH2,4,0,0,0.954526685787741,NA,NA,NA,1
TASP1,6,0,0,0.954526685787741,NA,NA,NA,1
THOC7,12,0,0,0.954526685787741,NA,NA,NA,1
TOM1,2,0,0,0.954526685787741,NA,NA,NA,1
TSC2,2,0,0,0.954526685787741,NA,NA,NA,1
UBR1,3,0,0,0.954526685787741,NA,NA,NA,1
VSIG1,2,0,0,0.954526685787741,NA,NA,NA,1
ZNF528,3,0,0,0.954526685787741,NA,NA,NA,1
ERC1,6,0,0,0.954573311425494,NA,NA,NA,1
TMEM259,3,0,0,0.954676566757365,NA,NA,NA,1
ACAT1,4,0,0,0.954737956015582,NA,NA,NA,1
APOBEC3G,2,0,0,0.954737956015582,NA,NA,NA,1
ATP5G2,2,0,0,0.954737956015582,NA,NA,NA,1
CDKN1A,9,0,0,0.954737956015582,NA,NA,NA,1
CHD8,3,0,0,0.954737956015582,NA,NA,NA,1
CNTRL,2,0,0,0.954737956015582,NA,NA,NA,1
CYHR1,3,0,0,0.954737956015582,NA,NA,NA,1
EPB41L1,6,0,0,0.954737956015582,NA,NA,NA,1
FBXO9,6,0,0,0.954737956015582,NA,NA,NA,1
GRAMD1A,2,0,0,0.954737956015582,NA,NA,NA,1
HIST1H1C,4,0,0,0.954737956015582,NA,NA,NA,1
HMGN1,5,0,0,0.954737956015582,NA,NA,NA,1
HOPX,2,0,0,0.954737956015582,NA,NA,NA,1
KCTD5,5,0,0,0.954737956015582,NA,NA,NA,1
KCTD7,6,0,0,0.954737956015582,NA,NA,NA,1
LMF2,2,0,0,0.954737956015582,NA,NA,NA,1
LRP10,5,0,0,0.954737956015582,NA,NA,NA,1
LRRC4,2,0,0,0.954737956015582,NA,NA,NA,1
MAFF,3,0,0,0.954737956015582,NA,NA,NA,1
MAP4,6,0,0,0.954737956015582,NA,NA,NA,1
NAB2,2,0,0,0.954737956015582,NA,NA,NA,1
NENF,3,0,0,0.954737956015582,NA,NA,NA,1
NKRF,7,0,0,0.954737956015582,NA,NA,NA,1
OIP5,9,0,0,0.954737956015582,NA,NA,NA,1
OSBP2,5,0,0,0.954737956015582,NA,NA,NA,1
PODNL1,3,0,0,0.954737956015582,NA,NA,NA,1
POGZ,5,0,0,0.954737956015582,NA,NA,NA,1
POLR2L,7,0,0,0.954737956015582,NA,NA,NA,1
PRKACB,7,0,0,0.954737956015582,NA,NA,NA,1
RBM48,13,0,0,0.954737956015582,NA,NA,NA,1
RHOF,7,0,0,0.954737956015582,NA,NA,NA,1
RPS3,5,0,0,0.954737956015582,NA,NA,NA,1
RPSA,3,0,0,0.954737956015582,NA,NA,NA,1
SRP54,5,0,0,0.954737956015582,NA,NA,NA,1
SSBP1,5,0,0,0.954737956015582,NA,NA,NA,1
TTC26,5,0,0,0.954737956015582,NA,NA,NA,1
USO1,6,0,0,0.954737956015582,NA,NA,NA,1
ZDHHC17,9,0,0,0.954737956015582,NA,NA,NA,1
ZNF577,2,0,0,0.954737956015582,NA,NA,NA,1
PRKAR1B,3,0,0,0.954738480433379,NA,NA,NA,1
CSTB,4,0,0,0.954797369151166,NA,NA,NA,1
EPN3,4,0,0,0.954797369151166,NA,NA,NA,1
KIF1B,5,0,0,0.954797369151166,NA,NA,NA,1
KIF3B,7,0,0,0.954797369151166,NA,NA,NA,1
MSX1,2,0,0,0.954797369151166,NA,NA,NA,1
PAPD5,8,0,0,0.954797369151166,NA,NA,NA,1
POLD2,5,0,0,0.954797369151166,NA,NA,NA,1
SERPINH1,6,0,0,0.954797369151166,NA,NA,NA,1
SLC37A2,6,0,0,0.954797369151166,NA,NA,NA,1
TMEM11,2,0,0,0.954797369151166,NA,NA,NA,1
TRIM22,3,0,0,0.954797369151166,NA,NA,NA,1
KIF24,6,0,0,0.95502818065656,NA,NA,NA,1
ARL6IP1,8,0,0,0.955110571176597,NA,NA,NA,1
PEX16,2,0,0,0.955110571176597,NA,NA,NA,1
IGIP,2,0,0,0.955147516834193,NA,NA,NA,1
MAP1B,7,0,0,0.955409293367401,NA,NA,NA,1
PRMT1,5,0,0,0.955435436826823,NA,NA,NA,1
MBTPS2,12,0,0,0.955515617666562,NA,NA,NA,1
NSUN2,3,0,0,0.955552036843839,NA,NA,NA,1
ABCF3,5,0,0,0.95563620853028,NA,NA,NA,1
FGFRL1,4,0,0,0.95563620853028,NA,NA,NA,1
AGPAT2,2,0,0,0.955651487646521,NA,NA,NA,1
CCPG1,5,0,0,0.955651487646521,NA,NA,NA,1
IKBKE,6,0,0,0.955651487646521,NA,NA,NA,1
UBR2,5,0,0,0.955651487646521,NA,NA,NA,1
MTA3,5,0,0,0.955967285162249,NA,NA,NA,1
WDR48,7,0,0,0.955967285162249,NA,NA,NA,1
GRK6,6,0,0,0.9560333438444,NA,NA,NA,1
RND3,7,0,0,0.956328857132858,NA,NA,NA,1
ARID3B,4,0,0,0.956348542810566,NA,NA,NA,1
CLEC16A,5,0,0,0.956348542810566,NA,NA,NA,1
FOSB,2,0,0,0.956348542810566,NA,NA,NA,1
PDZD2,5,0,0,0.956348542810566,NA,NA,NA,1
ZNF674,2,0,0,0.956348542810566,NA,NA,NA,1
UBALD2,5,0,0,0.956458347110529,NA,NA,NA,1
ACTR1A,12,0,0,0.956570878395117,NA,NA,NA,1
ARMT1,4,0,0,0.956570878395117,NA,NA,NA,1
ATRAID,2,0,0,0.956570878395117,NA,NA,NA,1
B4GALT1,9,0,0,0.956570878395117,NA,NA,NA,1
C2orf54,2,0,0,0.956570878395117,NA,NA,NA,1
CA11,2,0,0,0.956570878395117,NA,NA,NA,1
CCNF,7,0,0,0.956570878395117,NA,NA,NA,1
CEACAM19,3,0,0,0.956570878395117,NA,NA,NA,1
CES4A,3,0,0,0.956570878395117,NA,NA,NA,1
CGAS,5,0,0,0.956570878395117,NA,NA,NA,1
COA7,8,0,0,0.956570878395117,NA,NA,NA,1
CXorf56,4,0,0,0.956570878395117,NA,NA,NA,1
CYB561,8,0,0,0.956570878395117,NA,NA,NA,1
DCAF12,4,0,0,0.956570878395117,NA,NA,NA,1
DHFR2,6,0,0,0.956570878395117,NA,NA,NA,1
DPH2,4,0,0,0.956570878395117,NA,NA,NA,1
EHHADH,3,0,0,0.956570878395117,NA,NA,NA,1
F2RL1,8,0,0,0.956570878395117,NA,NA,NA,1
FAM32A,6,0,0,0.956570878395117,NA,NA,NA,1
FASN,5,0,0,0.956570878395117,NA,NA,NA,1
FBXO41,5,0,0,0.956570878395117,NA,NA,NA,1
FOXO4,2,0,0,0.956570878395117,NA,NA,NA,1
FRRS1,4,0,0,0.956570878395117,NA,NA,NA,1
GPR157,3,0,0,0.956570878395117,NA,NA,NA,1
HNRNPA3,9,0,0,0.956570878395117,NA,NA,NA,1
IRF5,2,0,0,0.956570878395117,NA,NA,NA,1
LAGE3,2,0,0,0.956570878395117,NA,NA,NA,1
LCMT2,5,0,0,0.956570878395117,NA,NA,NA,1
LPCAT3,7,0,0,0.956570878395117,NA,NA,NA,1
LRRC37A3,2,0,0,0.956570878395117,NA,NA,NA,1
MPZL3,5,0,0,0.956570878395117,NA,NA,NA,1
NDUFAB1,5,0,0,0.956570878395117,NA,NA,NA,1
NDUFB11,3,0,0,0.956570878395117,NA,NA,NA,1
PCDH9,3,0,0,0.956570878395117,NA,NA,NA,1
PRR15,4,0,0,0.956570878395117,NA,NA,NA,1
RBX1,7,0,0,0.956570878395117,NA,NA,NA,1
SAMD4B,6,0,0,0.956570878395117,NA,NA,NA,1
SHTN1,13,0,0,0.956570878395117,NA,NA,NA,1
SLITRK4,6,0,0,0.956570878395117,NA,NA,NA,1
SOBP,2,0,0,0.956570878395117,NA,NA,NA,1
STUB1,10,0,0,0.956570878395117,NA,NA,NA,1
STX3,6,0,0,0.956570878395117,NA,NA,NA,1
TGFA,5,0,0,0.956570878395117,NA,NA,NA,1
THRA,4,0,0,0.956570878395117,NA,NA,NA,1
TMSB4X,4,0,0,0.956570878395117,NA,NA,NA,1
TRAPPC2,5,0,0,0.956570878395117,NA,NA,NA,1
UGCG,5,0,0,0.956570878395117,NA,NA,NA,1
ZDHHC4,6,0,0,0.956570878395117,NA,NA,NA,1
ZFP37,7,0,0,0.956570878395117,NA,NA,NA,1
ZNF160,5,0,0,0.956570878395117,NA,NA,NA,1
ZNF319,3,0,0,0.956570878395117,NA,NA,NA,1
NUF2,5,0,0,0.956626679516453,NA,NA,NA,1
ARFGEF2,5,0,0,0.956940409408099,NA,NA,NA,1
CACNB4,6,0,0,0.956940409408099,NA,NA,NA,1
CEPT1,9,0,0,0.956940409408099,NA,NA,NA,1
FBXO10,2,0,0,0.956940409408099,NA,NA,NA,1
FSD1L,12,0,0,0.956940409408099,NA,NA,NA,1
GLRX,3,0,0,0.956940409408099,NA,NA,NA,1
HSPA12A,10,0,0,0.956940409408099,NA,NA,NA,1
MLLT10,6,0,0,0.956940409408099,NA,NA,NA,1
MRPS11,3,0,0,0.956940409408099,NA,NA,NA,1
MRPS17,4,0,0,0.956940409408099,NA,NA,NA,1
NOL3,6,0,0,0.956940409408099,NA,NA,NA,1
PNPO,10,0,0,0.956940409408099,NA,NA,NA,1
SAMD4A,4,0,0,0.956940409408099,NA,NA,NA,1
SMAGP,4,0,0,0.956940409408099,NA,NA,NA,1
SNX11,8,0,0,0.956940409408099,NA,NA,NA,1
WAC,5,0,0,0.956940409408099,NA,NA,NA,1
ANXA3,6,0,0,0.956981765039973,NA,NA,NA,1
BBS12,3,0,0,0.956981765039973,NA,NA,NA,1
EPB41L5,2,0,0,0.956981765039973,NA,NA,NA,1
MICAL2,2,0,0,0.956981765039973,NA,NA,NA,1
SKP2,2,0,0,0.956981765039973,NA,NA,NA,1
SRGN,2,0,0,0.956981765039973,NA,NA,NA,1
ACVR1,5,0,0,0.957189209136547,NA,NA,NA,1
ANAPC1,3,0,0,0.957189209136547,NA,NA,NA,1
BEST4,2,0,0,0.957189209136547,NA,NA,NA,1
ING5,5,0,0,0.957189209136547,NA,NA,NA,1
LRIG3,8,0,0,0.957189209136547,NA,NA,NA,1
ZNF551,5,0,0,0.957272750872659,NA,NA,NA,1
ATP5C1,3,0,0,0.957428270375899,NA,NA,NA,1
NECAP2,7,0,0,0.957428270375899,NA,NA,NA,1
PFKM,9,0,0,0.957428270375899,NA,NA,NA,1
DNAJC19,10,0,0,0.957438047730503,NA,NA,NA,1
MZF1,2,0,0,0.957438047730503,NA,NA,NA,1
C9orf66,2,0,0,0.957693197556997,NA,NA,NA,1
MAMDC4,2,0,0,0.957693197556997,NA,NA,NA,1
C1orf112,10,0,0,0.95777920473993,NA,NA,NA,1
ACSL5,4,0,0,0.957823304721753,NA,NA,NA,1
ATXN7L1,3,0,0,0.957823304721753,NA,NA,NA,1
B4GALT5,8,0,0,0.957823304721753,NA,NA,NA,1
BDKRB1,2,0,0,0.957823304721753,NA,NA,NA,1
COL16A1,4,0,0,0.957823304721753,NA,NA,NA,1
DET1,2,0,0,0.957823304721753,NA,NA,NA,1
DPH6,8,0,0,0.957823304721753,NA,NA,NA,1
ETS1,6,0,0,0.957823304721753,NA,NA,NA,1
FAS,10,0,0,0.957823304721753,NA,NA,NA,1
GEMIN7,3,0,0,0.957823304721753,NA,NA,NA,1
IDH3G,3,0,0,0.957823304721753,NA,NA,NA,1
LHPP,2,0,0,0.957823304721753,NA,NA,NA,1
NQO1,9,0,0,0.957823304721753,NA,NA,NA,1
PARS2,3,0,0,0.957823304721753,NA,NA,NA,1
POSTN,2,0,0,0.957823304721753,NA,NA,NA,1
PRPS1,6,0,0,0.957823304721753,NA,NA,NA,1
RNF152,7,0,0,0.957823304721753,NA,NA,NA,1
RNF217,11,0,0,0.957823304721753,NA,NA,NA,1
RORC,3,0,0,0.957823304721753,NA,NA,NA,1
SDHA,14,0,0,0.957823304721753,NA,NA,NA,1
THOC3,2,0,0,0.957823304721753,NA,NA,NA,1
THUMPD1,6,0,0,0.957823304721753,NA,NA,NA,1
ZNF330,4,0,0,0.957823304721753,NA,NA,NA,1
ZNF473,4,0,0,0.957823304721753,NA,NA,NA,1
ZNF736,11,0,0,0.957823304721753,NA,NA,NA,1
ADM,4,0,0,0.957831898375438,NA,NA,NA,1
IFITM2,5,0,0,0.957831898375438,NA,NA,NA,1
A4GALT,7,0,0,0.957984139383569,NA,NA,NA,1
ACIN1,2,0,0,0.957984139383569,NA,NA,NA,1
AKAP13,8,0,0,0.957984139383569,NA,NA,NA,1
BCCIP,3,0,0,0.957984139383569,NA,NA,NA,1
BICDL1,2,0,0,0.957984139383569,NA,NA,NA,1
BRSK2,3,0,0,0.957984139383569,NA,NA,NA,1
CEMIP,2,0,0,0.957984139383569,NA,NA,NA,1
FAM177A1,12,0,0,0.957984139383569,NA,NA,NA,1
FN1,14,0,0,0.957984139383569,NA,NA,NA,1
IKZF5,4,0,0,0.957984139383569,NA,NA,NA,1
IL20RA,5,0,0,0.957984139383569,NA,NA,NA,1
ITGA4,6,0,0,0.957984139383569,NA,NA,NA,1
KCNK1,6,0,0,0.957984139383569,NA,NA,NA,1
MAP2K4,8,0,0,0.957984139383569,NA,NA,NA,1
NIPAL2,6,0,0,0.957984139383569,NA,NA,NA,1
PSIP1,11,0,0,0.957984139383569,NA,NA,NA,1
PTPRJ,4,0,0,0.957984139383569,NA,NA,NA,1
SDHB,2,0,0,0.957984139383569,NA,NA,NA,1
SEPT10,5,0,0,0.957984139383569,NA,NA,NA,1
SH3BGRL3,7,0,0,0.957984139383569,NA,NA,NA,1
SIRT7,2,0,0,0.957984139383569,NA,NA,NA,1
SPAST,8,0,0,0.957984139383569,NA,NA,NA,1
SPG7,4,0,0,0.957984139383569,NA,NA,NA,1
TBCD,6,0,0,0.957984139383569,NA,NA,NA,1
TEK,4,0,0,0.957984139383569,NA,NA,NA,1
THNSL1,3,0,0,0.957984139383569,NA,NA,NA,1
TSEN2,5,0,0,0.957984139383569,NA,NA,NA,1
TUBGCP6,9,0,0,0.957984139383569,NA,NA,NA,1
UBAP1L,2,0,0,0.957984139383569,NA,NA,NA,1
ZNF614,6,0,0,0.957984139383569,NA,NA,NA,1
SNX2,13,0,0,0.958075537309429,NA,NA,NA,1
SMARCAD1,4,0,0,0.958304624886601,NA,NA,NA,1
KLF7,7,0,0,0.95831510132177,NA,NA,NA,1
RAB38,4,0,0,0.95831510132177,NA,NA,NA,1
RPL26,3,0,0,0.95831510132177,NA,NA,NA,1
UBE2C,3,0,0,0.95831510132177,NA,NA,NA,1
VWA8,3,0,0,0.95831510132177,NA,NA,NA,1
ZNF2,2,0,0,0.95831510132177,NA,NA,NA,1
LYSMD2,2,0,0,0.958400785379022,NA,NA,NA,1
RAB23,6,0,0,0.958400785379022,NA,NA,NA,1
SLC25A39,4,0,0,0.958400785379022,NA,NA,NA,1
EIF2AK3,2,0,0,0.95850966622023,NA,NA,NA,1
AP1M1,4,0,0,0.958627700795418,NA,NA,NA,1
BIN3,11,0,0,0.958627700795418,NA,NA,NA,1
CAD,5,0,0,0.958627700795418,NA,NA,NA,1
CCDC122,2,0,0,0.958627700795418,NA,NA,NA,1
DAP,3,0,0,0.958627700795418,NA,NA,NA,1
DCAF4L1,2,0,0,0.958627700795418,NA,NA,NA,1
EIF3D,5,0,0,0.958627700795418,NA,NA,NA,1
FAM227A,7,0,0,0.958627700795418,NA,NA,NA,1
FRMD6,3,0,0,0.958627700795418,NA,NA,NA,1
GYG1,5,0,0,0.958627700795418,NA,NA,NA,1
HIST1H4E,3,0,0,0.958627700795418,NA,NA,NA,1
L3MBTL3,2,0,0,0.958627700795418,NA,NA,NA,1
MIPEP,2,0,0,0.958627700795418,NA,NA,NA,1
MTHFSD,7,0,0,0.958627700795418,NA,NA,NA,1
N4BP3,3,0,0,0.958627700795418,NA,NA,NA,1
NFX1,6,0,0,0.958627700795418,NA,NA,NA,1
PRPS2,6,0,0,0.958627700795418,NA,NA,NA,1
PTGS1,3,0,0,0.958627700795418,NA,NA,NA,1
RFC1,6,0,0,0.958627700795418,NA,NA,NA,1
SLC11A2,5,0,0,0.958627700795418,NA,NA,NA,1
SLC39A13,4,0,0,0.958627700795418,NA,NA,NA,1
SPG11,4,0,0,0.958627700795418,NA,NA,NA,1
THTPA,5,0,0,0.958627700795418,NA,NA,NA,1
TRPC1,4,0,0,0.958627700795418,NA,NA,NA,1
TXN,5,0,0,0.958627700795418,NA,NA,NA,1
UBL5,5,0,0,0.958627700795418,NA,NA,NA,1
ZCCHC9,3,0,0,0.958627700795418,NA,NA,NA,1
ZNF512B,6,0,0,0.958627700795418,NA,NA,NA,1
ZNF879,3,0,0,0.958627700795418,NA,NA,NA,1
AURKAIP1,2,0,0,0.958726294119902,NA,NA,NA,1
CSNK1G1,3,0,0,0.958726294119902,NA,NA,NA,1
FNIP1,4,0,0,0.958726294119902,NA,NA,NA,1
FZD7,6,0,0,0.958726294119902,NA,NA,NA,1
ISCA1,7,0,0,0.958726294119902,NA,NA,NA,1
KIAA0232,5,0,0,0.958726294119902,NA,NA,NA,1
SLC25A1,3,0,0,0.958726294119902,NA,NA,NA,1
SOS2,8,0,0,0.958726294119902,NA,NA,NA,1
SUMF1,3,0,0,0.958726294119902,NA,NA,NA,1
ZNF607,3,0,0,0.958726294119902,NA,NA,NA,1
CDC40,3,0,0,0.958795105117552,NA,NA,NA,1
BCHE,2,0,0,0.958897113026941,NA,NA,NA,1
CDK6,12,0,0,0.959310975796223,NA,NA,NA,1
LPAR6,4,0,0,0.959600073650027,NA,NA,NA,1
PTBP3,11,0,0,0.9597876875504,NA,NA,NA,1
ANKRD18B,2,0,0,0.959814392340682,NA,NA,NA,1
HKR1,2,0,0,0.959814392340682,NA,NA,NA,1
C8orf82,2,0,0,0.960131268477296,NA,NA,NA,1
COIL,3,0,0,0.960199818954931,NA,NA,NA,1
DNAJC13,5,0,0,0.960199818954931,NA,NA,NA,1
EWSR1,4,0,0,0.960199818954931,NA,NA,NA,1
LRPPRC,5,0,0,0.960199818954931,NA,NA,NA,1
NUP88,7,0,0,0.960199818954931,NA,NA,NA,1
WDR78,2,0,0,0.960199818954931,NA,NA,NA,1
PSMC4,5,0,0,0.96028434102897,NA,NA,NA,1
EIF4E2,10,0,0,0.960333503593651,NA,NA,NA,1
ZZZ3,10,0,0,0.960392494722668,NA,NA,NA,1
PIK3IP1,5,0,0,0.960393889197877,NA,NA,NA,1
FBXW9,2,0,0,0.960503165006087,NA,NA,NA,1
SAMD1,3,0,0,0.960503165006087,NA,NA,NA,1
TFE3,2,0,0,0.960509315223333,NA,NA,NA,1
ARHGAP19,5,0,0,0.960567017691363,NA,NA,NA,1
CEP295,2,0,0,0.960567017691363,NA,NA,NA,1
CSTF2,6,0,0,0.960567017691363,NA,NA,NA,1
GOT2,4,0,0,0.960567017691363,NA,NA,NA,1
MICAL3,4,0,0,0.960567017691363,NA,NA,NA,1
PLK1,2,0,0,0.960567017691363,NA,NA,NA,1
SNAPIN,7,0,0,0.960618840198543,NA,NA,NA,1
ASH1L,8,0,0,0.960674849110898,NA,NA,NA,1
PCTP,2,0,0,0.960674849110898,NA,NA,NA,1
ZNF584,9,0,0,0.960843757481827,NA,NA,NA,1
BHLHE41,2,0,0,0.960951594038804,NA,NA,NA,1
CNPY3-GNMT,2,0,0,0.960951594038804,NA,NA,NA,1
CPOX,7,0,0,0.960951594038804,NA,NA,NA,1
DDOST,11,0,0,0.960951594038804,NA,NA,NA,1
DUSP22,5,0,0,0.960951594038804,NA,NA,NA,1
ENY2,10,0,0,0.960951594038804,NA,NA,NA,1
EZH1,2,0,0,0.960951594038804,NA,NA,NA,1
FRAS1,2,0,0,0.960951594038804,NA,NA,NA,1
GATA2,4,0,0,0.960951594038804,NA,NA,NA,1
GPER1,2,0,0,0.960951594038804,NA,NA,NA,1
IK,2,0,0,0.960951594038804,NA,NA,NA,1
IL17RB,3,0,0,0.960951594038804,NA,NA,NA,1
INPPL1,3,0,0,0.960951594038804,NA,NA,NA,1
KDM8,2,0,0,0.960951594038804,NA,NA,NA,1
LIN52,5,0,0,0.960951594038804,NA,NA,NA,1
LYPD3,2,0,0,0.960951594038804,NA,NA,NA,1
METTL6,11,0,0,0.960951594038804,NA,NA,NA,1
MID1,10,0,0,0.960951594038804,NA,NA,NA,1
NDUFAF8,8,0,0,0.960951594038804,NA,NA,NA,1
NUMBL,6,0,0,0.960951594038804,NA,NA,NA,1
PDE7B,7,0,0,0.960951594038804,NA,NA,NA,1
PLAGL2,3,0,0,0.960951594038804,NA,NA,NA,1
PLSCR3,6,0,0,0.960951594038804,NA,NA,NA,1
PSMC1,2,0,0,0.960951594038804,NA,NA,NA,1
RAD54L2,6,0,0,0.960951594038804,NA,NA,NA,1
RUVBL1,2,0,0,0.960951594038804,NA,NA,NA,1
SUOX,5,0,0,0.960951594038804,NA,NA,NA,1
TGFBR3,4,0,0,0.960951594038804,NA,NA,NA,1
TMEM258,6,0,0,0.960951594038804,NA,NA,NA,1
UBE2D1,4,0,0,0.960951594038804,NA,NA,NA,1
UNG,2,0,0,0.960951594038804,NA,NA,NA,1
VGLL4,11,0,0,0.960951594038804,NA,NA,NA,1
YTHDF1,4,0,0,0.960951594038804,NA,NA,NA,1
ZFAND6,6,0,0,0.960951594038804,NA,NA,NA,1
ZNF300,4,0,0,0.960951594038804,NA,NA,NA,1
ZNF652,4,0,0,0.960951594038804,NA,NA,NA,1
SNX30,7,0,0,0.961009114526273,NA,NA,NA,1
ASF1B,3,0,0,0.961015371625555,NA,NA,NA,1
C5orf22,13,0,0,0.961015371625555,NA,NA,NA,1
CNPY2,6,0,0,0.961015371625555,NA,NA,NA,1
ICE2,12,0,0,0.961015371625555,NA,NA,NA,1
MBOAT1,4,0,0,0.961015371625555,NA,NA,NA,1
POLR1C,7,0,0,0.961015371625555,NA,NA,NA,1
PPP2R3A,4,0,0,0.961015371625555,NA,NA,NA,1
RFNG,2,0,0,0.961015371625555,NA,NA,NA,1
SAMD10,3,0,0,0.961015371625555,NA,NA,NA,1
SYT7,7,0,0,0.961015371625555,NA,NA,NA,1
NRARP,7,0,0,0.961101506911078,NA,NA,NA,1
ANKRD28,4,0,0,0.961194189696364,NA,NA,NA,1
LACTB,3,0,0,0.961300130379992,NA,NA,NA,1
COG7,2,0,0,0.961524239652352,NA,NA,NA,1
EIF6,2,0,0,0.961524239652352,NA,NA,NA,1
ARHGEF1,2,0,0,0.961757954904086,NA,NA,NA,1
TECPR2,5,0,0,0.961757954904086,NA,NA,NA,1
BOLA3,3,0,0,0.961776915295392,NA,NA,NA,1
ACACB,2,0,0,0.96184603593222,NA,NA,NA,1
CDKN2AIP,6,0,0,0.961959600888737,NA,NA,NA,1
CIB1,4,0,0,0.961959600888737,NA,NA,NA,1
CPSF7,3,0,0,0.961959600888737,NA,NA,NA,1
DBP,3,0,0,0.961959600888737,NA,NA,NA,1
KLF3,20,0,0,0.961959600888737,NA,NA,NA,1
SRD5A3,8,0,0,0.961959600888737,NA,NA,NA,1
MORC4,5,0,0,0.962245411097738,NA,NA,NA,1
ZCWPW2,5,0,0,0.962245411097738,NA,NA,NA,1
ZFHX3,7,0,0,0.962245411097738,NA,NA,NA,1
PPP2R2C,3,0,0,0.9623281445826,NA,NA,NA,1
C1orf174,5,0,0,0.962376936621279,NA,NA,NA,1
CPNE2,2,0,0,0.962430731145866,NA,NA,NA,1
CXCL3,3,0,0,0.9624582560146,NA,NA,NA,1
MOB3B,6,0,0,0.9624582560146,NA,NA,NA,1
SYN2,2,0,0,0.9624582560146,NA,NA,NA,1
TMEM9B,6,0,0,0.9624582560146,NA,NA,NA,1
TP53I11,5,0,0,0.9624582560146,NA,NA,NA,1
TRAF4,4,0,0,0.9624582560146,NA,NA,NA,1
LARP1,7,0,0,0.962506577683091,NA,NA,NA,1
C1QTNF1,2,0,0,0.962619683618351,NA,NA,NA,1
DQX1,2,0,0,0.962619683618351,NA,NA,NA,1
GALC,4,0,0,0.962619683618351,NA,NA,NA,1
GOLIM4,4,0,0,0.962619683618351,NA,NA,NA,1
NUDC,5,0,0,0.962619683618351,NA,NA,NA,1
OXSM,5,0,0,0.962619683618351,NA,NA,NA,1
OAT,2,0,0,0.962743454067559,NA,NA,NA,1
FAM160B2,4,0,0,0.962863752357387,NA,NA,NA,1
FH,5,0,0,0.963003000711324,NA,NA,NA,1
IQCH,3,0,0,0.963003000711324,NA,NA,NA,1
PEX11G,2,0,0,0.963003000711324,NA,NA,NA,1
SCAF8,10,0,0,0.963090065514517,NA,NA,NA,1
SPSB1,4,0,0,0.963172077066784,NA,NA,NA,1
KREMEN2,2,0,0,0.963241839884376,NA,NA,NA,1
MTIF3,3,0,0,0.963241839884376,NA,NA,NA,1
LY75-CD302,5,0,0,0.963256528656115,NA,NA,NA,1
TMEM139,3,0,0,0.963339103773767,NA,NA,NA,1
TYRO3,2,0,0,0.963339103773767,NA,NA,NA,1
AAGAB,9,0,0,0.963341017368031,NA,NA,NA,1
ALG10B,4,0,0,0.963341017368031,NA,NA,NA,1
ANAPC5,3,0,0,0.963341017368031,NA,NA,NA,1
ATP5B,4,0,0,0.963341017368031,NA,NA,NA,1
BBOF1,4,0,0,0.963341017368031,NA,NA,NA,1
BBS1,8,0,0,0.963341017368031,NA,NA,NA,1
C18orf54,12,0,0,0.963341017368031,NA,NA,NA,1
CAMSAP1,4,0,0,0.963341017368031,NA,NA,NA,1
CCDC91,7,0,0,0.963341017368031,NA,NA,NA,1
CD274,3,0,0,0.963341017368031,NA,NA,NA,1
CDK18,5,0,0,0.963341017368031,NA,NA,NA,1
CEP290,3,0,0,0.963341017368031,NA,NA,NA,1
CXCR1,2,0,0,0.963341017368031,NA,NA,NA,1
CYBRD1,9,0,0,0.963341017368031,NA,NA,NA,1
FAM218A,6,0,0,0.963341017368031,NA,NA,NA,1
FBXO7,4,0,0,0.963341017368031,NA,NA,NA,1
GBP3,3,0,0,0.963341017368031,NA,NA,NA,1
GPATCH8,4,0,0,0.963341017368031,NA,NA,NA,1
HELQ,3,0,0,0.963341017368031,NA,NA,NA,1
IMPA2,6,0,0,0.963341017368031,NA,NA,NA,1
KCNJ14,4,0,0,0.963341017368031,NA,NA,NA,1
LAMA4,2,0,0,0.963341017368031,NA,NA,NA,1
MARCH3,4,0,0,0.963341017368031,NA,NA,NA,1
MELTF,3,0,0,0.963341017368031,NA,NA,NA,1
MGAT5,4,0,0,0.963341017368031,NA,NA,NA,1
NHP2,5,0,0,0.963341017368031,NA,NA,NA,1
NRF1,6,0,0,0.963341017368031,NA,NA,NA,1
NUDT19,7,0,0,0.963341017368031,NA,NA,NA,1
NUDT9,4,0,0,0.963341017368031,NA,NA,NA,1
NUP205,3,0,0,0.963341017368031,NA,NA,NA,1
PA2G4,8,0,0,0.963341017368031,NA,NA,NA,1
PAQR7,3,0,0,0.963341017368031,NA,NA,NA,1
PLA2G4B,5,0,0,0.963341017368031,NA,NA,NA,1
PPP2R5A,5,0,0,0.963341017368031,NA,NA,NA,1
PSAT1,5,0,0,0.963341017368031,NA,NA,NA,1
PSENEN,5,0,0,0.963341017368031,NA,NA,NA,1
PTPN13,3,0,0,0.963341017368031,NA,NA,NA,1
RABGAP1L,6,0,0,0.963341017368031,NA,NA,NA,1
RPS6KA1,2,0,0,0.963341017368031,NA,NA,NA,1
SLC16A2,6,0,0,0.963341017368031,NA,NA,NA,1
SLC35G2,4,0,0,0.963341017368031,NA,NA,NA,1
STK16,3,0,0,0.963341017368031,NA,NA,NA,1
TCAF2,6,0,0,0.963341017368031,NA,NA,NA,1
TCF7L2,4,0,0,0.963341017368031,NA,NA,NA,1
TDRD3,2,0,0,0.963341017368031,NA,NA,NA,1
TEPSIN,2,0,0,0.963341017368031,NA,NA,NA,1
TIMM21,6,0,0,0.963341017368031,NA,NA,NA,1
TRIM52,5,0,0,0.963341017368031,NA,NA,NA,1
USF2,4,0,0,0.963341017368031,NA,NA,NA,1
UTP4,2,0,0,0.963341017368031,NA,NA,NA,1
YTHDC2,7,0,0,0.963341017368031,NA,NA,NA,1
ZNF417,10,0,0,0.963341017368031,NA,NA,NA,1
ZNF638,6,0,0,0.963341017368031,NA,NA,NA,1
ZNF680,4,0,0,0.963341017368031,NA,NA,NA,1
ZSCAN31,4,0,0,0.963341017368031,NA,NA,NA,1
NSMAF,9,0,0,0.963474439849671,NA,NA,NA,1
PGD,4,0,0,0.963528382320165,NA,NA,NA,1
ZNF14,5,0,0,0.963528382320165,NA,NA,NA,1
FBXO28,16,0,0,0.963552835854492,NA,NA,NA,1
CD24,3,0,0,0.963626969082467,NA,NA,NA,1
ELAVL2,4,0,0,0.963752180147226,NA,NA,NA,1
STK26,3,0,0,0.963752180147226,NA,NA,NA,1
ZNF420,2,0,0,0.963752180147226,NA,NA,NA,1
PTCHD4,8,0,0,0.963777442834916,NA,NA,NA,1
PON2,7,0,0,0.963814206589759,NA,NA,NA,1
TTC8,2,0,0,0.963814206589759,NA,NA,NA,1
RAB29,6,0,0,0.96382417816388,NA,NA,NA,1
STARD3NL,5,0,0,0.963832435295187,NA,NA,NA,1
PARD6B,7,0,0,0.963962650717433,NA,NA,NA,1
USP49,9,0,0,0.964147225032565,NA,NA,NA,1
ADGRL2,7,0,0,0.964323875579497,NA,NA,NA,1
AKNA,3,0,0,0.964323875579497,NA,NA,NA,1
AKR7L,3,0,0,0.964323875579497,NA,NA,NA,1
AQP3,2,0,0,0.964323875579497,NA,NA,NA,1
CRISPLD2,2,0,0,0.964323875579497,NA,NA,NA,1
DCAKD,3,0,0,0.964323875579497,NA,NA,NA,1
DDX49,2,0,0,0.964323875579497,NA,NA,NA,1
JADE3,3,0,0,0.964323875579497,NA,NA,NA,1
LAMB1,5,0,0,0.964323875579497,NA,NA,NA,1
MOB1B,9,0,0,0.964323875579497,NA,NA,NA,1
MRPL52,3,0,0,0.964323875579497,NA,NA,NA,1
MRPS16,15,0,0,0.964323875579497,NA,NA,NA,1
RIPK1,5,0,0,0.964323875579497,NA,NA,NA,1
THAP9,4,0,0,0.964323875579497,NA,NA,NA,1
TNFSF15,2,0,0,0.964323875579497,NA,NA,NA,1
UFSP1,5,0,0,0.964323875579497,NA,NA,NA,1
ZNF814,9,0,0,0.964552556463426,NA,NA,NA,1
NDUFA12,2,0,0,0.964613288753025,NA,NA,NA,1
ZNF544,4,0,0,0.964657495503193,NA,NA,NA,1
CELSR2,7,0,0,0.964979100320754,NA,NA,NA,1
ASB13,3,0,0,0.965000701605999,NA,NA,NA,1
HADHA,5,0,0,0.965000701605999,NA,NA,NA,1
PIK3R2,2,0,0,0.965000701605999,NA,NA,NA,1
HOXA7,3,0,0,0.965008724333589,NA,NA,NA,1
ANKRD37,2,0,0,0.965392877017698,NA,NA,NA,1
ATP11C,5,0,0,0.965392877017698,NA,NA,NA,1
BCL2L12,2,0,0,0.965392877017698,NA,NA,NA,1
C10orf55,3,0,0,0.965392877017698,NA,NA,NA,1
CCDC137,5,0,0,0.965392877017698,NA,NA,NA,1
CCDC85B,3,0,0,0.965392877017698,NA,NA,NA,1
CEBPZ,3,0,0,0.965392877017698,NA,NA,NA,1
CHORDC1,12,0,0,0.965392877017698,NA,NA,NA,1
CHST14,4,0,0,0.965392877017698,NA,NA,NA,1
DMXL2,4,0,0,0.965392877017698,NA,NA,NA,1
FAM129B,3,0,0,0.965392877017698,NA,NA,NA,1
FBXO31,6,0,0,0.965392877017698,NA,NA,NA,1
HPCAL1,4,0,0,0.965392877017698,NA,NA,NA,1
ID1,4,0,0,0.965392877017698,NA,NA,NA,1
KIF27,4,0,0,0.965392877017698,NA,NA,NA,1
LRRC8C,5,0,0,0.965392877017698,NA,NA,NA,1
MASTL,4,0,0,0.965392877017698,NA,NA,NA,1
NHLRC3,12,0,0,0.965392877017698,NA,NA,NA,1
PAIP2,6,0,0,0.965392877017698,NA,NA,NA,1
PAQR3,4,0,0,0.965392877017698,NA,NA,NA,1
PEX10,11,0,0,0.965392877017698,NA,NA,NA,1
PITHD1,4,0,0,0.965392877017698,NA,NA,NA,1
PPARGC1A,7,0,0,0.965392877017698,NA,NA,NA,1
PRRT3,5,0,0,0.965392877017698,NA,NA,NA,1
RETREG3,2,0,0,0.965392877017698,NA,NA,NA,1
RNF157,2,0,0,0.965392877017698,NA,NA,NA,1
SART1,3,0,0,0.965392877017698,NA,NA,NA,1
SLC39A9,4,0,0,0.965392877017698,NA,NA,NA,1
TRAF1,4,0,0,0.965392877017698,NA,NA,NA,1
TSEN15,3,0,0,0.965392877017698,NA,NA,NA,1
ZKSCAN3,8,0,0,0.965392877017698,NA,NA,NA,1
ZNF211,3,0,0,0.965392877017698,NA,NA,NA,1
ZNFX1,2,0,0,0.965392877017698,NA,NA,NA,1
RBM4B,3,0,0,0.965485983402388,NA,NA,NA,1
ATP6V0C,4,0,0,0.965572225182423,NA,NA,NA,1
ACOT9,5,0,0,0.965656061830601,NA,NA,NA,1
AKAP6,7,0,0,0.965656061830601,NA,NA,NA,1
APPL2,3,0,0,0.965656061830601,NA,NA,NA,1
CYB5RL,4,0,0,0.965656061830601,NA,NA,NA,1
DOCK9,7,0,0,0.965656061830601,NA,NA,NA,1
ECHDC3,2,0,0,0.965656061830601,NA,NA,NA,1
MID1IP1,3,0,0,0.965656061830601,NA,NA,NA,1
RYR2,6,0,0,0.965656061830601,NA,NA,NA,1
SVIL,5,0,0,0.965656061830601,NA,NA,NA,1
ATP5EP2,2,0,0,0.965659268883807,NA,NA,NA,1
CALR,7,0,0,0.965659268883807,NA,NA,NA,1
DAPK1,4,0,0,0.965659268883807,NA,NA,NA,1
SFXN3,3,0,0,0.965659268883807,NA,NA,NA,1
SH3RF3,5,0,0,0.965659268883807,NA,NA,NA,1
SLC2A6,4,0,0,0.965659268883807,NA,NA,NA,1
BRSK1,2,0,0,0.965710615502782,NA,NA,NA,1
C17orf58,2,0,0,0.965710615502782,NA,NA,NA,1
CCDC149,3,0,0,0.965710615502782,NA,NA,NA,1
CCM2,3,0,0,0.965710615502782,NA,NA,NA,1
CNTNAP1,3,0,0,0.965710615502782,NA,NA,NA,1
DDX50,2,0,0,0.965710615502782,NA,NA,NA,1
DRG2,3,0,0,0.965710615502782,NA,NA,NA,1
FRS3,3,0,0,0.965710615502782,NA,NA,NA,1
KLHL13,4,0,0,0.965710615502782,NA,NA,NA,1
MPV17,4,0,0,0.965710615502782,NA,NA,NA,1
NDUFAF5,9,0,0,0.965710615502782,NA,NA,NA,1
OARD1,10,0,0,0.965710615502782,NA,NA,NA,1
PIGX,8,0,0,0.965710615502782,NA,NA,NA,1
SLCO1B3,8,0,0,0.965710615502782,NA,NA,NA,1
SMIM19,9,0,0,0.965710615502782,NA,NA,NA,1
TNIP2,3,0,0,0.965710615502782,NA,NA,NA,1
YRDC,6,0,0,0.965710615502782,NA,NA,NA,1
ZNF746,3,0,0,0.965710615502782,NA,NA,NA,1
FAM50B,2,0,0,0.965727060313481,NA,NA,NA,1
EEF1AKMT1,4,0,0,0.965769507332837,NA,NA,NA,1
FAM219A,2,0,0,0.966266846078184,NA,NA,NA,1
NHSL1,4,0,0,0.966266846078184,NA,NA,NA,1
BAHD1,3,0,0,0.966498166431981,NA,NA,NA,1
BNIP1,2,0,0,0.966498166431981,NA,NA,NA,1
CCNK,7,0,0,0.966498166431981,NA,NA,NA,1
CSGALNACT1,4,0,0,0.966498166431981,NA,NA,NA,1
EPHX4,3,0,0,0.966498166431981,NA,NA,NA,1
IFNGR1,2,0,0,0.966498166431981,NA,NA,NA,1
JDP2,4,0,0,0.966498166431981,NA,NA,NA,1
JPH1,4,0,0,0.966498166431981,NA,NA,NA,1
KDM1A,2,0,0,0.966498166431981,NA,NA,NA,1
LDHB,8,0,0,0.966498166431981,NA,NA,NA,1
MANEAL,13,0,0,0.966498166431981,NA,NA,NA,1
MEIS1,6,0,0,0.966498166431981,NA,NA,NA,1
MYORG,5,0,0,0.966498166431981,NA,NA,NA,1
PSME1,3,0,0,0.966498166431981,NA,NA,NA,1
RBFA,10,0,0,0.966498166431981,NA,NA,NA,1
SEMA5A,7,0,0,0.966498166431981,NA,NA,NA,1
TMEM5,4,0,0,0.966498166431981,NA,NA,NA,1
TRIT1,3,0,0,0.966498166431981,NA,NA,NA,1
WASF1,6,0,0,0.966498166431981,NA,NA,NA,1
SNRPB,2,0,0,0.966860120008619,NA,NA,NA,1
CHML,4,0,0,0.966871416906543,NA,NA,NA,1
KCNQ3,5,0,0,0.966871416906543,NA,NA,NA,1
TMEM256,2,0,0,0.966871416906543,NA,NA,NA,1
ABAT,4,0,0,0.9671774890633,NA,NA,NA,1
AMIGO2,6,0,0,0.9671774890633,NA,NA,NA,1
ANK2,5,0,0,0.9671774890633,NA,NA,NA,1
AP3S1,4,0,0,0.9671774890633,NA,NA,NA,1
ARAF,2,0,0,0.9671774890633,NA,NA,NA,1
ARFGAP2,7,0,0,0.9671774890633,NA,NA,NA,1
DCPS,7,0,0,0.9671774890633,NA,NA,NA,1
DTX4,2,0,0,0.9671774890633,NA,NA,NA,1
FAM110A,4,0,0,0.9671774890633,NA,NA,NA,1
HOXC8,2,0,0,0.9671774890633,NA,NA,NA,1
KLRC4-KLRK1,2,0,0,0.9671774890633,NA,NA,NA,1
LIMS1,6,0,0,0.9671774890633,NA,NA,NA,1
LUC7L,4,0,0,0.9671774890633,NA,NA,NA,1
MFSD2A,2,0,0,0.9671774890633,NA,NA,NA,1
MRPS28,5,0,0,0.9671774890633,NA,NA,NA,1
NUP188,2,0,0,0.9671774890633,NA,NA,NA,1
OPA3,2,0,0,0.9671774890633,NA,NA,NA,1
POLD3,5,0,0,0.9671774890633,NA,NA,NA,1
PRRG2,3,0,0,0.9671774890633,NA,NA,NA,1
SERTAD4,3,0,0,0.9671774890633,NA,NA,NA,1
SESN2,3,0,0,0.9671774890633,NA,NA,NA,1
SMARCD3,4,0,0,0.9671774890633,NA,NA,NA,1
STAT5B,7,0,0,0.9671774890633,NA,NA,NA,1
SUCLA2,15,0,0,0.9671774890633,NA,NA,NA,1
SYT14,12,0,0,0.9671774890633,NA,NA,NA,1
TOPORS,6,0,0,0.9671774890633,NA,NA,NA,1
ZNF266,3,0,0,0.9671774890633,NA,NA,NA,1
AGRN,3,0,0,0.96740579073139,NA,NA,NA,1
SLC6A9,4,0,0,0.96740579073139,NA,NA,NA,1
NUTF2,3,0,0,0.967490133589728,NA,NA,NA,1
EPHA4,4,0,0,0.967551139856398,NA,NA,NA,1
FAM114A2,7,0,0,0.967551139856398,NA,NA,NA,1
ICA1L,5,0,0,0.967551139856398,NA,NA,NA,1
SCEL,5,0,0,0.967551139856398,NA,NA,NA,1
TSC22D2,7,0,0,0.967551139856398,NA,NA,NA,1
C11orf24,4,0,0,0.968284668532132,NA,NA,NA,1
MMGT1,8,0,0,0.968455819888859,NA,NA,NA,1
NOTCH1,6,0,0,0.968488618806735,NA,NA,NA,1
ATP6AP1L,3,0,0,0.969095463028803,NA,NA,NA,1
C16orf58,5,0,0,0.969095463028803,NA,NA,NA,1
CBR1,5,0,0,0.969095463028803,NA,NA,NA,1
CNOT11,5,0,0,0.969095463028803,NA,NA,NA,1
CRYZ,7,0,0,0.969095463028803,NA,NA,NA,1
CTXN1,3,0,0,0.969095463028803,NA,NA,NA,1
EEF1G,5,0,0,0.969095463028803,NA,NA,NA,1
EID2B,5,0,0,0.969095463028803,NA,NA,NA,1
EXOC8,12,0,0,0.969095463028803,NA,NA,NA,1
FAM3C,10,0,0,0.969095463028803,NA,NA,NA,1
FAM53A,3,0,0,0.969095463028803,NA,NA,NA,1
FANCD2,2,0,0,0.969095463028803,NA,NA,NA,1
FGFBP1,8,0,0,0.969095463028803,NA,NA,NA,1
GLI4,5,0,0,0.969095463028803,NA,NA,NA,1
IL6,2,0,0,0.969095463028803,NA,NA,NA,1
KIAA0100,3,0,0,0.969095463028803,NA,NA,NA,1
KNL1,4,0,0,0.969095463028803,NA,NA,NA,1
LEMD2,3,0,0,0.969095463028803,NA,NA,NA,1
LPIN3,3,0,0,0.969095463028803,NA,NA,NA,1
LYPD1,7,0,0,0.969095463028803,NA,NA,NA,1
MICU2,2,0,0,0.969095463028803,NA,NA,NA,1
NAT10,7,0,0,0.969095463028803,NA,NA,NA,1
NDUFS8,2,0,0,0.969095463028803,NA,NA,NA,1
NR6A1,4,0,0,0.969095463028803,NA,NA,NA,1
NSUN6,7,0,0,0.969095463028803,NA,NA,NA,1
ORC5,2,0,0,0.969095463028803,NA,NA,NA,1
PKP1,2,0,0,0.969095463028803,NA,NA,NA,1
PODXL,6,0,0,0.969095463028803,NA,NA,NA,1
PSMG3,2,0,0,0.969095463028803,NA,NA,NA,1
RHOT2,3,0,0,0.969095463028803,NA,NA,NA,1
RLF,3,0,0,0.969095463028803,NA,NA,NA,1
RPL35,2,0,0,0.969095463028803,NA,NA,NA,1
SETBP1,3,0,0,0.969095463028803,NA,NA,NA,1
SLC46A3,4,0,0,0.969095463028803,NA,NA,NA,1
SPATA20,5,0,0,0.969095463028803,NA,NA,NA,1
SSB,3,0,0,0.969095463028803,NA,NA,NA,1
TADA1,6,0,0,0.969095463028803,NA,NA,NA,1
TAF5L,3,0,0,0.969095463028803,NA,NA,NA,1
TCAF1,3,0,0,0.969095463028803,NA,NA,NA,1
TCEA1,5,0,0,0.969095463028803,NA,NA,NA,1
TCF7,4,0,0,0.969095463028803,NA,NA,NA,1
TEX30,5,0,0,0.969095463028803,NA,NA,NA,1
TFPI2,10,0,0,0.969095463028803,NA,NA,NA,1
TIGD6,8,0,0,0.969095463028803,NA,NA,NA,1
TK1,7,0,0,0.969095463028803,NA,NA,NA,1
TMCO4,3,0,0,0.969095463028803,NA,NA,NA,1
TMEM14C,6,0,0,0.969095463028803,NA,NA,NA,1
TRAPPC6B,9,0,0,0.969095463028803,NA,NA,NA,1
TRIM37,2,0,0,0.969095463028803,NA,NA,NA,1
TSHZ2,5,0,0,0.969095463028803,NA,NA,NA,1
TSKU,5,0,0,0.969095463028803,NA,NA,NA,1
BLM,4,0,0,0.969144435775465,NA,NA,NA,1
CCAR2,4,0,0,0.969144435775465,NA,NA,NA,1
PCDHB6,2,0,0,0.969144435775465,NA,NA,NA,1
PFKFB4,4,0,0,0.969144435775465,NA,NA,NA,1
RRAGD,3,0,0,0.969144435775465,NA,NA,NA,1
TRAM1L1,3,0,0,0.969144435775465,NA,NA,NA,1
USP8,6,0,0,0.969222913659055,NA,NA,NA,1
ABCA10,2,0,0,0.969276613455561,NA,NA,NA,1
ADAM12,5,0,0,0.969276613455561,NA,NA,NA,1
BBS4,3,0,0,0.969276613455561,NA,NA,NA,1
CNTF,9,0,0,0.969276613455561,NA,NA,NA,1
CREBRF,3,0,0,0.969276613455561,NA,NA,NA,1
DDX1,4,0,0,0.969276613455561,NA,NA,NA,1
DISC1,2,0,0,0.969276613455561,NA,NA,NA,1
DTNBP1,3,0,0,0.969276613455561,NA,NA,NA,1
EGLN2,2,0,0,0.969276613455561,NA,NA,NA,1
EPB41,7,0,0,0.969276613455561,NA,NA,NA,1
FSIP1,5,0,0,0.969276613455561,NA,NA,NA,1
GCC2,5,0,0,0.969276613455561,NA,NA,NA,1
GID8,12,0,0,0.969276613455561,NA,NA,NA,1
HES4,2,0,0,0.969276613455561,NA,NA,NA,1
HSD17B1,2,0,0,0.969276613455561,NA,NA,NA,1
MAP2K3,2,0,0,0.969276613455561,NA,NA,NA,1
MSX2,7,0,0,0.969276613455561,NA,NA,NA,1
MYOM1,2,0,0,0.969276613455561,NA,NA,NA,1
NCCRP1,2,0,0,0.969276613455561,NA,NA,NA,1
NUPR1,4,0,0,0.969276613455561,NA,NA,NA,1
PTGS2,8,0,0,0.969276613455561,NA,NA,NA,1
RAB11FIP1,10,0,0,0.969276613455561,NA,NA,NA,1
RNASEH2C,5,0,0,0.969276613455561,NA,NA,NA,1
RPL15,3,0,0,0.969276613455561,NA,NA,NA,1
SFXN2,7,0,0,0.969276613455561,NA,NA,NA,1
SPECC1L,5,0,0,0.969276613455561,NA,NA,NA,1
TMEM206,4,0,0,0.969276613455561,NA,NA,NA,1
TSC22D4,2,0,0,0.969276613455561,NA,NA,NA,1
RRN3,4,0,0,0.969282556097273,NA,NA,NA,1
ZSWIM1,2,0,0,0.969292915491512,NA,NA,NA,1
MRPL32,3,0,0,0.969707924094093,NA,NA,NA,1
TRIP4,2,0,0,0.969707924094093,NA,NA,NA,1
INTS8,4,0,0,0.969801418048957,NA,NA,NA,1
CAMK4,15,0,0,0.969835955440234,NA,NA,NA,1
CMTR1,5,0,0,0.969835955440234,NA,NA,NA,1
DND1,2,0,0,0.969835955440234,NA,NA,NA,1
FAM122B,6,0,0,0.969835955440234,NA,NA,NA,1
IL15RA,2,0,0,0.969835955440234,NA,NA,NA,1
MMP24OS,4,0,0,0.969835955440234,NA,NA,NA,1
NRCAM,5,0,0,0.969835955440234,NA,NA,NA,1
PIGC,4,0,0,0.969835955440234,NA,NA,NA,1
SIX5,3,0,0,0.969835955440234,NA,NA,NA,1
ATP5J2-PTCD1,4,0,0,0.970045270017673,NA,NA,NA,1
FKBP1B,3,0,0,0.970045270017673,NA,NA,NA,1
MRC2,2,0,0,0.970045270017673,NA,NA,NA,1
PEAK1,2,0,0,0.970045270017673,NA,NA,NA,1
PID1,2,0,0,0.970045270017673,NA,NA,NA,1
PPM1K,3,0,0,0.970045270017673,NA,NA,NA,1
RBM44,2,0,0,0.970045270017673,NA,NA,NA,1
REEP4,3,0,0,0.970045270017673,NA,NA,NA,1
SAMD9L,2,0,0,0.970045270017673,NA,NA,NA,1
SLC15A4,3,0,0,0.970045270017673,NA,NA,NA,1
TBC1D22B,3,0,0,0.970045270017673,NA,NA,NA,1
WBP4,5,0,0,0.970045270017673,NA,NA,NA,1
ZCCHC7,4,0,0,0.970045270017673,NA,NA,NA,1
ZNF624,2,0,0,0.970045270017673,NA,NA,NA,1
FABP5,3,0,0,0.970091184137641,NA,NA,NA,1
SMARCA1,4,0,0,0.970169437942001,NA,NA,NA,1
ATL1,5,0,0,0.970172110683506,NA,NA,NA,1
C5,2,0,0,0.970172110683506,NA,NA,NA,1
CCDC96,2,0,0,0.970172110683506,NA,NA,NA,1
CUTC,2,0,0,0.970172110683506,NA,NA,NA,1
EFNB2,6,0,0,0.970172110683506,NA,NA,NA,1
NFS1,5,0,0,0.970172110683506,NA,NA,NA,1
PLAG1,3,0,0,0.970172110683506,NA,NA,NA,1
RUVBL2,4,0,0,0.970172110683506,NA,NA,NA,1
SCYL3,6,0,0,0.970172110683506,NA,NA,NA,1
SLC22A5,4,0,0,0.970172110683506,NA,NA,NA,1
SLFN13,4,0,0,0.970172110683506,NA,NA,NA,1
SP140L,2,0,0,0.970172110683506,NA,NA,NA,1
TBL1X,3,0,0,0.970172110683506,NA,NA,NA,1
TGM1,2,0,0,0.970172110683506,NA,NA,NA,1
ULK3,4,0,0,0.970172110683506,NA,NA,NA,1
ZNF317,3,0,0,0.970172110683506,NA,NA,NA,1
ATP2B4,6,0,0,0.970442474174377,NA,NA,NA,1
GJA3,3,0,0,0.970442474174377,NA,NA,NA,1
AAMP,2,0,0,0.970468626674282,NA,NA,NA,1
ACTR3B,4,0,0,0.970468626674282,NA,NA,NA,1
ADH5,13,0,0,0.970468626674282,NA,NA,NA,1
AHSA1,2,0,0,0.970468626674282,NA,NA,NA,1
ALDH9A1,4,0,0,0.970468626674282,NA,NA,NA,1
ANKS1B,3,0,0,0.970468626674282,NA,NA,NA,1
ANO1,3,0,0,0.970468626674282,NA,NA,NA,1
AP1AR,7,0,0,0.970468626674282,NA,NA,NA,1
AP4B1,3,0,0,0.970468626674282,NA,NA,NA,1
ARHGEF18,6,0,0,0.970468626674282,NA,NA,NA,1
ARHGEF6,4,0,0,0.970468626674282,NA,NA,NA,1
ATF4,3,0,0,0.970468626674282,NA,NA,NA,1
ATP2C2,3,0,0,0.970468626674282,NA,NA,NA,1
BAIAP2,2,0,0,0.970468626674282,NA,NA,NA,1
BTBD9,9,0,0,0.970468626674282,NA,NA,NA,1
BTG2,2,0,0,0.970468626674282,NA,NA,NA,1
C19orf44,2,0,0,0.970468626674282,NA,NA,NA,1
C21orf91,7,0,0,0.970468626674282,NA,NA,NA,1
C7orf31,4,0,0,0.970468626674282,NA,NA,NA,1
C8orf44,2,0,0,0.970468626674282,NA,NA,NA,1
CBL,6,0,0,0.970468626674282,NA,NA,NA,1
CCDC102A,2,0,0,0.970468626674282,NA,NA,NA,1
CCDC124,2,0,0,0.970468626674282,NA,NA,NA,1
CCND3,2,0,0,0.970468626674282,NA,NA,NA,1
CENPN,3,0,0,0.970468626674282,NA,NA,NA,1
CFDP1,5,0,0,0.970468626674282,NA,NA,NA,1
CLASP2,5,0,0,0.970468626674282,NA,NA,NA,1
COPS7B,6,0,0,0.970468626674282,NA,NA,NA,1
COX15,3,0,0,0.970468626674282,NA,NA,NA,1
COX5B,7,0,0,0.970468626674282,NA,NA,NA,1
CREB3L4,6,0,0,0.970468626674282,NA,NA,NA,1
CRYGS,2,0,0,0.970468626674282,NA,NA,NA,1
CUEDC2,3,0,0,0.970468626674282,NA,NA,NA,1
CYC1,2,0,0,0.970468626674282,NA,NA,NA,1
DAD1,4,0,0,0.970468626674282,NA,NA,NA,1
DGAT2,4,0,0,0.970468626674282,NA,NA,NA,1
DKC1,3,0,0,0.970468626674282,NA,NA,NA,1
DUSP19,5,0,0,0.970468626674282,NA,NA,NA,1
E2F4,2,0,0,0.970468626674282,NA,NA,NA,1
EIF3G,2,0,0,0.970468626674282,NA,NA,NA,1
EP400,7,0,0,0.970468626674282,NA,NA,NA,1
FAM149B1,7,0,0,0.970468626674282,NA,NA,NA,1
FANCI,5,0,0,0.970468626674282,NA,NA,NA,1
FGFBP3,5,0,0,0.970468626674282,NA,NA,NA,1
FNBP4,3,0,0,0.970468626674282,NA,NA,NA,1
G6PD,3,0,0,0.970468626674282,NA,NA,NA,1
GBA2,4,0,0,0.970468626674282,NA,NA,NA,1
H1FX,3,0,0,0.970468626674282,NA,NA,NA,1
HDDC3,3,0,0,0.970468626674282,NA,NA,NA,1
HINFP,2,0,0,0.970468626674282,NA,NA,NA,1
HIST3H2A,3,0,0,0.970468626674282,NA,NA,NA,1
HLA-C,3,0,0,0.970468626674282,NA,NA,NA,1
HNMT,2,0,0,0.970468626674282,NA,NA,NA,1
INTS1,6,0,0,0.970468626674282,NA,NA,NA,1
INTS9,3,0,0,0.970468626674282,NA,NA,NA,1
IRX3,6,0,0,0.970468626674282,NA,NA,NA,1
ITSN2,2,0,0,0.970468626674282,NA,NA,NA,1
KDM3B,3,0,0,0.970468626674282,NA,NA,NA,1
KIAA1551,6,0,0,0.970468626674282,NA,NA,NA,1
KIF18B,3,0,0,0.970468626674282,NA,NA,NA,1
KIF7,6,0,0,0.970468626674282,NA,NA,NA,1
KLF2,2,0,0,0.970468626674282,NA,NA,NA,1
KLHL28,4,0,0,0.970468626674282,NA,NA,NA,1
KXD1,2,0,0,0.970468626674282,NA,NA,NA,1
LAMB3,5,0,0,0.970468626674282,NA,NA,NA,1
LEO1,3,0,0,0.970468626674282,NA,NA,NA,1
LIMK1,3,0,0,0.970468626674282,NA,NA,NA,1
LMBRD1,7,0,0,0.970468626674282,NA,NA,NA,1
LYAR,5,0,0,0.970468626674282,NA,NA,NA,1
MAOA,6,0,0,0.970468626674282,NA,NA,NA,1
MEX3B,2,0,0,0.970468626674282,NA,NA,NA,1
MGAT1,4,0,0,0.970468626674282,NA,NA,NA,1
MGAT2,10,0,0,0.970468626674282,NA,NA,NA,1
MMD,2,0,0,0.970468626674282,NA,NA,NA,1
MSN,2,0,0,0.970468626674282,NA,NA,NA,1
MTPAP,7,0,0,0.970468626674282,NA,NA,NA,1
MTRR,3,0,0,0.970468626674282,NA,NA,NA,1
MUT,9,0,0,0.970468626674282,NA,NA,NA,1
MYDGF,8,0,0,0.970468626674282,NA,NA,NA,1
MYL12A,8,0,0,0.970468626674282,NA,NA,NA,1
NDUFA1,2,0,0,0.970468626674282,NA,NA,NA,1
NDUFV2,2,0,0,0.970468626674282,NA,NA,NA,1
NME7,2,0,0,0.970468626674282,NA,NA,NA,1
NMRK1,4,0,0,0.970468626674282,NA,NA,NA,1
NRDC,8,0,0,0.970468626674282,NA,NA,NA,1
ORAI3,4,0,0,0.970468626674282,NA,NA,NA,1
OSR1,2,0,0,0.970468626674282,NA,NA,NA,1
OTUD1,7,0,0,0.970468626674282,NA,NA,NA,1
PARD6G,4,0,0,0.970468626674282,NA,NA,NA,1
PKD1,2,0,0,0.970468626674282,NA,NA,NA,1
PLCD3,6,0,0,0.970468626674282,NA,NA,NA,1
PLOD1,8,0,0,0.970468626674282,NA,NA,NA,1
PPFIA2,2,0,0,0.970468626674282,NA,NA,NA,1
PPIF,3,0,0,0.970468626674282,NA,NA,NA,1
PPM1B,6,0,0,0.970468626674282,NA,NA,NA,1
PRICKLE3,8,0,0,0.970468626674282,NA,NA,NA,1
QSOX2,8,0,0,0.970468626674282,NA,NA,NA,1
RAB12,5,0,0,0.970468626674282,NA,NA,NA,1
RAB24,6,0,0,0.970468626674282,NA,NA,NA,1
RAD54L,7,0,0,0.970468626674282,NA,NA,NA,1
RAET1E,4,0,0,0.970468626674282,NA,NA,NA,1
RAPGEF1,6,0,0,0.970468626674282,NA,NA,NA,1
RUSC1,4,0,0,0.970468626674282,NA,NA,NA,1
SCLT1,3,0,0,0.970468626674282,NA,NA,NA,1
SEC13,4,0,0,0.970468626674282,NA,NA,NA,1
SIMC1,4,0,0,0.970468626674282,NA,NA,NA,1
SLC39A11,4,0,0,0.970468626674282,NA,NA,NA,1
SLCO5A1,2,0,0,0.970468626674282,NA,NA,NA,1
SOS1,6,0,0,0.970468626674282,NA,NA,NA,1
SPACA6,5,0,0,0.970468626674282,NA,NA,NA,1
SPATA2,4,0,0,0.970468626674282,NA,NA,NA,1
SPIN3,2,0,0,0.970468626674282,NA,NA,NA,1
SSUH2,2,0,0,0.970468626674282,NA,NA,NA,1
STARD7,7,0,0,0.970468626674282,NA,NA,NA,1
STK11,3,0,0,0.970468626674282,NA,NA,NA,1
SULT1A4,2,0,0,0.970468626674282,NA,NA,NA,1
TAF2,3,0,0,0.970468626674282,NA,NA,NA,1
TAL1,2,0,0,0.970468626674282,NA,NA,NA,1
TCEA3,4,0,0,0.970468626674282,NA,NA,NA,1
TCF19,3,0,0,0.970468626674282,NA,NA,NA,1
TJP2,3,0,0,0.970468626674282,NA,NA,NA,1
TM2D3,2,0,0,0.970468626674282,NA,NA,NA,1
TMEM106A,3,0,0,0.970468626674282,NA,NA,NA,1
TMEM109,3,0,0,0.970468626674282,NA,NA,NA,1
TMEM110-MUSTN1,2,0,0,0.970468626674282,NA,NA,NA,1
TMEM156,2,0,0,0.970468626674282,NA,NA,NA,1
TMEM158,3,0,0,0.970468626674282,NA,NA,NA,1
TMEM70,4,0,0,0.970468626674282,NA,NA,NA,1
TMEM98,5,0,0,0.970468626674282,NA,NA,NA,1
TMUB2,2,0,0,0.970468626674282,NA,NA,NA,1
TNFRSF10D,4,0,0,0.970468626674282,NA,NA,NA,1
TNS1,3,0,0,0.970468626674282,NA,NA,NA,1
TRAPPC5,3,0,0,0.970468626674282,NA,NA,NA,1
TRIM5,5,0,0,0.970468626674282,NA,NA,NA,1
TRIM56,10,0,0,0.970468626674282,NA,NA,NA,1
TRMT61A,5,0,0,0.970468626674282,NA,NA,NA,1
TSPAN1,4,0,0,0.970468626674282,NA,NA,NA,1
TSPAN2,11,0,0,0.970468626674282,NA,NA,NA,1
TSPAN33,2,0,0,0.970468626674282,NA,NA,NA,1
UTP14C,5,0,0,0.970468626674282,NA,NA,NA,1
VAT1,5,0,0,0.970468626674282,NA,NA,NA,1
WASHC3,5,0,0,0.970468626674282,NA,NA,NA,1
WDR53,4,0,0,0.970468626674282,NA,NA,NA,1
WDR60,6,0,0,0.970468626674282,NA,NA,NA,1
WNT7B,2,0,0,0.970468626674282,NA,NA,NA,1
WRN,7,0,0,0.970468626674282,NA,NA,NA,1
ZBTB1,3,0,0,0.970468626674282,NA,NA,NA,1
ZBTB20,4,0,0,0.970468626674282,NA,NA,NA,1
ZCCHC17,7,0,0,0.970468626674282,NA,NA,NA,1
ZG16B,3,0,0,0.970468626674282,NA,NA,NA,1
ZNF267,4,0,0,0.970468626674282,NA,NA,NA,1
ZNF441,5,0,0,0.970468626674282,NA,NA,NA,1
ZNF547,5,0,0,0.970468626674282,NA,NA,NA,1
ZZEF1,5,0,0,0.970468626674282,NA,NA,NA,1
EHBP1L1,4,0,0,0.970747526914808,NA,NA,NA,1
FER,6,0,0,0.970747526914808,NA,NA,NA,1
HNRNPL,7,0,0,0.970747526914808,NA,NA,NA,1
HSP90AB1,5,0,0,0.970747526914808,NA,NA,NA,1
MTA1,2,0,0,0.970747526914808,NA,NA,NA,1
RERG,2,0,0,0.970747526914808,NA,NA,NA,1
TBC1D14,5,0,0,0.970747526914808,NA,NA,NA,1
USP39,2,0,0,0.970747526914808,NA,NA,NA,1
VWA5A,2,0,0,0.970747526914808,NA,NA,NA,1
ZNF785,6,0,0,0.970747526914808,NA,NA,NA,1
GPLD1,6,0,0,0.970968747940077,NA,NA,NA,1
LYSMD4,6,0,0,0.971290403084634,NA,NA,NA,1
PYURF,5,0,0,0.971290403084634,NA,NA,NA,1
PRDM8,3,0,0,0.971318994204152,NA,NA,NA,1
EREG,3,0,0,0.971417470945596,NA,NA,NA,1
ZNF324,6,0,0,0.97153936035512,NA,NA,NA,1
CCDC59,5,0,0,0.971664663224256,NA,NA,NA,1
SIAH2,2,0,0,0.971691144171649,NA,NA,NA,1
MRPS2,2,0,0,0.971733468518846,NA,NA,NA,1
BVES,5,0,0,0.971759293232219,NA,NA,NA,1
CASC3,3,0,0,0.971759293232219,NA,NA,NA,1
EDA2R,3,0,0,0.971759293232219,NA,NA,NA,1
KDELC2,6,0,0,0.971759293232219,NA,NA,NA,1
MAPRE3,2,0,0,0.971759293232219,NA,NA,NA,1
PRTG,3,0,0,0.971759293232219,NA,NA,NA,1
SAMD9,4,0,0,0.971759293232219,NA,NA,NA,1
ZNF813,6,0,0,0.971759293232219,NA,NA,NA,1
ALDH3B2,3,0,0,0.971778511861965,NA,NA,NA,1
CHAC2,9,0,0,0.971778511861965,NA,NA,NA,1
PDZK1IP1,2,0,0,0.971778511861965,NA,NA,NA,1
RNASEH2B,5,0,0,0.971802674106813,NA,NA,NA,1
CMTM6,7,0,0,0.971977298606344,NA,NA,NA,1
COL12A1,5,0,0,0.971994578282412,NA,NA,NA,1
FBXO17,4,0,0,0.971994578282412,NA,NA,NA,1
RPL19,6,0,0,0.971994578282412,NA,NA,NA,1
LRP3,2,0,0,0.97221313626106,NA,NA,NA,1
RNF19B,9,0,0,0.97221313626106,NA,NA,NA,1
SCAPER,3,0,0,0.97221313626106,NA,NA,NA,1
SLC39A6,4,0,0,0.97221313626106,NA,NA,NA,1
SMURF1,5,0,0,0.97221313626106,NA,NA,NA,1
ZNF816-ZNF321P,7,0,0,0.97221313626106,NA,NA,NA,1
FSBP,4,0,0,0.972254488159886,NA,NA,NA,1
ZMIZ1,8,0,0,0.972254488159886,NA,NA,NA,1
ZNF57,2,0,0,0.972270481212048,NA,NA,NA,1
ATP6AP1,6,0,0,0.972272866117594,NA,NA,NA,1
GOLPH3,6,0,0,0.972272866117594,NA,NA,NA,1
AKR1C3,3,0,0,0.972457442061749,NA,NA,NA,1
CEP250,3,0,0,0.972457442061749,NA,NA,NA,1
DEF6,2,0,0,0.972457442061749,NA,NA,NA,1
DHX34,7,0,0,0.972457442061749,NA,NA,NA,1
OSBPL6,6,0,0,0.972457442061749,NA,NA,NA,1
TRAPPC10,8,0,0,0.972457442061749,NA,NA,NA,1
TTC3,8,0,0,0.972457442061749,NA,NA,NA,1
RAP2C,9,0,0,0.972587946099564,NA,NA,NA,1
C1orf131,3,0,0,0.972703147793448,NA,NA,NA,1
ERF,3,0,0,0.972703147793448,NA,NA,NA,1
RAF1,5,0,0,0.972892098148869,NA,NA,NA,1
ADAMTS4,2,0,0,0.972933236659541,NA,NA,NA,1
ADHFE1,2,0,0,0.972933236659541,NA,NA,NA,1
ARSK,7,0,0,0.972933236659541,NA,NA,NA,1
BCL11B,2,0,0,0.972933236659541,NA,NA,NA,1
BRD4,6,0,0,0.972933236659541,NA,NA,NA,1
C6orf203,3,0,0,0.972933236659541,NA,NA,NA,1
CABIN1,2,0,0,0.972933236659541,NA,NA,NA,1
CAPG,7,0,0,0.972933236659541,NA,NA,NA,1
CCDC9,3,0,0,0.972933236659541,NA,NA,NA,1
CEP85,3,0,0,0.972933236659541,NA,NA,NA,1
CHDH,5,0,0,0.972933236659541,NA,NA,NA,1
CTSS,4,0,0,0.972933236659541,NA,NA,NA,1
CXADR,6,0,0,0.972933236659541,NA,NA,NA,1
DIP2C,4,0,0,0.972933236659541,NA,NA,NA,1
ELOVL7,5,0,0,0.972933236659541,NA,NA,NA,1
ERP29,7,0,0,0.972933236659541,NA,NA,NA,1
FAHD2A,4,0,0,0.972933236659541,NA,NA,NA,1
GPM6A,2,0,0,0.972933236659541,NA,NA,NA,1
HIST1H2BH,5,0,0,0.972933236659541,NA,NA,NA,1
HNRNPA1L2,6,0,0,0.972933236659541,NA,NA,NA,1
HSD17B7,2,0,0,0.972933236659541,NA,NA,NA,1
IDUA,4,0,0,0.972933236659541,NA,NA,NA,1
JADE1,5,0,0,0.972933236659541,NA,NA,NA,1
LRFN3,4,0,0,0.972933236659541,NA,NA,NA,1
MTERF3,2,0,0,0.972933236659541,NA,NA,NA,1
NEGR1,9,0,0,0.972933236659541,NA,NA,NA,1
OGDH,3,0,0,0.972933236659541,NA,NA,NA,1
PITRM1,5,0,0,0.972933236659541,NA,NA,NA,1
PLBD2,8,0,0,0.972933236659541,NA,NA,NA,1
PRKCD,4,0,0,0.972933236659541,NA,NA,NA,1
RALGDS,2,0,0,0.972933236659541,NA,NA,NA,1
RNFT2,2,0,0,0.972933236659541,NA,NA,NA,1
RPS21,4,0,0,0.972933236659541,NA,NA,NA,1
RPS25,6,0,0,0.972933236659541,NA,NA,NA,1
SAE1,2,0,0,0.972933236659541,NA,NA,NA,1
SAMD5,2,0,0,0.972933236659541,NA,NA,NA,1
SELENON,4,0,0,0.972933236659541,NA,NA,NA,1
SETD1B,3,0,0,0.972933236659541,NA,NA,NA,1
SHARPIN,6,0,0,0.972933236659541,NA,NA,NA,1
SOCS1,3,0,0,0.972933236659541,NA,NA,NA,1
TBCC,2,0,0,0.972933236659541,NA,NA,NA,1
TXNRD1,13,0,0,0.972933236659541,NA,NA,NA,1
TYSND1,2,0,0,0.972933236659541,NA,NA,NA,1
USP20,2,0,0,0.972933236659541,NA,NA,NA,1
USP5,2,0,0,0.972933236659541,NA,NA,NA,1
YLPM1,15,0,0,0.972933236659541,NA,NA,NA,1
ZNF136,5,0,0,0.972933236659541,NA,NA,NA,1
ZNF180,4,0,0,0.972933236659541,NA,NA,NA,1
ZNF790,10,0,0,0.972933236659541,NA,NA,NA,1
HOMER2,5,0,0,0.973139134159393,NA,NA,NA,1
TTC32,5,0,0,0.973304013763946,NA,NA,NA,1
CELSR3,2,0,0,0.973342872575098,NA,NA,NA,1
GPAT3,2,0,0,0.973403151709651,NA,NA,NA,1
IQGAP2,3,0,0,0.973811573948489,NA,NA,NA,1
ZNF669,7,0,0,0.973902568708355,NA,NA,NA,1
ANKRD13B,2,0,0,0.973951097455983,NA,NA,NA,1
ARHGEF2,10,0,0,0.973951097455983,NA,NA,NA,1
ARPC4,2,0,0,0.973951097455983,NA,NA,NA,1
ASB9,4,0,0,0.973951097455983,NA,NA,NA,1
CEP164,4,0,0,0.973951097455983,NA,NA,NA,1
CYP2C18,2,0,0,0.973951097455983,NA,NA,NA,1
CYTH1,4,0,0,0.973951097455983,NA,NA,NA,1
FAM200A,2,0,0,0.973951097455983,NA,NA,NA,1
FKRP,5,0,0,0.973951097455983,NA,NA,NA,1
GAREM2,3,0,0,0.973951097455983,NA,NA,NA,1
GOLGA4,3,0,0,0.973951097455983,NA,NA,NA,1
GPX4,2,0,0,0.973951097455983,NA,NA,NA,1
KLF6,8,0,0,0.973951097455983,NA,NA,NA,1
MEPCE,6,0,0,0.973951097455983,NA,NA,NA,1
MKRN1,3,0,0,0.973951097455983,NA,NA,NA,1
MRPL11,2,0,0,0.973951097455983,NA,NA,NA,1
MRPL27,3,0,0,0.973951097455983,NA,NA,NA,1
MRPL46,3,0,0,0.973951097455983,NA,NA,NA,1
NOL7,3,0,0,0.973951097455983,NA,NA,NA,1
NRSN2,3,0,0,0.973951097455983,NA,NA,NA,1
NUDT2,3,0,0,0.973951097455983,NA,NA,NA,1
PALMD,4,0,0,0.973951097455983,NA,NA,NA,1
PPFIA3,2,0,0,0.973951097455983,NA,NA,NA,1
PPIG,7,0,0,0.973951097455983,NA,NA,NA,1
PPP1CA,3,0,0,0.973951097455983,NA,NA,NA,1
PTMA,4,0,0,0.973951097455983,NA,NA,NA,1
RBM11,5,0,0,0.973951097455983,NA,NA,NA,1
RLN2,3,0,0,0.973951097455983,NA,NA,NA,1
RNF130,3,0,0,0.973951097455983,NA,NA,NA,1
ROS1,2,0,0,0.973951097455983,NA,NA,NA,1
SF3B5,4,0,0,0.973951097455983,NA,NA,NA,1
SGK494,4,0,0,0.973951097455983,NA,NA,NA,1
SLC16A9,4,0,0,0.973951097455983,NA,NA,NA,1
SPOCK1,5,0,0,0.973951097455983,NA,NA,NA,1
SPPL2B,6,0,0,0.973951097455983,NA,NA,NA,1
SS18L1,11,0,0,0.973951097455983,NA,NA,NA,1
TBC1D12,6,0,0,0.973951097455983,NA,NA,NA,1
TBC1D4,9,0,0,0.973951097455983,NA,NA,NA,1
THAP8,2,0,0,0.973951097455983,NA,NA,NA,1
TMEM131L,3,0,0,0.973951097455983,NA,NA,NA,1
TMEM50A,8,0,0,0.973951097455983,NA,NA,NA,1
TPRA1,7,0,0,0.973951097455983,NA,NA,NA,1
TRMT2A,4,0,0,0.973951097455983,NA,NA,NA,1
UFC1,2,0,0,0.973951097455983,NA,NA,NA,1
XRRA1,8,0,0,0.973951097455983,NA,NA,NA,1
ZBTB34,5,0,0,0.973951097455983,NA,NA,NA,1
ZNF512,6,0,0,0.973951097455983,NA,NA,NA,1
BACH1,3,0,0,0.973966536190078,NA,NA,NA,1
COG6,2,0,0,0.973966536190078,NA,NA,NA,1
DGAT1,4,0,0,0.973966536190078,NA,NA,NA,1
ERI2,2,0,0,0.973966536190078,NA,NA,NA,1
FGFR1OP2,5,0,0,0.973966536190078,NA,NA,NA,1
HMGN4,7,0,0,0.973966536190078,NA,NA,NA,1
PECAM1,5,0,0,0.973966536190078,NA,NA,NA,1
RPS6KL1,3,0,0,0.973966536190078,NA,NA,NA,1
SP100,4,0,0,0.973966536190078,NA,NA,NA,1
THBD,2,0,0,0.973966536190078,NA,NA,NA,1
TLCD1,6,0,0,0.973966536190078,NA,NA,NA,1
WNT7A,6,0,0,0.973966536190078,NA,NA,NA,1
ATP5H,4,0,0,0.973993675519855,NA,NA,NA,1
NPDC1,3,0,0,0.973993675519855,NA,NA,NA,1
ALG8,6,0,0,0.974033273189926,NA,NA,NA,1
ARHGAP8,5,0,0,0.974033273189926,NA,NA,NA,1
ATG14,7,0,0,0.974033273189926,NA,NA,NA,1
C1orf122,4,0,0,0.974033273189926,NA,NA,NA,1
CLK1,4,0,0,0.974033273189926,NA,NA,NA,1
CROCC,3,0,0,0.974033273189926,NA,NA,NA,1
EEF1B2,3,0,0,0.974033273189926,NA,NA,NA,1
EIF1AD,6,0,0,0.974033273189926,NA,NA,NA,1
FBXL14,2,0,0,0.974033273189926,NA,NA,NA,1
IQCG,2,0,0,0.974033273189926,NA,NA,NA,1
KCNIP3,2,0,0,0.974033273189926,NA,NA,NA,1
LRR1,5,0,0,0.974033273189926,NA,NA,NA,1
LTBP4,2,0,0,0.974033273189926,NA,NA,NA,1
MEX3D,5,0,0,0.974033273189926,NA,NA,NA,1
NT5C3A,5,0,0,0.974033273189926,NA,NA,NA,1
OTUD5,7,0,0,0.974033273189926,NA,NA,NA,1
PLSCR4,4,0,0,0.974033273189926,NA,NA,NA,1
PPP1R9A,2,0,0,0.974033273189926,NA,NA,NA,1
SLC2A3,4,0,0,0.974033273189926,NA,NA,NA,1
STOML1,3,0,0,0.974033273189926,NA,NA,NA,1
SYBU,3,0,0,0.974033273189926,NA,NA,NA,1
UBE2O,4,0,0,0.974033273189926,NA,NA,NA,1
ZNF107,8,0,0,0.974033273189926,NA,NA,NA,1
ZNF493,6,0,0,0.974033273189926,NA,NA,NA,1
ZW10,4,0,0,0.974033273189926,NA,NA,NA,1
NAA38,3,0,0,0.974063023497137,NA,NA,NA,1
AP1S2,5,0,0,0.974097866894707,NA,NA,NA,1
INSIG1,14,0,0,0.97415646806734,NA,NA,NA,1
AKR1C2,2,0,0,0.974258052029434,NA,NA,NA,1
BLVRB,3,0,0,0.974258052029434,NA,NA,NA,1
C12orf45,6,0,0,0.974258052029434,NA,NA,NA,1
C1orf53,2,0,0,0.974258052029434,NA,NA,NA,1
C9orf78,5,0,0,0.974258052029434,NA,NA,NA,1
CCNT1,7,0,0,0.974258052029434,NA,NA,NA,1
CHMP1A,4,0,0,0.974258052029434,NA,NA,NA,1
EHD2,7,0,0,0.974258052029434,NA,NA,NA,1
ELK1,3,0,0,0.974258052029434,NA,NA,NA,1
ELOVL4,5,0,0,0.974258052029434,NA,NA,NA,1
GCSH,5,0,0,0.974258052029434,NA,NA,NA,1
MEA1,8,0,0,0.974258052029434,NA,NA,NA,1
MINDY1,6,0,0,0.974258052029434,NA,NA,NA,1
NOP58,3,0,0,0.974258052029434,NA,NA,NA,1
RAB8A,4,0,0,0.974258052029434,NA,NA,NA,1
SHF,12,0,0,0.974258052029434,NA,NA,NA,1
SLC37A4,5,0,0,0.974258052029434,NA,NA,NA,1
USPL1,3,0,0,0.974258052029434,NA,NA,NA,1
ZNF470,2,0,0,0.974258052029434,NA,NA,NA,1
CASZ1,2,0,0,0.97435866821674,NA,NA,NA,1
KMT2C,12,0,0,0.97435866821674,NA,NA,NA,1
ENTPD6,6,0,0,0.97449229913234,NA,NA,NA,1
PPP1R2,6,0,0,0.97449229913234,NA,NA,NA,1
RIMS3,3,0,0,0.97452395316091,NA,NA,NA,1
ARMC9,4,0,0,0.974611980967168,NA,NA,NA,1
ARSD,5,0,0,0.974693117127593,NA,NA,NA,1
ASAH1,9,0,0,0.974693117127593,NA,NA,NA,1
CHSY3,3,0,0,0.974693117127593,NA,NA,NA,1
KANSL1L,4,0,0,0.974693117127593,NA,NA,NA,1
KAT2B,3,0,0,0.974693117127593,NA,NA,NA,1
ABCD1,3,0,0,0.974722797967786,NA,NA,NA,1
CEP70,4,0,0,0.974722797967786,NA,NA,NA,1
CHUK,4,0,0,0.974722797967786,NA,NA,NA,1
CWF19L1,4,0,0,0.974722797967786,NA,NA,NA,1
MRPL20,3,0,0,0.974722797967786,NA,NA,NA,1
MYBBP1A,4,0,0,0.974722797967786,NA,NA,NA,1
NCR3LG1,9,0,0,0.974722797967786,NA,NA,NA,1
PLK2,5,0,0,0.974722797967786,NA,NA,NA,1
TES,5,0,0,0.974722797967786,NA,NA,NA,1
TMPRSS15,3,0,0,0.974722797967786,NA,NA,NA,1
ZDBF2,4,0,0,0.974722797967786,NA,NA,NA,1
ZNF304,2,0,0,0.974722797967786,NA,NA,NA,1
HSPA6,2,0,0,0.974760778488486,NA,NA,NA,1
ARFGAP1,4,0,0,0.97476769278189,NA,NA,NA,1
C11orf68,2,0,0,0.97476769278189,NA,NA,NA,1
CCT2,3,0,0,0.97476769278189,NA,NA,NA,1
CCT8,5,0,0,0.97476769278189,NA,NA,NA,1
EXPH5,5,0,0,0.97476769278189,NA,NA,NA,1
FLOT2,3,0,0,0.97476769278189,NA,NA,NA,1
GMIP,2,0,0,0.97476769278189,NA,NA,NA,1
KLK5,2,0,0,0.97476769278189,NA,NA,NA,1
LIPT1,2,0,0,0.97476769278189,NA,NA,NA,1
LPXN,3,0,0,0.97476769278189,NA,NA,NA,1
MFAP5,10,0,0,0.97476769278189,NA,NA,NA,1
MFHAS1,5,0,0,0.97476769278189,NA,NA,NA,1
NUP98,3,0,0,0.97476769278189,NA,NA,NA,1
RPS26,3,0,0,0.97476769278189,NA,NA,NA,1
SMAD6,6,0,0,0.97476769278189,NA,NA,NA,1
TMEM179B,9,0,0,0.97476769278189,NA,NA,NA,1
TUSC1,5,0,0,0.97476769278189,NA,NA,NA,1
USP28,2,0,0,0.97476769278189,NA,NA,NA,1
B3GAT3,3,0,0,0.974824417559639,NA,NA,NA,1
COL1A2,5,0,0,0.974824417559639,NA,NA,NA,1
HAGHL,3,0,0,0.974824417559639,NA,NA,NA,1
WDR45B,5,0,0,0.974824417559639,NA,NA,NA,1
ZNF594,2,0,0,0.974824417559639,NA,NA,NA,1
DPY19L4,8,0,0,0.974932684664234,NA,NA,NA,1
FAAH,3,0,0,0.974932684664234,NA,NA,NA,1
GREB1,4,0,0,0.974932684664234,NA,NA,NA,1
HSPBP1,2,0,0,0.974932684664234,NA,NA,NA,1
PEX14,3,0,0,0.974932684664234,NA,NA,NA,1
PFN1,4,0,0,0.974932684664234,NA,NA,NA,1
RPS5,2,0,0,0.974932684664234,NA,NA,NA,1
TMED3,4,0,0,0.974932684664234,NA,NA,NA,1
CNOT10,3,0,0,0.974967449043587,NA,NA,NA,1
PCDHB2,7,0,0,0.97530866924416,NA,NA,NA,1
ZFYVE19,2,0,0,0.97530866924416,NA,NA,NA,1
CLDN12,5,0,0,0.975576770046338,NA,NA,NA,1
SYNE2,9,0,0,0.975576770046338,NA,NA,NA,1
CCNYL1,8,0,0,0.975860349142457,NA,NA,NA,1
ADD1,5,0,0,0.975896009791397,NA,NA,NA,1
RNF167,5,0,0,0.976078912860659,NA,NA,NA,1
CYP4X1,2,0,0,0.97621363710857,NA,NA,NA,1
RAB1B,4,0,0,0.976348678914124,NA,NA,NA,1
HPS4,2,0,0,0.976377278528702,NA,NA,NA,1
ZBTB6,3,0,0,0.976377278528702,NA,NA,NA,1
GSTP1,3,0,0,0.9764360758903,NA,NA,NA,1
LAPTM5,2,0,0,0.976618579024322,NA,NA,NA,1
CD276,4,0,0,0.976798151002917,NA,NA,NA,1
PFKFB3,4,0,0,0.976798151002917,NA,NA,NA,1
TOGARAM1,2,0,0,0.976798151002917,NA,NA,NA,1
VWA1,2,0,0,0.976798151002917,NA,NA,NA,1
C8orf76,2,0,0,0.976948076205624,NA,NA,NA,1
CFH,3,0,0,0.976960346322354,NA,NA,NA,1
DLX1,3,0,0,0.976960346322354,NA,NA,NA,1
SREBF1,4,0,0,0.976960346322354,NA,NA,NA,1
TNFRSF1B,2,0,0,0.977067726293044,NA,NA,NA,1
CDC25B,6,0,0,0.977137745176524,NA,NA,NA,1
DIXDC1,9,0,0,0.977137745176524,NA,NA,NA,1
EPB41L4B,5,0,0,0.977137745176524,NA,NA,NA,1
TET1,6,0,0,0.977137745176524,NA,NA,NA,1
MAP3K1,2,0,0,0.977263981805874,NA,NA,NA,1
STON2,3,0,0,0.977444380015168,NA,NA,NA,1
HUS1,5,0,0,0.977554349674802,NA,NA,NA,1
SHISA4,4,0,0,0.977554349674802,NA,NA,NA,1
STK38,3,0,0,0.977554349674802,NA,NA,NA,1
AMOTL2,8,0,0,0.977755188447945,NA,NA,NA,1
BMP1,2,0,0,0.977755188447945,NA,NA,NA,1
MRPL44,2,0,0,0.977899751558514,NA,NA,NA,1
B3GNT2,3,0,0,0.97797060731834,NA,NA,NA,1
NAPA,5,0,0,0.977988418650516,NA,NA,NA,1
E2F1,4,0,0,0.978051217523603,NA,NA,NA,1
L3MBTL1,4,0,0,0.978051217523603,NA,NA,NA,1
UBB,5,0,0,0.978051217523603,NA,NA,NA,1
PLA2G4A,4,0,0,0.978098504444912,NA,NA,NA,1
HNRNPH1,6,0,0,0.978224044516917,NA,NA,NA,1
MECR,2,0,0,0.978224044516917,NA,NA,NA,1
SMCO4,3,0,0,0.978224044516917,NA,NA,NA,1
ATP2B2,3,0,0,0.978351610247034,NA,NA,NA,1
MTHFR,5,0,0,0.978351610247034,NA,NA,NA,1
AURKB,3,0,0,0.978537496528166,NA,NA,NA,1
SNRNP40,3,0,0,0.978537496528166,NA,NA,NA,1
MAP3K9,2,0,0,0.97873038374197,NA,NA,NA,1
ARFIP1,9,0,0,0.978959557491196,NA,NA,NA,1
CLBA1,2,0,0,0.978959557491196,NA,NA,NA,1
PACS2,4,0,0,0.978959557491196,NA,NA,NA,1
SFMBT1,8,0,0,0.978959557491196,NA,NA,NA,1
MAP2,4,0,0,0.979273125051462,NA,NA,NA,1
CORO6,3,0,0,0.979452408649232,NA,NA,NA,1
GNG10,5,0,0,0.979452408649232,NA,NA,NA,1
SHC3,5,0,0,0.979452408649232,NA,NA,NA,1
DDX27,6,0,0,0.979578638385107,NA,NA,NA,1
DNASE1,3,0,0,0.979578638385107,NA,NA,NA,1
EID2,9,0,0,0.979578638385107,NA,NA,NA,1
GNB2,2,0,0,0.979578638385107,NA,NA,NA,1
HLTF,3,0,0,0.979578638385107,NA,NA,NA,1
LANCL2,6,0,0,0.979578638385107,NA,NA,NA,1
NCSTN,4,0,0,0.979578638385107,NA,NA,NA,1
PAF1,4,0,0,0.979578638385107,NA,NA,NA,1
SIAE,3,0,0,0.979578638385107,NA,NA,NA,1
RPH3AL,3,0,0,0.97961783103128,NA,NA,NA,1
ACP2,7,0,0,0.979636227698785,NA,NA,NA,1
LEPR,3,0,0,0.979771682319405,NA,NA,NA,1
SYT11,4,0,0,0.979771682319405,NA,NA,NA,1
AIMP2,2,0,0,0.979785298383915,NA,NA,NA,1
CD82,6,0,0,0.979785298383915,NA,NA,NA,1
MLYCD,7,0,0,0.979785298383915,NA,NA,NA,1
NPEPL1,5,0,0,0.979785298383915,NA,NA,NA,1
ZNF670,3,0,0,0.979968151624405,NA,NA,NA,1
RIN2,5,0,0,0.980067057327599,NA,NA,NA,1
ABL1,4,0,0,0.98042918072487,NA,NA,NA,1
GNAI2,6,0,0,0.980472754083256,NA,NA,NA,1
ABRACL,5,0,0,0.980510039588582,NA,NA,NA,1
UBE3B,2,0,0,0.98071415723778,NA,NA,NA,1
CBX6,8,0,0,0.980954485457944,NA,NA,NA,1
PNMA8A,4,0,0,0.980954485457944,NA,NA,NA,1
CRELD2,3,0,0,0.981088973146466,NA,NA,NA,1
EPS8L1,5,0,0,0.981088973146466,NA,NA,NA,1
OGG1,3,0,0,0.981088973146466,NA,NA,NA,1
RAB3IL1,2,0,0,0.981088973146466,NA,NA,NA,1
CYB5R1,8,0,0,0.981566573523663,NA,NA,NA,1
GORASP1,6,0,0,0.981569126758614,NA,NA,NA,1
PDCD5,3,0,0,0.981569813808388,NA,NA,NA,1
CAPZB,7,0,0,0.981626278318862,NA,NA,NA,1
LYST,2,0,0,0.981626278318862,NA,NA,NA,1
NACA,2,0,0,0.981859227281671,NA,NA,NA,1
PABPC4L,2,0,0,0.981859227281671,NA,NA,NA,1
RALGAPA2,6,0,0,0.981859227281671,NA,NA,NA,1
ZNF777,2,0,0,0.981859227281671,NA,NA,NA,1
PKD2,3,0,0,0.981894914749576,NA,NA,NA,1
SH2D3A,5,0,0,0.981928995275317,NA,NA,NA,1
ZHX2,2,0,0,0.981928995275317,NA,NA,NA,1
TUBB6,5,0,0,0.98198615900862,NA,NA,NA,1
ASTE1,2,0,0,0.982267632211267,NA,NA,NA,1
LIMCH1,9,0,0,0.982267632211267,NA,NA,NA,1
MARCH2,2,0,0,0.982267632211267,NA,NA,NA,1
SAFB2,4,0,0,0.982267632211267,NA,NA,NA,1
ZC2HC1C,2,0,0,0.982267632211267,NA,NA,NA,1
BCL2L15,3,0,0,0.982461913255547,NA,NA,NA,1
DCUN1D2,6,0,0,0.982461913255547,NA,NA,NA,1
HIST1H2AJ,2,0,0,0.982461913255547,NA,NA,NA,1
HIST1H3B,3,0,0,0.982461913255547,NA,NA,NA,1
ING4,3,0,0,0.982461913255547,NA,NA,NA,1
KRT10,5,0,0,0.982461913255547,NA,NA,NA,1
LAS1L,7,0,0,0.982461913255547,NA,NA,NA,1
NUP54,4,0,0,0.982461913255547,NA,NA,NA,1
PDCD7,5,0,0,0.982461913255547,NA,NA,NA,1
PDX1,2,0,0,0.982461913255547,NA,NA,NA,1
PSMB5,4,0,0,0.982461913255547,NA,NA,NA,1
RAB32,4,0,0,0.982461913255547,NA,NA,NA,1
SMIM10L2A,3,0,0,0.982461913255547,NA,NA,NA,1
SPC24,6,0,0,0.982461913255547,NA,NA,NA,1
TSC1,7,0,0,0.982461913255547,NA,NA,NA,1
ZBTB2,5,0,0,0.982461913255547,NA,NA,NA,1
ZSCAN21,5,0,0,0.982461913255547,NA,NA,NA,1
AP1S1,4,0,0,0.982510756488683,NA,NA,NA,1
C12orf29,3,0,0,0.982510756488683,NA,NA,NA,1
GNG2,4,0,0,0.982510756488683,NA,NA,NA,1
MLXIP,7,0,0,0.982528874808845,NA,NA,NA,1
FBN2,2,0,0,0.982578714814414,NA,NA,NA,1
DZIP1L,3,0,0,0.982633227537728,NA,NA,NA,1
IGFBP2,2,0,0,0.982633227537728,NA,NA,NA,1
KLHL11,4,0,0,0.982633227537728,NA,NA,NA,1
PPP1R15A,2,0,0,0.982633227537728,NA,NA,NA,1
ATP8B1,3,0,0,0.982683861954413,NA,NA,NA,1
BMP8B,4,0,0,0.982683861954413,NA,NA,NA,1
CYTH3,4,0,0,0.982683861954413,NA,NA,NA,1
FAM98A,3,0,0,0.982683861954413,NA,NA,NA,1
HOXC13,2,0,0,0.982683861954413,NA,NA,NA,1
JUNB,5,0,0,0.982683861954413,NA,NA,NA,1
LAMTOR5,4,0,0,0.982683861954413,NA,NA,NA,1
MRPL28,4,0,0,0.982683861954413,NA,NA,NA,1
UXS1,7,0,0,0.982683861954413,NA,NA,NA,1
STAT2,4,0,0,0.982692657681362,NA,NA,NA,1
BRAF,8,0,0,0.982741818375151,NA,NA,NA,1
C17orf53,2,0,0,0.982766355805036,NA,NA,NA,1
IL11,3,0,0,0.982887822322614,NA,NA,NA,1
PWP2,3,0,0,0.982887822322614,NA,NA,NA,1
TRMU,2,0,0,0.982887822322614,NA,NA,NA,1
SUN1,5,0,0,0.983068842899301,NA,NA,NA,1
AP2A2,4,0,0,0.983174301018933,NA,NA,NA,1
C1orf159,2,0,0,0.983174301018933,NA,NA,NA,1
CENPS-CORT,5,0,0,0.983174301018933,NA,NA,NA,1
CNN2,2,0,0,0.983174301018933,NA,NA,NA,1
EMC6,7,0,0,0.983174301018933,NA,NA,NA,1
GLIPR2,6,0,0,0.983174301018933,NA,NA,NA,1
HDAC7,2,0,0,0.983174301018933,NA,NA,NA,1
KDM7A,9,0,0,0.983174301018933,NA,NA,NA,1
L3MBTL2,6,0,0,0.983174301018933,NA,NA,NA,1
MAP4K2,8,0,0,0.983174301018933,NA,NA,NA,1
PEBP1,6,0,0,0.983174301018933,NA,NA,NA,1
RPS15A,2,0,0,0.983174301018933,NA,NA,NA,1
SNRNP70,2,0,0,0.983174301018933,NA,NA,NA,1
SULF1,4,0,0,0.983174301018933,NA,NA,NA,1
TMEM69,3,0,0,0.983174301018933,NA,NA,NA,1
ZDHHC12,2,0,0,0.983174301018933,NA,NA,NA,1
ZNF223,5,0,0,0.983174301018933,NA,NA,NA,1
CLMN,5,0,0,0.983240665048712,NA,NA,NA,1
FBXL16,2,0,0,0.983240665048712,NA,NA,NA,1
TTC12,4,0,0,0.983251518870486,NA,NA,NA,1
LEAP2,5,0,0,0.983281511276602,NA,NA,NA,1
MRPS6,3,0,0,0.98341564345734,NA,NA,NA,1
ABCD2,4,0,0,0.983855204446722,NA,NA,NA,1
DNAAF5,2,0,0,0.983855204446722,NA,NA,NA,1
DZIP3,3,0,0,0.983855204446722,NA,NA,NA,1
FHDC1,3,0,0,0.983855204446722,NA,NA,NA,1
GCAT,2,0,0,0.983855204446722,NA,NA,NA,1
NEK4,7,0,0,0.983855204446722,NA,NA,NA,1
PITX1,4,0,0,0.983855204446722,NA,NA,NA,1
PKIB,3,0,0,0.983855204446722,NA,NA,NA,1
RPS24,3,0,0,0.983855204446722,NA,NA,NA,1
ZNF766,3,0,0,0.983855204446722,NA,NA,NA,1
DUS4L,6,0,0,0.983944493689699,NA,NA,NA,1
ALDOC,2,0,0,0.98423112925135,NA,NA,NA,1
RWDD4,2,0,0,0.984240250037516,NA,NA,NA,1
AC073610.3,2,0,0,0.984355046377331,NA,NA,NA,1
BCL7A,4,0,0,0.984355046377331,NA,NA,NA,1
BTBD19,3,0,0,0.984355046377331,NA,NA,NA,1
CDNF,4,0,0,0.984355046377331,NA,NA,NA,1
FBXO2,3,0,0,0.984355046377331,NA,NA,NA,1
G6PC3,4,0,0,0.984355046377331,NA,NA,NA,1
HMGA1,5,0,0,0.984355046377331,NA,NA,NA,1
KMT5A,4,0,0,0.984355046377331,NA,NA,NA,1
MTCL1,2,0,0,0.984355046377331,NA,NA,NA,1
NUDT1,2,0,0,0.984355046377331,NA,NA,NA,1
SNX27,2,0,0,0.984355046377331,NA,NA,NA,1
STIP1,2,0,0,0.984355046377331,NA,NA,NA,1
TBXAS1,2,0,0,0.984355046377331,NA,NA,NA,1
TNFAIP2,2,0,0,0.984355046377331,NA,NA,NA,1
VPS33B,3,0,0,0.984355046377331,NA,NA,NA,1
ZNF564,9,0,0,0.984355046377331,NA,NA,NA,1
CLK3,4,0,0,0.984499605456227,NA,NA,NA,1
ABCC1,7,0,0,0.98450352451263,NA,NA,NA,1
BEX3,8,0,0,0.98450352451263,NA,NA,NA,1
CHRNB1,4,0,0,0.98450352451263,NA,NA,NA,1
DHX32,2,0,0,0.98450352451263,NA,NA,NA,1
DYRK1B,2,0,0,0.98450352451263,NA,NA,NA,1
MAB21L3,2,0,0,0.98450352451263,NA,NA,NA,1
RBM34,2,0,0,0.98450352451263,NA,NA,NA,1
SLC25A25,3,0,0,0.98450352451263,NA,NA,NA,1
SRBD1,6,0,0,0.98450352451263,NA,NA,NA,1
TACC2,4,0,0,0.98450352451263,NA,NA,NA,1
TSC22D1,8,0,0,0.98450352451263,NA,NA,NA,1
ZFAND2A,5,0,0,0.98450352451263,NA,NA,NA,1
BSCL2,3,0,0,0.984534993253806,NA,NA,NA,1
C20orf196,2,0,0,0.984534993253806,NA,NA,NA,1
MAPK6,8,0,0,0.984534993253806,NA,NA,NA,1
NLRP1,2,0,0,0.984534993253806,NA,NA,NA,1
GADD45B,3,0,0,0.984567493113747,NA,NA,NA,1
AUH,3,0,0,0.984603607398142,NA,NA,NA,1
STYK1,5,0,0,0.984603607398142,NA,NA,NA,1
SMAP2,4,0,0,0.984679996164227,NA,NA,NA,1
AAAS,7,0,0,0.985258310270621,NA,NA,NA,1
ARHGAP42,11,0,0,0.985258310270621,NA,NA,NA,1
E2F6,8,0,0,0.985258310270621,NA,NA,NA,1
GCHFR,2,0,0,0.985258310270621,NA,NA,NA,1
LRIT3,2,0,0,0.985258310270621,NA,NA,NA,1
NRIP3,4,0,0,0.985258310270621,NA,NA,NA,1
PDGFD,4,0,0,0.985258310270621,NA,NA,NA,1
PGM3,5,0,0,0.985258310270621,NA,NA,NA,1
STARD5,5,0,0,0.985258310270621,NA,NA,NA,1
TEC,3,0,0,0.985258310270621,NA,NA,NA,1
ANKRD33B,3,0,0,0.985649522792525,NA,NA,NA,1
CLP1,2,0,0,0.985649522792525,NA,NA,NA,1
FLVCR1,7,0,0,0.985649522792525,NA,NA,NA,1
HAUS8,3,0,0,0.985649522792525,NA,NA,NA,1
WDR98,2,0,0,0.985649522792525,NA,NA,NA,1
ZFC3H1,6,0,0,0.985649522792525,NA,NA,NA,1
MBD5,7,0,0,0.985878684561673,NA,NA,NA,1
ITGB3BP,5,0,0,0.985899676438859,NA,NA,NA,1
LSM7,2,0,0,0.985900064360335,NA,NA,NA,1
DNAJC22,8,0,0,0.985901364519136,NA,NA,NA,1
HIRA,3,0,0,0.985932148696706,NA,NA,NA,1
TUFM,2,0,0,0.986174655900131,NA,NA,NA,1
XPO6,2,0,0,0.986190482292755,NA,NA,NA,1
ATG4D,3,0,0,0.986256240337226,NA,NA,NA,1
THAP10,3,0,0,0.986256240337226,NA,NA,NA,1
PEPD,3,0,0,0.986515351465941,NA,NA,NA,1
BCKDK,8,0,0,0.986540763952382,NA,NA,NA,1
CAPN15,3,0,0,0.986540763952382,NA,NA,NA,1
FAM160A2,3,0,0,0.986540763952382,NA,NA,NA,1
LPIN2,3,0,0,0.986540763952382,NA,NA,NA,1
SMARCAL1,2,0,0,0.986540763952382,NA,NA,NA,1
SVIP,4,0,0,0.986540763952382,NA,NA,NA,1
ANKRD18A,4,0,0,0.986559561684851,NA,NA,NA,1
GSKIP,7,0,0,0.986559561684851,NA,NA,NA,1
MTSS1L,3,0,0,0.986559561684851,NA,NA,NA,1
KIF21A,5,0,0,0.986630573477293,NA,NA,NA,1
MPND,4,0,0,0.986704579917005,NA,NA,NA,1
PBXIP1,6,0,0,0.986704579917005,NA,NA,NA,1
SLC37A3,3,0,0,0.986704579917005,NA,NA,NA,1
TTC25,3,0,0,0.986704579917005,NA,NA,NA,1
DLL3,2,0,0,0.986710337245001,NA,NA,NA,1
MLLT11,5,0,0,0.986710337245001,NA,NA,NA,1
NAA40,12,0,0,0.986710337245001,NA,NA,NA,1
SELENOM,2,0,0,0.98673073905255,NA,NA,NA,1
C15orf65,2,0,0,0.986815820824305,NA,NA,NA,1
MYL5,2,0,0,0.986815820824305,NA,NA,NA,1
PRC1,3,0,0,0.986815820824305,NA,NA,NA,1
SERTAD3,2,0,0,0.986815820824305,NA,NA,NA,1
TCP11L2,2,0,0,0.986815820824305,NA,NA,NA,1
FAT1,9,0,0,0.986899767405401,NA,NA,NA,1
ZNF232,4,0,0,0.986950695590227,NA,NA,NA,1
ALDH18A1,3,0,0,0.986978428177794,NA,NA,NA,1
ALDH1A1,2,0,0,0.986978428177794,NA,NA,NA,1
BRCA1,4,0,0,0.986978428177794,NA,NA,NA,1
C1orf56,4,0,0,0.986978428177794,NA,NA,NA,1
CCDC28A,2,0,0,0.986978428177794,NA,NA,NA,1
CFAP69,4,0,0,0.986978428177794,NA,NA,NA,1
CHST6,2,0,0,0.986978428177794,NA,NA,NA,1
COL27A1,3,0,0,0.986978428177794,NA,NA,NA,1
CRB3,3,0,0,0.986978428177794,NA,NA,NA,1
CYP26B1,2,0,0,0.986978428177794,NA,NA,NA,1
E2F7,3,0,0,0.986978428177794,NA,NA,NA,1
EMC7,5,0,0,0.986978428177794,NA,NA,NA,1
FASTKD3,2,0,0,0.986978428177794,NA,NA,NA,1
FUZ,2,0,0,0.986978428177794,NA,NA,NA,1
GPR156,5,0,0,0.986978428177794,NA,NA,NA,1
IRX4,2,0,0,0.986978428177794,NA,NA,NA,1
KIF13B,3,0,0,0.986978428177794,NA,NA,NA,1
KRBA2,3,0,0,0.986978428177794,NA,NA,NA,1
MAP3K4,4,0,0,0.986978428177794,NA,NA,NA,1
MBD1,3,0,0,0.986978428177794,NA,NA,NA,1
MEX3A,4,0,0,0.986978428177794,NA,NA,NA,1
MFSD14A,4,0,0,0.986978428177794,NA,NA,NA,1
NRG4,7,0,0,0.986978428177794,NA,NA,NA,1
NXF1,2,0,0,0.986978428177794,NA,NA,NA,1
PLPPR2,2,0,0,0.986978428177794,NA,NA,NA,1
POLR3F,4,0,0,0.986978428177794,NA,NA,NA,1
PPP5C,3,0,0,0.986978428177794,NA,NA,NA,1
PTGES2,2,0,0,0.986978428177794,NA,NA,NA,1
PTPA,6,0,0,0.986978428177794,NA,NA,NA,1
RPS13,3,0,0,0.986978428177794,NA,NA,NA,1
SLC27A1,3,0,0,0.986978428177794,NA,NA,NA,1
SLC4A1AP,4,0,0,0.986978428177794,NA,NA,NA,1
SOCS3,2,0,0,0.986978428177794,NA,NA,NA,1
STK10,3,0,0,0.986978428177794,NA,NA,NA,1
SYTL2,2,0,0,0.986978428177794,NA,NA,NA,1
TIPARP,7,0,0,0.986978428177794,NA,NA,NA,1
TMEM94,4,0,0,0.986978428177794,NA,NA,NA,1
TMX2,2,0,0,0.986978428177794,NA,NA,NA,1
VAV3,4,0,0,0.986978428177794,NA,NA,NA,1
ZNF574,3,0,0,0.986978428177794,NA,NA,NA,1
ZNF598,2,0,0,0.986978428177794,NA,NA,NA,1
ZNF750,3,0,0,0.986978428177794,NA,NA,NA,1
ZNF774,5,0,0,0.986978428177794,NA,NA,NA,1
PLCB4,5,0,0,0.987064709360849,NA,NA,NA,1
CCDC97,3,0,0,0.987087681924107,NA,NA,NA,1
KRT18,2,0,0,0.987119773011862,NA,NA,NA,1
AAK1,16,0,0,0.987154322533531,NA,NA,NA,1
ABCA5,6,0,0,0.987154322533531,NA,NA,NA,1
ACAA1,4,0,0,0.987154322533531,NA,NA,NA,1
ACCS,4,0,0,0.987154322533531,NA,NA,NA,1
AFTPH,2,0,0,0.987154322533531,NA,NA,NA,1
ALDH1A3,6,0,0,0.987154322533531,NA,NA,NA,1
ANKHD1-EIF4EBP3,9,0,0,0.987154322533531,NA,NA,NA,1
ATF5,3,0,0,0.987154322533531,NA,NA,NA,1
BRAP,4,0,0,0.987154322533531,NA,NA,NA,1
BTD,10,0,0,0.987154322533531,NA,NA,NA,1
C11orf1,2,0,0,0.987154322533531,NA,NA,NA,1
C16orf70,7,0,0,0.987154322533531,NA,NA,NA,1
C1orf109,3,0,0,0.987154322533531,NA,NA,NA,1
C9orf72,8,0,0,0.987154322533531,NA,NA,NA,1
CACFD1,2,0,0,0.987154322533531,NA,NA,NA,1
CAPRIN2,2,0,0,0.987154322533531,NA,NA,NA,1
CCDC18,3,0,0,0.987154322533531,NA,NA,NA,1
CCDC69,4,0,0,0.987154322533531,NA,NA,NA,1
CD68,2,0,0,0.987154322533531,NA,NA,NA,1
CDK5,4,0,0,0.987154322533531,NA,NA,NA,1
CHKA,2,0,0,0.987154322533531,NA,NA,NA,1
CNPPD1,3,0,0,0.987154322533531,NA,NA,NA,1
CNTN3,2,0,0,0.987154322533531,NA,NA,NA,1
CTCF,3,0,0,0.987154322533531,NA,NA,NA,1
CXCL5,3,0,0,0.987154322533531,NA,NA,NA,1
DCLRE1C,3,0,0,0.987154322533531,NA,NA,NA,1
DGKA,3,0,0,0.987154322533531,NA,NA,NA,1
DHX30,3,0,0,0.987154322533531,NA,NA,NA,1
DOC2A,2,0,0,0.987154322533531,NA,NA,NA,1
DPYD,2,0,0,0.987154322533531,NA,NA,NA,1
EP300,7,0,0,0.987154322533531,NA,NA,NA,1
EPRS,3,0,0,0.987154322533531,NA,NA,NA,1
EXOSC7,5,0,0,0.987154322533531,NA,NA,NA,1
FAM102A,4,0,0,0.987154322533531,NA,NA,NA,1
FAM185A,3,0,0,0.987154322533531,NA,NA,NA,1
FAM207A,3,0,0,0.987154322533531,NA,NA,NA,1
FAM83G,2,0,0,0.987154322533531,NA,NA,NA,1
FANCL,3,0,0,0.987154322533531,NA,NA,NA,1
FBXO48,3,0,0,0.987154322533531,NA,NA,NA,1
FIGN,5,0,0,0.987154322533531,NA,NA,NA,1
GMPR,3,0,0,0.987154322533531,NA,NA,NA,1
GOLM1,8,0,0,0.987154322533531,NA,NA,NA,1
HSPE1,5,0,0,0.987154322533531,NA,NA,NA,1
IFT172,3,0,0,0.987154322533531,NA,NA,NA,1
IGFBP3,4,0,0,0.987154322533531,NA,NA,NA,1
IMPACT,4,0,0,0.987154322533531,NA,NA,NA,1
INTS4,4,0,0,0.987154322533531,NA,NA,NA,1
ISM1,3,0,0,0.987154322533531,NA,NA,NA,1
JAZF1,2,0,0,0.987154322533531,NA,NA,NA,1
KAT5,2,0,0,0.987154322533531,NA,NA,NA,1
KDM4C,3,0,0,0.987154322533531,NA,NA,NA,1
LMF1,2,0,0,0.987154322533531,NA,NA,NA,1
LMX1B,2,0,0,0.987154322533531,NA,NA,NA,1
LRRC3,4,0,0,0.987154322533531,NA,NA,NA,1
MARS,3,0,0,0.987154322533531,NA,NA,NA,1
MRPS12,10,0,0,0.987154322533531,NA,NA,NA,1
MST1,3,0,0,0.987154322533531,NA,NA,NA,1
MTUS1,3,0,0,0.987154322533531,NA,NA,NA,1
NFKBIE,3,0,0,0.987154322533531,NA,NA,NA,1
OXTR,4,0,0,0.987154322533531,NA,NA,NA,1
PACRGL,2,0,0,0.987154322533531,NA,NA,NA,1
PCNT,3,0,0,0.987154322533531,NA,NA,NA,1
PFKL,3,0,0,0.987154322533531,NA,NA,NA,1
PGLS,3,0,0,0.987154322533531,NA,NA,NA,1
PLAGL1,3,0,0,0.987154322533531,NA,NA,NA,1
PRKCI,9,0,0,0.987154322533531,NA,NA,NA,1
PSMD1,4,0,0,0.987154322533531,NA,NA,NA,1
RCN1,8,0,0,0.987154322533531,NA,NA,NA,1
RELL1,4,0,0,0.987154322533531,NA,NA,NA,1
S100A11,2,0,0,0.987154322533531,NA,NA,NA,1
SEC11A,6,0,0,0.987154322533531,NA,NA,NA,1
SEMA3B,3,0,0,0.987154322533531,NA,NA,NA,1
SLC26A2,3,0,0,0.987154322533531,NA,NA,NA,1
SLC31A2,5,0,0,0.987154322533531,NA,NA,NA,1
SLC35F2,3,0,0,0.987154322533531,NA,NA,NA,1
SLC6A8,2,0,0,0.987154322533531,NA,NA,NA,1
TANGO2,2,0,0,0.987154322533531,NA,NA,NA,1
TNRC6C,6,0,0,0.987154322533531,NA,NA,NA,1
TSNAX,4,0,0,0.987154322533531,NA,NA,NA,1
TXNDC5,8,0,0,0.987154322533531,NA,NA,NA,1
ZNF140,2,0,0,0.987154322533531,NA,NA,NA,1
ZNF580,3,0,0,0.987154322533531,NA,NA,NA,1
ZNF605,4,0,0,0.987154322533531,NA,NA,NA,1
GPR173,2,0,0,0.987222808839775,NA,NA,NA,1
ADGRE5,5,0,0,0.987255489116935,NA,NA,NA,1
GARNL3,2,0,0,0.987328335514035,NA,NA,NA,1
LRBA,8,0,0,0.987503690432831,NA,NA,NA,1
S100A7A,3,0,0,0.987638523544935,NA,NA,NA,1
TGIF1,4,0,0,0.987699426255698,NA,NA,NA,1
LIMK2,7,0,0,0.987732776213904,NA,NA,NA,1
SLC25A18,2,0,0,0.987732776213904,NA,NA,NA,1
TMC5,4,0,0,0.987732776213904,NA,NA,NA,1
AHR,8,0,0,0.987862006777026,NA,NA,NA,1
ARHGAP22,2,0,0,0.987862006777026,NA,NA,NA,1
C10orf88,3,0,0,0.987862006777026,NA,NA,NA,1
C11orf74,2,0,0,0.987862006777026,NA,NA,NA,1
C15orf61,2,0,0,0.987862006777026,NA,NA,NA,1
CCNJL,9,0,0,0.987862006777026,NA,NA,NA,1
DAPK2,2,0,0,0.987862006777026,NA,NA,NA,1
ERN1,3,0,0,0.987862006777026,NA,NA,NA,1
EVA1C,2,0,0,0.987862006777026,NA,NA,NA,1
GALNT13,4,0,0,0.987862006777026,NA,NA,NA,1
GCA,6,0,0,0.987862006777026,NA,NA,NA,1
HAS2,4,0,0,0.987862006777026,NA,NA,NA,1
KDM3A,4,0,0,0.987862006777026,NA,NA,NA,1
LRTOMT,3,0,0,0.987862006777026,NA,NA,NA,1
LUZP2,3,0,0,0.987862006777026,NA,NA,NA,1
PBLD,2,0,0,0.987862006777026,NA,NA,NA,1
RPL12,5,0,0,0.987862006777026,NA,NA,NA,1
SAFB,2,0,0,0.987862006777026,NA,NA,NA,1
SPON2,2,0,0,0.987862006777026,NA,NA,NA,1
UNK,4,0,0,0.987862006777026,NA,NA,NA,1
ZBTB3,3,0,0,0.987862006777026,NA,NA,NA,1
ZNF620,6,0,0,0.987862006777026,NA,NA,NA,1
SVBP,6,0,0,0.987883355507885,NA,NA,NA,1
PSMC3IP,3,0,0,0.987934767085598,NA,NA,NA,1
SPIRE2,3,0,0,0.987934767085598,NA,NA,NA,1
ZNF155,2,0,0,0.987934767085598,NA,NA,NA,1
CDK5RAP2,6,0,0,0.988061808142414,NA,NA,NA,1
CALCOCO1,6,0,0,0.988075384113041,NA,NA,NA,1
FAM19A2,2,0,0,0.988075384113041,NA,NA,NA,1
PRUNE1,2,0,0,0.988075384113041,NA,NA,NA,1
ARRDC4,4,0,0,0.988117500514009,NA,NA,NA,1
ZNF852,4,0,0,0.988166565576387,NA,NA,NA,1
INPP5A,6,0,0,0.988275165911279,NA,NA,NA,1
NTN4,3,0,0,0.98834624691409,NA,NA,NA,1
CALHM6,2,0,0,0.988508002511475,NA,NA,NA,1
CCDC112,2,0,0,0.988508002511475,NA,NA,NA,1
FAM53B,4,0,0,0.988508002511475,NA,NA,NA,1
LRRC8E,3,0,0,0.988508002511475,NA,NA,NA,1
PFDN5,3,0,0,0.988508002511475,NA,NA,NA,1
STK3,4,0,0,0.988508002511475,NA,NA,NA,1
PAOX,4,0,0,0.988554467141688,NA,NA,NA,1
PARD3B,2,0,0,0.988566341428595,NA,NA,NA,1
PISD,3,0,0,0.988576916489061,NA,NA,NA,1
ZNF700,4,0,0,0.988576916489061,NA,NA,NA,1
ARL4C,7,0,0,0.988640740619275,NA,NA,NA,1
C2orf15,4,0,0,0.988640740619275,NA,NA,NA,1
CROT,4,0,0,0.988640740619275,NA,NA,NA,1
EXTL3,3,0,0,0.988640740619275,NA,NA,NA,1
THNSL2,2,0,0,0.988640740619275,NA,NA,NA,1
WDPCP,3,0,0,0.988640740619275,NA,NA,NA,1
NKX3-1,2,0,0,0.988824893994249,NA,NA,NA,1
METAP1D,4,0,0,0.988951884820015,NA,NA,NA,1
NOG,2,0,0,0.988951884820015,NA,NA,NA,1
PAK1IP1,3,0,0,0.988951884820015,NA,NA,NA,1
PAQR6,4,0,0,0.988951884820015,NA,NA,NA,1
VAT1L,3,0,0,0.988951884820015,NA,NA,NA,1
JMY,4,0,0,0.989086357404845,NA,NA,NA,1
LGALS1,3,0,0,0.989086357404845,NA,NA,NA,1
ETV3,2,0,0,0.989092499072627,NA,NA,NA,1
SEPSECS,9,0,0,0.989092499072627,NA,NA,NA,1
DNAJC8,4,0,0,0.989092975760485,NA,NA,NA,1
CAPN1,4,0,0,0.989174616677477,NA,NA,NA,1
EFNA4,3,0,0,0.989174616677477,NA,NA,NA,1
PRR5,3,0,0,0.989174616677477,NA,NA,NA,1
PTPN21,3,0,0,0.989174616677477,NA,NA,NA,1
RAC2,3,0,0,0.989174616677477,NA,NA,NA,1
USP27X,2,0,0,0.989174616677477,NA,NA,NA,1
ZNF467,2,0,0,0.989174616677477,NA,NA,NA,1
ATP6V1F,4,0,0,0.98917859289524,NA,NA,NA,1
SCARA3,2,0,0,0.98917859289524,NA,NA,NA,1
HS3ST3B1,4,0,0,0.989210959805966,NA,NA,NA,1
MAEA,2,0,0,0.989210959805966,NA,NA,NA,1
SLC35A1,4,0,0,0.989210959805966,NA,NA,NA,1
UBE3D,2,0,0,0.989210959805966,NA,NA,NA,1
CEP350,3,0,0,0.989244476118872,NA,NA,NA,1
NFKB2,2,0,0,0.989307459390728,NA,NA,NA,1
IL18,3,0,0,0.989411826642831,NA,NA,NA,1
LRRC46,2,0,0,0.989411826642831,NA,NA,NA,1
RASSF5,2,0,0,0.989411826642831,NA,NA,NA,1
RBM4,3,0,0,0.989411826642831,NA,NA,NA,1
SPEN,5,0,0,0.989411826642831,NA,NA,NA,1
MPC1,3,0,0,0.989507939905193,NA,NA,NA,1
METTL3,2,0,0,0.98962616940652,NA,NA,NA,1
LIAS,4,0,0,0.989638171883783,NA,NA,NA,1
NR1H3,3,0,0,0.989669083875797,NA,NA,NA,1
ARMCX3,6,0,0,0.989704397815474,NA,NA,NA,1
LYRM9,3,0,0,0.989761400193061,NA,NA,NA,1
WDR45,3,0,0,0.99036675621586,NA,NA,NA,1
RELA,4,0,0,0.990389036958712,NA,NA,NA,1
NDUFB4,2,0,0,0.990545358976555,NA,NA,NA,1
WRNIP1,3,0,0,0.990563688411943,NA,NA,NA,1
DDX59,2,0,0,0.990723314908334,NA,NA,NA,1
NDUFC1,3,0,0,0.990723314908334,NA,NA,NA,1
PER3,3,0,0,0.990723314908334,NA,NA,NA,1
SMIM8,5,0,0,0.990723314908334,NA,NA,NA,1
WFS1,2,0,0,0.990723314908334,NA,NA,NA,1
ZDHHC6,5,0,0,0.990723314908334,NA,NA,NA,1
CXorf38,2,0,0,0.990727735909326,NA,NA,NA,1
AXL,7,0,0,0.990778617193888,NA,NA,NA,1
HOXA5,4,0,0,0.990778617193888,NA,NA,NA,1
ID2,4,0,0,0.990778617193888,NA,NA,NA,1
LMAN2,5,0,0,0.990934086709427,NA,NA,NA,1
SYCE1L,3,0,0,0.990934086709427,NA,NA,NA,1
PMPCA,5,0,0,0.990952465219514,NA,NA,NA,1
CDH2,7,0,0,0.991074664245326,NA,NA,NA,1
RAI14,4,0,0,0.991074664245326,NA,NA,NA,1
ABHD17A,4,0,0,0.991120597370588,NA,NA,NA,1
ALG5,5,0,0,0.991120597370588,NA,NA,NA,1
BCL6,2,0,0,0.991120597370588,NA,NA,NA,1
CHPT1,5,0,0,0.991120597370588,NA,NA,NA,1
CNR1,4,0,0,0.991120597370588,NA,NA,NA,1
CWC27,2,0,0,0.991120597370588,NA,NA,NA,1
DESI2,5,0,0,0.991120597370588,NA,NA,NA,1
EAF2,2,0,0,0.991120597370588,NA,NA,NA,1
EPSTI1,2,0,0,0.991120597370588,NA,NA,NA,1
HIST1H2AL,5,0,0,0.991120597370588,NA,NA,NA,1
PAX8,3,0,0,0.991120597370588,NA,NA,NA,1
TCEAL9,5,0,0,0.991120597370588,NA,NA,NA,1
TAGLN2,4,0,0,0.991230404009026,NA,NA,NA,1
TNS2,2,0,0,0.991514284962149,NA,NA,NA,1
LY6K,3,0,0,0.991535118860142,NA,NA,NA,1
SYVN1,2,0,0,0.991535118860142,NA,NA,NA,1
VPS26B,4,0,0,0.991535118860142,NA,NA,NA,1
FAM198B,9,0,0,0.991601036012443,NA,NA,NA,1
THAP12,3,0,0,0.991601036012443,NA,NA,NA,1
VEGFB,3,0,0,0.991601036012443,NA,NA,NA,1
WDR97,2,0,0,0.991601036012443,NA,NA,NA,1
DDN,2,0,0,0.991610036633178,NA,NA,NA,1
FBXO43,2,0,0,0.991610036633178,NA,NA,NA,1
RTN4RL1,2,0,0,0.991610036633178,NA,NA,NA,1
TMA7,3,0,0,0.991610036633178,NA,NA,NA,1
PIGZ,3,0,0,0.991816548532254,NA,NA,NA,1
TP53INP1,4,0,0,0.991816548532254,NA,NA,NA,1
GBP1,2,0,0,0.991993092773792,NA,NA,NA,1
FBXO30,7,0,0,0.992101617707571,NA,NA,NA,1
PXMP2,3,0,0,0.992101617707571,NA,NA,NA,1
ZNF672,3,0,0,0.992702128865179,NA,NA,NA,1
ADAR,6,0,0,0.992732719524557,NA,NA,NA,1
DIDO1,6,0,0,0.992732719524557,NA,NA,NA,1
FOXM1,3,0,0,0.992732719524557,NA,NA,NA,1
LTC4S,2,0,0,0.992732719524557,NA,NA,NA,1
NDUFB1,2,0,0,0.992732719524557,NA,NA,NA,1
NFYC,4,0,0,0.992732719524557,NA,NA,NA,1
RAD54B,2,0,0,0.992732719524557,NA,NA,NA,1
RPS11,5,0,0,0.992732719524557,NA,NA,NA,1
TMEM187,3,0,0,0.992732719524557,NA,NA,NA,1
ULK1,3,0,0,0.992732719524557,NA,NA,NA,1
ZCCHC11,2,0,0,0.992806055576647,NA,NA,NA,1
SMG5,2,0,0,0.992831157031503,NA,NA,NA,1
TMEM14B,4,0,0,0.992831157031503,NA,NA,NA,1
ACOT8,3,0,0,0.992859628683792,NA,NA,NA,1
ATN1,4,0,0,0.992859628683792,NA,NA,NA,1
BCL9,2,0,0,0.992859628683792,NA,NA,NA,1
BORA,2,0,0,0.992859628683792,NA,NA,NA,1
BPGM,3,0,0,0.992859628683792,NA,NA,NA,1
CCDC138,2,0,0,0.992859628683792,NA,NA,NA,1
CDC14A,3,0,0,0.992859628683792,NA,NA,NA,1
CSRNP1,5,0,0,0.992859628683792,NA,NA,NA,1
DPH7,3,0,0,0.992859628683792,NA,NA,NA,1
EAPP,3,0,0,0.992859628683792,NA,NA,NA,1
EIF2B5,3,0,0,0.992859628683792,NA,NA,NA,1
EYA1,3,0,0,0.992859628683792,NA,NA,NA,1
FERMT2,7,0,0,0.992859628683792,NA,NA,NA,1
FKBP11,2,0,0,0.992859628683792,NA,NA,NA,1
FOXA1,5,0,0,0.992859628683792,NA,NA,NA,1
GLE1,7,0,0,0.992859628683792,NA,NA,NA,1
HIBADH,4,0,0,0.992859628683792,NA,NA,NA,1
HPS3,2,0,0,0.992859628683792,NA,NA,NA,1
IL7,2,0,0,0.992859628683792,NA,NA,NA,1
KDR,3,0,0,0.992859628683792,NA,NA,NA,1
KLF4,4,0,0,0.992859628683792,NA,NA,NA,1
KRBA1,6,0,0,0.992859628683792,NA,NA,NA,1
LTB4R,2,0,0,0.992859628683792,NA,NA,NA,1
MMRN2,2,0,0,0.992859628683792,NA,NA,NA,1
NAP1L4,2,0,0,0.992859628683792,NA,NA,NA,1
NT5C1B-RDH14,3,0,0,0.992859628683792,NA,NA,NA,1
PCDHB15,8,0,0,0.992859628683792,NA,NA,NA,1
PCMT1,6,0,0,0.992859628683792,NA,NA,NA,1
POLG,9,0,0,0.992859628683792,NA,NA,NA,1
PPOX,2,0,0,0.992859628683792,NA,NA,NA,1
PRDM10,3,0,0,0.992859628683792,NA,NA,NA,1
PTPRD,3,0,0,0.992859628683792,NA,NA,NA,1
RASSF9,3,0,0,0.992859628683792,NA,NA,NA,1
RPA2,3,0,0,0.992859628683792,NA,NA,NA,1
RPLP2,2,0,0,0.992859628683792,NA,NA,NA,1
RPS6KC1,6,0,0,0.992859628683792,NA,NA,NA,1
RPUSD3,7,0,0,0.992859628683792,NA,NA,NA,1
SLC22A4,4,0,0,0.992859628683792,NA,NA,NA,1
SMG7,5,0,0,0.992859628683792,NA,NA,NA,1
SPACA9,2,0,0,0.992859628683792,NA,NA,NA,1
SRC,3,0,0,0.992859628683792,NA,NA,NA,1
SUSD2,2,0,0,0.992859628683792,NA,NA,NA,1
TMEM101,4,0,0,0.992859628683792,NA,NA,NA,1
TMEM125,2,0,0,0.992859628683792,NA,NA,NA,1
TSGA10,2,0,0,0.992859628683792,NA,NA,NA,1
TTC7B,4,0,0,0.992859628683792,NA,NA,NA,1
VAC14,3,0,0,0.992859628683792,NA,NA,NA,1
VDAC2,3,0,0,0.992859628683792,NA,NA,NA,1
ZNF215,3,0,0,0.992859628683792,NA,NA,NA,1
ZNF688,2,0,0,0.992859628683792,NA,NA,NA,1
ZSCAN23,2,0,0,0.992859628683792,NA,NA,NA,1
DEXI,2,0,0,0.993020488071487,NA,NA,NA,1
ADGRL3,5,0,0,0.993027957518358,NA,NA,NA,1
NME1,2,0,0,0.993027957518358,NA,NA,NA,1
WWP2,3,0,0,0.993027957518358,NA,NA,NA,1
RABGAP1,4,0,0,0.99328525894923,NA,NA,NA,1
TRIOBP,11,0,0,0.993301445301464,NA,NA,NA,1
C15orf41,3,0,0,0.993417050151326,NA,NA,NA,1
INAFM2,4,0,0,0.99349546610205,NA,NA,NA,1
FIS1,3,0,0,0.99351715199396,NA,NA,NA,1
MRPL49,4,0,0,0.99351715199396,NA,NA,NA,1
CNP,4,0,0,0.993535499556421,NA,NA,NA,1
FAM96A,4,0,0,0.993535499556421,NA,NA,NA,1
ZNF668,3,0,0,0.993535499556421,NA,NA,NA,1
ADAMTSL4,3,0,0,0.993558209038984,NA,NA,NA,1
DDX17,12,0,0,0.993558209038984,NA,NA,NA,1
UNC5CL,2,0,0,0.993558209038984,NA,NA,NA,1
USP45,5,0,0,0.993558209038984,NA,NA,NA,1
ZC3H7A,4,0,0,0.993558209038984,NA,NA,NA,1
C2CD4C,2,0,0,0.993619304523826,NA,NA,NA,1
RASA2,4,0,0,0.993824045105414,NA,NA,NA,1
SLC9A3R2,3,0,0,0.993858292026794,NA,NA,NA,1
SPAG4,2,0,0,0.993858292026794,NA,NA,NA,1
SLC52A1,2,0,0,0.993893173562919,NA,NA,NA,1
NOTCH3,4,0,0,0.994008591529305,NA,NA,NA,1
MTM1,3,0,0,0.994367003933222,NA,NA,NA,1
POLR2C,4,0,0,0.994367003933222,NA,NA,NA,1
PQBP1,2,0,0,0.994367003933222,NA,NA,NA,1
ATG2A,2,0,0,0.994557617155553,NA,NA,NA,1
CHM,3,0,0,0.994557617155553,NA,NA,NA,1
MAPK8IP2,2,0,0,0.994557617155553,NA,NA,NA,1
SEC11C,2,0,0,0.994557617155553,NA,NA,NA,1
ATP8A1,5,0,0,0.994633997943071,NA,NA,NA,1
GRIP1,2,0,0,0.994633997943071,NA,NA,NA,1
KCNK2,2,0,0,0.994633997943071,NA,NA,NA,1
KDELR3,6,0,0,0.994633997943071,NA,NA,NA,1
NKX2-8,3,0,0,0.994633997943071,NA,NA,NA,1
PRMT7,4,0,0,0.994633997943071,NA,NA,NA,1
RPRD1B,5,0,0,0.994633997943071,NA,NA,NA,1
TNFSF18,2,0,0,0.994633997943071,NA,NA,NA,1
ZNF189,6,0,0,0.994633997943071,NA,NA,NA,1
ACSS2,3,0,0,0.994656266379035,NA,NA,NA,1
APH1B,3,0,0,0.994656266379035,NA,NA,NA,1
BST1,2,0,0,0.994656266379035,NA,NA,NA,1
C10orf95,2,0,0,0.994656266379035,NA,NA,NA,1
C5orf34,2,0,0,0.994656266379035,NA,NA,NA,1
CHODL,3,0,0,0.994656266379035,NA,NA,NA,1
FGFR4,2,0,0,0.994656266379035,NA,NA,NA,1
ISYNA1,6,0,0,0.994656266379035,NA,NA,NA,1
KANSL3,4,0,0,0.994656266379035,NA,NA,NA,1
MCOLN2,3,0,0,0.994656266379035,NA,NA,NA,1
MITF,6,0,0,0.994656266379035,NA,NA,NA,1
MVP,2,0,0,0.994656266379035,NA,NA,NA,1
PELI1,3,0,0,0.994656266379035,NA,NA,NA,1
PSMB7,3,0,0,0.994656266379035,NA,NA,NA,1
RPL27,3,0,0,0.994656266379035,NA,NA,NA,1
RPL28,3,0,0,0.994656266379035,NA,NA,NA,1
SAA2-SAA4,2,0,0,0.994656266379035,NA,NA,NA,1
SAP130,3,0,0,0.994656266379035,NA,NA,NA,1
SHISAL1,4,0,0,0.994656266379035,NA,NA,NA,1
SNRNP25,4,0,0,0.994656266379035,NA,NA,NA,1
SPRY2,3,0,0,0.994656266379035,NA,NA,NA,1
TANK,3,0,0,0.994656266379035,NA,NA,NA,1
TRIM11,3,0,0,0.994656266379035,NA,NA,NA,1
TRPC4AP,4,0,0,0.994864338642997,NA,NA,NA,1
OMA1,3,0,0,0.994894192022985,NA,NA,NA,1
NME3,4,0,0,0.994976077246792,NA,NA,NA,1
UPF2,3,0,0,0.994976077246792,NA,NA,NA,1
ABCC5,2,0,0,0.99499652333625,NA,NA,NA,1
AGTPBP1,6,0,0,0.99499652333625,NA,NA,NA,1
C15orf48,2,0,0,0.99499652333625,NA,NA,NA,1
CLIP3,2,0,0,0.99499652333625,NA,NA,NA,1
GGA3,4,0,0,0.99499652333625,NA,NA,NA,1
SATB1,5,0,0,0.99499652333625,NA,NA,NA,1
ANKRD13A,3,0,0,0.995061042118473,NA,NA,NA,1
C19orf24,5,0,0,0.995061042118473,NA,NA,NA,1
CD3EAP,2,0,0,0.995061042118473,NA,NA,NA,1
CDH13,6,0,0,0.995061042118473,NA,NA,NA,1
CHPF2,3,0,0,0.995061042118473,NA,NA,NA,1
IST1,6,0,0,0.995061042118473,NA,NA,NA,1
ITPA,2,0,0,0.995061042118473,NA,NA,NA,1
KRT80,2,0,0,0.995061042118473,NA,NA,NA,1
MAST4,4,0,0,0.995061042118473,NA,NA,NA,1
METTL2A,7,0,0,0.995061042118473,NA,NA,NA,1
NCOA2,5,0,0,0.995061042118473,NA,NA,NA,1
STXBP3,3,0,0,0.995061042118473,NA,NA,NA,1
TSFM,6,0,0,0.995061042118473,NA,NA,NA,1
PLEKHG1,3,0,0,0.995115913804859,NA,NA,NA,1
DOCK6,3,0,0,0.995162509400058,NA,NA,NA,1
IRAK2,2,0,0,0.995162509400058,NA,NA,NA,1
NES,2,0,0,0.995162509400058,NA,NA,NA,1
PCDHB4,4,0,0,0.995162509400058,NA,NA,NA,1
TM2D1,3,0,0,0.99530997401992,NA,NA,NA,1
CCNB2,6,0,0,0.995497302477352,NA,NA,NA,1
EXOC1,3,0,0,0.995497302477352,NA,NA,NA,1
FGF7,2,0,0,0.995508922232602,NA,NA,NA,1
GPR137C,4,0,0,0.995508922232602,NA,NA,NA,1
NGLY1,4,0,0,0.995508922232602,NA,NA,NA,1
NT5E,7,0,0,0.995508922232602,NA,NA,NA,1
S100A14,3,0,0,0.995508922232602,NA,NA,NA,1
ZNF606,4,0,0,0.995508922232602,NA,NA,NA,1
ABCA9,2,0,0,0.995554454381694,NA,NA,NA,1
ADGRF4,2,0,0,0.995554454381694,NA,NA,NA,1
B4GALT6,6,0,0,0.995554454381694,NA,NA,NA,1
CEP89,3,0,0,0.995554454381694,NA,NA,NA,1
DCHS1,2,0,0,0.995554454381694,NA,NA,NA,1
FBXL20,7,0,0,0.995554454381694,NA,NA,NA,1
H3F3C,2,0,0,0.995554454381694,NA,NA,NA,1
HMGXB4,6,0,0,0.995554454381694,NA,NA,NA,1
LYNX1,3,0,0,0.995554454381694,NA,NA,NA,1
MTOR,2,0,0,0.995554454381694,NA,NA,NA,1
RBCK1,3,0,0,0.995554454381694,NA,NA,NA,1
SLC27A6,4,0,0,0.995592131291298,NA,NA,NA,1
SGSM2,2,0,0,0.995614308634479,NA,NA,NA,1
ARL6,7,0,0,0.995772787781496,NA,NA,NA,1
CPA4,2,0,0,0.995772787781496,NA,NA,NA,1
IRF2,4,0,0,0.995772787781496,NA,NA,NA,1
MAST3,5,0,0,0.995772787781496,NA,NA,NA,1
MATN3,5,0,0,0.995772787781496,NA,NA,NA,1
MRPS36,5,0,0,0.995772787781496,NA,NA,NA,1
SDR39U1,3,0,0,0.995772787781496,NA,NA,NA,1
TMEM86A,6,0,0,0.995772787781496,NA,NA,NA,1
ZNF121,3,0,0,0.995772787781496,NA,NA,NA,1
ENG,3,0,0,0.995777686907152,NA,NA,NA,1
ATG16L1,2,0,0,0.9959030550823,NA,NA,NA,1
SLC2A9,2,0,0,0.995953331062073,NA,NA,NA,1
HECW1,2,0,0,0.995995087089693,NA,NA,NA,1
CCDC80,7,0,0,0.996130236381772,NA,NA,NA,1
MUC19,2,0,0,0.996130236381772,NA,NA,NA,1
RHBDF1,4,0,0,0.996130236381772,NA,NA,NA,1
AC026786.1,3,0,0,0.996148139379472,NA,NA,NA,1
C20orf27,2,0,0,0.99620974223182,NA,NA,NA,1
EXOSC4,4,0,0,0.99620974223182,NA,NA,NA,1
GPS2,3,0,0,0.996294207677289,NA,NA,NA,1
SLC16A5,5,0,0,0.996305120882101,NA,NA,NA,1
C17orf100,7,0,0,0.996464028012958,NA,NA,NA,1
CCDC84,2,0,0,0.996464028012958,NA,NA,NA,1
CTGF,9,0,0,0.996464028012958,NA,NA,NA,1
GATM,2,0,0,0.996464028012958,NA,NA,NA,1
ING3,3,0,0,0.996464028012958,NA,NA,NA,1
LHX9,3,0,0,0.996464028012958,NA,NA,NA,1
LYPD6,4,0,0,0.996464028012958,NA,NA,NA,1
PIGBOS1,5,0,0,0.996464028012958,NA,NA,NA,1
PRUNE2,3,0,0,0.996464028012958,NA,NA,NA,1
TP73,2,0,0,0.996464028012958,NA,NA,NA,1
WASHC5,2,0,0,0.996464028012958,NA,NA,NA,1
XKR6,3,0,0,0.996464028012958,NA,NA,NA,1
ZSWIM5,2,0,0,0.996464028012958,NA,NA,NA,1
NDOR1,2,0,0,0.99658884351663,NA,NA,NA,1
AFF2,3,0,0,0.996594287034059,NA,NA,NA,1
CNTROB,2,0,0,0.996594287034059,NA,NA,NA,1
CRTC1,5,0,0,0.996594287034059,NA,NA,NA,1
IFFO2,4,0,0,0.996594287034059,NA,NA,NA,1
INPP5D,2,0,0,0.996594287034059,NA,NA,NA,1
KDM5C,2,0,0,0.996594287034059,NA,NA,NA,1
LRG1,2,0,0,0.996594287034059,NA,NA,NA,1
LTBP2,4,0,0,0.996594287034059,NA,NA,NA,1
MCM6,3,0,0,0.996594287034059,NA,NA,NA,1
MMP28,2,0,0,0.996594287034059,NA,NA,NA,1
MOB3A,7,0,0,0.996594287034059,NA,NA,NA,1
NLGN2,3,0,0,0.996594287034059,NA,NA,NA,1
PGBD4,5,0,0,0.996594287034059,NA,NA,NA,1
PKP3,2,0,0,0.996594287034059,NA,NA,NA,1
PLCL2,2,0,0,0.996594287034059,NA,NA,NA,1
PRELID1,6,0,0,0.996594287034059,NA,NA,NA,1
PREX2,3,0,0,0.996594287034059,NA,NA,NA,1
RABGGTA,2,0,0,0.996594287034059,NA,NA,NA,1
S100A2,4,0,0,0.996594287034059,NA,NA,NA,1
STK35,3,0,0,0.996594287034059,NA,NA,NA,1
SYNM,3,0,0,0.996594287034059,NA,NA,NA,1
TSR3,3,0,0,0.996594287034059,NA,NA,NA,1
ZNF664,6,0,0,0.996594287034059,NA,NA,NA,1
SFXN5,5,0,0,0.996602682503929,NA,NA,NA,1
VPS37C,3,0,0,0.996602682503929,NA,NA,NA,1
GALNT5,2,0,0,0.996744432977639,NA,NA,NA,1
CYR61,4,0,0,0.996909136903315,NA,NA,NA,1
ARMC6,4,0,0,0.997027274737599,NA,NA,NA,1
PLGRKT,4,0,0,0.997027274737599,NA,NA,NA,1
KIF26A,2,0,0,0.997037995703348,NA,NA,NA,1
BRAT1,2,0,0,0.997152425589725,NA,NA,NA,1
HDAC5,2,0,0,0.997211130272705,NA,NA,NA,1
MYD88,2,0,0,0.997363232223939,NA,NA,NA,1
PSMG1,7,0,0,0.997363232223939,NA,NA,NA,1
SPRY1,4,0,0,0.997363232223939,NA,NA,NA,1
STX4,4,0,0,0.997363232223939,NA,NA,NA,1
TEP1,3,0,0,0.997363232223939,NA,NA,NA,1
WTIP,6,0,0,0.997363232223939,NA,NA,NA,1
ANXA6,7,0,0,0.997399266846217,NA,NA,NA,1
C21orf59,5,0,0,0.997399266846217,NA,NA,NA,1
TWIST2,3,0,0,0.99782645073694,NA,NA,NA,1
ASB7,5,0,0,0.997884986905286,NA,NA,NA,1
ANKRA2,3,0,0,0.997895724049259,NA,NA,NA,1
ARPC1A,5,0,0,0.997895724049259,NA,NA,NA,1
BRF2,6,0,0,0.997895724049259,NA,NA,NA,1
FAM53C,6,0,0,0.997895724049259,NA,NA,NA,1
H1F0,12,0,0,0.997895724049259,NA,NA,NA,1
KLHL15,4,0,0,0.997895724049259,NA,NA,NA,1
KLHL7,3,0,0,0.997895724049259,NA,NA,NA,1
MAP2K5,3,0,0,0.997895724049259,NA,NA,NA,1
MAP2K7,5,0,0,0.997895724049259,NA,NA,NA,1
TUBA1C,3,0,0,0.997895724049259,NA,NA,NA,1
ZYG11A,3,0,0,0.997895724049259,NA,NA,NA,1
MUC16,2,0,0,0.997978153333868,NA,NA,NA,1
CES3,2,0,0,0.998113362921494,NA,NA,NA,1
CISH,3,0,0,0.998113362921494,NA,NA,NA,1
NINJ1,2,0,0,0.998113362921494,NA,NA,NA,1
RAE1,3,0,0,0.998113362921494,NA,NA,NA,1
RPL7A,3,0,0,0.998113362921494,NA,NA,NA,1
AAR2,3,0,0,0.998239707908055,NA,NA,NA,1
AEN,2,0,0,0.998239707908055,NA,NA,NA,1
C17orf80,4,0,0,0.998239707908055,NA,NA,NA,1
FOXJ2,4,0,0,0.998239707908055,NA,NA,NA,1
HHAT,6,0,0,0.998239707908055,NA,NA,NA,1
KCTD2,4,0,0,0.998239707908055,NA,NA,NA,1
NAT8L,4,0,0,0.998239707908055,NA,NA,NA,1
PUS1,2,0,0,0.998239707908055,NA,NA,NA,1
SENP7,3,0,0,0.998239707908055,NA,NA,NA,1
SYDE1,5,0,0,0.998239707908055,NA,NA,NA,1
SLC35E2B,5,0,0,0.998252092299499,NA,NA,NA,1
SYNE1,5,0,0,0.998252092299499,NA,NA,NA,1
TMEM219,2,0,0,0.998252092299499,NA,NA,NA,1
CLIC2,3,0,0,0.998412886757992,NA,NA,NA,1
EMC4,5,0,0,0.998412886757992,NA,NA,NA,1
IL1A,3,0,0,0.998412886757992,NA,NA,NA,1
MTBP,3,0,0,0.998412886757992,NA,NA,NA,1
SIRT2,2,0,0,0.998412886757992,NA,NA,NA,1
TNRC18,3,0,0,0.998412886757992,NA,NA,NA,1
ALG3,4,0,0,0.998427235029048,NA,NA,NA,1
BTBD6,4,0,0,0.998427235029048,NA,NA,NA,1
GPSM1,7,0,0,0.998427235029048,NA,NA,NA,1
ACADVL,2,0,0,0.99860556784918,NA,NA,NA,1
AKR1A1,2,0,0,0.99860556784918,NA,NA,NA,1
C3orf33,2,0,0,0.99860556784918,NA,NA,NA,1
MARK2,3,0,0,0.99860556784918,NA,NA,NA,1
NEDD9,5,0,0,0.99860556784918,NA,NA,NA,1
RNF38,10,0,0,0.99860556784918,NA,NA,NA,1
ST20,2,0,0,0.99860556784918,NA,NA,NA,1
TUBB2A,2,0,0,0.99860556784918,NA,NA,NA,1
WDR47,4,0,0,0.99860556784918,NA,NA,NA,1
WNT5A,8,0,0,0.99860556784918,NA,NA,NA,1
PMS2,3,0,0,0.998634834978967,NA,NA,NA,1
P4HB,9,0,0,0.998664745800097,NA,NA,NA,1
ROBO3,2,0,0,0.998679181017553,NA,NA,NA,1
MGME1,3,0,0,0.998687432441433,NA,NA,NA,1
RPL29,3,0,0,0.998687432441433,NA,NA,NA,1
TIMP1,2,0,0,0.998687432441433,NA,NA,NA,1
B4GALNT4,2,0,0,0.99880179087971,NA,NA,NA,1
CLN6,4,0,0,0.99880179087971,NA,NA,NA,1
ERCC6L,2,0,0,0.99880179087971,NA,NA,NA,1
FUT8,6,0,0,0.99880179087971,NA,NA,NA,1
ITGAM,2,0,0,0.99880179087971,NA,NA,NA,1
LATS1,5,0,0,0.99880179087971,NA,NA,NA,1
MAP7D1,3,0,0,0.99880179087971,NA,NA,NA,1
MUM1,6,0,0,0.99880179087971,NA,NA,NA,1
NATD1,3,0,0,0.99880179087971,NA,NA,NA,1
NR2C1,5,0,0,0.99880179087971,NA,NA,NA,1
PPIL6,4,0,0,0.99880179087971,NA,NA,NA,1
PRMT5,2,0,0,0.99880179087971,NA,NA,NA,1
RNF13,2,0,0,0.99880179087971,NA,NA,NA,1
STARD3,3,0,0,0.99880179087971,NA,NA,NA,1
TRAFD1,2,0,0,0.99880179087971,NA,NA,NA,1
ZNF691,4,0,0,0.99880179087971,NA,NA,NA,1
DTYMK,2,0,0,0.998945588242331,NA,NA,NA,1
AC022384.1,5,0,0,0.999093857307456,NA,NA,NA,1
APRT,3,0,0,0.999093857307456,NA,NA,NA,1
ASTN2,6,0,0,0.999093857307456,NA,NA,NA,1
ATG16L2,5,0,0,0.999093857307456,NA,NA,NA,1
ATG4B,4,0,0,0.999093857307456,NA,NA,NA,1
BICRAL,5,0,0,0.999093857307456,NA,NA,NA,1
CCDC57,2,0,0,0.999093857307456,NA,NA,NA,1
CDK16,2,0,0,0.999093857307456,NA,NA,NA,1
CENPJ,2,0,0,0.999093857307456,NA,NA,NA,1
CORO1B,3,0,0,0.999093857307456,NA,NA,NA,1
CPNE8,3,0,0,0.999093857307456,NA,NA,NA,1
CRELD1,2,0,0,0.999093857307456,NA,NA,NA,1
CSTA,2,0,0,0.999093857307456,NA,NA,NA,1
DDX39A,2,0,0,0.999093857307456,NA,NA,NA,1
EIF2B1,4,0,0,0.999093857307456,NA,NA,NA,1
FAM196B,5,0,0,0.999093857307456,NA,NA,NA,1
FAXDC2,2,0,0,0.999093857307456,NA,NA,NA,1
FLYWCH1,2,0,0,0.999093857307456,NA,NA,NA,1
FOLR1,2,0,0,0.999093857307456,NA,NA,NA,1
FOXC2,2,0,0,0.999093857307456,NA,NA,NA,1
GRHL1,3,0,0,0.999093857307456,NA,NA,NA,1
GRINA,2,0,0,0.999093857307456,NA,NA,NA,1
GSTA4,3,0,0,0.999093857307456,NA,NA,NA,1
HDAC1,3,0,0,0.999093857307456,NA,NA,NA,1
HEATR5B,4,0,0,0.999093857307456,NA,NA,NA,1
HIST1H2AI,4,0,0,0.999093857307456,NA,NA,NA,1
HIST1H4H,8,0,0,0.999093857307456,NA,NA,NA,1
IMPDH2,2,0,0,0.999093857307456,NA,NA,NA,1
INHBE,2,0,0,0.999093857307456,NA,NA,NA,1
INPP4B,3,0,0,0.999093857307456,NA,NA,NA,1
ITGB1BP1,5,0,0,0.999093857307456,NA,NA,NA,1
KATNA1,2,0,0,0.999093857307456,NA,NA,NA,1
KLHL31,3,0,0,0.999093857307456,NA,NA,NA,1
LARGE1,3,0,0,0.999093857307456,NA,NA,NA,1
LBH,4,0,0,0.999093857307456,NA,NA,NA,1
MAD2L2,2,0,0,0.999093857307456,NA,NA,NA,1
MAPK12,2,0,0,0.999093857307456,NA,NA,NA,1
MARVELD3,2,0,0,0.999093857307456,NA,NA,NA,1
MATN2,2,0,0,0.999093857307456,NA,NA,NA,1
METRN,2,0,0,0.999093857307456,NA,NA,NA,1
MGARP,2,0,0,0.999093857307456,NA,NA,NA,1
MINDY2,12,0,0,0.999093857307456,NA,NA,NA,1
MNX1,2,0,0,0.999093857307456,NA,NA,NA,1
MON1B,2,0,0,0.999093857307456,NA,NA,NA,1
MRPS26,2,0,0,0.999093857307456,NA,NA,NA,1
MRPS34,2,0,0,0.999093857307456,NA,NA,NA,1
MSTN,2,0,0,0.999093857307456,NA,NA,NA,1
MTG2,6,0,0,0.999093857307456,NA,NA,NA,1
MYOF,2,0,0,0.999093857307456,NA,NA,NA,1
NDUFC2-KCTD14,2,0,0,0.999093857307456,NA,NA,NA,1
NRBF2,4,0,0,0.999093857307456,NA,NA,NA,1
NUBP2,2,0,0,0.999093857307456,NA,NA,NA,1
OTUD3,4,0,0,0.999093857307456,NA,NA,NA,1
PDCD1LG2,5,0,0,0.999093857307456,NA,NA,NA,1
PHF12,4,0,0,0.999093857307456,NA,NA,NA,1
PICK1,6,0,0,0.999093857307456,NA,NA,NA,1
PLEKHH1,4,0,0,0.999093857307456,NA,NA,NA,1
PLLP,3,0,0,0.999093857307456,NA,NA,NA,1
PPIB,3,0,0,0.999093857307456,NA,NA,NA,1
PPM1G,2,0,0,0.999093857307456,NA,NA,NA,1
PRRC2C,4,0,0,0.999093857307456,NA,NA,NA,1
PUS10,7,0,0,0.999093857307456,NA,NA,NA,1
RAD9A,2,0,0,0.999093857307456,NA,NA,NA,1
RARA,3,0,0,0.999093857307456,NA,NA,NA,1
RARS,4,0,0,0.999093857307456,NA,NA,NA,1
RNPEP,3,0,0,0.999093857307456,NA,NA,NA,1
RP2,2,0,0,0.999093857307456,NA,NA,NA,1
SH2B1,2,0,0,0.999093857307456,NA,NA,NA,1
SLC12A4,2,0,0,0.999093857307456,NA,NA,NA,1
SLC18B1,3,0,0,0.999093857307456,NA,NA,NA,1
SMARCD2,4,0,0,0.999093857307456,NA,NA,NA,1
SP8,3,0,0,0.999093857307456,NA,NA,NA,1
TAF9B,4,0,0,0.999093857307456,NA,NA,NA,1
TBC1D22A,2,0,0,0.999093857307456,NA,NA,NA,1
TMEM129,2,0,0,0.999093857307456,NA,NA,NA,1
TMEM150A,5,0,0,0.999093857307456,NA,NA,NA,1
TMEM216,4,0,0,0.999093857307456,NA,NA,NA,1
TNFSF14,3,0,0,0.999093857307456,NA,NA,NA,1
TNIP3,2,0,0,0.999093857307456,NA,NA,NA,1
TTYH2,2,0,0,0.999093857307456,NA,NA,NA,1
TUFT1,2,0,0,0.999093857307456,NA,NA,NA,1
UBXN1,2,0,0,0.999093857307456,NA,NA,NA,1
UGGT2,3,0,0,0.999093857307456,NA,NA,NA,1
UNC13A,2,0,0,0.999093857307456,NA,NA,NA,1
VANGL2,3,0,0,0.999093857307456,NA,NA,NA,1
VPS18,3,0,0,0.999093857307456,NA,NA,NA,1
XRN2,3,0,0,0.999093857307456,NA,NA,NA,1
YIF1B,4,0,0,0.999093857307456,NA,NA,NA,1
ZFP1,4,0,0,0.999093857307456,NA,NA,NA,1
ZNF229,2,0,0,0.999093857307456,NA,NA,NA,1
ZNF256,3,0,0,0.999093857307456,NA,NA,NA,1
ZNF571,3,0,0,0.999093857307456,NA,NA,NA,1
HECTD3,4,0,0,0.999113445800086,NA,NA,NA,1
IPO13,2,0,0,0.999337481081789,NA,NA,NA,1
SLCO2A1,2,0,0,0.999337481081789,NA,NA,NA,1
URM1,3,0,0,0.999337481081789,NA,NA,NA,1
ADA,3,0,0,0.999395761298939,NA,NA,NA,1
ALDH8A1,2,0,0,0.999395761298939,NA,NA,NA,1
AMZ2,4,0,0,0.999395761298939,NA,NA,NA,1
C10orf111,2,0,0,0.999395761298939,NA,NA,NA,1
C1orf115,3,0,0,0.999395761298939,NA,NA,NA,1
CEP170B,2,0,0,0.999395761298939,NA,NA,NA,1
EPHX3,2,0,0,0.999395761298939,NA,NA,NA,1
GANAB,4,0,0,0.999395761298939,NA,NA,NA,1
GAPDH,3,0,0,0.999395761298939,NA,NA,NA,1
KLK13,2,0,0,0.999395761298939,NA,NA,NA,1
LRP4,8,0,0,0.999395761298939,NA,NA,NA,1
MAMLD1,3,0,0,0.999395761298939,NA,NA,NA,1
MRFAP1L1,5,0,0,0.999395761298939,NA,NA,NA,1
NFATC4,2,0,0,0.999395761298939,NA,NA,NA,1
P3H4,2,0,0,0.999395761298939,NA,NA,NA,1
PHACTR3,2,0,0,0.999395761298939,NA,NA,NA,1
RAVER1,2,0,0,0.999395761298939,NA,NA,NA,1
RBFOX2,3,0,0,0.999395761298939,NA,NA,NA,1
RPL22L1,4,0,0,0.999395761298939,NA,NA,NA,1
SLC35F3,3,0,0,0.999395761298939,NA,NA,NA,1
TACSTD2,4,0,0,0.999395761298939,NA,NA,NA,1
TICAM1,2,0,0,0.999395761298939,NA,NA,NA,1
ZNF362,7,0,0,0.999395761298939,NA,NA,NA,1
NONO,4,0,0,0.999441513137329,NA,NA,NA,1
PEX11A,2,0,0,0.999441513137329,NA,NA,NA,1
TOP2A,4,0,0,0.999441513137329,NA,NA,NA,1
GHR,2,0,0,0.999448962464533,NA,NA,NA,1
HIST1H3E,3,0,0,0.999448962464533,NA,NA,NA,1
INTS6L,3,0,0,0.999448962464533,NA,NA,NA,1
MINOS1-NBL1,3,0,0,0.999448962464533,NA,NA,NA,1
MRPL34,2,0,0,0.999448962464533,NA,NA,NA,1
SGCE,2,0,0,0.999448962464533,NA,NA,NA,1
LRFN1,2,0,0,0.999466867229262,NA,NA,NA,1
XPC,2,0,0,0.999466867229262,NA,NA,NA,1
CNNM1,2,0,0,0.999467382334296,NA,NA,NA,1
ELL3,3,0,0,0.999799786654598,NA,NA,NA,1
FAR2,3,0,0,0.999799786654598,NA,NA,NA,1
KIAA0319L,2,0,0,0.999799786654598,NA,NA,NA,1
KIF3C,3,0,0,0.999799786654598,NA,NA,NA,1
PPARG,3,0,0,0.999799786654598,NA,NA,NA,1
SLC8B1,2,0,0,0.999799786654598,NA,NA,NA,1
TIGD1,3,0,0,0.999799786654598,NA,NA,NA,1
TRIB2,4,0,0,0.999799786654598,NA,NA,NA,1
ROMO1,6,0,0,0.999804221667106,NA,NA,NA,1
TELO2,4,0,0,0.999804221667106,NA,NA,NA,1
ZDHHC3,5,0,0,0.999804221667106,NA,NA,NA,1
HIST1H2AE,3,0,0,0.999829476985803,NA,NA,NA,1
RARRES3,2,0,0,0.999829476985803,NA,NA,NA,1
ZNF789,3,0,0,0.999829476985803,NA,NA,NA,1
AAED1,2,0,0,1,NA,NA,NA,1
AC114490.2,2,0,0,1,NA,NA,NA,1
ACOT7,3,0,0,1,NA,NA,NA,1
ADAMTS1,6,0,0,1,NA,NA,NA,1
ADAP2,4,0,0,1,NA,NA,NA,1
ADPRHL1,4,0,0,1,NA,NA,NA,1
ADSSL1,2,0,0,1,NA,NA,NA,1
ANKS3,2,0,0,1,NA,NA,NA,1
AP5Z1,5,0,0,1,NA,NA,NA,1
ARHGEF10L,2,0,0,1,NA,NA,NA,1
ARID5B,2,0,0,1,NA,NA,NA,1
ARRDC2,4,0,0,1,NA,NA,NA,1
ATF3,2,0,0,1,NA,NA,NA,1
ATOH8,2,0,0,1,NA,NA,NA,1
ATP1A1,5,0,0,1,NA,NA,NA,1
AUNIP,2,0,0,1,NA,NA,NA,1
B4GAT1,4,0,0,1,NA,NA,NA,1
BARX2,2,0,0,1,NA,NA,NA,1
BCO2,5,0,0,1,NA,NA,NA,1
BLOC1S3,2,0,0,1,NA,NA,NA,1
BNIPL,2,0,0,1,NA,NA,NA,1
C12orf60,2,0,0,1,NA,NA,NA,1
C15orf40,2,0,0,1,NA,NA,NA,1
C8orf44-SGK3,8,0,0,1,NA,NA,NA,1
CAMK1D,9,0,0,1,NA,NA,NA,1
CARD18,2,0,0,1,NA,NA,NA,1
CASKIN2,4,0,0,1,NA,NA,NA,1
CD36,3,0,0,1,NA,NA,NA,1
CEACAM1,2,0,0,1,NA,NA,NA,1
CEP95,2,0,0,1,NA,NA,NA,1
CHN2,7,0,0,1,NA,NA,NA,1
CLIC3,2,0,0,1,NA,NA,NA,1
CNDP2,3,0,0,1,NA,NA,NA,1
CRABP2,3,0,0,1,NA,NA,NA,1
CRYAB,2,0,0,1,NA,NA,NA,1
CRYBG3,4,0,0,1,NA,NA,NA,1
CTSH,2,0,0,1,NA,NA,NA,1
CXCL14,2,0,0,1,NA,NA,NA,1
DDIT3,2,0,0,1,NA,NA,NA,1
DDIT4L,2,0,0,1,NA,NA,NA,1
DPYSL3,5,0,0,1,NA,NA,NA,1
DRAP1,2,0,0,1,NA,NA,NA,1
E2F8,4,0,0,1,NA,NA,NA,1
EDARADD,4,0,0,1,NA,NA,NA,1
EEF1AKMT3,2,0,0,1,NA,NA,NA,1
EMG1,4,0,0,1,NA,NA,NA,1
EML6,2,0,0,1,NA,NA,NA,1
FAF2,6,0,0,1,NA,NA,NA,1
FAM160A1,6,0,0,1,NA,NA,NA,1
FAM174B,3,0,0,1,NA,NA,NA,1
FAM222A,5,0,0,1,NA,NA,NA,1
FBRS,2,0,0,1,NA,NA,NA,1
FBXL22,2,0,0,1,NA,NA,NA,1
FBXO44,2,0,0,1,NA,NA,NA,1
FGGY,2,0,0,1,NA,NA,NA,1
FUNDC1,3,0,0,1,NA,NA,NA,1
FXR2,3,0,0,1,NA,NA,NA,1
GAB2,7,0,0,1,NA,NA,NA,1
GET4,3,0,0,1,NA,NA,NA,1
GHDC,2,0,0,1,NA,NA,NA,1
GLA,7,0,0,1,NA,NA,NA,1
GLT8D2,3,0,0,1,NA,NA,NA,1
GPX1,3,0,0,1,NA,NA,NA,1
GSDMB,2,0,0,1,NA,NA,NA,1
HIST1H2AD,4,0,0,1,NA,NA,NA,1
HS1BP3,3,0,0,1,NA,NA,NA,1
HSCB,2,0,0,1,NA,NA,NA,1
HSPA14,3,0,0,1,NA,NA,NA,1
IGFL1,2,0,0,1,NA,NA,NA,1
IL4R,2,0,0,1,NA,NA,NA,1
IL6R,3,0,0,1,NA,NA,NA,1
ILKAP,2,0,0,1,NA,NA,NA,1
IMMP1L,3,0,0,1,NA,NA,NA,1
INO80,2,0,0,1,NA,NA,NA,1
INPP5B,3,0,0,1,NA,NA,NA,1
IQCD,3,0,0,1,NA,NA,NA,1
JAM3,6,0,0,1,NA,NA,NA,1
KCND1,2,0,0,1,NA,NA,NA,1
KCNE5,2,0,0,1,NA,NA,NA,1
KCNMA1,2,0,0,1,NA,NA,NA,1
KHDRBS1,4,0,0,1,NA,NA,NA,1
KIF14,4,0,0,1,NA,NA,NA,1
LAMP3,2,0,0,1,NA,NA,NA,1
LINS1,3,0,0,1,NA,NA,NA,1
LRP1,4,0,0,1,NA,NA,NA,1
LSM4,4,0,0,1,NA,NA,NA,1
MAP3K3,7,0,0,1,NA,NA,NA,1
MAP6D1,5,0,0,1,NA,NA,NA,1
MAPKAP1,3,0,0,1,NA,NA,NA,1
MCU,4,0,0,1,NA,NA,NA,1
METTL16,5,0,0,1,NA,NA,NA,1
MGMT,3,0,0,1,NA,NA,NA,1
MPP2,2,0,0,1,NA,NA,NA,1
MRPL4,2,0,0,1,NA,NA,NA,1
MXD4,4,0,0,1,NA,NA,NA,1
MYRF,2,0,0,1,NA,NA,NA,1
NDUFA2,3,0,0,1,NA,NA,NA,1
NIPSNAP2,6,0,0,1,NA,NA,NA,1
NOS3,3,0,0,1,NA,NA,NA,1
OASL,4,0,0,1,NA,NA,NA,1
OR2B6,2,0,0,1,NA,NA,NA,1
ORAOV1,7,0,0,1,NA,NA,NA,1
ORMDL3,5,0,0,1,NA,NA,NA,1
OSCP1,3,0,0,1,NA,NA,NA,1
PADI2,2,0,0,1,NA,NA,NA,1
PALM2,3,0,0,1,NA,NA,NA,1
PAPLN,2,0,0,1,NA,NA,NA,1
PARP12,4,0,0,1,NA,NA,NA,1
PCDHB10,2,0,0,1,NA,NA,NA,1
PCED1A,3,0,0,1,NA,NA,NA,1
PDE4A,2,0,0,1,NA,NA,NA,1
PDE5A,5,0,0,1,NA,NA,NA,1
PDIK1L,7,0,0,1,NA,NA,NA,1
PEAR1,2,0,0,1,NA,NA,NA,1
PFKFB1,2,0,0,1,NA,NA,NA,1
PIK3AP1,2,0,0,1,NA,NA,NA,1
PINLYP,3,0,0,1,NA,NA,NA,1
PITPNM1,2,0,0,1,NA,NA,NA,1
PLCB2,2,0,0,1,NA,NA,NA,1
PLEKHA7,4,0,0,1,NA,NA,NA,1
PLEKHJ1,2,0,0,1,NA,NA,NA,1
PLIN1,2,0,0,1,NA,NA,NA,1
PNLIPRP3,4,0,0,1,NA,NA,NA,1
POLR2G,5,0,0,1,NA,NA,NA,1
POLR2H,4,0,0,1,NA,NA,NA,1
POU6F1,3,0,0,1,NA,NA,NA,1
PPRC1,2,0,0,1,NA,NA,NA,1
PRCC,3,0,0,1,NA,NA,NA,1
PRPF19,3,0,0,1,NA,NA,NA,1
PRR14,2,0,0,1,NA,NA,NA,1
PSMD7,3,0,0,1,NA,NA,NA,1
PTGER2,5,0,0,1,NA,NA,NA,1
RARRES1,5,0,0,1,NA,NA,NA,1
RASGEF1B,4,0,0,1,NA,NA,NA,1
RFTN1,5,0,0,1,NA,NA,NA,1
RGS7,2,0,0,1,NA,NA,NA,1
RNF121,6,0,0,1,NA,NA,NA,1
RNF19A,3,0,0,1,NA,NA,NA,1
RPP25,2,0,0,1,NA,NA,NA,1
SAMM50,2,0,0,1,NA,NA,NA,1
SAPCD2,2,0,0,1,NA,NA,NA,1
SASH1,4,0,0,1,NA,NA,NA,1
SCYL1,2,0,0,1,NA,NA,NA,1
SHISA9,4,0,0,1,NA,NA,NA,1
SHQ1,3,0,0,1,NA,NA,NA,1
SLC26A11,2,0,0,1,NA,NA,NA,1
SLC2A14,2,0,0,1,NA,NA,NA,1
SLC35G1,2,0,0,1,NA,NA,NA,1
SLIT3,7,0,0,1,NA,NA,NA,1
SLU7,3,0,0,1,NA,NA,NA,1
SMIM1,5,0,0,1,NA,NA,NA,1
SNTB1,3,0,0,1,NA,NA,NA,1
ST7,4,0,0,1,NA,NA,NA,1
STARD10,3,0,0,1,NA,NA,NA,1
STMN3,3,0,0,1,NA,NA,NA,1
STRADA,2,0,0,1,NA,NA,NA,1
SUSD1,8,0,0,1,NA,NA,NA,1
TBC1D32,2,0,0,1,NA,NA,NA,1
TBC1D8B,5,0,0,1,NA,NA,NA,1
TFB2M,2,0,0,1,NA,NA,NA,1
THAP4,2,0,0,1,NA,NA,NA,1
TMEM67,2,0,0,1,NA,NA,NA,1
TNC,4,0,0,1,NA,NA,NA,1
TNFRSF12A,2,0,0,1,NA,NA,NA,1
TNFSF10,2,0,0,1,NA,NA,NA,1
TP53INP2,2,0,0,1,NA,NA,NA,1
TPST1,3,0,0,1,NA,NA,NA,1
TRAPPC4,3,0,0,1,NA,NA,NA,1
TREML2,2,0,0,1,NA,NA,NA,1
TRIM68,2,0,0,1,NA,NA,NA,1
TSPAN18,4,0,0,1,NA,NA,NA,1
TSPYL2,2,0,0,1,NA,NA,NA,1
TTC38,6,0,0,1,NA,NA,NA,1
TTC39A,3,0,0,1,NA,NA,NA,1
TUBB3,2,0,0,1,NA,NA,NA,1
UBALD1,4,0,0,1,NA,NA,NA,1
UBC,3,0,0,1,NA,NA,NA,1
UBOX5,2,0,0,1,NA,NA,NA,1
UMAD1,3,0,0,1,NA,NA,NA,1
URGCP-MRPS24,3,0,0,1,NA,NA,NA,1
VPS13B,3,0,0,1,NA,NA,NA,1
VPS51,2,0,0,1,NA,NA,NA,1
WDR35,4,0,0,1,NA,NA,NA,1
WDR63,2,0,0,1,NA,NA,NA,1
ZBTB16,3,0,0,1,NA,NA,NA,1
ZBTB39,4,0,0,1,NA,NA,NA,1
ZDHHC5,6,0,0,1,NA,NA,NA,1
ZNF302,4,0,0,1,NA,NA,NA,1
ZNF483,2,0,0,1,NA,NA,NA,1
ZNF563,3,0,0,1,NA,NA,NA,1
ZNF587B,3,0,0,1,NA,NA,NA,1
ZNF600,2,0,0,1,NA,NA,NA,1
ZNF7,3,0,0,1,NA,NA,NA,1
ABCG2,4,0,0,NA,NA,NA,NA,NA
ABHD11,2,0,0,NA,NA,NA,NA,NA
AC007040.2,2,0,0,NA,NA,NA,NA,NA
AC233723.1,2,0,0,NA,NA,NA,NA,NA
ACBD4,2,0,0,NA,NA,NA,NA,NA
ACKR1,2,0,0,NA,NA,NA,NA,NA
ACKR3,3,0,0,NA,NA,NA,NA,NA
ACTA2,2,0,0,NA,NA,NA,NA,NA
ADAM19,3,0,0,NA,NA,NA,NA,NA
ADAMTS6,2,0,0,NA,NA,NA,NA,NA
ADAMTS7,2,0,0,NA,NA,NA,NA,NA
ADGRB2,2,0,0,NA,NA,NA,NA,NA
ADGRV1,2,0,0,NA,NA,NA,NA,NA
AGR2,2,0,0,NA,NA,NA,NA,NA
AIP,2,0,0,NA,NA,NA,NA,NA
AKT1,2,0,0,NA,NA,NA,NA,NA
ALOX5AP,2,0,0,NA,NA,NA,NA,NA
ALPK3,2,0,0,NA,NA,NA,NA,NA
AMDHD1,2,0,0,NA,NA,NA,NA,NA
AMIGO1,2,0,0,NA,NA,NA,NA,NA
ANKDD1A,2,0,0,NA,NA,NA,NA,NA
ANKRD11,2,0,0,NA,NA,NA,NA,NA
ANKRD44,2,0,0,NA,NA,NA,NA,NA
ANKRD6,4,0,0,NA,NA,NA,NA,NA
AP2M1,2,0,0,NA,NA,NA,NA,NA
APCDD1,2,0,0,NA,NA,NA,NA,NA
APOBEC3D,2,0,0,NA,NA,NA,NA,NA
APOE,2,0,0,NA,NA,NA,NA,NA
APOO,2,0,0,NA,NA,NA,NA,NA
AQP11,4,0,0,NA,NA,NA,NA,NA
ARMC2,3,0,0,NA,NA,NA,NA,NA
ARSI,2,0,0,NA,NA,NA,NA,NA
AUP1,2,0,0,NA,NA,NA,NA,NA
AZIN2,3,0,0,NA,NA,NA,NA,NA
BABAM1,3,0,0,NA,NA,NA,NA,NA
BAD,2,0,0,NA,NA,NA,NA,NA
BCL2A1,2,0,0,NA,NA,NA,NA,NA
BCL7B,2,0,0,NA,NA,NA,NA,NA
BMF,4,0,0,NA,NA,NA,NA,NA
BMPER,4,0,0,NA,NA,NA,NA,NA
BST2,2,0,0,NA,NA,NA,NA,NA
BTN2A2,2,0,0,NA,NA,NA,NA,NA
BTN3A1,2,0,0,NA,NA,NA,NA,NA
BUB1B-PAK6,2,0,0,NA,NA,NA,NA,NA
C12orf10,2,0,0,NA,NA,NA,NA,NA
C18orf65,2,0,0,NA,NA,NA,NA,NA
C2orf92,2,0,0,NA,NA,NA,NA,NA
C3orf58,2,0,0,NA,NA,NA,NA,NA
C4orf19,4,0,0,NA,NA,NA,NA,NA
C6orf163,2,0,0,NA,NA,NA,NA,NA
C7orf49,5,0,0,NA,NA,NA,NA,NA
C9orf106,2,0,0,NA,NA,NA,NA,NA
C9orf47,2,0,0,NA,NA,NA,NA,NA
C9orf64,3,0,0,NA,NA,NA,NA,NA
CAP2,3,0,0,NA,NA,NA,NA,NA
CAPN12,2,0,0,NA,NA,NA,NA,NA
CARD14,3,0,0,NA,NA,NA,NA,NA
CAVIN1,2,0,0,NA,NA,NA,NA,NA
CAVIN4,3,0,0,NA,NA,NA,NA,NA
CBWD2,2,0,0,NA,NA,NA,NA,NA
CBY3,2,0,0,NA,NA,NA,NA,NA
CCDC125,2,0,0,NA,NA,NA,NA,NA
CCDC167,2,0,0,NA,NA,NA,NA,NA
CCDC3,2,0,0,NA,NA,NA,NA,NA
CCDC87,2,0,0,NA,NA,NA,NA,NA
CCER2,2,0,0,NA,NA,NA,NA,NA
CDC26,3,0,0,NA,NA,NA,NA,NA
CDC42BPB,2,0,0,NA,NA,NA,NA,NA
CDH24,2,0,0,NA,NA,NA,NA,NA
CDKL2,2,0,0,NA,NA,NA,NA,NA
CDKL3,2,0,0,NA,NA,NA,NA,NA
CENPK,3,0,0,NA,NA,NA,NA,NA
CEP44,6,0,0,NA,NA,NA,NA,NA
CGREF1,2,0,0,NA,NA,NA,NA,NA
CHD1L,4,0,0,NA,NA,NA,NA,NA
CHRNA10,2,0,0,NA,NA,NA,NA,NA
CHTF18,2,0,0,NA,NA,NA,NA,NA
CLDN10,5,0,0,NA,NA,NA,NA,NA
CLTCL1,2,0,0,NA,NA,NA,NA,NA
CNGB1,2,0,0,NA,NA,NA,NA,NA
CNIH2,3,0,0,NA,NA,NA,NA,NA
COPZ2,2,0,0,NA,NA,NA,NA,NA
COQ5,2,0,0,NA,NA,NA,NA,NA
CORO2B,2,0,0,NA,NA,NA,NA,NA
COX6B1,2,0,0,NA,NA,NA,NA,NA
CPQ,2,0,0,NA,NA,NA,NA,NA
CPT2,2,0,0,NA,NA,NA,NA,NA
CRIP2,2,0,0,NA,NA,NA,NA,NA
CRIP3,2,0,0,NA,NA,NA,NA,NA
CRYBB3,2,0,0,NA,NA,NA,NA,NA
CSF1R,3,0,0,NA,NA,NA,NA,NA
CTSF,2,0,0,NA,NA,NA,NA,NA
CTSK,2,0,0,NA,NA,NA,NA,NA
CUZD1,2,0,0,NA,NA,NA,NA,NA
CWC25,2,0,0,NA,NA,NA,NA,NA
CYFIP1,2,0,0,NA,NA,NA,NA,NA
CYP27C1,5,0,0,NA,NA,NA,NA,NA
DAB2IP,2,0,0,NA,NA,NA,NA,NA
DAGLB,2,0,0,NA,NA,NA,NA,NA
DAPK3,2,0,0,NA,NA,NA,NA,NA
DBNDD2,2,0,0,NA,NA,NA,NA,NA
DCP1B,2,0,0,NA,NA,NA,NA,NA
DCTN3,2,0,0,NA,NA,NA,NA,NA
DEGS2,3,0,0,NA,NA,NA,NA,NA
DGKZ,2,0,0,NA,NA,NA,NA,NA
DHRS2,2,0,0,NA,NA,NA,NA,NA
DHX58,2,0,0,NA,NA,NA,NA,NA
DIO2,2,0,0,NA,NA,NA,NA,NA
DKK3,5,0,0,NA,NA,NA,NA,NA
DLG4,2,0,0,NA,NA,NA,NA,NA
DMAP1,2,0,0,NA,NA,NA,NA,NA
DNAH1,2,0,0,NA,NA,NA,NA,NA
DNAH2,2,0,0,NA,NA,NA,NA,NA
DNASE1L2,2,0,0,NA,NA,NA,NA,NA
DOK1,2,0,0,NA,NA,NA,NA,NA
DTD1,2,0,0,NA,NA,NA,NA,NA
DUOX1,2,0,0,NA,NA,NA,NA,NA
DUSP2,2,0,0,NA,NA,NA,NA,NA
DYNLRB1,3,0,0,NA,NA,NA,NA,NA
E2F2,2,0,0,NA,NA,NA,NA,NA
EDEM3,2,0,0,NA,NA,NA,NA,NA
EFEMP2,2,0,0,NA,NA,NA,NA,NA
ELF4,2,0,0,NA,NA,NA,NA,NA
ELOVL1,2,0,0,NA,NA,NA,NA,NA
ENO2,3,0,0,NA,NA,NA,NA,NA
ENPP4,6,0,0,NA,NA,NA,NA,NA
ENPP5,2,0,0,NA,NA,NA,NA,NA
ERAL1,2,0,0,NA,NA,NA,NA,NA
ERAP1,2,0,0,NA,NA,NA,NA,NA
ESAM,2,0,0,NA,NA,NA,NA,NA
ETFB,2,0,0,NA,NA,NA,NA,NA
EVA1B,3,0,0,NA,NA,NA,NA,NA
FAM102B,3,0,0,NA,NA,NA,NA,NA
FAM131B,3,0,0,NA,NA,NA,NA,NA
FAM161A,2,0,0,NA,NA,NA,NA,NA
FAM173A,2,0,0,NA,NA,NA,NA,NA
FAM214B,3,0,0,NA,NA,NA,NA,NA
FAM219B,2,0,0,NA,NA,NA,NA,NA
FAM227B,2,0,0,NA,NA,NA,NA,NA
FAM71F2,3,0,0,NA,NA,NA,NA,NA
FBXO27,2,0,0,NA,NA,NA,NA,NA
FBXW5,2,0,0,NA,NA,NA,NA,NA
FGF11,2,0,0,NA,NA,NA,NA,NA
FGF12,3,0,0,NA,NA,NA,NA,NA
FGF13,2,0,0,NA,NA,NA,NA,NA
FIBCD1,3,0,0,NA,NA,NA,NA,NA
FMC1,2,0,0,NA,NA,NA,NA,NA
FMN2,2,0,0,NA,NA,NA,NA,NA
FNTA,2,0,0,NA,NA,NA,NA,NA
FRZB,3,0,0,NA,NA,NA,NA,NA
FUT1,2,0,0,NA,NA,NA,NA,NA
GABRQ,2,0,0,NA,NA,NA,NA,NA
GAD1,2,0,0,NA,NA,NA,NA,NA
GALE,2,0,0,NA,NA,NA,NA,NA
GALNT11,2,0,0,NA,NA,NA,NA,NA
GCNT2,2,0,0,NA,NA,NA,NA,NA
GDF15,2,0,0,NA,NA,NA,NA,NA
GDI1,3,0,0,NA,NA,NA,NA,NA
GDPD3,2,0,0,NA,NA,NA,NA,NA
GLI2,3,0,0,NA,NA,NA,NA,NA
GLIS3,5,0,0,NA,NA,NA,NA,NA
GPNMB,2,0,0,NA,NA,NA,NA,NA
GPR143,2,0,0,NA,NA,NA,NA,NA
GPR19,2,0,0,NA,NA,NA,NA,NA
GRAMD1C,2,0,0,NA,NA,NA,NA,NA
GSDMA,2,0,0,NA,NA,NA,NA,NA
GVQW2,3,0,0,NA,NA,NA,NA,NA
HAL,3,0,0,NA,NA,NA,NA,NA
HARS2,2,0,0,NA,NA,NA,NA,NA
HDGFL2,2,0,0,NA,NA,NA,NA,NA
HERC5,2,0,0,NA,NA,NA,NA,NA
HHIPL2,2,0,0,NA,NA,NA,NA,NA
HIST1H2BG,7,0,0,NA,NA,NA,NA,NA
HIST1H3A,4,0,0,NA,NA,NA,NA,NA
HMGCL,2,0,0,NA,NA,NA,NA,NA
HMGXB3,3,0,0,NA,NA,NA,NA,NA
HMOX1,2,0,0,NA,NA,NA,NA,NA
HOXA11,2,0,0,NA,NA,NA,NA,NA
HOXB6,2,0,0,NA,NA,NA,NA,NA
HOXC10,2,0,0,NA,NA,NA,NA,NA
HYKK,4,0,0,NA,NA,NA,NA,NA
IDH3B,3,0,0,NA,NA,NA,NA,NA
IFFO1,4,0,0,NA,NA,NA,NA,NA
IFI30,3,0,0,NA,NA,NA,NA,NA
IFIT1,2,0,0,NA,NA,NA,NA,NA
IFT81,2,0,0,NA,NA,NA,NA,NA
IGFBP4,5,0,0,NA,NA,NA,NA,NA
IGFBP5,7,0,0,NA,NA,NA,NA,NA
IGLV1-51,2,0,0,NA,NA,NA,NA,NA
IGSF11,2,0,0,NA,NA,NA,NA,NA
IL16,3,0,0,NA,NA,NA,NA,NA
IL17RD,5,0,0,NA,NA,NA,NA,NA
IL1R1,2,0,0,NA,NA,NA,NA,NA
IL27RA,2,0,0,NA,NA,NA,NA,NA
INTS14,2,0,0,NA,NA,NA,NA,NA
ITFG2,2,0,0,NA,NA,NA,NA,NA
ITGAE,2,0,0,NA,NA,NA,NA,NA
ITGAX,2,0,0,NA,NA,NA,NA,NA
ITLN2,2,0,0,NA,NA,NA,NA,NA
KBTBD3,2,0,0,NA,NA,NA,NA,NA
KCNH3,2,0,0,NA,NA,NA,NA,NA
KCNK7,2,0,0,NA,NA,NA,NA,NA
KCNN3,2,0,0,NA,NA,NA,NA,NA
KCNQ1,2,0,0,NA,NA,NA,NA,NA
KCTD11,3,0,0,NA,NA,NA,NA,NA
KIAA0825,2,0,0,NA,NA,NA,NA,NA
KIAA1549L,8,0,0,NA,NA,NA,NA,NA
KISS1R,2,0,0,NA,NA,NA,NA,NA
KLC3,2,0,0,NA,NA,NA,NA,NA
KLHL38,2,0,0,NA,NA,NA,NA,NA
KRT222,4,0,0,NA,NA,NA,NA,NA
LAMTOR4,2,0,0,NA,NA,NA,NA,NA
LCAT,2,0,0,NA,NA,NA,NA,NA
LDHD,4,0,0,NA,NA,NA,NA,NA
LEPROTL1,2,0,0,NA,NA,NA,NA,NA
LGR6,3,0,0,NA,NA,NA,NA,NA
LIG1,2,0,0,NA,NA,NA,NA,NA
LIMD2,3,0,0,NA,NA,NA,NA,NA
LMNA,2,0,0,NA,NA,NA,NA,NA
LOC100129484,3,0,0,NA,NA,NA,NA,NA
LOC100130705,2,0,0,NA,NA,NA,NA,NA
LOC150051,3,0,0,NA,NA,NA,NA,NA
LOC730098,2,0,0,NA,NA,NA,NA,NA
LONP1,2,0,0,NA,NA,NA,NA,NA
LRCH3,3,0,0,NA,NA,NA,NA,NA
LRP2BP,6,0,0,NA,NA,NA,NA,NA
LRRC17,4,0,0,NA,NA,NA,NA,NA
LRRC27,2,0,0,NA,NA,NA,NA,NA
LRRC39,2,0,0,NA,NA,NA,NA,NA
MACROD2,2,0,0,NA,NA,NA,NA,NA
MAD2L1BP,2,0,0,NA,NA,NA,NA,NA
MAF1,2,0,0,NA,NA,NA,NA,NA
MAN1C1,3,0,0,NA,NA,NA,NA,NA
MAP7D2,3,0,0,NA,NA,NA,NA,NA
MC1R,2,0,0,NA,NA,NA,NA,NA
MCAM,3,0,0,NA,NA,NA,NA,NA
MCRIP1,3,0,0,NA,NA,NA,NA,NA
MDH1B,3,0,0,NA,NA,NA,NA,NA
MED14OS,4,0,0,NA,NA,NA,NA,NA
MFNG,2,0,0,NA,NA,NA,NA,NA
MGAT5B,2,0,0,NA,NA,NA,NA,NA
MIA2,2,0,0,NA,NA,NA,NA,NA
MKS1,2,0,0,NA,NA,NA,NA,NA
MLF2,2,0,0,NA,NA,NA,NA,NA
MMP19,2,0,0,NA,NA,NA,NA,NA
MN1,3,0,0,NA,NA,NA,NA,NA
MOXD1,4,0,0,NA,NA,NA,NA,NA
MPO,2,0,0,NA,NA,NA,NA,NA
MRPL24,2,0,0,NA,NA,NA,NA,NA
MSANTD3-TMEFF1,4,0,0,NA,NA,NA,NA,NA
MT1F,2,0,0,NA,NA,NA,NA,NA
MTCP1,2,0,0,NA,NA,NA,NA,NA
MTERF2,6,0,0,NA,NA,NA,NA,NA
MTRNR2L10,2,0,0,NA,NA,NA,NA,NA
NBPF20,2,0,0,NA,NA,NA,NA,NA
NCAM1,2,0,0,NA,NA,NA,NA,NA
NCF2,2,0,0,NA,NA,NA,NA,NA
NCOA4,4,0,0,NA,NA,NA,NA,NA
NDUFA3,2,0,0,NA,NA,NA,NA,NA
NDUFS7,2,0,0,NA,NA,NA,NA,NA
NECTIN4,2,0,0,NA,NA,NA,NA,NA
NIT1,2,0,0,NA,NA,NA,NA,NA
NKAIN1,3,0,0,NA,NA,NA,NA,NA
NPAS1,2,0,0,NA,NA,NA,NA,NA
NPAS3,2,0,0,NA,NA,NA,NA,NA
NPNT,3,0,0,NA,NA,NA,NA,NA
NR2F6,3,0,0,NA,NA,NA,NA,NA
NT5C,2,0,0,NA,NA,NA,NA,NA
NTHL1,2,0,0,NA,NA,NA,NA,NA
NXT2,2,0,0,NA,NA,NA,NA,NA
ORC6,2,0,0,NA,NA,NA,NA,NA
OXSR1,3,0,0,NA,NA,NA,NA,NA
P3H1,2,0,0,NA,NA,NA,NA,NA
P4HA3,2,0,0,NA,NA,NA,NA,NA
PACRG,3,0,0,NA,NA,NA,NA,NA
PARD6A,2,0,0,NA,NA,NA,NA,NA
PARM1,3,0,0,NA,NA,NA,NA,NA
PCDH19,2,0,0,NA,NA,NA,NA,NA
PCNX3,2,0,0,NA,NA,NA,NA,NA
PDXP,2,0,0,NA,NA,NA,NA,NA
PELI2,4,0,0,NA,NA,NA,NA,NA
PHKG1,2,0,0,NA,NA,NA,NA,NA
PHYHIP,2,0,0,NA,NA,NA,NA,NA
PI15,3,0,0,NA,NA,NA,NA,NA
PIK3CD,2,0,0,NA,NA,NA,NA,NA
PIN1,2,0,0,NA,NA,NA,NA,NA
PITX2,2,0,0,NA,NA,NA,NA,NA
PKIG,3,0,0,NA,NA,NA,NA,NA
PLA2G15,2,0,0,NA,NA,NA,NA,NA
PLAC9,2,0,0,NA,NA,NA,NA,NA
PLAU,2,0,0,NA,NA,NA,NA,NA
PLCE1,3,0,0,NA,NA,NA,NA,NA
PLCH1,4,0,0,NA,NA,NA,NA,NA
PLEKHA2,2,0,0,NA,NA,NA,NA,NA
PLPP4,5,0,0,NA,NA,NA,NA,NA
PLTP,2,0,0,NA,NA,NA,NA,NA
PLXDC1,2,0,0,NA,NA,NA,NA,NA
PMP22,2,0,0,NA,NA,NA,NA,NA
POLD4,2,0,0,NA,NA,NA,NA,NA
POLE3,2,0,0,NA,NA,NA,NA,NA
POLE4,2,0,0,NA,NA,NA,NA,NA
PPARD,3,0,0,NA,NA,NA,NA,NA
PPEF1,2,0,0,NA,NA,NA,NA,NA
PPP2R5D,2,0,0,NA,NA,NA,NA,NA
PRELID3A,2,0,0,NA,NA,NA,NA,NA
PRR7,2,0,0,NA,NA,NA,NA,NA
PSMB4,3,0,0,NA,NA,NA,NA,NA
PSMD13,2,0,0,NA,NA,NA,NA,NA
PTGER4,2,0,0,NA,NA,NA,NA,NA
PTK7,2,0,0,NA,NA,NA,NA,NA
PTMS,4,0,0,NA,NA,NA,NA,NA
PTPRB,7,0,0,NA,NA,NA,NA,NA
QARS,2,0,0,NA,NA,NA,NA,NA
RAB40A,2,0,0,NA,NA,NA,NA,NA
RAB40C,2,0,0,NA,NA,NA,NA,NA
RAD9B,3,0,0,NA,NA,NA,NA,NA
RALB,2,0,0,NA,NA,NA,NA,NA
RAPGEF2,2,0,0,NA,NA,NA,NA,NA
RASAL1,3,0,0,NA,NA,NA,NA,NA
RASL10B,2,0,0,NA,NA,NA,NA,NA
RASSF10,3,0,0,NA,NA,NA,NA,NA
RASSF4,2,0,0,NA,NA,NA,NA,NA
RBPMS2,2,0,0,NA,NA,NA,NA,NA
RCSD1,2,0,0,NA,NA,NA,NA,NA
REEP6,2,0,0,NA,NA,NA,NA,NA
RELB,2,0,0,NA,NA,NA,NA,NA
REP15,2,0,0,NA,NA,NA,NA,NA
REX1BD,2,0,0,NA,NA,NA,NA,NA
RHCE,3,0,0,NA,NA,NA,NA,NA
RND2,2,0,0,NA,NA,NA,NA,NA
RPUSD1,2,0,0,NA,NA,NA,NA,NA
RRAS,3,0,0,NA,NA,NA,NA,NA
RTN2,2,0,0,NA,NA,NA,NA,NA
RUSC2,2,0,0,NA,NA,NA,NA,NA
SALL4,2,0,0,NA,NA,NA,NA,NA
SAMD11,2,0,0,NA,NA,NA,NA,NA
SAMD15,6,0,0,NA,NA,NA,NA,NA
SCN3B,2,0,0,NA,NA,NA,NA,NA
SDF2L1,2,0,0,NA,NA,NA,NA,NA
SEC61A2,3,0,0,NA,NA,NA,NA,NA
SEMA3F,2,0,0,NA,NA,NA,NA,NA
SEMA3G,3,0,0,NA,NA,NA,NA,NA
SEMA4C,2,0,0,NA,NA,NA,NA,NA
SEPT9,2,0,0,NA,NA,NA,NA,NA
SFI1,2,0,0,NA,NA,NA,NA,NA
SHANK3,2,0,0,NA,NA,NA,NA,NA
SKIDA1,3,0,0,NA,NA,NA,NA,NA
SLC15A2,4,0,0,NA,NA,NA,NA,NA
SLC22A18AS,3,0,0,NA,NA,NA,NA,NA
SLC22A20P,2,0,0,NA,NA,NA,NA,NA
SLC24A3,2,0,0,NA,NA,NA,NA,NA
SLC25A19,2,0,0,NA,NA,NA,NA,NA
SLC25A21,2,0,0,NA,NA,NA,NA,NA
SLC25A42,2,0,0,NA,NA,NA,NA,NA
SLC25A51,3,0,0,NA,NA,NA,NA,NA
SLC2A4,4,0,0,NA,NA,NA,NA,NA
SLC43A1,2,0,0,NA,NA,NA,NA,NA
SLC4A8,2,0,0,NA,NA,NA,NA,NA
SLC6A17,3,0,0,NA,NA,NA,NA,NA
SMIM10L2B,2,0,0,NA,NA,NA,NA,NA
SMIM25,3,0,0,NA,NA,NA,NA,NA
SNPH,2,0,0,NA,NA,NA,NA,NA
SORBS1,3,0,0,NA,NA,NA,NA,NA
SOWAHB,2,0,0,NA,NA,NA,NA,NA
SP6,2,0,0,NA,NA,NA,NA,NA
SPATA25,2,0,0,NA,NA,NA,NA,NA
SPC25,2,0,0,NA,NA,NA,NA,NA
SPOCK2,4,0,0,NA,NA,NA,NA,NA
SRRT,2,0,0,NA,NA,NA,NA,NA
STON1,2,0,0,NA,NA,NA,NA,NA
STRA6,2,0,0,NA,NA,NA,NA,NA
SURF1,3,0,0,NA,NA,NA,NA,NA
SUSD4,4,0,0,NA,NA,NA,NA,NA
SV2B,2,0,0,NA,NA,NA,NA,NA
SWI5,2,0,0,NA,NA,NA,NA,NA
SYCP2,2,0,0,NA,NA,NA,NA,NA
TAF4B,2,0,0,NA,NA,NA,NA,NA
TBC1D10A,2,0,0,NA,NA,NA,NA,NA
TBX15,2,0,0,NA,NA,NA,NA,NA
TBX18,4,0,0,NA,NA,NA,NA,NA
TBX2,5,0,0,NA,NA,NA,NA,NA
TESK2,2,0,0,NA,NA,NA,NA,NA
TEX22,3,0,0,NA,NA,NA,NA,NA
TGM2,4,0,0,NA,NA,NA,NA,NA
TIMM17B,2,0,0,NA,NA,NA,NA,NA
TIMM23,3,0,0,NA,NA,NA,NA,NA
TIMP4,2,0,0,NA,NA,NA,NA,NA
TLR4,5,0,0,NA,NA,NA,NA,NA
TMC8,2,0,0,NA,NA,NA,NA,NA
TMEM102,2,0,0,NA,NA,NA,NA,NA
TMEM104,2,0,0,NA,NA,NA,NA,NA
TMEM208,2,0,0,NA,NA,NA,NA,NA
TMEM229B,2,0,0,NA,NA,NA,NA,NA
TMEM255B,3,0,0,NA,NA,NA,NA,NA
TMEM42,3,0,0,NA,NA,NA,NA,NA
TMEM62,2,0,0,NA,NA,NA,NA,NA
TMIE,2,0,0,NA,NA,NA,NA,NA
TNFRSF9,5,0,0,NA,NA,NA,NA,NA
TNFSF13B,3,0,0,NA,NA,NA,NA,NA
TOX2,2,0,0,NA,NA,NA,NA,NA
TRANK1,2,0,0,NA,NA,NA,NA,NA
TRIM41,2,0,0,NA,NA,NA,NA,NA
TSPAN4,2,0,0,NA,NA,NA,NA,NA
TST,2,0,0,NA,NA,NA,NA,NA
TUBA1A,3,0,0,NA,NA,NA,NA,NA
TVP23C-CDRT4,3,0,0,NA,NA,NA,NA,NA
TWNK,2,0,0,NA,NA,NA,NA,NA
TXNDC11,2,0,0,NA,NA,NA,NA,NA
TYW1,2,0,0,NA,NA,NA,NA,NA
UBL7,2,0,0,NA,NA,NA,NA,NA
UCKL1,2,0,0,NA,NA,NA,NA,NA
UNC13D,2,0,0,NA,NA,NA,NA,NA
UQCRC1,2,0,0,NA,NA,NA,NA,NA
USF3,2,0,0,NA,NA,NA,NA,NA
VCPKMT,2,0,0,NA,NA,NA,NA,NA
VSIG2,3,0,0,NA,NA,NA,NA,NA
WBP1,2,0,0,NA,NA,NA,NA,NA
WBP1L,2,0,0,NA,NA,NA,NA,NA
WDR18,4,0,0,NA,NA,NA,NA,NA
WDR25,2,0,0,NA,NA,NA,NA,NA
WDR70,2,0,0,NA,NA,NA,NA,NA
WDR83,3,0,0,NA,NA,NA,NA,NA
WDR83OS,2,0,0,NA,NA,NA,NA,NA
WNT2B,5,0,0,NA,NA,NA,NA,NA
WNT5B,4,0,0,NA,NA,NA,NA,NA
YPEL1,6,0,0,NA,NA,NA,NA,NA
YPEL3,2,0,0,NA,NA,NA,NA,NA
ZBTB46,2,0,0,NA,NA,NA,NA,NA
ZNF222,2,0,0,NA,NA,NA,NA,NA
ZNF235,2,0,0,NA,NA,NA,NA,NA
ZNF358,2,0,0,NA,NA,NA,NA,NA
ZNF404,2,0,0,NA,NA,NA,NA,NA
ZNF416,2,0,0,NA,NA,NA,NA,NA
ZNF474,4,0,0,NA,NA,NA,NA,NA
ZNF501,4,0,0,NA,NA,NA,NA,NA
ZNF559,2,0,0,NA,NA,NA,NA,NA
ZNF559-ZNF177,2,0,0,NA,NA,NA,NA,NA
ZNF593,2,0,0,NA,NA,NA,NA,NA
ZNF684,2,0,0,NA,NA,NA,NA,NA
ZNF718,2,0,0,NA,NA,NA,NA,NA
ZNF773,3,0,0,NA,NA,NA,NA,NA
ZNF799,2,0,0,NA,NA,NA,NA,NA
ZNF880,4,0,0,NA,NA,NA,NA,NA
ZNF888,3,0,0,NA,NA,NA,NA,NA
ZRSR2,2,0,0,NA,NA,NA,NA,NA
