groupID,n_PAS,n_sig,n_big,min_padj,max_absL2FC,mean_absL2FC,dir_consensus,perGeneQ
SLFN5,13,1,1,5.07709764292604e-09,6.88686575664514,6.88686575664514,Lengthened_only,5.07544406502802e-09
CDC6,22,1,1,1.87471577065058e-06,17.4086058324865,17.4086058324865,Lengthened_only,1.87471510215698e-06
GBP2,8,1,1,2.64048913861755e-06,1.00042867163184,1.00042867163184,Lengthened_only,2.64048993869892e-06
HNRNPF,11,1,1,2.14281033115434e-05,17.1946659016467,17.1946659016467,Shortened_only,2.1428103014004e-05
RIOX1,2,2,1,3.54193738004865e-05,13.9085178022819,7.00471013994684,Mixed,3.54193735470742e-05
LCLAT1,5,1,1,0.000220415362831316,1.69450995304331,1.69450995304331,Lengthened_only,0.000220415342417864
SERPINA3,2,2,2,0.000410362119169861,1.71011880620023,1.33896837042366,Mixed,0.00041036203710695
WRNIP1,3,2,1,0.000474571017821214,14.3245157220831,7.20816564723864,Mixed,0.000474570891998413
ATP11B,9,1,1,0.00091568398059901,15.587599887578,15.587599887578,Lengthened_only,0.000986120328844555
COPA,9,2,1,0.00091568398059901,1.05220953005407,0.742197153775832,Mixed,0.000993916547478315
SELENOI,17,1,1,0.00091568398059901,16.2696219554377,16.2696219554377,Lengthened_only,0.00100732333415134
UBE3C,13,1,1,0.00091568398059901,16.9112707874541,16.9112707874541,Lengthened_only,0.0010401885501891
GPR180,18,1,1,0.00091568398059901,5.67436237854921,5.67436237854921,Lengthened_only,0.00109468201693474
IRF2BPL,5,2,2,0.0012856683034466,5.04335907134806,2.83680800338326,Mixed,0.00146933309788345
VSNL1,9,1,1,0.00135837297643393,15.2973960847764,15.2973960847764,Shortened_only,0.00161031133231841
WDFY2,16,1,1,0.00171277606018826,14.4866528187873,14.4866528187873,Lengthened_only,0.00201502584924517
NPAS2,4,1,1,0.00171277606018826,1.89627549667392,1.89627549667392,Lengthened_only,0.00206788818773646
L2HGDH,11,1,1,0.00270367885836297,15.6793034258258,15.6793034258258,Lengthened_only,0.00313056254508798
PHOSPHO2-KLHL23,8,2,2,0.00270367885836297,1.54952071220969,1.52446768583249,Mixed,0.00319714433023639
GLCCI1,10,1,1,0.00329945752056423,16.7147499747134,16.7147499747134,Lengthened_only,0.00379435608468553
PLA2G12A,28,1,1,0.0036236590831713,5.11229040169458,5.11229040169458,Lengthened_only,0.00414129957051625
ZBTB24,10,1,1,0.00379121408997029,5.11943753951952,5.11943753951952,Lengthened_only,0.00419738122586046
RAVER2,7,1,1,0.00375476292076741,15.283893624835,15.283893624835,Lengthened_only,0.00424448573322255
USP48,5,1,1,0.00379121408997029,14.4485078842432,14.4485078842432,Lengthened_only,0.00426000238350167
B3GALNT2,11,1,1,0.0039113815416021,13.3011990125101,13.3011990125101,Shortened_only,0.00431596957675519
PPM1D,7,1,1,0.00375476292076741,4.89289657145349,4.89289657145349,Shortened_only,0.00434863456462652
SEPT2,15,1,1,0.00379121408997029,16.6975255766088,16.6975255766088,Lengthened_only,0.00438263774283547
RFLNB,7,1,1,0.0039927368677438,1.4227492240461,1.4227492240461,Lengthened_only,0.00439197023148256
CUEDC2,3,2,1,0.00379121408997029,15.1689534329655,7.67788443644212,Mixed,0.00445005838766863
RPP14,6,1,1,0.00379121408997029,4.23477782198783,4.23477782198783,Shortened_only,0.0044730342973863
TPD52,26,1,1,0.00493387566785456,17.6781097512724,17.6781097512724,Lengthened_only,0.00541128425438055
ZNF711,6,1,0,0.0051291617232489,0.304795315049638,0.304795315049638,Lengthened_only,0.00560995045980267
SC5D,9,1,1,0.00647794857379284,16.1704376866495,16.1704376866495,Lengthened_only,0.00703308067318082
ALKBH1,5,1,1,0.00647183703842961,15.8901118356633,15.8901118356633,Lengthened_only,0.0070600712435245
VMP1,14,1,1,0.00654743894538513,0.84138009922008,0.84138009922008,Lengthened_only,0.00709293265430577
APEX1,4,1,1,0.00657354067198989,16.2993424221978,16.2993424221978,Lengthened_only,0.0071064002541955
OSBPL1A,10,1,1,0.00647794857379284,14.6930019947288,14.6930019947288,Lengthened_only,0.00711887537424562
MZT2B,2,2,2,0.00676912965232173,4.6905705490479,2.72008924232751,Mixed,0.00728968752243372
MRPL19,32,1,1,0.00676912965232173,16.0108945736625,16.0108945736625,Lengthened_only,0.00742948574559697
EMC10,20,1,1,0.00693213867219285,5.07921676636222,5.07921676636222,Shortened_only,0.00745189429395549
KLHL5,17,1,1,0.00753909478555867,6.58898974341081,6.58898974341081,Lengthened_only,0.00809054886008445
ZNF419,5,1,0,0.007926158702536,0.120694071708058,0.120694071708058,Lengthened_only,0.00849210183889841
NUDC,5,1,1,0.00807318615466898,13.2363176113634,13.2363176113634,Shortened_only,0.0086362082224498
TRAPPC10,8,1,1,0.00816642452431752,15.0734087652605,15.0734087652605,Shortened_only,0.00872299290210115
FAM84B,10,1,1,0.00856139403577264,3.27596976394907,3.27596976394907,Lengthened_only,0.00932213434003834
MED13,18,1,1,0.00889993240751495,15.9643585664254,15.9643585664254,Lengthened_only,0.00967353962192634
ATP6V1G1,15,1,1,0.00914288062108422,15.7542826125836,15.7542826125836,Lengthened_only,0.00988890432308928
TBCK,8,1,1,0.00914288062108422,0.58978680789621,0.58978680789621,Shortened_only,0.00991844288593842
SMIM13,7,1,1,0.00914288062108422,0.920178139797559,0.920178139797559,Lengthened_only,0.0100593345145043
OSBPL3,14,1,1,0.010460397654673,1.61530197101913,1.61530197101913,Shortened_only,0.0112645838371791
RPAP2,11,1,1,0.0104598540068518,14.6069457423351,14.6069457423351,Lengthened_only,0.0112961977363622
TOB2,7,1,1,0.010460397654673,15.9729621050153,15.9729621050153,Shortened_only,0.0113454438002316
RALA,8,1,1,0.0106982382304745,15.3518594600189,15.3518594600189,Lengthened_only,0.0114618854450166
DDX18,14,1,1,0.0106982382304745,2.28147107075182,2.28147107075182,Shortened_only,0.011568635285469
DHX15,4,1,1,0.0108208280591671,0.576601434587671,0.576601434587671,Shortened_only,0.0115796518218544
ATL3,18,1,1,0.0106982382304745,5.16358106501494,5.16358106501494,Shortened_only,0.0116626775006391
ARL6IP6,10,1,1,0.0110248953319691,5.08528754576892,5.08528754576892,Lengthened_only,0.01178467164399
SOCS5,17,1,1,0.0106982382304745,16.367926272605,16.367926272605,Lengthened_only,0.011804833312003
CTBP2,13,1,1,0.0111280830522815,5.06828557093815,5.06828557093815,Lengthened_only,0.0118819489203679
SLC2A1,20,1,1,0.0113079186051039,3.86364773198474,3.86364773198474,Lengthened_only,0.0120611716245569
FAM91A1,9,1,1,0.011964898389203,13.5174168873691,13.5174168873691,Shortened_only,0.01274879101332
SEC14L2,11,1,1,0.012039193866501,0.842712673043116,0.842712673043116,Shortened_only,0.0128152065124887
PRKCA,9,2,2,0.0122646637866099,1.13190804543637,0.993652277877553,Mixed,0.0130426257975855
MED19,4,1,1,0.0125404395987607,14.6701342468316,14.6701342468316,Shortened_only,0.01331135636904
EMC1,21,1,1,0.0125404395987607,17.416319430155,17.416319430155,Shortened_only,0.0135061837338192
FHL1,2,1,0,0.0127021564352667,0.199021059536935,0.199021059536935,Shortened_only,0.0136492087423837
ABCA1,4,1,1,0.0127021564352667,2.82785616270481,2.82785616270481,Shortened_only,0.0137302175374219
PGGHG,5,1,1,0.0131385757561607,15.764775374903,15.764775374903,Lengthened_only,0.0141037049324337
GNPDA2,17,1,1,0.0135007536345837,2.56038516273704,2.56038516273704,Lengthened_only,0.0144640726648307
MYO1E,20,1,1,0.0135007536345837,16.1159007345632,16.1159007345632,Shortened_only,0.0145327682880481
TRMT112,9,1,1,0.0137260184251639,1.90082896889598,1.90082896889598,Lengthened_only,0.0147955075488872
ZNF780A,6,1,1,0.0137260184251639,4.02910663599614,4.02910663599614,Shortened_only,0.0148530620532618
SAA2-SAA4,2,2,2,0.0138482420658462,2.87717071954258,2.76505556768625,Mixed,0.0149549325406672
TTL,18,1,1,0.0137260184251639,15.8409963325987,15.8409963325987,Shortened_only,0.015000564904821
PNPLA3,6,1,1,0.0138482420658462,2.56403494028023,2.56403494028023,Shortened_only,0.0150455932342941
AP3M1,17,1,1,0.014043822762435,14.9114175811138,14.9114175811138,Lengthened_only,0.0152269004864849
LURAP1,13,1,1,0.0140079164355658,2.84110048625307,2.84110048625307,Lengthened_only,0.0152637707611823
NAGK,2,2,1,0.014043822762435,13.4452269482263,6.81011620009004,Mixed,0.0152674287763572
FEM1A,5,1,1,0.0141048019129613,2.08820873213837,2.08820873213837,Shortened_only,0.0152788355758397
SIK3,4,1,1,0.0140079164355658,14.159201631971,14.159201631971,Lengthened_only,0.0154387423705754
DENND4A,21,1,1,0.0140079164355658,16.3975093409415,16.3975093409415,Lengthened_only,0.0154497218123981
NRBP2,10,1,1,0.014043822762435,14.7353508493938,14.7353508493938,Lengthened_only,0.0154542701150502
HSDL2,10,1,1,0.014043822762435,14.8790001604837,14.8790001604837,Lengthened_only,0.0154934776457057
MRI1,5,1,1,0.014043822762435,13.935961441891,13.935961441891,Shortened_only,0.0155057262051335
MARCH6,23,1,1,0.0147568199883279,4.32508403455252,4.32508403455252,Lengthened_only,0.0159705767020981
STMP1,24,1,1,0.0148283391431243,15.7049028891938,15.7049028891938,Shortened_only,0.0160198679743487
DCTN5,17,1,1,0.0148283391431243,1.42408749275014,1.42408749275014,Shortened_only,0.0161192221162552
SUGT1,18,1,1,0.014974417969793,3.76745476684275,3.76745476684275,Shortened_only,0.0161639625993982
ANKRD26,17,2,2,0.0156443908810281,15.8678032592516,8.71368899721764,Mixed,0.0168730828192929
ELL,7,1,1,0.0161209272170815,13.9647018445165,13.9647018445165,Shortened_only,0.0173323833738544
POLG,9,1,0,0.0161209272170815,0.178544538502541,0.178544538502541,Lengthened_only,0.0174499426200161
PCBD1,2,2,1,0.0161883151809527,13.3534411480698,6.73855555785699,Mixed,0.0174731650707425
CRCP,17,1,1,0.0161209272170815,1.41534922857715,1.41534922857715,Shortened_only,0.0174755893647259
TOMM5,11,1,1,0.0161883151809527,15.3004744898783,15.3004744898783,Lengthened_only,0.017498055180365
MAN2B1,4,2,2,0.0161209272170815,0.861216748338049,0.826310384713223,Mixed,0.0176625163783516
TMSB4X,4,2,2,0.0173122837126206,3.54405847729733,2.34929773071489,Mixed,0.0187526213562773
RPL12,5,2,2,0.0185403850259531,3.26850768720739,2.11361955592861,Mixed,0.0200667668951017
ASPM,3,1,1,0.0188347692929902,3.10093555994581,3.10093555994581,Shortened_only,0.020338668017215
CCNG1,13,1,1,0.0188347692929902,1.43928341060063,1.43928341060063,Shortened_only,0.0205378185749037
TTC9C,6,1,1,0.0188347692929902,3.64474756186114,3.64474756186114,Shortened_only,0.0205666336793935
CHCHD3,7,1,1,0.0191342331669314,1.76102432172715,1.76102432172715,Shortened_only,0.0207042620269301
MYO1C,6,1,1,0.0191342331669314,0.835488041110976,0.835488041110976,Lengthened_only,0.0207991716978625
STX7,28,1,1,0.0193370194170146,17.2112493872606,17.2112493872606,Lengthened_only,0.0210234892316429
C1orf74,13,1,1,0.0207126419319798,4.46763642438469,4.46763642438469,Lengthened_only,0.0225802345613667
BRD4,6,2,2,0.0207126419319798,1.04449219156693,0.925699246875888,Mixed,0.0226209019167508
LIPG,12,1,1,0.0207126419319798,2.05653528303769,2.05653528303769,Shortened_only,0.0226266257074419
ERC1,6,1,1,0.0207763324577929,13.545089559508,13.545089559508,Shortened_only,0.0226785110190941
TRIM8,9,1,1,0.0207126419319798,4.47875149510088,4.47875149510088,Lengthened_only,0.0227773159411049
CYP20A1,14,1,1,0.0207126419319798,16.0942054802276,16.0942054802276,Lengthened_only,0.0229632896995675
ATP11A,11,1,1,0.0214989190557013,2.02600744280868,2.02600744280868,Shortened_only,0.0234491508646571
CEP128,10,1,1,0.0218580133213082,15.9704831170639,15.9704831170639,Lengthened_only,0.0238051982766006
ZNF25,5,1,1,0.0218580133213082,0.758473879519905,0.758473879519905,Shortened_only,0.0239901553434242
AGAP1,6,1,1,0.0223305152279408,2.29827986152984,2.29827986152984,Lengthened_only,0.0242846467664478
TRAF6,17,1,1,0.0223305152279408,16.2160934811692,16.2160934811692,Shortened_only,0.0244496924838672
MYCBP,17,1,1,0.0227655421025216,15.3356168790049,15.3356168790049,Lengthened_only,0.0247402487260137
SUZ12,12,1,1,0.0229701027395509,15.4355461818603,15.4355461818603,Shortened_only,0.0249116178960375
C5orf63,12,1,1,0.0229561951269064,2.57604626638231,2.57604626638231,Shortened_only,0.0249301527981345
STARD5,5,1,1,0.0230631764061154,16.7886046103152,16.7886046103152,Shortened_only,0.0249960765132555
MAPK1,18,1,1,0.023151752185987,4.68081705969765,4.68081705969765,Shortened_only,0.0250758059769774
SSH1,12,1,0,0.0229701027395509,0.385520014817848,0.385520014817848,Lengthened_only,0.0250765560768075
DHDDS,15,1,1,0.0237570713976746,16.5155220151969,16.5155220151969,Lengthened_only,0.0257148892364908
NPM1,9,1,1,0.0241057924839563,14.7863050457222,14.7863050457222,Lengthened_only,0.0260597912242922
KIAA1958,8,1,1,0.0241003310848745,1.19825945190596,1.19825945190596,Shortened_only,0.0260699890939766
TRDMT1,17,1,1,0.0245490613907581,4.59426006108876,4.59426006108876,Shortened_only,0.0265227448681791
TMED4,12,1,1,0.025597378821701,5.15278285646741,5.15278285646741,Lengthened_only,0.027843194079318
UBE2D1,4,1,1,0.027058201496523,13.7408600834436,13.7408600834436,Shortened_only,0.0294128279627617
C6orf106,9,1,1,0.0282844856608219,1.30355557602623,1.30355557602623,Lengthened_only,0.0306878735044212
AP4E1,4,1,1,0.0282844856608219,14.7445638176103,14.7445638176103,Shortened_only,0.0308546175990194
ARID1A,3,1,0,0.0282844856608219,0.255565096344851,0.255565096344851,Shortened_only,0.0309200902805557
ABCC4,3,1,1,0.028663332087296,15.0133152807172,15.0133152807172,Shortened_only,0.0309223892011692
CENPF,18,1,1,0.0286519250734412,15.0016062162246,15.0016062162246,Lengthened_only,0.0310127171719766
C6orf132,15,1,1,0.028663332087296,14.8519122738386,14.8519122738386,Lengthened_only,0.0310839102585762
RAB27B,11,1,1,0.028663332087296,4.22228583545444,4.22228583545444,Lengthened_only,0.0310905386176571
AMOTL1,11,1,1,0.028663332087296,14.1616465714441,14.1616465714441,Lengthened_only,0.0311135065567878
THBS1,28,1,1,0.028663332087296,1.60167952228822,1.60167952228822,Lengthened_only,0.031131719159196
NCL,14,1,1,0.0286519250734412,4.70320373640226,4.70320373640226,Lengthened_only,0.0311719780229097
USP4,9,1,1,0.0286519250734412,15.2195872105573,15.2195872105573,Lengthened_only,0.031193802585321
DNAJC15,14,1,1,0.028663332087296,4.62098353381544,4.62098353381544,Lengthened_only,0.0312278438099227
C6orf120,20,1,1,0.0286519250734412,15.3027612760444,15.3027612760444,Lengthened_only,0.0313489501504107
PDHB,8,1,1,0.029267610736978,13.7159468818096,13.7159468818096,Lengthened_only,0.0319369444242576
DYM,15,1,1,0.029304284913993,0.856581776653079,0.856581776653079,Shortened_only,0.0319581307368528
PAFAH2,8,1,1,0.029267610736978,14.4518961028838,14.4518961028838,Lengthened_only,0.0320349691888822
RINT1,9,1,1,0.029267610736978,2.10158540436581,2.10158540436581,Shortened_only,0.032043871129144
TMEM115,7,1,1,0.0300970221357416,1.05332843352386,1.05332843352386,Lengthened_only,0.0328033136319373
RPL7,10,1,1,0.031350229913453,4.93872394692918,4.93872394692918,Lengthened_only,0.0341491534805541
POGLUT1,6,1,1,0.0313851425039715,14.4310604591255,14.4310604591255,Lengthened_only,0.0341678289825007
PCDH1,4,1,1,0.0314632711790519,1.52542462225269,1.52542462225269,Lengthened_only,0.0342337287296997
SOCS2,5,1,1,0.0316740466316985,3.86483913524147,3.86483913524147,Shortened_only,0.0344439870764261
ITGA1,19,1,1,0.0325336759598628,15.1914361783677,15.1914361783677,Shortened_only,0.0353402023661324
CRIPT,19,1,1,0.0325336759598628,16.1667308132353,16.1667308132353,Lengthened_only,0.0354381369823639
BLOC1S6,10,1,1,0.0327439759536462,14.1824346840237,14.1824346840237,Lengthened_only,0.0355496914696509
PIGM,19,1,1,0.0327927284437578,1.49756155703044,1.49756155703044,Shortened_only,0.0355839534535359
NEMP2,16,1,1,0.0329214331592117,14.5376480171742,14.5376480171742,Lengthened_only,0.0356868436046187
EIF1B,8,1,1,0.0329214331592117,15.1398244640836,15.1398244640836,Shortened_only,0.0357268699660674
CCT7,3,1,1,0.0331346424427088,0.955358638011994,0.955358638011994,Shortened_only,0.035881861639035
EDF1,6,1,1,0.0331346424427088,3.98216474309705,3.98216474309705,Lengthened_only,0.0359115756412296
ENOSF1,7,1,1,0.0331911580192153,0.970818070572733,0.970818070572733,Lengthened_only,0.0359253454927845
ANKRD50,10,1,1,0.0333313250898063,4.14864351146293,4.14864351146293,Lengthened_only,0.0360421296113334
EFHD2,6,1,1,0.0333313250898063,13.4624365675699,13.4624365675699,Lengthened_only,0.0362073210163123
LSM14B,4,1,1,0.0345287599973603,12.9944971224974,12.9944971224974,Lengthened_only,0.0373011805605716
FAM104A,12,1,1,0.0345287599973603,5.37022559196628,5.37022559196628,Lengthened_only,0.037339430851306
LAMTOR4,2,1,0,0.0348894834624056,0.131035567825208,0.131035567825208,Lengthened_only,0.0376732287509067
EARS2,13,1,1,0.0353744127828625,4.13913691217895,4.13913691217895,Lengthened_only,0.0381791217793502
ZFP69,3,1,1,0.0356061716888553,1.86099112414603,1.86099112414603,Lengthened_only,0.0384117435380323
NREP,17,1,1,0.0356926934252166,19.362133173388,19.362133173388,Shortened_only,0.0384878062384755
RIC1,18,1,1,0.0358673498720159,3.37585685712527,3.37585685712527,Shortened_only,0.0386589437934915
FEM1C,9,1,1,0.036350714469123,2.93728730772847,2.93728730772847,Lengthened_only,0.0391625552653083
MRPS30,18,1,1,0.0364361434104142,0.716656080561926,0.716656080561926,Shortened_only,0.0392375754775942
CENPH,8,1,1,0.0373277159754743,4.65967325418342,4.65967325418342,Lengthened_only,0.040163071085365
C11orf95,4,1,1,0.0373277159754743,1.48082545998237,1.48082545998237,Shortened_only,0.040257241334043
METTL8,25,1,1,0.0383341369306594,15.6951374932746,15.6951374932746,Lengthened_only,0.0412281645330215
HDLBP,2,2,2,0.038847057685445,0.889990596984565,0.701419453303897,Mixed,0.0419878871331361
MAPK7,4,1,1,0.039030055029069,0.743395071273077,0.743395071273077,Lengthened_only,0.0421488536387104
CITED2,7,1,1,0.039030055029069,15.088456206615,15.088456206615,Lengthened_only,0.0422060701201405
HMGCR,18,1,1,0.0401859775652041,15.4396183441976,15.4396183441976,Lengthened_only,0.0433595203258007
IPO9,36,1,1,0.0401859775652041,1.82276667544811,1.82276667544811,Lengthened_only,0.0435100718208005
TIFA,18,1,1,0.0405365552701128,3.0574054857916,3.0574054857916,Lengthened_only,0.0437192495750055
CPSF6,29,1,1,0.0408484498591766,15.9716337774527,15.9716337774527,Lengthened_only,0.0440371827009667
ZNF750,3,1,1,0.0419203965552106,2.75809761158294,2.75809761158294,Shortened_only,0.0451736193053235
ERICH1,3,1,1,0.0437437864437006,1.14661892010901,1.14661892010901,Shortened_only,0.0473406790825238
ADAM17,15,1,1,0.0439450808128742,16.1446208209807,16.1446208209807,Lengthened_only,0.0475382507934222
PPP2CB,4,1,1,0.0437437864437006,12.8275821527461,12.8275821527461,Lengthened_only,0.0475598503043864
ERICH5,3,1,0,0.0440120658714354,0.226334357955996,0.226334357955996,Shortened_only,0.0475709734087734
ZDHHC20,10,1,1,0.0440120658714354,5.3529717415209,5.3529717415209,Lengthened_only,0.0476459677752238
RRAS2,17,1,1,0.0449257924492154,4.83000438460645,4.83000438460645,Lengthened_only,0.0486776255622815
KCNK2,2,1,1,0.0449038251573894,1.4559270515283,1.4559270515283,Shortened_only,0.0486943450928249
MRTO4,20,1,1,0.0449038251573894,1.82807023959396,1.82807023959396,Shortened_only,0.0488150809524219
KLK10,8,1,1,0.0449257924492154,13.3066442153298,13.3066442153298,Lengthened_only,0.0489005196789613
SAP30BP,8,1,1,0.0449038251573894,1.62728546623817,1.62728546623817,Shortened_only,0.0489885933895888
RNF223,2,1,0,0.0449038251573894,0.116068205604505,0.116068205604505,Shortened_only,0.0491360951854475
RPS14,11,1,1,0.0456380853163907,2.64238558142024,2.64238558142024,Shortened_only,0.0494286325735103
PLXDC2,15,1,1,0.0470325457835019,14.2291459716049,14.2291459716049,Shortened_only,0.0510553843053115
SUB1,14,1,1,0.0470325457835019,13.5058146585694,13.5058146585694,Lengthened_only,0.0512375338929853
HS3ST3A1,11,1,1,0.0470325457835019,14.1059457123826,14.1059457123826,Shortened_only,0.0512447910804328
FAM83D,4,1,1,0.0470325457835019,2.75500036093327,2.75500036093327,Shortened_only,0.0512610913217195
KDM2B,15,1,1,0.0473710882384139,16.3757709264287,16.3757709264287,Shortened_only,0.0512812690860247
HDDC2,11,1,1,0.0470325457835019,1.83702439467967,1.83702439467967,Lengthened_only,0.0513931610821778
RTL8B,9,1,1,0.0473691559779913,0.704094333811642,0.704094333811642,Shortened_only,0.0513997279843847
NMT2,13,1,1,0.0470325457835019,4.85810262591144,4.85810262591144,Lengthened_only,0.0514297216443899
MAP3K2,22,1,1,0.0473710882384139,2.08413632226953,2.08413632226953,Lengthened_only,0.0515067791235648
CAPN2,12,1,1,0.0473710882384139,3.11466575892448,3.11466575892448,Lengthened_only,0.051637162728777
ZFP36,5,1,1,0.0473710882384139,0.692550192617269,0.692550192617269,Shortened_only,0.0517580129801766
CIP2A,32,1,1,0.0473710882384139,3.68287296452813,3.68287296452813,Lengthened_only,0.0517904417944168
FAM118A,9,1,1,0.0473710882384139,14.1621442389549,14.1621442389549,Lengthened_only,0.0517977414489155
MTMR2,15,1,1,0.0481920488631482,17.0535237523064,17.0535237523064,Lengthened_only,0.052110651269044
SEMA6A,5,1,1,0.0481920488631482,1.16180197135813,1.16180197135813,Lengthened_only,0.0522870095844757
TNPO2,5,1,1,0.0481920488631482,0.5010579852528,0.5010579852528,Lengthened_only,0.0523370048115487
STYX,24,1,1,0.0484746177326765,5.78553079337298,5.78553079337298,Shortened_only,0.0523775448748479
ARRDC3,4,1,1,0.0484746177326765,13.0369530218461,13.0369530218461,Lengthened_only,0.0524319116632168
PAFAH1B1,16,1,1,0.049585353091107,14.9717092297626,14.9717092297626,Lengthened_only,0.0535573985324346
ELOC,14,0,0,0.0504085224055812,NA,NA,NA,0.054664804127999
MANEA,6,0,0,0.0505860146814478,NA,NA,NA,0.0548162542408493
ZNF91,13,0,0,0.0505860146814478,NA,NA,NA,0.0549593799631796
SPIDR,5,0,0,0.053487795960561,NA,NA,NA,0.0581861818276956
POLR2L,7,0,0,0.0541513970954248,NA,NA,NA,0.059136297175643
CPM,10,0,0,0.0549711259521317,NA,NA,NA,0.060006798527499
IGFBP2,2,0,0,0.0559707739782073,NA,NA,NA,0.0609786856307269
TUBGCP2,6,0,0,0.0559707739782073,NA,NA,NA,0.0612188192728908
KNTC1,12,0,0,0.0559707739782073,NA,NA,NA,0.0613263986427488
FKBP14,15,0,0,0.0559707739782073,NA,NA,NA,0.0614576518436517
ZNF354B,13,0,0,0.0565219477517388,NA,NA,NA,0.0615322893165413
C7orf55-LUC7L2,11,0,0,0.0559707739782073,NA,NA,NA,0.061668295435968
ADK,20,0,0,0.0565219477517388,NA,NA,NA,0.0616979791189157
SNRNP27,21,0,0,0.0568961768633898,NA,NA,NA,0.0621698049123797
MFSD11,11,0,0,0.0584609186493215,NA,NA,NA,0.063828902567187
MYCBP2,7,0,0,0.0585428384085749,NA,NA,NA,0.0638940540573765
BTF3L4,13,0,0,0.0584609186493215,NA,NA,NA,0.0640411592731123
SRRM1,6,0,0,0.0590814119590729,NA,NA,NA,0.0644330408091665
FBXO10,2,0,0,0.0590814119590729,NA,NA,NA,0.0645408769372304
ID3,6,0,0,0.0592240920135928,NA,NA,NA,0.0645409788967321
MYL6,8,0,0,0.0592240920135928,NA,NA,NA,0.0646950055056854
MATR3,19,0,0,0.0604262884013847,NA,NA,NA,0.0660117829803837
RIOX2,12,0,0,0.0605415325426862,NA,NA,NA,0.0661132749706507
LSM3,12,0,0,0.0604262884013847,NA,NA,NA,0.0662075091664216
HSD17B12,20,0,0,0.0604262884013847,NA,NA,NA,0.0662101090403716
TTC5,8,0,0,0.0606604789116412,NA,NA,NA,0.0662189131721834
NCKIPSD,11,0,0,0.0604262884013847,NA,NA,NA,0.0664405035949982
VMAC,4,0,0,0.0615293445821994,NA,NA,NA,0.0670941647879873
SENP7,3,0,0,0.0615293445821994,NA,NA,NA,0.0672962516202798
RTN4IP1,5,0,0,0.0615293445821994,NA,NA,NA,0.0673736946032734
RRP9,3,0,0,0.0620147745181777,NA,NA,NA,0.0675990461371216
DCTN4,16,0,0,0.0621523791942531,NA,NA,NA,0.0678842863628976
SKIV2L2,11,0,0,0.0623593670099265,NA,NA,NA,0.0680862267238501
ZC3H18,4,0,0,0.0621523791942531,NA,NA,NA,0.0681229674262489
GTF3C3,14,0,0,0.0621523791942531,NA,NA,NA,0.0681358972604166
VDR,11,0,0,0.0621523791942531,NA,NA,NA,0.0681793185325389
SCRN3,9,0,0,0.0626031833444623,NA,NA,NA,0.0683283451562527
GPR137B,16,0,0,0.0621523791942531,NA,NA,NA,0.0683870865639009
RAP2A,16,0,0,0.0629966637380092,NA,NA,NA,0.0687335625479288
PARP3,4,0,0,0.0631459130215305,NA,NA,NA,0.068872602960351
NDUFA5,19,0,0,0.0632424815473428,NA,NA,NA,0.0689543465088109
HACD3,13,0,0,0.0635637086673817,NA,NA,NA,0.0692807694567382
SLC41A1,3,0,0,0.0636224230223259,NA,NA,NA,0.0693214559422373
PPAT,13,0,0,0.0643403568269369,NA,NA,NA,0.0700794190405005
NAA30,19,0,0,0.0657053780280422,NA,NA,NA,0.0719477596727226
CUL3,12,0,0,0.0657053780280422,NA,NA,NA,0.0719489348332235
CBR4,4,0,0,0.0657053780280422,NA,NA,NA,0.0719789120260045
TMEM242,13,0,0,0.0658607075984327,NA,NA,NA,0.0721239127090299
SOWAHC,9,0,0,0.0657053780280422,NA,NA,NA,0.0721913062193406
GATB,5,0,0,0.066563660885266,NA,NA,NA,0.072842858151175
GAN,6,0,0,0.066563660885266,NA,NA,NA,0.0729288129834511
PRKRA,7,0,0,0.067301038524361,NA,NA,NA,0.0739633032446653
PUDP,8,0,0,0.067301038524361,NA,NA,NA,0.0741471750584135
JUND,8,0,0,0.067301038524361,NA,NA,NA,0.0741953948792703
SNX18,11,0,0,0.067301038524361,NA,NA,NA,0.0742115819957389
EEFSEC,3,0,0,0.067301038524361,NA,NA,NA,0.0742194324822157
VPS72,4,0,0,0.0675906160785354,NA,NA,NA,0.0742419763527338
NIP7,21,0,0,0.0675906160785354,NA,NA,NA,0.0743008379405454
IGF2BP3,12,0,0,0.067301038524361,NA,NA,NA,0.0743032054497836
CRYBG1,8,0,0,0.067301038524361,NA,NA,NA,0.0743057357168542
WDR6,4,0,0,0.067301038524361,NA,NA,NA,0.074323395311899
LTV1,3,0,0,0.067301038524361,NA,NA,NA,0.0744470287784906
CCAR1,12,0,0,0.067301038524361,NA,NA,NA,0.0745724390612794
AADAT,6,0,0,0.067301038524361,NA,NA,NA,0.0745824507372054
MCMBP,16,0,0,0.067301038524361,NA,NA,NA,0.0746846502030637
HOXC4,2,0,0,0.067301038524361,NA,NA,NA,0.074817750900427
UTP15,19,0,0,0.0681661349831625,NA,NA,NA,0.074848628515934
CCDC90B,23,0,0,0.067301038524361,NA,NA,NA,0.0748567425269965
ZNF708,16,0,0,0.0682194629734804,NA,NA,NA,0.0748826731558824
COL6A3,4,0,0,0.067301038524361,NA,NA,NA,0.0749133791854683
RRM2,25,0,0,0.067301038524361,NA,NA,NA,0.0750386158303026
KCTD11,3,0,0,0.0684178535997952,NA,NA,NA,0.0750757933580519
ZNF549,7,0,0,0.067301038524361,NA,NA,NA,0.0751396233501286
TDP1,6,0,0,0.0687802795230028,NA,NA,NA,0.0758546058082388
PDCD10,18,0,0,0.0687802795230028,NA,NA,NA,0.0759414354108513
FRMD8,4,0,0,0.0687802795230028,NA,NA,NA,0.0760324837131692
SDCCAG3,5,0,0,0.0687802795230028,NA,NA,NA,0.0761944677065428
TMEM184B,10,0,0,0.0693735833232118,NA,NA,NA,0.0764824221998311
GLI3,9,0,0,0.0697506856402898,NA,NA,NA,0.0768720501339194
PTPN12,7,0,0,0.0705757778541844,NA,NA,NA,0.0777543526296973
CD59,37,0,0,0.0706599252387371,NA,NA,NA,0.0777961608816286
SMAGP,4,0,0,0.0706599252387371,NA,NA,NA,0.0779389686673475
STON2,3,0,0,0.0710529473324012,NA,NA,NA,0.0784446520706018
SBNO1,9,0,0,0.0730417232022332,NA,NA,NA,0.0806100549778301
PRR13,8,0,0,0.0734889385670446,NA,NA,NA,0.0809455867475378
ZNF713,6,0,0,0.0735200012554343,NA,NA,NA,0.0809541325540035
PKN2,11,0,0,0.0734367106260153,NA,NA,NA,0.081018626866288
DNAJB5,7,0,0,0.0736144290604299,NA,NA,NA,0.081032455034253
FLRT2,18,0,0,0.0734889385670446,NA,NA,NA,0.0811426762748232
GSTA4,3,0,0,0.0734889385670446,NA,NA,NA,0.0812024958194141
FUT10,16,0,0,0.0734889385670446,NA,NA,NA,0.0812618855474214
GTPBP2,4,0,0,0.0734889385670446,NA,NA,NA,0.0813652239881989
ABI2,16,0,0,0.0746896319183606,NA,NA,NA,0.0821882704146431
FAM131A,5,0,0,0.074837645478925,NA,NA,NA,0.0823252897202416
GLRB,6,0,0,0.0749808956835376,NA,NA,NA,0.0827021183388541
TGFBR1,28,0,0,0.0752147863647842,NA,NA,NA,0.0829334618886585
ATAD5,11,0,0,0.0752994334884039,NA,NA,NA,0.0830005913467546
SGMS1,7,0,0,0.0754100937356595,NA,NA,NA,0.083096441198788
RALY,12,0,0,0.0754739564468151,NA,NA,NA,0.0833316798993994
PTPN11,10,0,0,0.0754739564468151,NA,NA,NA,0.0833788657179081
TMEM185B,18,0,0,0.0754739564468151,NA,NA,NA,0.0833863342779376
SLC7A1,11,0,0,0.0759496460759958,NA,NA,NA,0.0837777553892112
DAPK2,2,0,0,0.0759496460759958,NA,NA,NA,0.084021067293661
HOMER2,5,0,0,0.0759496460759958,NA,NA,NA,0.0841632353932029
SPG21,14,0,0,0.0764674168021853,NA,NA,NA,0.084321924639686
DSCC1,8,0,0,0.0765566142908333,NA,NA,NA,0.0843686963845718
UVRAG,6,0,0,0.0765566142908333,NA,NA,NA,0.0844007311824146
MMP2,6,0,0,0.0768975025469786,NA,NA,NA,0.0848296942140172
PPFIBP1,11,0,0,0.0768975025469786,NA,NA,NA,0.0849208969903907
MRPS25,8,0,0,0.0770658099806224,NA,NA,NA,0.0849391325478106
PITPNC1,13,0,0,0.0768975025469786,NA,NA,NA,0.0849715751415954
PIAS1,26,0,0,0.0771526272157389,NA,NA,NA,0.0850096185019872
TTC1,5,0,0,0.0768975025469786,NA,NA,NA,0.0850890912719245
MTMR9,19,0,0,0.0770658099806224,NA,NA,NA,0.0851970135878461
VPS4A,14,0,0,0.0768975025469786,NA,NA,NA,0.0852613531880491
ASB1,7,0,0,0.0770658099806224,NA,NA,NA,0.0853211055487527
STOM,4,0,0,0.0768975025469786,NA,NA,NA,0.0853555776942487
SSBP2,22,0,0,0.0776410081745835,NA,NA,NA,0.08547205518131
GLS,13,0,0,0.0776660721941885,NA,NA,NA,0.0854750036516835
NAB1,13,0,0,0.0776410081745835,NA,NA,NA,0.0855484017767066
ZNF800,21,0,0,0.0776410081745835,NA,NA,NA,0.0857032849729262
TNS3,5,0,0,0.0781086113439227,NA,NA,NA,0.0860221334737076
DAG1,7,0,0,0.0781757789919054,NA,NA,NA,0.0860716571607335
POFUT2,3,0,0,0.0783119719110349,NA,NA,NA,0.0861970989753403
NCAPG2,15,0,0,0.0781086113439227,NA,NA,NA,0.0862265931200319
PPP2R5C,11,0,0,0.0781086113439227,NA,NA,NA,0.0864193279693908
FAM222B,9,0,0,0.0781086113439227,NA,NA,NA,0.0864415718831279
BCL2L11,10,0,0,0.0781086113439227,NA,NA,NA,0.0864494120299152
TGFA,5,0,0,0.0783596927897159,NA,NA,NA,0.0864542924518164
CEP57,18,0,0,0.0781086113439227,NA,NA,NA,0.0864766145066598
ZNF26,7,0,0,0.0781086113439227,NA,NA,NA,0.0866305027013177
PURA,14,0,0,0.0783659500282211,NA,NA,NA,0.0866647655581976
FNBP1L,9,0,0,0.0789662413006355,NA,NA,NA,0.087301910141864
AP3B1,11,0,0,0.0790110062266632,NA,NA,NA,0.0873260926702152
SSBP1,5,0,0,0.0796148810330677,NA,NA,NA,0.0879167732039938
SEMA7A,3,0,0,0.0796148810330677,NA,NA,NA,0.0880224167146527
SP4,10,0,0,0.0796148810330677,NA,NA,NA,0.0881052986642066
FAM83B,10,0,0,0.0802564026229065,NA,NA,NA,0.0885986389818524
TMEM43,11,0,0,0.0802955011727311,NA,NA,NA,0.0886168047897708
TIMMDC1,6,0,0,0.0810834757635991,NA,NA,NA,0.0894595355074004
MRPS14,20,0,0,0.0814336463266498,NA,NA,NA,0.0898200514857564
C5AR2,4,0,0,0.0821029743428292,NA,NA,NA,0.0905316248157925
BORCS7,11,0,0,0.0824785200953271,NA,NA,NA,0.0911244102690368
ZNF704,14,0,0,0.082728046313719,NA,NA,NA,0.0914018995688314
ERG28,9,0,0,0.0830905303306234,NA,NA,NA,0.0916999313644151
NUDT16,9,0,0,0.0832283391763066,NA,NA,NA,0.091826587606118
PLAUR,5,0,0,0.0830905303306234,NA,NA,NA,0.0918813037910867
LCMT2,5,0,0,0.0830905303306234,NA,NA,NA,0.0920071235993754
CAMSAP2,13,0,0,0.0830905303306234,NA,NA,NA,0.0922657082527912
VPS41,16,0,0,0.084222386099394,NA,NA,NA,0.0928955288202688
RTN4RL1,2,0,0,0.0844973857234942,NA,NA,NA,0.0931729419183428
SKA2,22,0,0,0.0848936159791461,NA,NA,NA,0.0935586014931291
ELP3,3,0,0,0.0850103672046367,NA,NA,NA,0.0936620205097813
TSPAN18,4,0,0,0.0848936159791461,NA,NA,NA,0.0936837745328063
PIK3C3,13,0,0,0.0850937497740984,NA,NA,NA,0.0937288357923353
ZNF879,3,0,0,0.0865912439590141,NA,NA,NA,0.0955845817674413
EVL,2,0,0,0.0867018438722248,NA,NA,NA,0.0956806815751109
TSPAN14,16,0,0,0.0868294895756254,NA,NA,NA,0.0957701558600184
C17orf100,7,0,0,0.0870057891697145,NA,NA,NA,0.0959387564665479
APOL2,2,0,0,0.0868294895756254,NA,NA,NA,0.0959526781703355
REP15,2,0,0,0.0870534486030979,NA,NA,NA,0.0959659265781042
TATDN1,3,0,0,0.0872188225554515,NA,NA,NA,0.0961226099600012
SMAD2,39,0,0,0.087412507405334,NA,NA,NA,0.0963104412541917
TGFB1,9,0,0,0.087487838291171,NA,NA,NA,0.0965755219152549
ANKLE2,14,0,0,0.087487838291171,NA,NA,NA,0.0966067063448787
RXRA,14,0,0,0.0889752962105285,NA,NA,NA,0.098422907980516
VKORC1L1,28,0,0,0.0892724254259056,NA,NA,NA,0.0987243697564225
TOX4,25,0,0,0.0899567497500746,NA,NA,NA,0.0992460780472134
C2orf68,9,0,0,0.0898344526659524,NA,NA,NA,0.0992916195072081
SOX9,7,0,0,0.089821366489792,NA,NA,NA,0.09930345213604
VSIR,5,0,0,0.0899567497500746,NA,NA,NA,0.0993281087195597
ZNF619,7,0,0,0.0899567497500746,NA,NA,NA,0.0993449936881368
CYSTM1,7,0,0,0.0900829975140405,NA,NA,NA,0.0993597097002316
FAM98A,3,0,0,0.0899567497500746,NA,NA,NA,0.0994400825474853
MME,31,0,0,0.0899567497500746,NA,NA,NA,0.0994834327334409
LIPA,5,0,0,0.0899567497500746,NA,NA,NA,0.0995436369546086
MAP4K2,8,0,0,0.0899567497500746,NA,NA,NA,0.099567697744007
DCK,8,0,0,0.0905983343040018,NA,NA,NA,0.0999012834249947
RAB18,23,0,0,0.0914628485246824,NA,NA,NA,0.101008730085253
PDCD11,8,0,0,0.0914628485246824,NA,NA,NA,0.101219302811671
HSPB8,3,0,0,0.0914628485246824,NA,NA,NA,0.101275551416261
MKL1,4,0,0,0.0933743908520807,NA,NA,NA,0.103194487966314
CACUL1,15,0,0,0.0933743908520807,NA,NA,NA,0.103300315098384
RAPGEF5,6,0,0,0.0933743908520807,NA,NA,NA,0.103303175437605
UFSP2,15,0,0,0.0933743908520807,NA,NA,NA,0.103379320711296
NUCKS1,29,0,0,0.0933743908520807,NA,NA,NA,0.103384593247341
PLEKHA5,3,0,0,0.0933743908520807,NA,NA,NA,0.103627311955186
ETV5,5,0,0,0.0933743908520807,NA,NA,NA,0.103633059150364
EME1,3,0,0,0.0939143737160572,NA,NA,NA,0.104203419146192
TRIM13,2,0,0,0.0944458598808149,NA,NA,NA,0.10476417572281
APC,8,0,0,0.0944635521484978,NA,NA,NA,0.104990822786636
ZC3HAV1L,9,0,0,0.0950008615995851,NA,NA,NA,0.105558523173708
MGAT4A,4,0,0,0.0952697930102652,NA,NA,NA,0.106063780631818
RGS10,9,0,0,0.0975312130636876,NA,NA,NA,0.10854493509733
BRI3BP,13,0,0,0.0975778488860079,NA,NA,NA,0.108567998825737
PTGFR,6,0,0,0.0977028373304476,NA,NA,NA,0.108678058847961
TRIP11,13,0,0,0.0983467685714939,NA,NA,NA,0.109334977209688
EEF1A1,11,0,0,0.0983467685714939,NA,NA,NA,0.109505130964148
TNFSF9,9,0,0,0.0986418261614403,NA,NA,NA,0.109633530898557
USP27X,2,0,0,0.0992701499456428,NA,NA,NA,0.110549923323068
DHCR7,4,0,0,0.0992549326105969,NA,NA,NA,0.110561606047228
GON4L,8,0,0,0.0992549326105969,NA,NA,NA,0.110606521918774
ZMYM4,11,0,0,0.0992549326105969,NA,NA,NA,0.110708579471775
GIGYF2,13,0,0,0.0992549326105969,NA,NA,NA,0.11079049247504
GPI,8,0,0,0.0992549326105969,NA,NA,NA,0.110828469532784
ABCB10,6,0,0,0.0992549326105969,NA,NA,NA,0.111029672653093
DUSP5,6,0,0,0.0992549326105969,NA,NA,NA,0.111258332496985
EI24,9,0,0,0.099959332262405,NA,NA,NA,0.111286278305667
JUP,3,0,0,0.0999909485279476,NA,NA,NA,0.111292838594542
ERLIN2,24,0,0,0.100124398628747,NA,NA,NA,0.111355989154869
ARFIP2,4,0,0,0.100171443603449,NA,NA,NA,0.111380086982584
DCTD,14,0,0,0.0992549326105969,NA,NA,NA,0.111406192061578
SUN1,5,0,0,0.100124398628747,NA,NA,NA,0.111432394081857
POFUT1,13,0,0,0.100124398628747,NA,NA,NA,0.111511842285098
AGPAT3,16,0,0,0.100650793997914,NA,NA,NA,0.111883250608076
ARL1,14,0,0,0.100698113029501,NA,NA,NA,0.111907730190691
UPF3B,6,0,0,0.100860190427502,NA,NA,NA,0.112059386405035
NFATC3,7,0,0,0.101305647137129,NA,NA,NA,0.112497048616715
MAPK10,11,0,0,0.101305647137129,NA,NA,NA,0.112638352649365
PRAG1,3,0,0,0.101947360877045,NA,NA,NA,0.113179451647327
SACS,2,0,0,0.103309748921461,NA,NA,NA,0.114658699192662
SLC38A1,21,0,0,0.103671649693883,NA,NA,NA,0.115030950540666
MXI1,11,0,0,0.10435129967539,NA,NA,NA,0.115726408831988
TTC4,10,0,0,0.10435129967539,NA,NA,NA,0.115784166152283
GNG4,8,0,0,0.10650690908646,NA,NA,NA,0.11832312896563
STPG1,4,0,0,0.107175756511587,NA,NA,NA,0.119034459339903
C1orf56,4,0,0,0.107366744223097,NA,NA,NA,0.11921684826622
GSE1,10,0,0,0.107532832004224,NA,NA,NA,0.119371716947768
FRY,4,0,0,0.107977222949319,NA,NA,NA,0.119834354460868
PBXIP1,6,0,0,0.108016139866773,NA,NA,NA,0.11984862972726
EIF4EBP2,23,0,0,0.108069482992881,NA,NA,NA,0.120115747706933
ZBTB8A,12,0,0,0.108069482992881,NA,NA,NA,0.120250095607578
TTC14,3,0,0,0.108995959466428,NA,NA,NA,0.121333848380799
MAPK14,17,0,0,0.109124170860344,NA,NA,NA,0.121566974480367
UBE2I,4,0,0,0.109214956941527,NA,NA,NA,0.121731076668585
GPD1L,4,0,0,0.109214956941527,NA,NA,NA,0.121879235989387
NRF1,6,0,0,0.109877447800434,NA,NA,NA,0.122645141299675
TMEM65,27,0,0,0.109877447800434,NA,NA,NA,0.122726771370379
MTCH2,15,0,0,0.110156606692122,NA,NA,NA,0.122930144929351
CD83,5,0,0,0.110317385469935,NA,NA,NA,0.12298840611826
SKP1,21,0,0,0.110317385469935,NA,NA,NA,0.123223597929813
PPP6C,12,0,0,0.110317385469935,NA,NA,NA,0.12324303709267
TBRG4,10,0,0,0.110317385469935,NA,NA,NA,0.123394958062097
MLLT11,5,0,0,0.110923431930357,NA,NA,NA,0.123631461444178
IVNS1ABP,24,0,0,0.111926137593177,NA,NA,NA,0.124714518602624
RAB35,5,0,0,0.112254880540221,NA,NA,NA,0.125049294931785
XRCC5,13,0,0,0.112295866745252,NA,NA,NA,0.125064812810278
CKAP5,9,0,0,0.113898931217544,NA,NA,NA,0.12730602432499
CYLD,12,0,0,0.114051656958966,NA,NA,NA,0.127444765713365
LARS2,10,0,0,0.114841063794018,NA,NA,NA,0.128291894544596
ACTR6,3,0,0,0.115602557475669,NA,NA,NA,0.129163917594021
SERINC1,16,0,0,0.116236384814275,NA,NA,NA,0.129998657449334
HAT1,8,0,0,0.116283618345215,NA,NA,NA,0.13001948890037
RRP15,9,0,0,0.116236384814275,NA,NA,NA,0.130118651609968
PTGFRN,8,0,0,0.116541523770812,NA,NA,NA,0.130274931466242
OSBPL2,14,0,0,0.116753899872506,NA,NA,NA,0.130479690542498
PHF20,17,0,0,0.117325507794773,NA,NA,NA,0.131084110292464
FUT11,11,0,0,0.117512242310685,NA,NA,NA,0.131260264116172
EXO5,5,0,0,0.117935630090405,NA,NA,NA,0.131668136593517
RTN1,7,0,0,0.118013073199954,NA,NA,NA,0.131722889392123
RAPH1,18,0,0,0.117935630090405,NA,NA,NA,0.131904222394277
TIMP2,14,0,0,0.120020578697841,NA,NA,NA,0.134426085483518
UBXN2B,7,0,0,0.120363150859789,NA,NA,NA,0.135027489188816
PLA2R1,11,0,0,0.120504830311583,NA,NA,NA,0.135152486110219
PYGB,4,0,0,0.121551790224578,NA,NA,NA,0.136760868178309
CPEB3,4,0,0,0.121551790224578,NA,NA,NA,0.136906207042651
TGFBI,14,0,0,0.121872279770039,NA,NA,NA,0.137051383399478
BZW1,13,0,0,0.121872279770039,NA,NA,NA,0.137095984454914
LMBR1,35,0,0,0.122322188529149,NA,NA,NA,0.137486869570891
PPP6R3,2,0,0,0.122322188529149,NA,NA,NA,0.137524889375648
ZNF581,5,0,0,0.122650989996497,NA,NA,NA,0.137852896131454
IMPAD1,30,0,0,0.122650989996497,NA,NA,NA,0.13793341089608
CDK5RAP3,3,0,0,0.122650989996497,NA,NA,NA,0.137936513435157
ELK4,17,0,0,0.122650989996497,NA,NA,NA,0.137987455077212
TLK1,17,0,0,0.122650989996497,NA,NA,NA,0.138028902006534
SGSH,4,0,0,0.123059390732221,NA,NA,NA,0.138360069269479
ADAM10,21,0,0,0.123318462045895,NA,NA,NA,0.138832728139774
ASS1,5,0,0,0.123318462045895,NA,NA,NA,0.138914467632655
ALG1,12,0,0,0.12356939877589,NA,NA,NA,0.139011773459697
FBLN5,2,0,0,0.12356939877589,NA,NA,NA,0.139157853314078
FAM83G,2,0,0,0.12373798053908,NA,NA,NA,0.139166698624976
GATAD1,11,0,0,0.12356939877589,NA,NA,NA,0.139213310854381
DBP,3,0,0,0.124687975115758,NA,NA,NA,0.140196053925263
CNOT1,21,0,0,0.12517706285761,NA,NA,NA,0.14070935429267
ATXN7,7,0,0,0.126898738974704,NA,NA,NA,0.143645010105696
MRPL48,3,0,0,0.126898738974704,NA,NA,NA,0.143704742223222
MYO18A,5,0,0,0.126898738974704,NA,NA,NA,0.143930659572352
UBXN8,6,0,0,0.126898738974704,NA,NA,NA,0.144012467976753
RPL24,6,0,0,0.127307773738288,NA,NA,NA,0.144437380925975
GATC,16,0,0,0.127719744191486,NA,NA,NA,0.144682939536532
PDHA1,13,0,0,0.127656656281198,NA,NA,NA,0.144684398012597
AMFR,7,0,0,0.127719744191486,NA,NA,NA,0.144745552083689
VPS13A,16,0,0,0.127656656281198,NA,NA,NA,0.144820816413786
SRSF9,8,0,0,0.127656656281198,NA,NA,NA,0.144902820817173
COL4A1,13,0,0,0.127790181858284,NA,NA,NA,0.144970124572735
DEPTOR,9,0,0,0.127656656281198,NA,NA,NA,0.14501660799912
ARHGDIA,7,0,0,0.127833655854945,NA,NA,NA,0.145059611535387
ZNF827,6,0,0,0.127833655854945,NA,NA,NA,0.145164793952724
ETV3,2,0,0,0.127833655854945,NA,NA,NA,0.145197115476216
NKIRAS1,13,0,0,0.128152984240869,NA,NA,NA,0.145488888989177
KHK,5,0,0,0.128389654148994,NA,NA,NA,0.145719597614281
ARFGAP2,7,0,0,0.128550588190006,NA,NA,NA,0.145864812008653
LONRF1,6,0,0,0.128888861425361,NA,NA,NA,0.146210189242524
HMGB2,14,0,0,0.129862933309333,NA,NA,NA,0.147123768355242
BBX,24,0,0,0.129855041563318,NA,NA,NA,0.147150473291147
KLHDC10,8,0,0,0.129855041563318,NA,NA,NA,0.147290724360296
NSMCE2,7,0,0,0.129855041563318,NA,NA,NA,0.147338404410222
DYNC1LI2,19,0,0,0.129855041563318,NA,NA,NA,0.14736685604497
RBMS2,26,0,0,0.129855041563318,NA,NA,NA,0.147372342583886
TRIM66,5,0,0,0.129855041563318,NA,NA,NA,0.147392550441297
MYDGF,8,0,0,0.129855041563318,NA,NA,NA,0.147532321254499
ASH2L,12,0,0,0.130269761859994,NA,NA,NA,0.147546597976757
BET1L,6,0,0,0.129855041563318,NA,NA,NA,0.147563529096193
LBR,12,0,0,0.130328846902983,NA,NA,NA,0.147577687482843
YARS2,18,0,0,0.129855041563318,NA,NA,NA,0.147754562207776
ANTXR2,11,0,0,0.129855041563318,NA,NA,NA,0.14785430218088
SRGAP3,12,0,0,0.129855041563318,NA,NA,NA,0.147857875574335
UBR5,8,0,0,0.130956835823348,NA,NA,NA,0.148143631145586
CFAP97,23,0,0,0.130956835823348,NA,NA,NA,0.148417849523439
COX7C,12,0,0,0.130956835823348,NA,NA,NA,0.148641896782799
LRRC28,13,0,0,0.130956835823348,NA,NA,NA,0.148748026810328
PIP5K1C,3,0,0,0.131716127493195,NA,NA,NA,0.149312307810569
MFSD9,9,0,0,0.131716127493195,NA,NA,NA,0.149331864122502
C1QTNF3,4,0,0,0.131716127493195,NA,NA,NA,0.149380444462542
BTG2,2,0,0,0.132816517437991,NA,NA,NA,0.150477953285754
DNTTIP2,12,0,0,0.132816517437991,NA,NA,NA,0.150518110369091
CNST,8,0,0,0.132816517437991,NA,NA,NA,0.150643478219108
BCL7C,10,0,0,0.132816517437991,NA,NA,NA,0.150737602881823
COQ7,20,0,0,0.133858068534102,NA,NA,NA,0.151579761140935
ATP5E,23,0,0,0.133947932112711,NA,NA,NA,0.151645341243078
PCDHB16,4,0,0,0.133858068534102,NA,NA,NA,0.151739162565069
TMEM170A,10,0,0,0.134148498020735,NA,NA,NA,0.151764900820929
CD63,6,0,0,0.134148498020735,NA,NA,NA,0.151807380531473
GUCD1,4,0,0,0.134148498020735,NA,NA,NA,0.151845648056395
FOS,8,0,0,0.134757385190204,NA,NA,NA,0.152414448717295
FAM212B,9,0,0,0.135304784022682,NA,NA,NA,0.152959419439874
LRP6,11,0,0,0.135304784022682,NA,NA,NA,0.15307961486066
ZC3H14,17,0,0,0.135621560729369,NA,NA,NA,0.153280260256747
CHST15,14,0,0,0.135778840759793,NA,NA,NA,0.153421883000347
HTT,5,0,0,0.136096920385722,NA,NA,NA,0.153639688722871
PHLDA1,27,0,0,0.13605713013339,NA,NA,NA,0.153699437880482
CTSV,9,0,0,0.136096920385722,NA,NA,NA,0.153709974917922
RAET1G,3,0,0,0.136096920385722,NA,NA,NA,0.153721138587872
BCL11A,4,0,0,0.136936035906734,NA,NA,NA,0.15434030354327
TGOLN2,20,0,0,0.136784515128436,NA,NA,NA,0.154341913498921
ROCK2,12,0,0,0.136784515128436,NA,NA,NA,0.154422551017778
RBMX2,3,0,0,0.137152787810321,NA,NA,NA,0.154549115774837
TRABD2B,2,0,0,0.136936035906734,NA,NA,NA,0.154583861520539
ZNF613,4,0,0,0.136936035906734,NA,NA,NA,0.154627321797519
CYCS,21,0,0,0.136936035906734,NA,NA,NA,0.154836270762995
PDPN,10,0,0,0.136936035906734,NA,NA,NA,0.155056774971752
DCLK1,12,0,0,0.137683417782362,NA,NA,NA,0.155109388693679
DYNLL2,23,0,0,0.137827550192662,NA,NA,NA,0.155410227719139
ARHGEF12,13,0,0,0.137827550192662,NA,NA,NA,0.155456689783759
PHLDA3,10,0,0,0.137827550192662,NA,NA,NA,0.155644598569727
C6orf62,34,0,0,0.137919861744637,NA,NA,NA,0.155705128605623
SPTSSA,8,0,0,0.139816844407241,NA,NA,NA,0.157675622525102
TSPYL1,17,0,0,0.139816844407241,NA,NA,NA,0.157898889407582
HSPA12A,10,0,0,0.139816844407241,NA,NA,NA,0.157902777224859
SRD5A3,8,0,0,0.139816844407241,NA,NA,NA,0.158075795955621
ARHGAP24,4,0,0,0.139816844407241,NA,NA,NA,0.158178690883153
ABL2,15,0,0,0.140294039325058,NA,NA,NA,0.158383443244938
PAQR5,10,0,0,0.140294039325058,NA,NA,NA,0.158548112512368
IL17RA,13,0,0,0.141208131082309,NA,NA,NA,0.159339274830318
ZNF440,3,0,0,0.141208131082309,NA,NA,NA,0.159603255172079
DCAF13,13,0,0,0.141884685412447,NA,NA,NA,0.160092218595349
EIF5B,28,0,0,0.141884685412447,NA,NA,NA,0.160166555854177
NDUFAF3,16,0,0,0.141884685412447,NA,NA,NA,0.160350492113415
DPY30,5,0,0,0.141884685412447,NA,NA,NA,0.160358573589488
THAP7,3,0,0,0.141884685412447,NA,NA,NA,0.160521913676472
CREBZF,20,0,0,0.143387410699679,NA,NA,NA,0.162025060801325
ZNF180,4,0,0,0.143387410699679,NA,NA,NA,0.162130943390417
PGK1,24,0,0,0.143611275840919,NA,NA,NA,0.162205972767665
APOOL,4,0,0,0.143611275840919,NA,NA,NA,0.162408593236446
TP53I11,5,0,0,0.144111608407176,NA,NA,NA,0.162732196529593
NCAPH2,5,0,0,0.144558675923659,NA,NA,NA,0.163198524162911
CPSF4,8,0,0,0.144664274820515,NA,NA,NA,0.163212118303167
FBXW2,13,0,0,0.144664274820515,NA,NA,NA,0.163269146415804
TIPIN,16,0,0,0.144664274820515,NA,NA,NA,0.163499587609383
SNRK,6,0,0,0.145017665247298,NA,NA,NA,0.163780957639716
ARNT2,4,0,0,0.145159565102339,NA,NA,NA,0.163939902486045
SEC22A,15,0,0,0.145245233272017,NA,NA,NA,0.163966016577756
REEP3,16,0,0,0.145312403192569,NA,NA,NA,0.164006490691192
XPO5,13,0,0,0.145245233272017,NA,NA,NA,0.164088322083243
NAA10,6,0,0,0.145460776706326,NA,NA,NA,0.164103397808953
CERS2,9,0,0,0.145460776706326,NA,NA,NA,0.164252136380774
CMBL,6,0,0,0.14698317625502,NA,NA,NA,0.165974889584893
HOOK3,18,0,0,0.147084471112868,NA,NA,NA,0.166095356066276
LUC7L3,9,0,0,0.149091382189179,NA,NA,NA,0.168274614385358
DSC2,25,0,0,0.149233875362046,NA,NA,NA,0.168398872258855
FRS2,14,0,0,0.149330967656383,NA,NA,NA,0.168472312170855
ARPC5L,6,0,0,0.149091382189179,NA,NA,NA,0.168523257970857
SNRPD1,18,0,0,0.151211182717859,NA,NA,NA,0.170542649513836
CSDE1,9,0,0,0.151916104267961,NA,NA,NA,0.171416385492718
GAPVD1,12,0,0,0.152393951062801,NA,NA,NA,0.171828912290828
HS6ST1,5,0,0,0.152393951062801,NA,NA,NA,0.171901908879186
CCDC68,4,0,0,0.152393951062801,NA,NA,NA,0.172007589899663
CYB5R3,7,0,0,0.152393951062801,NA,NA,NA,0.172061136949231
NDUFAF5,9,0,0,0.152393951062801,NA,NA,NA,0.172098104977677
PSMC5,2,0,0,0.152393951062801,NA,NA,NA,0.172205490566443
JRKL,6,0,0,0.152393951062801,NA,NA,NA,0.172215120330852
DNM2,6,0,0,0.152867904782035,NA,NA,NA,0.172337578015473
POP1,7,0,0,0.152867904782035,NA,NA,NA,0.172534201062929
CHORDC1,12,0,0,0.152926092759089,NA,NA,NA,0.172563686040876
TMEM184C,7,0,0,0.15319992436712,NA,NA,NA,0.172834734321019
PIAS2,22,0,0,0.154227859686636,NA,NA,NA,0.173949964428781
HTR7,5,0,0,0.154289451460554,NA,NA,NA,0.174428619207771
HIGD1A,13,0,0,0.154496363892903,NA,NA,NA,0.174599080281929
PYURF,5,0,0,0.154289451460554,NA,NA,NA,0.174710544898432
CNOT6L,8,0,0,0.154496363892903,NA,NA,NA,0.174761363101992
ZNF395,8,0,0,0.155899019911454,NA,NA,NA,0.176135717249554
IPO5,20,0,0,0.156026503598014,NA,NA,NA,0.176242273376172
SPRED1,18,0,0,0.156095102051712,NA,NA,NA,0.176246715080789
RILPL1,6,0,0,0.156095102051712,NA,NA,NA,0.176314173041901
MAP3K13,5,0,0,0.156928440577649,NA,NA,NA,0.177144121438457
KPNB1,15,0,0,0.157509668200324,NA,NA,NA,0.177758849078476
ARHGAP18,18,0,0,0.157669353386624,NA,NA,NA,0.177901444637327
ANO7,9,0,0,0.158599540972725,NA,NA,NA,0.178906451385686
RAB2A,20,0,0,0.15889314629262,NA,NA,NA,0.179447413695441
MRPS10,18,0,0,0.159125500755658,NA,NA,NA,0.179634591598186
CDH11,4,0,0,0.159216464868662,NA,NA,NA,0.179663699237556
CPNE3,12,0,0,0.159196382031423,NA,NA,NA,0.179677541555266
SLC25A15,10,0,0,0.159125500755658,NA,NA,NA,0.179712655429058
LOC100287896,5,0,0,0.159632337637558,NA,NA,NA,0.180056719648984
IER5,10,0,0,0.159632337637558,NA,NA,NA,0.180303006746546
MRPS18A,9,0,0,0.160038700396022,NA,NA,NA,0.180475213622136
EPGN,31,0,0,0.160827389886008,NA,NA,NA,0.181285019506645
EIF2B2,5,0,0,0.160807627556505,NA,NA,NA,0.181299086295275
CCDC50,25,0,0,0.161407437400847,NA,NA,NA,0.181897362189621
WDR26,13,0,0,0.161443648516515,NA,NA,NA,0.181958005862784
ATRAID,2,0,0,0.161443648516515,NA,NA,NA,0.182185956226182
CUL2,9,0,0,0.161443648516515,NA,NA,NA,0.182279466578548
SF3A3,6,0,0,0.161601876068099,NA,NA,NA,0.182420511938311
SNAP29,17,0,0,0.161443648516515,NA,NA,NA,0.182474951380578
PTTG1IP,11,0,0,0.161737973641992,NA,NA,NA,0.182536817263835
COPS7B,6,0,0,0.161443648516515,NA,NA,NA,0.182571562703248
RBM12,17,0,0,0.161443648516515,NA,NA,NA,0.182698066751987
ZNF490,11,0,0,0.161443648516515,NA,NA,NA,0.182726925280772
WDR18,4,0,0,0.161443648516515,NA,NA,NA,0.182776274484313
PLAC8,8,0,0,0.161443648516515,NA,NA,NA,0.182861594977021
SLC2A4RG,7,0,0,0.161443648516515,NA,NA,NA,0.182916483157396
EIF4B,9,0,0,0.161443648516515,NA,NA,NA,0.183049502581522
C11orf74,2,0,0,0.162562407068855,NA,NA,NA,0.183508811827023
C5orf42,7,0,0,0.162562407068855,NA,NA,NA,0.184105155610643
HP1BP3,15,0,0,0.162752629897888,NA,NA,NA,0.184282017874023
FAM118B,10,0,0,0.162562407068855,NA,NA,NA,0.184290491137687
SNN,8,0,0,0.162562407068855,NA,NA,NA,0.184295370584566
IRF2BP2,19,0,0,0.162562407068855,NA,NA,NA,0.184342785382462
MYH15,4,0,0,0.162562407068855,NA,NA,NA,0.184472973123605
RPS29,7,0,0,0.162562407068855,NA,NA,NA,0.184473371661368
VAMP3,11,0,0,0.162562407068855,NA,NA,NA,0.184753262709425
BRWD3,17,0,0,0.162562407068855,NA,NA,NA,0.184946079207558
ZSCAN22,3,0,0,0.164888480739949,NA,NA,NA,0.186642427965534
UBXN2A,17,0,0,0.164952766973104,NA,NA,NA,0.186677521347255
FAM102B,3,0,0,0.165635174566523,NA,NA,NA,0.18725865243739
BACE2,11,0,0,0.165635174566523,NA,NA,NA,0.187372003421688
STT3A,10,0,0,0.165635174566523,NA,NA,NA,0.187464274916997
GPC4,8,0,0,0.165635174566523,NA,NA,NA,0.187534157086556
CEP135,7,0,0,0.165635174566523,NA,NA,NA,0.187594781887359
PLAGL1,3,0,0,0.16677777536635,NA,NA,NA,0.188465479066153
WDR73,16,0,0,0.16677777536635,NA,NA,NA,0.188744875942559
HOXA10,3,0,0,0.167402785742402,NA,NA,NA,0.189262705229205
UBE4A,6,0,0,0.167419618807368,NA,NA,NA,0.189281495374224
ZXDA,10,0,0,0.167402785742402,NA,NA,NA,0.18929946861272
TRIQK,9,0,0,0.167402785742402,NA,NA,NA,0.189425122657484
ZNF519,3,0,0,0.168212055122549,NA,NA,NA,0.190132471655252
BTRC,7,0,0,0.168338895025264,NA,NA,NA,0.190200970069741
MCF2,2,0,0,0.168538377275296,NA,NA,NA,0.190314584392298
PKMYT1,5,0,0,0.168538377275296,NA,NA,NA,0.190363393550965
GLRX3,10,0,0,0.168338895025264,NA,NA,NA,0.190367991167166
WNT5B,4,0,0,0.168525381518001,NA,NA,NA,0.190373097727066
KIF5B,20,0,0,0.168885103367152,NA,NA,NA,0.190666106732956
SLC9A7,19,0,0,0.169295120511564,NA,NA,NA,0.19108834705475
ARHGAP31,11,0,0,0.169620684061193,NA,NA,NA,0.191649612595612
LMLN,7,0,0,0.170399889760013,NA,NA,NA,0.192458267222482
ARL5B,11,0,0,0.170399889760013,NA,NA,NA,0.192737743699874
INPP5F,2,0,0,0.171013857608105,NA,NA,NA,0.193071816967316
C3orf33,2,0,0,0.171013857608105,NA,NA,NA,0.193331664235971
GGCX,20,0,0,0.172180432359621,NA,NA,NA,0.194718094489765
AKR7L,3,0,0,0.172180432359621,NA,NA,NA,0.194764093898785
FAM220A,2,0,0,0.172448081717052,NA,NA,NA,0.19490653767766
KCND1,2,0,0,0.1724294037923,NA,NA,NA,0.194959778058032
ATP6AP1,6,0,0,0.172448081717052,NA,NA,NA,0.195029669824262
PJA2,12,0,0,0.172180432359621,NA,NA,NA,0.195036205361517
U2SURP,11,0,0,0.172180432359621,NA,NA,NA,0.195214985045527
PCGF5,10,0,0,0.174557951637048,NA,NA,NA,0.197082369296676
SNAP23,12,0,0,0.174557951637048,NA,NA,NA,0.197235222444342
P3H2,6,0,0,0.174557951637048,NA,NA,NA,0.197433104702147
NCOA7,8,0,0,0.174557951637048,NA,NA,NA,0.197524864557464
CAAP1,16,0,0,0.175054710320924,NA,NA,NA,0.197600804365519
ATP5G3,11,0,0,0.174557951637048,NA,NA,NA,0.197611426903467
KIAA0586,9,0,0,0.175284684216535,NA,NA,NA,0.197784057195603
RANBP1,6,0,0,0.175284684216535,NA,NA,NA,0.197831464402945
FRYL,8,0,0,0.175537065571216,NA,NA,NA,0.198029246558199
CUL4B,12,0,0,0.175650191454439,NA,NA,NA,0.198082227025455
NFE2L2,19,0,0,0.175650191454439,NA,NA,NA,0.198212606987732
TCN2,2,0,0,0.175980760481791,NA,NA,NA,0.198439001680432
PROSER3,11,0,0,0.175980760481791,NA,NA,NA,0.198500266153541
MBOAT1,4,0,0,0.175980760481791,NA,NA,NA,0.198537371909987
COX6C,13,0,0,0.175980760481791,NA,NA,NA,0.198592095586203
TANGO2,2,0,0,0.175980760481791,NA,NA,NA,0.198692809686066
JRK,5,0,0,0.175980760481791,NA,NA,NA,0.198718780422498
SLC19A2,6,0,0,0.175980760481791,NA,NA,NA,0.198864793298574
TSEN54,2,0,0,0.177018732618836,NA,NA,NA,0.199561299232392
SNAPIN,7,0,0,0.177278886964137,NA,NA,NA,0.199815182223402
GABPB1,8,0,0,0.178256040982765,NA,NA,NA,0.200868923797925
RPL13,32,0,0,0.179345842688202,NA,NA,NA,0.202154137420038
MYO10,10,0,0,0.179345842688202,NA,NA,NA,0.202239944350133
RFX2,5,0,0,0.179345842688202,NA,NA,NA,0.202278725321647
MRPS28,5,0,0,0.179345842688202,NA,NA,NA,0.202376231948489
FZD3,22,0,0,0.179345842688202,NA,NA,NA,0.202426864922517
NME5,4,0,0,0.179345842688202,NA,NA,NA,0.202472381681038
VCPIP1,13,0,0,0.179345842688202,NA,NA,NA,0.202601006226801
EAF1,5,0,0,0.179345842688202,NA,NA,NA,0.202602524041177
IRF5,2,0,0,0.179458065152118,NA,NA,NA,0.202815017163458
C1GALT1,12,0,0,0.179638064957999,NA,NA,NA,0.202979140651725
ARID3A,11,0,0,0.179458065152118,NA,NA,NA,0.203087632834968
NDUFB6,7,0,0,0.180043294122262,NA,NA,NA,0.203218321431741
EBPL,5,0,0,0.180043294122262,NA,NA,NA,0.203367796370999
QSOX1,11,0,0,0.180043294122262,NA,NA,NA,0.203431991742604
CHMP5,12,0,0,0.180043294122262,NA,NA,NA,0.203507267611486
TACC2,4,0,0,0.180043294122262,NA,NA,NA,0.203525275957649
TOR1B,9,0,0,0.180043294122262,NA,NA,NA,0.203639646436642
SCD,15,0,0,0.180402867009335,NA,NA,NA,0.204282776714742
IFT122,2,0,0,0.181164012642648,NA,NA,NA,0.205353884384163
SUMF2,6,0,0,0.18140053849405,NA,NA,NA,0.20558109062374
MPLKIP,13,0,0,0.182060509673624,NA,NA,NA,0.206486445522197
CCDC43,7,0,0,0.182047283649493,NA,NA,NA,0.206494724784183
NAA35,15,0,0,0.182339492769525,NA,NA,NA,0.206761165007767
PDS5A,19,0,0,0.182464943551043,NA,NA,NA,0.206863645647534
ZNF586,7,0,0,0.182757581906287,NA,NA,NA,0.207176115839183
MPDU1,10,0,0,0.182757581906287,NA,NA,NA,0.207291099303814
DNAJC2,14,0,0,0.182757581906287,NA,NA,NA,0.207661898933236
TXNDC15,15,0,0,0.182757581906287,NA,NA,NA,0.207760708814832
ZNF721,8,0,0,0.183064078046487,NA,NA,NA,0.208027687625153
SLC25A17,11,0,0,0.183064078046487,NA,NA,NA,0.208268625622882
TRIB3,3,0,0,0.183071341469369,NA,NA,NA,0.208437476062894
ERCC6,25,0,0,0.183071341469369,NA,NA,NA,0.208670650845631
PTP4A1,25,0,0,0.183437809642982,NA,NA,NA,0.208771798388781
TAGLN2,4,0,0,0.183437809642982,NA,NA,NA,0.208926751228283
ARGLU1,10,0,0,0.184537471470685,NA,NA,NA,0.210210639701882
GJA3,3,0,0,0.185903926353233,NA,NA,NA,0.211951860825562
VIRMA,5,0,0,0.187225305841642,NA,NA,NA,0.213401167276261
ARNTL2,20,0,0,0.187566255185829,NA,NA,NA,0.213745091385584
CD2AP,15,0,0,0.187631803505467,NA,NA,NA,0.21377870420814
FAM169A,6,0,0,0.188476721237573,NA,NA,NA,0.214690142891867
USP25,10,0,0,0.188559939770347,NA,NA,NA,0.21474360825527
OAZ2,7,0,0,0.189842762826368,NA,NA,NA,0.216147447214207
SNX33,4,0,0,0.190101991234793,NA,NA,NA,0.216358515214465
SRF,4,0,0,0.190101991234793,NA,NA,NA,0.216470733210354
CPE,7,0,0,0.190549703051158,NA,NA,NA,0.216781702646133
TRAF3IP1,8,0,0,0.190549703051158,NA,NA,NA,0.217040681214139
WIPF2,14,0,0,0.191249964354564,NA,NA,NA,0.217528893912188
CCT6A,13,0,0,0.19184595142198,NA,NA,NA,0.218118414504824
RC3H1,11,0,0,0.191832096952145,NA,NA,NA,0.218143037179801
RAN,15,0,0,0.191904738106304,NA,NA,NA,0.218144364905108
RPL37A,24,0,0,0.192682509754117,NA,NA,NA,0.218937870882311
PARP8,7,0,0,0.192682509754117,NA,NA,NA,0.219119118057521
TMEM203,5,0,0,0.193072752872094,NA,NA,NA,0.219336006191379
CHID1,10,0,0,0.19380656315141,NA,NA,NA,0.220173664952071
NET1,11,0,0,0.194162550393898,NA,NA,NA,0.220724963392828
INSR,11,0,0,0.195600342529035,NA,NA,NA,0.222546585470715
SLF1,18,0,0,0.195689006030292,NA,NA,NA,0.222564534986355
ANXA2R,2,0,0,0.195689006030292,NA,NA,NA,0.222672256157086
REV3L,5,0,0,0.195802794410353,NA,NA,NA,0.22281144501098
PLXNA2,5,0,0,0.195802794410353,NA,NA,NA,0.222857297913308
ABRACL,5,0,0,0.198585828892991,NA,NA,NA,0.226443352766544
SCAF1,2,0,0,0.199017205695626,NA,NA,NA,0.22688706124936
ZNF512B,6,0,0,0.199187918615223,NA,NA,NA,0.227244343995406
SH3KBP1,7,0,0,0.199176277566128,NA,NA,NA,0.227273519303408
GABPA,6,0,0,0.200553396165201,NA,NA,NA,0.229155113108997
TNPO3,7,0,0,0.200536149203307,NA,NA,NA,0.229221647075074
LAMP1,14,0,0,0.200553396165201,NA,NA,NA,0.229394276786406
SH3GL1,2,0,0,0.202429677998885,NA,NA,NA,0.231983737925924
MTF2,12,0,0,0.20280277719874,NA,NA,NA,0.232753432572211
STRIP2,9,0,0,0.20280277719874,NA,NA,NA,0.232820468634017
FAM13A,7,0,0,0.203009268588481,NA,NA,NA,0.233261160589113
NUDCD1,9,0,0,0.203411835859442,NA,NA,NA,0.233879025214412
ARL8B,18,0,0,0.203411835859442,NA,NA,NA,0.23392100083854
EXOSC4,4,0,0,0.20471015282728,NA,NA,NA,0.235307010132081
YAF2,14,0,0,0.205229264234405,NA,NA,NA,0.236011950092417
MCC,6,0,0,0.205229264234405,NA,NA,NA,0.236151784806437
PPFIA1,15,0,0,0.205229264234405,NA,NA,NA,0.236307668617016
ARF1,9,0,0,0.205598792198076,NA,NA,NA,0.236385783877605
RREB1,7,0,0,0.205679505486095,NA,NA,NA,0.236431894017843
SLC39A8,4,0,0,0.205911140136982,NA,NA,NA,0.236513622245791
GCH1,4,0,0,0.20594641307199,NA,NA,NA,0.236519249966694
PRRG4,10,0,0,0.205881663278726,NA,NA,NA,0.236615813686038
ANP32B,10,0,0,0.20594641307199,NA,NA,NA,0.236714060834345
ACTR8,23,0,0,0.205911140136982,NA,NA,NA,0.236807495732509
NOD1,4,0,0,0.206116399493785,NA,NA,NA,0.236861703518427
ATP6V1A,9,0,0,0.205911140136982,NA,NA,NA,0.236983961593566
NPC1,17,0,0,0.207047013600355,NA,NA,NA,0.23782647717611
CCDC93,6,0,0,0.207031728458553,NA,NA,NA,0.237854308095835
NFE2L1,19,0,0,0.207313911302469,NA,NA,NA,0.238083842985397
OTULIN,15,0,0,0.207525184576868,NA,NA,NA,0.23809897722607
GNPDA1,7,0,0,0.207525184576868,NA,NA,NA,0.238168573999002
TMEM161B,6,0,0,0.207525184576868,NA,NA,NA,0.238324797940776
AHCY,16,0,0,0.207525184576868,NA,NA,NA,0.238385296089487
ADGRE2,9,0,0,0.207525184576868,NA,NA,NA,0.238558754622889
RRP7A,19,0,0,0.207960534717194,NA,NA,NA,0.23875179148113
TRMT10A,9,0,0,0.207956745858863,NA,NA,NA,0.238792349920477
KLF3,20,0,0,0.208273661968544,NA,NA,NA,0.238972264910702
FBXO30,7,0,0,0.208273661968544,NA,NA,NA,0.239071887436406
RBM23,12,0,0,0.208273661968544,NA,NA,NA,0.239216099597279
EPG5,11,0,0,0.208540998262797,NA,NA,NA,0.239230261018806
SGO1,8,0,0,0.209646799983709,NA,NA,NA,0.24039209111907
GEMIN5,11,0,0,0.209646799983709,NA,NA,NA,0.240539384329908
CRNKL1,26,0,0,0.209980145154332,NA,NA,NA,0.240724479192717
RHEB,5,0,0,0.2108158142334,NA,NA,NA,0.241624596947483
FAM214A,3,0,0,0.213008579266009,NA,NA,NA,0.244309896456514
GLOD4,10,0,0,0.213609647841937,NA,NA,NA,0.245228756238947
PSMA4,14,0,0,0.214807453380526,NA,NA,NA,0.246667948343342
SOCS6,9,0,0,0.214807453380526,NA,NA,NA,0.246820129649673
DNPEP,14,0,0,0.214807453380526,NA,NA,NA,0.246968196142453
FNDC3B,15,0,0,0.215920803575869,NA,NA,NA,0.247835976169522
CLIC4,22,0,0,0.215920803575869,NA,NA,NA,0.247961621260442
KIRREL1,8,0,0,0.218218394109448,NA,NA,NA,0.250388597114763
WDPCP,3,0,0,0.218280435048121,NA,NA,NA,0.250412373214491
HEATR1,26,0,0,0.21854232148231,NA,NA,NA,0.25066211817085
SERBP1,42,0,0,0.219356706015179,NA,NA,NA,0.251815137229214
TMEM107,13,0,0,0.219337348111612,NA,NA,NA,0.25188638851449
SEC62,16,0,0,0.219325707814201,NA,NA,NA,0.251903011932953
NKTR,10,0,0,0.219325707814201,NA,NA,NA,0.251919943877581
HDGFL3,30,0,0,0.219356706015179,NA,NA,NA,0.251969238410899
RUNDC1,18,0,0,0.219325707814201,NA,NA,NA,0.252131526795949
TRAF3,9,0,0,0.220353247287786,NA,NA,NA,0.252802628790783
EEF1AKMT2,27,0,0,0.220353247287786,NA,NA,NA,0.252903150255253
SH3D19,18,0,0,0.220353247287786,NA,NA,NA,0.253198826028877
ZNF362,7,0,0,0.220980954771712,NA,NA,NA,0.253280717830006
USP28,2,0,0,0.221195967367912,NA,NA,NA,0.253294405503614
TNFSF14,3,0,0,0.220980954771712,NA,NA,NA,0.25337343447477
YWHAG,14,0,0,0.220980954771712,NA,NA,NA,0.253409138917627
ZNF699,3,0,0,0.220980954771712,NA,NA,NA,0.253539451462262
LIAS,4,0,0,0.220980954771712,NA,NA,NA,0.253553375926736
MGA,17,0,0,0.221195967367912,NA,NA,NA,0.253567886493045
HDAC2,13,0,0,0.221195967367912,NA,NA,NA,0.253721958515423
MAN1A2,15,0,0,0.221195967367912,NA,NA,NA,0.253870464909185
PIGK,14,0,0,0.221195967367912,NA,NA,NA,0.25396442988381
LPAR3,4,0,0,0.222038170252836,NA,NA,NA,0.254705655159767
HNRNPU,44,0,0,0.222038170252836,NA,NA,NA,0.254994588926601
MFAP1,12,0,0,0.222038170252836,NA,NA,NA,0.25513779868225
KIF3A,15,0,0,0.222163992704027,NA,NA,NA,0.255187386392111
MANF,6,0,0,0.222163992704027,NA,NA,NA,0.255293638234586
BCAS3,2,0,0,0.222038170252836,NA,NA,NA,0.255380640223082
SLC25A27,5,0,0,0.222038170252836,NA,NA,NA,0.255387160216787
PAXBP1,9,0,0,0.222038170252836,NA,NA,NA,0.255492927397136
TSPAN5,4,0,0,0.222038170252836,NA,NA,NA,0.255741804109558
CLU,4,0,0,0.222038170252836,NA,NA,NA,0.255893562427863
NFYA,10,0,0,0.222636245778012,NA,NA,NA,0.255926172861758
LPAR2,5,0,0,0.223485605926171,NA,NA,NA,0.257031152680372
MIS18BP1,6,0,0,0.223603955382892,NA,NA,NA,0.257119481363114
NIPAL3,16,0,0,0.223453482009007,NA,NA,NA,0.257148528443058
AKAP6,7,0,0,0.223453482009007,NA,NA,NA,0.257189739504948
GDF11,16,0,0,0.223603955382892,NA,NA,NA,0.257204874004678
LANCL2,6,0,0,0.223721874598564,NA,NA,NA,0.257206666685565
MRPL35,7,0,0,0.223485605926171,NA,NA,NA,0.257280746456828
DUT,10,0,0,0.223453482009007,NA,NA,NA,0.257288348775726
CAD,5,0,0,0.223485605926171,NA,NA,NA,0.257332941086419
ZNF217,6,0,0,0.223485605926171,NA,NA,NA,0.257383848340474
ARL5A,28,0,0,0.223485605926171,NA,NA,NA,0.257444390425101
SLC29A2,3,0,0,0.223485605926171,NA,NA,NA,0.25746907902948
FOXP1,16,0,0,0.223485605926171,NA,NA,NA,0.257530252198331
HNRNPAB,10,0,0,0.223485605926171,NA,NA,NA,0.257627177130778
ZFAND5,22,0,0,0.223485605926171,NA,NA,NA,0.257724628030678
LIMCH1,9,0,0,0.224490294036108,NA,NA,NA,0.258029824764966
COL4A5,9,0,0,0.225795236776869,NA,NA,NA,0.259459397433794
NUDT5,15,0,0,0.22640992370072,NA,NA,NA,0.260107905564664
FH,5,0,0,0.226753017433049,NA,NA,NA,0.260449217540869
CYP27B1,3,0,0,0.227129105252394,NA,NA,NA,0.261324008464697
TRA2B,19,0,0,0.227471384351785,NA,NA,NA,0.261667917050977
ZNF207,32,0,0,0.227639002862165,NA,NA,NA,0.262013202143071
PTDSS1,7,0,0,0.227639002862165,NA,NA,NA,0.262294604843662
L1CAM,5,0,0,0.228295760071423,NA,NA,NA,0.262709616173587
MYH9,15,0,0,0.229784792268992,NA,NA,NA,0.264173145132351
TCP11L1,8,0,0,0.229651384346245,NA,NA,NA,0.264257692240019
CTTNBP2NL,17,0,0,0.229737127818487,NA,NA,NA,0.264307444990275
SIK2,15,0,0,0.229651384346245,NA,NA,NA,0.264327449772956
IDE,22,0,0,0.229784792268992,NA,NA,NA,0.26433258357769
MRM3,6,0,0,0.229651384346245,NA,NA,NA,0.264410000580783
VIM,9,0,0,0.229651384346245,NA,NA,NA,0.264459154557038
LSG1,7,0,0,0.229784792268992,NA,NA,NA,0.264465190933195
STAMBPL1,4,0,0,0.229784792268992,NA,NA,NA,0.264555319651433
TTC13,9,0,0,0.229651384346245,NA,NA,NA,0.264664943710905
LYPD5,5,0,0,0.230194484769797,NA,NA,NA,0.264791145561158
HARBI1,9,0,0,0.230194484769797,NA,NA,NA,0.264887822813577
LDLRAD4,5,0,0,0.230370659934829,NA,NA,NA,0.26494340601789
ALDH3A2,15,0,0,0.230391249837556,NA,NA,NA,0.264991656445733
UQCRQ,6,0,0,0.230391249837556,NA,NA,NA,0.265245515971016
DBN1,7,0,0,0.230731933079157,NA,NA,NA,0.265318389874812
TRMT44,6,0,0,0.230716088244623,NA,NA,NA,0.265441208159285
CALML4,14,0,0,0.230731933079157,NA,NA,NA,0.265562018327885
NFIX,8,0,0,0.230731933079157,NA,NA,NA,0.265594289068813
GDI2,16,0,0,0.231518741224764,NA,NA,NA,0.266408646791765
PKM,2,0,0,0.231630706923859,NA,NA,NA,0.266441208545736
TPR,12,0,0,0.231630706923859,NA,NA,NA,0.266726068696688
ZDHHC16,11,0,0,0.232262889568443,NA,NA,NA,0.267062114576101
TAPT1,7,0,0,0.232262889568443,NA,NA,NA,0.267135960959309
USP10,4,0,0,0.232269122261041,NA,NA,NA,0.267167929643639
PDK2,5,0,0,0.232269122261041,NA,NA,NA,0.26722219599004
L3HYPDH,10,0,0,0.232802841237039,NA,NA,NA,0.268454694745149
TRAK2,10,0,0,0.232802841237039,NA,NA,NA,0.268686007972051
PUS7L,19,0,0,0.232802841237039,NA,NA,NA,0.268800536570512
NPEPPS,10,0,0,0.233598054702345,NA,NA,NA,0.269771060528671
RPL27A,22,0,0,0.234458959593907,NA,NA,NA,0.270902699995478
GLG1,7,0,0,0.234458959593907,NA,NA,NA,0.271123969056916
SELENOH,3,0,0,0.234458959593907,NA,NA,NA,0.27117794824549
DCLRE1B,7,0,0,0.234458959593907,NA,NA,NA,0.271211348247759
ITGAV,17,0,0,0.234458959593907,NA,NA,NA,0.271303873846841
DENND6A,4,0,0,0.234458959593907,NA,NA,NA,0.271388305182054
ZDHHC2,27,0,0,0.234458959593907,NA,NA,NA,0.27165342974789
LAMA1,3,0,0,0.235038891324548,NA,NA,NA,0.271710129499624
ACOT2,2,0,0,0.235249770142759,NA,NA,NA,0.271901079808469
CHDH,5,0,0,0.235038891324548,NA,NA,NA,0.271959765218216
CXorf38,2,0,0,0.235893887281088,NA,NA,NA,0.272781198818456
BMPR1A,15,0,0,0.236159421132197,NA,NA,NA,0.272987867865815
KAT7,15,0,0,0.235893887281088,NA,NA,NA,0.273066815564256
FOXL1,7,0,0,0.236271614455397,NA,NA,NA,0.27306688694629
DNAJC27,4,0,0,0.236146964568348,NA,NA,NA,0.273070686399698
ZHX1-C8orf76,5,0,0,0.236159421132197,NA,NA,NA,0.273158317340208
ABHD18,4,0,0,0.236146964568348,NA,NA,NA,0.273170874612075
SCAF4,6,0,0,0.236146964568348,NA,NA,NA,0.273234885281389
FRS3,3,0,0,0.236146964568348,NA,NA,NA,0.273301337850539
TTC30B,10,0,0,0.236146964568348,NA,NA,NA,0.273372988524798
HEBP2,13,0,0,0.236764044972546,NA,NA,NA,0.27357747856565
SLC22A23,5,0,0,0.236775795359944,NA,NA,NA,0.27359382905239
DAP3,5,0,0,0.23721886470936,NA,NA,NA,0.274241128901575
RCC1,16,0,0,0.23749135368095,NA,NA,NA,0.274990305939681
NUMBL,6,0,0,0.240244763840504,NA,NA,NA,0.279006706150394
OVCA2,6,0,0,0.240244763840504,NA,NA,NA,0.279016045738306
FBXO25,9,0,0,0.241160211285786,NA,NA,NA,0.279999664969385
MTRF1L,8,0,0,0.241292334813023,NA,NA,NA,0.280049165855162
BBS12,3,0,0,0.241292334813023,NA,NA,NA,0.280119986412749
ZNF595,3,0,0,0.241412485511677,NA,NA,NA,0.280135625957642
RAB11A,19,0,0,0.241837788246132,NA,NA,NA,0.280519293665648
C1orf112,10,0,0,0.241868733651816,NA,NA,NA,0.280598593865725
GLUL,16,0,0,0.241868733651816,NA,NA,NA,0.280599431181166
PML,3,0,0,0.241837788246132,NA,NA,NA,0.280800241662669
ARL4A,10,0,0,0.241868733651816,NA,NA,NA,0.280819268155103
PAICS,20,0,0,0.241868733651816,NA,NA,NA,0.28088883786385
NAMPT,11,0,0,0.24240791925419,NA,NA,NA,0.281112949352793
CCNL1,5,0,0,0.24240791925419,NA,NA,NA,0.281347769510365
BIRC3,4,0,0,0.244854165116842,NA,NA,NA,0.284093027996551
TMEM189,5,0,0,0.245003723993671,NA,NA,NA,0.284218482002808
CDC27,25,0,0,0.245191423331574,NA,NA,NA,0.284622504238582
TANC2,10,0,0,0.245593481219054,NA,NA,NA,0.284978501892689
SPACA6,5,0,0,0.245593481219054,NA,NA,NA,0.285253218332616
ZNF577,2,0,0,0.246165837037988,NA,NA,NA,0.285724259182416
HS3ST3B1,4,0,0,0.246165837037988,NA,NA,NA,0.28579892963633
ZRANB2,13,0,0,0.246165837037988,NA,NA,NA,0.28596331477356
OS9,12,0,0,0.247864362264002,NA,NA,NA,0.287854551720042
SEC61A1,10,0,0,0.248329680870358,NA,NA,NA,0.287975021998154
FMO4,3,0,0,0.248018890788711,NA,NA,NA,0.287979087476713
PGM2,23,0,0,0.248079535461528,NA,NA,NA,0.287996768840099
MARCH3,4,0,0,0.248329680870358,NA,NA,NA,0.28825465548979
MDM2,25,0,0,0.248329680870358,NA,NA,NA,0.288425556842091
ORC1,8,0,0,0.248329680870358,NA,NA,NA,0.288455765698756
ERO1B,13,0,0,0.248329680870358,NA,NA,NA,0.288464996322477
PSTPIP2,6,0,0,0.248329680870358,NA,NA,NA,0.288719060333173
TOMM7,5,0,0,0.249250669812238,NA,NA,NA,0.288971219918624
PTCD2,20,0,0,0.250088991462402,NA,NA,NA,0.290357941238004
NOTCH2,10,0,0,0.250088991462402,NA,NA,NA,0.290430796296445
AMOTL2,8,0,0,0.250088991462402,NA,NA,NA,0.290450927368491
ECHDC1,10,0,0,0.250201320188923,NA,NA,NA,0.29057779085341
PHKB,14,0,0,0.250088991462402,NA,NA,NA,0.290596231521048
AVEN,9,0,0,0.250088991462402,NA,NA,NA,0.290689056149954
NBR1,7,0,0,0.250201320188923,NA,NA,NA,0.290764126025528
HOXC11,4,0,0,0.250088991462402,NA,NA,NA,0.290800371581929
XPO4,18,0,0,0.250201320188923,NA,NA,NA,0.290842351791317
HIPK3,9,0,0,0.250649275062797,NA,NA,NA,0.291282033200647
ZNF583,6,0,0,0.251053558093063,NA,NA,NA,0.291434389490554
MRPL33,5,0,0,0.250942763844666,NA,NA,NA,0.291461892644007
P4HA1,13,0,0,0.251036460657799,NA,NA,NA,0.291466044972403
DCTN6,17,0,0,0.251036460657799,NA,NA,NA,0.291643386928019
PTCH1,6,0,0,0.250942763844666,NA,NA,NA,0.291730706960739
CDK17,19,0,0,0.250942763844666,NA,NA,NA,0.291914756542287
STK4,13,0,0,0.252261785105409,NA,NA,NA,0.293002792519149
GRINA,2,0,0,0.253635732996566,NA,NA,NA,0.294750193178802
MAP9,12,0,0,0.253635732996566,NA,NA,NA,0.294905354324576
FZD5,11,0,0,0.253635732996566,NA,NA,NA,0.294940966153525
ASPH,8,0,0,0.25438080945344,NA,NA,NA,0.295841347917316
BMP2,8,0,0,0.254428467311656,NA,NA,NA,0.29584352792415
PRSS12,7,0,0,0.25438080945344,NA,NA,NA,0.295900010001346
ZNF284,6,0,0,0.25438080945344,NA,NA,NA,0.295960225690998
SHROOM2,7,0,0,0.254761020037231,NA,NA,NA,0.296311402788348
ALPK1,3,0,0,0.254743801390923,NA,NA,NA,0.296396174604539
AGFG1,26,0,0,0.254761020037231,NA,NA,NA,0.296568020965722
ANXA11,20,0,0,0.255073060016333,NA,NA,NA,0.296771346669845
RYBP,12,0,0,0.25583188155528,NA,NA,NA,0.298057728994474
CAVIN2,3,0,0,0.25583188155528,NA,NA,NA,0.298089857068741
PLEKHG3,9,0,0,0.25583188155528,NA,NA,NA,0.298133052074952
MLH1,6,0,0,0.256064882836928,NA,NA,NA,0.298270812872989
OMA1,3,0,0,0.257703195261326,NA,NA,NA,0.300332367482866
NOL9,7,0,0,0.258837834234601,NA,NA,NA,0.301573382061446
RSBN1,7,0,0,0.258957809853849,NA,NA,NA,0.30160366634366
MMAB,9,0,0,0.258957809853849,NA,NA,NA,0.30170793709907
C1orf116,9,0,0,0.25923565798636,NA,NA,NA,0.301867222394231
DYNC2H1,5,0,0,0.260021606540812,NA,NA,NA,0.302956765865711
COG3,4,0,0,0.260571396566178,NA,NA,NA,0.303370064210309
EXOC5,25,0,0,0.260571396566178,NA,NA,NA,0.30361477497319
RAD52,14,0,0,0.260857841535548,NA,NA,NA,0.303643183810772
RITA1,9,0,0,0.260571396566178,NA,NA,NA,0.303660241089722
MRPL57,10,0,0,0.260928578815148,NA,NA,NA,0.30367061646416
TOMM6,10,0,0,0.260571396566178,NA,NA,NA,0.303672539039328
PICALM,14,0,0,0.261630140794533,NA,NA,NA,0.304609719788332
PKP4,10,0,0,0.261630140794533,NA,NA,NA,0.304738290287165
PTPRD,3,0,0,0.262642002408878,NA,NA,NA,0.305753315439609
EXOC6B,5,0,0,0.262642002408878,NA,NA,NA,0.305902310911402
STK39,8,0,0,0.263137900843573,NA,NA,NA,0.306306660713243
UPRT,7,0,0,0.263137900843573,NA,NA,NA,0.306506490618409
SLC31A2,5,0,0,0.263191050457676,NA,NA,NA,0.306684853256433
NEK4,7,0,0,0.263191050457676,NA,NA,NA,0.306745914200339
C3orf38,11,0,0,0.263191050457676,NA,NA,NA,0.306762580929166
METTL14,12,0,0,0.263137900843573,NA,NA,NA,0.306797960047077
GOLGA3,10,0,0,0.263191050457676,NA,NA,NA,0.306914984718094
GPC6,12,0,0,0.263396858047575,NA,NA,NA,0.307072108420466
SLC35F2,3,0,0,0.263853060217531,NA,NA,NA,0.307377676345225
ASAH1,9,0,0,0.263853060217531,NA,NA,NA,0.307439750096424
RNF215,2,0,0,0.263793397054333,NA,NA,NA,0.307470446420354
WSB2,23,0,0,0.263853060217531,NA,NA,NA,0.307560912024838
SMIM14,16,0,0,0.26443775896759,NA,NA,NA,0.307990208417902
NNMT,6,0,0,0.26456129876043,NA,NA,NA,0.308322546793544
RABL3,16,0,0,0.265220853875784,NA,NA,NA,0.309020325782131
GPR135,14,0,0,0.266582765712457,NA,NA,NA,0.31046378295383
GATAD2A,5,0,0,0.266582765712457,NA,NA,NA,0.310534426141373
PTBP1,11,0,0,0.26673220609702,NA,NA,NA,0.310580112854849
HAUS5,8,0,0,0.267437001962578,NA,NA,NA,0.311274659718533
STK17A,26,0,0,0.267437001962578,NA,NA,NA,0.311558715782034
MBTPS1,3,0,0,0.267530855233279,NA,NA,NA,0.311794349033175
TXLNG,10,0,0,0.267530855233279,NA,NA,NA,0.312202588118652
CDC7,8,0,0,0.267530855233279,NA,NA,NA,0.312204408155901
MAML3,3,0,0,0.267600677689704,NA,NA,NA,0.312227816007468
TAB3,6,0,0,0.268250404189749,NA,NA,NA,0.31319685639345
LRRK1,5,0,0,0.268501010920884,NA,NA,NA,0.313636592050191
AFF4,26,0,0,0.268919277347303,NA,NA,NA,0.31392147424608
TWISTNB,12,0,0,0.269023696654758,NA,NA,NA,0.313931851770751
C8orf58,4,0,0,0.268892028302156,NA,NA,NA,0.313944863586327
RBAK,11,0,0,0.26899795559462,NA,NA,NA,0.313956807015987
RABGGTB,7,0,0,0.268689243067027,NA,NA,NA,0.313986181277328
RNF10,6,0,0,0.268892028302156,NA,NA,NA,0.31409000393082
EIF3H,10,0,0,0.268892028302156,NA,NA,NA,0.314175388429857
IL32,5,0,0,0.268892028302156,NA,NA,NA,0.314222253466968
SRA1,18,0,0,0.268892028302156,NA,NA,NA,0.314451697769855
B4GALT6,6,0,0,0.268892028302156,NA,NA,NA,0.314605999025611
ING2,13,0,0,0.269672899406983,NA,NA,NA,0.315050596048818
GNAQ,14,0,0,0.269672899406983,NA,NA,NA,0.315176477290209
ATP6V1E1,10,0,0,0.272296885186084,NA,NA,NA,0.317989019446594
ARMC6,4,0,0,0.273457019646962,NA,NA,NA,0.318981063688828
PRPF18,24,0,0,0.2732314291436,NA,NA,NA,0.31899935811205
RNF34,10,0,0,0.273382819733812,NA,NA,NA,0.31900642806713
GUCY1B3,4,0,0,0.273382819733812,NA,NA,NA,0.31914630404195
COX7A2,5,0,0,0.273382819733812,NA,NA,NA,0.319203088721819
VPS53,21,0,0,0.273457019646962,NA,NA,NA,0.319247478065386
SH2D3A,5,0,0,0.273903117457321,NA,NA,NA,0.31962448692179
MORF4L2,9,0,0,0.273880729128688,NA,NA,NA,0.319624496016841
RBBP8,6,0,0,0.274177839457306,NA,NA,NA,0.319827500508628
BLCAP,13,0,0,0.274177839457306,NA,NA,NA,0.320059463177789
SRSF5,9,0,0,0.274788153438288,NA,NA,NA,0.320412600932031
UCHL5,19,0,0,0.274788153438288,NA,NA,NA,0.320644760247971
BYSL,9,0,0,0.275334931020716,NA,NA,NA,0.321239815723591
FLVCR2,2,0,0,0.275491600005039,NA,NA,NA,0.321972179004085
ARF3,15,0,0,0.275491600005039,NA,NA,NA,0.32207180676101
SESN3,12,0,0,0.275491600005039,NA,NA,NA,0.322124499145983
ANKFY1,11,0,0,0.275598721767743,NA,NA,NA,0.32241583912098
TMEM259,3,0,0,0.275598721767743,NA,NA,NA,0.322570897993998
TMEM126A,2,0,0,0.275598721767743,NA,NA,NA,0.322761443386075
ZNF443,6,0,0,0.276318159322826,NA,NA,NA,0.323369411464611
SAAL1,3,0,0,0.276299042222733,NA,NA,NA,0.323391590199306
PPM1L,10,0,0,0.276683901852958,NA,NA,NA,0.323862889244906
POLA2,9,0,0,0.276672221651737,NA,NA,NA,0.323900047988374
PYGO2,3,0,0,0.276672221651737,NA,NA,NA,0.323905594191491
ATP5G2,2,0,0,0.278094800897094,NA,NA,NA,0.325437044909007
SHTN1,13,0,0,0.278094800897094,NA,NA,NA,0.325555734159768
PLEC,12,0,0,0.278061461336816,NA,NA,NA,0.325567602914912
DNAJC14,9,0,0,0.278094800897094,NA,NA,NA,0.325595165107199
DYRK2,10,0,0,0.278061461336816,NA,NA,NA,0.325628714218655
ACAT2,15,0,0,0.278381277539706,NA,NA,NA,0.32565193342907
SMS,5,0,0,0.27838046612214,NA,NA,NA,0.325706998586807
MND1,4,0,0,0.2786993216325,NA,NA,NA,0.325847148841587
IRGQ,4,0,0,0.2786993216325,NA,NA,NA,0.326017637792896
ARMC7,9,0,0,0.2786993216325,NA,NA,NA,0.326171302363592
PRELID2,5,0,0,0.280148413205421,NA,NA,NA,0.327387207242357
PRPF40A,21,0,0,0.280148413205421,NA,NA,NA,0.32755997570631
SERP1,14,0,0,0.280353973555017,NA,NA,NA,0.327565563570676
NUFIP2,28,0,0,0.281008452430369,NA,NA,NA,0.328108693786562
MTG1,12,0,0,0.280985313086171,NA,NA,NA,0.328173009232384
MED21,13,0,0,0.280959704316044,NA,NA,NA,0.328199655476682
TRAFD1,2,0,0,0.281008452430369,NA,NA,NA,0.328285450216317
LDHA,19,0,0,0.281008452430369,NA,NA,NA,0.328361088834086
P2RY1,5,0,0,0.281008452430369,NA,NA,NA,0.328382997734722
LYSMD4,6,0,0,0.28131045661349,NA,NA,NA,0.328501942984755
SLC2A8,6,0,0,0.281008452430369,NA,NA,NA,0.328583291398342
MSL1,8,0,0,0.281317551042223,NA,NA,NA,0.328666833633511
MIA3,18,0,0,0.281008452430369,NA,NA,NA,0.328696306617842
NIFK,12,0,0,0.28131045661349,NA,NA,NA,0.328714314235095
RTRAF,12,0,0,0.28131045661349,NA,NA,NA,0.328989121547466
NKX3-1,2,0,0,0.28131045661349,NA,NA,NA,0.329008364281121
USP13,15,0,0,0.281908611604525,NA,NA,NA,0.329284201852318
FBXO42,14,0,0,0.28264502994124,NA,NA,NA,0.330252951426457
RALGPS2,19,0,0,0.28264502994124,NA,NA,NA,0.330447105733542
PANK1,5,0,0,0.283630888020696,NA,NA,NA,0.331561699492198
VCAN,8,0,0,0.284008510600604,NA,NA,NA,0.331879587692387
INSC,3,0,0,0.284008510600604,NA,NA,NA,0.332013702457615
UQCRB,15,0,0,0.28605929752166,NA,NA,NA,0.334157404151064
WBP4,5,0,0,0.286463556696825,NA,NA,NA,0.334448458380452
MEMO1,13,0,0,0.28659459520932,NA,NA,NA,0.33448526409308
IDH3G,3,0,0,0.286463556696825,NA,NA,NA,0.334596663155059
GPBP1,15,0,0,0.28659459520932,NA,NA,NA,0.334677630670697
CSTF3,3,0,0,0.286463556696825,NA,NA,NA,0.334690645531469
FHL2,16,0,0,0.286891681648838,NA,NA,NA,0.334766900641249
RNF217,11,0,0,0.287537808202476,NA,NA,NA,0.335444997474925
TRERF1,6,0,0,0.288641104686885,NA,NA,NA,0.33658585736504
FAM172A,9,0,0,0.288641104686885,NA,NA,NA,0.336754601266071
ARL8A,9,0,0,0.290417171008253,NA,NA,NA,0.338320811798342
OARD1,10,0,0,0.290265665055373,NA,NA,NA,0.338373611594457
BCAS2,14,0,0,0.29064541291956,NA,NA,NA,0.338467691820514
TMEM237,15,0,0,0.290417171008253,NA,NA,NA,0.338490715987421
BROX,8,0,0,0.29064541291956,NA,NA,NA,0.338531383744741
ISCA2,13,0,0,0.290417171008253,NA,NA,NA,0.338563547957565
CERK,7,0,0,0.290417171008253,NA,NA,NA,0.338693189573179
ZKSCAN5,7,0,0,0.291113225771966,NA,NA,NA,0.338941980690913
UBA6,26,0,0,0.291173827509566,NA,NA,NA,0.33895480313384
COMMD2,11,0,0,0.291585479293958,NA,NA,NA,0.339253883020909
RPS6KB1,7,0,0,0.291538294774062,NA,NA,NA,0.339256117200773
COL8A1,7,0,0,0.291538294774062,NA,NA,NA,0.33943360498091
TRIM11,3,0,0,0.292040419330857,NA,NA,NA,0.339713268885835
CKAP4,12,0,0,0.292096391839551,NA,NA,NA,0.33972102742896
MORC3,11,0,0,0.292632191256548,NA,NA,NA,0.340459401284212
SZRD1,8,0,0,0.29275386343872,NA,NA,NA,0.340541432608403
BCL2L12,2,0,0,0.292632191256548,NA,NA,NA,0.340734423240528
NR2F2,15,0,0,0.293545652337606,NA,NA,NA,0.34138166396833
ANAPC7,10,0,0,0.294120904838575,NA,NA,NA,0.341865292219689
MBOAT2,22,0,0,0.294031983655142,NA,NA,NA,0.341876056464109
PSPC1,4,0,0,0.294120904838575,NA,NA,NA,0.341923538664056
SLC16A13,9,0,0,0.294456863241493,NA,NA,NA,0.342449292294847
KIAA0895L,5,0,0,0.294456863241493,NA,NA,NA,0.342718094512247
ZNRF3,5,0,0,0.295328789868961,NA,NA,NA,0.343794203440655
MRPL58,3,0,0,0.295755392453512,NA,NA,NA,0.344220840732689
MCUR1,6,0,0,0.296505945262461,NA,NA,NA,0.345013873240673
SNX19,15,0,0,0.296853587165146,NA,NA,NA,0.345238453008037
TEAD2,9,0,0,0.29687704258392,NA,NA,NA,0.345259094448218
LACTB2,6,0,0,0.29683461674513,NA,NA,NA,0.34527315267954
PNRC2,5,0,0,0.296820010346148,NA,NA,NA,0.345312868412396
RBM18,9,0,0,0.29687704258392,NA,NA,NA,0.345367809055897
DIAPH3,4,0,0,0.297614386242575,NA,NA,NA,0.346417197258914
UQCC1,8,0,0,0.297644048112456,NA,NA,NA,0.346563002876564
ITGB8,15,0,0,0.297644048112456,NA,NA,NA,0.346581090305326
UBE2F,12,0,0,0.297816866920296,NA,NA,NA,0.346963159400029
GOT1,4,0,0,0.298354892008662,NA,NA,NA,0.347515618110693
UBE2B,25,0,0,0.298546857417597,NA,NA,NA,0.347749130890137
B3GNT5,5,0,0,0.298465635315812,NA,NA,NA,0.347827325858142
IBA57,5,0,0,0.298546857417597,NA,NA,NA,0.347893048606465
CD55,19,0,0,0.298794950286494,NA,NA,NA,0.347973338030094
KDELR2,19,0,0,0.298546857417597,NA,NA,NA,0.348096257168194
SS18L1,11,0,0,0.299750809044586,NA,NA,NA,0.348998217043897
SERPINE1,9,0,0,0.299836193468293,NA,NA,NA,0.349120196264484
TUBB4B,7,0,0,0.299836193468293,NA,NA,NA,0.349286106225213
RHBDF2,2,0,0,0.299886450836675,NA,NA,NA,0.349367999434247
HR,5,0,0,0.299836193468293,NA,NA,NA,0.349392885598393
DR1,27,0,0,0.299836193468293,NA,NA,NA,0.349424410368521
MAGOH,2,0,0,0.299886450836675,NA,NA,NA,0.349435214802556
CERS5,5,0,0,0.300000264104951,NA,NA,NA,0.349440246264586
GRB2,10,0,0,0.299836193468293,NA,NA,NA,0.349491475594073
TM9SF2,13,0,0,0.299836193468293,NA,NA,NA,0.349559137130595
FASTKD2,14,0,0,0.299836193468293,NA,NA,NA,0.349713607481947
PI4K2A,9,0,0,0.300610022566735,NA,NA,NA,0.350088297777408
TECPR2,5,0,0,0.300610022566735,NA,NA,NA,0.350321225094549
PEX26,25,0,0,0.301003763791209,NA,NA,NA,0.350477148289327
KPNA3,9,0,0,0.301111700197609,NA,NA,NA,0.350542804421019
PRKCI,9,0,0,0.300610022566735,NA,NA,NA,0.35055165443579
AGO2,21,0,0,0.301185011158955,NA,NA,NA,0.35057911978154
DLC1,4,0,0,0.300610022566735,NA,NA,NA,0.350715821276872
FUNDC2,18,0,0,0.301185011158955,NA,NA,NA,0.350751280405334
SSBP3,10,0,0,0.300610022566735,NA,NA,NA,0.350874134319777
ZNF16,6,0,0,0.301760331846302,NA,NA,NA,0.351587098903327
TARS2,3,0,0,0.302222326268569,NA,NA,NA,0.35236937521541
HOXA4,2,0,0,0.302222326268569,NA,NA,NA,0.352488132337672
DRG1,13,0,0,0.302222326268569,NA,NA,NA,0.352598081737238
CYB5B,19,0,0,0.302248018827962,NA,NA,NA,0.352617178675615
ALDH1A3,6,0,0,0.302222326268569,NA,NA,NA,0.352682775207735
E2F7,3,0,0,0.302248018827962,NA,NA,NA,0.352717315357481
GAS8,3,0,0,0.302222326268569,NA,NA,NA,0.352766206455555
HAUS1,3,0,0,0.302222326268569,NA,NA,NA,0.353014132099665
FCHO2,6,0,0,0.30351156304393,NA,NA,NA,0.354322653496309
ARHGAP5,22,0,0,0.30351156304393,NA,NA,NA,0.35457300816154
AP1B1,4,0,0,0.30351156304393,NA,NA,NA,0.354574646274495
LAP3,5,0,0,0.303814388213463,NA,NA,NA,0.354608430380508
GSDME,3,0,0,0.30351156304393,NA,NA,NA,0.354798472106474
RBM26,24,0,0,0.304347051179363,NA,NA,NA,0.355154382307268
AMMECR1,3,0,0,0.306195795402694,NA,NA,NA,0.357611931429053
SUPT7L,16,0,0,0.306195795402694,NA,NA,NA,0.35790638372684
ABRAXAS1,8,0,0,0.30713654945225,NA,NA,NA,0.358875898883707
FAM3C,10,0,0,0.307641806397853,NA,NA,NA,0.359796666026688
HMGB1,19,0,0,0.307641806397853,NA,NA,NA,0.359898607244157
TENM4,5,0,0,0.308112433282577,NA,NA,NA,0.360993051418971
TXNL1,8,0,0,0.308777619531955,NA,NA,NA,0.361689395607683
ASCC1,11,0,0,0.309587987150699,NA,NA,NA,0.362550272538439
PRR12,10,0,0,0.310570318401123,NA,NA,NA,0.363847469409675
IGF1R,12,0,0,0.310795871364871,NA,NA,NA,0.364043953017738
CEP104,8,0,0,0.311015388436493,NA,NA,NA,0.364415304413719
UBE2H,12,0,0,0.311015388436493,NA,NA,NA,0.364475506433909
ARMC8,10,0,0,0.311717300441333,NA,NA,NA,0.365152540352722
ATAD2B,8,0,0,0.312701663453584,NA,NA,NA,0.366209985880142
RBPJ,14,0,0,0.312857193669149,NA,NA,NA,0.366326631916702
NTF4,3,0,0,0.312919607035252,NA,NA,NA,0.366590757890887
SCARB2,15,0,0,0.312919607035252,NA,NA,NA,0.366713231610022
PDCL3,7,0,0,0.312919607035252,NA,NA,NA,0.366822300334618
PPP1CB,20,0,0,0.312958291748098,NA,NA,NA,0.366867034814182
GPATCH2,6,0,0,0.312958291748098,NA,NA,NA,0.366877800794261
RIOK2,4,0,0,0.312958291748098,NA,NA,NA,0.366942394230706
ARIH1,21,0,0,0.312958291748098,NA,NA,NA,0.366996247956911
TMX4,26,0,0,0.312919607035252,NA,NA,NA,0.36704967616878
RELL2,3,0,0,0.312919607035252,NA,NA,NA,0.367077441927007
UNKL,5,0,0,0.313714111819048,NA,NA,NA,0.367665236617289
PIGO,11,0,0,0.314096253793693,NA,NA,NA,0.367979154669684
IKBKB,7,0,0,0.314096253793693,NA,NA,NA,0.368094795633194
EIF2S3,21,0,0,0.315001428949536,NA,NA,NA,0.368886220938263
FAM208A,6,0,0,0.314988622202786,NA,NA,NA,0.368931588388613
GSDMA,2,0,0,0.315858710168586,NA,NA,NA,0.369559243388684
OSGEPL1,4,0,0,0.315858710168586,NA,NA,NA,0.369706638842237
SESTD1,13,0,0,0.315858192814825,NA,NA,NA,0.369737826659295
RNF141,18,0,0,0.315858710168586,NA,NA,NA,0.369761070469468
ZFPM1,2,0,0,0.316547016985607,NA,NA,NA,0.369922838976505
WDR61,3,0,0,0.316393412080451,NA,NA,NA,0.369926777294898
TAMM41,2,0,0,0.315858192814825,NA,NA,NA,0.369947526429987
TMTC1,8,0,0,0.316393412080451,NA,NA,NA,0.370089359158372
THADA,3,0,0,0.316393412080451,NA,NA,NA,0.370095370445649
TOR1AIP1,14,0,0,0.316547016985607,NA,NA,NA,0.370160106551692
PPP3CA,10,0,0,0.316393412080451,NA,NA,NA,0.370347951465934
NAGPA,2,0,0,0.316547016985607,NA,NA,NA,0.37038074719519
SH3PXD2A,8,0,0,0.317258831815318,NA,NA,NA,0.370718626538637
KARS,9,0,0,0.317319621374422,NA,NA,NA,0.370917623199492
ZNF790,10,0,0,0.317341658267503,NA,NA,NA,0.371091634028783
TPST2,5,0,0,0.317433834008269,NA,NA,NA,0.37143960061355
UBASH3B,8,0,0,0.317433834008269,NA,NA,NA,0.371466263285682
CFLAR,17,0,0,0.317433834008269,NA,NA,NA,0.371754614637646
TMEM47,4,0,0,0.317433834008269,NA,NA,NA,0.371785680518619
C15orf48,2,0,0,0.317898468821968,NA,NA,NA,0.372171259066687
H1F0,12,0,0,0.317962357819181,NA,NA,NA,0.372183915568947
ATP5S,18,0,0,0.318441876375822,NA,NA,NA,0.372905668887176
HSP90B1,14,0,0,0.318715312560446,NA,NA,NA,0.373393962467032
TTLL4,14,0,0,0.319540709593044,NA,NA,NA,0.374583900853023
CYP4F11,10,0,0,0.319540709593044,NA,NA,NA,0.374753552224913
SPRTN,16,0,0,0.319540709593044,NA,NA,NA,0.374962271376753
PRPF4,21,0,0,0.320658492978092,NA,NA,NA,0.375049980700768
ARHGAP17,3,0,0,0.320165865407502,NA,NA,NA,0.375090571141562
XRCC2,18,0,0,0.319903678827333,NA,NA,NA,0.375154860224327
HS2ST1,19,0,0,0.320658492978092,NA,NA,NA,0.37519558553666
PHF8,17,0,0,0.320767573345396,NA,NA,NA,0.375204440336424
GLTP,2,0,0,0.320587343015777,NA,NA,NA,0.375268546956159
SLC25A24,15,0,0,0.319903678827333,NA,NA,NA,0.375295250483914
CRTAP,24,0,0,0.320767573345396,NA,NA,NA,0.375300868722755
ANKRD29,6,0,0,0.320658492978092,NA,NA,NA,0.375371388518121
NSD2,10,0,0,0.320165865407502,NA,NA,NA,0.375374385594751
MSMO1,8,0,0,0.320587343015777,NA,NA,NA,0.375396525013072
NUDT7,3,0,0,0.320767573345396,NA,NA,NA,0.3754834795341
LRRC58,7,0,0,0.320165865407502,NA,NA,NA,0.37556126556889
PRKCZ,8,0,0,0.320587343015777,NA,NA,NA,0.375575431573389
ZNRF2,18,0,0,0.320658492978092,NA,NA,NA,0.375608184403678
MED31,11,0,0,0.320587343015777,NA,NA,NA,0.375633794883676
AP1S3,21,0,0,0.320165865407502,NA,NA,NA,0.375638331996796
WASL,12,0,0,0.320165865407502,NA,NA,NA,0.375666874035286
ACSL4,12,0,0,0.320767573345396,NA,NA,NA,0.375683935396604
EML1,8,0,0,0.320658492978092,NA,NA,NA,0.375699528187047
DECR1,9,0,0,0.320658492978092,NA,NA,NA,0.375707693108593
PGAM5,7,0,0,0.320165865407502,NA,NA,NA,0.37573806000374
PAQR6,4,0,0,0.320658492978092,NA,NA,NA,0.375786976554882
TNFRSF10D,4,0,0,0.320658492978092,NA,NA,NA,0.37582301780391
LRP4,8,0,0,0.320587343015777,NA,NA,NA,0.375846861516791
FIP1L1,14,0,0,0.320658492978092,NA,NA,NA,0.376027148764161
TPT1,25,0,0,0.320767573345396,NA,NA,NA,0.37604784272084
RPL36,7,0,0,0.321568260184506,NA,NA,NA,0.37689500661162
SH3RF3,5,0,0,0.322211421798358,NA,NA,NA,0.377737873431796
C11orf91,13,0,0,0.322211421798358,NA,NA,NA,0.37786871330235
LPAR1,6,0,0,0.322989639397534,NA,NA,NA,0.379028250639385
EVC,23,0,0,0.323206580059365,NA,NA,NA,0.379213741289699
SETD6,13,0,0,0.323324360558103,NA,NA,NA,0.379286861071613
LGALS8,14,0,0,0.323742364008966,NA,NA,NA,0.379813721197713
TTLL11,4,0,0,0.323865639691454,NA,NA,NA,0.379903464277205
C18orf25,9,0,0,0.323742364008966,NA,NA,NA,0.380014023264812
CREBL2,30,0,0,0.323865639691454,NA,NA,NA,0.380101116375138
GTPBP10,31,0,0,0.323742364008966,NA,NA,NA,0.380226812098165
HNRNPDL,15,0,0,0.324834526912247,NA,NA,NA,0.381338165508818
MICALL2,2,0,0,0.325035567758153,NA,NA,NA,0.381505338170794
CCDC186,8,0,0,0.325294915935779,NA,NA,NA,0.381911928615141
MED11,2,0,0,0.325294915935779,NA,NA,NA,0.381976375811023
BRPF3,4,0,0,0.325625845354422,NA,NA,NA,0.382226240700414
FAM20B,20,0,0,0.326796859078573,NA,NA,NA,0.384315245205755
RPL22L1,4,0,0,0.326796859078573,NA,NA,NA,0.38452345996611
FRRS1,4,0,0,0.326796859078573,NA,NA,NA,0.384529146893455
CIB2,3,0,0,0.326796859078573,NA,NA,NA,0.384556192735657
RNF216,6,0,0,0.326855492341355,NA,NA,NA,0.384952290833809
PRMT3,11,0,0,0.327246385596858,NA,NA,NA,0.385296141612406
B4GALT7,10,0,0,0.327246385596858,NA,NA,NA,0.385462720684019
OTUD6B,11,0,0,0.327246385596858,NA,NA,NA,0.385612075916806
SLAIN2,10,0,0,0.327246385596858,NA,NA,NA,0.385644151819093
DGKD,4,0,0,0.327246385596858,NA,NA,NA,0.385757796245335
KCNQ3,5,0,0,0.327246385596858,NA,NA,NA,0.385895572425604
ZCCHC4,4,0,0,0.327246385596858,NA,NA,NA,0.385899678380727
DPY19L1,14,0,0,0.327412543161742,NA,NA,NA,0.385913094446572
CDK14,4,0,0,0.327412543161742,NA,NA,NA,0.386081657279987
CASD1,8,0,0,0.327412543161742,NA,NA,NA,0.386109022752814
KIAA1468,9,0,0,0.32768548820616,NA,NA,NA,0.386517871456184
DDX54,4,0,0,0.32768548820616,NA,NA,NA,0.386591517294775
SWAP70,8,0,0,0.327850451374891,NA,NA,NA,0.3866124689864
CDK6,12,0,0,0.327850451374891,NA,NA,NA,0.386762251859657
AKAP12,4,0,0,0.328095749342162,NA,NA,NA,0.386998944666119
FGD4,10,0,0,0.328207995309931,NA,NA,NA,0.387064529566161
TK2,10,0,0,0.328095749342162,NA,NA,NA,0.387270705345878
RNF168,9,0,0,0.328252282013902,NA,NA,NA,0.387284119269376
ZFAND4,5,0,0,0.328764257331222,NA,NA,NA,0.387804327865722
TAOK1,14,0,0,0.328822860037091,NA,NA,NA,0.387808826065163
FADS1,15,0,0,0.329394229143885,NA,NA,NA,0.38862773813098
CORO1C,19,0,0,0.330079253406721,NA,NA,NA,0.389344415232553
GMCL1,11,0,0,0.330523569235451,NA,NA,NA,0.389787161018183
CHMP7,6,0,0,0.330930643531192,NA,NA,NA,0.390187435246477
CBX5,25,0,0,0.331144272305516,NA,NA,NA,0.390507104429453
IGHMBP2,5,0,0,0.331168710511524,NA,NA,NA,0.390729905208269
SEC61G,7,0,0,0.331144272305516,NA,NA,NA,0.390730494118258
EMSY,26,0,0,0.331144272305516,NA,NA,NA,0.390735507908159
EMP1,9,0,0,0.331144272305516,NA,NA,NA,0.390760049525397
G2E3,19,0,0,0.331144272305516,NA,NA,NA,0.390808394103617
LOC400927-CSNK1E,7,0,0,0.331144272305516,NA,NA,NA,0.390879274064299
C3orf52,4,0,0,0.331144272305516,NA,NA,NA,0.39088678099374
SLX4IP,2,0,0,0.331144272305516,NA,NA,NA,0.390904271459098
SLC35D1,13,0,0,0.331144272305516,NA,NA,NA,0.39093404956297
STS,6,0,0,0.331144272305516,NA,NA,NA,0.390968554125626
APPL1,18,0,0,0.331168710511524,NA,NA,NA,0.391226731051645
PLEKHG2,10,0,0,0.33160518841658,NA,NA,NA,0.391862577360876
THAP2,6,0,0,0.33160518841658,NA,NA,NA,0.392055286378407
KLHL42,15,0,0,0.331856714139044,NA,NA,NA,0.39231423957659
NHEJ1,11,0,0,0.331856714139044,NA,NA,NA,0.392564291844053
ACER2,4,0,0,0.332174073199255,NA,NA,NA,0.392984321927805
PPM1N,7,0,0,0.332174073199255,NA,NA,NA,0.393008357099906
RGS19,5,0,0,0.332404617028577,NA,NA,NA,0.393437092531263
TMEM30A,31,0,0,0.333383782366022,NA,NA,NA,0.394719232584595
DIS3,14,0,0,0.333665803396089,NA,NA,NA,0.394913560990764
DAAM1,13,0,0,0.333727070588482,NA,NA,NA,0.394958768929264
RPS8,8,0,0,0.333727070588482,NA,NA,NA,0.395034761565762
TEAD1,21,0,0,0.333665803396089,NA,NA,NA,0.395043346281102
FOXK2,6,0,0,0.333727070588482,NA,NA,NA,0.39507095934767
PAG1,8,0,0,0.333727070588482,NA,NA,NA,0.395171949852959
IQCB1,6,0,0,0.334170407897235,NA,NA,NA,0.395502372222917
DARS,7,0,0,0.334170407897235,NA,NA,NA,0.395721054042932
GMEB1,12,0,0,0.334170407897235,NA,NA,NA,0.395873806036887
RSL1D1,9,0,0,0.335228806837589,NA,NA,NA,0.397038532406498
EXOC4,4,0,0,0.335228806837589,NA,NA,NA,0.397196014078544
PSMD11,8,0,0,0.336353343518389,NA,NA,NA,0.398256105622981
ASB6,3,0,0,0.337383046988493,NA,NA,NA,0.39959690841569
ZNF385A,3,0,0,0.337383046988493,NA,NA,NA,0.39973503797117
HM13,14,0,0,0.337383046988493,NA,NA,NA,0.399778977479179
GPATCH1,6,0,0,0.337620904518466,NA,NA,NA,0.400374702399193
DSTYK,8,0,0,0.337620904518466,NA,NA,NA,0.400407893951278
DCUN1D1,24,0,0,0.337620904518466,NA,NA,NA,0.400496417141929
AKR1C2,2,0,0,0.337620904518466,NA,NA,NA,0.400497742132925
KRT10,5,0,0,0.33768528574929,NA,NA,NA,0.400505370105039
ORMDL3,5,0,0,0.337620904518466,NA,NA,NA,0.400724524515528
TRMT10C,7,0,0,0.337620904518466,NA,NA,NA,0.400875159866294
LRRCC1,6,0,0,0.338860228489819,NA,NA,NA,0.402009546681555
TM9SF3,28,0,0,0.339728810996514,NA,NA,NA,0.403099513523678
ZSWIM6,4,0,0,0.339728810996514,NA,NA,NA,0.403313349589166
SEMA4F,5,0,0,0.34013506279032,NA,NA,NA,0.403520298540834
LTB4R,2,0,0,0.340523259921729,NA,NA,NA,0.404497521660366
ESRP2,12,0,0,0.340523259921729,NA,NA,NA,0.404732508854601
PCDHB11,4,0,0,0.340692394688275,NA,NA,NA,0.404951663660011
MRPL4,2,0,0,0.340631800515433,NA,NA,NA,0.405013721159494
CYTH1,4,0,0,0.340692394688275,NA,NA,NA,0.405099504796101
RWDD2A,4,0,0,0.341147648086641,NA,NA,NA,0.405447248786906
LCORL,12,0,0,0.341147648086641,NA,NA,NA,0.40550332703783
TXNDC16,4,0,0,0.341147648086641,NA,NA,NA,0.405764198201315
RSPRY1,10,0,0,0.341449549635795,NA,NA,NA,0.405782525904353
UCHL3,6,0,0,0.342336094810756,NA,NA,NA,0.407186280991622
PLS1,6,0,0,0.342793481052058,NA,NA,NA,0.407762979560285
RECQL4,3,0,0,0.342793481052058,NA,NA,NA,0.407800895666039
NUDT4,16,0,0,0.342888380764313,NA,NA,NA,0.407805683504378
ANKRD17,15,0,0,0.343116854306763,NA,NA,NA,0.40793536225251
MED14,9,0,0,0.342793481052058,NA,NA,NA,0.407946468013582
FBXL4,14,0,0,0.342793481052058,NA,NA,NA,0.407986090241746
CCNT1,7,0,0,0.342793481052058,NA,NA,NA,0.408007577064186
GBE1,6,0,0,0.342793481052058,NA,NA,NA,0.408056317026331
DENND2D,9,0,0,0.342793481052058,NA,NA,NA,0.408149890568541
CLUAP1,20,0,0,0.343116854306763,NA,NA,NA,0.408159714302127
SREK1IP1,16,0,0,0.342793481052058,NA,NA,NA,0.408380323323235
SNX13,10,0,0,0.343743373740295,NA,NA,NA,0.408487054738152
ALKBH4,6,0,0,0.343831820280921,NA,NA,NA,0.408584510590502
SEC31B,7,0,0,0.343743373740295,NA,NA,NA,0.408647127246466
SMIM7,11,0,0,0.342793481052058,NA,NA,NA,0.408655897121378
KRT7,15,0,0,0.343743373740295,NA,NA,NA,0.408743266077689
ACSL1,12,0,0,0.34409474164836,NA,NA,NA,0.408819039245376
INTS7,18,0,0,0.343743373740295,NA,NA,NA,0.408846015679504
PPP2R1B,8,0,0,0.342793481052058,NA,NA,NA,0.408923971692646
ELP1,12,0,0,0.342793481052058,NA,NA,NA,0.408949024617217
D2HGDH,3,0,0,0.342793481052058,NA,NA,NA,0.408950008841216
ZNF532,4,0,0,0.343743373740295,NA,NA,NA,0.409015534728442
MCUB,14,0,0,0.342793481052058,NA,NA,NA,0.409188163230453
TCEAL4,11,0,0,0.344709901897551,NA,NA,NA,0.409775507532432
MAP2K7,5,0,0,0.344672253590321,NA,NA,NA,0.409776842375989
RAB21,29,0,0,0.344672253590321,NA,NA,NA,0.409798140411411
PSMD12,15,0,0,0.345423106315011,NA,NA,NA,0.410749145481146
POGK,13,0,0,0.345487961032334,NA,NA,NA,0.410757386336646
CSNK1A1,35,0,0,0.346205176973707,NA,NA,NA,0.411275873060849
CAPZB,7,0,0,0.346149126686851,NA,NA,NA,0.411277409505409
TRADD,4,0,0,0.346001074752753,NA,NA,NA,0.411305286886083
RAB14,13,0,0,0.345873110966041,NA,NA,NA,0.411356636604264
PPARGC1B,6,0,0,0.346149126686851,NA,NA,NA,0.411446135745676
YIPF4,29,0,0,0.346149126686851,NA,NA,NA,0.411469575775618
SLC35A4,2,0,0,0.346001074752753,NA,NA,NA,0.411520468678363
HDAC9,4,0,0,0.346001074752753,NA,NA,NA,0.411780571751201
ELF1,8,0,0,0.347059263974163,NA,NA,NA,0.412858462345463
BDKRB2,6,0,0,0.347211118308532,NA,NA,NA,0.412965733286432
KBTBD2,9,0,0,0.349327722825222,NA,NA,NA,0.415990914905166
CCT3,6,0,0,0.350751757378018,NA,NA,NA,0.418026906642889
RNF146,9,0,0,0.350678057690937,NA,NA,NA,0.418144874539956
MTSS1L,3,0,0,0.350751757378018,NA,NA,NA,0.418315653084561
RBM41,11,0,0,0.351230579483346,NA,NA,NA,0.418439190216644
APEX2,5,0,0,0.350751757378018,NA,NA,NA,0.418476116329834
SLC25A12,9,0,0,0.351445949712753,NA,NA,NA,0.418550719050997
PHAX,18,0,0,0.351230579483346,NA,NA,NA,0.418588938544167
TCHP,8,0,0,0.351432776134645,NA,NA,NA,0.418602808605179
RSC1A1,5,0,0,0.351886259471494,NA,NA,NA,0.418851990448167
TTC3,8,0,0,0.351886259471494,NA,NA,NA,0.418927939281459
EGFR,20,0,0,0.351886259471494,NA,NA,NA,0.419117450082727
SPCS3,29,0,0,0.352070826507398,NA,NA,NA,0.4191540325686
KDSR,21,0,0,0.352070826507398,NA,NA,NA,0.419377022974346
NKAP,7,0,0,0.35240990200177,NA,NA,NA,0.419473735486753
SLC25A36,16,0,0,0.352770951001127,NA,NA,NA,0.419818395433354
CLCN3,17,0,0,0.353303433516503,NA,NA,NA,0.420249159108931
EIF4E3,16,0,0,0.353303433516503,NA,NA,NA,0.420323915244535
MPST,2,0,0,0.353303433516503,NA,NA,NA,0.420431813415631
TNKS,16,0,0,0.353583937043495,NA,NA,NA,0.420501913475186
VPS50,11,0,0,0.353303433516503,NA,NA,NA,0.42056408382839
CHML,4,0,0,0.353303433516503,NA,NA,NA,0.420624206357015
CHD6,13,0,0,0.353793978952295,NA,NA,NA,0.42067438960396
URB1,15,0,0,0.353303433516503,NA,NA,NA,0.420823242704244
SNU13,7,0,0,0.354657150209074,NA,NA,NA,0.421523495667264
KCTD21,2,0,0,0.354637307050009,NA,NA,NA,0.421567640518599
NARS2,6,0,0,0.355673053538108,NA,NA,NA,0.422837711565438
AKAP11,10,0,0,0.356421911516117,NA,NA,NA,0.423622717206902
NIPSNAP1,3,0,0,0.356576864990247,NA,NA,NA,0.424182762487839
TPCN1,6,0,0,0.356848935847441,NA,NA,NA,0.424425140968395
ZNF573,5,0,0,0.357364521777385,NA,NA,NA,0.425102611358412
PKP2,9,0,0,0.357364521777385,NA,NA,NA,0.425228847865537
SYAP1,23,0,0,0.357560533844838,NA,NA,NA,0.425258284981724
COA6,3,0,0,0.357663622629923,NA,NA,NA,0.425488633287629
RAB2B,6,0,0,0.357655631098546,NA,NA,NA,0.425546902351308
PRKX,10,0,0,0.357655631098546,NA,NA,NA,0.425709145251204
DSTN,14,0,0,0.357655631098546,NA,NA,NA,0.425757255813909
NFYB,16,0,0,0.357655631098546,NA,NA,NA,0.425829973637422
KRI1,5,0,0,0.35782592227947,NA,NA,NA,0.425830441751519
UPF1,4,0,0,0.35823384917075,NA,NA,NA,0.426227294305186
DIP2A,5,0,0,0.358539900970812,NA,NA,NA,0.426747188663993
ZFYVE26,8,0,0,0.358539900970812,NA,NA,NA,0.426866428177825
CAGE1,3,0,0,0.358539900970812,NA,NA,NA,0.426882454139063
DFFA,26,0,0,0.358539900970812,NA,NA,NA,0.42694312984435
EIF3E,14,0,0,0.358539900970812,NA,NA,NA,0.426999007707102
ADCY9,5,0,0,0.358539900970812,NA,NA,NA,0.427002362226823
TNRC18,3,0,0,0.358539900970812,NA,NA,NA,0.427140311794402
MTHFD1L,5,0,0,0.358732561386991,NA,NA,NA,0.427171448560771
SEMA3C,7,0,0,0.358732561386991,NA,NA,NA,0.427175747374764
TMED7,23,0,0,0.358732561386991,NA,NA,NA,0.427283009556753
C11orf58,25,0,0,0.358838779647181,NA,NA,NA,0.427380204560046
EIF2B3,9,0,0,0.358838779647181,NA,NA,NA,0.427457858884685
CGAS,5,0,0,0.358732561386991,NA,NA,NA,0.427468377964828
EID2,9,0,0,0.359717546821589,NA,NA,NA,0.427862460857302
FST,4,0,0,0.359868027728473,NA,NA,NA,0.427983991642399
DPYSL2,8,0,0,0.359717546821589,NA,NA,NA,0.428032720913389
PTCD3,22,0,0,0.35953325634262,NA,NA,NA,0.428103252827403
SARS,9,0,0,0.359868027728473,NA,NA,NA,0.428156170533623
CNOT2,8,0,0,0.359693152045519,NA,NA,NA,0.428163179407049
ATP6V0A2,15,0,0,0.359717546821589,NA,NA,NA,0.428183098005169
ATG12,24,0,0,0.359693152045519,NA,NA,NA,0.428236536954291
BTBD1,8,0,0,0.359717546821589,NA,NA,NA,0.428244334567979
EXOSC1,8,0,0,0.359693152045519,NA,NA,NA,0.428389764982251
STK38L,15,0,0,0.359717546821589,NA,NA,NA,0.428503605419466
ITM2B,13,0,0,0.360141836447659,NA,NA,NA,0.428586160077475
ANGPT1,3,0,0,0.359717546821589,NA,NA,NA,0.428601856203505
SPIN1,18,0,0,0.359717546821589,NA,NA,NA,0.428721557800486
NOC4L,2,0,0,0.360365566399841,NA,NA,NA,0.428879876815926
STXBP5,22,0,0,0.360365566399841,NA,NA,NA,0.42922105077906
CD9,4,0,0,0.360365566399841,NA,NA,NA,0.429268573062877
FAM124A,3,0,0,0.360377096749891,NA,NA,NA,0.42984124626841
CAPZA1,8,0,0,0.360365566399841,NA,NA,NA,0.42989586934176
BAG5,10,0,0,0.360480056758996,NA,NA,NA,0.429975628016749
ZBTB4,10,0,0,0.360480056758996,NA,NA,NA,0.430126927123469
NDUFA9,6,0,0,0.360480056758996,NA,NA,NA,0.430143325356829
NXPE3,9,0,0,0.36187934125112,NA,NA,NA,0.432163098283195
RFESD,6,0,0,0.362339004837149,NA,NA,NA,0.432618784373069
CHMP1B,12,0,0,0.362605660304807,NA,NA,NA,0.432649714045862
MOB1B,9,0,0,0.362799672127304,NA,NA,NA,0.432666642425973
SLC48A1,4,0,0,0.36256137911168,NA,NA,NA,0.432667402764464
TPX2,12,0,0,0.36256137911168,NA,NA,NA,0.432807346798721
CTNNB1,7,0,0,0.36256137911168,NA,NA,NA,0.432865920035013
CCNT2,13,0,0,0.362799672127304,NA,NA,NA,0.432937583340472
ADD1,5,0,0,0.362799672127304,NA,NA,NA,0.433205888780522
SNTB2,13,0,0,0.36362111834115,NA,NA,NA,0.434117557976656
ARHGAP12,10,0,0,0.36362111834115,NA,NA,NA,0.434345229469036
RBM27,22,0,0,0.363939881334357,NA,NA,NA,0.434571522182696
FOLR1,2,0,0,0.363939881334357,NA,NA,NA,0.434824820764126
PDZD11,7,0,0,0.364436053574017,NA,NA,NA,0.434931537457979
KLF4,4,0,0,0.364436053574017,NA,NA,NA,0.435135637042268
MKI67,12,0,0,0.364436053574017,NA,NA,NA,0.435377249814014
TTC39B,14,0,0,0.364983959313311,NA,NA,NA,0.435566452599876
CABLES2,10,0,0,0.364983959313311,NA,NA,NA,0.435569817398101
AGPS,17,0,0,0.365080084115872,NA,NA,NA,0.435610929591462
USP22,6,0,0,0.364983959313311,NA,NA,NA,0.435639025511658
PGD,4,0,0,0.365279113540938,NA,NA,NA,0.435900120482003
LTBP3,6,0,0,0.365279113540938,NA,NA,NA,0.435967243013102
RPIA,3,0,0,0.365279113540938,NA,NA,NA,0.436062499029848
NFKBID,6,0,0,0.365726556147718,NA,NA,NA,0.436511613009632
VEGFC,11,0,0,0.365833550362584,NA,NA,NA,0.436565012438597
SSX2IP,21,0,0,0.366150853329927,NA,NA,NA,0.437144847505534
UBN2,13,0,0,0.366166406896365,NA,NA,NA,0.437270244654764
IL6ST,9,0,0,0.366150853329927,NA,NA,NA,0.437291209845206
RPAP3,7,0,0,0.366150853329927,NA,NA,NA,0.437378421883981
TAF1B,13,0,0,0.366150853329927,NA,NA,NA,0.437505845584544
BTD,10,0,0,0.366150853329927,NA,NA,NA,0.437525679043969
MAPKAPK3,10,0,0,0.366150853329927,NA,NA,NA,0.437697838787915
PLA2G16,4,0,0,0.366150853329927,NA,NA,NA,0.437750775972258
EIF1,8,0,0,0.367058303263638,NA,NA,NA,0.438404471672961
SURF4,12,0,0,0.367081744416386,NA,NA,NA,0.438734575749742
ZNF714,3,0,0,0.367649739177928,NA,NA,NA,0.439143597557865
GSK3B,12,0,0,0.367408254109435,NA,NA,NA,0.439212104567434
C2CD5,3,0,0,0.367408254109435,NA,NA,NA,0.439341377314931
TBCEL,11,0,0,0.367649739177928,NA,NA,NA,0.439359443962038
ABCC2,14,0,0,0.367649739177928,NA,NA,NA,0.439372181060818
KLF11,6,0,0,0.367408254109435,NA,NA,NA,0.439399895123132
TMPO,14,0,0,0.367649739177928,NA,NA,NA,0.43942756485288
ARPC2,10,0,0,0.36788554575169,NA,NA,NA,0.4394406917273
PLIN3,3,0,0,0.367649739177928,NA,NA,NA,0.439599990610025
FAM229B,6,0,0,0.368098047870386,NA,NA,NA,0.43981320003583
JHY,4,0,0,0.368098047870386,NA,NA,NA,0.440090248868766
RB1CC1,8,0,0,0.368098047870386,NA,NA,NA,0.440338500638764
TPMT,8,0,0,0.368739019599997,NA,NA,NA,0.440690766972191
CALM2,9,0,0,0.369255177535254,NA,NA,NA,0.441209385650293
UBLCP1,7,0,0,0.369377451430013,NA,NA,NA,0.441279702137824
PRKAR2A,9,0,0,0.369523043511078,NA,NA,NA,0.44137656518075
FBRSL1,7,0,0,0.37135259609129,NA,NA,NA,0.443672964821341
HOXB4,2,0,0,0.371400999190041,NA,NA,NA,0.444210006691078
DCPS,7,0,0,0.373361188266531,NA,NA,NA,0.44727819649147
MYO6,10,0,0,0.373941821626205,NA,NA,NA,0.448306233283433
CCDC71,4,0,0,0.374065843104108,NA,NA,NA,0.448433907569589
MYO5A,7,0,0,0.374202995519956,NA,NA,NA,0.448756986373272
NUP153,9,0,0,0.374202995519956,NA,NA,NA,0.44891517818302
FTSJ1,4,0,0,0.374202995519956,NA,NA,NA,0.44902167684597
USP9X,18,0,0,0.374459074619384,NA,NA,NA,0.449413940627072
TMEM260,7,0,0,0.374824096027114,NA,NA,NA,0.449906033586374
CMKLR1,4,0,0,0.374824096027114,NA,NA,NA,0.450037047104096
RAB4A,13,0,0,0.375323504219228,NA,NA,NA,0.45033357632371
TSPAN2,11,0,0,0.375313076840588,NA,NA,NA,0.450392879988082
ZNF20,7,0,0,0.37726199563374,NA,NA,NA,0.453161395051544
RAB30,11,0,0,0.377948042434564,NA,NA,NA,0.453986527097207
TSPAN6,11,0,0,0.377948042434564,NA,NA,NA,0.454248945954068
NOM1,15,0,0,0.378624119496626,NA,NA,NA,0.454904852604948
TGIF2,7,0,0,0.378748818055057,NA,NA,NA,0.455061590207224
IMPA1,15,0,0,0.378748818055057,NA,NA,NA,0.455073527710575
SCO1,17,0,0,0.37880216972041,NA,NA,NA,0.455111538171475
NGRN,13,0,0,0.378748818055057,NA,NA,NA,0.455122805865885
HBEGF,4,0,0,0.378748818055057,NA,NA,NA,0.455207756968683
KITLG,8,0,0,0.378748818055057,NA,NA,NA,0.455394019058565
WDR36,19,0,0,0.379481850709627,NA,NA,NA,0.455817748395957
ARHGEF40,4,0,0,0.379645070873383,NA,NA,NA,0.455931936876638
MAGOHB,11,0,0,0.379481850709627,NA,NA,NA,0.456054795379409
RHNO1,12,0,0,0.379481850709627,NA,NA,NA,0.45610754447149
LPIN1,5,0,0,0.379481850709627,NA,NA,NA,0.456115899008019
NEU3,4,0,0,0.379990691913377,NA,NA,NA,0.456254109205035
WBP11,10,0,0,0.379481850709627,NA,NA,NA,0.456267941704999
TP53RK,16,0,0,0.379481850709627,NA,NA,NA,0.456322064885531
NETO2,14,0,0,0.379481850709627,NA,NA,NA,0.456331798495553
MAP3K9,2,0,0,0.380747798704851,NA,NA,NA,0.457262617280186
TAF10,15,0,0,0.381220123804688,NA,NA,NA,0.457946419169823
RPL35A,6,0,0,0.381345830239816,NA,NA,NA,0.458017440849855
WWTR1,5,0,0,0.38185339902045,NA,NA,NA,0.458523766868342
GABRA2,4,0,0,0.381923236800077,NA,NA,NA,0.458769373790864
LAD1,9,0,0,0.381946809755326,NA,NA,NA,0.458920226343738
RPN1,11,0,0,0.382969228209008,NA,NA,NA,0.459795919208517
ARHGAP29,18,0,0,0.382969228209008,NA,NA,NA,0.459986495771974
ELOVL6,16,0,0,0.382969228209008,NA,NA,NA,0.4601099786166
FYTTD1,22,0,0,0.382969228209008,NA,NA,NA,0.460350974486123
FAM173B,33,0,0,0.3835703803435,NA,NA,NA,0.460408278596577
HSPD1,8,0,0,0.383983882688513,NA,NA,NA,0.461024105374449
ELP2,15,0,0,0.384128869558786,NA,NA,NA,0.461116689263032
ENAH,35,0,0,0.384405256121673,NA,NA,NA,0.461358887484886
RAD23A,5,0,0,0.384607260749694,NA,NA,NA,0.461516364458329
PIK3CA,15,0,0,0.384790480844546,NA,NA,NA,0.461652448735274
THAP8,2,0,0,0.38494882504853,NA,NA,NA,0.461904875985827
GINS2,11,0,0,0.38494882504853,NA,NA,NA,0.461939987590151
G3BP1,22,0,0,0.385726234945012,NA,NA,NA,0.462644442836507
TBC1D22A,2,0,0,0.385924724710985,NA,NA,NA,0.462797748711641
ZC3HAV1,6,0,0,0.385726234945012,NA,NA,NA,0.46287954661047
ITFG1,5,0,0,0.386575677361083,NA,NA,NA,0.463465377052554
ZFHX3,7,0,0,0.3868141875789,NA,NA,NA,0.463709429569628
PLD5,12,0,0,0.386912649109211,NA,NA,NA,0.464137641029748
EIF1AX,16,0,0,0.387339608242846,NA,NA,NA,0.464405245338886
H3F3B,21,0,0,0.387405184302172,NA,NA,NA,0.464407280587604
C15orf41,3,0,0,0.387427207090398,NA,NA,NA,0.464431596884139
DNMT1,2,0,0,0.387339608242846,NA,NA,NA,0.464506553837591
DHX33,8,0,0,0.387427207090398,NA,NA,NA,0.464603883358066
NDUFS1,23,0,0,0.387339608242846,NA,NA,NA,0.464617514811546
MPG,3,0,0,0.387427207090398,NA,NA,NA,0.464717302139471
GTF3C4,6,0,0,0.388018979251167,NA,NA,NA,0.465313553094708
SEC31A,9,0,0,0.388018979251167,NA,NA,NA,0.465371490230414
HERC3,6,0,0,0.388160889065955,NA,NA,NA,0.465407728723522
PANK2,13,0,0,0.388160889065955,NA,NA,NA,0.465525273023075
ST7L,8,0,0,0.389010232139494,NA,NA,NA,0.46673248821964
DOCK5,13,0,0,0.389415121090682,NA,NA,NA,0.467319694225247
NUDT21,6,0,0,0.389638662563389,NA,NA,NA,0.467733442180762
TCERG1,3,0,0,0.390523935754289,NA,NA,NA,0.468666529065132
ACAD9,16,0,0,0.391941897899604,NA,NA,NA,0.47063844189631
YWHAB,20,0,0,0.392353502875103,NA,NA,NA,0.471249715793591
ALG12,6,0,0,0.392704513500951,NA,NA,NA,0.471574847263522
AFG3L2,10,0,0,0.393334303709004,NA,NA,NA,0.472068922130284
DNAJC21,12,0,0,0.393334303709004,NA,NA,NA,0.472252713473386
ZMIZ2,12,0,0,0.393334303709004,NA,NA,NA,0.472519449112999
AAAS,7,0,0,0.393670218513753,NA,NA,NA,0.47269765974693
ATAD1,19,0,0,0.394600745780143,NA,NA,NA,0.473909777399972
FAM57A,19,0,0,0.394823369687358,NA,NA,NA,0.47431340122756
NSUN4,13,0,0,0.394823369687358,NA,NA,NA,0.474566978198428
PDPK1,10,0,0,0.395798241937216,NA,NA,NA,0.475577693044685
TERF1,17,0,0,0.395798241937216,NA,NA,NA,0.475747286613373
HMGCS1,8,0,0,0.396034756530554,NA,NA,NA,0.475920710885928
TMEM19,11,0,0,0.397220153618567,NA,NA,NA,0.477687746964059
CD226,4,0,0,0.397220153618567,NA,NA,NA,0.477800193655626
AKAP1,9,0,0,0.397220153618567,NA,NA,NA,0.478071377506811
KBTBD7,9,0,0,0.397220153618567,NA,NA,NA,0.478093291755875
PABPC1,18,0,0,0.397597103087537,NA,NA,NA,0.478135537423877
SUCLA2,15,0,0,0.397220153618567,NA,NA,NA,0.478350070379031
EPOR,7,0,0,0.397220153618567,NA,NA,NA,0.478449695231101
CDC42BPA,14,0,0,0.39796036753779,NA,NA,NA,0.478596045110984
BCAP29,13,0,0,0.398405745236211,NA,NA,NA,0.478876924449556
ZNF514,5,0,0,0.398328039187013,NA,NA,NA,0.478938759243295
SLC16A1,15,0,0,0.3986163183851,NA,NA,NA,0.479110730589677
PRKAG2,8,0,0,0.398405745236211,NA,NA,NA,0.479160139895675
ALG2,6,0,0,0.39934565676775,NA,NA,NA,0.479936063967431
MED20,4,0,0,0.399413715319161,NA,NA,NA,0.479938279602982
EHD4,11,0,0,0.39934565676775,NA,NA,NA,0.480178630897492
ZNF223,5,0,0,0.399813153709726,NA,NA,NA,0.480533413630425
SMKR1,2,0,0,0.400238359656746,NA,NA,NA,0.480948060024555
SAT1,7,0,0,0.40082242996482,NA,NA,NA,0.482179410054412
PPP4R1,7,0,0,0.40090154076272,NA,NA,NA,0.48219366188604
PNPLA8,7,0,0,0.401013488577453,NA,NA,NA,0.482245248085699
KPNA1,27,0,0,0.40173366626061,NA,NA,NA,0.483421222431169
PPP2R1A,7,0,0,0.401844528972776,NA,NA,NA,0.483471308585306
ZNF282,3,0,0,0.402031549822819,NA,NA,NA,0.483607910192629
PMEPA1,14,0,0,0.402183726105749,NA,NA,NA,0.483704942949025
PHLDB1,4,0,0,0.402258018773023,NA,NA,NA,0.483713580191533
UBE2L3,9,0,0,0.402482076722799,NA,NA,NA,0.483892225326246
GAB1,10,0,0,0.40304986246019,NA,NA,NA,0.484601713617791
KIAA0513,9,0,0,0.403027298878897,NA,NA,NA,0.484651881923954
PDF,16,0,0,0.403320320663047,NA,NA,NA,0.48483283971381
PIK3CB,13,0,0,0.404130367534597,NA,NA,NA,0.48589258994253
LRCH1,6,0,0,0.40568654425567,NA,NA,NA,0.487798694618839
HECA,8,0,0,0.405922528040693,NA,NA,NA,0.487910570769017
PKN3,3,0,0,0.405889104214653,NA,NA,NA,0.487952099629245
NFS1,5,0,0,0.405922528040693,NA,NA,NA,0.488068298513833
DARS2,17,0,0,0.406014207302638,NA,NA,NA,0.488082293340306
VCL,15,0,0,0.406287563723088,NA,NA,NA,0.488315958961448
HCFC2,7,0,0,0.406614010885474,NA,NA,NA,0.488609726204893
PARL,3,0,0,0.407370383144315,NA,NA,NA,0.489390400561533
MBNL3,10,0,0,0.407931357637953,NA,NA,NA,0.48979698244848
SUSD1,8,0,0,0.407931357637953,NA,NA,NA,0.489896306673837
MSANTD2,7,0,0,0.407931357637953,NA,NA,NA,0.490092541965867
DPH6,8,0,0,0.408497588377534,NA,NA,NA,0.490578718280119
CASK,11,0,0,0.408583065033044,NA,NA,NA,0.490663527962506
ARL15,8,0,0,0.408583065033044,NA,NA,NA,0.490720965222445
ZNHIT6,14,0,0,0.408858930450789,NA,NA,NA,0.49074720838474
PNPO,10,0,0,0.408583065033044,NA,NA,NA,0.490835719835526
GFPT1,30,0,0,0.408858930450789,NA,NA,NA,0.490859688816225
DOCK4,7,0,0,0.409193943987833,NA,NA,NA,0.490974022239545
IL20RA,5,0,0,0.408858930450789,NA,NA,NA,0.491068086547545
FITM2,9,0,0,0.409193943987833,NA,NA,NA,0.491236910942056
KDM5B,12,0,0,0.409383999395765,NA,NA,NA,0.491894503655089
DHRS7,5,0,0,0.409747503318917,NA,NA,NA,0.492159912346856
ORAI2,10,0,0,0.409698873048015,NA,NA,NA,0.492181247905999
GUF1,26,0,0,0.409698873048015,NA,NA,NA,0.492438636504553
CCDC78,2,0,0,0.409856287031505,NA,NA,NA,0.492777494106199
EIF3I,4,0,0,0.410067740782987,NA,NA,NA,0.492940315596338
FAM45A,7,0,0,0.409856287031505,NA,NA,NA,0.493062935483288
CLINT1,8,0,0,0.410351639979551,NA,NA,NA,0.493185108950912
RNF145,5,0,0,0.410741658930875,NA,NA,NA,0.493549910966294
SFMBT2,2,0,0,0.411334673333698,NA,NA,NA,0.494144190677794
PHC3,12,0,0,0.411415906298467,NA,NA,NA,0.494352875373071
ZNF253,10,0,0,0.411547359303619,NA,NA,NA,0.494447221194563
SEC11C,2,0,0,0.41190549361795,NA,NA,NA,0.494775608578473
KRAS,9,0,0,0.412467630227287,NA,NA,NA,0.495852132807402
PIK3R1,7,0,0,0.412467630227287,NA,NA,NA,0.495862709171739
TP53BP2,4,0,0,0.412467630227287,NA,NA,NA,0.49596609351238
FBLIM1,3,0,0,0.412467630227287,NA,NA,NA,0.496044660255891
KRIT1,13,0,0,0.412703224640696,NA,NA,NA,0.496140037288256
MCTP1,17,0,0,0.412703224640696,NA,NA,NA,0.496216200588558
STX6,19,0,0,0.412703224640696,NA,NA,NA,0.496232188655898
PCLAF,23,0,0,0.412703224640696,NA,NA,NA,0.496353034170177
KIF21B,4,0,0,0.413360255310767,NA,NA,NA,0.496729340848511
SLC25A11,12,0,0,0.413360255310767,NA,NA,NA,0.496856184076565
STK16,3,0,0,0.413628992380788,NA,NA,NA,0.496952337034188
GMNN,7,0,0,0.413628992380788,NA,NA,NA,0.49700341601546
TTC9,6,0,0,0.413628992380788,NA,NA,NA,0.497011934295756
ALG11,6,0,0,0.413628992380788,NA,NA,NA,0.497106077749455
RFFL,15,0,0,0.413628992380788,NA,NA,NA,0.497164658212241
MCL1,18,0,0,0.413628992380788,NA,NA,NA,0.497188407591008
PLEKHB2,8,0,0,0.413628992380788,NA,NA,NA,0.497354772790935
MMACHC,15,0,0,0.413628992380788,NA,NA,NA,0.497399319209445
COMMD6,11,0,0,0.414229982821571,NA,NA,NA,0.498152343641386
ZNF264,8,0,0,0.414187914588886,NA,NA,NA,0.498258850234282
CEBPD,4,0,0,0.414229982821571,NA,NA,NA,0.498429661015163
MAD2L1,16,0,0,0.414703589234223,NA,NA,NA,0.498883896667345
FIBCD1,3,0,0,0.414682288622621,NA,NA,NA,0.498936946423592
KIF20B,4,0,0,0.414682288622621,NA,NA,NA,0.499044513241865
FANCI,5,0,0,0.414948835196386,NA,NA,NA,0.499084102977043
SLC9B2,5,0,0,0.415321564525744,NA,NA,NA,0.499428352336667
MED28,33,0,0,0.415778077476713,NA,NA,NA,0.500003484737108
KCNK5,4,0,0,0.415778077476713,NA,NA,NA,0.500196281325926
JPT2,26,0,0,0.417260071004543,NA,NA,NA,0.502456083272164
FAM47E-STBD1,5,0,0,0.418088616713534,NA,NA,NA,0.503574669352985
MCTS1,9,0,0,0.418088616713534,NA,NA,NA,0.503840753258893
HIST1H2AI,4,0,0,0.418376044884191,NA,NA,NA,0.503841798107766
MARCH2,2,0,0,0.418088616713534,NA,NA,NA,0.504041157733708
COL1A2,5,0,0,0.418376044884191,NA,NA,NA,0.504045429413224
TAF5,9,0,0,0.418631062794687,NA,NA,NA,0.504158993516957
PPIH,4,0,0,0.418088616713534,NA,NA,NA,0.504305846741023
SAR1B,8,0,0,0.418088616713534,NA,NA,NA,0.504330799946043
EXOSC3,14,0,0,0.418631062794687,NA,NA,NA,0.50434086686464
SIPA1,12,0,0,0.41941229957978,NA,NA,NA,0.504964074433861
ICMT,12,0,0,0.419763858129298,NA,NA,NA,0.505374546303
SLC7A8,2,0,0,0.419894092629354,NA,NA,NA,0.505466329162727
ADPRHL1,4,0,0,0.419763858129298,NA,NA,NA,0.505483453685557
MRPL16,2,0,0,0.419844011515511,NA,NA,NA,0.505565921137032
RPA3,4,0,0,0.419763858129298,NA,NA,NA,0.505650056093519
WDR77,22,0,0,0.419894092629354,NA,NA,NA,0.505673562157574
NSUN3,19,0,0,0.420567249736968,NA,NA,NA,0.506574554096536
DOPEY2,7,0,0,0.420597966467387,NA,NA,NA,0.506721327638591
DDX31,11,0,0,0.420597966467387,NA,NA,NA,0.50683666214188
CEP120,3,0,0,0.420597966467387,NA,NA,NA,0.506894230278446
B3GNT4,8,0,0,0.420597966467387,NA,NA,NA,0.507106166954743
HIF1AN,22,0,0,0.420972712221318,NA,NA,NA,0.507122219815713
USP32,7,0,0,0.420972712221318,NA,NA,NA,0.50720148067134
WDR33,14,0,0,0.420972712221318,NA,NA,NA,0.507308131421502
POLR1E,28,0,0,0.421086936778987,NA,NA,NA,0.507325949811439
IRS1,13,0,0,0.421086936778987,NA,NA,NA,0.507382976902344
CYP4F3,4,0,0,0.421086936778987,NA,NA,NA,0.507423041109271
PYROXD1,9,0,0,0.421086936778987,NA,NA,NA,0.50760460684052
DNAJC10,25,0,0,0.421086936778987,NA,NA,NA,0.507644690755266
IPO7,23,0,0,0.421086936778987,NA,NA,NA,0.507647289489472
PPP2R5A,5,0,0,0.421086936778987,NA,NA,NA,0.507692945802291
SYNCRIP,31,0,0,0.421086936778987,NA,NA,NA,0.507744255157187
PITPNA,7,0,0,0.42162211944371,NA,NA,NA,0.507860477750331
FDX1,14,0,0,0.421086936778987,NA,NA,NA,0.507875069020121
CTDSPL2,20,0,0,0.42157623594164,NA,NA,NA,0.508001003024052
CENPU,8,0,0,0.42162211944371,NA,NA,NA,0.50807201150718
ACBD3,11,0,0,0.42162211944371,NA,NA,NA,0.508145049367008
HIST1H4K,3,0,0,0.421812550828998,NA,NA,NA,0.508165988120982
FZD8,11,0,0,0.42157623594164,NA,NA,NA,0.508279512779745
CRNDE,11,0,0,0.422108395377153,NA,NA,NA,0.508320201917525
GLIPR2,6,0,0,0.422108395377153,NA,NA,NA,0.508425876457805
CAPN7,7,0,0,0.422108395377153,NA,NA,NA,0.508544786843924
FUS,14,0,0,0.422108395377153,NA,NA,NA,0.508667392375429
PLEKHA6,8,0,0,0.422108395377153,NA,NA,NA,0.50891273693277
BACE1,13,0,0,0.422505355747908,NA,NA,NA,0.509215485315351
NF1,12,0,0,0.422562616328778,NA,NA,NA,0.509306515687871
HSP90AA1,10,0,0,0.423306424888363,NA,NA,NA,0.510068030247821
PRKCSH,3,0,0,0.423618674958614,NA,NA,NA,0.510185726207399
COMMD9,4,0,0,0.423501433455588,NA,NA,NA,0.510209844826712
FAM162A,5,0,0,0.423571320592561,NA,NA,NA,0.510210471657227
COBL,5,0,0,0.4243046319442,NA,NA,NA,0.510881221821588
MTURN,16,0,0,0.424937678266221,NA,NA,NA,0.51175693232569
CDKN2AIPNL,9,0,0,0.425036677711369,NA,NA,NA,0.512147990778754
PCNP,8,0,0,0.42554789171727,NA,NA,NA,0.513027279477578
PYGL,4,0,0,0.42554789171727,NA,NA,NA,0.513150371947895
HDHD2,9,0,0,0.425765218154023,NA,NA,NA,0.513238041508583
SPART,12,0,0,0.425760258869779,NA,NA,NA,0.513311224870917
HLX,3,0,0,0.425957771860286,NA,NA,NA,0.513354892673715
SHOX2,8,0,0,0.42554789171727,NA,NA,NA,0.513417192220505
MIS12,7,0,0,0.425957771860286,NA,NA,NA,0.51344177618009
GDPGP1,10,0,0,0.426416797078567,NA,NA,NA,0.514322033560104
SLK,15,0,0,0.426416797078567,NA,NA,NA,0.514336001415796
NUDCD2,13,0,0,0.426416797078567,NA,NA,NA,0.514360669084893
NAP1L1,19,0,0,0.426416797078567,NA,NA,NA,0.514476123957683
OST4,17,0,0,0.426416797078567,NA,NA,NA,0.51457093950169
KLRG2,4,0,0,0.426416797078567,NA,NA,NA,0.514625539771892
PUM2,20,0,0,0.426416797078567,NA,NA,NA,0.514639459667882
SMG9,9,0,0,0.426416797078567,NA,NA,NA,0.514696564455136
SLMAP,16,0,0,0.426416797078567,NA,NA,NA,0.514720787566303
CDKN1B,8,0,0,0.426686533178662,NA,NA,NA,0.514724221004066
SLC25A38,7,0,0,0.427855122671915,NA,NA,NA,0.516163551731129
GSTCD,8,0,0,0.427855122671915,NA,NA,NA,0.516390790244831
GCOM1,13,0,0,0.428435708314249,NA,NA,NA,0.516581077333698
SET,13,0,0,0.428435708314249,NA,NA,NA,0.516863849063632
SCAMP2,3,0,0,0.428884971437152,NA,NA,NA,0.517008434976146
ZDHHC17,9,0,0,0.428435708314249,NA,NA,NA,0.517094496610696
ZMAT3,20,0,0,0.429108920134004,NA,NA,NA,0.517181767803386
OPA1,19,0,0,0.42927477603358,NA,NA,NA,0.517232536648955
CASP2,8,0,0,0.42927477603358,NA,NA,NA,0.517261833216507
AZIN1,21,0,0,0.42927477603358,NA,NA,NA,0.517390631776001
MTERF1,9,0,0,0.429518673728002,NA,NA,NA,0.517428393671398
NARS,17,0,0,0.42927477603358,NA,NA,NA,0.517462673505835
KIF11,10,0,0,0.42927477603358,NA,NA,NA,0.517469879364315
TRNAU1AP,8,0,0,0.42927477603358,NA,NA,NA,0.517570115505666
GPSM1,7,0,0,0.42927477603358,NA,NA,NA,0.517769355167935
KIF1B,5,0,0,0.430659379044656,NA,NA,NA,0.518633393450598
PCCB,11,0,0,0.430852094070025,NA,NA,NA,0.518821435149565
MSH6,7,0,0,0.430852094070025,NA,NA,NA,0.518845523080126
WASHC4,11,0,0,0.430852094070025,NA,NA,NA,0.519065817989146
PEX10,11,0,0,0.431200397012245,NA,NA,NA,0.519342025809358
RIMS2,7,0,0,0.431561917725626,NA,NA,NA,0.520085075286876
PHEX,4,0,0,0.432297367820709,NA,NA,NA,0.520280337848966
PHLPP1,5,0,0,0.432297367820709,NA,NA,NA,0.520554755745136
CCNL2,11,0,0,0.432662051321038,NA,NA,NA,0.520611297392003
RPL37,14,0,0,0.432297367820709,NA,NA,NA,0.520747935034608
RBBP5,9,0,0,0.432246688036298,NA,NA,NA,0.520776401821644
ANGEL2,11,0,0,0.432297367820709,NA,NA,NA,0.520864379134425
TCF4,18,0,0,0.432297367820709,NA,NA,NA,0.520948613996064
WWP1,23,0,0,0.432297367820709,NA,NA,NA,0.52100343106509
RNF2,11,0,0,0.432297367820709,NA,NA,NA,0.521229614987914
CLIC2,3,0,0,0.433401209101522,NA,NA,NA,0.521362637376353
RGL1,12,0,0,0.433524758378622,NA,NA,NA,0.521471204067843
A1BG,5,0,0,0.433524758378622,NA,NA,NA,0.521596975080017
ASF1A,5,0,0,0.433524758378622,NA,NA,NA,0.521678819962882
RASA1,9,0,0,0.433776415167406,NA,NA,NA,0.521774027473981
VOPP1,10,0,0,0.433776415167406,NA,NA,NA,0.521793621409887
ADGRG2,5,0,0,0.433703369901812,NA,NA,NA,0.521800526045183
AMZ2,4,0,0,0.433776415167406,NA,NA,NA,0.521885223448362
HEMK1,11,0,0,0.433955854166874,NA,NA,NA,0.521896736642289
TNFRSF10C,5,0,0,0.433776415167406,NA,NA,NA,0.522153648287551
SLC29A1,10,0,0,0.435046337014304,NA,NA,NA,0.523247867325049
CLPB,20,0,0,0.435480179816456,NA,NA,NA,0.52386220462981
FAU,2,0,0,0.435755233896159,NA,NA,NA,0.52414014857417
RAPGEF1,6,0,0,0.435755233896159,NA,NA,NA,0.524310727056685
LARP4,18,0,0,0.435755233896159,NA,NA,NA,0.524334787058176
ECI1,5,0,0,0.436717855507741,NA,NA,NA,0.52568083563414
NAGA,10,0,0,0.436830070911761,NA,NA,NA,0.525727351496749
CRIM1,15,0,0,0.436717855507741,NA,NA,NA,0.525849352931863
DHTKD1,12,0,0,0.437936978757292,NA,NA,NA,0.527302782281852
ACTR5,6,0,0,0.439169093203659,NA,NA,NA,0.530018586748852
AMN1,8,0,0,0.439169093203659,NA,NA,NA,0.530073884673507
AES,5,0,0,0.439218166178756,NA,NA,NA,0.530199530628972
MARCH7,18,0,0,0.439169093203659,NA,NA,NA,0.530299483426395
WDR5B,15,0,0,0.439169093203659,NA,NA,NA,0.530326887965348
B3GNT3,7,0,0,0.439880913507271,NA,NA,NA,0.530863745633343
ORC4,15,0,0,0.441305796069292,NA,NA,NA,0.532918982855321
SLC25A5,10,0,0,0.441280131892414,NA,NA,NA,0.532975977357229
SDC2,12,0,0,0.441305796069292,NA,NA,NA,0.533057643077046
CLOCK,11,0,0,0.441674928598892,NA,NA,NA,0.533713597004388
MXD1,5,0,0,0.441903786399526,NA,NA,NA,0.533890299881468
TEFM,4,0,0,0.44185525646398,NA,NA,NA,0.533917283911913
USP31,9,0,0,0.442244321324437,NA,NA,NA,0.534191618429092
GCLC,9,0,0,0.442554334277528,NA,NA,NA,0.534458533981863
SLC16A3,17,0,0,0.443264771501347,NA,NA,NA,0.535175187559863
YTHDF3,20,0,0,0.443986319168205,NA,NA,NA,0.536335919592972
ITGB3BP,5,0,0,0.443986319168205,NA,NA,NA,0.536566045685486
CCDC94,3,0,0,0.443986319168205,NA,NA,NA,0.536574386485388
CALCOCO2,18,0,0,0.444348270294889,NA,NA,NA,0.537098935908306
SKAP2,6,0,0,0.445074196704924,NA,NA,NA,0.537832636777698
FLNB,6,0,0,0.445791973873687,NA,NA,NA,0.537986263486026
SNX21,10,0,0,0.445230611392281,NA,NA,NA,0.538010805937004
ZDHHC21,20,0,0,0.445230611392281,NA,NA,NA,0.538204792028207
STAT5A,2,0,0,0.445791973873687,NA,NA,NA,0.538259517803492
SNX16,7,0,0,0.445230611392281,NA,NA,NA,0.538364810421249
CD109,10,0,0,0.445230611392281,NA,NA,NA,0.538365971818767
AVPI1,6,0,0,0.446212268157962,NA,NA,NA,0.538375969625401
KDM1B,5,0,0,0.445791973873687,NA,NA,NA,0.538472872348269
PRR16,4,0,0,0.445791973873687,NA,NA,NA,0.538611630350148
POLR2E,13,0,0,0.445230611392281,NA,NA,NA,0.538611885338029
FBXO3,9,0,0,0.445791973873687,NA,NA,NA,0.53874396047745
CXCL2,2,0,0,0.445791973873687,NA,NA,NA,0.538826516031136
SMC2,22,0,0,0.445791973873687,NA,NA,NA,0.539017162281845
GTPBP4,14,0,0,0.445791973873687,NA,NA,NA,0.539103961967832
FN1,14,0,0,0.447318592080962,NA,NA,NA,0.540193783637543
UBXN6,3,0,0,0.447318592080962,NA,NA,NA,0.540432714138438
REST,7,0,0,0.447318592080962,NA,NA,NA,0.540523571475915
DUSP7,4,0,0,0.447318592080962,NA,NA,NA,0.540574417177968
TLE4,7,0,0,0.447318592080962,NA,NA,NA,0.54060036972858
TCEA1,5,0,0,0.447318592080962,NA,NA,NA,0.540629383856692
FLCN,3,0,0,0.447318592080962,NA,NA,NA,0.540732931671302
CAPNS1,5,0,0,0.447318592080962,NA,NA,NA,0.540963967754418
NMNAT1,8,0,0,0.448365653058491,NA,NA,NA,0.54174883443566
LMBRD1,7,0,0,0.448596249032359,NA,NA,NA,0.541995285480393
MPI,8,0,0,0.448596249032359,NA,NA,NA,0.542119635387528
ANKHD1-EIF4EBP3,9,0,0,0.448891098205247,NA,NA,NA,0.542161324874344
ZFP91,11,0,0,0.44882595980107,NA,NA,NA,0.542170573351278
METRNL,3,0,0,0.44940384441457,NA,NA,NA,0.542405980621411
PCBP2,21,0,0,0.449367559878159,NA,NA,NA,0.542447299233258
RBMXL1,8,0,0,0.449367559878159,NA,NA,NA,0.542530421868531
DYRK1A,19,0,0,0.449367559878159,NA,NA,NA,0.542678286131657
ERRFI1,16,0,0,0.449367559878159,NA,NA,NA,0.542705809159983
UBA3,11,0,0,0.449367559878159,NA,NA,NA,0.542768960115033
RNF152,7,0,0,0.449367559878159,NA,NA,NA,0.54276988690398
CMTM8,3,0,0,0.449367559878159,NA,NA,NA,0.542901256862018
AFAP1,16,0,0,0.449367559878159,NA,NA,NA,0.54298297366001
ZNF226,5,0,0,0.450137080948786,NA,NA,NA,0.543185068261575
GNL3L,26,0,0,0.450137080948786,NA,NA,NA,0.543388171808649
B3GNT9,3,0,0,0.45034297157351,NA,NA,NA,0.54342936785971
RSF1,12,0,0,0.450137080948786,NA,NA,NA,0.543443593385206
MAP3K20,5,0,0,0.45034297157351,NA,NA,NA,0.543676610691525
STAT3,5,0,0,0.450720600210592,NA,NA,NA,0.543953715442071
VEGFA,9,0,0,0.450720600210592,NA,NA,NA,0.543992425289724
EGR1,8,0,0,0.450720600210592,NA,NA,NA,0.544045331885264
MAP3K12,12,0,0,0.450720600210592,NA,NA,NA,0.54422127028681
TNFRSF10A,7,0,0,0.451161424829983,NA,NA,NA,0.5446077334912
UBE2K,23,0,0,0.451992353222498,NA,NA,NA,0.545497505407461
EBI3,2,0,0,0.451973907951634,NA,NA,NA,0.545559070427953
WSB1,14,0,0,0.451860276532533,NA,NA,NA,0.545596507137569
NOL8,5,0,0,0.451939147384202,NA,NA,NA,0.545602444492103
TNFRSF6B,4,0,0,0.452106358668569,NA,NA,NA,0.545631179501694
SNAI2,6,0,0,0.451860276532533,NA,NA,NA,0.545832363624197
C16orf62,6,0,0,0.452270666214052,NA,NA,NA,0.545841668074602
C7orf25,5,0,0,0.452270666214052,NA,NA,NA,0.545842279331456
ZWINT,14,0,0,0.452270666214052,NA,NA,NA,0.545913777450162
C1D,4,0,0,0.452270666214052,NA,NA,NA,0.545936253430283
TPCN2,14,0,0,0.452270666214052,NA,NA,NA,0.54595416144513
ALCAM,11,0,0,0.45236043958677,NA,NA,NA,0.54601342785513
TERF2IP,5,0,0,0.452270666214052,NA,NA,NA,0.546053719771285
TXNRD3,5,0,0,0.45254886751273,NA,NA,NA,0.54642434389722
SFT2D3,12,0,0,0.45254886751273,NA,NA,NA,0.546605123683656
GRPEL1,13,0,0,0.452754442966461,NA,NA,NA,0.54677351119552
CLCN4,9,0,0,0.45254886751273,NA,NA,NA,0.54685236158324
SMIM12,10,0,0,0.452901582498291,NA,NA,NA,0.547057206530884
BAP1,4,0,0,0.45254886751273,NA,NA,NA,0.547100921451115
TRAF5,17,0,0,0.45254886751273,NA,NA,NA,0.547148043814369
ZFP36L1,10,0,0,0.45254886751273,NA,NA,NA,0.54728692748204
SMAD6,6,0,0,0.453018048231856,NA,NA,NA,0.547306463413362
PRDX3,8,0,0,0.45254886751273,NA,NA,NA,0.547344984412857
NAV1,11,0,0,0.45254886751273,NA,NA,NA,0.547388565985546
MILR1,3,0,0,0.453563843683299,NA,NA,NA,0.548112944292704
ZNF543,16,0,0,0.453871593659626,NA,NA,NA,0.54849889252214
C9orf72,8,0,0,0.453911165534171,NA,NA,NA,0.548602693170675
FSTL1,9,0,0,0.453911165534171,NA,NA,NA,0.548710715904108
TMEM250,9,0,0,0.453911165534171,NA,NA,NA,0.548720658363148
AGA,4,0,0,0.453911165534171,NA,NA,NA,0.548834799395767
CCDC88A,18,0,0,0.453911165534171,NA,NA,NA,0.548869680828402
TMEM267,12,0,0,0.454453699679648,NA,NA,NA,0.549659173509291
NIPBL,10,0,0,0.454539098485439,NA,NA,NA,0.549774754725493
STRN,22,0,0,0.454539098485439,NA,NA,NA,0.54977674409545
SFMBT1,8,0,0,0.454681583316373,NA,NA,NA,0.549853536331596
NUDCD3,8,0,0,0.454539098485439,NA,NA,NA,0.549870096501325
ZNF638,6,0,0,0.454539098485439,NA,NA,NA,0.549985680040759
USP6NL,27,0,0,0.454724523307165,NA,NA,NA,0.550018745064917
PRPSAP1,10,0,0,0.454832142136682,NA,NA,NA,0.550125273921551
ZBTB44,8,0,0,0.454539098485439,NA,NA,NA,0.550150863549324
ETFA,13,0,0,0.454539098485439,NA,NA,NA,0.550173556873044
SELENOP,5,0,0,0.454832142136682,NA,NA,NA,0.550238674856354
EFCAB14,12,0,0,0.454539098485439,NA,NA,NA,0.550427807512528
GID8,12,0,0,0.456340623388321,NA,NA,NA,0.552294320208254
LSM8,26,0,0,0.456340623388321,NA,NA,NA,0.552560317781865
LITAF,18,0,0,0.457361550769482,NA,NA,NA,0.552973340372762
PGM1,2,0,0,0.457165527062958,NA,NA,NA,0.553001116457254
RWDD2B,13,0,0,0.457024203013997,NA,NA,NA,0.553009290364396
PEX3,8,0,0,0.457024203013997,NA,NA,NA,0.553095884101034
PRIM1,11,0,0,0.457361550769482,NA,NA,NA,0.553145800111267
CSTF2T,12,0,0,0.457165527062958,NA,NA,NA,0.553170246237783
PGBD5,5,0,0,0.457024203013997,NA,NA,NA,0.553192326636168
DIAPH1,4,0,0,0.457361550769482,NA,NA,NA,0.55322028794462
NT5E,7,0,0,0.457361550769482,NA,NA,NA,0.553278868571923
NAA50,31,0,0,0.457361550769482,NA,NA,NA,0.553621756753041
HACE1,7,0,0,0.457361550769482,NA,NA,NA,0.553680164150115
JAM3,6,0,0,0.457361550769482,NA,NA,NA,0.553856197318965
ACTL6A,7,0,0,0.457361550769482,NA,NA,NA,0.553863948650331
MGP,5,0,0,0.457361550769482,NA,NA,NA,0.553863977234821
KIF1C,10,0,0,0.457361550769482,NA,NA,NA,0.55388465253972
RALGAPA1,2,0,0,0.457361550769482,NA,NA,NA,0.554015571924795
UFSP1,5,0,0,0.457361550769482,NA,NA,NA,0.554036204941083
NUFIP1,9,0,0,0.457361550769482,NA,NA,NA,0.554045345586113
MAIP1,8,0,0,0.457361550769482,NA,NA,NA,0.55410800399343
TLDC1,15,0,0,0.457361550769482,NA,NA,NA,0.554213551472941
ZFP64,9,0,0,0.457361550769482,NA,NA,NA,0.554235768791549
AHCYL1,5,0,0,0.458034161372697,NA,NA,NA,0.554744583405033
SNAPC3,39,0,0,0.458482086762567,NA,NA,NA,0.555187409595361
C1GALT1C1,16,0,0,0.45851209009501,NA,NA,NA,0.555743955232298
IL17RD,5,0,0,0.45851209009501,NA,NA,NA,0.555829182268956
NEMF,20,0,0,0.458684750895686,NA,NA,NA,0.55585374272533
ATP5A1,7,0,0,0.45851209009501,NA,NA,NA,0.555933712100751
NR3C1,6,0,0,0.45902645290208,NA,NA,NA,0.556152461827083
SLC16A7,17,0,0,0.45851209009501,NA,NA,NA,0.556155434631966
NUDT19,7,0,0,0.45851209009501,NA,NA,NA,0.556172963172958
ACAA1,4,0,0,0.45851209009501,NA,NA,NA,0.556173009391823
GUSB,2,0,0,0.459073077514538,NA,NA,NA,0.556317894431646
LARGE1,3,0,0,0.45851209009501,NA,NA,NA,0.55634858173284
MTSS1,4,0,0,0.45851209009501,NA,NA,NA,0.556374567237596
HNRNPC,11,0,0,0.459206016652887,NA,NA,NA,0.556383204961982
ZNF860,8,0,0,0.459257411127843,NA,NA,NA,0.556486990444471
MRE11,14,0,0,0.45851209009501,NA,NA,NA,0.556612398594377
WDR55,10,0,0,0.459257411127843,NA,NA,NA,0.556623847250507
VTA1,11,0,0,0.459257411127843,NA,NA,NA,0.556650019105492
SPATA33,7,0,0,0.459257411127843,NA,NA,NA,0.556820621517265
FGFR1OP,8,0,0,0.45851209009501,NA,NA,NA,0.556850422929456
MAP3K6,3,0,0,0.460004905822793,NA,NA,NA,0.557644495843068
POLR3B,11,0,0,0.460213629205108,NA,NA,NA,0.557847740316282
SEPHS1,10,0,0,0.460350486958303,NA,NA,NA,0.558059813939122
GLIPR1,17,0,0,0.460494121182079,NA,NA,NA,0.558136803779473
ZBTB8OS,9,0,0,0.461021234951193,NA,NA,NA,0.558803415081453
ZBED5,7,0,0,0.461660141579986,NA,NA,NA,0.558967384890306
SAR1A,18,0,0,0.461383120733691,NA,NA,NA,0.558991705163933
STT3B,9,0,0,0.461323195160316,NA,NA,NA,0.559008309061507
FXYD5,4,0,0,0.461608360544091,NA,NA,NA,0.559159678895255
CD164,6,0,0,0.461660141579986,NA,NA,NA,0.559228579043175
TYW3,7,0,0,0.461323195160316,NA,NA,NA,0.559266099086159
SMARCA5,9,0,0,0.461660141579986,NA,NA,NA,0.5592964067526
KPNA4,15,0,0,0.462470825991232,NA,NA,NA,0.559655971653328
KANK2,4,0,0,0.462470825991232,NA,NA,NA,0.559662058920058
CD44,9,0,0,0.462438617862879,NA,NA,NA,0.559669051320362
APCDD1L,3,0,0,0.462372050226106,NA,NA,NA,0.559678126338919
B4GALNT1,3,0,0,0.462470825991232,NA,NA,NA,0.55970649770104
LGALS3,6,0,0,0.462470825991232,NA,NA,NA,0.5598031017529
CBY1,3,0,0,0.462470825991232,NA,NA,NA,0.559858443284127
PLEK2,8,0,0,0.462470825991232,NA,NA,NA,0.559910409835692
COQ5,2,0,0,0.462470825991232,NA,NA,NA,0.559920833844578
IFRD1,7,0,0,0.462470825991232,NA,NA,NA,0.560019223725358
MAL2,13,0,0,0.462470825991232,NA,NA,NA,0.560063644982975
CCDC6,12,0,0,0.462470825991232,NA,NA,NA,0.5600997736072
ORMDL2,24,0,0,0.462470825991232,NA,NA,NA,0.560107853146207
FANCC,10,0,0,0.462470825991232,NA,NA,NA,0.56012291266519
NAV2,5,0,0,0.462470825991232,NA,NA,NA,0.560131168535534
SEPT11,23,0,0,0.462470825991232,NA,NA,NA,0.560200955230893
PRPF38A,15,0,0,0.462470825991232,NA,NA,NA,0.560272004078772
SP3,17,0,0,0.462470825991232,NA,NA,NA,0.560281713565961
KMT2A,12,0,0,0.462470825991232,NA,NA,NA,0.560442450051046
SIKE1,19,0,0,0.463282637906016,NA,NA,NA,0.560864461666114
RNF180,7,0,0,0.46404434036128,NA,NA,NA,0.562017731967375
CHIC2,20,0,0,0.464460103437794,NA,NA,NA,0.56214752410406
ARPIN,9,0,0,0.464347194724905,NA,NA,NA,0.56218836727753
CDKL1,14,0,0,0.464460103437794,NA,NA,NA,0.562265361593479
ACO1,15,0,0,0.464347194724905,NA,NA,NA,0.562430318510104
SNRNP25,4,0,0,0.465270675395619,NA,NA,NA,0.562716901469366
TLR1,7,0,0,0.465135290689084,NA,NA,NA,0.562815879369829
CLGN,6,0,0,0.465270675395619,NA,NA,NA,0.562880175613555
MTFR1,19,0,0,0.465756410039799,NA,NA,NA,0.563007840038659
TIMELESS,9,0,0,0.465652102093892,NA,NA,NA,0.563057991268601
GEMIN6,5,0,0,0.465756410039799,NA,NA,NA,0.563136784960797
AJUBA,11,0,0,0.465270675395619,NA,NA,NA,0.563143521578185
PANX1,12,0,0,0.466294250200852,NA,NA,NA,0.563439547796207
ATAD2,11,0,0,0.466513305231864,NA,NA,NA,0.563599922528679
HSPB11,6,0,0,0.466294250200852,NA,NA,NA,0.563695059732737
KHDRBS1,4,0,0,0.466740556956165,NA,NA,NA,0.563962665511228
EYA1,3,0,0,0.466952745167674,NA,NA,NA,0.563977476544649
MPV17,4,0,0,0.466952745167674,NA,NA,NA,0.564163708970483
ACTR1B,4,0,0,0.466952745167674,NA,NA,NA,0.564216016015897
EPHA4,4,0,0,0.466972196101407,NA,NA,NA,0.564354189579221
MCM4,7,0,0,0.466972196101407,NA,NA,NA,0.564624972906376
DYNC1I2,12,0,0,0.466972196101407,NA,NA,NA,0.564628088082079
SECTM1,5,0,0,0.466972196101407,NA,NA,NA,0.564892421879159
MED13L,14,0,0,0.466972196101407,NA,NA,NA,0.56513566928871
PRCP,14,0,0,0.467652118157323,NA,NA,NA,0.565209846279832
ZFC3H1,6,0,0,0.466972196101407,NA,NA,NA,0.565331177212699
RPS12,5,0,0,0.467652118157323,NA,NA,NA,0.565389970279334
STX11,4,0,0,0.466972196101407,NA,NA,NA,0.565498495151418
SLC36A4,13,0,0,0.467691791820741,NA,NA,NA,0.565890451663272
CHAF1B,5,0,0,0.467677505108242,NA,NA,NA,0.566041364232887
MGLL,5,0,0,0.467691791820741,NA,NA,NA,0.566147385593998
SUCO,6,0,0,0.467778559117843,NA,NA,NA,0.566500589730764
TTC37,15,0,0,0.468080866784531,NA,NA,NA,0.566923336961904
ASCC3,6,0,0,0.468296686900673,NA,NA,NA,0.567020409462468
PNLIPRP3,4,0,0,0.468296686900673,NA,NA,NA,0.567190158684604
VASP,12,0,0,0.46824832385664,NA,NA,NA,0.567217598973847
IRF6,13,0,0,0.468468441376988,NA,NA,NA,0.567319133900488
HMGXB4,6,0,0,0.468296686900673,NA,NA,NA,0.567361593722801
RABGGTA,2,0,0,0.468605040364621,NA,NA,NA,0.567387353635635
MARCKS,13,0,0,0.469201133674153,NA,NA,NA,0.56772115411612
VGLL3,16,0,0,0.469117203074898,NA,NA,NA,0.567789250173489
SREK1,19,0,0,0.469117203074898,NA,NA,NA,0.567936159198528
SNX17,8,0,0,0.469201133674153,NA,NA,NA,0.567967600203327
TBCD,6,0,0,0.469201133674153,NA,NA,NA,0.568021281497883
ZBTB16,3,0,0,0.469201133674153,NA,NA,NA,0.568287710804804
SUDS3,22,0,0,0.469624991425645,NA,NA,NA,0.568472179341005
THBD,2,0,0,0.469784150097781,NA,NA,NA,0.568485708552685
CSE1L,11,0,0,0.469784150097781,NA,NA,NA,0.568588782434743
PRRG2,3,0,0,0.469784150097781,NA,NA,NA,0.56859118951694
PPP1R3E,8,0,0,0.469624991425645,NA,NA,NA,0.568709466249868
ZNF14,5,0,0,0.469624991425645,NA,NA,NA,0.568811953095584
ZC3H10,6,0,0,0.469624991425645,NA,NA,NA,0.568848872546518
NUP35,8,0,0,0.469624991425645,NA,NA,NA,0.569026509842066
TFDP2,13,0,0,0.469624991425645,NA,NA,NA,0.569059163149984
ZNF384,7,0,0,0.470796224356932,NA,NA,NA,0.570199286622391
FOXN3,6,0,0,0.471451121299031,NA,NA,NA,0.571032836779075
TMEM223,7,0,0,0.471866991118529,NA,NA,NA,0.571600895367151
ZBTB14,12,0,0,0.472160081883112,NA,NA,NA,0.571758055908704
EXT2,10,0,0,0.47275981515242,NA,NA,NA,0.571797154970737
ARID3B,4,0,0,0.472160081883112,NA,NA,NA,0.571845972179602
VPS35,10,0,0,0.473126068855705,NA,NA,NA,0.571952334412414
ARL4C,7,0,0,0.472744143302913,NA,NA,NA,0.572008532424986
BICD2,5,0,0,0.47275981515242,NA,NA,NA,0.572013438057098
LAMTOR1,8,0,0,0.47275981515242,NA,NA,NA,0.572013893660451
FOXO3,9,0,0,0.47312000368488,NA,NA,NA,0.57202905611872
G3BP2,21,0,0,0.47275981515242,NA,NA,NA,0.572087203744633
CLIP4,9,0,0,0.47312000368488,NA,NA,NA,0.572143578563376
FBXW8,8,0,0,0.472744143302913,NA,NA,NA,0.572213651639341
SDHC,19,0,0,0.47275981515242,NA,NA,NA,0.572289709688344
LRIG3,8,0,0,0.472744143302913,NA,NA,NA,0.572290267935287
FAM120A,10,0,0,0.472744143302913,NA,NA,NA,0.572299030710433
SIRT5,10,0,0,0.472744143302913,NA,NA,NA,0.572487245803982
CDC123,3,0,0,0.472744143302913,NA,NA,NA,0.572630252254592
DDX19A,13,0,0,0.472744143302913,NA,NA,NA,0.572841556303253
C1orf21,15,0,0,0.473915858433222,NA,NA,NA,0.573492341123015
GOLPH3,6,0,0,0.473915858433222,NA,NA,NA,0.573545586257311
CDC42SE1,11,0,0,0.473915858433222,NA,NA,NA,0.573647290999537
ZNF148,13,0,0,0.473973336933464,NA,NA,NA,0.573692404316139
BTG1,8,0,0,0.473973336933464,NA,NA,NA,0.573728000614497
OGFRL1,23,0,0,0.473915858433222,NA,NA,NA,0.573767151001024
VPS37A,21,0,0,0.474336798849412,NA,NA,NA,0.573883026589829
NDUFB9,10,0,0,0.473915858433222,NA,NA,NA,0.573896655193118
FBXL16,2,0,0,0.473915858433222,NA,NA,NA,0.573969538483877
LAMP2,4,0,0,0.474336798849412,NA,NA,NA,0.574060564400675
EXO1,13,0,0,0.474336798849412,NA,NA,NA,0.574126026484631
ARF4,10,0,0,0.47484692946277,NA,NA,NA,0.57436394394665
LRRC8A,5,0,0,0.474966652278037,NA,NA,NA,0.574412707885425
DDHD2,20,0,0,0.476857610283512,NA,NA,NA,0.576670117335476
MSS51,4,0,0,0.476847688328282,NA,NA,NA,0.576743166887599
TMEM268,13,0,0,0.476760692773675,NA,NA,NA,0.576815174221219
NDUFB5,7,0,0,0.476847688328282,NA,NA,NA,0.576873220044664
FAM192A,15,0,0,0.476660899568595,NA,NA,NA,0.5769575425296
ST6GALNAC2,6,0,0,0.476760692773675,NA,NA,NA,0.576987172831235
TASP1,6,0,0,0.476760692773675,NA,NA,NA,0.577137763449324
PTAR1,16,0,0,0.477592652740557,NA,NA,NA,0.577441541380286
SPARC,12,0,0,0.477592652740557,NA,NA,NA,0.577458962720233
ZNF513,4,0,0,0.477592652740557,NA,NA,NA,0.57748028618438
VWA1,2,0,0,0.477592652740557,NA,NA,NA,0.577524092236971
ACOT13,14,0,0,0.477592652740557,NA,NA,NA,0.577673973027918
FOXM1,3,0,0,0.477592652740557,NA,NA,NA,0.577750431227396
TRAPPC4,3,0,0,0.477592652740557,NA,NA,NA,0.578312170038172
DEPDC1,14,0,0,0.477592652740557,NA,NA,NA,0.578314246368785
MARCKSL1,3,0,0,0.477958526697833,NA,NA,NA,0.578632498291732
PDZD4,3,0,0,0.478883803068722,NA,NA,NA,0.580748977570003
SPATS2,6,0,0,0.478883803068722,NA,NA,NA,0.580794368003093
LYNX1,3,0,0,0.478883803068722,NA,NA,NA,0.580951495515076
VTI1A,9,0,0,0.478883803068722,NA,NA,NA,0.580967802376476
ALDH6A1,14,0,0,0.478883803068722,NA,NA,NA,0.58109120635858
MTPN,9,0,0,0.478883803068722,NA,NA,NA,0.581125176011118
GSTO2,5,0,0,0.478883803068722,NA,NA,NA,0.58128832845483
MEF2A,14,0,0,0.479340005807466,NA,NA,NA,0.581356041632526
DENR,28,0,0,0.479784497884181,NA,NA,NA,0.581772129731731
TRIP13,10,0,0,0.479784497884181,NA,NA,NA,0.581779703151549
ECD,10,0,0,0.479784497884181,NA,NA,NA,0.581882585668485
UBP1,8,0,0,0.479914582742383,NA,NA,NA,0.582041852613189
RPN2,5,0,0,0.479914582742383,NA,NA,NA,0.582192045109984
DNMT3A,8,0,0,0.479914582742383,NA,NA,NA,0.582348979273829
RAB10,16,0,0,0.480357136059434,NA,NA,NA,0.583035324105741
RPS2,7,0,0,0.480357136059434,NA,NA,NA,0.583408932198445
NECAP2,7,0,0,0.480357136059434,NA,NA,NA,0.58351760205052
ZNF84,3,0,0,0.480357136059434,NA,NA,NA,0.583601493093253
OTUD7B,18,0,0,0.480357136059434,NA,NA,NA,0.583607976357317
CALM1,22,0,0,0.480357136059434,NA,NA,NA,0.583683252671667
TM9SF4,11,0,0,0.480357136059434,NA,NA,NA,0.583688349754264
GHITM,29,0,0,0.480357136059434,NA,NA,NA,0.583708695558746
SDHAF2,12,0,0,0.480357136059434,NA,NA,NA,0.583721994452064
MYNN,14,0,0,0.480357136059434,NA,NA,NA,0.583736663810844
RNF214,9,0,0,0.480357136059434,NA,NA,NA,0.583738702925171
MRPL49,4,0,0,0.480357136059434,NA,NA,NA,0.583796703083042
PLXNB1,6,0,0,0.480357136059434,NA,NA,NA,0.583848507255132
RPRD1B,5,0,0,0.480357136059434,NA,NA,NA,0.583864457526857
IDH3A,11,0,0,0.480357136059434,NA,NA,NA,0.58388458287636
PRSS53,2,0,0,0.480357136059434,NA,NA,NA,0.58400291924975
ZBTB38,10,0,0,0.480357136059434,NA,NA,NA,0.584026988237182
KIF3B,7,0,0,0.480480038312795,NA,NA,NA,0.584031633509181
FAM96A,4,0,0,0.480633378603973,NA,NA,NA,0.584116027424172
NUF2,5,0,0,0.480480038312795,NA,NA,NA,0.584236092912122
SMAD5,13,0,0,0.480480038312795,NA,NA,NA,0.584449809655949
MYO9A,13,0,0,0.480480038312795,NA,NA,NA,0.58453663925643
EPHX4,3,0,0,0.481137588262725,NA,NA,NA,0.584555323255476
RMDN1,10,0,0,0.481137588262725,NA,NA,NA,0.584695290356908
TMEM138,9,0,0,0.481224243280371,NA,NA,NA,0.584698383963125
CEP83,7,0,0,0.481989043105808,NA,NA,NA,0.585387285011676
R3HDM2,2,0,0,0.481881855900784,NA,NA,NA,0.585439632825021
SETD2,4,0,0,0.481881855900784,NA,NA,NA,0.585529108463076
YBX3,10,0,0,0.481989043105808,NA,NA,NA,0.585617556884717
FANCG,3,0,0,0.482210743974079,NA,NA,NA,0.585618959112782
MPHOSPH8,7,0,0,0.482210743974079,NA,NA,NA,0.585785157907288
RNASE4,2,0,0,0.482314990274319,NA,NA,NA,0.585869020260897
ADAM21,3,0,0,0.482314990274319,NA,NA,NA,0.585897010860247
TPRG1L,7,0,0,0.482314990274319,NA,NA,NA,0.585923606240821
RPL10A,6,0,0,0.482314990274319,NA,NA,NA,0.586020250502758
MCM3AP,8,0,0,0.482314990274319,NA,NA,NA,0.586024630141158
RPS15,3,0,0,0.482314990274319,NA,NA,NA,0.586051339181403
TSN,12,0,0,0.482314990274319,NA,NA,NA,0.586063205544464
CDCA4,10,0,0,0.482314990274319,NA,NA,NA,0.586094167376414
PNRC1,9,0,0,0.482314990274319,NA,NA,NA,0.58612787937332
MRPL12,6,0,0,0.482314990274319,NA,NA,NA,0.58614150188119
ORC3,6,0,0,0.482314990274319,NA,NA,NA,0.58614780843247
CST3,3,0,0,0.483166466362128,NA,NA,NA,0.586962668207671
VMA21,14,0,0,0.483736887688557,NA,NA,NA,0.587605280623388
UGT8,8,0,0,0.483736887688557,NA,NA,NA,0.587822780711433
ZNF579,2,0,0,0.484278076280127,NA,NA,NA,0.587846896384826
PFN2,8,0,0,0.484219110305149,NA,NA,NA,0.587979038334534
TMEM18,9,0,0,0.484278076280127,NA,NA,NA,0.587992954661876
NUP54,4,0,0,0.484219110305149,NA,NA,NA,0.588025655756427
SLC25A25,3,0,0,0.484219110305149,NA,NA,NA,0.588214805879251
TMEM116,4,0,0,0.484278076280127,NA,NA,NA,0.588232979659799
ERP29,7,0,0,0.484278076280127,NA,NA,NA,0.588252221961998
DNAJC1,6,0,0,0.484219110305149,NA,NA,NA,0.588288525461614
EMB,11,0,0,0.484706562165055,NA,NA,NA,0.588366859590051
CTDSP2,5,0,0,0.484278076280127,NA,NA,NA,0.588404212129553
HNRNPA2B1,40,0,0,0.484278076280127,NA,NA,NA,0.588423583404735
WDR41,33,0,0,0.484706562165055,NA,NA,NA,0.588429268142496
CEP78,22,0,0,0.484706562165055,NA,NA,NA,0.588442917297518
ZNF589,10,0,0,0.484278076280127,NA,NA,NA,0.588515278158359
SELENOK,11,0,0,0.484278076280127,NA,NA,NA,0.588522038444517
ATP6V1D,23,0,0,0.484278076280127,NA,NA,NA,0.588567754771684
CGGBP1,12,0,0,0.484706562165055,NA,NA,NA,0.588579889496434
ETFBKMT,10,0,0,0.484706562165055,NA,NA,NA,0.588640885145481
PTPRA,9,0,0,0.484278076280127,NA,NA,NA,0.588684686224155
ETS1,6,0,0,0.484278076280127,NA,NA,NA,0.588685384216875
FZR1,9,0,0,0.484706562165055,NA,NA,NA,0.588699199622638
EBNA1BP2,8,0,0,0.484278076280127,NA,NA,NA,0.58872074019422
CNKSR3,8,0,0,0.484706562165055,NA,NA,NA,0.588821737982155
HAGHL,3,0,0,0.484278076280127,NA,NA,NA,0.588857772569955
SENP2,8,0,0,0.484706562165055,NA,NA,NA,0.588963139061536
POLR2B,4,0,0,0.484706562165055,NA,NA,NA,0.589033491646512
ASXL2,16,0,0,0.484706562165055,NA,NA,NA,0.589055995285596
CCDC25,6,0,0,0.484706562165055,NA,NA,NA,0.589109714359885
PLAA,7,0,0,0.484706562165055,NA,NA,NA,0.589227294528126
INSIG2,8,0,0,0.484706562165055,NA,NA,NA,0.589239957967329
ADAM12,5,0,0,0.484706562165055,NA,NA,NA,0.589398244577821
EPHB4,6,0,0,0.485906079883213,NA,NA,NA,0.589729485824825
ZNF280C,5,0,0,0.485903599223033,NA,NA,NA,0.589811878350801
IGFBP4,5,0,0,0.48642553985,NA,NA,NA,0.59004662937952
ZNF552,15,0,0,0.48642553985,NA,NA,NA,0.590209900028012
RAD18,16,0,0,0.48642553985,NA,NA,NA,0.59022446557014
MED10,5,0,0,0.487351841183628,NA,NA,NA,0.590587889479305
HES7,5,0,0,0.48681866603208,NA,NA,NA,0.590670228583538
SART3,14,0,0,0.487213486149562,NA,NA,NA,0.590774872622405
JARID2,6,0,0,0.48681866603208,NA,NA,NA,0.590819280920527
VPS8,5,0,0,0.487351841183628,NA,NA,NA,0.59082933676071
TNS4,11,0,0,0.487351841183628,NA,NA,NA,0.590841804921189
THG1L,7,0,0,0.487213486149562,NA,NA,NA,0.590981023197324
MSH2,5,0,0,0.487213486149562,NA,NA,NA,0.591034993915818
MRPS34,2,0,0,0.487351841183628,NA,NA,NA,0.591061176037003
LETM2,10,0,0,0.487213486149562,NA,NA,NA,0.591156786276754
NDUFC2,4,0,0,0.487213486149562,NA,NA,NA,0.591228741138255
MALT1,23,0,0,0.487213486149562,NA,NA,NA,0.59127706149209
UQCRH,4,0,0,0.487849008772207,NA,NA,NA,0.591546977737291
FXN,14,0,0,0.487849008772207,NA,NA,NA,0.59155462517845
PLXNA3,6,0,0,0.487849008772207,NA,NA,NA,0.591598143927204
RPS3A,8,0,0,0.488129415344419,NA,NA,NA,0.59175558982133
LMO4,14,0,0,0.488129415344419,NA,NA,NA,0.591901002792559
IPPK,8,0,0,0.488211584353574,NA,NA,NA,0.59204288053859
TNRC6A,6,0,0,0.488129415344419,NA,NA,NA,0.592103816422845
PNMA1,4,0,0,0.488129415344419,NA,NA,NA,0.592135090039008
ELAVL1,10,0,0,0.488211584353574,NA,NA,NA,0.592256902981417
GPATCH4,7,0,0,0.488129415344419,NA,NA,NA,0.592345930693249
SERPINE2,8,0,0,0.488211584353574,NA,NA,NA,0.592354388764355
AZIN2,3,0,0,0.488211584353574,NA,NA,NA,0.592476271123682
SF3A1,12,0,0,0.488129415344419,NA,NA,NA,0.592572443500312
SMARCC1,13,0,0,0.488664543264361,NA,NA,NA,0.592991619748761
SEC23IP,8,0,0,0.488911883360275,NA,NA,NA,0.593178507570742
GRAMD2B,7,0,0,0.489284260894893,NA,NA,NA,0.59378255954434
TTC19,17,0,0,0.48924423799415,NA,NA,NA,0.593823762161666
SPTY2D1,8,0,0,0.48924423799415,NA,NA,NA,0.594015424364049
BLOC1S2,7,0,0,0.48924423799415,NA,NA,NA,0.594042295664126
SPEN,5,0,0,0.490274003937803,NA,NA,NA,0.594785224467242
BABAM1,3,0,0,0.491164560343696,NA,NA,NA,0.595678222480492
GRAMD4,4,0,0,0.491540252098409,NA,NA,NA,0.596277061441995
BCL9,2,0,0,0.491540252098409,NA,NA,NA,0.596463743232941
SOX12,4,0,0,0.492489789556764,NA,NA,NA,0.59723410967175
PITPNM3,3,0,0,0.492996440390425,NA,NA,NA,0.597704513803411
MED17,7,0,0,0.493332702926758,NA,NA,NA,0.598166549726257
RIOK3,7,0,0,0.493416841923904,NA,NA,NA,0.598229086094604
NUMB,11,0,0,0.493886781127369,NA,NA,NA,0.599323109611103
BRD7,13,0,0,0.493886781127369,NA,NA,NA,0.59956090578479
SETD3,7,0,0,0.494545184878154,NA,NA,NA,0.601032265248262
SH3GLB1,15,0,0,0.494545184878154,NA,NA,NA,0.601071244992611
CANX,23,0,0,0.496652007921038,NA,NA,NA,0.603448301311498
CAPRIN1,34,0,0,0.496652007921038,NA,NA,NA,0.603500819973611
IPO11,14,0,0,0.496652007921038,NA,NA,NA,0.60361819448042
PTPN9,9,0,0,0.496652007921038,NA,NA,NA,0.603685842686817
NUP37,8,0,0,0.496652007921038,NA,NA,NA,0.603718751851752
HOMER1,10,0,0,0.49741624964454,NA,NA,NA,0.604200208155047
GINS1,5,0,0,0.498105116361319,NA,NA,NA,0.605106518847217
SCNN1A,4,0,0,0.498105116361319,NA,NA,NA,0.605139448973082
ANKRD12,8,0,0,0.498178498660776,NA,NA,NA,0.605379953152419
G6PD,3,0,0,0.498178498660776,NA,NA,NA,0.605672514075084
WDR63,2,0,0,0.498178498660776,NA,NA,NA,0.605789546267572
ACTR1A,12,0,0,0.498607487697964,NA,NA,NA,0.606059486001093
KLF5,5,0,0,0.498557698074149,NA,NA,NA,0.606092315501928
TBC1D19,17,0,0,0.498608416908818,NA,NA,NA,0.606151356711838
ABCF3,5,0,0,0.498557698074149,NA,NA,NA,0.606246024815879
DBNL,24,0,0,0.500212199505723,NA,NA,NA,0.608001984794077
BLOC1S4,9,0,0,0.500369349180095,NA,NA,NA,0.608436038626602
MTHFD2,20,0,0,0.500547287269545,NA,NA,NA,0.609297272712032
EIF2AK2,20,0,0,0.500547287269545,NA,NA,NA,0.609442698840936
PNN,12,0,0,0.500547287269545,NA,NA,NA,0.609448129538847
MFN1,18,0,0,0.500547287269545,NA,NA,NA,0.60952141591116
RRP1B,7,0,0,0.500547287269545,NA,NA,NA,0.609604200557065
SSR3,34,0,0,0.500845195554436,NA,NA,NA,0.609686995668745
PRAF2,5,0,0,0.500547287269545,NA,NA,NA,0.609786684159677
ERH,4,0,0,0.500547287269545,NA,NA,NA,0.609825590834035
THOC7,12,0,0,0.501081541689443,NA,NA,NA,0.609858206869937
ALDH5A1,5,0,0,0.502314393071905,NA,NA,NA,0.611872707348034
RMND1,4,0,0,0.502609476794055,NA,NA,NA,0.612345581354064
ARFRP1,6,0,0,0.502761492320378,NA,NA,NA,0.612415753991665
ERO1A,14,0,0,0.502609476794055,NA,NA,NA,0.612426500063735
RNF24,15,0,0,0.502710698861097,NA,NA,NA,0.612448792044465
LRPAP1,24,0,0,0.503150376574664,NA,NA,NA,0.612487053440838
BCKDK,8,0,0,0.503353240299077,NA,NA,NA,0.612532924688207
RPL18A,6,0,0,0.502609476794055,NA,NA,NA,0.612536130516129
MLLT10,6,0,0,0.503150376574664,NA,NA,NA,0.612633786569264
TMEM154,14,0,0,0.503353240299077,NA,NA,NA,0.612651276916605
AHR,8,0,0,0.503150376574664,NA,NA,NA,0.612656394728668
MAGED2,3,0,0,0.503087609680029,NA,NA,NA,0.612684892995016
KLHL9,9,0,0,0.503150376574664,NA,NA,NA,0.612733593961483
ACAP2,5,0,0,0.503150376574664,NA,NA,NA,0.612816858921864
SRPX2,9,0,0,0.503150376574664,NA,NA,NA,0.612832629997516
RASSF3,4,0,0,0.503150376574664,NA,NA,NA,0.612850228224451
TIMM8B,6,0,0,0.503150376574664,NA,NA,NA,0.61288338157864
SIX4,4,0,0,0.503150376574664,NA,NA,NA,0.61290678092958
ZNF527,10,0,0,0.503150376574664,NA,NA,NA,0.612912193359147
MFAP3L,9,0,0,0.503150376574664,NA,NA,NA,0.612913884348297
CCNH,24,0,0,0.503801545731553,NA,NA,NA,0.612935741596516
ZNF277,21,0,0,0.504059502581697,NA,NA,NA,0.613041874817961
TFAP2A,11,0,0,0.503984173440593,NA,NA,NA,0.613047535836343
MARCH9,7,0,0,0.503150376574664,NA,NA,NA,0.61306954809492
EMC3,17,0,0,0.503150376574664,NA,NA,NA,0.613074644396707
VCP,14,0,0,0.503150376574664,NA,NA,NA,0.61308413182562
SSR1,27,0,0,0.503150376574664,NA,NA,NA,0.613173399100474
VRK2,17,0,0,0.503150376574664,NA,NA,NA,0.613176613364057
UGDH,11,0,0,0.503150376574664,NA,NA,NA,0.613269689095293
C19orf66,3,0,0,0.503150376574664,NA,NA,NA,0.613381946961797
GPN2,5,0,0,0.503150376574664,NA,NA,NA,0.613394539673978
IL13RA1,10,0,0,0.505594513594449,NA,NA,NA,0.614664282409206
RPTOR,11,0,0,0.505594513594449,NA,NA,NA,0.61466646623778
FAM204A,19,0,0,0.505594513594449,NA,NA,NA,0.614715198223832
RPL34,10,0,0,0.505594513594449,NA,NA,NA,0.61472172006743
BORCS5,18,0,0,0.505594513594449,NA,NA,NA,0.614790241968589
PACS1,7,0,0,0.505594513594449,NA,NA,NA,0.614857011862407
SYNE1,5,0,0,0.505634496119019,NA,NA,NA,0.614884936022602
ZFAND6,6,0,0,0.505594513594449,NA,NA,NA,0.61492463471912
ARL10,3,0,0,0.505634496119019,NA,NA,NA,0.614930804583852
IPO8,5,0,0,0.505926880054273,NA,NA,NA,0.615017713098627
VPS13B,3,0,0,0.505634496119019,NA,NA,NA,0.615062854058
UHRF1BP1,11,0,0,0.505594513594449,NA,NA,NA,0.615095212154203
TPBG,11,0,0,0.505891042566879,NA,NA,NA,0.615123106886935
RAB27A,6,0,0,0.505926880054273,NA,NA,NA,0.615141155807043
CA5B,10,0,0,0.505594513594449,NA,NA,NA,0.615186587847526
SRSF6,15,0,0,0.505594513594449,NA,NA,NA,0.61521788559216
SLC35E1,17,0,0,0.505634496119019,NA,NA,NA,0.61526417417032
SMAD4,13,0,0,0.505594513594449,NA,NA,NA,0.615370233100072
GALNT7,8,0,0,0.505594513594449,NA,NA,NA,0.61538842745668
OXR1,8,0,0,0.505594513594449,NA,NA,NA,0.615446468685543
MOCS3,21,0,0,0.505594513594449,NA,NA,NA,0.615450759313595
NME6,7,0,0,0.50633369308728,NA,NA,NA,0.61551699525888
SRP14,9,0,0,0.506807429087918,NA,NA,NA,0.615768551494079
PIGG,4,0,0,0.506766725474312,NA,NA,NA,0.615813794898866
BBOX1,2,0,0,0.506807429087918,NA,NA,NA,0.616000162025646
CTDNEP1,9,0,0,0.506766725474312,NA,NA,NA,0.616009721214699
SEPHS2,2,0,0,0.507178565683907,NA,NA,NA,0.616094774391047
EEF2,8,0,0,0.506807429087918,NA,NA,NA,0.616141259869516
SLC44A5,4,0,0,0.507178565683907,NA,NA,NA,0.616281034967358
EXOSC2,27,0,0,0.50792972751097,NA,NA,NA,0.616723421489778
KRR1,30,0,0,0.50792972751097,NA,NA,NA,0.616922128158173
MAP1B,7,0,0,0.50792972751097,NA,NA,NA,0.617005456926657
SKIL,9,0,0,0.50792972751097,NA,NA,NA,0.617039105330518
TBC1D9B,6,0,0,0.50792972751097,NA,NA,NA,0.617101494412084
ATP5O,4,0,0,0.50792972751097,NA,NA,NA,0.617243312901001
IPMK,11,0,0,0.50792972751097,NA,NA,NA,0.617487983292451
C12orf49,25,0,0,0.508375441971668,NA,NA,NA,0.61755418526712
MAD2L2,2,0,0,0.508615868186209,NA,NA,NA,0.617640271684373
DCUN1D4,23,0,0,0.508375441971668,NA,NA,NA,0.617723562537056
SLIT3,7,0,0,0.508783198795421,NA,NA,NA,0.617734667120386
BMPR2,17,0,0,0.508615868186209,NA,NA,NA,0.617772586964637
ANKRD9,6,0,0,0.509852697292313,NA,NA,NA,0.619312165540156
EGLN1,16,0,0,0.50952137023818,NA,NA,NA,0.61940311674635
CEP68,6,0,0,0.509852697292313,NA,NA,NA,0.619532785485229
MESD,4,0,0,0.50952137023818,NA,NA,NA,0.619584945906669
RBM39,11,0,0,0.510032333304499,NA,NA,NA,0.619592159011291
PLD1,9,0,0,0.510150297847482,NA,NA,NA,0.619632511497719
TBC1D23,6,0,0,0.509852697292313,NA,NA,NA,0.619697221223123
HNRNPA0,18,0,0,0.509852697292313,NA,NA,NA,0.619771265260649
TBL2,13,0,0,0.509852697292313,NA,NA,NA,0.61988189579034
EXOSC6,13,0,0,0.509852697292313,NA,NA,NA,0.619898742389543
MTDH,15,0,0,0.509852697292313,NA,NA,NA,0.619915595114696
TSPAN13,7,0,0,0.509852697292313,NA,NA,NA,0.62000518557293
PDLIM4,7,0,0,0.509852697292313,NA,NA,NA,0.620005447170814
EHD2,7,0,0,0.509852697292313,NA,NA,NA,0.62022411846968
HECTD2,7,0,0,0.510768927335632,NA,NA,NA,0.620302073784646
KRT6A,2,0,0,0.509852697292313,NA,NA,NA,0.620412677850279
UBXN7,15,0,0,0.510768927335632,NA,NA,NA,0.620559503710703
ZNF740,12,0,0,0.51140021634599,NA,NA,NA,0.621052475154094
FAM227A,7,0,0,0.511891852429492,NA,NA,NA,0.622465798610854
THUMPD2,8,0,0,0.511891852429492,NA,NA,NA,0.622538270795618
ATF7IP,9,0,0,0.512338604848444,NA,NA,NA,0.622774772864217
CHIC1,7,0,0,0.512448175352746,NA,NA,NA,0.622898073750617
ZNF276,9,0,0,0.512451609881316,NA,NA,NA,0.622932435956223
TNRC6B,13,0,0,0.512338604848444,NA,NA,NA,0.623014269720682
XRN2,3,0,0,0.513044514006928,NA,NA,NA,0.623718518403913
LAMA3,14,0,0,0.513044514006928,NA,NA,NA,0.624062495516473
PFKM,9,0,0,0.513249764673806,NA,NA,NA,0.62424768959244
WDR12,23,0,0,0.513044514006928,NA,NA,NA,0.624290010198065
TBC1D5,8,0,0,0.513044514006928,NA,NA,NA,0.624486913745001
PIGL,6,0,0,0.513044514006928,NA,NA,NA,0.624534061913219
SLC25A40,8,0,0,0.513044514006928,NA,NA,NA,0.624588464500409
SRSF1,29,0,0,0.513044514006928,NA,NA,NA,0.624792725164453
BRWD1,9,0,0,0.513044514006928,NA,NA,NA,0.624834040191986
WDHD1,13,0,0,0.513044514006928,NA,NA,NA,0.624994409371716
SUSD2,2,0,0,0.514062729081193,NA,NA,NA,0.625043251995237
LTBR,16,0,0,0.514358125182524,NA,NA,NA,0.625275538057457
CD47,12,0,0,0.514473932900195,NA,NA,NA,0.62539503663919
PCDHB13,6,0,0,0.514473932900195,NA,NA,NA,0.625494874460719
MKLN1,14,0,0,0.514856081376156,NA,NA,NA,0.625721493778209
MAZ,3,0,0,0.515318572961997,NA,NA,NA,0.626370830760439
ZNF611,11,0,0,0.515318572961997,NA,NA,NA,0.626495903214265
KIAA0141,9,0,0,0.515503201972597,NA,NA,NA,0.626500469042931
RPS6,7,0,0,0.515602304014547,NA,NA,NA,0.626519101226261
NFIA,7,0,0,0.516179118206623,NA,NA,NA,0.626782952582415
LRP11,5,0,0,0.515974452794864,NA,NA,NA,0.627005568164136
C17orf51,15,0,0,0.516179118206623,NA,NA,NA,0.62700652152354
GNPTAB,8,0,0,0.516164149883315,NA,NA,NA,0.627122501154164
BBIP1,7,0,0,0.516179118206623,NA,NA,NA,0.627137618892942
ZNF410,7,0,0,0.516179118206623,NA,NA,NA,0.627233640435851
USP38,20,0,0,0.516670995613303,NA,NA,NA,0.627398735426413
ACTR2,16,0,0,0.517577037429655,NA,NA,NA,0.628374532961246
RTFDC1,9,0,0,0.517577037429655,NA,NA,NA,0.628608680482714
UBE2J1,18,0,0,0.517577722937063,NA,NA,NA,0.628628099459138
PSD3,7,0,0,0.51776216217271,NA,NA,NA,0.628738999014665
TMEM199,9,0,0,0.518140844374161,NA,NA,NA,0.629060475553505
LEAP2,5,0,0,0.518381000534869,NA,NA,NA,0.629224238989358
MKRN2,17,0,0,0.518381000534869,NA,NA,NA,0.62925204056819
MAN2A1,11,0,0,0.518381000534869,NA,NA,NA,0.62933314909741
PDAP1,11,0,0,0.518764709296191,NA,NA,NA,0.629550918200722
CNPY3-GNMT,2,0,0,0.518872905061062,NA,NA,NA,0.629749708696982
TRNT1,14,0,0,0.519091396525853,NA,NA,NA,0.630031093329936
C2CD4C,2,0,0,0.519363053572592,NA,NA,NA,0.630183804032287
RC3H2,23,0,0,0.519363053572592,NA,NA,NA,0.630413909076387
GALNT3,5,0,0,0.520108620553394,NA,NA,NA,0.632210877456377
GPN3,7,0,0,0.520108620553394,NA,NA,NA,0.632217988332496
RAB13,5,0,0,0.520108620553394,NA,NA,NA,0.632525124529254
DLGAP5,8,0,0,0.520108620553394,NA,NA,NA,0.63258844306391
DHODH,7,0,0,0.520306564577467,NA,NA,NA,0.632623328331245
IP6K1,5,0,0,0.52047855791064,NA,NA,NA,0.632719953547332
KIAA1549,9,0,0,0.520108620553394,NA,NA,NA,0.632837815596771
WIPI2,11,0,0,0.520306564577467,NA,NA,NA,0.632856004262614
PTPN14,11,0,0,0.521231079932024,NA,NA,NA,0.633785849399996
ZEB2,12,0,0,0.521609363069415,NA,NA,NA,0.634557983208657
PCDHB15,8,0,0,0.521838716319428,NA,NA,NA,0.635024186929563
TTF2,16,0,0,0.521838716319428,NA,NA,NA,0.635263253108114
SOD1,8,0,0,0.522869966018949,NA,NA,NA,0.635780347926997
S100A16,11,0,0,0.522869966018949,NA,NA,NA,0.635901399771917
CHUK,4,0,0,0.522869966018949,NA,NA,NA,0.636149162682735
TP53,5,0,0,0.522869966018949,NA,NA,NA,0.636166808978199
MAPK9,11,0,0,0.523358622055026,NA,NA,NA,0.636566850815155
POF1B,2,0,0,0.52340032379228,NA,NA,NA,0.636683599168379
C1orf159,2,0,0,0.52358706740827,NA,NA,NA,0.636795330021744
MCM8,16,0,0,0.523768997056495,NA,NA,NA,0.637399379047308
ENC1,6,0,0,0.523768997056495,NA,NA,NA,0.637421607651159
RNF111,10,0,0,0.523768997056495,NA,NA,NA,0.63750034980272
NKIRAS2,2,0,0,0.524465203602104,NA,NA,NA,0.637960142965394
PTPMT1,15,0,0,0.524465203602104,NA,NA,NA,0.638187614994779
POLDIP2,18,0,0,0.524465203602104,NA,NA,NA,0.638219545552166
TBC1D8,6,0,0,0.524465203602104,NA,NA,NA,0.638290357705643
ZNF782,6,0,0,0.524754311185145,NA,NA,NA,0.63852122247452
FBXL17,8,0,0,0.524882367389877,NA,NA,NA,0.638569068806579
SLC22A3,3,0,0,0.52509779703493,NA,NA,NA,0.638900395963672
MRPS18C,11,0,0,0.525125322847558,NA,NA,NA,0.639158235452804
HMGN5,5,0,0,0.525417774557831,NA,NA,NA,0.639553106438864
PIM1,5,0,0,0.525547671828445,NA,NA,NA,0.639781676667531
SPRYD7,10,0,0,0.525612646004397,NA,NA,NA,0.639829236457343
OSBPL10,8,0,0,0.525547671828445,NA,NA,NA,0.639849927661767
EREG,3,0,0,0.525922032284344,NA,NA,NA,0.640073083394064
LGALSL,5,0,0,0.526001686237637,NA,NA,NA,0.640211592487333
COMTD1,9,0,0,0.526001686237637,NA,NA,NA,0.640287934084456
ATL2,5,0,0,0.526001686237637,NA,NA,NA,0.640402526431068
KAT6A,7,0,0,0.526001686237637,NA,NA,NA,0.640430777878964
ATP8A2,4,0,0,0.526001686237637,NA,NA,NA,0.640557247237152
PXYLP1,4,0,0,0.526001686237637,NA,NA,NA,0.640585662969239
PGAM1,4,0,0,0.526001686237637,NA,NA,NA,0.640708577159723
TMEM164,2,0,0,0.526001686237637,NA,NA,NA,0.640778679758809
OSBP2,5,0,0,0.526001686237637,NA,NA,NA,0.64078280226268
PLA2G4A,4,0,0,0.526001686237637,NA,NA,NA,0.640820366677187
EXOC8,12,0,0,0.526001686237637,NA,NA,NA,0.640829893761745
WASF1,6,0,0,0.526169527413783,NA,NA,NA,0.641042983119945
CLDN7,10,0,0,0.526001686237637,NA,NA,NA,0.641075181123355
RPL4,10,0,0,0.526001686237637,NA,NA,NA,0.641077602242496
ESCO1,4,0,0,0.526001686237637,NA,NA,NA,0.641095066111703
FEZ2,10,0,0,0.526001686237637,NA,NA,NA,0.641106787886391
DBT,13,0,0,0.526001686237637,NA,NA,NA,0.641164077205281
SNCA,6,0,0,0.526001686237637,NA,NA,NA,0.641173285261247
ZC3H13,9,0,0,0.526169527413783,NA,NA,NA,0.641226611827791
TTC33,12,0,0,0.526433632933412,NA,NA,NA,0.641237712382509
HDAC4,6,0,0,0.526001686237637,NA,NA,NA,0.641301823383981
EIF3J,26,0,0,0.526574325040198,NA,NA,NA,0.641357899174291
IDI1,9,0,0,0.526574325040198,NA,NA,NA,0.641535363818585
MICALL1,17,0,0,0.526735666501339,NA,NA,NA,0.641595817759688
BBS7,4,0,0,0.526574325040198,NA,NA,NA,0.641609247302024
ACSM3,2,0,0,0.526574325040198,NA,NA,NA,0.641717605534092
DONSON,9,0,0,0.526735666501339,NA,NA,NA,0.641824890413034
TYMS,9,0,0,0.526865467789365,NA,NA,NA,0.641830009813968
CNNM3,10,0,0,0.526735666501339,NA,NA,NA,0.641973768433841
HNRNPK,17,0,0,0.526865467789365,NA,NA,NA,0.642105945818791
COL13A1,4,0,0,0.527066425795845,NA,NA,NA,0.642347101596476
APTX,11,0,0,0.527338400240492,NA,NA,NA,0.642550084971277
SLC2A12,8,0,0,0.52756434330835,NA,NA,NA,0.642978699831107
TRIM56,10,0,0,0.52756434330835,NA,NA,NA,0.643226211822833
PRPSAP2,5,0,0,0.52756434330835,NA,NA,NA,0.643256160166257
STARD3NL,5,0,0,0.52756434330835,NA,NA,NA,0.64336817416086
PIMREG,2,0,0,0.52756434330835,NA,NA,NA,0.643437447453426
TNFRSF11A,10,0,0,0.52756434330835,NA,NA,NA,0.643585431566092
WWC3,6,0,0,0.52756434330835,NA,NA,NA,0.643683716365744
NBN,11,0,0,0.527971211114667,NA,NA,NA,0.643699172867496
DNAH2,2,0,0,0.52756434330835,NA,NA,NA,0.643705952582331
ANKS6,8,0,0,0.52756434330835,NA,NA,NA,0.64374328803287
VANGL1,8,0,0,0.52756434330835,NA,NA,NA,0.643766581271086
PLBD2,8,0,0,0.52756434330835,NA,NA,NA,0.643814863539687
SRSF3,14,0,0,0.52756434330835,NA,NA,NA,0.643831401216826
SLCO4A1,4,0,0,0.528006763031392,NA,NA,NA,0.643843864601075
SYT14,12,0,0,0.528006763031392,NA,NA,NA,0.64386104936709
FOXO1,11,0,0,0.52756434330835,NA,NA,NA,0.643893428489291
TARS,9,0,0,0.52756434330835,NA,NA,NA,0.643942756450332
BRCC3,12,0,0,0.52756434330835,NA,NA,NA,0.643951043008947
EME2,7,0,0,0.52756434330835,NA,NA,NA,0.643953044365646
TNKS2,11,0,0,0.52756434330835,NA,NA,NA,0.643962980442036
CTPS1,11,0,0,0.52756434330835,NA,NA,NA,0.643985082137764
SLC41A3,6,0,0,0.528052733394268,NA,NA,NA,0.644025802573061
OSCP1,3,0,0,0.52756434330835,NA,NA,NA,0.644027276242327
CCNY,11,0,0,0.528006763031392,NA,NA,NA,0.644049149575967
PARVA,34,0,0,0.52756434330835,NA,NA,NA,0.644053509441256
ZNF326,15,0,0,0.52756434330835,NA,NA,NA,0.644058181388466
PLK4,6,0,0,0.52756434330835,NA,NA,NA,0.64414109359265
TMEM161A,4,0,0,0.52756434330835,NA,NA,NA,0.644173767492027
AARS2,6,0,0,0.528006763031392,NA,NA,NA,0.644237519809116
GPSM2,12,0,0,0.528006763031392,NA,NA,NA,0.644298804692317
EIF2AK4,3,0,0,0.528006763031392,NA,NA,NA,0.644310511671965
ZC3H6,6,0,0,0.528533614017373,NA,NA,NA,0.644383125074109
STX16,16,0,0,0.528533614017373,NA,NA,NA,0.644480373424068
HAUS2,7,0,0,0.528533614017373,NA,NA,NA,0.644623255468244
HIPK2,8,0,0,0.529297185322592,NA,NA,NA,0.645116195707239
TXLNA,4,0,0,0.529487860124698,NA,NA,NA,0.645267854688632
SMCHD1,9,0,0,0.529487860124698,NA,NA,NA,0.645441745492633
CASC10,6,0,0,0.529768118686794,NA,NA,NA,0.645461006066616
GAMT,4,0,0,0.529487860124698,NA,NA,NA,0.645561575905044
CYTH2,6,0,0,0.529487860124698,NA,NA,NA,0.645581583991189
TTC39C,10,0,0,0.529768118686794,NA,NA,NA,0.645613915499401
CXXC5,8,0,0,0.529487860124698,NA,NA,NA,0.645615044170731
ACOX3,20,0,0,0.529487860124698,NA,NA,NA,0.645648389908959
PPP2CA,24,0,0,0.529768118686794,NA,NA,NA,0.645794886583191
MLX,13,0,0,0.530304414155432,NA,NA,NA,0.646084016844996
CHST12,18,0,0,0.530304414155432,NA,NA,NA,0.646245962815806
FAXC,15,0,0,0.530564238574073,NA,NA,NA,0.646445642419945
APH1A,8,0,0,0.530530376369702,NA,NA,NA,0.646500144776229
POMP,16,0,0,0.530713999891332,NA,NA,NA,0.646754598140999
KCTD7,6,0,0,0.530713999891332,NA,NA,NA,0.646761133855099
CYB5R4,8,0,0,0.530713999891332,NA,NA,NA,0.64686989994815
ANKEF1,12,0,0,0.530713999891332,NA,NA,NA,0.646932776248897
MANEAL,13,0,0,0.531436811277739,NA,NA,NA,0.647619131427642
SCRN1,4,0,0,0.53164118780206,NA,NA,NA,0.648038554225262
HS3ST1,5,0,0,0.531815314615792,NA,NA,NA,0.648134877424074
GPR176,5,0,0,0.532047340645026,NA,NA,NA,0.648274099701678
APBB2,19,0,0,0.532047340645026,NA,NA,NA,0.648325823521865
TRIM44,17,0,0,0.532047340645026,NA,NA,NA,0.648337228179923
PPIL4,9,0,0,0.533071991554534,NA,NA,NA,0.649427133003234
SCAF11,9,0,0,0.533313786510876,NA,NA,NA,0.650136347753587
TOPBP1,7,0,0,0.533313786510876,NA,NA,NA,0.650158445268411
ECHDC3,2,0,0,0.533592266622666,NA,NA,NA,0.650385965112645
METRN,2,0,0,0.533700703168716,NA,NA,NA,0.650411098442148
PTMA,4,0,0,0.534152391408082,NA,NA,NA,0.650805486958508
CCNC,9,0,0,0.534713393654226,NA,NA,NA,0.651022449713316
EIF4A2,8,0,0,0.534648532604809,NA,NA,NA,0.651044155994913
UBE3A,10,0,0,0.534635884646086,NA,NA,NA,0.651122020316715
CHPF,4,0,0,0.534853598737975,NA,NA,NA,0.651130353149251
COG4,2,0,0,0.534853598737975,NA,NA,NA,0.651178879688532
ACOT9,5,0,0,0.534437547654113,NA,NA,NA,0.651183444412629
BTG3,6,0,0,0.534539141284457,NA,NA,NA,0.651201089500642
SEC23A,11,0,0,0.535046895803149,NA,NA,NA,0.651228350397438
C12orf73,9,0,0,0.534853598737975,NA,NA,NA,0.651296278810634
EGFLAM,9,0,0,0.534635884646086,NA,NA,NA,0.651311483274271
CHURC1,11,0,0,0.535046895803149,NA,NA,NA,0.651437731467797
TBC1D16,13,0,0,0.534853598737975,NA,NA,NA,0.651495652169154
PKNOX1,17,0,0,0.535046895803149,NA,NA,NA,0.651635097886061
TMEM175,5,0,0,0.535428231418822,NA,NA,NA,0.652115331339341
GNS,8,0,0,0.535428231418822,NA,NA,NA,0.652335416739476
UGGT1,21,0,0,0.535428231418822,NA,NA,NA,0.652346217776928
SESN1,3,0,0,0.535676660153443,NA,NA,NA,0.652812732209109
POLR3D,11,0,0,0.535673845430294,NA,NA,NA,0.652901400623414
IFNAR1,22,0,0,0.535929173164288,NA,NA,NA,0.653063665226448
PDP2,12,0,0,0.535929173164288,NA,NA,NA,0.653067894044147
ZNF230,8,0,0,0.535673845430294,NA,NA,NA,0.653150733694783
PSMG3,2,0,0,0.535929173164288,NA,NA,NA,0.653243506579959
SMOC1,6,0,0,0.535980799143913,NA,NA,NA,0.653488298171995
PDXK,17,0,0,0.536290820905362,NA,NA,NA,0.653637805279416
MTMR3,14,0,0,0.535980799143913,NA,NA,NA,0.653653633206826
SLC25A46,12,0,0,0.536290820905362,NA,NA,NA,0.653848843701984
MRPL47,14,0,0,0.536642604238293,NA,NA,NA,0.653923799234655
KIAA0930,7,0,0,0.53679612038705,NA,NA,NA,0.654066331525391
PLCD3,6,0,0,0.536818852522536,NA,NA,NA,0.654068395328351
AC108488.2,3,0,0,0.53679612038705,NA,NA,NA,0.654198394957893
DRAM1,12,0,0,0.536818852522536,NA,NA,NA,0.654283215558816
RBM7,12,0,0,0.53698962352612,NA,NA,NA,0.654365426555824
TMX1,25,0,0,0.53698962352612,NA,NA,NA,0.654390707601008
MAN2A2,7,0,0,0.53698962352612,NA,NA,NA,0.654430417721335
CREB3L4,6,0,0,0.537116912561299,NA,NA,NA,0.654435667430599
NEDD4L,17,0,0,0.53698962352612,NA,NA,NA,0.654518172522649
GDAP2,30,0,0,0.537155916432392,NA,NA,NA,0.654529654387979
FKBP3,6,0,0,0.537175247222926,NA,NA,NA,0.654589090727133
AKIRIN2,7,0,0,0.53698962352612,NA,NA,NA,0.65467580480291
NUP62CL,9,0,0,0.537155916432392,NA,NA,NA,0.654681211859543
HSDL1,16,0,0,0.537155916432392,NA,NA,NA,0.654705104531384
SLC39A11,4,0,0,0.53698962352612,NA,NA,NA,0.654712260476795
P3H4,2,0,0,0.537155916432392,NA,NA,NA,0.654857323195417
RPL14,8,0,0,0.537155916432392,NA,NA,NA,0.654872765469454
SMC6,11,0,0,0.53698962352612,NA,NA,NA,0.654930492946272
TUBGCP4,13,0,0,0.53698962352612,NA,NA,NA,0.654942624344002
RILPL2,9,0,0,0.53776094855464,NA,NA,NA,0.655033949430392
ZNF669,7,0,0,0.53698962352612,NA,NA,NA,0.655122719466305
KIAA1549L,8,0,0,0.53776094855464,NA,NA,NA,0.655186665262991
ORAI1,2,0,0,0.538378220561421,NA,NA,NA,0.655763603718127
ACAA2,7,0,0,0.538512815979548,NA,NA,NA,0.655816188569289
SLIRP,13,0,0,0.53899324012265,NA,NA,NA,0.655964512602715
CYB5D2,9,0,0,0.53899324012265,NA,NA,NA,0.656189598412973
EVI2A,4,0,0,0.53895885097929,NA,NA,NA,0.656202264816889
FGF2,9,0,0,0.53899324012265,NA,NA,NA,0.656225726697032
HECTD4,3,0,0,0.539865304220284,NA,NA,NA,0.657329017893749
CMTR1,5,0,0,0.539865304220284,NA,NA,NA,0.657353033194497
COPB2,21,0,0,0.540698125383112,NA,NA,NA,0.658152310907
SRFBP1,15,0,0,0.541084739790317,NA,NA,NA,0.658507584650798
DGAT2,4,0,0,0.541084739790317,NA,NA,NA,0.658510612541284
JKAMP,5,0,0,0.541084739790317,NA,NA,NA,0.658575064791254
ZNF426,5,0,0,0.541084739790317,NA,NA,NA,0.658585221598435
BTAF1,14,0,0,0.541084739790317,NA,NA,NA,0.658731907124296
URI1,12,0,0,0.541746036983928,NA,NA,NA,0.65929434504399
RSPH3,4,0,0,0.541746036983928,NA,NA,NA,0.659399361767451
UTP3,10,0,0,0.541746036983928,NA,NA,NA,0.659402665669801
ACVR1,5,0,0,0.541783027521184,NA,NA,NA,0.659445246330249
ABCB7,10,0,0,0.542423348219168,NA,NA,NA,0.660621134444619
LSM6,10,0,0,0.542420173804964,NA,NA,NA,0.660668194555917
GAS1,3,0,0,0.54259481526996,NA,NA,NA,0.661147865342088
UBR3,20,0,0,0.543709204150264,NA,NA,NA,0.663202460326114
ANKRD13C,18,0,0,0.54383875396619,NA,NA,NA,0.663347527559741
RRP12,2,0,0,0.543884693919166,NA,NA,NA,0.663443951221153
SHC1,12,0,0,0.54383875396619,NA,NA,NA,0.663545998122023
SLC39A4,5,0,0,0.54383875396619,NA,NA,NA,0.663549377820677
EVI2B,3,0,0,0.54383875396619,NA,NA,NA,0.663581252007714
UHMK1,18,0,0,0.543884693919166,NA,NA,NA,0.663616856317125
HSPE1-MOB4,11,0,0,0.543878285045018,NA,NA,NA,0.663620454275518
USP24,10,0,0,0.543884693919166,NA,NA,NA,0.663628810498658
TRIM32,14,0,0,0.543884693919166,NA,NA,NA,0.663640878790147
PDZD8,18,0,0,0.54383875396619,NA,NA,NA,0.663646447054091
DNAJB12,9,0,0,0.543884693919166,NA,NA,NA,0.663679114890692
KLLN,2,0,0,0.543884693919166,NA,NA,NA,0.663845227499615
OSBPL9,19,0,0,0.544291490848235,NA,NA,NA,0.664362485907791
EDN1,2,0,0,0.544471454052681,NA,NA,NA,0.664461870561924
UCN2,4,0,0,0.544657974391076,NA,NA,NA,0.664568242837121
CDCA2,11,0,0,0.54466048202971,NA,NA,NA,0.664720249015665
DICER1,10,0,0,0.54466048202971,NA,NA,NA,0.66503726934805
TBC1D2B,6,0,0,0.54466048202971,NA,NA,NA,0.665213211621199
CLMP,20,0,0,0.544668315730997,NA,NA,NA,0.665255774886876
POLA1,3,0,0,0.54466048202971,NA,NA,NA,0.665281835905849
GPR155,5,0,0,0.544668315730997,NA,NA,NA,0.66541513736603
C1R,3,0,0,0.54466048202971,NA,NA,NA,0.665527323762769
GTF2F1,12,0,0,0.544668315730997,NA,NA,NA,0.665665091389959
SRSF4,4,0,0,0.54520195448396,NA,NA,NA,0.665890884229807
NAA40,12,0,0,0.545370198916645,NA,NA,NA,0.665977466452801
MAOA,6,0,0,0.545544232892428,NA,NA,NA,0.666070220037251
PPP1R12B,7,0,0,0.546094656568909,NA,NA,NA,0.666880400576777
PPP1R15B,23,0,0,0.546521808094881,NA,NA,NA,0.667307530240563
VPS13D,7,0,0,0.546521808094881,NA,NA,NA,0.667328492056548
TXNL4A,14,0,0,0.546775119866402,NA,NA,NA,0.667689500279365
NIPAL1,4,0,0,0.546775119866402,NA,NA,NA,0.667691494397847
SLC38A7,5,0,0,0.546775119866402,NA,NA,NA,0.667812727594083
SLC41A2,17,0,0,0.546775119866402,NA,NA,NA,0.667821051662877
C5orf30,7,0,0,0.546775119866402,NA,NA,NA,0.667828158432511
SMIM19,9,0,0,0.546775119866402,NA,NA,NA,0.667914225980568
TMCO4,3,0,0,0.546775119866402,NA,NA,NA,0.668006032277757
PTGR2,11,0,0,0.546775119866402,NA,NA,NA,0.668152227529826
TIMP3,14,0,0,0.546775119866402,NA,NA,NA,0.668412855930443
BAZ1B,5,0,0,0.54695999481489,NA,NA,NA,0.66863319123942
USP47,13,0,0,0.54695999481489,NA,NA,NA,0.668839934108422
PTRHD1,8,0,0,0.54695999481489,NA,NA,NA,0.669020583362664
PIP4K2A,6,0,0,0.546907928362821,NA,NA,NA,0.669067191613863
LYPLAL1,12,0,0,0.54695999481489,NA,NA,NA,0.669111265350338
NEK9,22,0,0,0.54695999481489,NA,NA,NA,0.669252981160974
WNT7A,6,0,0,0.547689805080219,NA,NA,NA,0.669288077139093
GPATCH2L,28,0,0,0.547841503793369,NA,NA,NA,0.669356369850435
SLC6A15,11,0,0,0.54695999481489,NA,NA,NA,0.669432718746805
GLT8D2,3,0,0,0.547689805080219,NA,NA,NA,0.669470348835161
NEIL1,6,0,0,0.548083215870774,NA,NA,NA,0.669595824621272
PXDN,10,0,0,0.547689805080219,NA,NA,NA,0.669684027668477
SETD4,4,0,0,0.548295922875788,NA,NA,NA,0.669716650639606
STK24,12,0,0,0.548466642782596,NA,NA,NA,0.669779924000607
F8,3,0,0,0.548284625143261,NA,NA,NA,0.66979825467308
SSU72,5,0,0,0.548466642782596,NA,NA,NA,0.669963951965955
RFT1,23,0,0,0.548598996095256,NA,NA,NA,0.670039925813939
PIGP,9,0,0,0.548714643045991,NA,NA,NA,0.670069673603764
XPR1,24,0,0,0.548466642782596,NA,NA,NA,0.670185612749649
RFX5,8,0,0,0.548466642782596,NA,NA,NA,0.670218244558064
SYT7,7,0,0,0.549305845267994,NA,NA,NA,0.670822710853555
CISD1,23,0,0,0.549305845267994,NA,NA,NA,0.671023768238266
FEN1,3,0,0,0.549305845267994,NA,NA,NA,0.671057955483825
SLC46A1,9,0,0,0.549305845267994,NA,NA,NA,0.671473440699271
MBD4,5,0,0,0.549305845267994,NA,NA,NA,0.671591723081383
NRBF2,4,0,0,0.549489470092561,NA,NA,NA,0.671719485916857
METTL7A,6,0,0,0.549305845267994,NA,NA,NA,0.671737954499267
COX7A2L,4,0,0,0.549489470092561,NA,NA,NA,0.67185385353835
NAA15,17,0,0,0.549489470092561,NA,NA,NA,0.671938130192955
CHRAC1,7,0,0,0.549489470092561,NA,NA,NA,0.671962506647879
HRH1,6,0,0,0.549489470092561,NA,NA,NA,0.672085353294175
FOSL1,8,0,0,0.549489470092561,NA,NA,NA,0.672247117541759
DSC3,14,0,0,0.549940965722972,NA,NA,NA,0.672395231292333
PPP3R1,6,0,0,0.549940965722972,NA,NA,NA,0.672502218705863
YIPF6,23,0,0,0.550843207688827,NA,NA,NA,0.673097575551345
GEMIN2,7,0,0,0.550843207688827,NA,NA,NA,0.673235981459094
BCL2L2,6,0,0,0.550843207688827,NA,NA,NA,0.673345711462087
DNAJC22,8,0,0,0.550887941038896,NA,NA,NA,0.673358961632582
ETFDH,6,0,0,0.550829983046798,NA,NA,NA,0.673403885758533
HADHB,5,0,0,0.550843207688827,NA,NA,NA,0.673429495218993
NEBL,14,0,0,0.550843207688827,NA,NA,NA,0.673458495887379
DNAJC16,11,0,0,0.55104082560627,NA,NA,NA,0.673589119947407
SLC19A1,7,0,0,0.551315078427979,NA,NA,NA,0.674216903713663
SLC7A6OS,16,0,0,0.551315078427979,NA,NA,NA,0.674353888323954
DDX55,5,0,0,0.551315078427979,NA,NA,NA,0.67459479307073
RETREG1,6,0,0,0.551721952358467,NA,NA,NA,0.674710510986318
RHOQ,16,0,0,0.552628978417617,NA,NA,NA,0.67590246322621
VAPA,18,0,0,0.5527077321643,NA,NA,NA,0.676979028087156
OXA1L,15,0,0,0.5527077321643,NA,NA,NA,0.677020804443688
SPIN4,4,0,0,0.553067894042775,NA,NA,NA,0.677472825216349
PRMT6,9,0,0,0.553067894042775,NA,NA,NA,0.677499460387568
TM7SF3,8,0,0,0.553067894042775,NA,NA,NA,0.67760042839663
CEP126,3,0,0,0.553067894042775,NA,NA,NA,0.677615002298449
DVL3,4,0,0,0.553067894042775,NA,NA,NA,0.677668344718266
MTRNR2L8,4,0,0,0.553067894042775,NA,NA,NA,0.677769613944957
TNFSF12-TNFSF13,2,0,0,0.553067894042775,NA,NA,NA,0.677802512196055
NDUFB11,3,0,0,0.553067894042775,NA,NA,NA,0.677915524159689
ZNF214,5,0,0,0.553316356968572,NA,NA,NA,0.678010226735097
KCNB1,7,0,0,0.553067894042775,NA,NA,NA,0.67809516663743
TNIK,9,0,0,0.553067894042775,NA,NA,NA,0.678140747352764
PLCB4,5,0,0,0.553538173844063,NA,NA,NA,0.678501471218279
BOD1,6,0,0,0.553635252123441,NA,NA,NA,0.678557192031979
SRR,7,0,0,0.553538173844063,NA,NA,NA,0.678640578834272
CEP85L,3,0,0,0.553635252123441,NA,NA,NA,0.678683660760853
KDM6A,9,0,0,0.553635252123441,NA,NA,NA,0.678696946131212
SLC25A30,4,0,0,0.553538173844063,NA,NA,NA,0.678772168940177
YOD1,8,0,0,0.553538173844063,NA,NA,NA,0.678807907729498
CBLL1,11,0,0,0.553635252123441,NA,NA,NA,0.678823212318586
MB21D2,5,0,0,0.553990059840064,NA,NA,NA,0.678966549713799
CYP51A1,11,0,0,0.553538173844063,NA,NA,NA,0.678982744685625
GADD45A,5,0,0,0.553538173844063,NA,NA,NA,0.679030091954536
HEY1,4,0,0,0.553538173844063,NA,NA,NA,0.679034320075126
RBBP4,15,0,0,0.554559171921223,NA,NA,NA,0.679614996350944
CDC73,33,0,0,0.554872492871175,NA,NA,NA,0.679926405569386
FBXO28,16,0,0,0.554872492871175,NA,NA,NA,0.680057481868508
UBQLN2,7,0,0,0.555023930085607,NA,NA,NA,0.68007014346654
LDLR,11,0,0,0.555253736878674,NA,NA,NA,0.680294556665861
UBE2Z,9,0,0,0.555389567180694,NA,NA,NA,0.680346169763168
WDR13,4,0,0,0.555389567180694,NA,NA,NA,0.680431654687048
WDR11,3,0,0,0.555389567180694,NA,NA,NA,0.6804856997118
PARD6B,7,0,0,0.555491375511896,NA,NA,NA,0.680569178114925
CPNE4,2,0,0,0.556103462989739,NA,NA,NA,0.68241815276721
GOLPH3L,12,0,0,0.556596838804043,NA,NA,NA,0.683363825979015
FBXO11,15,0,0,0.556744791277232,NA,NA,NA,0.683574029020991
ZNF136,5,0,0,0.556721777297385,NA,NA,NA,0.683629159974585
FAM126B,11,0,0,0.556744791277232,NA,NA,NA,0.683682802488931
HINT3,10,0,0,0.556744791277232,NA,NA,NA,0.683716040659698
MRPL10,4,0,0,0.556976969822948,NA,NA,NA,0.683725240747932
FSTL3,5,0,0,0.556744791277232,NA,NA,NA,0.683902070639079
SH3RF2,7,0,0,0.557226326287065,NA,NA,NA,0.684046766734594
ZNF695,11,0,0,0.557320638262089,NA,NA,NA,0.68405113391202
MTX3,7,0,0,0.558085267520896,NA,NA,NA,0.68496605268485
SLC4A7,12,0,0,0.558085267520896,NA,NA,NA,0.685003754019785
PTGER2,5,0,0,0.558085267520896,NA,NA,NA,0.685007296297273
OGFOD1,9,0,0,0.558072486441799,NA,NA,NA,0.685059216333764
RGS2,3,0,0,0.558085267520896,NA,NA,NA,0.685153547119354
C18orf65,2,0,0,0.558085267520896,NA,NA,NA,0.685315808103838
DAB2,4,0,0,0.558085267520896,NA,NA,NA,0.685820357601889
FGFRL1,4,0,0,0.558402320489865,NA,NA,NA,0.685923818964497
OGT,19,0,0,0.55813335056857,NA,NA,NA,0.685926594796486
ATP9B,8,0,0,0.558506417565207,NA,NA,NA,0.685938295240428
ZNF281,5,0,0,0.558085267520896,NA,NA,NA,0.686010462867345
CTNND1,14,0,0,0.558085267520896,NA,NA,NA,0.686026919575597
RNF114,9,0,0,0.558402320489865,NA,NA,NA,0.686055020472983
TMEM206,4,0,0,0.558362909747814,NA,NA,NA,0.686074535683649
RABGEF1,14,0,0,0.558747273235373,NA,NA,NA,0.686098199374565
NUP133,11,0,0,0.558939985706802,NA,NA,NA,0.686358042938315
PTPN1,10,0,0,0.559372584517743,NA,NA,NA,0.686927587364389
RRM2B,14,0,0,0.559372584517743,NA,NA,NA,0.686974148976353
MOB3C,6,0,0,0.560454147215306,NA,NA,NA,0.688295362448427
FECH,16,0,0,0.560514470812602,NA,NA,NA,0.688324047064986
TPP2,9,0,0,0.560432160986992,NA,NA,NA,0.688368601489863
GID4,11,0,0,0.560581867480485,NA,NA,NA,0.688388885013226
SLC25A45,2,0,0,0.560432160986992,NA,NA,NA,0.688553626262614
C3,3,0,0,0.560432160986992,NA,NA,NA,0.688575128932338
AP2A2,4,0,0,0.560894421326157,NA,NA,NA,0.688775177019622
IDS,15,0,0,0.560995269907539,NA,NA,NA,0.688785685143537
ATP5L,4,0,0,0.561548777141184,NA,NA,NA,0.689427571189093
ALG13,3,0,0,0.561643795474098,NA,NA,NA,0.689485927371664
KLF2,2,0,0,0.561599939832493,NA,NA,NA,0.68953604256179
CYB561,8,0,0,0.562068410541188,NA,NA,NA,0.689851270771835
SDE2,8,0,0,0.562031406177501,NA,NA,NA,0.689899007505455
CHST7,7,0,0,0.562031406177501,NA,NA,NA,0.689921893124553
C4orf33,3,0,0,0.562068410541188,NA,NA,NA,0.689962808567139
EED,8,0,0,0.563012550807042,NA,NA,NA,0.691230610721191
AP5Z1,5,0,0,0.563145826136306,NA,NA,NA,0.691275260506711
TMEM167A,24,0,0,0.562916802518083,NA,NA,NA,0.691390302616757
TOR1AIP2,14,0,0,0.563012550807042,NA,NA,NA,0.691405051662671
WDR4,9,0,0,0.562916802518083,NA,NA,NA,0.691456773840834
ADH5,13,0,0,0.562916802518083,NA,NA,NA,0.691488652061144
DNAJB4,14,0,0,0.562916802518083,NA,NA,NA,0.691507266289979
ATIC,14,0,0,0.562916802518083,NA,NA,NA,0.691513364955098
RGP1,17,0,0,0.563006171331601,NA,NA,NA,0.691513696125048
FPGT,9,0,0,0.562916802518083,NA,NA,NA,0.691525011162965
TNFAIP8L2-SCNM1,4,0,0,0.562916802518083,NA,NA,NA,0.691547457981683
DCBLD2,21,0,0,0.562916802518083,NA,NA,NA,0.691588733456955
SHCBP1,7,0,0,0.562916802518083,NA,NA,NA,0.691610710706774
SREBF1,4,0,0,0.563012550807042,NA,NA,NA,0.691613137981094
ZNF398,18,0,0,0.563006171331601,NA,NA,NA,0.691640914006724
SENP5,14,0,0,0.562916802518083,NA,NA,NA,0.691650295800502
ARRDC1,5,0,0,0.562916802518083,NA,NA,NA,0.69165120533096
DDRGK1,7,0,0,0.562916802518083,NA,NA,NA,0.691688338202873
LONP2,5,0,0,0.562916802518083,NA,NA,NA,0.691730117236035
NAGS,3,0,0,0.562916802518083,NA,NA,NA,0.69175642687149
ATP6V0D1,2,0,0,0.562916802518083,NA,NA,NA,0.691782084560797
OSGIN2,13,0,0,0.563006171331601,NA,NA,NA,0.691801276178083
PM20D2,9,0,0,0.562916802518083,NA,NA,NA,0.691861454067521
C3orf62,5,0,0,0.563859586836048,NA,NA,NA,0.6919344331773
C21orf91,7,0,0,0.563006171331601,NA,NA,NA,0.691935185100978
METTL2B,13,0,0,0.562916802518083,NA,NA,NA,0.692023987202392
RNASEL,2,0,0,0.563940766784134,NA,NA,NA,0.692263195137236
HEXA,6,0,0,0.563940766784134,NA,NA,NA,0.692373810240189
PMAIP1,9,0,0,0.564045454846534,NA,NA,NA,0.692392652272258
DNAJC6,3,0,0,0.563940766784134,NA,NA,NA,0.692417687922236
PINK1,6,0,0,0.563940766784134,NA,NA,NA,0.692440096275509
CASP8,2,0,0,0.564517267084665,NA,NA,NA,0.693092777023318
RPF2,18,0,0,0.564575790669887,NA,NA,NA,0.693546452913128
TTC17,3,0,0,0.564640988508571,NA,NA,NA,0.693773260634961
SLC25A3,9,0,0,0.565144663778799,NA,NA,NA,0.694486858942981
EPB41L1,6,0,0,0.565285586109437,NA,NA,NA,0.694558719628159
TNPO1,19,0,0,0.565506156990268,NA,NA,NA,0.694877429880989
KCNN4,2,0,0,0.565506156990268,NA,NA,NA,0.694976551242764
CYTH3,4,0,0,0.565506156990268,NA,NA,NA,0.694997070859663
TIA1,17,0,0,0.565580610394027,NA,NA,NA,0.695144741201842
SLC47A1,4,0,0,0.565580610394027,NA,NA,NA,0.695367071866025
MTBP,3,0,0,0.565580610394027,NA,NA,NA,0.69576750354385
RNF165,4,0,0,0.565580610394027,NA,NA,NA,0.695995856562331
YIPF5,14,0,0,0.565580610394027,NA,NA,NA,0.696033538885945
YLPM1,15,0,0,0.565580610394027,NA,NA,NA,0.696049594469078
BNIP3,9,0,0,0.565580610394027,NA,NA,NA,0.696188098337722
CREB5,6,0,0,0.565580610394027,NA,NA,NA,0.696257565929877
NTPCR,17,0,0,0.565580610394027,NA,NA,NA,0.696274263775408
TBP,6,0,0,0.565580610394027,NA,NA,NA,0.696311390545954
AZI2,8,0,0,0.565580610394027,NA,NA,NA,0.696313833842661
UMPS,20,0,0,0.565680925307522,NA,NA,NA,0.696336237286716
KCMF1,17,0,0,0.565705516493655,NA,NA,NA,0.696385357653795
PCYOX1,9,0,0,0.565580610394027,NA,NA,NA,0.696416246183323
RRP36,19,0,0,0.565580610394027,NA,NA,NA,0.696511238183968
CEPT1,9,0,0,0.565705516493655,NA,NA,NA,0.69654787822095
TSTD3,15,0,0,0.565580610394027,NA,NA,NA,0.696549014189323
RLF,3,0,0,0.565816456408874,NA,NA,NA,0.696579825961663
ONECUT2,7,0,0,0.565705516493655,NA,NA,NA,0.69660546698943
ZNF318,10,0,0,0.565580610394027,NA,NA,NA,0.696669931182301
GINM1,18,0,0,0.565580610394027,NA,NA,NA,0.696716395034237
PAPD7,3,0,0,0.565705516493655,NA,NA,NA,0.696723059783062
AC020915.2,7,0,0,0.565580610394027,NA,NA,NA,0.696738698991371
CMTR2,4,0,0,0.565580610394027,NA,NA,NA,0.696748499288767
SLC35C1,3,0,0,0.565580610394027,NA,NA,NA,0.696764367815946
DHX40,9,0,0,0.565580610394027,NA,NA,NA,0.696969160422878
MFSD4B,20,0,0,0.565820475096593,NA,NA,NA,0.697267953420443
DUSP19,5,0,0,0.565820475096593,NA,NA,NA,0.697501222619851
APLF,5,0,0,0.566951891481558,NA,NA,NA,0.698563325229938
TRAF3IP2,3,0,0,0.566870368229063,NA,NA,NA,0.698574853866878
IRAK2,2,0,0,0.567207732027604,NA,NA,NA,0.698792713369464
AGPAT5,10,0,0,0.567207732027604,NA,NA,NA,0.698793961302749
MAPK8,14,0,0,0.567207732027604,NA,NA,NA,0.698979683740851
C17orf62,5,0,0,0.567419406273408,NA,NA,NA,0.699055118653352
RABGAP1,4,0,0,0.567419406273408,NA,NA,NA,0.699171490488563
DEK,21,0,0,0.567419406273408,NA,NA,NA,0.699318432430935
CPSF2,29,0,0,0.567419406273408,NA,NA,NA,0.699525922039594
KLK5,2,0,0,0.567419406273408,NA,NA,NA,0.699631238532011
GPR107,10,0,0,0.567890977168479,NA,NA,NA,0.69965005166815
CNNM2,9,0,0,0.567419406273408,NA,NA,NA,0.699679925314489
MRPL3,30,0,0,0.567839267669933,NA,NA,NA,0.699693222611243
ANGEL1,3,0,0,0.568125074052344,NA,NA,NA,0.70009140684226
PGRMC2,14,0,0,0.568467338934985,NA,NA,NA,0.700207417177883
SRXN1,5,0,0,0.568456832398167,NA,NA,NA,0.700294172630809
PI4K2B,16,0,0,0.568373911370756,NA,NA,NA,0.700304427477796
FGD6,6,0,0,0.568655170960484,NA,NA,NA,0.700453669385516
SPICE1,6,0,0,0.568373911370756,NA,NA,NA,0.700472493348958
IFI30,3,0,0,0.569021554639619,NA,NA,NA,0.700677426646668
NDUFA4,6,0,0,0.569021554639619,NA,NA,NA,0.700861575392197
SIN3A,9,0,0,0.569021554639619,NA,NA,NA,0.700911205020912
LEPROT,10,0,0,0.570233430276508,NA,NA,NA,0.702503945607354
NDUFV3,11,0,0,0.570233430276508,NA,NA,NA,0.702635174130559
HNRNPD,13,0,0,0.570552080320286,NA,NA,NA,0.702742150119938
TINF2,12,0,0,0.571136617346542,NA,NA,NA,0.703331743366816
GRK2,5,0,0,0.571264583013349,NA,NA,NA,0.703344791315393
CCDC85B,3,0,0,0.571264583013349,NA,NA,NA,0.70350660512966
LOX,17,0,0,0.571785683600399,NA,NA,NA,0.703548649945886
RALBP1,6,0,0,0.571431262795233,NA,NA,NA,0.703567780494428
LRRC47,7,0,0,0.571584199670672,NA,NA,NA,0.70363080769073
STX17,16,0,0,0.571785683600399,NA,NA,NA,0.703689980761776
LMNB1,10,0,0,0.572113073292155,NA,NA,NA,0.70374448214752
TADA1,6,0,0,0.571785683600399,NA,NA,NA,0.703829013664281
ZC3H15,12,0,0,0.572113073292155,NA,NA,NA,0.703927100189214
CTC1,13,0,0,0.572113073292155,NA,NA,NA,0.703929530796342
TLCD1,6,0,0,0.572404029047351,NA,NA,NA,0.704103654016151
ARHGEF17,8,0,0,0.572404029047351,NA,NA,NA,0.704131508656799
BCL2L13,9,0,0,0.572404029047351,NA,NA,NA,0.704343482898453
SFXN2,7,0,0,0.572404029047351,NA,NA,NA,0.704509370869327
CHAC2,9,0,0,0.572404029047351,NA,NA,NA,0.704591230502207
PSME4,8,0,0,0.572404029047351,NA,NA,NA,0.704645694455727
TMEM127,20,0,0,0.572404029047351,NA,NA,NA,0.7047628869844
OTUD4,7,0,0,0.572822908211556,NA,NA,NA,0.704767818049483
CAMK2D,7,0,0,0.572404029047351,NA,NA,NA,0.704845965029247
COPS2,19,0,0,0.573059534207854,NA,NA,NA,0.704918734769865
GOSR1,7,0,0,0.573158354364187,NA,NA,NA,0.705016629107399
E2F3,5,0,0,0.573158354364187,NA,NA,NA,0.705081097161552
RGS17,13,0,0,0.573563544753798,NA,NA,NA,0.705588119826695
CAP1,7,0,0,0.573704726092323,NA,NA,NA,0.705638416069188
FAM210B,12,0,0,0.574086209516732,NA,NA,NA,0.706085844990009
GNAS,7,0,0,0.574151049212966,NA,NA,NA,0.706101880637535
SLC4A1AP,4,0,0,0.574151049212966,NA,NA,NA,0.706121265252028
CYP4V2,8,0,0,0.574312871615063,NA,NA,NA,0.706473988789006
PHACTR2,12,0,0,0.574312871615063,NA,NA,NA,0.706477258152669
TFRC,11,0,0,0.574312871615063,NA,NA,NA,0.706553294007119
UNC13B,4,0,0,0.574312871615063,NA,NA,NA,0.706743882593417
PTPN4,23,0,0,0.574845014762116,NA,NA,NA,0.707522529821805
NCAPG,18,0,0,0.575707010896297,NA,NA,NA,0.708580849545746
WDR75,9,0,0,0.575652907808991,NA,NA,NA,0.708622724051638
MFAP5,10,0,0,0.575652907808991,NA,NA,NA,0.708751907801172
RPE,26,0,0,0.576135518690592,NA,NA,NA,0.708878888451351
ACBD6,6,0,0,0.575652907808991,NA,NA,NA,0.708883468299762
CSTB,4,0,0,0.576087666571466,NA,NA,NA,0.70892732887964
TIMM10B,14,0,0,0.576087666571466,NA,NA,NA,0.709052237890299
LAMTOR3,10,0,0,0.576473746197276,NA,NA,NA,0.709279265030306
INTS6L,3,0,0,0.576822498523489,NA,NA,NA,0.709756274270213
THRB,9,0,0,0.576822498523489,NA,NA,NA,0.709780551993526
CETN2,12,0,0,0.576822498523489,NA,NA,NA,0.70980869243106
PHLPP2,3,0,0,0.576822498523489,NA,NA,NA,0.709891828145524
CTPS2,4,0,0,0.576939109571996,NA,NA,NA,0.709938253040687
RPS20,4,0,0,0.576822498523489,NA,NA,NA,0.709986221911418
SYTL4,3,0,0,0.577080804752226,NA,NA,NA,0.709988214732486
AASDHPPT,8,0,0,0.576822498523489,NA,NA,NA,0.710221494333749
TRMT1L,9,0,0,0.577691972721143,NA,NA,NA,0.710817593307
POLQ,3,0,0,0.578046538065936,NA,NA,NA,0.710892909481411
ZNF507,8,0,0,0.57796262402837,NA,NA,NA,0.710903748100597
DTWD1,11,0,0,0.57796262402837,NA,NA,NA,0.711123399006811
RNF8,6,0,0,0.578813357827137,NA,NA,NA,0.712510991490308
DNASE2,5,0,0,0.578813357827137,NA,NA,NA,0.712665174680374
GALNT10,7,0,0,0.578813357827137,NA,NA,NA,0.71270115975437
TMED8,10,0,0,0.578928063509862,NA,NA,NA,0.71281956648831
CD81,7,0,0,0.578911427186954,NA,NA,NA,0.712835911454064
RARA,3,0,0,0.579476717455837,NA,NA,NA,0.713061506662682
PDCD6,7,0,0,0.579496050292814,NA,NA,NA,0.713083668607682
TLR2,3,0,0,0.579449745063441,NA,NA,NA,0.713189976620528
LIN9,6,0,0,0.579476717455837,NA,NA,NA,0.71328375948345
BCL2,4,0,0,0.579449745063441,NA,NA,NA,0.713316566599642
MTHFD1,7,0,0,0.579449745063441,NA,NA,NA,0.713456106142974
DMWD,7,0,0,0.579446243227681,NA,NA,NA,0.713484372992273
ZFYVE16,12,0,0,0.580030877049192,NA,NA,NA,0.713588342764671
GALNT1,15,0,0,0.580030877049192,NA,NA,NA,0.713691400233299
KIF2A,13,0,0,0.58019026807555,NA,NA,NA,0.71370455021559
COPS8,25,0,0,0.580201903128751,NA,NA,NA,0.714040108560661
YWHAZ,28,0,0,0.58019026807555,NA,NA,NA,0.714127247012926
PLSCR3,6,0,0,0.580328002027856,NA,NA,NA,0.714421899917744
PFN4,6,0,0,0.580328002027856,NA,NA,NA,0.714711931047753
TSPAN3,24,0,0,0.580328002027856,NA,NA,NA,0.714771149692789
ERGIC2,25,0,0,0.580328002027856,NA,NA,NA,0.714885807946369
PTPRF,8,0,0,0.580541329550322,NA,NA,NA,0.714987013721659
TPM4,12,0,0,0.581069592292854,NA,NA,NA,0.716059998854962
MLXIP,7,0,0,0.5819270145987,NA,NA,NA,0.716785492862851
QSOX2,8,0,0,0.581913410389693,NA,NA,NA,0.716871074938971
KRBOX4,16,0,0,0.581913410389693,NA,NA,NA,0.717062388324027
SDR16C5,4,0,0,0.582344902945231,NA,NA,NA,0.717065428829917
ATE1,6,0,0,0.582339181813838,NA,NA,NA,0.717159231376967
FAM212A,3,0,0,0.582248745605294,NA,NA,NA,0.717164414364114
AFAP1L1,8,0,0,0.581913410389693,NA,NA,NA,0.717208914705757
ZNF561,11,0,0,0.581913410389693,NA,NA,NA,0.717216657157607
ITGA3,7,0,0,0.581913410389693,NA,NA,NA,0.717340956342237
TERF2,12,0,0,0.582369686000499,NA,NA,NA,0.717373224387528
NCOR1,24,0,0,0.582369686000499,NA,NA,NA,0.717397799973048
ARVCF,3,0,0,0.58252871276952,NA,NA,NA,0.717808615292764
CCNYL1,8,0,0,0.582742497477739,NA,NA,NA,0.7179323948796
LIPT2,10,0,0,0.582895380049982,NA,NA,NA,0.717992416918215
KLF8,10,0,0,0.58301167469816,NA,NA,NA,0.718116204069577
CAV2,15,0,0,0.584131723021849,NA,NA,NA,0.719704360175591
TACO1,6,0,0,0.584352440334856,NA,NA,NA,0.719847563279669
PRR11,5,0,0,0.584131723021849,NA,NA,NA,0.719932852938515
TAF12,6,0,0,0.584352440334856,NA,NA,NA,0.720044504346723
MSANTD4,16,0,0,0.584352440334856,NA,NA,NA,0.720282794999795
DNA2,4,0,0,0.584352440334856,NA,NA,NA,0.720447215042536
RCL1,16,0,0,0.584926090703983,NA,NA,NA,0.720669902664065
MDH2,7,0,0,0.584926090703983,NA,NA,NA,0.720727033406092
COX20,19,0,0,0.584926090703983,NA,NA,NA,0.720745979632304
CTBS,7,0,0,0.58517626430094,NA,NA,NA,0.720979946049233
TCOF1,5,0,0,0.586045588017903,NA,NA,NA,0.722203684672031
N4BP2L1,5,0,0,0.586196728909818,NA,NA,NA,0.722260914252615
RPS6KA2,5,0,0,0.586397991914064,NA,NA,NA,0.722411034688456
RHOBTB2,9,0,0,0.586309276671541,NA,NA,NA,0.722419030492437
HECTD1,4,0,0,0.586505850029957,NA,NA,NA,0.722564149552802
ZRANB1,20,0,0,0.586781168007979,NA,NA,NA,0.722914461279722
MORF4L1,16,0,0,0.58765759165107,NA,NA,NA,0.72396354790662
COG7,2,0,0,0.587745139476654,NA,NA,NA,0.724300969072987
PDLIM7,2,0,0,0.587745139476654,NA,NA,NA,0.724409685970849
ATPAF1,5,0,0,0.588400292772525,NA,NA,NA,0.724883564501329
PCMTD2,11,0,0,0.588683982115429,NA,NA,NA,0.725089791891399
FBLN1,8,0,0,0.588704758592661,NA,NA,NA,0.725118834560029
RIF1,21,0,0,0.589031179717571,NA,NA,NA,0.725156258222914
ADGRG6,8,0,0,0.589301582664146,NA,NA,NA,0.725190441772227
LARP4B,21,0,0,0.588883833180504,NA,NA,NA,0.725204538887588
TRMT2B,9,0,0,0.588683982115429,NA,NA,NA,0.725229108912265
PSMA3,8,0,0,0.589201250781019,NA,NA,NA,0.725295028918513
LAPTM4A,6,0,0,0.588704758592661,NA,NA,NA,0.725295778764913
AUTS2,9,0,0,0.589031179717571,NA,NA,NA,0.725301392683113
FAH,5,0,0,0.589301582664146,NA,NA,NA,0.725369689345394
TMED10,13,0,0,0.588683982115429,NA,NA,NA,0.725429327522024
ZNF641,8,0,0,0.589301582664146,NA,NA,NA,0.72547043136241
SCFD1,4,0,0,0.589569467946791,NA,NA,NA,0.725747815510402
ASAP1,6,0,0,0.589569467946791,NA,NA,NA,0.725942016401208
PC,15,0,0,0.589569467946791,NA,NA,NA,0.726148756560038
TIMM29,5,0,0,0.589569467946791,NA,NA,NA,0.726262532599429
VPS29,12,0,0,0.589569467946791,NA,NA,NA,0.726297965680578
MED7,13,0,0,0.589569467946791,NA,NA,NA,0.72669481081617
FAM8A1,13,0,0,0.589569467946791,NA,NA,NA,0.726697763949257
ZNF691,4,0,0,0.589569467946791,NA,NA,NA,0.726943142193001
MFF,7,0,0,0.589569467946791,NA,NA,NA,0.726972016304042
FBXO45,8,0,0,0.589569467946791,NA,NA,NA,0.727102491873009
TIAL1,13,0,0,0.589908140362863,NA,NA,NA,0.72735836431159
MLPH,7,0,0,0.590140652700055,NA,NA,NA,0.727639052419276
PROSER2,6,0,0,0.590584609613673,NA,NA,NA,0.728873954870529
GINS4,18,0,0,0.590716425644491,NA,NA,NA,0.729153581224349
RNF20,15,0,0,0.591519725851841,NA,NA,NA,0.730122980417405
PSEN1,9,0,0,0.591922469418504,NA,NA,NA,0.730485908205919
MMS22L,5,0,0,0.592064377902162,NA,NA,NA,0.730671409891028
CALU,23,0,0,0.592452640127573,NA,NA,NA,0.731811634766253
EDEM1,8,0,0,0.593072002818697,NA,NA,NA,0.732252132117718
GM2A,17,0,0,0.593072002818697,NA,NA,NA,0.732358289852422
TTC21B,8,0,0,0.594280860787587,NA,NA,NA,0.733687594641318
GNB4,14,0,0,0.594655773375986,NA,NA,NA,0.733721516318934
MFSD8,10,0,0,0.594655773375986,NA,NA,NA,0.733871124914036
GOLGA7,6,0,0,0.594655773375986,NA,NA,NA,0.733876285639175
EHBP1L1,4,0,0,0.594655773375986,NA,NA,NA,0.734063874658623
TUBB2A,2,0,0,0.594655773375986,NA,NA,NA,0.734194401589304
OPTN,10,0,0,0.594655773375986,NA,NA,NA,0.734247582876487
RBM12B,16,0,0,0.595393312771949,NA,NA,NA,0.734384563753365
PEX2,16,0,0,0.594655773375986,NA,NA,NA,0.734487444770796
SMNDC1,16,0,0,0.595393312771949,NA,NA,NA,0.734513403944448
MPHOSPH9,15,0,0,0.59606352719165,NA,NA,NA,0.734612321188952
NEDD1,16,0,0,0.594655773375986,NA,NA,NA,0.734662600367521
NANS,4,0,0,0.595393312771949,NA,NA,NA,0.734717869593568
PCDH18,5,0,0,0.595328518019421,NA,NA,NA,0.734727411842653
SMARCC2,8,0,0,0.595924337666517,NA,NA,NA,0.734742120378273
H2AFZ,8,0,0,0.595924337666517,NA,NA,NA,0.734749982926851
IFT172,3,0,0,0.595992766240543,NA,NA,NA,0.734772923073981
CLIC3,2,0,0,0.595393312771949,NA,NA,NA,0.734827252834271
RAB1B,4,0,0,0.595920270527454,NA,NA,NA,0.734829414290814
CCNI,8,0,0,0.59606352719165,NA,NA,NA,0.734831689311756
PTEN,28,0,0,0.596434987024413,NA,NA,NA,0.734895349664169
EP400,7,0,0,0.595328518019421,NA,NA,NA,0.734903196130389
RBKS,4,0,0,0.59606352719165,NA,NA,NA,0.734952216325637
CNIH1,16,0,0,0.595924337666517,NA,NA,NA,0.734976585700751
UBFD1,5,0,0,0.59606352719165,NA,NA,NA,0.734980855478907
TXNDC5,8,0,0,0.59606352719165,NA,NA,NA,0.735056207940142
ZNF688,2,0,0,0.596855981000745,NA,NA,NA,0.735229566241268
HOOK1,10,0,0,0.597182379289754,NA,NA,NA,0.735950091899447
VPS28,2,0,0,0.597457787674179,NA,NA,NA,0.736690018200038
MAT2A,6,0,0,0.597457787674179,NA,NA,NA,0.736701789928572
VPS36,16,0,0,0.597457787674179,NA,NA,NA,0.73676142477016
USP46,15,0,0,0.597826881022914,NA,NA,NA,0.736867423278867
FAM173A,2,0,0,0.597848642443545,NA,NA,NA,0.736882922462162
PINX1,4,0,0,0.597848642443545,NA,NA,NA,0.736894392763111
MRPL42,26,0,0,0.597848642443545,NA,NA,NA,0.736900271200946
MDH1,3,0,0,0.597826881022914,NA,NA,NA,0.736999194356044
RAP1A,11,0,0,0.597848642443545,NA,NA,NA,0.737072674958197
CCND1,17,0,0,0.59823079293257,NA,NA,NA,0.737325785133238
ALG6,10,0,0,0.598516441367317,NA,NA,NA,0.737657080028829
SLC4A8,2,0,0,0.598877383710595,NA,NA,NA,0.737928169831647
ETFRF1,7,0,0,0.59893196367431,NA,NA,NA,0.738569268099391
MARK2,3,0,0,0.59893196367431,NA,NA,NA,0.738651746291722
FAM117B,5,0,0,0.59893196367431,NA,NA,NA,0.73903747635339
KCNJ15,10,0,0,0.59893196367431,NA,NA,NA,0.739262301230063
TARDBP,12,0,0,0.59893196367431,NA,NA,NA,0.739372176412695
ATXN10,18,0,0,0.59893196367431,NA,NA,NA,0.739410059444702
CDCA7,7,0,0,0.59893196367431,NA,NA,NA,0.739413049242323
ZNF174,4,0,0,0.59893196367431,NA,NA,NA,0.739420869265332
RPS4X,10,0,0,0.59893196367431,NA,NA,NA,0.739463813916947
FANCB,16,0,0,0.59893196367431,NA,NA,NA,0.739496508595235
STAT1,19,0,0,0.59893196367431,NA,NA,NA,0.739532841273741
NSUN5,2,0,0,0.59893196367431,NA,NA,NA,0.739598894207479
NT5DC1,15,0,0,0.59893196367431,NA,NA,NA,0.739601715782844
PPP1R26,4,0,0,0.59893196367431,NA,NA,NA,0.739618969729317
NQO1,9,0,0,0.59893196367431,NA,NA,NA,0.73974654321315
ZBTB10,17,0,0,0.599213688095037,NA,NA,NA,0.739807439635734
RPL11,6,0,0,0.59893196367431,NA,NA,NA,0.739903433699957
YIPF2,6,0,0,0.599213688095037,NA,NA,NA,0.739948521007396
SUGP2,2,0,0,0.599213688095037,NA,NA,NA,0.739967441549165
FUT8,6,0,0,0.59893196367431,NA,NA,NA,0.739992743108249
LASP1,5,0,0,0.599213688095037,NA,NA,NA,0.740018048319251
THAP9,4,0,0,0.599213688095037,NA,NA,NA,0.740026122343997
OSMR,9,0,0,0.599376928149704,NA,NA,NA,0.740196503367042
RDH10,7,0,0,0.599213688095037,NA,NA,NA,0.74020016345298
NECAB3,6,0,0,0.599371643944088,NA,NA,NA,0.740294043930965
UBALD2,5,0,0,0.599386808416318,NA,NA,NA,0.740335744062837
PPRC1,2,0,0,0.599213688095037,NA,NA,NA,0.740363143810447
RRAGA,7,0,0,0.599386808416318,NA,NA,NA,0.740393925009265
AP5B1,4,0,0,0.599386808416318,NA,NA,NA,0.740406948373948
ALDH7A1,9,0,0,0.59948276810093,NA,NA,NA,0.740443154469592
ICK,6,0,0,0.599386808416318,NA,NA,NA,0.740490672504356
PURB,10,0,0,0.59948276810093,NA,NA,NA,0.740500765512824
WWC2,18,0,0,0.599371643944088,NA,NA,NA,0.740518245186527
ZCCHC10,7,0,0,0.599386808416318,NA,NA,NA,0.740591771885165
FAM174A,4,0,0,0.599386808416318,NA,NA,NA,0.740635668690664
TAF2,3,0,0,0.599386808416318,NA,NA,NA,0.740831941147286
PHF21A,8,0,0,0.599386808416318,NA,NA,NA,0.740834287205836
POU2F1,11,0,0,0.599923279589045,NA,NA,NA,0.74102194697516
C1orf50,20,0,0,0.600097737186015,NA,NA,NA,0.741099391822989
ETAA1,7,0,0,0.599923279589045,NA,NA,NA,0.741193225600349
DDB1,4,0,0,0.600890358883372,NA,NA,NA,0.74208713643779
ITGA6,12,0,0,0.600989832801643,NA,NA,NA,0.742136459366571
SDF2,3,0,0,0.60150051516338,NA,NA,NA,0.742711785363232
CRBN,17,0,0,0.60150051516338,NA,NA,NA,0.742829814750484
SIRT3,7,0,0,0.601779234134906,NA,NA,NA,0.742942959987707
TMEM225B,2,0,0,0.60150051516338,NA,NA,NA,0.743051719732352
GLRX2,9,0,0,0.602175513960454,NA,NA,NA,0.743591017799968
RPAIN,5,0,0,0.602175513960454,NA,NA,NA,0.74369439627774
TMOD3,24,0,0,0.602373492161277,NA,NA,NA,0.743742194801478
TMCO6,5,0,0,0.602707112121478,NA,NA,NA,0.74387992329129
FAM49A,7,0,0,0.602858201112458,NA,NA,NA,0.743932539254545
INPP5K,5,0,0,0.602663654438232,NA,NA,NA,0.743938392280919
ZNF780B,18,0,0,0.603584239134008,NA,NA,NA,0.744464465603148
RNF139,13,0,0,0.603549272554823,NA,NA,NA,0.744542011464991
OGFOD3,11,0,0,0.603584239134008,NA,NA,NA,0.744564498876444
PSMA6,4,0,0,0.603584239134008,NA,NA,NA,0.744579333731854
FAM114A1,8,0,0,0.603584239134008,NA,NA,NA,0.744589943577482
CIAO1,16,0,0,0.603584239134008,NA,NA,NA,0.744603363759583
MKNK2,2,0,0,0.603584239134008,NA,NA,NA,0.744633470221707
ELAC2,9,0,0,0.603584239134008,NA,NA,NA,0.744658278892127
ARPC3,8,0,0,0.603584239134008,NA,NA,NA,0.744664454135114
CCDC96,2,0,0,0.603584239134008,NA,NA,NA,0.744680798097968
EIF3F,19,0,0,0.603584239134008,NA,NA,NA,0.744727059043683
ARCN1,7,0,0,0.603584239134008,NA,NA,NA,0.744757492513934
RTF1,8,0,0,0.603584239134008,NA,NA,NA,0.7447782318608
RBM14-RBM4,14,0,0,0.603584239134008,NA,NA,NA,0.744795105586245
CUEDC1,6,0,0,0.603584239134008,NA,NA,NA,0.744805273534836
TLL1,8,0,0,0.603584239134008,NA,NA,NA,0.74481657111537
IFT52,4,0,0,0.603584239134008,NA,NA,NA,0.744819745776155
ZNF778,13,0,0,0.603781371644324,NA,NA,NA,0.744832520505939
DLG3,5,0,0,0.603584239134008,NA,NA,NA,0.74484514526896
SEPSECS,9,0,0,0.603584239134008,NA,NA,NA,0.744874293371085
STUB1,10,0,0,0.603584239134008,NA,NA,NA,0.744881558915471
COQ2,5,0,0,0.603584239134008,NA,NA,NA,0.744893767621914
CLDND1,13,0,0,0.603584239134008,NA,NA,NA,0.744910430839058
PCIF1,4,0,0,0.603584239134008,NA,NA,NA,0.744989694709106
VAMP2,4,0,0,0.60420010217108,NA,NA,NA,0.745040656333706
GNG2,4,0,0,0.60420010217108,NA,NA,NA,0.745172764009968
HILPDA,13,0,0,0.60420010217108,NA,NA,NA,0.745224118888892
MFSD14A,4,0,0,0.60446891405089,NA,NA,NA,0.745292861402474
WDR82,15,0,0,0.60446891405089,NA,NA,NA,0.745435996069305
THEM4,7,0,0,0.604740057776181,NA,NA,NA,0.745736367713587
PPP2R5E,17,0,0,0.605372868479298,NA,NA,NA,0.746288939951628
SYNC,12,0,0,0.605372868479298,NA,NA,NA,0.746359671860267
YKT6,7,0,0,0.605911934158532,NA,NA,NA,0.747361350728
AGGF1,14,0,0,0.605886729152558,NA,NA,NA,0.747408525482637
UBE2V2,24,0,0,0.605911934158532,NA,NA,NA,0.747535792138775
PITPNB,6,0,0,0.606267576691184,NA,NA,NA,0.747623490634515
EHBP1,4,0,0,0.606782275688915,NA,NA,NA,0.747975711788011
FAM122A,10,0,0,0.6066026952869,NA,NA,NA,0.747998055819851
ATP6AP1L,3,0,0,0.606769774266265,NA,NA,NA,0.748066257323726
GNB1,11,0,0,0.608430511343203,NA,NA,NA,0.749931532709253
TXNDC17,8,0,0,0.608629068038564,NA,NA,NA,0.750065083991657
ATMIN,7,0,0,0.608848160549518,NA,NA,NA,0.75045344716204
RBBP7,7,0,0,0.609215704986983,NA,NA,NA,0.751344629900651
SDCBP,10,0,0,0.609215704986983,NA,NA,NA,0.751453772796612
ZC3H12C,15,0,0,0.609215704986983,NA,NA,NA,0.751581158873631
KTN1,6,0,0,0.609349275255112,NA,NA,NA,0.751620214787467
CISD2,8,0,0,0.609608669839156,NA,NA,NA,0.752078285716661
PPP1R3D,5,0,0,0.609608669839156,NA,NA,NA,0.752293218035726
SLC38A2,20,0,0,0.61002605125036,NA,NA,NA,0.75253558810443
UPF2,3,0,0,0.610273964970996,NA,NA,NA,0.752846868776354
RSU1,12,0,0,0.610415495131439,NA,NA,NA,0.753021993283066
B4GALT5,8,0,0,0.610346870968729,NA,NA,NA,0.75305595896087
CPD,22,0,0,0.610531672518361,NA,NA,NA,0.753276417062039
RHBDF1,4,0,0,0.61066402375651,NA,NA,NA,0.753491663095956
PEX19,19,0,0,0.61066402375651,NA,NA,NA,0.753650261352934
AKAP7,3,0,0,0.611174896579982,NA,NA,NA,0.754688485739711
YTHDF2,5,0,0,0.611174896579982,NA,NA,NA,0.755107598397749
KIZ,2,0,0,0.611174896579982,NA,NA,NA,0.75525481490125
ENDOD1,10,0,0,0.611174896579982,NA,NA,NA,0.755280666419671
ZNF808,12,0,0,0.611174896579982,NA,NA,NA,0.755387919700554
BECN1,7,0,0,0.611174896579982,NA,NA,NA,0.755533205149324
CCDC47,14,0,0,0.611174896579982,NA,NA,NA,0.755567717284842
PHF23,11,0,0,0.6114754374042,NA,NA,NA,0.755651002225745
DPM1,6,0,0,0.611756474059849,NA,NA,NA,0.756295690622053
PARG,4,0,0,0.611971285468406,NA,NA,NA,0.756367927358301
UBE3D,2,0,0,0.612379181555974,NA,NA,NA,0.756427925302959
HACL1,6,0,0,0.61213703233615,NA,NA,NA,0.756438764112028
SRI,14,0,0,0.611971285468406,NA,NA,NA,0.756469630412502
IQCK,6,0,0,0.611971285468406,NA,NA,NA,0.756490965559595
DHX9,10,0,0,0.612379181555974,NA,NA,NA,0.756514208056588
AKR7A2,11,0,0,0.612379181555974,NA,NA,NA,0.756549663915816
TAF1A,5,0,0,0.61213703233615,NA,NA,NA,0.756551362025521
BIN1,2,0,0,0.612379181555974,NA,NA,NA,0.756556985925495
SNX8,5,0,0,0.612379181555974,NA,NA,NA,0.756559802521655
SF3B3,19,0,0,0.612379181555974,NA,NA,NA,0.756719339202271
TMEM125,2,0,0,0.612379181555974,NA,NA,NA,0.756863083455194
THOP1,2,0,0,0.612379181555974,NA,NA,NA,0.75691539188365
PRMT9,6,0,0,0.612386341295223,NA,NA,NA,0.757014535826421
FAM98B,17,0,0,0.612379181555974,NA,NA,NA,0.757045581861195
MMP13,2,0,0,0.612379181555974,NA,NA,NA,0.757079710311236
ZSCAN25,3,0,0,0.612379181555974,NA,NA,NA,0.75708686149608
NDUFAB1,5,0,0,0.612379181555974,NA,NA,NA,0.757111919628255
KMT2E,10,0,0,0.612379181555974,NA,NA,NA,0.757151278055154
SURF1,3,0,0,0.612529080481101,NA,NA,NA,0.757156722230147
GPD2,8,0,0,0.612379181555974,NA,NA,NA,0.757161443399309
MRPS27,6,0,0,0.612379181555974,NA,NA,NA,0.757168107083697
RBM4B,3,0,0,0.612379181555974,NA,NA,NA,0.757235225205259
PSRC1,4,0,0,0.612379181555974,NA,NA,NA,0.757236503627097
TMEM33,24,0,0,0.612379181555974,NA,NA,NA,0.757263655126178
NANP,10,0,0,0.612379181555974,NA,NA,NA,0.757313239192123
COX7B,7,0,0,0.612379181555974,NA,NA,NA,0.75734034136193
RAB3IP,14,0,0,0.612379181555974,NA,NA,NA,0.757377943294647
CEP290,3,0,0,0.612869495693412,NA,NA,NA,0.757455687095917
VLDLR,4,0,0,0.612379181555974,NA,NA,NA,0.757499911892353
KNSTRN,15,0,0,0.612379181555974,NA,NA,NA,0.757501915256759
GRK5,5,0,0,0.612829808669559,NA,NA,NA,0.757519825359589
PSMB2,17,0,0,0.612379181555974,NA,NA,NA,0.75757207038007
C5orf22,13,0,0,0.612379181555974,NA,NA,NA,0.757643544334324
C12orf43,12,0,0,0.612379181555974,NA,NA,NA,0.757691425031686
TMEM165,9,0,0,0.612379181555974,NA,NA,NA,0.757696980493111
RETSAT,6,0,0,0.613179396364688,NA,NA,NA,0.757798284332532
KLHL8,13,0,0,0.612379181555974,NA,NA,NA,0.757866064581264
GOLGA8B,8,0,0,0.612379181555974,NA,NA,NA,0.758087182479128
DCP2,18,0,0,0.613289051603052,NA,NA,NA,0.758210368183323
SEPT8,5,0,0,0.612379181555974,NA,NA,NA,0.758226819440314
DCUN1D2,6,0,0,0.613310198012507,NA,NA,NA,0.758243938833438
JADE2,9,0,0,0.61345572859147,NA,NA,NA,0.758287877056036
QRICH1,8,0,0,0.614096959346591,NA,NA,NA,0.758863744994649
PDE4D,14,0,0,0.614068107837922,NA,NA,NA,0.758939178711525
SESN2,3,0,0,0.614656497194333,NA,NA,NA,0.759198611554173
RUNX1,9,0,0,0.614656497194333,NA,NA,NA,0.759331351827026
PUM1,8,0,0,0.614656497194333,NA,NA,NA,0.759366675749682
IGF2BP2,13,0,0,0.614656497194333,NA,NA,NA,0.75957100067841
PHF3,12,0,0,0.614656497194333,NA,NA,NA,0.759665657123531
RBM11,5,0,0,0.614656497194333,NA,NA,NA,0.759738801307364
SRP54,5,0,0,0.614656497194333,NA,NA,NA,0.759755423715515
SLC11A2,5,0,0,0.614656497194333,NA,NA,NA,0.759849511585282
COBLL1,9,0,0,0.614656497194333,NA,NA,NA,0.759890343764368
BAZ2B,9,0,0,0.615180635853586,NA,NA,NA,0.759961610477098
SETDB2-PHF11,2,0,0,0.615416347137679,NA,NA,NA,0.760097162210697
MIGA1,9,0,0,0.615628459861971,NA,NA,NA,0.76010372412404
SAMHD1,9,0,0,0.615528598304103,NA,NA,NA,0.76010675502167
UBE2N,14,0,0,0.615769901224956,NA,NA,NA,0.760192270728788
TACC1,11,0,0,0.616576454020105,NA,NA,NA,0.761379181421285
FCF1,6,0,0,0.61660455981102,NA,NA,NA,0.76154331311395
ENPP1,8,0,0,0.616730942525159,NA,NA,NA,0.761715485776721
PLCG1,9,0,0,0.616800239398653,NA,NA,NA,0.761735352901056
POLR2D,7,0,0,0.616949045766477,NA,NA,NA,0.76190580732937
MTMR1,5,0,0,0.616800239398653,NA,NA,NA,0.761909187762206
PRRC2B,8,0,0,0.616949045766477,NA,NA,NA,0.762139977578658
KREMEN2,2,0,0,0.617199787026128,NA,NA,NA,0.762339120682163
BAG3,5,0,0,0.617199787026128,NA,NA,NA,0.762355506902501
ITPRIP,8,0,0,0.617402847541709,NA,NA,NA,0.762440736240096
DYRK1B,2,0,0,0.617531642701514,NA,NA,NA,0.762773267528575
APOPT1,5,0,0,0.617531642701514,NA,NA,NA,0.762986781628659
CDS2,14,0,0,0.617845072919846,NA,NA,NA,0.762987122967057
DDA1,6,0,0,0.617531642701514,NA,NA,NA,0.763158062978799
CTDP1,2,0,0,0.6180722792195,NA,NA,NA,0.76341619632449
ST6GAL1,5,0,0,0.618245303379244,NA,NA,NA,0.763449888513546
ZNF616,6,0,0,0.618210473589529,NA,NA,NA,0.763454238881322
FOXK1,6,0,0,0.618210473589529,NA,NA,NA,0.763635663251822
COA4,12,0,0,0.6180722792195,NA,NA,NA,0.763638315861245
KIAA0753,6,0,0,0.618766324282074,NA,NA,NA,0.763985191211681
KIAA1324L,12,0,0,0.618730562094585,NA,NA,NA,0.764054151444774
TGFBR2,20,0,0,0.618958299497352,NA,NA,NA,0.764122027232682
PSMA1,9,0,0,0.618868192586815,NA,NA,NA,0.764135714186754
CDC42EP1,7,0,0,0.618730562094585,NA,NA,NA,0.764282401290303
SAMD4A,4,0,0,0.618868192586815,NA,NA,NA,0.764300841081926
TOM1L1,15,0,0,0.619500766550884,NA,NA,NA,0.764617992082057
FADD,8,0,0,0.619529177029148,NA,NA,NA,0.764904383966932
ARHGEF28,8,0,0,0.619500766550884,NA,NA,NA,0.764977323655063
PPP1R2,6,0,0,0.620447307531021,NA,NA,NA,0.766393960753299
TMEM245,10,0,0,0.620447307531021,NA,NA,NA,0.766579406763245
CALD1,11,0,0,0.620676603898919,NA,NA,NA,0.766736726578214
AP5S1,7,0,0,0.621679893521558,NA,NA,NA,0.767685230762648
SAMD8,12,0,0,0.621679893521558,NA,NA,NA,0.767844966626474
RFK,6,0,0,0.621679893521558,NA,NA,NA,0.767903451478202
MAP4K4,17,0,0,0.621679893521558,NA,NA,NA,0.768029043784549
TRMO,8,0,0,0.622514045126794,NA,NA,NA,0.76907310875269
PRKAB2,9,0,0,0.622591310136266,NA,NA,NA,0.769264525726512
PPP1R12C,3,0,0,0.622643704251643,NA,NA,NA,0.769339742907115
SDHAF3,5,0,0,0.62259118227591,NA,NA,NA,0.769370692054179
ERLEC1,11,0,0,0.622689160217405,NA,NA,NA,0.769536089077723
TMC7,16,0,0,0.622913312920525,NA,NA,NA,0.769727668070981
C1orf122,4,0,0,0.623092280535371,NA,NA,NA,0.76986069682091
RPP25,2,0,0,0.623648029227818,NA,NA,NA,0.770489631780878
TIMM8A,19,0,0,0.623563898580286,NA,NA,NA,0.7705107376586
OTUB1,7,0,0,0.623752155973099,NA,NA,NA,0.770616849324059
FAM136A,9,0,0,0.623563898580286,NA,NA,NA,0.770722337139794
ZKSCAN2,4,0,0,0.623901823185284,NA,NA,NA,0.77079016972807
PPP2R2D,13,0,0,0.624399809300776,NA,NA,NA,0.77097562485935
CDC42EP3,13,0,0,0.624375251763107,NA,NA,NA,0.771057132317032
PDPR,8,0,0,0.624375251763107,NA,NA,NA,0.771270928876829
SCAI,11,0,0,0.624694316784226,NA,NA,NA,0.771806913907956
HIST1H4H,8,0,0,0.625183440984752,NA,NA,NA,0.772287838352825
UCK2,12,0,0,0.625183440984752,NA,NA,NA,0.772334050990206
RAB29,6,0,0,0.62543357038486,NA,NA,NA,0.772341448219111
NPNT,3,0,0,0.625183440984752,NA,NA,NA,0.772399639264424
MED18,2,0,0,0.625183440984752,NA,NA,NA,0.772476791009361
MRGBP,7,0,0,0.62543357038486,NA,NA,NA,0.772491526596112
RNF207,6,0,0,0.625183440984752,NA,NA,NA,0.772607693202771
ADAP2,4,0,0,0.62543357038486,NA,NA,NA,0.772608194383871
PMPCB,17,0,0,0.625751035376291,NA,NA,NA,0.772683664342007
GTF3A,4,0,0,0.625993616863627,NA,NA,NA,0.7730123440741
KHNYN,12,0,0,0.625993616863627,NA,NA,NA,0.77317852429989
CDC42,6,0,0,0.62627135595936,NA,NA,NA,0.773196302317011
TMEM14B,4,0,0,0.625993616863627,NA,NA,NA,0.773394479166944
NCAPD2,4,0,0,0.626445572623162,NA,NA,NA,0.773510719063429
ZNF529,9,0,0,0.625993616863627,NA,NA,NA,0.773571579092127
RBM47,6,0,0,0.627624334853524,NA,NA,NA,0.77461588734969
KAT14,5,0,0,0.627585665165997,NA,NA,NA,0.774683644208181
BARX2,2,0,0,0.628039720816799,NA,NA,NA,0.774928622288535
PXMP4,8,0,0,0.62832109980905,NA,NA,NA,0.775502213394512
SMARCD1,8,0,0,0.628428964797364,NA,NA,NA,0.775744113341161
RSL24D1,11,0,0,0.62864630864162,NA,NA,NA,0.776492367737357
SIRPA,6,0,0,0.628900503820184,NA,NA,NA,0.77666293085322
CAND1,22,0,0,0.628900503820184,NA,NA,NA,0.776709485008113
AIG1,11,0,0,0.628900503820184,NA,NA,NA,0.776840717708299
RAP1GAP2,4,0,0,0.628900503820184,NA,NA,NA,0.776846098698093
CCNA2,13,0,0,0.628900503820184,NA,NA,NA,0.776867569148987
CHURC1-FNTB,3,0,0,0.628900503820184,NA,NA,NA,0.776981386869488
IER5L,4,0,0,0.629425827762864,NA,NA,NA,0.777329678254314
HIVEP1,2,0,0,0.629319538023394,NA,NA,NA,0.777329679873851
NTMT1,3,0,0,0.629625309404044,NA,NA,NA,0.777423708636153
PRR15L,4,0,0,0.629316574265906,NA,NA,NA,0.777434011732701
PRKAA1,11,0,0,0.630276586203853,NA,NA,NA,0.778263064430229
SLC39A6,4,0,0,0.630336005315156,NA,NA,NA,0.778432694211557
ANKS1A,4,0,0,0.630510278723063,NA,NA,NA,0.778788536401132
ZFAND1,21,0,0,0.63070286532084,NA,NA,NA,0.779005593662893
MCEE,5,0,0,0.63070286532084,NA,NA,NA,0.779146136671686
PYCR1,2,0,0,0.63070286532084,NA,NA,NA,0.779349885653473
FAT1,9,0,0,0.6314492998165,NA,NA,NA,0.779650437026636
UBAC2,4,0,0,0.631836055456252,NA,NA,NA,0.779843791174657
SLC16A4,2,0,0,0.631836055456252,NA,NA,NA,0.77987420169437
WDFY3,13,0,0,0.631836055456252,NA,NA,NA,0.779987421386773
RNF135,2,0,0,0.632035291815959,NA,NA,NA,0.780063261101697
TBCCD1,4,0,0,0.632222795475032,NA,NA,NA,0.780163250762022
DCN,7,0,0,0.632222795475032,NA,NA,NA,0.780279061842549
IMPACT,4,0,0,0.632365520951951,NA,NA,NA,0.780325638303242
ITM2C,2,0,0,0.633222033443322,NA,NA,NA,0.780418666071464
PPDPF,11,0,0,0.633162557951578,NA,NA,NA,0.780434340199374
PARP14,5,0,0,0.633075188896406,NA,NA,NA,0.780635300818222
CCDC174,11,0,0,0.633075188896406,NA,NA,NA,0.780650095988364
PHF6,6,0,0,0.633162557951578,NA,NA,NA,0.780651944595464
C11orf70,4,0,0,0.632817511848989,NA,NA,NA,0.78067285128788
RHOD,2,0,0,0.633222033443322,NA,NA,NA,0.780760123276052
C21orf59,5,0,0,0.633162557951578,NA,NA,NA,0.78076400536315
PRKD3,7,0,0,0.633031305759498,NA,NA,NA,0.780780308249955
RNF4,5,0,0,0.633075188896406,NA,NA,NA,0.780786540359737
TMEM87B,10,0,0,0.633075188896406,NA,NA,NA,0.780793840968167
MPP6,30,0,0,0.633075188896406,NA,NA,NA,0.780828006797206
ABHD4,4,0,0,0.633162557951578,NA,NA,NA,0.780852958565086
PAX9,11,0,0,0.633075188896406,NA,NA,NA,0.780901283533714
TRAPPC13,8,0,0,0.633075188896406,NA,NA,NA,0.780920480170608
TTC26,5,0,0,0.633075188896406,NA,NA,NA,0.781022182848524
ULK4,3,0,0,0.633075188896406,NA,NA,NA,0.781040854016699
SURF2,4,0,0,0.633075188896406,NA,NA,NA,0.78112324067225
PCYT2,9,0,0,0.633483610213051,NA,NA,NA,0.78125740996553
WDR47,4,0,0,0.633075188896406,NA,NA,NA,0.781279859475612
ATP9A,13,0,0,0.633483610213051,NA,NA,NA,0.781359655779644
AP1S1,4,0,0,0.633483610213051,NA,NA,NA,0.781383650542288
AURKB,3,0,0,0.633483610213051,NA,NA,NA,0.781384848829003
MRPL17,18,0,0,0.633483610213051,NA,NA,NA,0.781448023508691
ACTG1,14,0,0,0.633483610213051,NA,NA,NA,0.781494464076615
BAIAP2L1,9,0,0,0.633483610213051,NA,NA,NA,0.781561096048654
TBC1D9,7,0,0,0.633483610213051,NA,NA,NA,0.781574820450421
SPATS2L,8,0,0,0.633483610213051,NA,NA,NA,0.781583868644602
LCOR,17,0,0,0.633483610213051,NA,NA,NA,0.781615963857262
PAK2,11,0,0,0.633483610213051,NA,NA,NA,0.781667016743104
LGR4,9,0,0,0.633483610213051,NA,NA,NA,0.781674384583383
THSD4,6,0,0,0.633664179294986,NA,NA,NA,0.781691076978
PDCD2,16,0,0,0.633664179294986,NA,NA,NA,0.781740014538344
B2M,4,0,0,0.633664179294986,NA,NA,NA,0.781848059226432
DBR1,5,0,0,0.633834479433715,NA,NA,NA,0.781928092281374
NDUFA2,3,0,0,0.634297942496515,NA,NA,NA,0.783157192917208
EDC4,2,0,0,0.634465103278741,NA,NA,NA,0.783949230281144
HNRNPM,5,0,0,0.634465103278741,NA,NA,NA,0.784366510461045
SDHB,2,0,0,0.634465103278741,NA,NA,NA,0.784635875460581
PERP,9,0,0,0.634465103278741,NA,NA,NA,0.784738557655859
FAXDC2,2,0,0,0.634465103278741,NA,NA,NA,0.784890003471425
MMP24OS,4,0,0,0.634465103278741,NA,NA,NA,0.785079363101205
ZNF22,3,0,0,0.634465103278741,NA,NA,NA,0.785091209310316
SLC35C2,10,0,0,0.634465103278741,NA,NA,NA,0.785117746615101
GPATCH8,4,0,0,0.634465103278741,NA,NA,NA,0.785248060249535
AFAP1L2,6,0,0,0.634787718104639,NA,NA,NA,0.785248851870146
UBAP2L,3,0,0,0.634465103278741,NA,NA,NA,0.785291251139822
CTSB,14,0,0,0.634787718104639,NA,NA,NA,0.785300999832958
FAM168A,20,0,0,0.634465103278741,NA,NA,NA,0.785449469846244
ATXN1,11,0,0,0.634465103278741,NA,NA,NA,0.785533297392173
MCAT,10,0,0,0.6352192143654,NA,NA,NA,0.785703643715158
TP53BP1,3,0,0,0.63570009729968,NA,NA,NA,0.785768740065814
MDFIC,14,0,0,0.636009042518073,NA,NA,NA,0.78581267306773
MAFK,4,0,0,0.6352192143654,NA,NA,NA,0.785821491053112
ZNF324B,12,0,0,0.636009042518073,NA,NA,NA,0.785860867876328
MAT2B,7,0,0,0.63598641721767,NA,NA,NA,0.785960987095171
NPAT,18,0,0,0.635780040548438,NA,NA,NA,0.785969099765076
SAMD5,2,0,0,0.63570009729968,NA,NA,NA,0.785974965115947
ZBTB18,3,0,0,0.635985489706185,NA,NA,NA,0.786068035554004
COL12A1,5,0,0,0.636009042518073,NA,NA,NA,0.786076732859209
DKC1,3,0,0,0.636581943752212,NA,NA,NA,0.786106951799653
REC8,3,0,0,0.636505922062745,NA,NA,NA,0.786123919706768
ENTPD4,17,0,0,0.63570009729968,NA,NA,NA,0.786125636539566
ZNF48,5,0,0,0.635780040548438,NA,NA,NA,0.786131842237053
MSTO1,6,0,0,0.635780040548438,NA,NA,NA,0.786144423712787
ASNSD1,2,0,0,0.636349695046982,NA,NA,NA,0.78618325665368
NRP1,9,0,0,0.636009042518073,NA,NA,NA,0.786280126903161
BPHL,11,0,0,0.635780040548438,NA,NA,NA,0.78629538081165
MYO1B,9,0,0,0.636581943752212,NA,NA,NA,0.786299975916983
ARL2BP,12,0,0,0.635780040548438,NA,NA,NA,0.786322758338044
C8orf44-SGK3,8,0,0,0.636505922062745,NA,NA,NA,0.786328368092819
GTSE1,5,0,0,0.635780040548438,NA,NA,NA,0.786340966100841
MITF,6,0,0,0.636349695046982,NA,NA,NA,0.786341792435169
IQCE,7,0,0,0.635780040548438,NA,NA,NA,0.786342257044082
EHF,10,0,0,0.63570009729968,NA,NA,NA,0.786349958836461
C2orf15,4,0,0,0.636009042518073,NA,NA,NA,0.78635023183448
EXOSC5,4,0,0,0.63570009729968,NA,NA,NA,0.786417079837433
ZNF397,2,0,0,0.635780040548438,NA,NA,NA,0.786481307326993
ISCU,5,0,0,0.63709331543094,NA,NA,NA,0.786581407173793
MED4,20,0,0,0.63709331543094,NA,NA,NA,0.786800824026079
JMJD8,4,0,0,0.637109997639765,NA,NA,NA,0.786801184813056
MAMSTR,5,0,0,0.63747179303598,NA,NA,NA,0.787177273807193
HPS6,4,0,0,0.63751899098089,NA,NA,NA,0.787375487883854
INCENP,21,0,0,0.63751899098089,NA,NA,NA,0.787537956759339
C5orf66,8,0,0,0.637715165107103,NA,NA,NA,0.787944350566623
LYRM2,15,0,0,0.637708833949876,NA,NA,NA,0.78794602750815
TOP1,5,0,0,0.638499376177135,NA,NA,NA,0.788154184462566
C17orf97,6,0,0,0.6386717082913,NA,NA,NA,0.78822355239563
IAH1,17,0,0,0.63869315544765,NA,NA,NA,0.788231299431323
CCDC14,6,0,0,0.63784708104257,NA,NA,NA,0.788244725843783
ARHGEF2,10,0,0,0.638054083663497,NA,NA,NA,0.78837469301588
FIGNL1,10,0,0,0.638499376177135,NA,NA,NA,0.788375086119245
HEATR3,6,0,0,0.638005179021022,NA,NA,NA,0.788406260355481
MAPK13,7,0,0,0.638499376177135,NA,NA,NA,0.788425315013105
IRAK4,8,0,0,0.638499376177135,NA,NA,NA,0.788487537987055
GATD1,12,0,0,0.638499376177135,NA,NA,NA,0.788491633425478
CBFB,9,0,0,0.638054083663497,NA,NA,NA,0.788557427029822
FAM53B,4,0,0,0.638499376177135,NA,NA,NA,0.788641193985998
TPGS2,9,0,0,0.638499376177135,NA,NA,NA,0.788681071406212
DLGAP4,4,0,0,0.638499376177135,NA,NA,NA,0.788722647402288
C19orf48,11,0,0,0.638054083663497,NA,NA,NA,0.788739570413636
KLF10,5,0,0,0.638421437504562,NA,NA,NA,0.788755379539388
GTF2A2,8,0,0,0.638499376177135,NA,NA,NA,0.788779519172534
UGCG,5,0,0,0.638499376177135,NA,NA,NA,0.78898369277809
PCID2,5,0,0,0.639251595147225,NA,NA,NA,0.789025388171762
GUCY1A3,5,0,0,0.638499376177135,NA,NA,NA,0.789085837556944
CTSC,7,0,0,0.639251595147225,NA,NA,NA,0.789125847397914
MPRIP,17,0,0,0.639251595147225,NA,NA,NA,0.789147799936525
PSMC4,5,0,0,0.638499376177135,NA,NA,NA,0.789176704917677
ERCC8,7,0,0,0.638499376177135,NA,NA,NA,0.789228973267753
CADM3,12,0,0,0.639251595147225,NA,NA,NA,0.789284575727847
RIC8A,6,0,0,0.639251595147225,NA,NA,NA,0.789386432014505
ZC3H11A,8,0,0,0.639251595147225,NA,NA,NA,0.789441446578842
ASB8,6,0,0,0.639251595147225,NA,NA,NA,0.789508225410101
ZNF627,7,0,0,0.639946775524743,NA,NA,NA,0.789855228505759
RCHY1,10,0,0,0.640466381938426,NA,NA,NA,0.790813113063157
C16orf58,5,0,0,0.640466381938426,NA,NA,NA,0.79089077495961
SMIM15,27,0,0,0.640669014858034,NA,NA,NA,0.791337512414481
TIGAR,9,0,0,0.641121872099911,NA,NA,NA,0.791571788060046
IGF2R,11,0,0,0.64108443345213,NA,NA,NA,0.791642803082304
ZNF516,8,0,0,0.64137751904736,NA,NA,NA,0.791730353776716
RHOC,4,0,0,0.641631479393684,NA,NA,NA,0.791874718295141
ATXN2,2,0,0,0.64137751904736,NA,NA,NA,0.791933221917067
VHL,11,0,0,0.641780272743441,NA,NA,NA,0.792035066848925
LEMD3,8,0,0,0.642252686346723,NA,NA,NA,0.792667726578355
MID2,5,0,0,0.642508888975974,NA,NA,NA,0.79308313520055
CDKN2AIP,6,0,0,0.642508888975974,NA,NA,NA,0.793146923377859
EPHB2,5,0,0,0.642847970007617,NA,NA,NA,0.793506713376766
B3GALT6,14,0,0,0.643836320529663,NA,NA,NA,0.795201011508854
DDX21,11,0,0,0.643919675288781,NA,NA,NA,0.795317989707066
SLC25A32,29,0,0,0.644987950631152,NA,NA,NA,0.79663159862973
CHD4,4,0,0,0.645596292218415,NA,NA,NA,0.797126395312532
LRRFIP2,9,0,0,0.645703136753873,NA,NA,NA,0.797253117119934
ANKRD49,7,0,0,0.645941742483452,NA,NA,NA,0.797618588841257
SRD5A1,11,0,0,0.645941742483452,NA,NA,NA,0.797732123538267
ATXN3,11,0,0,0.645941742483452,NA,NA,NA,0.797839066905311
UHRF1,6,0,0,0.646443194207805,NA,NA,NA,0.797975590376951
NNT,15,0,0,0.646339033558135,NA,NA,NA,0.798039436088474
NRP2,4,0,0,0.646443194207805,NA,NA,NA,0.79808571270968
SULT1A1,5,0,0,0.646443194207805,NA,NA,NA,0.79817287354269
UEVLD,5,0,0,0.646443194207805,NA,NA,NA,0.798229042184929
NOLC1,11,0,0,0.646621027926677,NA,NA,NA,0.798296027097911
CAMK4,15,0,0,0.646443194207805,NA,NA,NA,0.798419452836637
IL15,4,0,0,0.646443194207805,NA,NA,NA,0.798465465877796
ERV3-1-ZNF117,16,0,0,0.646443194207805,NA,NA,NA,0.798471639401302
RBFA,10,0,0,0.646443194207805,NA,NA,NA,0.798526217186736
BDH2,8,0,0,0.646844557260856,NA,NA,NA,0.798528147771185
KLHL35,2,0,0,0.646866471503505,NA,NA,NA,0.799039652825253
ZNF211,3,0,0,0.646880589064296,NA,NA,NA,0.799180413129383
ELAC1,8,0,0,0.647143115370997,NA,NA,NA,0.799320435811963
HEG1,11,0,0,0.647143115370997,NA,NA,NA,0.799347943666846
MRPL52,3,0,0,0.647307787839603,NA,NA,NA,0.799576024999245
CSRNP2,6,0,0,0.64728453157057,NA,NA,NA,0.799614466116066
LETM1,10,0,0,0.647504262416034,NA,NA,NA,0.799798203997042
TLE3,13,0,0,0.647595382131869,NA,NA,NA,0.799892017509981
SLC12A2,9,0,0,0.647469215413538,NA,NA,NA,0.799937026647085
SYNJ2,15,0,0,0.647504262416034,NA,NA,NA,0.799972740489742
TAF13,3,0,0,0.647504262416034,NA,NA,NA,0.800012127753794
PHACTR4,7,0,0,0.647873146831184,NA,NA,NA,0.800176691748868
THUMPD3,20,0,0,0.647504262416034,NA,NA,NA,0.800233845488981
CCNK,7,0,0,0.647504262416034,NA,NA,NA,0.800276692548151
GPC1,5,0,0,0.647504262416034,NA,NA,NA,0.800424185826019
RPL23,13,0,0,0.648318790514092,NA,NA,NA,0.80050819029293
C11orf49,5,0,0,0.648367818845294,NA,NA,NA,0.800677921545746
GLUD1,13,0,0,0.648367818845294,NA,NA,NA,0.800730047028291
RPLP1,7,0,0,0.648367818845294,NA,NA,NA,0.800750435706688
PHKA1,9,0,0,0.648367818845294,NA,NA,NA,0.800850802645719
ALDH1B1,6,0,0,0.648367818845294,NA,NA,NA,0.800887994252446
SHPK,4,0,0,0.648367818845294,NA,NA,NA,0.801072680040701
CFL2,16,0,0,0.648367818845294,NA,NA,NA,0.801078933409047
ZNF526,9,0,0,0.648367818845294,NA,NA,NA,0.801219719392169
PTCHD4,8,0,0,0.648367818845294,NA,NA,NA,0.801278167305478
ATP6V1C1,14,0,0,0.648818068891418,NA,NA,NA,0.801302528283599
TRIAP1,4,0,0,0.648367818845294,NA,NA,NA,0.801443622187008
MFSD12,7,0,0,0.648818068891418,NA,NA,NA,0.801453255032942
PCMTD1,8,0,0,0.649161729526478,NA,NA,NA,0.801676347870004
NICN1,3,0,0,0.649161729526478,NA,NA,NA,0.801747011812218
ZC4H2,8,0,0,0.650357802111539,NA,NA,NA,0.802153929932246
POLR1A,27,0,0,0.650343455112452,NA,NA,NA,0.802170906683432
RAD1,16,0,0,0.650464607311866,NA,NA,NA,0.802205481170638
HOGA1,5,0,0,0.650464607311866,NA,NA,NA,0.802249228165298
CFAP44,7,0,0,0.650216351129638,NA,NA,NA,0.802264388651044
ZNF329,3,0,0,0.650110237505399,NA,NA,NA,0.802269186378577
FXYD3,6,0,0,0.650464607311866,NA,NA,NA,0.802293650442208
C14orf119,6,0,0,0.650343455112452,NA,NA,NA,0.802316464237091
NEDD9,5,0,0,0.650529626667428,NA,NA,NA,0.802323184583115
PLS3,9,0,0,0.6499966167602,NA,NA,NA,0.802367500159359
FLII,3,0,0,0.650603465957762,NA,NA,NA,0.802368941002456
PSAT1,5,0,0,0.649922072992571,NA,NA,NA,0.802403521403291
NSMCE1,4,0,0,0.65055879255872,NA,NA,NA,0.80243424037251
POLR3A,22,0,0,0.649878434970894,NA,NA,NA,0.802470083601327
PLSCR1,13,0,0,0.650110237505399,NA,NA,NA,0.802493439209695
SLC39A1,4,0,0,0.649878434970894,NA,NA,NA,0.802504217182832
DOT1L,6,0,0,0.649525660714632,NA,NA,NA,0.802530302611577
TMEM39A,14,0,0,0.649855978555756,NA,NA,NA,0.802548954809863
ARHGAP32,9,0,0,0.649762664109738,NA,NA,NA,0.80256653063024
TYSND1,2,0,0,0.650110237505399,NA,NA,NA,0.8025816269499
CDCP1,13,0,0,0.649719460445283,NA,NA,NA,0.802633636598041
ENTPD6,6,0,0,0.651329777753291,NA,NA,NA,0.802974903150317
HKR1,2,0,0,0.651468504321425,NA,NA,NA,0.803002116537439
INIP,11,0,0,0.651898299704765,NA,NA,NA,0.803575652844935
DUSP11,14,0,0,0.652409412046387,NA,NA,NA,0.803669013855373
TMEM9B,6,0,0,0.651898299704765,NA,NA,NA,0.80376097680106
XPO1,12,0,0,0.651898299704765,NA,NA,NA,0.80378156531725
FBXL3,16,0,0,0.651898299704765,NA,NA,NA,0.803856675784745
ZNF451,10,0,0,0.652409412046387,NA,NA,NA,0.803860880990523
INSIG1,14,0,0,0.652409412046387,NA,NA,NA,0.803940364242618
RNF40,5,0,0,0.652031868134047,NA,NA,NA,0.803950127022005
RAD51AP1,8,0,0,0.652409412046387,NA,NA,NA,0.803984141263923
AP1M1,4,0,0,0.652409412046387,NA,NA,NA,0.80403781928365
S100A10,6,0,0,0.652741184071448,NA,NA,NA,0.80413987148778
SLC30A7,12,0,0,0.652409412046387,NA,NA,NA,0.804216727952171
THAP1,11,0,0,0.652409412046387,NA,NA,NA,0.804239538812859
NFAT5,10,0,0,0.652889609685485,NA,NA,NA,0.804318290659145
MRPL14,6,0,0,0.652741184071448,NA,NA,NA,0.804334670007697
SMYD5,3,0,0,0.652741184071448,NA,NA,NA,0.80438147222503
COX19,16,0,0,0.653331679679795,NA,NA,NA,0.805258159574225
CHST2,5,0,0,0.653655973101881,NA,NA,NA,0.80579399571589
TMF1,14,0,0,0.654028570679302,NA,NA,NA,0.806253416877038
DENND4C,12,0,0,0.654187990437066,NA,NA,NA,0.806627977331231
PTS,7,0,0,0.654187990437066,NA,NA,NA,0.80673563407079
PCNX2,3,0,0,0.654298099982544,NA,NA,NA,0.806747434618452
CDC5L,11,0,0,0.654182492290514,NA,NA,NA,0.806762469900568
UTP6,10,0,0,0.654298099982544,NA,NA,NA,0.806807401405513
MPZL2,5,0,0,0.654298099982544,NA,NA,NA,0.806916577422911
FBXO31,6,0,0,0.654298099982544,NA,NA,NA,0.806994918419263
SEPT7,9,0,0,0.654298099982544,NA,NA,NA,0.807099223059134
TMEM2,5,0,0,0.654491884160709,NA,NA,NA,0.807106622276145
UQCC2,6,0,0,0.654491884160709,NA,NA,NA,0.807115724076736
PTPDC1,5,0,0,0.654491884160709,NA,NA,NA,0.807133331209305
STARD4,12,0,0,0.654491884160709,NA,NA,NA,0.807179181540427
HMCN1,4,0,0,0.654491884160709,NA,NA,NA,0.807262302762379
RABGAP1L,6,0,0,0.654491884160709,NA,NA,NA,0.807322881404858
ACTR3,19,0,0,0.654491884160709,NA,NA,NA,0.807326223469937
CCBE1,7,0,0,0.654491884160709,NA,NA,NA,0.807351248803307
ATP1B1,8,0,0,0.654491884160709,NA,NA,NA,0.807379793180808
ATP2B1,9,0,0,0.65455759785114,NA,NA,NA,0.807396714783469
UBE4B,6,0,0,0.654491884160709,NA,NA,NA,0.807462658394976
TUBE1,7,0,0,0.654491884160709,NA,NA,NA,0.807565802424319
ISCA1,7,0,0,0.654491884160709,NA,NA,NA,0.807610622467924
GMPS,23,0,0,0.654491884160709,NA,NA,NA,0.807633989603957
PELI1,3,0,0,0.654491884160709,NA,NA,NA,0.807641397881796
SLC38A10,3,0,0,0.655045957128701,NA,NA,NA,0.807736913632852
CDC37L1,5,0,0,0.654909016632599,NA,NA,NA,0.807753184635124
POLR3G,7,0,0,0.654491884160709,NA,NA,NA,0.807760155676451
SPPL3,10,0,0,0.654845753379133,NA,NA,NA,0.807795438240146
FBXO22,21,0,0,0.655045957128701,NA,NA,NA,0.807858777404436
UBR2,5,0,0,0.655681481700097,NA,NA,NA,0.808643245305655
COMMD1,12,0,0,0.656052701157732,NA,NA,NA,0.808682828757331
NEDD4,11,0,0,0.655899723663563,NA,NA,NA,0.808747078510247
GNAI1,7,0,0,0.656052701157732,NA,NA,NA,0.808844937768283
ALG9,6,0,0,0.656052701157732,NA,NA,NA,0.808858039090506
OSBP,9,0,0,0.656548402660321,NA,NA,NA,0.809063698838795
RFXAP,7,0,0,0.656812420680794,NA,NA,NA,0.809227575407803
TFAM,18,0,0,0.656812420680794,NA,NA,NA,0.8092450725331
KIF7,6,0,0,0.656548402660321,NA,NA,NA,0.809267695532386
ZNF720,4,0,0,0.656812420680794,NA,NA,NA,0.809290305453674
RNF213,8,0,0,0.657122178517831,NA,NA,NA,0.809646945143823
RAB6A,10,0,0,0.658299041662437,NA,NA,NA,0.810338796456776
MRRF,10,0,0,0.658285353683821,NA,NA,NA,0.81041005252631
SLC35E3,12,0,0,0.658285353683821,NA,NA,NA,0.810435087905426
CINP,13,0,0,0.658285353683821,NA,NA,NA,0.810453260965579
GPR161,6,0,0,0.658285353683821,NA,NA,NA,0.810470521755273
PCSK6,6,0,0,0.658272897792941,NA,NA,NA,0.810518267968076
SULF2,18,0,0,0.658272897792941,NA,NA,NA,0.81071432488464
ZYX,5,0,0,0.658272897792941,NA,NA,NA,0.810770330396763
LTA4H,7,0,0,0.658272897792941,NA,NA,NA,0.810888141088229
ALAD,3,0,0,0.657927789856026,NA,NA,NA,0.810906178865144
VPS26A,7,0,0,0.657927789856026,NA,NA,NA,0.810942984564372
IBTK,7,0,0,0.658554232882938,NA,NA,NA,0.810952642259035
ZNF304,2,0,0,0.658272897792941,NA,NA,NA,0.810977485876698
ZNF574,3,0,0,0.658272897792941,NA,NA,NA,0.811030432200082
PAK3,6,0,0,0.658272897792941,NA,NA,NA,0.811202917929312
TOP3A,19,0,0,0.658272897792941,NA,NA,NA,0.811211031976728
MFAP3,10,0,0,0.658272897792941,NA,NA,NA,0.811258187556801
GGCT,4,0,0,0.659614059128808,NA,NA,NA,0.811259324751888
OSTM1,15,0,0,0.658272897792941,NA,NA,NA,0.811269082658881
POLK,9,0,0,0.658272897792941,NA,NA,NA,0.811291626527989
DUSP4,8,0,0,0.659576805877902,NA,NA,NA,0.811295401411826
VTI1B,14,0,0,0.658272897792941,NA,NA,NA,0.811311045909133
ARNTL,7,0,0,0.658272897792941,NA,NA,NA,0.811381344877889
ADSL,16,0,0,0.659565669224046,NA,NA,NA,0.811394154397944
CCDC71L,9,0,0,0.658272897792941,NA,NA,NA,0.811400120341305
FOSL2,14,0,0,0.659614059128808,NA,NA,NA,0.811454142553579
POLDIP3,3,0,0,0.658272897792941,NA,NA,NA,0.811483247167465
PA2G4,8,0,0,0.658272897792941,NA,NA,NA,0.811500136268341
SEC24B,4,0,0,0.659565669224046,NA,NA,NA,0.811594302853631
ST13,27,0,0,0.659565669224046,NA,NA,NA,0.811735293071637
NBDY,13,0,0,0.659565669224046,NA,NA,NA,0.811902306998767
BIN3,11,0,0,0.659565669224046,NA,NA,NA,0.812124470154376
SLC35F5,24,0,0,0.659565669224046,NA,NA,NA,0.812150545976263
HMGN2,5,0,0,0.659565669224046,NA,NA,NA,0.812217091949886
KLHL41,2,0,0,0.660644659210009,NA,NA,NA,0.81224529000324
MAPRE1,16,0,0,0.659565669224046,NA,NA,NA,0.812271302108907
CCNE2,8,0,0,0.659565669224046,NA,NA,NA,0.812281051720213
DNMT3B,2,0,0,0.660897226637682,NA,NA,NA,0.812283675988376
C9orf85,7,0,0,0.660897226637682,NA,NA,NA,0.812285244817586
PCYT1A,18,0,0,0.660897226637682,NA,NA,NA,0.812326491151916
TOMM70,11,0,0,0.660733344513419,NA,NA,NA,0.812335563743639
RPL9,11,0,0,0.660644659210009,NA,NA,NA,0.812384215038711
UBTD2,16,0,0,0.659565669224046,NA,NA,NA,0.812436015910509
ATP6V1B2,9,0,0,0.660517966882218,NA,NA,NA,0.812451244336165
RAP1GDS1,4,0,0,0.660897226637682,NA,NA,NA,0.812505330609912
SDR42E1,11,0,0,0.660644659210009,NA,NA,NA,0.812551834429919
HAUS6,7,0,0,0.661392295845551,NA,NA,NA,0.813002239629532
C6orf89,12,0,0,0.662087628594377,NA,NA,NA,0.814014696994435
PRSS16,7,0,0,0.662662034811508,NA,NA,NA,0.815033133557531
MAP1LC3B,10,0,0,0.662687354794603,NA,NA,NA,0.815097732558221
MTIF2,4,0,0,0.662687354794603,NA,NA,NA,0.815111363970057
IREB2,14,0,0,0.662662034811508,NA,NA,NA,0.81523209491237
CHAF1A,6,0,0,0.663400756424767,NA,NA,NA,0.815441601953637
LYPLA1,5,0,0,0.663231108138027,NA,NA,NA,0.815450010565707
TRPS1,12,0,0,0.663400756424767,NA,NA,NA,0.81546475374291
MREG,8,0,0,0.663231108138027,NA,NA,NA,0.815554531565015
CCDC103,4,0,0,0.663400756424767,NA,NA,NA,0.815642613584167
INTU,6,0,0,0.663231108138027,NA,NA,NA,0.815710799607406
CLUH,2,0,0,0.663400756424767,NA,NA,NA,0.815770464742239
NFKBIA,3,0,0,0.663400756424767,NA,NA,NA,0.815830925566134
MAK16,8,0,0,0.664017759713878,NA,NA,NA,0.816949418329256
VDAC1,4,0,0,0.664017759713878,NA,NA,NA,0.816984217723615
UCK1,6,0,0,0.66438485993874,NA,NA,NA,0.817420676813646
AC092835.1,9,0,0,0.664495633679063,NA,NA,NA,0.817530446110226
RNGTT,9,0,0,0.664859437539311,NA,NA,NA,0.817885273261415
DNAJC3,15,0,0,0.665326052785475,NA,NA,NA,0.818493059407231
IL15RA,2,0,0,0.665326052785475,NA,NA,NA,0.818681597568701
CAMLG,6,0,0,0.66535260593686,NA,NA,NA,0.818710108474001
MPZL1,17,0,0,0.665326052785475,NA,NA,NA,0.818711048720918
SEL1L3,3,0,0,0.66610222570022,NA,NA,NA,0.82000147350677
PHF20L1,15,0,0,0.667494637417832,NA,NA,NA,0.821689067794596
FKBP15,8,0,0,0.667680114490002,NA,NA,NA,0.821994166623606
SVEP1,4,0,0,0.667652352426564,NA,NA,NA,0.822017507295441
TCEANC,5,0,0,0.667652352426564,NA,NA,NA,0.822026970366601
MYL5,2,0,0,0.667652352426564,NA,NA,NA,0.822054628072169
GNG12,14,0,0,0.667652352426564,NA,NA,NA,0.822064114177762
IQCJ-SCHIP1,2,0,0,0.667652352426564,NA,NA,NA,0.822122199083057
PHF19,11,0,0,0.667652352426564,NA,NA,NA,0.82214965830606
SIL1,6,0,0,0.667652352426564,NA,NA,NA,0.822149757995914
MICAL2,2,0,0,0.667652352426564,NA,NA,NA,0.822198610990208
EFTUD2,13,0,0,0.667652352426564,NA,NA,NA,0.822220172251989
NRAS,13,0,0,0.667652352426564,NA,NA,NA,0.822242122420372
COQ10A,2,0,0,0.668847207894899,NA,NA,NA,0.82298037547861
GXYLT1,9,0,0,0.668847207894899,NA,NA,NA,0.82302036247772
SLC35E2B,5,0,0,0.668847207894899,NA,NA,NA,0.82302128835333
TRAM1,13,0,0,0.668847207894899,NA,NA,NA,0.82308815821897
NSD3,15,0,0,0.668847207894899,NA,NA,NA,0.823243189337623
LIFR,9,0,0,0.669104181122909,NA,NA,NA,0.823283085101942
CDS1,8,0,0,0.668847207894899,NA,NA,NA,0.823304090297831
UTP23,13,0,0,0.668933279639433,NA,NA,NA,0.823434689063744
BPGM,3,0,0,0.669104181122909,NA,NA,NA,0.823439639042499
UBA5,26,0,0,0.669104181122909,NA,NA,NA,0.82361420659775
RRM1,7,0,0,0.669104181122909,NA,NA,NA,0.823705402770207
ARL6IP1,8,0,0,0.669104181122909,NA,NA,NA,0.823857634623556
PTER,19,0,0,0.669715558077769,NA,NA,NA,0.824080463257427
PDCD4,23,0,0,0.67017171930556,NA,NA,NA,0.824680475897888
SCD5,7,0,0,0.67017171930556,NA,NA,NA,0.824790923822152
TLR6,9,0,0,0.67017171930556,NA,NA,NA,0.824811481397794
MCPH1,11,0,0,0.67017171930556,NA,NA,NA,0.824888962143587
PTPRM,3,0,0,0.671171473433031,NA,NA,NA,0.825119826044108
STK40,4,0,0,0.670576185832203,NA,NA,NA,0.825153498282686
POGZ,5,0,0,0.671171473433031,NA,NA,NA,0.825229110418121
SLC16A2,6,0,0,0.670576185832203,NA,NA,NA,0.825245970544064
CHMP6,13,0,0,0.670576185832203,NA,NA,NA,0.825273172662001
METAP1,14,0,0,0.671171473433031,NA,NA,NA,0.82528334593222
HPS3,2,0,0,0.670484283061392,NA,NA,NA,0.825283363640735
ARL6IP5,14,0,0,0.671171473433031,NA,NA,NA,0.825337017135599
KCTD3,9,0,0,0.671171473433031,NA,NA,NA,0.825366149090553
TIPARP,7,0,0,0.670576185832203,NA,NA,NA,0.82538141450495
TMCO1,14,0,0,0.671171473433031,NA,NA,NA,0.825401754108644
KLHL36,11,0,0,0.670694687585522,NA,NA,NA,0.825471397547832
SPOPL,16,0,0,0.671171473433031,NA,NA,NA,0.825544184502811
DSG2,7,0,0,0.671171473433031,NA,NA,NA,0.825549072346226
TMEM168,20,0,0,0.671171473433031,NA,NA,NA,0.82556222288581
U2AF2,4,0,0,0.671138244971621,NA,NA,NA,0.825563485273455
TTC23,6,0,0,0.670913030728424,NA,NA,NA,0.825570106592351
RABEP1,6,0,0,0.671171473433031,NA,NA,NA,0.825620258619074
MSI2,21,0,0,0.671171473433031,NA,NA,NA,0.825654504872341
ZNF680,4,0,0,0.671138244971621,NA,NA,NA,0.825713638282828
JAGN1,7,0,0,0.671171473433031,NA,NA,NA,0.825749174226938
DTWD2,16,0,0,0.671171473433031,NA,NA,NA,0.825770349225684
ERCC2,5,0,0,0.671171473433031,NA,NA,NA,0.825826093797703
MFSD1,9,0,0,0.671138244971621,NA,NA,NA,0.825925058718107
PUSL1,8,0,0,0.671171473433031,NA,NA,NA,0.825958612769542
IER2,3,0,0,0.671796767145164,NA,NA,NA,0.825966497458059
CPLX1,2,0,0,0.672055407035854,NA,NA,NA,0.826213384721465
B3GALNT1,10,0,0,0.67196611080811,NA,NA,NA,0.826239024273994
TNC,4,0,0,0.672089970770438,NA,NA,NA,0.826344246235382
ST3GAL6,11,0,0,0.672188185043146,NA,NA,NA,0.82638105554385
PLPP3,5,0,0,0.672724151022565,NA,NA,NA,0.826400958440649
KLF12,8,0,0,0.672089970770438,NA,NA,NA,0.826456086426333
EXD2,5,0,0,0.672188185043146,NA,NA,NA,0.826503419686309
ARMCX3,6,0,0,0.672261541262433,NA,NA,NA,0.826513545810696
SLC2A5,3,0,0,0.672162660759948,NA,NA,NA,0.826533432469736
SPTBN1,6,0,0,0.672188185043146,NA,NA,NA,0.826545793350677
ATP5J,7,0,0,0.672089970770438,NA,NA,NA,0.82656642942811
YES1,7,0,0,0.672724151022565,NA,NA,NA,0.826578462047622
SOX4,13,0,0,0.673284367632629,NA,NA,NA,0.826603256778148
TEK,4,0,0,0.673336521174796,NA,NA,NA,0.826649499371311
TMED2,7,0,0,0.673303954097237,NA,NA,NA,0.826658536951218
CASP3,4,0,0,0.673243401283695,NA,NA,NA,0.826675159103594
PANK3,30,0,0,0.672724151022565,NA,NA,NA,0.826683794749789
MRPL11,2,0,0,0.673163708610872,NA,NA,NA,0.826709980806782
CLDN1,8,0,0,0.673336521174796,NA,NA,NA,0.826843295191026
FERMT2,7,0,0,0.672724151022565,NA,NA,NA,0.826867095783387
CPA4,2,0,0,0.673163708610872,NA,NA,NA,0.826913150234228
LMCD1,4,0,0,0.672724151022565,NA,NA,NA,0.826923592782846
MBD3,4,0,0,0.67387698326697,NA,NA,NA,0.827604900508672
TMEM192,14,0,0,0.674391768072307,NA,NA,NA,0.827777419543134
HES2,9,0,0,0.674391768072307,NA,NA,NA,0.827787825627594
ZNF195,12,0,0,0.674792266865772,NA,NA,NA,0.827806891738348
RPS11,5,0,0,0.674362693698232,NA,NA,NA,0.827844120619742
SELENOT,16,0,0,0.674792266865772,NA,NA,NA,0.827930573176904
PIP4P2,9,0,0,0.674362693698232,NA,NA,NA,0.828061217525819
CEP41,12,0,0,0.674362693698232,NA,NA,NA,0.828069807075875
PHKA2,13,0,0,0.674792266865772,NA,NA,NA,0.828135781894177
ZNF436,5,0,0,0.674792266865772,NA,NA,NA,0.828151037881146
HSF2,7,0,0,0.674362693698232,NA,NA,NA,0.828235486751926
CELSR2,7,0,0,0.676449486079211,NA,NA,NA,0.828266366505333
BCAR3,6,0,0,0.675323338038722,NA,NA,NA,0.828312716586731
SETMAR,5,0,0,0.675470291126568,NA,NA,NA,0.828338394046574
TRIM59,3,0,0,0.676328481448904,NA,NA,NA,0.828376458502988
SGO2,5,0,0,0.675615982760518,NA,NA,NA,0.828376958292616
PRDM6,2,0,0,0.675470291126568,NA,NA,NA,0.828446866457338
GGH,5,0,0,0.675943134109034,NA,NA,NA,0.828452839473648
HCCS,5,0,0,0.675470291126568,NA,NA,NA,0.828455621730601
CREG1,10,0,0,0.676449486079211,NA,NA,NA,0.828475670184014
PARVB,4,0,0,0.676328481448904,NA,NA,NA,0.828497418313119
SELENOF,10,0,0,0.676106750577088,NA,NA,NA,0.828497899735853
MECP2,9,0,0,0.676449486079211,NA,NA,NA,0.82850285631549
SEMA3A,16,0,0,0.675787590221094,NA,NA,NA,0.828526551002083
GABARAPL2,5,0,0,0.676261043996628,NA,NA,NA,0.82853404978344
ZNF273,6,0,0,0.675751389795073,NA,NA,NA,0.828603128533423
TRIO,4,0,0,0.675943134109034,NA,NA,NA,0.828633607715096
TEX30,5,0,0,0.676449486079211,NA,NA,NA,0.828714483690139
TTC7A,9,0,0,0.677352584671956,NA,NA,NA,0.829467720832441
PEPD,3,0,0,0.677273901106145,NA,NA,NA,0.829485254365599
MSX2,7,0,0,0.677877112270424,NA,NA,NA,0.830245005432512
GLE1,7,0,0,0.677873245021573,NA,NA,NA,0.830269209283591
SNX12,12,0,0,0.678070352111506,NA,NA,NA,0.830635207889434
CLIP1,6,0,0,0.678377703000042,NA,NA,NA,0.830989817203861
ARPP19,16,0,0,0.678332816851063,NA,NA,NA,0.83102028098447
KYNU,11,0,0,0.678332816851063,NA,NA,NA,0.831148498217013
GZF1,10,0,0,0.678718729211802,NA,NA,NA,0.831186424730654
NDUFS2,3,0,0,0.678516677455696,NA,NA,NA,0.831189778130871
TMEM50A,8,0,0,0.678718729211802,NA,NA,NA,0.831192158199494
C5orf51,6,0,0,0.678651154879333,NA,NA,NA,0.831206387147637
NUP50,7,0,0,0.678332816851063,NA,NA,NA,0.831244316161112
IRX3,6,0,0,0.678718729211802,NA,NA,NA,0.83140204534297
GAB2,7,0,0,0.678718729211802,NA,NA,NA,0.831405124716655
ACYP2,5,0,0,0.678718729211802,NA,NA,NA,0.831464766016833
SAMD9,4,0,0,0.678718729211802,NA,NA,NA,0.831549234193093
GTF2H3,6,0,0,0.678718729211802,NA,NA,NA,0.831596112133775
CETN3,4,0,0,0.678718729211802,NA,NA,NA,0.83163570876014
TMEM14C,6,0,0,0.678718729211802,NA,NA,NA,0.831669161187419
FZD2,6,0,0,0.678718729211802,NA,NA,NA,0.831718753024211
LAMC1,13,0,0,0.679142537350659,NA,NA,NA,0.831769533534252
SLC10A7,9,0,0,0.678718729211802,NA,NA,NA,0.831779427566566
SURF6,17,0,0,0.680349075001994,NA,NA,NA,0.831785228190989
EOGT,7,0,0,0.680774897987118,NA,NA,NA,0.831831035732433
WAC,5,0,0,0.678718729211802,NA,NA,NA,0.831841383883571
CBX8,3,0,0,0.679142537350659,NA,NA,NA,0.831846607218389
MDN1,2,0,0,0.680679351165931,NA,NA,NA,0.83186806016622
ATM,5,0,0,0.678718729211802,NA,NA,NA,0.831868262556864
CYBRD1,9,0,0,0.680774897987118,NA,NA,NA,0.831886994682004
GNB5,14,0,0,0.679142537350659,NA,NA,NA,0.831910770754538
EIF2S1,17,0,0,0.680644043895519,NA,NA,NA,0.831945244668858
RAD51C,7,0,0,0.678718729211802,NA,NA,NA,0.831982715537925
SIX2,3,0,0,0.680774897987118,NA,NA,NA,0.831983992677561
MRS2,8,0,0,0.680774897987118,NA,NA,NA,0.831989546270246
ZNF792,9,0,0,0.680774897987118,NA,NA,NA,0.831999009055234
SCAMP1,26,0,0,0.680349075001994,NA,NA,NA,0.832001100156281
MOCS2,8,0,0,0.680644043895519,NA,NA,NA,0.832057474748714
DIS3L2,6,0,0,0.680294304807448,NA,NA,NA,0.832089572671705
CEP76,3,0,0,0.679142537350659,NA,NA,NA,0.832090765210238
TCTA,2,0,0,0.680349075001994,NA,NA,NA,0.832114643230828
C18orf21,10,0,0,0.680644043895519,NA,NA,NA,0.832149063970865
TEX2,8,0,0,0.678718729211802,NA,NA,NA,0.832172823710343
C7orf50,4,0,0,0.679142537350659,NA,NA,NA,0.832173379056442
CTIF,9,0,0,0.679142537350659,NA,NA,NA,0.832209640447598
FAM222A,5,0,0,0.679142537350659,NA,NA,NA,0.832240545239157
PDCL,9,0,0,0.680349075001994,NA,NA,NA,0.832272420369976
BHLHE41,2,0,0,0.680294304807448,NA,NA,NA,0.832277970800949
USP12,12,0,0,0.680349075001994,NA,NA,NA,0.832300231924483
METAP2,15,0,0,0.680349075001994,NA,NA,NA,0.832310803624891
EHMT1,5,0,0,0.680349075001994,NA,NA,NA,0.83233960228013
RAB22A,8,0,0,0.679142537350659,NA,NA,NA,0.83240805990018
AP2B1,6,0,0,0.680294304807448,NA,NA,NA,0.83241186386111
TBL1XR1,21,0,0,0.679813308737679,NA,NA,NA,0.832418583299888
ABCG1,7,0,0,0.679577032623179,NA,NA,NA,0.83242074150463
SRSF8,13,0,0,0.681198109956018,NA,NA,NA,0.8324386825544
OTUD5,7,0,0,0.680349075001994,NA,NA,NA,0.832469028679903
PGRMC1,4,0,0,0.680294304807448,NA,NA,NA,0.832474296055172
MSRB3,5,0,0,0.679142537350659,NA,NA,NA,0.832480034234989
FAM135A,13,0,0,0.680000037116823,NA,NA,NA,0.832484483718962
USP39,2,0,0,0.679577032623179,NA,NA,NA,0.832533857173219
WIPF1,9,0,0,0.679813308737679,NA,NA,NA,0.832534428688516
ILVBL,2,0,0,0.680294304807448,NA,NA,NA,0.832551685672605
AEBP2,14,0,0,0.680294304807448,NA,NA,NA,0.832572212626807
SFR1,4,0,0,0.679142537350659,NA,NA,NA,0.832582261976496
REPS1,13,0,0,0.680349075001994,NA,NA,NA,0.832610744806631
ELF2,12,0,0,0.679813308737679,NA,NA,NA,0.832629560355041
NDUFS5,5,0,0,0.680294304807448,NA,NA,NA,0.832692490564846
RHOF,7,0,0,0.679142537350659,NA,NA,NA,0.832692586889571
TGS1,7,0,0,0.680294304807448,NA,NA,NA,0.832760705815304
AQR,18,0,0,0.679142537350659,NA,NA,NA,0.832864293520336
SFXN1,17,0,0,0.681704380432221,NA,NA,NA,0.833018282207822
CMSS1,3,0,0,0.681889121606045,NA,NA,NA,0.833202955751448
WASF2,14,0,0,0.682246032535749,NA,NA,NA,0.833409529110577
ZZEF1,5,0,0,0.682147879622015,NA,NA,NA,0.833427639485632
PRNP,2,0,0,0.682370411838305,NA,NA,NA,0.83352220532778
DOCK6,3,0,0,0.682595605244535,NA,NA,NA,0.833596697781038
CLCN6,4,0,0,0.682595605244535,NA,NA,NA,0.833621491819313
ISG20L2,7,0,0,0.682595605244535,NA,NA,NA,0.833703479133883
GOPC,8,0,0,0.682707430979049,NA,NA,NA,0.833816264798646
DIDO1,6,0,0,0.682595605244535,NA,NA,NA,0.833866272619446
ERVMER34-1,4,0,0,0.682790693107481,NA,NA,NA,0.834630398815765
DENND6B,4,0,0,0.683119543415043,NA,NA,NA,0.834929989281076
MAN1A1,4,0,0,0.683181223088977,NA,NA,NA,0.834982857607761
DAD1,4,0,0,0.683119543415043,NA,NA,NA,0.835094776054404
CHRNA9,5,0,0,0.683898927934105,NA,NA,NA,0.835653670160998
KLRC4-KLRK1,2,0,0,0.685466331105018,NA,NA,NA,0.837646541747503
ZNF445,13,0,0,0.685420767403213,NA,NA,NA,0.837715120806968
HELLS,24,0,0,0.686798887446416,NA,NA,NA,0.838248359051478
BANF1,4,0,0,0.686798887446416,NA,NA,NA,0.8382521250432
CCDC28A,2,0,0,0.686076781335315,NA,NA,NA,0.838390344011202
FKBP4,12,0,0,0.686798887446416,NA,NA,NA,0.838412965869575
MAP2K6,6,0,0,0.686798887446416,NA,NA,NA,0.838418705270284
PACSIN2,12,0,0,0.687004083423272,NA,NA,NA,0.838438367376612
ASIC1,2,0,0,0.68598236666326,NA,NA,NA,0.83851518368095
FLI1,2,0,0,0.686076781335315,NA,NA,NA,0.838521384773011
RND3,7,0,0,0.686798887446416,NA,NA,NA,0.838531773314764
DLG1,17,0,0,0.686798887446416,NA,NA,NA,0.838547801054494
RNF11,19,0,0,0.686798887446416,NA,NA,NA,0.838612584788723
DZIP3,3,0,0,0.686798887446416,NA,NA,NA,0.838631420402456
ZNF79,7,0,0,0.686076781335315,NA,NA,NA,0.838727091628131
TARSL2,6,0,0,0.686571919695379,NA,NA,NA,0.838744269133491
TMEM198,3,0,0,0.686076781335315,NA,NA,NA,0.838787229822926
RIDA,3,0,0,0.686737567025334,NA,NA,NA,0.838788394238276
NOL10,10,0,0,0.687278013477635,NA,NA,NA,0.838791777322386
ZCRB1,6,0,0,0.686076781335315,NA,NA,NA,0.838825268440834
CEBPA,5,0,0,0.686798887446416,NA,NA,NA,0.838835314774876
ZNF566,7,0,0,0.686076781335315,NA,NA,NA,0.838847580232439
GPATCH11,10,0,0,0.686798887446416,NA,NA,NA,0.838996601015758
C1orf123,7,0,0,0.686798887446416,NA,NA,NA,0.839121405323519
SFXN3,3,0,0,0.687567892250971,NA,NA,NA,0.839163447797614
GNAI3,26,0,0,0.688041719912272,NA,NA,NA,0.839563455425626
GAR1,5,0,0,0.688160581675747,NA,NA,NA,0.83970015060181
HNRNPR,16,0,0,0.688160581675747,NA,NA,NA,0.839775173089418
DSE,9,0,0,0.688331021597259,NA,NA,NA,0.839931027196132
WNK1,8,0,0,0.688331021597259,NA,NA,NA,0.84009042938611
USP15,12,0,0,0.688331021597259,NA,NA,NA,0.8401287272644
ZNF774,5,0,0,0.688331021597259,NA,NA,NA,0.840279223520302
DLD,20,0,0,0.688502180971925,NA,NA,NA,0.840293605369125
COG2,3,0,0,0.688331021597259,NA,NA,NA,0.840303130620312
ZER1,2,0,0,0.688602512233731,NA,NA,NA,0.840380622274424
TDP2,6,0,0,0.688971897180664,NA,NA,NA,0.840832718555507
NDFIP2,12,0,0,0.689287509813282,NA,NA,NA,0.840867845291112
EIF2S2,5,0,0,0.689004893638847,NA,NA,NA,0.840945073651798
PLEKHM3,3,0,0,0.68912729146981,NA,NA,NA,0.8409480873016
AUP1,2,0,0,0.689287509813282,NA,NA,NA,0.841006261824876
C16orf52,6,0,0,0.689382551366427,NA,NA,NA,0.841039224329707
KLF7,7,0,0,0.689287509813282,NA,NA,NA,0.841046046249154
CYP1B1,13,0,0,0.689382551366427,NA,NA,NA,0.841133705922182
NR1D2,8,0,0,0.689004893638847,NA,NA,NA,0.841139880803667
MAGI3,13,0,0,0.689382551366427,NA,NA,NA,0.841234201561096
BRD1,4,0,0,0.689683774531081,NA,NA,NA,0.841283120276923
DCUN1D5,14,0,0,0.689786133617138,NA,NA,NA,0.841401837813737
PPP1R12A,10,0,0,0.689963979070092,NA,NA,NA,0.841715223591698
ZNF703,4,0,0,0.69030322065399,NA,NA,NA,0.84198961064213
MTMR4,4,0,0,0.690866829337022,NA,NA,NA,0.842557558850736
HOMEZ,13,0,0,0.69103294227928,NA,NA,NA,0.843022772389154
C12orf4,12,0,0,0.691404009540391,NA,NA,NA,0.843634479409099
HSPA4L,25,0,0,0.692065359333024,NA,NA,NA,0.844636422586735
TCP11L2,2,0,0,0.692065359333024,NA,NA,NA,0.844751134744028
PPT1,10,0,0,0.692256949082328,NA,NA,NA,0.844782349190923
RECQL,8,0,0,0.692256949082328,NA,NA,NA,0.84491921377367
LNPK,28,0,0,0.692452029049837,NA,NA,NA,0.845155164136635
PHIP,12,0,0,0.692580926645844,NA,NA,NA,0.845266944019476
SRSF10,14,0,0,0.692452029049837,NA,NA,NA,0.845334052573298
PELI3,5,0,0,0.692960950111623,NA,NA,NA,0.845501790356371
ZNF555,8,0,0,0.693065852324173,NA,NA,NA,0.845581311198591
ERCC6L2,6,0,0,0.692960950111623,NA,NA,NA,0.845700658480549
SLC35B1,5,0,0,0.692960950111623,NA,NA,NA,0.845771353794104
TPRKB,10,0,0,0.693472976523972,NA,NA,NA,0.845952137013129
TATDN3,7,0,0,0.69364360225313,NA,NA,NA,0.84599889238805
GNA13,9,0,0,0.694656052063041,NA,NA,NA,0.847140169086768
SETDB2,5,0,0,0.694918061314802,NA,NA,NA,0.847478728269914
PCBD2,7,0,0,0.695301991741549,NA,NA,NA,0.847719122052168
KCNK6,11,0,0,0.695301991741549,NA,NA,NA,0.847859879871029
SLC1A3,4,0,0,0.695300231729204,NA,NA,NA,0.847928951602457
FBXO7,4,0,0,0.695811044772092,NA,NA,NA,0.848376820353691
GREB1L,2,0,0,0.695866168905626,NA,NA,NA,0.848417155164413
RHBDD1,11,0,0,0.696060573807714,NA,NA,NA,0.848477821099545
GSTZ1,6,0,0,0.696299919739315,NA,NA,NA,0.84862657824969
PDGFD,4,0,0,0.696060573807714,NA,NA,NA,0.848693067824325
ALG5,5,0,0,0.696299919739315,NA,NA,NA,0.848722750983145
NAV3,2,0,0,0.696643820975343,NA,NA,NA,0.84913504919245
UBAP2,6,0,0,0.696621400125016,NA,NA,NA,0.849168067152112
PTRH2,8,0,0,0.696621400125016,NA,NA,NA,0.849290748464216
UPP1,2,0,0,0.69682853737592,NA,NA,NA,0.84939976838357
IMPA2,6,0,0,0.696928813307598,NA,NA,NA,0.849489346921589
PTPRZ1,3,0,0,0.696821892266672,NA,NA,NA,0.8495221664303
KMT2D,5,0,0,0.696821892266672,NA,NA,NA,0.849564453635105
FBXO8,6,0,0,0.69682853737592,NA,NA,NA,0.84961311288336
ZNF283,12,0,0,0.696821892266672,NA,NA,NA,0.849636700308614
C1orf109,3,0,0,0.697828388923983,NA,NA,NA,0.850510290313987
DDX20,8,0,0,0.697870209359721,NA,NA,NA,0.85053912433136
COG5,25,0,0,0.697828388923983,NA,NA,NA,0.850711568516452
METTL1,8,0,0,0.699995124843889,NA,NA,NA,0.850735857809484
PLEKHG5,2,0,0,0.697947846586976,NA,NA,NA,0.850743901194667
ZNF131,7,0,0,0.697947846586976,NA,NA,NA,0.850752791309448
BTBD3,13,0,0,0.699994131113631,NA,NA,NA,0.850774405515234
MTMR6,13,0,0,0.698065027210914,NA,NA,NA,0.850782327099635
TMEM135,15,0,0,0.698287010270378,NA,NA,NA,0.850865157622788
PTPRO,7,0,0,0.699994131113631,NA,NA,NA,0.850896058647017
SYNJ1,4,0,0,0.699994131113631,NA,NA,NA,0.8509328180592
ZNF41,17,0,0,0.698269151270528,NA,NA,NA,0.850941837362812
EPB41L5,2,0,0,0.697947846586976,NA,NA,NA,0.850952989809017
SFXN5,5,0,0,0.698598506435715,NA,NA,NA,0.851041026649073
NHLRC2,24,0,0,0.699994131113631,NA,NA,NA,0.851127691196059
PRR5L,5,0,0,0.699994131113631,NA,NA,NA,0.851331728151216
DNAJC24,9,0,0,0.699994131113631,NA,NA,NA,0.851496234070948
NXN,9,0,0,0.699994131113631,NA,NA,NA,0.851598940018709
PPP4R3A,11,0,0,0.69938745342724,NA,NA,NA,0.851648654764633
LIN7C,28,0,0,0.699266948290799,NA,NA,NA,0.85164994806651
ZBTB40,7,0,0,0.700454081710808,NA,NA,NA,0.851657222519988
DDX28,5,0,0,0.699994131113631,NA,NA,NA,0.851657445860333
GREB1,4,0,0,0.699522154690983,NA,NA,NA,0.851660501806636
CWC22,4,0,0,0.699994131113631,NA,NA,NA,0.851715075466729
EML4,5,0,0,0.699714268349214,NA,NA,NA,0.851715196328071
KIDINS220,3,0,0,0.69990499845793,NA,NA,NA,0.851716679063171
DGCR6L,3,0,0,0.699994131113631,NA,NA,NA,0.851808517926929
YPEL5,8,0,0,0.699994131113631,NA,NA,NA,0.851874283754337
RALGAPA2,6,0,0,0.699853893850965,NA,NA,NA,0.851905330139831
DGAT1,4,0,0,0.699994131113631,NA,NA,NA,0.851905419113257
PNP,4,0,0,0.69990499845793,NA,NA,NA,0.851920676724779
GOLT1B,7,0,0,0.699714268349214,NA,NA,NA,0.851921814201852
FAM20C,9,0,0,0.70080704604822,NA,NA,NA,0.851929132096091
TUBD1,4,0,0,0.69990499845793,NA,NA,NA,0.851952060276639
TRIP10,3,0,0,0.699853893850965,NA,NA,NA,0.852042624857135
MAEA,2,0,0,0.699994131113631,NA,NA,NA,0.852076068158375
VPS18,3,0,0,0.700976141039516,NA,NA,NA,0.852151296857514
HDGF,7,0,0,0.699853893850965,NA,NA,NA,0.852204238910905
ST8SIA1,2,0,0,0.700976141039516,NA,NA,NA,0.852222744730948
IFITM3,5,0,0,0.699853893850965,NA,NA,NA,0.852289079159843
HIST1H2BN,6,0,0,0.70105105036927,NA,NA,NA,0.85234571936892
ARHGAP28,4,0,0,0.700976141039516,NA,NA,NA,0.852384482464464
TMCC3,10,0,0,0.700976141039516,NA,NA,NA,0.852415282067534
RTKN,7,0,0,0.70156162274117,NA,NA,NA,0.852445710162874
ZNF19,4,0,0,0.701594041983382,NA,NA,NA,0.852565714692562
KDM4B,6,0,0,0.70156162274117,NA,NA,NA,0.852590039292323
HTD2,21,0,0,0.701413857122195,NA,NA,NA,0.852646884063137
UFM1,11,0,0,0.70232815447442,NA,NA,NA,0.852780640710618
WEE1,13,0,0,0.70156162274117,NA,NA,NA,0.852783906600196
ANKRD28,4,0,0,0.702442339058319,NA,NA,NA,0.852826298923999
BCORL1,9,0,0,0.702147248997585,NA,NA,NA,0.852838911100737
ZNHIT2,3,0,0,0.701413857122195,NA,NA,NA,0.852842532325394
MRPL51,8,0,0,0.702281546179259,NA,NA,NA,0.852850090298795
TRPC1,4,0,0,0.702068555395885,NA,NA,NA,0.852878888001214
CYP27C1,5,0,0,0.702442339058319,NA,NA,NA,0.852951008904451
C19orf44,2,0,0,0.701413857122195,NA,NA,NA,0.852988218902968
TSC22D3,2,0,0,0.702442339058319,NA,NA,NA,0.852989605193022
NMNAT2,8,0,0,0.702068555395885,NA,NA,NA,0.853079683634556
EIF3M,9,0,0,0.702499440571584,NA,NA,NA,0.85329701115822
DNM1L,17,0,0,0.703599176779081,NA,NA,NA,0.854526174851452
RNF7,16,0,0,0.703599176779081,NA,NA,NA,0.854599267367348
MT2A,5,0,0,0.703599176779081,NA,NA,NA,0.854665162746386
KDM2A,7,0,0,0.703599176779081,NA,NA,NA,0.854712136075214
LRRC39,2,0,0,0.703599176779081,NA,NA,NA,0.854849941179293
SUCLG1,2,0,0,0.703998395394269,NA,NA,NA,0.854876059758988
ZNF473,4,0,0,0.704197809273326,NA,NA,NA,0.855077791867298
GPN1,12,0,0,0.704427377656433,NA,NA,NA,0.855377438344734
FANCA,15,0,0,0.704548807079405,NA,NA,NA,0.855766761666073
ARID4B,4,0,0,0.704548807079405,NA,NA,NA,0.855864372176582
ATG5,10,0,0,0.705068014964174,NA,NA,NA,0.855922375995309
INTS1,6,0,0,0.705043163633005,NA,NA,NA,0.85595887939952
FAM199X,13,0,0,0.705068014964174,NA,NA,NA,0.856088529231913
CAPZA2,18,0,0,0.705043163633005,NA,NA,NA,0.85614321955786
TM9SF1,3,0,0,0.705043163633005,NA,NA,NA,0.856162535771592
PELP1,2,0,0,0.704941894879249,NA,NA,NA,0.856215833754108
RIPK1,5,0,0,0.705068014964174,NA,NA,NA,0.856265486118025
HELQ,3,0,0,0.705043163633005,NA,NA,NA,0.856300845450328
PCDHB12,4,0,0,0.705043163633005,NA,NA,NA,0.856344371247648
FOXJ3,3,0,0,0.706394066898792,NA,NA,NA,0.857117483584047
BICC1,5,0,0,0.706394066898792,NA,NA,NA,0.857213971393223
LRRC8E,3,0,0,0.706120897040678,NA,NA,NA,0.857357487718942
VPS4B,9,0,0,0.706394066898792,NA,NA,NA,0.857410422659807
RBM25,31,0,0,0.706394066898792,NA,NA,NA,0.857410681214688
ANKRD40,10,0,0,0.706066080526732,NA,NA,NA,0.857420178122491
SIM2,8,0,0,0.706394066898792,NA,NA,NA,0.857565387095298
TIGD6,8,0,0,0.706066080526732,NA,NA,NA,0.857591990384139
WNT10B,4,0,0,0.706394066898792,NA,NA,NA,0.857611168780361
SEH1L,2,0,0,0.706394066898792,NA,NA,NA,0.85763475786664
ELP4,12,0,0,0.706058264068856,NA,NA,NA,0.857745305923151
RBM43,8,0,0,0.706066080526732,NA,NA,NA,0.857768016626429
TMEM68,7,0,0,0.706066080526732,NA,NA,NA,0.857825350737344
TMEM231,6,0,0,0.706981446210375,NA,NA,NA,0.857840610406075
MZT1,17,0,0,0.706066080526732,NA,NA,NA,0.857849371752543
SNIP1,9,0,0,0.706066080526732,NA,NA,NA,0.857850652000501
PCGF3,11,0,0,0.706066080526732,NA,NA,NA,0.857854357825933
STARD13,10,0,0,0.706066080526732,NA,NA,NA,0.857937828742427
SPAST,8,0,0,0.706066080526732,NA,NA,NA,0.858033397261203
PISD,3,0,0,0.707458748839102,NA,NA,NA,0.858462804382773
NOC2L,3,0,0,0.708557936752351,NA,NA,NA,0.858729874477263
JMJD4,7,0,0,0.708557936752351,NA,NA,NA,0.858927173364386
BTBD9,9,0,0,0.708703196257583,NA,NA,NA,0.858937003884938
PCNX4,13,0,0,0.708693628742627,NA,NA,NA,0.859009037064714
HACD2,9,0,0,0.708703196257583,NA,NA,NA,0.859074790991171
GATA3,8,0,0,0.708703196257583,NA,NA,NA,0.859080261711761
PPARA,7,0,0,0.707971530085566,NA,NA,NA,0.85911709120217
DROSHA,4,0,0,0.708557936752351,NA,NA,NA,0.859119383713764
NUP85,3,0,0,0.708198987132868,NA,NA,NA,0.859171361258176
SKA3,12,0,0,0.708693628742627,NA,NA,NA,0.859174204124001
BPTF,6,0,0,0.708315462175119,NA,NA,NA,0.859223426679037
TMEM186,6,0,0,0.708229136840456,NA,NA,NA,0.859284797926796
KLC1,4,0,0,0.708198987132868,NA,NA,NA,0.859286803146085
TOMM20,22,0,0,0.708291886260615,NA,NA,NA,0.859314871686947
SRGAP1,18,0,0,0.708557936752351,NA,NA,NA,0.859318826867143
PRPF19,3,0,0,0.708693628742627,NA,NA,NA,0.859342339909349
DUOXA1,2,0,0,0.70845432173481,NA,NA,NA,0.859392552527072
CNOT6,17,0,0,0.709445301845657,NA,NA,NA,0.859396141105314
FOXL2,2,0,0,0.708270945981837,NA,NA,NA,0.859408762591743
HELZ,18,0,0,0.708153921274331,NA,NA,NA,0.85942588885778
MBD2,7,0,0,0.708198987132868,NA,NA,NA,0.859452052849184
NDFIP1,17,0,0,0.708557936752351,NA,NA,NA,0.859455287747113
MMP17,2,0,0,0.708693628742627,NA,NA,NA,0.859472434721571
TCEAL8,8,0,0,0.708557936752351,NA,NA,NA,0.859481874950542
VPS37C,3,0,0,0.708557936752351,NA,NA,NA,0.859533688579817
DDX60L,2,0,0,0.709445301845657,NA,NA,NA,0.859538799262876
LMO7,7,0,0,0.70845432173481,NA,NA,NA,0.859557584091297
TMEM183B,3,0,0,0.708682467971005,NA,NA,NA,0.859588829642902
HYPK,6,0,0,0.70845432173481,NA,NA,NA,0.859595025316882
ADAT2,21,0,0,0.708557936752351,NA,NA,NA,0.859637834779216
RBM5,3,0,0,0.708557936752351,NA,NA,NA,0.859654875165312
HSD17B11,5,0,0,0.709445301845657,NA,NA,NA,0.859655175711779
HMBOX1,17,0,0,0.708693628742627,NA,NA,NA,0.859659622302501
MOCOS,9,0,0,0.708693628742627,NA,NA,NA,0.859685701431274
AKIRIN1,11,0,0,0.708557936752351,NA,NA,NA,0.859713596306009
ENOPH1,4,0,0,0.708693628742627,NA,NA,NA,0.85972058020689
BBOF1,4,0,0,0.70958433174318,NA,NA,NA,0.859731227383629
EEA1,13,0,0,0.708557936752351,NA,NA,NA,0.859743275377945
RCOR3,15,0,0,0.708693628742627,NA,NA,NA,0.859766195722812
SLC25A37,9,0,0,0.70845432173481,NA,NA,NA,0.859793338737168
STAM2,10,0,0,0.709445301845657,NA,NA,NA,0.859814639944411
ACTN1,13,0,0,0.708557936752351,NA,NA,NA,0.859868900138222
ZWILCH,8,0,0,0.708693628742627,NA,NA,NA,0.85988776331285
C1orf52,13,0,0,0.709776834216459,NA,NA,NA,0.860086012622161
ASH1L,8,0,0,0.709776834216459,NA,NA,NA,0.860218607315559
MAPK6,8,0,0,0.709907478379538,NA,NA,NA,0.860319760762642
TIMM17A,14,0,0,0.709776834216459,NA,NA,NA,0.860323238556548
PRKAA2,8,0,0,0.710019104058196,NA,NA,NA,0.860535552160023
TTPAL,16,0,0,0.710019104058196,NA,NA,NA,0.860548936232035
BNIP3L,7,0,0,0.710019104058196,NA,NA,NA,0.86055042352965
UVSSA,6,0,0,0.710019104058196,NA,NA,NA,0.860655778618274
F2RL1,8,0,0,0.710019104058196,NA,NA,NA,0.86070468892104
FOXRED2,10,0,0,0.710019104058196,NA,NA,NA,0.860715444052916
CYB5A,7,0,0,0.710019104058196,NA,NA,NA,0.860839877595621
NSRP1,7,0,0,0.710019104058196,NA,NA,NA,0.860905022142088
ATRX,8,0,0,0.710406064849273,NA,NA,NA,0.861235883047915
SEC16A,6,0,0,0.710684944924261,NA,NA,NA,0.861300223114055
ZNF431,3,0,0,0.710684944924261,NA,NA,NA,0.861347020774147
ITGB5,4,0,0,0.710684944924261,NA,NA,NA,0.861401256296551
MLH3,18,0,0,0.710684944924261,NA,NA,NA,0.861530582330277
SIRT1,5,0,0,0.710684944924261,NA,NA,NA,0.861533790205701
RNF167,5,0,0,0.710684944924261,NA,NA,NA,0.86167228504504
PUS1,2,0,0,0.710684944924261,NA,NA,NA,0.861733887440886
STAM,16,0,0,0.710923789370474,NA,NA,NA,0.86177746305089
KIAA0040,7,0,0,0.711105259519364,NA,NA,NA,0.861895303950004
HSPH1,15,0,0,0.711105259519364,NA,NA,NA,0.861903810953582
SHB,6,0,0,0.711105259519364,NA,NA,NA,0.862051719176724
ZNF597,7,0,0,0.711258558210138,NA,NA,NA,0.862309966576059
CUL5,9,0,0,0.711580410610365,NA,NA,NA,0.862481067609788
GOLGA8A,7,0,0,0.711580410610365,NA,NA,NA,0.862543739861177
SH3BP4,8,0,0,0.711580410610365,NA,NA,NA,0.862581726543769
ZNF576,8,0,0,0.711580410610365,NA,NA,NA,0.863232981609093
AKAP5,3,0,0,0.711580410610365,NA,NA,NA,0.863359036797359
SLC36A1,8,0,0,0.711580410610365,NA,NA,NA,0.863410525708865
ZNF2,2,0,0,0.712000516351301,NA,NA,NA,0.863596949612237
FAM114A2,7,0,0,0.711897640847411,NA,NA,NA,0.863616864234552
CAV1,5,0,0,0.712126546478963,NA,NA,NA,0.863618307209313
SHOC2,14,0,0,0.712148643782068,NA,NA,NA,0.863685040821602
YAP1,12,0,0,0.711856375672167,NA,NA,NA,0.863692592520047
SLC38A9,7,0,0,0.711856375672167,NA,NA,NA,0.863776351380143
RBM3,10,0,0,0.712148643782068,NA,NA,NA,0.863788537525866
PIGN,6,0,0,0.712175801735981,NA,NA,NA,0.863883197265333
TMA16,20,0,0,0.71278431956097,NA,NA,NA,0.864334004230498
GBA2,4,0,0,0.712700293034115,NA,NA,NA,0.864373484555818
NOB1,4,0,0,0.712762374079559,NA,NA,NA,0.864427249016165
RSRC2,11,0,0,0.712700293034115,NA,NA,NA,0.864446609633612
ST8SIA4,6,0,0,0.712762374079559,NA,NA,NA,0.864566843300907
SFRP1,6,0,0,0.712885055201799,NA,NA,NA,0.864601017721909
MAP4K5,10,0,0,0.712762374079559,NA,NA,NA,0.864743053087986
HNMT,2,0,0,0.713270222685309,NA,NA,NA,0.864936790537706
LRP5,3,0,0,0.713270222685309,NA,NA,NA,0.865107993542777
STX3,6,0,0,0.713486114442451,NA,NA,NA,0.865269098300889
SRPRB,19,0,0,0.713422630545912,NA,NA,NA,0.865324969637184
ZNF302,4,0,0,0.714364685955598,NA,NA,NA,0.865846396119948
EGLN2,2,0,0,0.714364685955598,NA,NA,NA,0.866042879178964
FANCF,14,0,0,0.714364685955598,NA,NA,NA,0.866091944999713
MRFAP1,13,0,0,0.714506401839122,NA,NA,NA,0.866148922771347
ZBTB21,7,0,0,0.714364685955598,NA,NA,NA,0.866272122702005
TMEM140,8,0,0,0.714364685955598,NA,NA,NA,0.866284725064437
QRSL1,10,0,0,0.714364685955598,NA,NA,NA,0.866405014143511
LZTS2,2,0,0,0.714364685955598,NA,NA,NA,0.866475622100904
BASP1,7,0,0,0.715245758088143,NA,NA,NA,0.866484589953699
TIMM9,14,0,0,0.715417574328329,NA,NA,NA,0.866629698971401
IFIH1,3,0,0,0.715245758088143,NA,NA,NA,0.866666041507791
VPS54,8,0,0,0.715245758088143,NA,NA,NA,0.866859900724494
ATF6,14,0,0,0.715773190950115,NA,NA,NA,0.866906946023223
DNAJB11,5,0,0,0.715245758088143,NA,NA,NA,0.866914280326478
MAP3K7,9,0,0,0.715698678769241,NA,NA,NA,0.866953096233663
PDS5B,22,0,0,0.715245758088143,NA,NA,NA,0.866987825528094
CA13,7,0,0,0.715245758088143,NA,NA,NA,0.866997449648135
KIF18A,3,0,0,0.715208404737227,NA,NA,NA,0.867034976027666
SAV1,7,0,0,0.715146381936241,NA,NA,NA,0.867085943246592
TTC25,3,0,0,0.716065934179558,NA,NA,NA,0.867116808576991
PEBP1,6,0,0,0.716044623346992,NA,NA,NA,0.867133641903305
RHOT1,5,0,0,0.716065934179558,NA,NA,NA,0.867299805909857
NCBP1,24,0,0,0.716065934179558,NA,NA,NA,0.867309378937314
PLAGL2,3,0,0,0.716203521530422,NA,NA,NA,0.867343274724914
MEX3C,5,0,0,0.716065934179558,NA,NA,NA,0.867379881836655
TBC1D12,6,0,0,0.716203521530422,NA,NA,NA,0.867530379826935
NOL12,6,0,0,0.716203521530422,NA,NA,NA,0.867737070804954
GPX8,11,0,0,0.716796838717003,NA,NA,NA,0.86810864214093
PPM1A,17,0,0,0.716755975786436,NA,NA,NA,0.868185267488521
DTL,10,0,0,0.716731110626132,NA,NA,NA,0.868276311900758
ELP5,4,0,0,0.717338793913252,NA,NA,NA,0.868921748674546
JAK2,9,0,0,0.717338793913252,NA,NA,NA,0.869001426433372
ZNF737,7,0,0,0.717338793913252,NA,NA,NA,0.869044401964457
ISPD,4,0,0,0.717913009243549,NA,NA,NA,0.869400708453608
FBXO9,6,0,0,0.717913009243549,NA,NA,NA,0.869520009892105
SNX4,3,0,0,0.718033876302183,NA,NA,NA,0.86967209749748
BAG2,20,0,0,0.718989600657529,NA,NA,NA,0.870881468042859
NSG1,13,0,0,0.718871738857749,NA,NA,NA,0.87088954648617
ZNF732,6,0,0,0.719115522456512,NA,NA,NA,0.871089609983034
CD2BP2,7,0,0,0.719115522456512,NA,NA,NA,0.871121588286468
PLEKHA1,13,0,0,0.719115522456512,NA,NA,NA,0.871156972040794
SYT5,2,0,0,0.719115522456512,NA,NA,NA,0.871203255251667
CHSY1,11,0,0,0.719115522456512,NA,NA,NA,0.871344376801368
FDXACB1,6,0,0,0.719376563475204,NA,NA,NA,0.871419687604616
ATF2,7,0,0,0.719869330886038,NA,NA,NA,0.872106391789322
NOL3,6,0,0,0.72009708378994,NA,NA,NA,0.872263015188857
CMC2,6,0,0,0.720718827501441,NA,NA,NA,0.872790145561363
PSAP,13,0,0,0.720718827501441,NA,NA,NA,0.87294086572058
CADPS2,10,0,0,0.720718827501441,NA,NA,NA,0.873133413161099
CSNK2A1,17,0,0,0.720995707001753,NA,NA,NA,0.87330249556663
SNX2,13,0,0,0.721501280365217,NA,NA,NA,0.874336276481785
CREB1,19,0,0,0.721561972417037,NA,NA,NA,0.87465527382472
NUS1,9,0,0,0.721501280365217,NA,NA,NA,0.874702681172213
INPPL1,3,0,0,0.721561972417037,NA,NA,NA,0.874784916933174
LIN54,10,0,0,0.721561972417037,NA,NA,NA,0.874929014714671
STX18,3,0,0,0.721909974439838,NA,NA,NA,0.875020793718284
TTYH3,5,0,0,0.721909974439838,NA,NA,NA,0.875223039537123
ACOX1,16,0,0,0.723171758383465,NA,NA,NA,0.875622082881573
NLN,11,0,0,0.723171758383465,NA,NA,NA,0.875782168314677
SH3TC2,11,0,0,0.723021619016324,NA,NA,NA,0.875892931648369
RPLP0,2,0,0,0.722888637063907,NA,NA,NA,0.87590914702671
NCOA6,4,0,0,0.723171758383465,NA,NA,NA,0.875953620434589
PREP,5,0,0,0.722965625490802,NA,NA,NA,0.875957525639515
GSR,7,0,0,0.723171758383465,NA,NA,NA,0.875974344610023
SPX,4,0,0,0.723171758383465,NA,NA,NA,0.875987985510225
FAS,10,0,0,0.722888637063907,NA,NA,NA,0.876033812391196
TYW5,12,0,0,0.722888637063907,NA,NA,NA,0.876078053963237
ADGRL1,7,0,0,0.722805867725896,NA,NA,NA,0.87608499459192
PCDH7,5,0,0,0.723171758383465,NA,NA,NA,0.876129500493507
ANXA2,9,0,0,0.72407191841525,NA,NA,NA,0.877014567780842
OXCT1,10,0,0,0.724134661341945,NA,NA,NA,0.877077093664145
RNF126,4,0,0,0.72407191841525,NA,NA,NA,0.877130590097436
WDR76,11,0,0,0.724272648483181,NA,NA,NA,0.877190306125442
VSIG10,12,0,0,0.724272648483181,NA,NA,NA,0.87722236168139
RAC1,11,0,0,0.724484917066317,NA,NA,NA,0.877305744767006
PRDM11,3,0,0,0.724484917066317,NA,NA,NA,0.877490850367184
ARMC1,15,0,0,0.724272648483181,NA,NA,NA,0.877512548325955
CCDC12,5,0,0,0.724634153503601,NA,NA,NA,0.877593236249023
SYNE2,9,0,0,0.724484917066317,NA,NA,NA,0.877647029751113
GNPNAT1,20,0,0,0.724484917066317,NA,NA,NA,0.87775945342682
SMG8,3,0,0,0.724484917066317,NA,NA,NA,0.877760819783501
TBPL1,5,0,0,0.724484917066317,NA,NA,NA,0.877900611849932
HTRA2,5,0,0,0.725069541080643,NA,NA,NA,0.877959963638586
NOP53,8,0,0,0.725383720676803,NA,NA,NA,0.878435532675367
CKAP2,12,0,0,0.725383720676803,NA,NA,NA,0.878464938089548
FAM200B,5,0,0,0.725383720676803,NA,NA,NA,0.878613794402341
UQCR11,11,0,0,0.725508778020587,NA,NA,NA,0.878617766169551
SS18,18,0,0,0.725884899797047,NA,NA,NA,0.87872427187668
MRPS23,11,0,0,0.725884899797047,NA,NA,NA,0.878783390876757
FBXO46,3,0,0,0.725383720676803,NA,NA,NA,0.878789310968777
HELB,4,0,0,0.725884899797047,NA,NA,NA,0.878823939417935
GOLIM4,4,0,0,0.725753147275484,NA,NA,NA,0.878828489054116
NDRG3,9,0,0,0.725753147275484,NA,NA,NA,0.878868613135014
C7orf26,2,0,0,0.725884899797047,NA,NA,NA,0.878904583561755
RNF14,14,0,0,0.725884899797047,NA,NA,NA,0.878971035420206
NECAP1,3,0,0,0.725884899797047,NA,NA,NA,0.878998981098915
PFAS,13,0,0,0.725753147275484,NA,NA,NA,0.879006838737296
CLSTN3,2,0,0,0.725884899797047,NA,NA,NA,0.879050187961907
ABHD6,5,0,0,0.725884899797047,NA,NA,NA,0.879119061169051
SPOP,6,0,0,0.72617246421297,NA,NA,NA,0.879165117731826
ARID1B,6,0,0,0.725884899797047,NA,NA,NA,0.879173843676256
PPP1R14C,3,0,0,0.725884899797047,NA,NA,NA,0.879208883171545
PIGX,8,0,0,0.72626938626426,NA,NA,NA,0.879216107993253
FRMD6,3,0,0,0.725884899797047,NA,NA,NA,0.879346374535982
EIF4E,15,0,0,0.725884899797047,NA,NA,NA,0.879385612490328
PPP1R21,8,0,0,0.725884899797047,NA,NA,NA,0.879398689454752
ARL6IP4,3,0,0,0.72626938626426,NA,NA,NA,0.879416030353996
GLMN,6,0,0,0.72626938626426,NA,NA,NA,0.87948091550558
OSBPL8,20,0,0,0.725884899797047,NA,NA,NA,0.879486843618526
NSA2,17,0,0,0.72626938626426,NA,NA,NA,0.879495136504653
FBXO32,10,0,0,0.72626938626426,NA,NA,NA,0.879526929113106
N6AMT1,4,0,0,0.725884899797047,NA,NA,NA,0.879555888681361
ZNF354C,5,0,0,0.72626938626426,NA,NA,NA,0.879587659766373
ANAPC13,11,0,0,0.72626938626426,NA,NA,NA,0.879626342818732
GFM1,10,0,0,0.72626938626426,NA,NA,NA,0.879627049817472
ZBTB37,10,0,0,0.72626938626426,NA,NA,NA,0.879659350723679
ICA1L,5,0,0,0.72626938626426,NA,NA,NA,0.879660367594137
PCF11,4,0,0,0.72626938626426,NA,NA,NA,0.879666135457022
KATNA1,2,0,0,0.726626916222054,NA,NA,NA,0.879787045717243
TCFL5,10,0,0,0.72626938626426,NA,NA,NA,0.87981381331216
ILF2,8,0,0,0.72626938626426,NA,NA,NA,0.879879558305415
DVL2,2,0,0,0.72626938626426,NA,NA,NA,0.879929212202071
CNTF,9,0,0,0.726960338999293,NA,NA,NA,0.880121307731009
NECTIN3,6,0,0,0.727259666212743,NA,NA,NA,0.880154283249771
ADAMTS5,6,0,0,0.727222203677096,NA,NA,NA,0.880154814795628
COL4A3BP,11,0,0,0.727170694146739,NA,NA,NA,0.880223909046471
PFDN4,10,0,0,0.727919268930245,NA,NA,NA,0.880910873233198
ATP6AP2,6,0,0,0.727961575243336,NA,NA,NA,0.880915320092222
NCK1,14,0,0,0.727961575243336,NA,NA,NA,0.880924290889384
PAN3,4,0,0,0.728412684238506,NA,NA,NA,0.881161489565612
ZNF200,6,0,0,0.728423806025988,NA,NA,NA,0.881239400490045
ATP2C1,10,0,0,0.728794081673491,NA,NA,NA,0.881337264255004
SPTLC3,5,0,0,0.728412684238506,NA,NA,NA,0.88134209649934
STRN3,7,0,0,0.72875512780288,NA,NA,NA,0.881417542238374
BCLAF1,18,0,0,0.728396268513525,NA,NA,NA,0.881448232610215
CAB39,6,0,0,0.728412684238506,NA,NA,NA,0.881503894976241
SPC25,2,0,0,0.728412684238506,NA,NA,NA,0.881518417407834
FAM198B,9,0,0,0.728412684238506,NA,NA,NA,0.881525817298186
CHCHD7,9,0,0,0.728412684238506,NA,NA,NA,0.881639620988758
KCNIP3,2,0,0,0.728412684238506,NA,NA,NA,0.881765725710855
KCTD20,11,0,0,0.728412684238506,NA,NA,NA,0.881875448247845
SULT1E1,4,0,0,0.728412684238506,NA,NA,NA,0.881883274745649
LYRM9,3,0,0,0.728412684238506,NA,NA,NA,0.88193100452817
RAD50,17,0,0,0.728412684238506,NA,NA,NA,0.881973392156671
TAF11,8,0,0,0.728412684238506,NA,NA,NA,0.882071311548795
DNASE1L1,5,0,0,0.728412684238506,NA,NA,NA,0.882107293059427
NFIB,17,0,0,0.729501052823232,NA,NA,NA,0.882303639784494
DIABLO,12,0,0,0.729762514197605,NA,NA,NA,0.882412322649435
DEPDC1B,6,0,0,0.729762514197605,NA,NA,NA,0.882524000836497
FAM50A,7,0,0,0.729762514197605,NA,NA,NA,0.882545457721518
PPP4R3B,9,0,0,0.729762514197605,NA,NA,NA,0.882575544920486
RBM15B,14,0,0,0.729938398388842,NA,NA,NA,0.882685206126433
TTLL12,10,0,0,0.729938398388842,NA,NA,NA,0.882686007601161
WDR37,8,0,0,0.729938398388842,NA,NA,NA,0.882838760417293
RTN4,7,0,0,0.729938398388842,NA,NA,NA,0.88284592984079
FAHD1,4,0,0,0.729938398388842,NA,NA,NA,0.882850154479598
TRNP1,13,0,0,0.730090741522805,NA,NA,NA,0.882953771766934
EIF5A2,18,0,0,0.730025419210227,NA,NA,NA,0.882979324847934
MCTP2,11,0,0,0.730025419210227,NA,NA,NA,0.883135671587184
UBE2D2,13,0,0,0.730090741522805,NA,NA,NA,0.883147010228887
PPP2R3A,4,0,0,0.730025419210227,NA,NA,NA,0.883232423785234
TAOK2,2,0,0,0.730154836360316,NA,NA,NA,0.88324278112159
ZNF562,15,0,0,0.730025419210227,NA,NA,NA,0.883376131251289
CNP,4,0,0,0.730154836360316,NA,NA,NA,0.883420963909565
NVL,4,0,0,0.730154836360316,NA,NA,NA,0.88345632128851
RAP2B,20,0,0,0.730154836360316,NA,NA,NA,0.883468470303287
ZNF425,2,0,0,0.730154836360316,NA,NA,NA,0.883487866831669
TYRO3,2,0,0,0.730025419210227,NA,NA,NA,0.883517903026505
KLHL15,4,0,0,0.730301383776677,NA,NA,NA,0.883662980860883
LPAR5,5,0,0,0.730572753907335,NA,NA,NA,0.883704187363082
TMED5,13,0,0,0.730530963822191,NA,NA,NA,0.883740517233154
SRSF2,12,0,0,0.73081515943525,NA,NA,NA,0.883754814239546
SNX10,4,0,0,0.730443446629113,NA,NA,NA,0.883763685594954
CHD8,3,0,0,0.73063178991465,NA,NA,NA,0.88378220041245
DIEXF,16,0,0,0.730681920627175,NA,NA,NA,0.883867244029084
SP140L,2,0,0,0.730640609498697,NA,NA,NA,0.88386901302042
LRP8,13,0,0,0.73081515943525,NA,NA,NA,0.883870718329832
BCL2L1,2,0,0,0.731056807873789,NA,NA,NA,0.883874178617575
PELO,5,0,0,0.730530963822191,NA,NA,NA,0.883886940933578
CLNS1A,15,0,0,0.731056807873789,NA,NA,NA,0.883908911168675
PCED1A,3,0,0,0.731056807873789,NA,NA,NA,0.883942148328111
WBP1,2,0,0,0.731035593692993,NA,NA,NA,0.883964659952239
SLC2A13,5,0,0,0.731035593692993,NA,NA,NA,0.884053623596394
BPNT1,10,0,0,0.730530963822191,NA,NA,NA,0.884083869549965
INHBA,9,0,0,0.730530963822191,NA,NA,NA,0.884122887050456
ASAH2B,4,0,0,0.731035593692993,NA,NA,NA,0.884258167007085
TBC1D1,6,0,0,0.731607759522473,NA,NA,NA,0.884696773136909
AIDA,22,0,0,0.731663765374329,NA,NA,NA,0.884727146581887
ADAT1,16,0,0,0.731663765374329,NA,NA,NA,0.884737301920467
CPPED1,10,0,0,0.732372468533184,NA,NA,NA,0.885497430457081
C2orf49,10,0,0,0.732372468533184,NA,NA,NA,0.885552962990993
RNF38,10,0,0,0.733090681639639,NA,NA,NA,0.886008939267304
CEP97,11,0,0,0.733090681639639,NA,NA,NA,0.886126608652833
GXYLT2,7,0,0,0.73309002897341,NA,NA,NA,0.886173568696625
FEM1B,14,0,0,0.733090681639639,NA,NA,NA,0.886325280379929
LRP12,10,0,0,0.733090681639639,NA,NA,NA,0.886357414991667
SENP6,14,0,0,0.733090681639639,NA,NA,NA,0.886493144030802
TRAK1,8,0,0,0.733090681639639,NA,NA,NA,0.886520468662148
INO80D,2,0,0,0.733309726725948,NA,NA,NA,0.887380191568515
DPH3,9,0,0,0.733391924790197,NA,NA,NA,0.887650921430517
TRIM35,11,0,0,0.733736667490633,NA,NA,NA,0.887853503502187
CFI,4,0,0,0.733917431779242,NA,NA,NA,0.88813852421403
RDH11,14,0,0,0.733917431779242,NA,NA,NA,0.888207373666623
PTGES3,7,0,0,0.73470049413599,NA,NA,NA,0.889230979017059
ZCCHC8,7,0,0,0.73470049413599,NA,NA,NA,0.889311940395449
LOC110117498-PIK3R3,6,0,0,0.73470049413599,NA,NA,NA,0.889364833479448
ZNF292,15,0,0,0.73470049413599,NA,NA,NA,0.88939074272424
MOSPD2,6,0,0,0.734930139653889,NA,NA,NA,0.889483414343121
GATA2,4,0,0,0.73470049413599,NA,NA,NA,0.889562672858448
SGMS2,9,0,0,0.735393913322894,NA,NA,NA,0.889746849861864
STXBP1,15,0,0,0.73470049413599,NA,NA,NA,0.889749030686828
ENDOV,7,0,0,0.73470049413599,NA,NA,NA,0.889815270821263
MMS19,5,0,0,0.735690657249478,NA,NA,NA,0.88983702715818
FAM111B,6,0,0,0.735588582431268,NA,NA,NA,0.889857129716483
CAMK2N1,5,0,0,0.73470049413599,NA,NA,NA,0.88987065212463
ESRP1,4,0,0,0.73470049413599,NA,NA,NA,0.889897863918351
TCAF2,6,0,0,0.735393913322894,NA,NA,NA,0.889919945025444
CDC23,5,0,0,0.735690657249478,NA,NA,NA,0.889989132038446
MEGF9,5,0,0,0.73470049413599,NA,NA,NA,0.890033986773795
ENTPD7,18,0,0,0.73470049413599,NA,NA,NA,0.890112541867351
RAB1A,14,0,0,0.73470049413599,NA,NA,NA,0.890152153489202
TTBK2,6,0,0,0.735792635329155,NA,NA,NA,0.890165479373797
ZSCAN29,4,0,0,0.736451482941154,NA,NA,NA,0.890984721839816
RFC3,4,0,0,0.736451482941154,NA,NA,NA,0.891028208492888
EEF2K,10,0,0,0.736451482941154,NA,NA,NA,0.891183395929414
INAFM2,4,0,0,0.737192491370346,NA,NA,NA,0.891900697683057
FAM120AOS,11,0,0,0.737804836252634,NA,NA,NA,0.892539439648539
PDE7A,12,0,0,0.738121021630697,NA,NA,NA,0.892714121196515
RAI1,5,0,0,0.738092176758186,NA,NA,NA,0.892726638621482
MIB1,13,0,0,0.738092176758186,NA,NA,NA,0.892807925802181
ZNF24,8,0,0,0.738504905363282,NA,NA,NA,0.892828351398433
HECW2,3,0,0,0.738392378810954,NA,NA,NA,0.892841060760273
GMDS,3,0,0,0.738092176758186,NA,NA,NA,0.892898969286256
CHM,3,0,0,0.738339072137811,NA,NA,NA,0.892910585988468
ZNF83,10,0,0,0.738092176758186,NA,NA,NA,0.892925403315253
DGCR2,10,0,0,0.738092176758186,NA,NA,NA,0.89293758259767
SPATA2L,5,0,0,0.738092176758186,NA,NA,NA,0.892952997002726
ZNF461,5,0,0,0.738092176758186,NA,NA,NA,0.893028184961974
EPAS1,6,0,0,0.738092176758186,NA,NA,NA,0.89305167981224
KLHL24,6,0,0,0.738092176758186,NA,NA,NA,0.893058831618442
ZDHHC9,15,0,0,0.738339072137811,NA,NA,NA,0.893067455301869
HIST1H1C,4,0,0,0.738092176758186,NA,NA,NA,0.89307496411369
HNRNPUL1,18,0,0,0.738804741738033,NA,NA,NA,0.893115283032684
IER3IP1,10,0,0,0.738092176758186,NA,NA,NA,0.893121348184246
ABHD14A-ACY1,2,0,0,0.738339072137811,NA,NA,NA,0.893151770593595
RRAS,3,0,0,0.738092176758186,NA,NA,NA,0.893163246178646
ZNF571,3,0,0,0.738092176758186,NA,NA,NA,0.893164135476242
TNFAIP8L1,7,0,0,0.738092176758186,NA,NA,NA,0.89325414344699
AP3M2,4,0,0,0.738224579364916,NA,NA,NA,0.893261425735986
SLC12A8,3,0,0,0.738804741738033,NA,NA,NA,0.893271898998275
RPS21,4,0,0,0.738339072137811,NA,NA,NA,0.893305573425058
TMEM121,2,0,0,0.739344308788367,NA,NA,NA,0.893326987593726
ATG4D,3,0,0,0.738092176758186,NA,NA,NA,0.893346659968076
TDRD9,2,0,0,0.738339072137811,NA,NA,NA,0.893392199443343
IARS2,10,0,0,0.739344308788367,NA,NA,NA,0.893455556864393
MLLT1,5,0,0,0.739344308788367,NA,NA,NA,0.893500221838283
KPNA2,6,0,0,0.738339072137811,NA,NA,NA,0.893557595341309
PIK3C2A,7,0,0,0.738339072137811,NA,NA,NA,0.893608442361943
TWNK,2,0,0,0.739344308788367,NA,NA,NA,0.893644149042332
HMGN4,7,0,0,0.739344308788367,NA,NA,NA,0.89384400555801
PAXX,5,0,0,0.739344308788367,NA,NA,NA,0.894004361641392
GJA5,3,0,0,0.739994223227684,NA,NA,NA,0.89405924414557
LIG3,14,0,0,0.739891742108596,NA,NA,NA,0.894125678236154
ZNF697,9,0,0,0.739994223227684,NA,NA,NA,0.894156418334658
C16orf74,8,0,0,0.739994223227684,NA,NA,NA,0.894244226160382
SF1,5,0,0,0.739994223227684,NA,NA,NA,0.894274378984737
BLVRB,3,0,0,0.739891742108596,NA,NA,NA,0.89432702893744
COMMD7,4,0,0,0.740199235440948,NA,NA,NA,0.894358441587102
PGGT1B,16,0,0,0.739891742108596,NA,NA,NA,0.894516602541586
GCSH,5,0,0,0.739891742108596,NA,NA,NA,0.894525659132588
ANAPC16,19,0,0,0.740509145595399,NA,NA,NA,0.894574517444741
MAPRE3,2,0,0,0.74046533291768,NA,NA,NA,0.894683917273578
GSK3A,2,0,0,0.740358029162038,NA,NA,NA,0.894706844652017
LMBRD2,13,0,0,0.740509145595399,NA,NA,NA,0.894752815975353
TUSC3,19,0,0,0.740509145595399,NA,NA,NA,0.894766236898925
TTK,3,0,0,0.740509145595399,NA,NA,NA,0.894799085647562
RER1,13,0,0,0.74046579600814,NA,NA,NA,0.894829583515785
RAD23B,18,0,0,0.740509145595399,NA,NA,NA,0.894924634014143
PSKH1,7,0,0,0.740653741606254,NA,NA,NA,0.894935520174213
SNX30,7,0,0,0.740509145595399,NA,NA,NA,0.894980421934929
TMEM64,11,0,0,0.740775601853825,NA,NA,NA,0.895066641647349
SMIM26,3,0,0,0.741034964693092,NA,NA,NA,0.895073996029155
LLPH,14,0,0,0.740653741606254,NA,NA,NA,0.895083870435482
TMEM99,2,0,0,0.740679899577079,NA,NA,NA,0.895099691018601
TIMM50,13,0,0,0.740509145595399,NA,NA,NA,0.895114193816939
MYO9B,3,0,0,0.740653741606254,NA,NA,NA,0.89514430738144
TMEM8B,7,0,0,0.741034964693092,NA,NA,NA,0.895213279477813
C19orf12,11,0,0,0.740509145595399,NA,NA,NA,0.895239900185148
MIS18A,4,0,0,0.741034964693092,NA,NA,NA,0.89527167190616
TMEM263,20,0,0,0.741034964693092,NA,NA,NA,0.895414284282079
CIAPIN1,3,0,0,0.741532968617253,NA,NA,NA,0.895718939736146
SDHAF4,8,0,0,0.741516719549427,NA,NA,NA,0.89582090416145
SPTLC2,8,0,0,0.743155940418937,NA,NA,NA,0.897293991829462
DAPK3,2,0,0,0.743480605457346,NA,NA,NA,0.897322089761163
DUSP3,13,0,0,0.743444117684747,NA,NA,NA,0.897418507969052
COL17A1,4,0,0,0.743155940418937,NA,NA,NA,0.897475421180375
LAMB1,5,0,0,0.743480605457346,NA,NA,NA,0.897491527412465
CHD9,12,0,0,0.743444117684747,NA,NA,NA,0.897558770301986
SFT2D2,18,0,0,0.743155940418937,NA,NA,NA,0.897631242514104
KMT5B,12,0,0,0.743736878152326,NA,NA,NA,0.897741981958351
POLR2J3,2,0,0,0.743155940418937,NA,NA,NA,0.897799170298706
ORC5,2,0,0,0.743736878152326,NA,NA,NA,0.897807016854763
SUPT16H,6,0,0,0.743155940418937,NA,NA,NA,0.89782789926451
POP5,5,0,0,0.743155940418937,NA,NA,NA,0.897853402984331
RHOBTB3,3,0,0,0.743736878152326,NA,NA,NA,0.897952120469838
CCSER2,4,0,0,0.743736878152326,NA,NA,NA,0.897981458336674
PTGES2,2,0,0,0.743155940418937,NA,NA,NA,0.897985928853711
HMGN3,7,0,0,0.743155940418937,NA,NA,NA,0.898102393689152
ERMP1,13,0,0,0.744507938920993,NA,NA,NA,0.89822088899455
LLGL1,2,0,0,0.744232204252999,NA,NA,NA,0.898317819963106
CSTF2,6,0,0,0.744507938920993,NA,NA,NA,0.898372100454192
TMEM246,10,0,0,0.744349560831395,NA,NA,NA,0.898394197491422
CHP1,4,0,0,0.744656366552987,NA,NA,NA,0.898437862399634
RFC5,20,0,0,0.744349560831395,NA,NA,NA,0.898444227623468
DNAJB14,8,0,0,0.744507938920993,NA,NA,NA,0.898528825191583
COX15,3,0,0,0.744507938920993,NA,NA,NA,0.898529818303048
RBCK1,3,0,0,0.744507938920993,NA,NA,NA,0.898608111760664
AIF1L,6,0,0,0.744507938920993,NA,NA,NA,0.898643602368306
SORT1,9,0,0,0.745153481690957,NA,NA,NA,0.89868489510407
ALYREF,6,0,0,0.744507938920993,NA,NA,NA,0.898747277985882
CERS6,12,0,0,0.745129634974513,NA,NA,NA,0.898780559010444
PFDN5,3,0,0,0.744507938920993,NA,NA,NA,0.89887232586652
OSTF1,7,0,0,0.744507938920993,NA,NA,NA,0.898999087771309
TRIM14,14,0,0,0.745871751087534,NA,NA,NA,0.899463379839536
FBXO18,2,0,0,0.746260582594069,NA,NA,NA,0.899832201286481
ACTR10,9,0,0,0.747180229242858,NA,NA,NA,0.901104642466591
COG1,2,0,0,0.747852087152125,NA,NA,NA,0.901514600498691
SLC1A4,12,0,0,0.747750686837949,NA,NA,NA,0.901623698568395
ZMAT2,11,0,0,0.74774149274783,NA,NA,NA,0.901645526766583
TOLLIP,13,0,0,0.747852087152125,NA,NA,NA,0.901647449979563
ENY2,10,0,0,0.747852087152125,NA,NA,NA,0.901694761419261
USP7,12,0,0,0.747852087152125,NA,NA,NA,0.901888010052385
ITGA2,5,0,0,0.747852087152125,NA,NA,NA,0.901928582381184
NRDE2,10,0,0,0.748329514907673,NA,NA,NA,0.901962148739797
ZFAND3,5,0,0,0.748329514907673,NA,NA,NA,0.90197294310362
HK1,4,0,0,0.748256737592561,NA,NA,NA,0.90200328565289
TNFSF15,2,0,0,0.748238480093568,NA,NA,NA,0.902025527384794
SPAG9,15,0,0,0.748329514907673,NA,NA,NA,0.902127086748066
NCKAP5L,4,0,0,0.748365473887036,NA,NA,NA,0.902227222865704
SEC23B,13,0,0,0.748329514907673,NA,NA,NA,0.902258028889174
IQSEC2,5,0,0,0.748329514907673,NA,NA,NA,0.902269822402371
DMXL1,17,0,0,0.748365473887036,NA,NA,NA,0.902350227211267
RAF1,5,0,0,0.748365473887036,NA,NA,NA,0.90238807842655
PIEZO1,2,0,0,0.748365473887036,NA,NA,NA,0.902450653958226
ABI1,13,0,0,0.748329514907673,NA,NA,NA,0.902457310180779
TAB2,5,0,0,0.748365473887036,NA,NA,NA,0.902507097342718
ZNF500,7,0,0,0.748365473887036,NA,NA,NA,0.902527295265627
SASS6,6,0,0,0.749852357540604,NA,NA,NA,0.903509911322095
SEZ6L2,2,0,0,0.749818373266036,NA,NA,NA,0.903604819863503
KLHL18,3,0,0,0.749852357540604,NA,NA,NA,0.903670311136236
SH2B3,3,0,0,0.749818373266036,NA,NA,NA,0.903675041951089
ST3GAL5,3,0,0,0.749818373266036,NA,NA,NA,0.903766419487591
GBP3,3,0,0,0.750037827556197,NA,NA,NA,0.903890488100525
HTATIP2,9,0,0,0.750155163297692,NA,NA,NA,0.903958622282279
TMX3,10,0,0,0.750332644487965,NA,NA,NA,0.904078128673499
PPAN,3,0,0,0.750677816484861,NA,NA,NA,0.904594654448811
RACK1,10,0,0,0.750892753779705,NA,NA,NA,0.904745919918431
APOL6,8,0,0,0.751071978855029,NA,NA,NA,0.905231419099253
NHLRC3,12,0,0,0.751071978855029,NA,NA,NA,0.905306435425226
XPOT,10,0,0,0.751071978855029,NA,NA,NA,0.90535989987038
RAB3GAP1,12,0,0,0.751071978855029,NA,NA,NA,0.905395449385358
PDGFC,6,0,0,0.751071978855029,NA,NA,NA,0.9054543340782
UBE2J2,5,0,0,0.751071978855029,NA,NA,NA,0.905463324970761
QSER1,6,0,0,0.751129077991386,NA,NA,NA,0.90546382527808
MARS2,10,0,0,0.751129077991386,NA,NA,NA,0.90612575097129
C16orf72,20,0,0,0.751129077991386,NA,NA,NA,0.906347424436421
ATP1B3,10,0,0,0.751129077991386,NA,NA,NA,0.906495892934434
ABCB8,4,0,0,0.751402268620608,NA,NA,NA,0.906561013317996
GORASP1,6,0,0,0.751354602288996,NA,NA,NA,0.906634102331777
SORBS2,5,0,0,0.75148895132185,NA,NA,NA,0.906636676888859
INTS6,15,0,0,0.75165400466133,NA,NA,NA,0.906672384484602
PCDHB7,3,0,0,0.75165400466133,NA,NA,NA,0.9068058014581
PSMG4,6,0,0,0.75223779193629,NA,NA,NA,0.907137053783871
HIST1H3H,7,0,0,0.752955555526139,NA,NA,NA,0.907514158467867
MTPAP,7,0,0,0.7534594877411,NA,NA,NA,0.907574729551643
MON2,25,0,0,0.752955555526139,NA,NA,NA,0.907667410414366
ACAD8,7,0,0,0.7534594877411,NA,NA,NA,0.907719139932181
ZMYND8,4,0,0,0.753358585559669,NA,NA,NA,0.907722866479015
RAD21,3,0,0,0.753358585559669,NA,NA,NA,0.907750332438629
ADAM19,3,0,0,0.753720803797355,NA,NA,NA,0.907802733810973
CAPN5,7,0,0,0.753358585559669,NA,NA,NA,0.907928922787075
LRRK2,2,0,0,0.753358585559669,NA,NA,NA,0.907933836727133
ATXN2L,3,0,0,0.754207798162639,NA,NA,NA,0.908311785843547
PAWR,21,0,0,0.754458618023129,NA,NA,NA,0.908465320953965
ZNF615,6,0,0,0.754962559645253,NA,NA,NA,0.90884111341613
SHKBP1,2,0,0,0.754962559645253,NA,NA,NA,0.908852952728341
AFF1,7,0,0,0.754988840033318,NA,NA,NA,0.90892069530772
ZNF786,6,0,0,0.754962559645253,NA,NA,NA,0.908985802654697
RBBP9,11,0,0,0.75510140752331,NA,NA,NA,0.909017861799791
FARSB,9,0,0,0.755036637869109,NA,NA,NA,0.909030709934898
PIGC,4,0,0,0.755172762241264,NA,NA,NA,0.909059956596943
HMGA2,4,0,0,0.755048371564511,NA,NA,NA,0.909081623165125
TMEM45A,4,0,0,0.754988840033318,NA,NA,NA,0.909083359730417
SLC30A9,9,0,0,0.755223986455937,NA,NA,NA,0.909101985141528
HNRNPUL2,7,0,0,0.755410566195839,NA,NA,NA,0.909144455071123
DGKE,13,0,0,0.755172762241264,NA,NA,NA,0.909212327966706
NOP58,3,0,0,0.755223986455937,NA,NA,NA,0.909232621379892
TAF5L,3,0,0,0.755172762241264,NA,NA,NA,0.909283595185636
F11R,20,0,0,0.755410566195839,NA,NA,NA,0.909287734665758
ANXA5,6,0,0,0.755408280260483,NA,NA,NA,0.909290169343156
TAOK3,3,0,0,0.755410566195839,NA,NA,NA,0.909299264152814
TROAP,2,0,0,0.755430587912435,NA,NA,NA,0.909318938504457
CA8,19,0,0,0.755410566195839,NA,NA,NA,0.909327165056251
LPCAT2,9,0,0,0.755425723329065,NA,NA,NA,0.909432183200426
INF2,10,0,0,0.755408280260483,NA,NA,NA,0.909478890640718
MDM4,17,0,0,0.755410566195839,NA,NA,NA,0.90952092428728
CAB39L,5,0,0,0.755931229982243,NA,NA,NA,0.909668895314766
CDH2,7,0,0,0.7564433912975,NA,NA,NA,0.910156893297584
DLAT,13,0,0,0.7564433912975,NA,NA,NA,0.910227439969739
PDCD1LG2,5,0,0,0.756568077068759,NA,NA,NA,0.910337099074789
NKD1,9,0,0,0.757096225950693,NA,NA,NA,0.911061265040073
ZNF420,2,0,0,0.757096225950693,NA,NA,NA,0.911068484328422
ZNF649,11,0,0,0.757145948078565,NA,NA,NA,0.91108155736067
DPH2,4,0,0,0.757096225950693,NA,NA,NA,0.91108475158432
SCOC,6,0,0,0.757145948078565,NA,NA,NA,0.9110889226565
FAM216A,13,0,0,0.757145948078565,NA,NA,NA,0.91123390876393
LRBA,8,0,0,0.757682462938032,NA,NA,NA,0.91172317467733
EIF2AK1,15,0,0,0.75780799035894,NA,NA,NA,0.911792068518756
KLHL13,4,0,0,0.757797888409403,NA,NA,NA,0.911884745989474
CDKN2C,7,0,0,0.75811037894493,NA,NA,NA,0.912177859135623
DYNC1LI1,9,0,0,0.758275530297901,NA,NA,NA,0.91235993593435
CMPK1,13,0,0,0.758364870925313,NA,NA,NA,0.912381935335092
UNC50,4,0,0,0.758315036510121,NA,NA,NA,0.912386187514328
LAMC2,9,0,0,0.758275530297901,NA,NA,NA,0.912487867705088
VPS51,2,0,0,0.758275530297901,NA,NA,NA,0.912608056790011
TAS2R4,2,0,0,0.758538487340381,NA,NA,NA,0.912658134669261
MAP7,14,0,0,0.759120552972697,NA,NA,NA,0.912913847191085
ZNF621,8,0,0,0.759120552972697,NA,NA,NA,0.913062264430068
TFPI,16,0,0,0.760031438056478,NA,NA,NA,0.914187689140156
NCOA5,4,0,0,0.76018915835254,NA,NA,NA,0.914275732572231
XXYLT1,5,0,0,0.760031438056478,NA,NA,NA,0.914309074552483
ZNF607,3,0,0,0.760089329724054,NA,NA,NA,0.914343918772436
ST3GAL2,12,0,0,0.760125817310338,NA,NA,NA,0.914370950714331
KNOP1,25,0,0,0.76018915835254,NA,NA,NA,0.914418199986057
SMC1A,16,0,0,0.760125817310338,NA,NA,NA,0.914449259421904
ZNF75A,5,0,0,0.76018915835254,NA,NA,NA,0.914580061001113
ABLIM1,11,0,0,0.760125817310338,NA,NA,NA,0.914592133695917
HSPA4,10,0,0,0.76018915835254,NA,NA,NA,0.91464247476117
TBCA,3,0,0,0.76018915835254,NA,NA,NA,0.914703243074757
TOMM40,5,0,0,0.760437651164221,NA,NA,NA,0.914823879054973
ZNF839,5,0,0,0.760865687348642,NA,NA,NA,0.915219692988549
ZNF841,3,0,0,0.760865687348642,NA,NA,NA,0.915232970543406
UST,10,0,0,0.760966858147443,NA,NA,NA,0.915298886009364
C6orf226,5,0,0,0.760865687348642,NA,NA,NA,0.915308973126654
PEX13,12,0,0,0.761211405176045,NA,NA,NA,0.915626326498876
HPGD,9,0,0,0.761380517876343,NA,NA,NA,0.915829005410281
C1orf174,5,0,0,0.761380517876343,NA,NA,NA,0.915959986522783
PUS10,7,0,0,0.761783915098822,NA,NA,NA,0.916416851619214
AOX1,3,0,0,0.76188986271316,NA,NA,NA,0.916431776692634
RSG1,6,0,0,0.761783915098822,NA,NA,NA,0.916557579082284
BHLHE40,4,0,0,0.761783915098822,NA,NA,NA,0.916617311317888
FBXO16,2,0,0,0.761783915098822,NA,NA,NA,0.916673279908035
STRBP,6,0,0,0.762455078968384,NA,NA,NA,0.917171540278794
HIVEP3,4,0,0,0.7624110792947,NA,NA,NA,0.917187365085519
SENP1,18,0,0,0.762455078968384,NA,NA,NA,0.917330901793905
EPS8,7,0,0,0.762476478206131,NA,NA,NA,0.917806911894971
RBM48,13,0,0,0.762476478206131,NA,NA,NA,0.917856836614462
ORMDL1,15,0,0,0.762476478206131,NA,NA,NA,0.917888542354589
FKBP5,15,0,0,0.762476478206131,NA,NA,NA,0.917981889867102
ATP6V0E1,7,0,0,0.763353917337864,NA,NA,NA,0.91899437402067
LMAN1,19,0,0,0.763866267729277,NA,NA,NA,0.919468162742655
FOXJ2,4,0,0,0.763941253277203,NA,NA,NA,0.919574750562452
LRRC1,18,0,0,0.764254657698533,NA,NA,NA,0.920431787146386
ETF1,13,0,0,0.764663042916813,NA,NA,NA,0.920442018905988
XPO7,9,0,0,0.764232340489314,NA,NA,NA,0.920475873374789
SPRY2,3,0,0,0.764663042916813,NA,NA,NA,0.920532853702644
NOTCH3,4,0,0,0.764232340489314,NA,NA,NA,0.920646182015527
HPS5,11,0,0,0.764663042916813,NA,NA,NA,0.920654589862416
FAM241A,11,0,0,0.764232340489314,NA,NA,NA,0.9207017186859
MUT,9,0,0,0.764663042916813,NA,NA,NA,0.920814351898252
SLC3A2,6,0,0,0.764232340489314,NA,NA,NA,0.920898773016354
TSR2,9,0,0,0.764232340489314,NA,NA,NA,0.920935959693872
GPR157,3,0,0,0.764232340489314,NA,NA,NA,0.920988856995306
REXO1,2,0,0,0.764663042916813,NA,NA,NA,0.92100151210879
ALKBH5,5,0,0,0.764944519936736,NA,NA,NA,0.921010643829117
NOC3L,13,0,0,0.764232340489314,NA,NA,NA,0.921029615071821
BDNF,7,0,0,0.764232340489314,NA,NA,NA,0.921031375913623
TMEM40,3,0,0,0.764232340489314,NA,NA,NA,0.921066543560251
MAP3K4,4,0,0,0.764663042916813,NA,NA,NA,0.921114048666567
RMND5A,9,0,0,0.765489272898453,NA,NA,NA,0.921409477298696
PTPA,6,0,0,0.765710138184068,NA,NA,NA,0.921475128204224
DPY19L3,9,0,0,0.765824344829962,NA,NA,NA,0.921517807177518
PNISR,9,0,0,0.765260189649708,NA,NA,NA,0.921521370221911
ITGB1,12,0,0,0.765489272898453,NA,NA,NA,0.921569693810286
CLK4,11,0,0,0.765467789927837,NA,NA,NA,0.921629705859798
DAZAP2,8,0,0,0.765260189649708,NA,NA,NA,0.921720467585871
ID1,4,0,0,0.766081104748429,NA,NA,NA,0.922264950372494
TPM3,11,0,0,0.766081104748429,NA,NA,NA,0.922306268549132
TRIM6,3,0,0,0.766619344106097,NA,NA,NA,0.922740156324941
MTRF1,7,0,0,0.766619344106097,NA,NA,NA,0.922772512281439
CYB5R2,2,0,0,0.766194245229024,NA,NA,NA,0.922801679157114
SOAT1,19,0,0,0.766619344106097,NA,NA,NA,0.922838186902652
LYRM7,17,0,0,0.766319588511647,NA,NA,NA,0.922877809821428
TRAPPC8,4,0,0,0.766299312775665,NA,NA,NA,0.922899893941068
UBE2G1,12,0,0,0.766619344106097,NA,NA,NA,0.923007890421411
PACS2,4,0,0,0.766619344106097,NA,NA,NA,0.923080103144923
PRPF38B,15,0,0,0.766619830225797,NA,NA,NA,0.923203492996318
SNX29,5,0,0,0.766619830225797,NA,NA,NA,0.923223570545602
ABHD17C,3,0,0,0.766619830225797,NA,NA,NA,0.923260048029389
MAFG,5,0,0,0.766619830225797,NA,NA,NA,0.923418039488988
MAP6D1,5,0,0,0.766619830225797,NA,NA,NA,0.923489113948818
ZNF3,9,0,0,0.766619830225797,NA,NA,NA,0.923535538409715
CAST,19,0,0,0.766956538733225,NA,NA,NA,0.923979159382241
CBX1,10,0,0,0.767171563965837,NA,NA,NA,0.924039106638039
USP34,8,0,0,0.767580076356614,NA,NA,NA,0.924598976694917
KDM7A,9,0,0,0.767718838184032,NA,NA,NA,0.924615958523259
ARPC5,9,0,0,0.767940029597974,NA,NA,NA,0.9246410373879
ABCE1,18,0,0,0.767613508734187,NA,NA,NA,0.924647688672643
CHN1,8,0,0,0.767940029597974,NA,NA,NA,0.92480902534983
NADK,2,0,0,0.768097658247002,NA,NA,NA,0.92501327372931
CNBP,17,0,0,0.76851323094391,NA,NA,NA,0.925433872937538
ITFG2,2,0,0,0.768300333719713,NA,NA,NA,0.925458876614004
FOXC1,6,0,0,0.768320516977742,NA,NA,NA,0.925474363068343
TNIP1,6,0,0,0.768531009541738,NA,NA,NA,0.925487761408732
CIB1,4,0,0,0.768320516977742,NA,NA,NA,0.92553375871788
PTK2B,2,0,0,0.76851323094391,NA,NA,NA,0.925574786802041
OVOL2,6,0,0,0.768300333719713,NA,NA,NA,0.925584567227412
ENO1,6,0,0,0.768320516977742,NA,NA,NA,0.925631711392947
SON,13,0,0,0.768373539162691,NA,NA,NA,0.925637247716329
RPL31,13,0,0,0.768320516977742,NA,NA,NA,0.925667678899002
UBE2R2,8,0,0,0.768483928523303,NA,NA,NA,0.925691394978251
PREPL,12,0,0,0.76851323094391,NA,NA,NA,0.925738226789755
SEMA4C,2,0,0,0.768934459622555,NA,NA,NA,0.925941630763639
FXR2,3,0,0,0.769111722886136,NA,NA,NA,0.926663290385168
C12orf75,5,0,0,0.769053092057401,NA,NA,NA,0.926671941415122
DHX34,7,0,0,0.769200571791137,NA,NA,NA,0.926767120515943
H2AFY,6,0,0,0.770336653742259,NA,NA,NA,0.927962344127756
POT1,10,0,0,0.77051748044457,NA,NA,NA,0.928046182797008
NDUFC1,3,0,0,0.770336653742259,NA,NA,NA,0.92813424738909
TATDN2,4,0,0,0.770137324880096,NA,NA,NA,0.928165686194856
PARP11,5,0,0,0.770137324880096,NA,NA,NA,0.928229236783727
SYTL2,2,0,0,0.770336653742259,NA,NA,NA,0.928235941669254
DCTPP1,6,0,0,0.770241045505387,NA,NA,NA,0.928284156183579
HFE,7,0,0,0.770137324880096,NA,NA,NA,0.928313052845803
ARSA,8,0,0,0.770137324880096,NA,NA,NA,0.9283203983118
H6PD,7,0,0,0.770336653742259,NA,NA,NA,0.928323463861541
ECE1,4,0,0,0.770811824539803,NA,NA,NA,0.92842932967315
CENPS,4,0,0,0.770965718250152,NA,NA,NA,0.928436049233853
HLCS,13,0,0,0.771092099334001,NA,NA,NA,0.928476813867981
NSMCE4A,3,0,0,0.771016841330048,NA,NA,NA,0.92851590002123
SYNE3,8,0,0,0.770965718250152,NA,NA,NA,0.928607802201201
FHOD3,2,0,0,0.770965718250152,NA,NA,NA,0.928735009102976
MIEN1,4,0,0,0.77121035275761,NA,NA,NA,0.928742495707667
UBE2E3,4,0,0,0.77141612934198,NA,NA,NA,0.928883633220005
ZNF614,6,0,0,0.77121035275761,NA,NA,NA,0.928898020003226
ARL16,8,0,0,0.771133625625498,NA,NA,NA,0.92891894595715
DHX37,5,0,0,0.771133625625498,NA,NA,NA,0.929000166789842
IRAK1BP1,16,0,0,0.771133625625498,NA,NA,NA,0.929010988883389
MOB1A,13,0,0,0.77141612934198,NA,NA,NA,0.929061397613952
TMEM41A,7,0,0,0.771407995688128,NA,NA,NA,0.929077932176451
ACVR1C,3,0,0,0.771407995688128,NA,NA,NA,0.929102335319681
NUB1,7,0,0,0.771407995688128,NA,NA,NA,0.929110895759153
FUOM,6,0,0,0.771516030540914,NA,NA,NA,0.929138254369293
SLC37A1,3,0,0,0.771407995688128,NA,NA,NA,0.929144158264943
RNF121,6,0,0,0.771516030540914,NA,NA,NA,0.929275998535965
FDFT1,20,0,0,0.771516030540914,NA,NA,NA,0.929302060355154
TMEM181,10,0,0,0.771407995688128,NA,NA,NA,0.929306161072499
FBXO21,17,0,0,0.771407995688128,NA,NA,NA,0.929364060071868
RPS23,13,0,0,0.771516030540914,NA,NA,NA,0.929440757052119
C11orf1,2,0,0,0.771521243234689,NA,NA,NA,0.92949306521787
RBM4,3,0,0,0.771407995688128,NA,NA,NA,0.929493476943061
HNRNPA3,9,0,0,0.771407995688128,NA,NA,NA,0.929506534290239
DKK1,17,0,0,0.771516030540914,NA,NA,NA,0.92957297439073
MED29,7,0,0,0.771407995688128,NA,NA,NA,0.929603720575381
ZBTB7C,2,0,0,0.771521243234689,NA,NA,NA,0.929622717922182
INVS,14,0,0,0.771407995688128,NA,NA,NA,0.929670918065527
LRRC17,4,0,0,0.771516030540914,NA,NA,NA,0.929709718915941
CA2,4,0,0,0.771919481674875,NA,NA,NA,0.930166699592717
PXN,6,0,0,0.77219232637679,NA,NA,NA,0.930936093519682
MR1,8,0,0,0.77219232637679,NA,NA,NA,0.931027561205315
C22orf39,6,0,0,0.77219232637679,NA,NA,NA,0.931051254370228
RIPK4,2,0,0,0.77219232637679,NA,NA,NA,0.931059280997537
XBP1,11,0,0,0.77219232637679,NA,NA,NA,0.931139378376291
SNAPC1,10,0,0,0.77219232637679,NA,NA,NA,0.931155547240863
FAM49B,7,0,0,0.77219232637679,NA,NA,NA,0.931236233516642
ALKBH6,2,0,0,0.77219232637679,NA,NA,NA,0.931246204847585
QDPR,16,0,0,0.77219232637679,NA,NA,NA,0.93134212810626
ARID4A,8,0,0,0.77219232637679,NA,NA,NA,0.931491205963646
VAMP8,4,0,0,0.772598965330899,NA,NA,NA,0.93158934725702
PEX12,3,0,0,0.77219232637679,NA,NA,NA,0.931625661882066
HSBP1,16,0,0,0.772592353129198,NA,NA,NA,0.931663554495123
PTGS1,3,0,0,0.77219232637679,NA,NA,NA,0.931677185134372
NUP160,7,0,0,0.772422618524972,NA,NA,NA,0.931688133148152
IQGAP1,9,0,0,0.77219232637679,NA,NA,NA,0.931699856234668
UAP1,10,0,0,0.77219232637679,NA,NA,NA,0.931716340088211
FAM110C,4,0,0,0.772592353129198,NA,NA,NA,0.931755504617792
IFFO2,4,0,0,0.772422618524972,NA,NA,NA,0.931759858938049
TBC1D30,6,0,0,0.77219232637679,NA,NA,NA,0.931815024703629
C15orf65,2,0,0,0.772422618524972,NA,NA,NA,0.931876036734235
SMUG1,10,0,0,0.772422618524972,NA,NA,NA,0.931880956354331
EPN2,9,0,0,0.772592353129198,NA,NA,NA,0.931914799742497
FBXO4,3,0,0,0.772422618524972,NA,NA,NA,0.931939288694394
SRSF11,8,0,0,0.772422618524972,NA,NA,NA,0.932060661973917
IFIT5,16,0,0,0.772422618524972,NA,NA,NA,0.932061952630214
CC2D1B,10,0,0,0.772422618524972,NA,NA,NA,0.932082792596303
EPCAM,4,0,0,0.772422618524972,NA,NA,NA,0.932122629208281
SMARCE1,9,0,0,0.773384033341886,NA,NA,NA,0.932148790484533
WDR3,10,0,0,0.772422618524972,NA,NA,NA,0.932150988452375
UGP2,5,0,0,0.772422618524972,NA,NA,NA,0.932195511341827
NAA25,17,0,0,0.773301411048439,NA,NA,NA,0.932200974735726
DBF4,5,0,0,0.772422618524972,NA,NA,NA,0.932229091745594
RETREG2,10,0,0,0.772422618524972,NA,NA,NA,0.932260293049336
SRPRA,9,0,0,0.772422618524972,NA,NA,NA,0.932282143572335
TMEM183A,7,0,0,0.772422618524972,NA,NA,NA,0.932297037024785
PTPN21,3,0,0,0.773864901712298,NA,NA,NA,0.932809824555871
KDM5A,15,0,0,0.773916981893897,NA,NA,NA,0.93302242169082
PYGO1,5,0,0,0.773916981893897,NA,NA,NA,0.93306051771435
MOB3A,7,0,0,0.773902249088698,NA,NA,NA,0.933089575063519
ACER3,22,0,0,0.773916981893897,NA,NA,NA,0.933114154440877
FAM103A1,3,0,0,0.773902249088698,NA,NA,NA,0.933273814200995
MBTPS2,12,0,0,0.774063693104295,NA,NA,NA,0.93327714079364
PDE3B,16,0,0,0.773882206239725,NA,NA,NA,0.933313880631855
RCC2,6,0,0,0.774063693104295,NA,NA,NA,0.933319143207918
PSMC2,6,0,0,0.774063693104295,NA,NA,NA,0.933854165189331
GGA2,16,0,0,0.774063693104295,NA,NA,NA,0.933954628872107
MIER3,10,0,0,0.774063693104295,NA,NA,NA,0.93408687955983
SDC3,7,0,0,0.774063693104295,NA,NA,NA,0.934242997056082
SLFN13,4,0,0,0.774063693104295,NA,NA,NA,0.934263656356907
ALDH16A1,4,0,0,0.774063693104295,NA,NA,NA,0.934312989076813
GBP1,2,0,0,0.774063693104295,NA,NA,NA,0.934472369312987
STK17B,11,0,0,0.774063693104295,NA,NA,NA,0.934606920419268
RCN2,8,0,0,0.774063693104295,NA,NA,NA,0.934625283945626
SLC25A42,2,0,0,0.774063693104295,NA,NA,NA,0.934730651908621
CC2D2A,4,0,0,0.774063693104295,NA,NA,NA,0.93486973596869
TMEM37,4,0,0,0.77430129424788,NA,NA,NA,0.935051433054084
ARL4D,5,0,0,0.774697764564301,NA,NA,NA,0.935594986577987
SNAP47,13,0,0,0.774683486719412,NA,NA,NA,0.935704079818763
APP,18,0,0,0.774609158796376,NA,NA,NA,0.935747264631923
TBC1D25,6,0,0,0.775638290905399,NA,NA,NA,0.936549091620443
NPDC1,3,0,0,0.776275961026471,NA,NA,NA,0.937405460241199
FAM133B,8,0,0,0.776619057776589,NA,NA,NA,0.937565624246941
EGLN3,7,0,0,0.776916303715899,NA,NA,NA,0.937748413083868
TSPAN1,4,0,0,0.776815912558143,NA,NA,NA,0.937832845690847
CHN2,7,0,0,0.776916303715899,NA,NA,NA,0.937894049203354
EFR3A,8,0,0,0.777257948150531,NA,NA,NA,0.937961182627471
SNRPE,7,0,0,0.777257948150531,NA,NA,NA,0.937965649656571
CRYZ,7,0,0,0.777257948150531,NA,NA,NA,0.937994036302228
HIST1H2BK,8,0,0,0.777257948150531,NA,NA,NA,0.938064919448863
PPM1F,9,0,0,0.777257948150531,NA,NA,NA,0.938069297896611
ABHD2,8,0,0,0.77788835239226,NA,NA,NA,0.93807105335237
GTPBP8,15,0,0,0.777257948150531,NA,NA,NA,0.938139024089824
ZNF7,3,0,0,0.77788835239226,NA,NA,NA,0.938156701332939
RNF138,10,0,0,0.777278361378982,NA,NA,NA,0.938162293257824
RNF103-CHMP3,11,0,0,0.777257948150531,NA,NA,NA,0.938190246222889
UQCRHL,2,0,0,0.777257948150531,NA,NA,NA,0.938197031235516
LOC101928841,2,0,0,0.777290962173117,NA,NA,NA,0.938202119444874
DDIT4,10,0,0,0.77788835239226,NA,NA,NA,0.938242746713431
TTLL1,2,0,0,0.779736466960841,NA,NA,NA,0.938259385130168
SOCS4,13,0,0,0.7802136442201,NA,NA,NA,0.938359860122158
PLOD1,8,0,0,0.77788835239226,NA,NA,NA,0.938370352509603
SLC7A2,11,0,0,0.779736466960841,NA,NA,NA,0.938380461797677
MAP2,4,0,0,0.779736466960841,NA,NA,NA,0.938443025028672
PNO1,18,0,0,0.77788835239226,NA,NA,NA,0.938482152603514
S100A13,3,0,0,0.77768047992631,NA,NA,NA,0.938484921541353
POLR3K,12,0,0,0.7775776677471,NA,NA,NA,0.938495466005337
RPL22,10,0,0,0.779736466960841,NA,NA,NA,0.938498296356603
LSM5,15,0,0,0.778589997939713,NA,NA,NA,0.938501893980766
ZNF441,5,0,0,0.7802136442201,NA,NA,NA,0.93850683009951
RABIF,19,0,0,0.780146916491401,NA,NA,NA,0.938546799377993
FPGS,5,0,0,0.779736466960841,NA,NA,NA,0.938556638623963
SPG11,4,0,0,0.778481296447083,NA,NA,NA,0.938577844831795
DUS1L,2,0,0,0.777547221505221,NA,NA,NA,0.938591752831072
TLN2,8,0,0,0.779736466960841,NA,NA,NA,0.938636272195919
MTCH1,2,0,0,0.779679235736801,NA,NA,NA,0.938648797262049
RAD54L2,6,0,0,0.77788835239226,NA,NA,NA,0.938658579291643
ZNF236,7,0,0,0.778589997939713,NA,NA,NA,0.938667858812654
MSH3,8,0,0,0.779650619054695,NA,NA,NA,0.938707492067733
ARAF,2,0,0,0.778481296447083,NA,NA,NA,0.938716513491577
CXCL8,5,0,0,0.779619040012094,NA,NA,NA,0.938727888538022
HMGB3,9,0,0,0.77788835239226,NA,NA,NA,0.938815360840602
TMEM214,10,0,0,0.779736466960841,NA,NA,NA,0.938820330715451
ZNF700,4,0,0,0.779619040012094,NA,NA,NA,0.938877920696633
B3GLCT,5,0,0,0.77788835239226,NA,NA,NA,0.938912780198554
RASAL2,11,0,0,0.779619040012094,NA,NA,NA,0.938982002575709
NR1H3,3,0,0,0.779619040012094,NA,NA,NA,0.939016367057088
SLU7,3,0,0,0.779619040012094,NA,NA,NA,0.939205929270025
TMEM158,3,0,0,0.779373597731546,NA,NA,NA,0.939299772143892
PTPN3,7,0,0,0.779346992282725,NA,NA,NA,0.939324285652865
HNRNPH1,6,0,0,0.779619040012094,NA,NA,NA,0.939383062555946
MAGEF1,11,0,0,0.779619040012094,NA,NA,NA,0.939457128324038
SAP18,14,0,0,0.779346992282725,NA,NA,NA,0.939476909552271
SYBU,3,0,0,0.781839504693794,NA,NA,NA,0.940393026797874
CORO2A,6,0,0,0.781757414377489,NA,NA,NA,0.940491222548104
HEXIM1,15,0,0,0.781839504693794,NA,NA,NA,0.940543725877913
UBXN4,8,0,0,0.781839504693794,NA,NA,NA,0.940599727596827
TXNDC9,15,0,0,0.781855601532336,NA,NA,NA,0.940627329927493
ELF3,7,0,0,0.781973874712098,NA,NA,NA,0.94073773108804
SH2D4A,11,0,0,0.781973874712098,NA,NA,NA,0.940762405887584
TWF1,6,0,0,0.781951116448453,NA,NA,NA,0.940829001176119
ZNF644,11,0,0,0.781973874712098,NA,NA,NA,0.940834778312705
CNOT9,4,0,0,0.781973874712098,NA,NA,NA,0.94090277327701
HOOK2,3,0,0,0.781973874712098,NA,NA,NA,0.940984126263696
TIMM10,6,0,0,0.781973874712098,NA,NA,NA,0.94102078067038
IL31RA,2,0,0,0.781973874712098,NA,NA,NA,0.941023993596685
TADA2B,7,0,0,0.781973874712098,NA,NA,NA,0.941041106801238
DCAF8,6,0,0,0.781973874712098,NA,NA,NA,0.941121261718457
EXOC2,5,0,0,0.781973874712098,NA,NA,NA,0.941124789193286
ZNF34,7,0,0,0.781973874712098,NA,NA,NA,0.941164152268842
POLR3H,12,0,0,0.781973874712098,NA,NA,NA,0.941168758733502
SPTLC1,12,0,0,0.781973874712098,NA,NA,NA,0.941210141994143
TXNDC12,5,0,0,0.781973874712098,NA,NA,NA,0.941266844549423
ERI1,2,0,0,0.781973874712098,NA,NA,NA,0.941275595736951
STC1,7,0,0,0.781973874712098,NA,NA,NA,0.94130883543552
FAM13B,11,0,0,0.782938658653496,NA,NA,NA,0.941390892380863
PRDX6,9,0,0,0.782439801712275,NA,NA,NA,0.94139255235298
TACC3,2,0,0,0.781973874712098,NA,NA,NA,0.941392939152171
CNPPD1,3,0,0,0.782782441690511,NA,NA,NA,0.941516498641586
NADK2,13,0,0,0.781973874712098,NA,NA,NA,0.941555037831711
THTPA,5,0,0,0.782938658653496,NA,NA,NA,0.941567756386726
CSNK1G3,13,0,0,0.782782441690511,NA,NA,NA,0.941611826221603
CAMKK2,8,0,0,0.782782441690511,NA,NA,NA,0.941629740063015
SHPRH,2,0,0,0.781973874712098,NA,NA,NA,0.941632156239842
GPR108,2,0,0,0.782938658653496,NA,NA,NA,0.9417165861401
CXorf56,4,0,0,0.783050135794536,NA,NA,NA,0.941778944376766
FAM208B,9,0,0,0.782782441690511,NA,NA,NA,0.94179439925024
PKIA,12,0,0,0.783050135794536,NA,NA,NA,0.941838068947909
PXK,5,0,0,0.783214106142468,NA,NA,NA,0.941890020867847
IMP3,6,0,0,0.783050135794536,NA,NA,NA,0.941929311767173
VEZT,12,0,0,0.783757689702784,NA,NA,NA,0.941969517103169
RAB11FIP2,9,0,0,0.783757689702784,NA,NA,NA,0.941970897366117
KCTD1,5,0,0,0.783359820556655,NA,NA,NA,0.941985145754614
NAP1L5,3,0,0,0.783214106142468,NA,NA,NA,0.942020066311424
BTBD11,3,0,0,0.783730804154002,NA,NA,NA,0.942068249503335
TMCC1,4,0,0,0.783214106142468,NA,NA,NA,0.942152179923043
RANBP17,4,0,0,0.783730804154002,NA,NA,NA,0.942202639933565
NOCT,5,0,0,0.783730804154002,NA,NA,NA,0.942300975487946
TNKS1BP1,3,0,0,0.784293650907634,NA,NA,NA,0.942451922919887
NCOA1,10,0,0,0.785191090837378,NA,NA,NA,0.943031129293198
MED30,4,0,0,0.785066075036739,NA,NA,NA,0.943099301540456
PEG10,3,0,0,0.785320738745579,NA,NA,NA,0.943100874972847
ANKH,9,0,0,0.785191090837378,NA,NA,NA,0.943130696803614
SLCO1B3,8,0,0,0.785320738745579,NA,NA,NA,0.943261881391228
ACTN4,9,0,0,0.786167119005882,NA,NA,NA,0.943384468827763
PWP2,3,0,0,0.786097599084117,NA,NA,NA,0.943449478163596
RFWD2,3,0,0,0.78594499436592,NA,NA,NA,0.943470837428333
POLH,12,0,0,0.785837580805095,NA,NA,NA,0.94350542505391
EPPK1,12,0,0,0.786097599084117,NA,NA,NA,0.943563493408461
SPINT1,6,0,0,0.786097599084117,NA,NA,NA,0.943600220239202
MPPE1,10,0,0,0.785837580805095,NA,NA,NA,0.943603238861957
PPID,4,0,0,0.786487831216051,NA,NA,NA,0.943770734840191
ZNF274,5,0,0,0.786510399767652,NA,NA,NA,0.943799271040815
ZHX1,9,0,0,0.786510399767652,NA,NA,NA,0.943959980777716
CDK2AP1,11,0,0,0.786510399767652,NA,NA,NA,0.944025016557265
ANXA1,5,0,0,0.786510399767652,NA,NA,NA,0.944035805877969
MACF1,9,0,0,0.786510399767652,NA,NA,NA,0.944146296344763
FGFR2,7,0,0,0.786510399767652,NA,NA,NA,0.944228170967134
RTKN2,9,0,0,0.787150667917321,NA,NA,NA,0.944539732371964
DSCR3,7,0,0,0.787377663921514,NA,NA,NA,0.944600448962852
C11orf54,8,0,0,0.787307896486851,NA,NA,NA,0.944641461979575
ARSB,6,0,0,0.787150667917321,NA,NA,NA,0.944703271623906
RRS1,6,0,0,0.787377663921514,NA,NA,NA,0.944744617269556
MSANTD3,6,0,0,0.787307896486851,NA,NA,NA,0.944757858987213
ZNF592,9,0,0,0.787881830166737,NA,NA,NA,0.944810231761718
DNAJC19,10,0,0,0.78779099543255,NA,NA,NA,0.944858436262127
ARF5,4,0,0,0.788166658864097,NA,NA,NA,0.944899279766854
SUV39H2,14,0,0,0.788138033171137,NA,NA,NA,0.944966742787026
ARHGEF18,6,0,0,0.788166658864097,NA,NA,NA,0.94496761731113
ODC1,5,0,0,0.78779099543255,NA,NA,NA,0.94499533898201
UHRF1BP1L,14,0,0,0.78779099543255,NA,NA,NA,0.945121747977808
PAK1,5,0,0,0.78873863858045,NA,NA,NA,0.945155386755376
FAM217B,9,0,0,0.788348759727672,NA,NA,NA,0.94519529354789
HAS2,4,0,0,0.788348759727672,NA,NA,NA,0.945261930457742
ADPGK,10,0,0,0.78861592055967,NA,NA,NA,0.94527399080064
ATXN1L,3,0,0,0.78873863858045,NA,NA,NA,0.945291305926898
SRSF7,8,0,0,0.788846024098334,NA,NA,NA,0.945311703704312
STIMATE,6,0,0,0.788558572248311,NA,NA,NA,0.945349070248648
MYD88,2,0,0,0.789618317399316,NA,NA,NA,0.945711255591853
SND1,12,0,0,0.789479306642093,NA,NA,NA,0.945723018818016
PCGF6,3,0,0,0.789618317399316,NA,NA,NA,0.945742349073787
SYT12,3,0,0,0.789618317399316,NA,NA,NA,0.945755838612738
C4orf46,7,0,0,0.789618317399316,NA,NA,NA,0.945762133066741
PRUNE1,2,0,0,0.789618317399316,NA,NA,NA,0.945762544750301
ZNF565,4,0,0,0.789618317399316,NA,NA,NA,0.945780087184227
PFKFB4,4,0,0,0.789620785186893,NA,NA,NA,0.945796954457438
ACAD11,4,0,0,0.789618317399316,NA,NA,NA,0.945810838955763
SH3BGRL,4,0,0,0.789618317399316,NA,NA,NA,0.945819178712188
RWDD3,2,0,0,0.789479306642093,NA,NA,NA,0.9458263512539
LRRC41,4,0,0,0.789620785186893,NA,NA,NA,0.945832441669879
OSBPL6,6,0,0,0.789618317399316,NA,NA,NA,0.945839170501431
PSMD4,3,0,0,0.789618317399316,NA,NA,NA,0.945892847862339
GRK6,6,0,0,0.789618317399316,NA,NA,NA,0.945933431852273
QKI,30,0,0,0.789479306642093,NA,NA,NA,0.945943289901802
ZNF394,9,0,0,0.789479306642093,NA,NA,NA,0.945943508695605
CLCA2,6,0,0,0.789618317399316,NA,NA,NA,0.94596696904414
MECOM,3,0,0,0.789479306642093,NA,NA,NA,0.945983780940169
FAM53A,3,0,0,0.789479306642093,NA,NA,NA,0.946072592856492
PHYKPL,11,0,0,0.790172850938064,NA,NA,NA,0.94676668784933
XRN1,8,0,0,0.790172850938064,NA,NA,NA,0.946895498776148
C20orf27,2,0,0,0.790287090347328,NA,NA,NA,0.94691044638865
CTDSPL,11,0,0,0.791224106333667,NA,NA,NA,0.947827863747035
ERBB2,7,0,0,0.791266676579851,NA,NA,NA,0.947891031634867
VAMP1,4,0,0,0.791266676579851,NA,NA,NA,0.947967699657232
CYB5R1,8,0,0,0.791224106333667,NA,NA,NA,0.948011575214121
AMMECR1L,7,0,0,0.791266676579851,NA,NA,NA,0.948020695709156
CDV3,5,0,0,0.791266676579851,NA,NA,NA,0.948086839077797
MPP3,5,0,0,0.791266676579851,NA,NA,NA,0.948106503133479
MRPL20,3,0,0,0.791591626750828,NA,NA,NA,0.948153247619428
CEP170B,2,0,0,0.791591626750828,NA,NA,NA,0.948308691060175
AFDN,6,0,0,0.791734078488634,NA,NA,NA,0.948461646461239
TAX1BP3,10,0,0,0.79166956664482,NA,NA,NA,0.948541836683795
HIBCH,8,0,0,0.791692829441777,NA,NA,NA,0.948550058519902
BSDC1,6,0,0,0.791892480131846,NA,NA,NA,0.948752334016042
ST6GALNAC6,3,0,0,0.791892480131846,NA,NA,NA,0.948844764197521
IL20RB,3,0,0,0.792218249007533,NA,NA,NA,0.948941574140357
RPS5,2,0,0,0.792040858138464,NA,NA,NA,0.949001921971842
SYN1,4,0,0,0.792208433144639,NA,NA,NA,0.949013689864597
AGO1,17,0,0,0.791892480131846,NA,NA,NA,0.949036955000969
TRIM38,13,0,0,0.792218249007533,NA,NA,NA,0.949076597249911
RASGEF1B,4,0,0,0.792218249007533,NA,NA,NA,0.949259212193089
IFT46,5,0,0,0.792411371885963,NA,NA,NA,0.949823589617332
BTN3A1,2,0,0,0.792601699150158,NA,NA,NA,0.949853171990168
YIPF3,8,0,0,0.792701966110384,NA,NA,NA,0.949952847293326
ZNF250,9,0,0,0.792848311997227,NA,NA,NA,0.950088971349576
MRVI1,2,0,0,0.792870368788005,NA,NA,NA,0.950267879844091
SLC33A1,6,0,0,0.793359426811497,NA,NA,NA,0.95094642475195
PDK3,6,0,0,0.793359426811497,NA,NA,NA,0.951038297980379
MLEC,9,0,0,0.793211177144791,NA,NA,NA,0.951109744272865
PCSK1,6,0,0,0.793340342028581,NA,NA,NA,0.951123369783975
API5,7,0,0,0.793226672689599,NA,NA,NA,0.95115491920661
WDR78,2,0,0,0.793359426811497,NA,NA,NA,0.951184998443892
SAFB,2,0,0,0.79355672957746,NA,NA,NA,0.951191415280133
CENPS-CORT,5,0,0,0.793359426811497,NA,NA,NA,0.951234457265573
RAB5A,9,0,0,0.793986574327813,NA,NA,NA,0.951236499085613
ZSCAN20,6,0,0,0.793359426811497,NA,NA,NA,0.951252440741465
UNK,4,0,0,0.79395114185675,NA,NA,NA,0.951255983716476
GEMIN4,12,0,0,0.793359426811497,NA,NA,NA,0.95133309444062
PPP4R2,7,0,0,0.793359426811497,NA,NA,NA,0.951363673434519
ACBD4,2,0,0,0.79395114185675,NA,NA,NA,0.951422404590665
CPEB4,12,0,0,0.793986574327813,NA,NA,NA,0.95145698005978
GPCPD1,6,0,0,0.79395114185675,NA,NA,NA,0.95154127942739
NUP155,18,0,0,0.793986574327813,NA,NA,NA,0.951615397508405
GEN1,13,0,0,0.793986574327813,NA,NA,NA,0.951642046256826
PSME1,3,0,0,0.794388328847374,NA,NA,NA,0.952141330484173
RNF149,6,0,0,0.794759711315243,NA,NA,NA,0.952499299030014
TMEM98,5,0,0,0.794938644823531,NA,NA,NA,0.952518931095162
SHARPIN,6,0,0,0.7952384496744,NA,NA,NA,0.952774089947593
NAPG,11,0,0,0.795659668637959,NA,NA,NA,0.953001471306619
MKKS,5,0,0,0.795659668637959,NA,NA,NA,0.953133609025331
C12orf45,6,0,0,0.795659668637959,NA,NA,NA,0.953153112918628
CAMK1D,9,0,0,0.795659668637959,NA,NA,NA,0.953213292052829
ZNF736,11,0,0,0.795659668637959,NA,NA,NA,0.953271793266843
TSC1,7,0,0,0.795659668637959,NA,NA,NA,0.953323005832249
CANT1,8,0,0,0.795659668637959,NA,NA,NA,0.953391381516254
HIST1H2BD,6,0,0,0.795659668637959,NA,NA,NA,0.953480336906269
CLPP,7,0,0,0.796202614471745,NA,NA,NA,0.95411001091983
NCK2,5,0,0,0.796343409939593,NA,NA,NA,0.954244943407797
IRX5,6,0,0,0.796458479245679,NA,NA,NA,0.954262441274132
COTL1,3,0,0,0.796619270504559,NA,NA,NA,0.954419549027147
RNF166,4,0,0,0.796619270504559,NA,NA,NA,0.954423923354148
ANKAR,4,0,0,0.796458479245679,NA,NA,NA,0.954429729233607
NEIL3,18,0,0,0.796643848807061,NA,NA,NA,0.954443380922272
UBE2S,9,0,0,0.796643848807061,NA,NA,NA,0.954479766611306
SLC18B1,3,0,0,0.796643848807061,NA,NA,NA,0.954525943421867
AK3,9,0,0,0.796619270504559,NA,NA,NA,0.95456660781208
GDF15,2,0,0,0.796619270504559,NA,NA,NA,0.954584780864984
ZPR1,11,0,0,0.79688816364317,NA,NA,NA,0.954707686144037
CENPC,11,0,0,0.797159207103906,NA,NA,NA,0.954711015242086
VAPB,12,0,0,0.797990080285605,NA,NA,NA,0.954785750339819
RGS14,2,0,0,0.79698103081635,NA,NA,NA,0.954812520737397
C11orf45,4,0,0,0.797956719547698,NA,NA,NA,0.954854913025373
DHFR,2,0,0,0.797159207103906,NA,NA,NA,0.954900767795382
DDHD1,16,0,0,0.797159207103906,NA,NA,NA,0.954966601981485
SCAPER,3,0,0,0.797296319606639,NA,NA,NA,0.954974383411477
NR2F6,3,0,0,0.797956719547698,NA,NA,NA,0.954975447746579
CDC42SE2,8,0,0,0.798256384046096,NA,NA,NA,0.95504922805766
SLC9A6,6,0,0,0.797956719547698,NA,NA,NA,0.955112783770001
DUSP12,2,0,0,0.797405762277379,NA,NA,NA,0.955120309244171
NKPD1,7,0,0,0.798423575107393,NA,NA,NA,0.955158684711669
WARS,12,0,0,0.797488754866403,NA,NA,NA,0.955179585642337
ITPR2,13,0,0,0.797956719547698,NA,NA,NA,0.955259054375893
SIX5,3,0,0,0.797956719547698,NA,NA,NA,0.955325148788974
E2F2,2,0,0,0.797956719547698,NA,NA,NA,0.955409997311621
TAF7,2,0,0,0.797956719547698,NA,NA,NA,0.955579836463036
FRK,8,0,0,0.798783903087816,NA,NA,NA,0.955664667055307
CMIP,6,0,0,0.801135722135656,NA,NA,NA,0.955715498656485
KCTD12,13,0,0,0.80098593549317,NA,NA,NA,0.955773530511866
APBA3,6,0,0,0.800354657279649,NA,NA,NA,0.955799149893447
LRRC14,7,0,0,0.799113648431488,NA,NA,NA,0.955801179743545
TMUB2,2,0,0,0.80098593549317,NA,NA,NA,0.955841948727696
FAM171A1,4,0,0,0.80026270423227,NA,NA,NA,0.955848938503371
MLLT3,15,0,0,0.80098593549317,NA,NA,NA,0.955872098973454
ODF2,6,0,0,0.801135722135656,NA,NA,NA,0.955878212908366
RAB36,5,0,0,0.80098593549317,NA,NA,NA,0.955892623803315
DOCK9,7,0,0,0.800772215557393,NA,NA,NA,0.955911730778561
ACVR2B,7,0,0,0.800847903349827,NA,NA,NA,0.955917452583791
REEP4,3,0,0,0.800772215557393,NA,NA,NA,0.95592000676803
PLXNA1,4,0,0,0.80026270423227,NA,NA,NA,0.955948951286409
STX4,4,0,0,0.80098593549317,NA,NA,NA,0.95595440022365
TRUB2,13,0,0,0.80026270423227,NA,NA,NA,0.956038437049487
SLFN12,13,0,0,0.80098593549317,NA,NA,NA,0.956084304236601
TSPAN31,7,0,0,0.800772215557393,NA,NA,NA,0.95608453817155
NOP56,2,0,0,0.801511850395673,NA,NA,NA,0.956128543440537
ARL14EP,9,0,0,0.80026270423227,NA,NA,NA,0.956137265127586
DDX46,14,0,0,0.80026270423227,NA,NA,NA,0.956204980843386
NEK6,14,0,0,0.800772215557393,NA,NA,NA,0.956230636374413
ORC2,13,0,0,0.80026270423227,NA,NA,NA,0.956369257158607
CARF,10,0,0,0.80026270423227,NA,NA,NA,0.956371610234035
ZCCHC14,9,0,0,0.799739549983955,NA,NA,NA,0.956401223610151
TRPM7,9,0,0,0.80026270423227,NA,NA,NA,0.956513739666809
CBX6,8,0,0,0.801653867419552,NA,NA,NA,0.956555239145647
ASXL1,9,0,0,0.80026270423227,NA,NA,NA,0.956633250072706
AKR1C1,3,0,0,0.800070331441878,NA,NA,NA,0.956726551014476
ARPC4-TTLL3,2,0,0,0.80026270423227,NA,NA,NA,0.956741278143948
TDG,13,0,0,0.799991274028962,NA,NA,NA,0.956743518258066
MCM10,11,0,0,0.801981307932167,NA,NA,NA,0.956756171451846
ELMOD2,7,0,0,0.802078184025655,NA,NA,NA,0.956845765754319
WWP2,3,0,0,0.80026270423227,NA,NA,NA,0.956861607473862
PLEKHH1,4,0,0,0.799991274028962,NA,NA,NA,0.956881838635667
PPARGC1A,7,0,0,0.80026270423227,NA,NA,NA,0.956884088790172
SUN2,6,0,0,0.80026270423227,NA,NA,NA,0.956903301118342
ABCC3,4,0,0,0.80026270423227,NA,NA,NA,0.956947778911867
SPRYD4,11,0,0,0.80026270423227,NA,NA,NA,0.957020064902044
HIST1H2AC,7,0,0,0.802449144969353,NA,NA,NA,0.957026652401478
PNPLA4,5,0,0,0.80026270423227,NA,NA,NA,0.957064693768372
GLYCTK,3,0,0,0.80026270423227,NA,NA,NA,0.957165659592745
GLT8D1,4,0,0,0.802449144969353,NA,NA,NA,0.957177172703182
PATL1,6,0,0,0.80026270423227,NA,NA,NA,0.957189984404742
ZDHHC7,3,0,0,0.80026270423227,NA,NA,NA,0.957252516838533
PSMF1,16,0,0,0.80026270423227,NA,NA,NA,0.957253739790038
KMT2C,12,0,0,0.80026270423227,NA,NA,NA,0.95728677943121
ACOT7,3,0,0,0.80026270423227,NA,NA,NA,0.957359128262243
KDM3A,4,0,0,0.802757397821436,NA,NA,NA,0.95741571628355
TBC1D4,9,0,0,0.80026270423227,NA,NA,NA,0.957437554285384
COMMD5,7,0,0,0.80026270423227,NA,NA,NA,0.957475299163764
NOL7,3,0,0,0.803027044782015,NA,NA,NA,0.957630245481683
DGCR8,6,0,0,0.80026270423227,NA,NA,NA,0.957642355437452
RAB3D,13,0,0,0.802772627080245,NA,NA,NA,0.957658824277267
BATF3,2,0,0,0.803027044782015,NA,NA,NA,0.957694244459146
KIAA2026,10,0,0,0.803027044782015,NA,NA,NA,0.957722647957131
HIST1H2BJ,7,0,0,0.803027044782015,NA,NA,NA,0.957727033246832
SRPK1,11,0,0,0.803027044782015,NA,NA,NA,0.957735806370018
DUSP28,3,0,0,0.802772627080245,NA,NA,NA,0.957806043744647
C2orf76,2,0,0,0.803027044782015,NA,NA,NA,0.957860271089121
GNL2,5,0,0,0.803432208780426,NA,NA,NA,0.958198535656603
TSR1,22,0,0,0.803762951707104,NA,NA,NA,0.95829226467039
IFITM1,2,0,0,0.803740976916548,NA,NA,NA,0.958316157373936
EIF4A3,7,0,0,0.803954396175955,NA,NA,NA,0.958542290761707
EFNA5,6,0,0,0.804427213034337,NA,NA,NA,0.959170515623073
ACOT8,3,0,0,0.804694540723133,NA,NA,NA,0.959180969697161
CD151,9,0,0,0.804427213034337,NA,NA,NA,0.95918838299578
KCNMB4,3,0,0,0.804605230420351,NA,NA,NA,0.959253929793773
COPZ1,3,0,0,0.804694540723133,NA,NA,NA,0.959323101917659
KIAA1456,6,0,0,0.804861674024282,NA,NA,NA,0.95936945686933
HERPUD2,5,0,0,0.804920924560168,NA,NA,NA,0.959443888338461
TP63,2,0,0,0.804694540723133,NA,NA,NA,0.959480358914468
DYRK3,14,0,0,0.805125654828245,NA,NA,NA,0.960101750179339
CRYZL1,9,0,0,0.805125654828245,NA,NA,NA,0.960138525882574
PITPNM1,2,0,0,0.805456805179271,NA,NA,NA,0.960513401153222
CBL,6,0,0,0.805735739778692,NA,NA,NA,0.960549097532231
DGKQ,5,0,0,0.805456805179271,NA,NA,NA,0.960610372188066
CSF3,2,0,0,0.805735739778692,NA,NA,NA,0.960687733414679
NUDT18,3,0,0,0.805735739778692,NA,NA,NA,0.960692920708128
GANC,7,0,0,0.805526159496255,NA,NA,NA,0.960703580163504
NIPSNAP3A,8,0,0,0.805735739778692,NA,NA,NA,0.960737239446343
PJVK,2,0,0,0.805735739778692,NA,NA,NA,0.960747402565914
CLCN7,2,0,0,0.805735739778692,NA,NA,NA,0.960800882593123
PUS7,6,0,0,0.805735739778692,NA,NA,NA,0.960811680054868
SYT11,4,0,0,0.805735739778692,NA,NA,NA,0.960835890568621
GFPT2,2,0,0,0.805735739778692,NA,NA,NA,0.960842165962131
NEXN,7,0,0,0.805735739778692,NA,NA,NA,0.960866140456792
L3MBTL1,4,0,0,0.805526159496255,NA,NA,NA,0.960877695200292
SLC35G2,4,0,0,0.805735739778692,NA,NA,NA,0.960897185739388
C2orf74,4,0,0,0.805735739778692,NA,NA,NA,0.960898087714407
DHRS7B,4,0,0,0.805735739778692,NA,NA,NA,0.960916593674418
KIAA0391,10,0,0,0.805735739778692,NA,NA,NA,0.96094737754191
DERL1,12,0,0,0.805735739778692,NA,NA,NA,0.960947784960545
BCL2L2-PABPN1,5,0,0,0.805735739778692,NA,NA,NA,0.960969126742028
RERE,5,0,0,0.805735739778692,NA,NA,NA,0.960985894348585
ZMYM1,10,0,0,0.805735739778692,NA,NA,NA,0.961020477475626
CCNDBP1,5,0,0,0.805735739778692,NA,NA,NA,0.961110058671473
TRIR,2,0,0,0.805779613502929,NA,NA,NA,0.96128768246941
UMAD1,3,0,0,0.805779613502929,NA,NA,NA,0.961315602663908
BBS1,8,0,0,0.806238868482471,NA,NA,NA,0.96196505275921
SLC25A19,2,0,0,0.806471338632654,NA,NA,NA,0.962069644118091
NARFL,2,0,0,0.806471338632654,NA,NA,NA,0.962239376307976
UBA1,4,0,0,0.806586707473037,NA,NA,NA,0.962431613580094
WNT7B,2,0,0,0.806586707473037,NA,NA,NA,0.962611594000909
ZNF891,13,0,0,0.806586707473037,NA,NA,NA,0.962687279401986
LCP1,2,0,0,0.807031386518972,NA,NA,NA,0.96327782774955
PSD4,6,0,0,0.807031386518972,NA,NA,NA,0.963428555657743
RNF144B,7,0,0,0.807031386518972,NA,NA,NA,0.963448776044631
ARHGEF6,4,0,0,0.807031386518972,NA,NA,NA,0.963527654493958
WDR48,7,0,0,0.807787813908389,NA,NA,NA,0.964497092863349
TRIM24,16,0,0,0.808060338037248,NA,NA,NA,0.964843329604423
NDC1,9,0,0,0.80820462134374,NA,NA,NA,0.964935373644031
USP40,5,0,0,0.808380405277559,NA,NA,NA,0.965334435277857
PDIA3,10,0,0,0.808923260012261,NA,NA,NA,0.966042570040278
RBPMS,4,0,0,0.809222205167145,NA,NA,NA,0.966051155491948
UFD1,5,0,0,0.8093752096505,NA,NA,NA,0.966077228900752
H1FX,3,0,0,0.8093752096505,NA,NA,NA,0.96616500792547
RSRP1,3,0,0,0.809222205167145,NA,NA,NA,0.966167092043142
FGFBP1,8,0,0,0.809222205167145,NA,NA,NA,0.966221174059184
GCLM,19,0,0,0.809222205167145,NA,NA,NA,0.966227953398608
ATP1A1,5,0,0,0.8093752096505,NA,NA,NA,0.966245064292033
YRDC,6,0,0,0.8093752096505,NA,NA,NA,0.966288905907366
SHROOM3,10,0,0,0.809174151897357,NA,NA,NA,0.966327498619853
USP14,14,0,0,0.809148119421207,NA,NA,NA,0.966364536073608
FIG4,4,0,0,0.809222205167145,NA,NA,NA,0.966371761746081
CHD2,4,0,0,0.809148119421207,NA,NA,NA,0.966477523922669
SPACA9,2,0,0,0.809222205167145,NA,NA,NA,0.966510698644658
NTHL1,2,0,0,0.809222205167145,NA,NA,NA,0.966546834655018
UTP11,6,0,0,0.809607938157422,NA,NA,NA,0.966589856255148
DTNB,7,0,0,0.809222205167145,NA,NA,NA,0.966606157791976
TET1,6,0,0,0.809740853675563,NA,NA,NA,0.966642336433569
TWSG1,11,0,0,0.809222205167145,NA,NA,NA,0.966648614984213
WDR1,5,0,0,0.809148119421207,NA,NA,NA,0.966662587075521
GRIPAP1,2,0,0,0.809222205167145,NA,NA,NA,0.966715789313133
ITPRIPL2,15,0,0,0.809740853675563,NA,NA,NA,0.966739120670199
ESYT2,22,0,0,0.810169813860044,NA,NA,NA,0.9672645775654
SLC25A33,5,0,0,0.810169813860044,NA,NA,NA,0.96727410342383
SLAMF7,3,0,0,0.810169813860044,NA,NA,NA,0.967399676031958
SMU1,16,0,0,0.810169813860044,NA,NA,NA,0.967404627033333
POLM,18,0,0,0.810169813860044,NA,NA,NA,0.967672011717828
SRPK2,21,0,0,0.810169813860044,NA,NA,NA,0.967676770814278
FAM109A,2,0,0,0.810169813860044,NA,NA,NA,0.967724874256106
PAAF1,4,0,0,0.811062058554003,NA,NA,NA,0.968076415059454
GORAB,3,0,0,0.81050183039166,NA,NA,NA,0.968133202740773
SPINT2,7,0,0,0.811062058554003,NA,NA,NA,0.968234536990987
ALDH3B2,3,0,0,0.811259612232634,NA,NA,NA,0.968360205581862
DYNC1H1,5,0,0,0.8113667329605,NA,NA,NA,0.968381265643035
HCFC1,3,0,0,0.811062058554003,NA,NA,NA,0.968392183038706
GYS1,7,0,0,0.811062058554003,NA,NA,NA,0.968501422069064
SLC45A4,3,0,0,0.811922754776667,NA,NA,NA,0.969114383197122
KLF6,8,0,0,0.811922754776667,NA,NA,NA,0.969212104861243
ZNF496,8,0,0,0.812001563039882,NA,NA,NA,0.969275644379627
LIMS1,6,0,0,0.814118369854478,NA,NA,NA,0.969427834026058
TOR3A,2,0,0,0.81377439870955,NA,NA,NA,0.969506148354067
NFKBIZ,4,0,0,0.814118369854478,NA,NA,NA,0.969546053034809
P2RY2,6,0,0,0.81377439870955,NA,NA,NA,0.969546061195975
HSPG2,3,0,0,0.812293716240993,NA,NA,NA,0.969569864916973
EXTL3,3,0,0,0.81377439870955,NA,NA,NA,0.969570618854367
TFAP4,2,0,0,0.814118369854478,NA,NA,NA,0.969584163688653
ZNF383,8,0,0,0.814118369854478,NA,NA,NA,0.969690810991194
TSHZ1,6,0,0,0.813983361541521,NA,NA,NA,0.969723496077403
STAU1,10,0,0,0.81377439870955,NA,NA,NA,0.969725394066527
HINT1,8,0,0,0.814118369854478,NA,NA,NA,0.969732029399597
BOLA3,3,0,0,0.814094064492969,NA,NA,NA,0.969813162662674
CA12,10,0,0,0.814118369854478,NA,NA,NA,0.969829295867962
MMAA,5,0,0,0.81377439870955,NA,NA,NA,0.969831946491137
BRD3,8,0,0,0.81326499242632,NA,NA,NA,0.9698949300718
ADO,12,0,0,0.81377439870955,NA,NA,NA,0.969896585853486
ROCK1,5,0,0,0.814118369854478,NA,NA,NA,0.969899627632158
TMEM248,9,0,0,0.81377439870955,NA,NA,NA,0.969901544392888
HIST1H2AE,3,0,0,0.81377439870955,NA,NA,NA,0.96990679147745
NCOA3,9,0,0,0.814118369854478,NA,NA,NA,0.969913420560734
KCTD9,8,0,0,0.813548595202037,NA,NA,NA,0.969935595613396
ALG14,9,0,0,0.812915880457796,NA,NA,NA,0.969949801178818
MYPOP,2,0,0,0.814118369854478,NA,NA,NA,0.969953999399606
PARD3B,2,0,0,0.812915880457796,NA,NA,NA,0.969991383782816
IFT22,10,0,0,0.81326499242632,NA,NA,NA,0.969995360849586
MBTD1,5,0,0,0.814118369854478,NA,NA,NA,0.969997426497955
CLSTN1,5,0,0,0.813508458806787,NA,NA,NA,0.970028132499965
CELF5,2,0,0,0.81377439870955,NA,NA,NA,0.970031853489082
RHOBTB1,4,0,0,0.813245246765084,NA,NA,NA,0.970040104743745
CKS1B,4,0,0,0.813147216746411,NA,NA,NA,0.970045108453342
LRAT,7,0,0,0.814118369854478,NA,NA,NA,0.970062943617063
ERP44,9,0,0,0.814118369854478,NA,NA,NA,0.970070610481115
CNNM4,2,0,0,0.813505338294502,NA,NA,NA,0.970084145899851
RYR2,6,0,0,0.81377439870955,NA,NA,NA,0.970124227910529
EEF1G,5,0,0,0.81377439870955,NA,NA,NA,0.970167661272019
SDF4,4,0,0,0.814118369854478,NA,NA,NA,0.97016905673695
RNF13,2,0,0,0.81377439870955,NA,NA,NA,0.970205981626136
SIMC1,4,0,0,0.814118369854478,NA,NA,NA,0.970209170157363
ZNF654,10,0,0,0.81377439870955,NA,NA,NA,0.970229644182501
MAVS,16,0,0,0.81377439870955,NA,NA,NA,0.970276736336198
ANLN,10,0,0,0.814118369854478,NA,NA,NA,0.970287652671164
SLBP,7,0,0,0.814450736564476,NA,NA,NA,0.970300502942994
RTL10,12,0,0,0.81377439870955,NA,NA,NA,0.970304325825657
DEF8,2,0,0,0.814118369854478,NA,NA,NA,0.97031656501723
C11orf98,6,0,0,0.81377439870955,NA,NA,NA,0.970386361251079
MOV10,9,0,0,0.814894477758818,NA,NA,NA,0.97067278701625
FERMT1,10,0,0,0.814894477758818,NA,NA,NA,0.970834603020072
TTF1,4,0,0,0.815008329833692,NA,NA,NA,0.971054805355467
SPSB1,4,0,0,0.816080646094454,NA,NA,NA,0.971186662209751
TRMT13,10,0,0,0.815323876788811,NA,NA,NA,0.971234109200346
PLK2,5,0,0,0.816160411957317,NA,NA,NA,0.971356539784626
LINS1,3,0,0,0.816171755900895,NA,NA,NA,0.971368403891326
JTB,3,0,0,0.816080646094454,NA,NA,NA,0.971370232833359
BLZF1,7,0,0,0.816168389489064,NA,NA,NA,0.97140184359254
ZNF672,3,0,0,0.816160411957317,NA,NA,NA,0.971494672898307
SAP30,4,0,0,0.816160411957317,NA,NA,NA,0.971521175721451
ASB9,4,0,0,0.816080646094454,NA,NA,NA,0.971526796497129
SLC7A11,8,0,0,0.816160411957317,NA,NA,NA,0.971556741333128
PALLD,8,0,0,0.816168389489064,NA,NA,NA,0.971580019412604
DSN1,5,0,0,0.816168389489064,NA,NA,NA,0.971620429192871
OCIAD1,8,0,0,0.815984582207554,NA,NA,NA,0.97167396978376
WDCP,3,0,0,0.816080646094454,NA,NA,NA,0.971710226808131
PRR15,4,0,0,0.817235189129623,NA,NA,NA,0.971727389499096
CHST11,10,0,0,0.817529146182675,NA,NA,NA,0.97173143782735
SARAF,10,0,0,0.816168389489064,NA,NA,NA,0.971733677366313
NEO1,5,0,0,0.81640012747172,NA,NA,NA,0.971744577374883
CLK3,4,0,0,0.816168389489064,NA,NA,NA,0.97176344633411
REEP5,10,0,0,0.817529146182675,NA,NA,NA,0.971794173195071
CKAP2L,8,0,0,0.816023336769717,NA,NA,NA,0.971808922259447
PGM3,5,0,0,0.817529146182675,NA,NA,NA,0.971811822426452
TRMT12,12,0,0,0.816168389489064,NA,NA,NA,0.97184421743395
TMEM219,2,0,0,0.816483250543265,NA,NA,NA,0.971856929541024
BIVM-ERCC5,2,0,0,0.817529146182675,NA,NA,NA,0.971865827620675
SLC7A6,12,0,0,0.816080646094454,NA,NA,NA,0.971871530079811
FAM193A,4,0,0,0.817497367347674,NA,NA,NA,0.97187427965752
CDAN1,5,0,0,0.817235189129623,NA,NA,NA,0.971889223163006
GTF2A1,16,0,0,0.816080646094454,NA,NA,NA,0.971931130946465
FTO,5,0,0,0.816776501575678,NA,NA,NA,0.971936621851422
LRFN3,4,0,0,0.817028860928903,NA,NA,NA,0.971943881096046
RNF19B,9,0,0,0.817219583489105,NA,NA,NA,0.971954657904771
ABCC10,7,0,0,0.817758482735619,NA,NA,NA,0.971967472118219
MARC1,9,0,0,0.817529146182675,NA,NA,NA,0.971971450998653
ME2,7,0,0,0.816080646094454,NA,NA,NA,0.971972682626698
GTPBP3,3,0,0,0.816916992284987,NA,NA,NA,0.971982472614015
DYNLT3,6,0,0,0.817529146182675,NA,NA,NA,0.972001363932694
C17orf53,2,0,0,0.816080646094454,NA,NA,NA,0.972019343846517
RHOB,11,0,0,0.817235189129623,NA,NA,NA,0.972045410682733
RIN1,3,0,0,0.81676672896695,NA,NA,NA,0.972051991364616
GCNT1,10,0,0,0.816080646094454,NA,NA,NA,0.972111040904101
USP8,6,0,0,0.817219583489105,NA,NA,NA,0.972119461699124
CHTOP,20,0,0,0.817758482735619,NA,NA,NA,0.972147249344088
DUSP10,7,0,0,0.816080646094454,NA,NA,NA,0.972168761914895
IMMP2L,6,0,0,0.81676672896695,NA,NA,NA,0.972227302332109
NT5DC3,6,0,0,0.816080646094454,NA,NA,NA,0.97225185955997
PLEKHJ1,2,0,0,0.816080646094454,NA,NA,NA,0.97226988374738
NUCB1,7,0,0,0.819017583194088,NA,NA,NA,0.973421183307629
PHF2,3,0,0,0.819133674957234,NA,NA,NA,0.973497307432116
ORAI3,4,0,0,0.819533013144462,NA,NA,NA,0.973542504299652
PPIA,3,0,0,0.819533013144462,NA,NA,NA,0.973567517765717
ARHGAP35,6,0,0,0.81932972859927,NA,NA,NA,0.973589473028279
ACVR2A,8,0,0,0.819533013144462,NA,NA,NA,0.973680040424075
CDK4,11,0,0,0.819533013144462,NA,NA,NA,0.973749008673396
ZCCHC17,7,0,0,0.819533013144462,NA,NA,NA,0.973752033761956
ZMPSTE24,10,0,0,0.820056147301773,NA,NA,NA,0.974081861869818
GPM6B,7,0,0,0.820567219129513,NA,NA,NA,0.974466425973514
MSANTD3-TMEFF1,4,0,0,0.821060368650553,NA,NA,NA,0.974779208844821
ANP32E,10,0,0,0.820926511618656,NA,NA,NA,0.974878053780069
CHMP4C,4,0,0,0.821060368650553,NA,NA,NA,0.974926544661172
EMC2,11,0,0,0.821356818806741,NA,NA,NA,0.975001974487534
SLF2,6,0,0,0.821060368650553,NA,NA,NA,0.975103158389139
MCM3,3,0,0,0.821565824616225,NA,NA,NA,0.975221579440719
SRP68,7,0,0,0.821738670056255,NA,NA,NA,0.97551485144737
RRP8,13,0,0,0.821738670056255,NA,NA,NA,0.975550846159165
TWIST2,3,0,0,0.821738670056255,NA,NA,NA,0.975670046759461
GAREM1,4,0,0,0.821738670056255,NA,NA,NA,0.975675711941113
SEL1L,15,0,0,0.821738670056255,NA,NA,NA,0.975676496198283
RBL1,17,0,0,0.822046037587259,NA,NA,NA,0.975720407753108
ZNF93,4,0,0,0.821738670056255,NA,NA,NA,0.97573710046719
TMEM63A,14,0,0,0.82198767238744,NA,NA,NA,0.97586099639479
PDGFA,7,0,0,0.821738670056255,NA,NA,NA,0.975870640681498
YARS,7,0,0,0.822046037587259,NA,NA,NA,0.975881214847663
SH3GLB2,8,0,0,0.821738670056255,NA,NA,NA,0.975931751552488
ZBTB7A,14,0,0,0.822284620632854,NA,NA,NA,0.975951442177652
FGFR1,12,0,0,0.821738670056255,NA,NA,NA,0.975957735263659
PTP4A2,9,0,0,0.821738670056255,NA,NA,NA,0.975983715090604
SLC9A8,6,0,0,0.822552984298354,NA,NA,NA,0.976007223243038
SEC63,7,0,0,0.822562525049993,NA,NA,NA,0.976027129158007
CMTM3,9,0,0,0.821738670056255,NA,NA,NA,0.976043701396879
MTRNR2L10,2,0,0,0.82267779366477,NA,NA,NA,0.976071808253147
GMPR2,8,0,0,0.821738670056255,NA,NA,NA,0.976072657479479
PROS1,6,0,0,0.821738670056255,NA,NA,NA,0.976118911152133
ILKAP,2,0,0,0.822284620632854,NA,NA,NA,0.976136657318884
KPNA6,11,0,0,0.82267779366477,NA,NA,NA,0.976144203966233
CREM,9,0,0,0.822612654125028,NA,NA,NA,0.976157555992796
SLC35F6,24,0,0,0.822552984298354,NA,NA,NA,0.976170521757288
RRAGB,5,0,0,0.822284620632854,NA,NA,NA,0.976219128575318
DIMT1,11,0,0,0.822552984298354,NA,NA,NA,0.976343497394415
SLC35A5,5,0,0,0.822546241977595,NA,NA,NA,0.976403006874381
MRPL30,13,0,0,0.822552984298354,NA,NA,NA,0.976495725717989
PRRG1,6,0,0,0.822552984298354,NA,NA,NA,0.976540290923491
USP16,3,0,0,0.822692168818145,NA,NA,NA,0.977126135477707
CGRRF1,14,0,0,0.822692168818145,NA,NA,NA,0.977234634334058
NOL4L,4,0,0,0.822692168818145,NA,NA,NA,0.977255624032465
PGAP1,14,0,0,0.822692168818145,NA,NA,NA,0.977281364404725
ATRN,6,0,0,0.822692168818145,NA,NA,NA,0.977364539226272
LSM1,2,0,0,0.822787214197218,NA,NA,NA,0.977372358101196
ZBED4,15,0,0,0.822794794993908,NA,NA,NA,0.977375963614685
RAET1E,4,0,0,0.822692168818145,NA,NA,NA,0.977403176441377
GRPEL2,8,0,0,0.822692168818145,NA,NA,NA,0.977403429320731
TCP1,8,0,0,0.822794794993908,NA,NA,NA,0.977470418098054
CDK16,2,0,0,0.822692168818145,NA,NA,NA,0.97749036367817
RTN3,10,0,0,0.822692168818145,NA,NA,NA,0.977544688824046
ZNF449,7,0,0,0.822692168818145,NA,NA,NA,0.977564460173199
SPPL2A,11,0,0,0.822692168818145,NA,NA,NA,0.977569392057298
ZNF791,12,0,0,0.822692168818145,NA,NA,NA,0.977582110846355
COL18A1,4,0,0,0.823212018063287,NA,NA,NA,0.978044640358285
APOBEC3C,3,0,0,0.823212018063287,NA,NA,NA,0.978170702831005
NSMAF,9,0,0,0.82342013218354,NA,NA,NA,0.978191398386687
SAMD10,3,0,0,0.823388054875951,NA,NA,NA,0.978232446704549
CLMN,5,0,0,0.823213039346626,NA,NA,NA,0.978234826555568
NUSAP1,10,0,0,0.82342013218354,NA,NA,NA,0.978294744724717
SZT2,12,0,0,0.82342013218354,NA,NA,NA,0.978360773719949
TRIM52,5,0,0,0.823213039346626,NA,NA,NA,0.978374656418199
MAPK1IP1L,25,0,0,0.823388054875951,NA,NA,NA,0.978412622788064
RPS10-NUDT3,8,0,0,0.823601647512415,NA,NA,NA,0.978426789272557
TKT,8,0,0,0.82342013218354,NA,NA,NA,0.978534282638657
ARFGEF1,16,0,0,0.823388054875951,NA,NA,NA,0.978561233345528
DGLUCY,4,0,0,0.82342013218354,NA,NA,NA,0.978562651594225
GFER,4,0,0,0.82342013218354,NA,NA,NA,0.978614190742935
IGSF3,13,0,0,0.82342013218354,NA,NA,NA,0.978680291467515
TUBA4A,3,0,0,0.82342013218354,NA,NA,NA,0.978690788491417
PPIL2,8,0,0,0.82342013218354,NA,NA,NA,0.978741536038272
KAT2B,3,0,0,0.82342013218354,NA,NA,NA,0.978822552749272
SNRPA1,2,0,0,0.82342013218354,NA,NA,NA,0.97883811072169
ZNF45,12,0,0,0.82342013218354,NA,NA,NA,0.97901059692739
SPAG1,7,0,0,0.824392945535866,NA,NA,NA,0.97914297463312
CTSD,8,0,0,0.8247120778137,NA,NA,NA,0.979357232826772
FOXN2,7,0,0,0.8247120778137,NA,NA,NA,0.979442194601995
TLNRD1,8,0,0,0.8247120778137,NA,NA,NA,0.979543595795244
EMP2,9,0,0,0.824938287515782,NA,NA,NA,0.979590800598072
KCNK7,2,0,0,0.8247120778137,NA,NA,NA,0.979655150350659
HSPA9,12,0,0,0.825717000281436,NA,NA,NA,0.980243008544137
SEC14L1,2,0,0,0.825688036020128,NA,NA,NA,0.980317002102989
RNF25,3,0,0,0.825603664911006,NA,NA,NA,0.980452450072994
DUSP16,4,0,0,0.825688036020128,NA,NA,NA,0.980466801426585
ZNF493,6,0,0,0.825688036020128,NA,NA,NA,0.980628224871151
SLC35A3,14,0,0,0.826191020183017,NA,NA,NA,0.980723348345741
SARM1,6,0,0,0.825688036020128,NA,NA,NA,0.980766991201584
ZNF596,5,0,0,0.825688036020128,NA,NA,NA,0.980797520151327
MBNL2,9,0,0,0.826191020183017,NA,NA,NA,0.98087802018235
TOP1MT,7,0,0,0.825688036020128,NA,NA,NA,0.980878935858669
TECPR1,2,0,0,0.825688036020128,NA,NA,NA,0.980899598996018
ACSL3,15,0,0,0.825688036020128,NA,NA,NA,0.980961271506107
MEX3D,5,0,0,0.825688036020128,NA,NA,NA,0.980970681236728
SPA17,5,0,0,0.827547394714055,NA,NA,NA,0.981522752621504
ZBTB25,9,0,0,0.827538580624181,NA,NA,NA,0.981548049892656
NFKB1,3,0,0,0.827435777363314,NA,NA,NA,0.981648450439372
LIMK2,7,0,0,0.827538580624181,NA,NA,NA,0.981667569352629
C10orf76,4,0,0,0.827538580624181,NA,NA,NA,0.981700464108533
ZFP69B,7,0,0,0.827031577352081,NA,NA,NA,0.981717148893122
MEPCE,6,0,0,0.826876000581302,NA,NA,NA,0.981731709080267
LYPD3,2,0,0,0.827435777363314,NA,NA,NA,0.981793733682115
FAM196B,5,0,0,0.826876000581302,NA,NA,NA,0.981798789284856
SLITRK4,6,0,0,0.827538580624181,NA,NA,NA,0.981799396615326
AAGAB,9,0,0,0.826997050113376,NA,NA,NA,0.981815244090312
PRELID1,6,0,0,0.826876000581302,NA,NA,NA,0.981832930641738
EHHADH,3,0,0,0.827376214486436,NA,NA,NA,0.981842887315658
DOCK10,2,0,0,0.826997050113376,NA,NA,NA,0.981949672842759
DUSP1,8,0,0,0.827376214486436,NA,NA,NA,0.981984237942011
TOMM34,3,0,0,0.826997050113376,NA,NA,NA,0.982003071608182
POLR2I,4,0,0,0.828147838008181,NA,NA,NA,0.982005652846814
METTL25,2,0,0,0.828070701208865,NA,NA,NA,0.98201295255095
NSFL1C,9,0,0,0.827849114822872,NA,NA,NA,0.982037733375403
ZNF485,7,0,0,0.828012152910712,NA,NA,NA,0.982093407787608
NUDT16L1,4,0,0,0.828772582357656,NA,NA,NA,0.982732917685655
NABP2,2,0,0,0.828772582357656,NA,NA,NA,0.982901631169168
LYPLA2,2,0,0,0.828901436492366,NA,NA,NA,0.982990856722352
KANK1,4,0,0,0.828772582357656,NA,NA,NA,0.983013536861879
CAPN15,3,0,0,0.828901436492366,NA,NA,NA,0.983064747279465
EHD1,7,0,0,0.828772582357656,NA,NA,NA,0.983187194233031
MXD4,4,0,0,0.829005922358221,NA,NA,NA,0.983235438343882
DDX41,2,0,0,0.829448722479237,NA,NA,NA,0.983571138049665
AKAP10,11,0,0,0.829540821629065,NA,NA,NA,0.98366523387277
SUMO3,14,0,0,0.829288643645844,NA,NA,NA,0.983670265840564
BLM,4,0,0,0.829443189932156,NA,NA,NA,0.983683202480015
KCTD5,5,0,0,0.829612504882207,NA,NA,NA,0.983793540032621
ZNF675,7,0,0,0.830280834292903,NA,NA,NA,0.984387187402599
ZMYND19,6,0,0,0.830252881617408,NA,NA,NA,0.984490472442397
NUAK1,2,0,0,0.830522720147965,NA,NA,NA,0.984617385383735
PIN1,2,0,0,0.830743509094778,NA,NA,NA,0.984713858571731
WDR91,6,0,0,0.830802984276879,NA,NA,NA,0.984718401397817
TMEM38B,9,0,0,0.830802984276879,NA,NA,NA,0.984834301854191
TNFSF18,2,0,0,0.830802984276879,NA,NA,NA,0.985260113606425
EBF1,3,0,0,0.830802984276879,NA,NA,NA,0.98533206773599
PSME3,10,0,0,0.830802984276879,NA,NA,NA,0.985371367434832
ZNF764,10,0,0,0.830963475352949,NA,NA,NA,0.985423414422106
HPSE,3,0,0,0.830802984276879,NA,NA,NA,0.985423642493289
TMEM106B,11,0,0,0.83112532169781,NA,NA,NA,0.985944453798368
PUS3,3,0,0,0.83112532169781,NA,NA,NA,0.986075969677389
YTHDF1,4,0,0,0.831133384049892,NA,NA,NA,0.986238195636756
ANKRD18B,2,0,0,0.831618943083576,NA,NA,NA,0.986913750937035
COPS7A,4,0,0,0.831755249408538,NA,NA,NA,0.986920774546698
P4HA2,9,0,0,0.831618943083576,NA,NA,NA,0.986951828431545
TCTN3,6,0,0,0.831618943083576,NA,NA,NA,0.986972808552687
PABPC4,4,0,0,0.831618943083576,NA,NA,NA,0.987012449887863
DCLRE1A,2,0,0,0.831618943083576,NA,NA,NA,0.98703984359021
TENM3,3,0,0,0.831755249408538,NA,NA,NA,0.987080628390468
CLCN5,6,0,0,0.83169574161408,NA,NA,NA,0.987131014998843
NPHP4,5,0,0,0.831755249408538,NA,NA,NA,0.987167407285837
EPC2,13,0,0,0.831755249408538,NA,NA,NA,0.987219159267416
CLASP2,5,0,0,0.831755249408538,NA,NA,NA,0.987308171274822
ZNF593,2,0,0,0.835663529491811,NA,NA,NA,0.987857280455257
PSMA2,9,0,0,0.835663529491811,NA,NA,NA,0.987903263863489
ASPHD1,3,0,0,0.832285429019035,NA,NA,NA,0.987925957671986
TFAP2C,5,0,0,0.835462264448947,NA,NA,NA,0.98794633042423
ATP5F1,16,0,0,0.835663529491811,NA,NA,NA,0.988022125219139
STMN3,3,0,0,0.835663529491811,NA,NA,NA,0.988038625719099
CENPQ,6,0,0,0.835622784067662,NA,NA,NA,0.988039636604116
APOLD1,7,0,0,0.835663529491811,NA,NA,NA,0.988055758694072
RBM38,4,0,0,0.835462264448947,NA,NA,NA,0.988075252926754
CLN5,8,0,0,0.833311157368746,NA,NA,NA,0.988114301624628
FZD6,5,0,0,0.835622784067662,NA,NA,NA,0.988116010928087
KEAP1,6,0,0,0.833085937406205,NA,NA,NA,0.98816279376287
MARK3,7,0,0,0.832754115889429,NA,NA,NA,0.988173662001281
MRPS16,15,0,0,0.835828369968294,NA,NA,NA,0.988183526972549
CNDP2,3,0,0,0.835462264448947,NA,NA,NA,0.988197928215973
FRA10AC1,9,0,0,0.833311157368746,NA,NA,NA,0.988204601282762
DNAJC13,5,0,0,0.835828369968294,NA,NA,NA,0.988205953304847
SLC43A3,5,0,0,0.832754115889429,NA,NA,NA,0.988222853406064
SNRPB2,11,0,0,0.835462264448947,NA,NA,NA,0.988223138575296
BUB1B-PAK6,2,0,0,0.833007511560177,NA,NA,NA,0.98823008392388
ADD2,10,0,0,0.832936422240558,NA,NA,NA,0.988236430694571
CDT1,7,0,0,0.835462264448947,NA,NA,NA,0.988318199184737
TMEM69,3,0,0,0.833311157368746,NA,NA,NA,0.98831936605759
COMT,6,0,0,0.832936422240558,NA,NA,NA,0.988374637724292
SETX,13,0,0,0.835462264448947,NA,NA,NA,0.988418222531143
ARHGEF39,5,0,0,0.835462264448947,NA,NA,NA,0.988430570462589
EPB41L4B,5,0,0,0.835462264448947,NA,NA,NA,0.988531141411519
ZNF460,29,0,0,0.833731188763287,NA,NA,NA,0.98854149276299
SOX13,5,0,0,0.832936422240558,NA,NA,NA,0.988554467426428
GGA3,4,0,0,0.835462264448947,NA,NA,NA,0.988675758138683
DDX6,13,0,0,0.836321483450616,NA,NA,NA,0.988701010772064
MRPL27,3,0,0,0.835462264448947,NA,NA,NA,0.988833118047787
CBX4,5,0,0,0.836608056047385,NA,NA,NA,0.988840185255088
NOP14,3,0,0,0.837669473162389,NA,NA,NA,0.988972480695854
NUCB2,5,0,0,0.836999537744671,NA,NA,NA,0.988978360120848
MED26,2,0,0,0.835462264448947,NA,NA,NA,0.988991872484273
DPP9,5,0,0,0.837230878964252,NA,NA,NA,0.989020621292808
TUFM,2,0,0,0.835462264448947,NA,NA,NA,0.989080545284901
KCNC4,5,0,0,0.837669473162389,NA,NA,NA,0.989097984260842
MRPS12,10,0,0,0.837959094621823,NA,NA,NA,0.989110939461869
CEBPZ,3,0,0,0.836999537744671,NA,NA,NA,0.989153191900726
CARNMT1,6,0,0,0.837959094621823,NA,NA,NA,0.989157471235235
HERC2,4,0,0,0.837959094621823,NA,NA,NA,0.989165311035772
PSMC6,7,0,0,0.837959094621823,NA,NA,NA,0.989168341947911
PGM2L1,7,0,0,0.836999537744671,NA,NA,NA,0.989169900037026
RAB17,3,0,0,0.837669473162389,NA,NA,NA,0.989182983223234
EPS15,9,0,0,0.837453527234663,NA,NA,NA,0.989187759966736
ZNF551,5,0,0,0.835462264448947,NA,NA,NA,0.989210405649372
ZNF605,4,0,0,0.837959094621823,NA,NA,NA,0.989212176518121
TMEM97,13,0,0,0.837959094621823,NA,NA,NA,0.989216368308072
TTC38,6,0,0,0.837580955878985,NA,NA,NA,0.98923071993969
PLPP6,9,0,0,0.837959094621823,NA,NA,NA,0.989282985802652
TFG,5,0,0,0.835462264448947,NA,NA,NA,0.989288969225744
HRK,5,0,0,0.837959094621823,NA,NA,NA,0.989298434279326
UFC1,2,0,0,0.835462264448947,NA,NA,NA,0.989299765878014
ORAOV1,7,0,0,0.83436244435912,NA,NA,NA,0.989346555372879
FBXW11,11,0,0,0.835462264448947,NA,NA,NA,0.989359767696127
IGF2,6,0,0,0.83798750411313,NA,NA,NA,0.989362496197179
C19orf47,8,0,0,0.837959094621823,NA,NA,NA,0.989373716247594
FAM89A,8,0,0,0.835462264448947,NA,NA,NA,0.989374111492999
BMP6,6,0,0,0.835453397054874,NA,NA,NA,0.989380414507608
PTBP3,11,0,0,0.837580955878985,NA,NA,NA,0.989398084881099
PAGR1,11,0,0,0.835291885631835,NA,NA,NA,0.989399470343713
CDK9,12,0,0,0.837959094621823,NA,NA,NA,0.98941282727341
NAT1,5,0,0,0.837959094621823,NA,NA,NA,0.989447210261604
LPXN,3,0,0,0.835453397054874,NA,NA,NA,0.989458992805191
TSPAN9,5,0,0,0.835462264448947,NA,NA,NA,0.989473144679834
CHRNA5,11,0,0,0.835462264448947,NA,NA,NA,0.989475733495767
KAT6B,5,0,0,0.838249543423854,NA,NA,NA,0.989482751130748
IGIP,2,0,0,0.835462264448947,NA,NA,NA,0.989492265865916
CDKN3,6,0,0,0.835258716964404,NA,NA,NA,0.989499738487624
KIAA1586,9,0,0,0.835462264448947,NA,NA,NA,0.989547636984669
PCNX1,23,0,0,0.837959094621823,NA,NA,NA,0.989563992309225
ARG2,4,0,0,0.837959094621823,NA,NA,NA,0.989622323165729
NKAPD1,18,0,0,0.835462264448947,NA,NA,NA,0.98963764312642
DHX8,6,0,0,0.835258716964404,NA,NA,NA,0.989652824250185
TM2D2,9,0,0,0.838443600756345,NA,NA,NA,0.98966278298787
WDR20,3,0,0,0.834998110179547,NA,NA,NA,0.98969259880596
FMR1,4,0,0,0.834782122639112,NA,NA,NA,0.989693771832547
PFDN1,3,0,0,0.835182922901662,NA,NA,NA,0.989759900532307
SMYD4,11,0,0,0.838496185147882,NA,NA,NA,0.989765018474906
KCNMA1,2,0,0,0.834998110179547,NA,NA,NA,0.989767742681526
ZNF330,4,0,0,0.838443600756345,NA,NA,NA,0.989769853636947
ZNF701,8,0,0,0.835258716964404,NA,NA,NA,0.989790126366427
MXRA7,8,0,0,0.834998110179547,NA,NA,NA,0.989812851524513
SSH2,8,0,0,0.835462264448947,NA,NA,NA,0.989817591954626
KIF3C,3,0,0,0.834998110179547,NA,NA,NA,0.989841854222479
PCDH9,3,0,0,0.835462264448947,NA,NA,NA,0.989895889602504
CCNG2,6,0,0,0.834998110179547,NA,NA,NA,0.989952533834221
RETREG3,2,0,0,0.835462264448947,NA,NA,NA,0.989972119879084
C5orf15,7,0,0,0.838778608921085,NA,NA,NA,0.990044145348178
LZTFL1,11,0,0,0.835462264448947,NA,NA,NA,0.990045080090659
AUH,3,0,0,0.835462264448947,NA,NA,NA,0.990145393991932
IDH3B,3,0,0,0.839237328966414,NA,NA,NA,0.990986859434615
LRRFIP1,8,0,0,0.839649655153731,NA,NA,NA,0.991370102435003
ABRAXAS2,6,0,0,0.839892402295203,NA,NA,NA,0.99143883675483
SEMA3B,3,0,0,0.839892402295203,NA,NA,NA,0.991439612130427
COPG2,3,0,0,0.839649655153731,NA,NA,NA,0.991443813574318
GRSF1,21,0,0,0.839536795264876,NA,NA,NA,0.991453797811082
TFCP2L1,9,0,0,0.839456424285433,NA,NA,NA,0.991481025638823
BCAP31,4,0,0,0.839649655153731,NA,NA,NA,0.99152030880212
H2AFV,8,0,0,0.839892402295203,NA,NA,NA,0.991521528581645
ZSCAN26,6,0,0,0.839981105964511,NA,NA,NA,0.991547426900532
PUM3,20,0,0,0.839892402295203,NA,NA,NA,0.991557147742564
WASHC5,2,0,0,0.839649655153731,NA,NA,NA,0.991587317845355
RPS6KA3,10,0,0,0.839981105964511,NA,NA,NA,0.991745092985163
PPL,6,0,0,0.839649655153731,NA,NA,NA,0.99175183566382
TRMT61A,5,0,0,0.839649655153731,NA,NA,NA,0.991759139517027
SIPA1L1,5,0,0,0.839649655153731,NA,NA,NA,0.991799267955685
ARHGEF37,7,0,0,0.839649655153731,NA,NA,NA,0.991811191654197
CLASP1,11,0,0,0.839584384991634,NA,NA,NA,0.991845429184747
PPP1R15A,2,0,0,0.839649655153731,NA,NA,NA,0.991846584126523
KLHDC4,9,0,0,0.839649655153731,NA,NA,NA,0.991865382234372
NCS1,15,0,0,0.839649655153731,NA,NA,NA,0.991912710240908
MEAF6,17,0,0,0.839584384991634,NA,NA,NA,0.991988049730266
ETNK1,22,0,0,0.839584384991634,NA,NA,NA,0.992039166206077
POU6F1,3,0,0,0.839981105964511,NA,NA,NA,0.992042292364832
MSN,2,0,0,0.839584384991634,NA,NA,NA,0.992058730391893
PSMD6,9,0,0,0.839981105964511,NA,NA,NA,0.992078984748321
IQCG,2,0,0,0.839584384991634,NA,NA,NA,0.992081761158985
SBF2,6,0,0,0.839981105964511,NA,NA,NA,0.992101181510551
ZADH2,21,0,0,0.839981105964511,NA,NA,NA,0.992146459853434
CCDC58,5,0,0,0.839981105964511,NA,NA,NA,0.992166646132287
TBC1D13,3,0,0,0.839981105964511,NA,NA,NA,0.992169557506666
TAF3,7,0,0,0.839584384991634,NA,NA,NA,0.992175030706462
SPOCK1,5,0,0,0.839981105964511,NA,NA,NA,0.992180902414194
PRELID3B,11,0,0,0.839981105964511,NA,NA,NA,0.992181760851737
LRRC49,5,0,0,0.839584384991634,NA,NA,NA,0.992192885047515
RPL15,3,0,0,0.839584384991634,NA,NA,NA,0.992203488125319
ISL1,4,0,0,0.839981105964511,NA,NA,NA,0.992207299655019
SPATA6,7,0,0,0.839981105964511,NA,NA,NA,0.992243614672338
CLIP3,2,0,0,0.839981105964511,NA,NA,NA,0.992244509775307
BRCA2,4,0,0,0.839981105964511,NA,NA,NA,0.992245689046052
ABHD15,4,0,0,0.839981105964511,NA,NA,NA,0.992261389900901
TOMM22,12,0,0,0.839981105964511,NA,NA,NA,0.992279283993568
PITHD1,4,0,0,0.840449357615705,NA,NA,NA,0.992281594264011
AEN,2,0,0,0.839981105964511,NA,NA,NA,0.992298018657805
SRSF12,4,0,0,0.840237217624992,NA,NA,NA,0.992300835298932
CD68,2,0,0,0.839981105964511,NA,NA,NA,0.992304280654509
FRMD4B,9,0,0,0.839981105964511,NA,NA,NA,0.992306132516993
HDAC3,4,0,0,0.84032171339833,NA,NA,NA,0.99231329351478
STAT2,4,0,0,0.839981105964511,NA,NA,NA,0.992330519757111
KIF13A,9,0,0,0.839981105964511,NA,NA,NA,0.992336761425258
SNX14,4,0,0,0.839981105964511,NA,NA,NA,0.992355601758215
OFD1,6,0,0,0.840427219886973,NA,NA,NA,0.992389481804474
KATNBL1,5,0,0,0.840379364985435,NA,NA,NA,0.992402246003498
CCS,7,0,0,0.841802826917991,NA,NA,NA,0.992410025027828
PROCR,5,0,0,0.841802826917991,NA,NA,NA,0.992418790912443
TTLL7,8,0,0,0.839981105964511,NA,NA,NA,0.99242121507461
RPRD2,12,0,0,0.840551134764308,NA,NA,NA,0.992431379387061
AFG1L,11,0,0,0.841802826917991,NA,NA,NA,0.992447642965459
SLC6A6,4,0,0,0.840551134764308,NA,NA,NA,0.992477889582755
FDX1L,2,0,0,0.840551134764308,NA,NA,NA,0.992485227990487
FAM149B1,7,0,0,0.840379364985435,NA,NA,NA,0.992508777890663
ADSS,12,0,0,0.841802826917991,NA,NA,NA,0.992529672870483
COPB1,6,0,0,0.84182908888342,NA,NA,NA,0.992533450260114
CHD7,13,0,0,0.841651275768358,NA,NA,NA,0.99253414754709
DNAJB1,5,0,0,0.840427219886973,NA,NA,NA,0.99254766643795
PPP1R35,3,0,0,0.841788859371041,NA,NA,NA,0.992565805797858
NAT10,7,0,0,0.841705185043043,NA,NA,NA,0.992575399444618
HAUS8,3,0,0,0.840886678986226,NA,NA,NA,0.992646511718828
USP1,10,0,0,0.841651275768358,NA,NA,NA,0.992650776235793
CXCL1,7,0,0,0.841802826917991,NA,NA,NA,0.992662639412874
ZFP14,4,0,0,0.84182908888342,NA,NA,NA,0.992676641342113
MYORG,5,0,0,0.841802826917991,NA,NA,NA,0.992709548237387
BZW2,2,0,0,0.8421669741835,NA,NA,NA,0.992712865622929
SH3BP5,7,0,0,0.840893657779095,NA,NA,NA,0.992719719433769
BAHD1,3,0,0,0.841788859371041,NA,NA,NA,0.992725311014556
HTATSF1,8,0,0,0.841651275768358,NA,NA,NA,0.992741702961299
TNNT1,4,0,0,0.841546395560927,NA,NA,NA,0.992767184180499
MAPRE2,4,0,0,0.8421669741835,NA,NA,NA,0.992770640137242
EDRF1,4,0,0,0.841079093441573,NA,NA,NA,0.992796112114988
HIBADH,4,0,0,0.841651275768358,NA,NA,NA,0.992858566747135
AKAP13,8,0,0,0.8421669741835,NA,NA,NA,0.992860495817215
CLCC1,17,0,0,0.841527292514837,NA,NA,NA,0.992867994185927
TTI2,4,0,0,0.841079093441573,NA,NA,NA,0.992907743828594
UNG,2,0,0,0.8421669741835,NA,NA,NA,0.9929528899099
EFHC1,8,0,0,0.841527292514837,NA,NA,NA,0.992960995530718
ZNF417,10,0,0,0.842148135917152,NA,NA,NA,0.993008266984366
RAE1,3,0,0,0.841527292514837,NA,NA,NA,0.993017626943294
FAM229A,2,0,0,0.841315744256764,NA,NA,NA,0.993026599170436
HEBP1,3,0,0,0.841527292514837,NA,NA,NA,0.993083315909074
FCHSD2,12,0,0,0.841315744256764,NA,NA,NA,0.993133504383105
C9orf3,7,0,0,0.841250555000684,NA,NA,NA,0.993134617430419
FBN2,2,0,0,0.842498393485606,NA,NA,NA,0.993148205044941
TMOD2,9,0,0,0.841527292514837,NA,NA,NA,0.993189912064539
KANSL3,4,0,0,0.842329060248901,NA,NA,NA,0.993231296968835
NUDT11,6,0,0,0.841527292514837,NA,NA,NA,0.993235665354101
TRAPPC9,5,0,0,0.842595568806533,NA,NA,NA,0.993248352188842
TNS1,3,0,0,0.842641889629892,NA,NA,NA,0.993251907487129
PTGS2,8,0,0,0.842498393485606,NA,NA,NA,0.993268930820267
ENOX1,5,0,0,0.842498393485606,NA,NA,NA,0.993306033301615
ARPC1B,13,0,0,0.84291238657859,NA,NA,NA,0.993318457644234
PLXNA4,3,0,0,0.842498393485606,NA,NA,NA,0.993389894912509
CBFA2T2,11,0,0,0.843041975235437,NA,NA,NA,0.993527203797281
DOCK1,2,0,0,0.843041975235437,NA,NA,NA,0.993672822939138
SH3BGRL2,7,0,0,0.843041975235437,NA,NA,NA,0.99377428903093
C18orf54,12,0,0,0.843041975235437,NA,NA,NA,0.993820793102954
C21orf58,4,0,0,0.84350788801407,NA,NA,NA,0.994021169627852
PNPT1,12,0,0,0.844075630345741,NA,NA,NA,0.994684262619699
BARD1,5,0,0,0.844082656360043,NA,NA,NA,0.994703245141356
SYNGR2,7,0,0,0.84407266696271,NA,NA,NA,0.99472618646618
PARP12,4,0,0,0.844142672589671,NA,NA,NA,0.995006274179553
B4GALT4,6,0,0,0.844401498107147,NA,NA,NA,0.995421493786007
OGDH,3,0,0,0.844401498107147,NA,NA,NA,0.995503074876276
MRPL15,3,0,0,0.844874467342872,NA,NA,NA,0.995614515752606
POLG2,3,0,0,0.844485146868536,NA,NA,NA,0.99561476482472
UTRN,8,0,0,0.844913454352068,NA,NA,NA,0.995629135190676
ZNF747,10,0,0,0.845201349761443,NA,NA,NA,0.995632092773937
ACO2,8,0,0,0.844485146868536,NA,NA,NA,0.995701824291808
ZNF564,9,0,0,0.844919706677016,NA,NA,NA,0.99571730698853
SLC39A9,4,0,0,0.844818687123381,NA,NA,NA,0.995732879912321
SCAF8,10,0,0,0.844874467342872,NA,NA,NA,0.995739314700341
MAP3K3,7,0,0,0.845201349761443,NA,NA,NA,0.995763637194426
RBSN,9,0,0,0.844485146868536,NA,NA,NA,0.995766181028918
MEIS2,6,0,0,0.845201349761443,NA,NA,NA,0.995782519511524
ZNF121,3,0,0,0.845156758434383,NA,NA,NA,0.995812066664127
COX5A,6,0,0,0.844401498107147,NA,NA,NA,0.995829313626041
SDHA,14,0,0,0.844401498107147,NA,NA,NA,0.99584199011229
MFSD4A,5,0,0,0.844410798470988,NA,NA,NA,0.995856633482083
FAM43A,4,0,0,0.844410798470988,NA,NA,NA,0.995866621090566
LUZP1,9,0,0,0.844874467342872,NA,NA,NA,0.995867579189789
ACTR3B,4,0,0,0.844818687123381,NA,NA,NA,0.995875314730676
BMS1,5,0,0,0.845286968689257,NA,NA,NA,0.995886912326881
IL18BP,3,0,0,0.844485146868536,NA,NA,NA,0.995887314280183
USP3,6,0,0,0.844401498107147,NA,NA,NA,0.99591746488125
MRC2,2,0,0,0.84548333601728,NA,NA,NA,0.995930267132859
DCAF12,4,0,0,0.844410798470988,NA,NA,NA,0.995937902673401
DOCK11,8,0,0,0.844485146868536,NA,NA,NA,0.995942405341876
PLSCR4,4,0,0,0.845318270178927,NA,NA,NA,0.995979790380474
MIOS,9,0,0,0.845297852864841,NA,NA,NA,0.996014266056104
CCDC134,4,0,0,0.844410798470988,NA,NA,NA,0.996015440947868
EIF2A,12,0,0,0.845452562414998,NA,NA,NA,0.996019329550243
MNT,6,0,0,0.844818687123381,NA,NA,NA,0.996021117381062
DDX23,5,0,0,0.845349012557375,NA,NA,NA,0.996041641679674
WNT4,5,0,0,0.844485146868536,NA,NA,NA,0.996063140876573
INTS8,4,0,0,0.844485146868536,NA,NA,NA,0.996066864758203
HIST1H2AG,4,0,0,0.844485146868536,NA,NA,NA,0.996117561380985
PIGH,4,0,0,0.845297852864841,NA,NA,NA,0.996137699031502
MFSD3,4,0,0,0.844818687123381,NA,NA,NA,0.99615889533253
TIAM1,2,0,0,0.844500092688293,NA,NA,NA,0.996191220403018
GIT2,6,0,0,0.844818687123381,NA,NA,NA,0.996215869133892
TLN1,6,0,0,0.845527261880466,NA,NA,NA,0.996239158351976
BNIP1,2,0,0,0.844747854112763,NA,NA,NA,0.996247944747227
TRANK1,2,0,0,0.844500092688293,NA,NA,NA,0.996301698428449
PAIP1,3,0,0,0.844613662037301,NA,NA,NA,0.996348333616843
MAP3K7CL,3,0,0,0.844747854112763,NA,NA,NA,0.99641519141833
ZNF225,10,0,0,0.845527261880466,NA,NA,NA,0.99651322242794
DCAF4,4,0,0,0.845527261880466,NA,NA,NA,0.99661595996133
BRSK1,2,0,0,0.845527261880466,NA,NA,NA,0.99663388777139
OPN3,5,0,0,0.845527261880466,NA,NA,NA,0.996645794294812
MYADM,4,0,0,0.845527261880466,NA,NA,NA,0.996655968349046
RAB11FIP4,5,0,0,0.845527261880466,NA,NA,NA,0.996691583425494
RPGRIP1L,9,0,0,0.845527261880466,NA,NA,NA,0.996699574236895
COA5,12,0,0,0.845527261880466,NA,NA,NA,0.996779327348777
PPP4C,2,0,0,0.845527261880466,NA,NA,NA,0.99680927699665
MTA3,5,0,0,0.845527261880466,NA,NA,NA,0.996907647687794
ZNF35,5,0,0,0.845527261880466,NA,NA,NA,0.996964973100077
NDST1,10,0,0,0.845527261880466,NA,NA,NA,0.996988076783776
EFEMP1,8,0,0,0.845527261880466,NA,NA,NA,0.996997908692024
ZNF367,5,0,0,0.845527261880466,NA,NA,NA,0.997038512166885
KIAA0825,2,0,0,0.845527261880466,NA,NA,NA,0.997044529954352
STXBP4,14,0,0,0.845581800655645,NA,NA,NA,0.997144498459433
RCCD1,7,0,0,0.845540032330408,NA,NA,NA,0.997186696931486
ROBO3,2,0,0,0.845527261880466,NA,NA,NA,0.997220128079774
UQCRFS1,8,0,0,0.845540032330408,NA,NA,NA,0.99733674087266
LAMA5,3,0,0,0.846027691494693,NA,NA,NA,0.997696016282968
ACTRT3,7,0,0,0.847181338082607,NA,NA,NA,0.998880693781594
SPHAR,10,0,0,0.847181338082607,NA,NA,NA,0.998940211741345
MAPKBP1,5,0,0,0.847181338082607,NA,NA,NA,0.998970223214876
GNAZ,4,0,0,0.847181338082607,NA,NA,NA,0.999035957852159
PDCD6IP,8,0,0,0.84780118180187,NA,NA,NA,0.999211348092062
C4orf3,7,0,0,0.847599127009256,NA,NA,NA,0.999267234864134
NUP43,6,0,0,0.847596013426317,NA,NA,NA,0.99930750656721
SYNJ2BP,10,0,0,0.847373043326759,NA,NA,NA,0.999326226212527
EIF4EBP1,4,0,0,0.847279868655898,NA,NA,NA,0.999331759200536
CTSS,4,0,0,0.84780118180187,NA,NA,NA,0.999364853339043
MTUS1,3,0,0,0.847596013426317,NA,NA,NA,0.99940860690716
CENPN,3,0,0,0.847279868655898,NA,NA,NA,0.999432770520313
PFKP,6,0,0,0.848140614256948,NA,NA,NA,0.999797420660845
PTK6,7,0,0,0.848140614256948,NA,NA,NA,0.999836781896139
ARHGAP19,5,0,0,0.848140614256948,NA,NA,NA,0.999840611278316
ZNF197,5,0,0,0.848140614256948,NA,NA,NA,0.999907389528534
VGLL4,11,0,0,0.848318860122703,NA,NA,NA,1
KIF21A,5,0,0,0.849068148773129,NA,NA,NA,1
SCAP,3,0,0,0.849203344974859,NA,NA,NA,1
EXPH5,5,0,0,0.849226158015291,NA,NA,NA,1
POLR1B,15,0,0,0.849226158015291,NA,NA,NA,1
SPRY1,4,0,0,0.849226158015291,NA,NA,NA,1
STYK1,5,0,0,0.849226158015291,NA,NA,NA,1
CYP27A1,2,0,0,0.84944792793322,NA,NA,NA,1
DNAJA2,12,0,0,0.84944792793322,NA,NA,NA,1
MBD6,3,0,0,0.84944792793322,NA,NA,NA,1
MBLAC2,12,0,0,0.84944792793322,NA,NA,NA,1
RARS2,5,0,0,0.84944792793322,NA,NA,NA,1
UBC,3,0,0,0.84944792793322,NA,NA,NA,1
YIF1B,4,0,0,0.84944792793322,NA,NA,NA,1
FNDC3A,9,0,0,0.849918780552416,NA,NA,NA,1
ACAP3,3,0,0,0.850324778159522,NA,NA,NA,1
ARL3,4,0,0,0.850324778159522,NA,NA,NA,1
ATF1,10,0,0,0.850324778159522,NA,NA,NA,1
BABAM2,5,0,0,0.850324778159522,NA,NA,NA,1
C8orf33,16,0,0,0.850324778159522,NA,NA,NA,1
CSRNP1,5,0,0,0.850324778159522,NA,NA,NA,1
DENND1B,13,0,0,0.850324778159522,NA,NA,NA,1
ERGIC1,6,0,0,0.850324778159522,NA,NA,NA,1
FXR1,23,0,0,0.850324778159522,NA,NA,NA,1
GLO1,10,0,0,0.850324778159522,NA,NA,NA,1
NUAK2,3,0,0,0.850324778159522,NA,NA,NA,1
PGS1,5,0,0,0.850324778159522,NA,NA,NA,1
PLPP4,5,0,0,0.850324778159522,NA,NA,NA,1
PPP2R3C,2,0,0,0.850324778159522,NA,NA,NA,1
RCOR1,10,0,0,0.850324778159522,NA,NA,NA,1
RNF41,13,0,0,0.850324778159522,NA,NA,NA,1
RPL32,11,0,0,0.850324778159522,NA,NA,NA,1
STIM2,8,0,0,0.850324778159522,NA,NA,NA,1
ABCA5,6,0,0,0.850350802310048,NA,NA,NA,1
ALDH9A1,4,0,0,0.850350802310048,NA,NA,NA,1
C11orf24,4,0,0,0.850350802310048,NA,NA,NA,1
CCT8,5,0,0,0.850350802310048,NA,NA,NA,1
HERC4,6,0,0,0.850350802310048,NA,NA,NA,1
LYSMD3,12,0,0,0.850350802310048,NA,NA,NA,1
PI4KB,4,0,0,0.850350802310048,NA,NA,NA,1
SLC35B2,3,0,0,0.850350802310048,NA,NA,NA,1
SMARCD3,4,0,0,0.850350802310048,NA,NA,NA,1
ZNF805,8,0,0,0.850350802310048,NA,NA,NA,1
AASS,8,0,0,0.850405507741241,NA,NA,NA,1
AP1AR,7,0,0,0.850405507741241,NA,NA,NA,1
EIPR1,4,0,0,0.851230008219462,NA,NA,NA,1
EVA1A,4,0,0,0.851230008219462,NA,NA,NA,1
TMEM101,4,0,0,0.851230008219462,NA,NA,NA,1
GABARAP,8,0,0,0.851525384271953,NA,NA,NA,1
SNX3,5,0,0,0.851525506884396,NA,NA,NA,1
CCDC180,2,0,0,0.851742655069665,NA,NA,NA,1
PDK1,4,0,0,0.852265396514981,NA,NA,NA,1
PROSER1,7,0,0,0.852265396514981,NA,NA,NA,1
TAF9B,4,0,0,0.852265396514981,NA,NA,NA,1
SPOCK2,4,0,0,0.852502693566279,NA,NA,NA,1
RAB6B,6,0,0,0.852781600029802,NA,NA,NA,1
AHCYL2,4,0,0,0.852784921461664,NA,NA,NA,1
BAZ2A,8,0,0,0.852784921461664,NA,NA,NA,1
COPS6,7,0,0,0.852784921461664,NA,NA,NA,1
LTBP1,6,0,0,0.852784921461664,NA,NA,NA,1
PPP1R13B,5,0,0,0.852784921461664,NA,NA,NA,1
RNF123,2,0,0,0.852784921461664,NA,NA,NA,1
SIGMAR1,6,0,0,0.852784921461664,NA,NA,NA,1
ZNF70,6,0,0,0.852784921461664,NA,NA,NA,1
GSPT1,15,0,0,0.852946942318291,NA,NA,NA,1
LSM12,6,0,0,0.853171426860847,NA,NA,NA,1
RPL26L1,3,0,0,0.853171638798144,NA,NA,NA,1
CCNJ,5,0,0,0.853287334138316,NA,NA,NA,1
ARPC1A,5,0,0,0.85332580003807,NA,NA,NA,1
MTF1,5,0,0,0.85332580003807,NA,NA,NA,1
ADARB2,3,0,0,0.853456171549304,NA,NA,NA,1
AK4,6,0,0,0.853456171549304,NA,NA,NA,1
CENPO,9,0,0,0.853456171549304,NA,NA,NA,1
METTL22,7,0,0,0.853456171549304,NA,NA,NA,1
RB1,3,0,0,0.853456171549304,NA,NA,NA,1
BBS10,7,0,0,0.853471281625348,NA,NA,NA,1
DCAF10,20,0,0,0.853471281625348,NA,NA,NA,1
TLR3,6,0,0,0.853471281625348,NA,NA,NA,1
CPSF7,3,0,0,0.853510728489074,NA,NA,NA,1
ENTPD5,4,0,0,0.853510728489074,NA,NA,NA,1
FAF1,8,0,0,0.853510728489074,NA,NA,NA,1
FAM110A,4,0,0,0.853510728489074,NA,NA,NA,1
FBXL5,8,0,0,0.853510728489074,NA,NA,NA,1
KLHDC2,9,0,0,0.853510728489074,NA,NA,NA,1
LRRC27,2,0,0,0.853510728489074,NA,NA,NA,1
MAPKAPK5,8,0,0,0.853510728489074,NA,NA,NA,1
GAS2L3,3,0,0,0.853652222379787,NA,NA,NA,1
CUL4A,11,0,0,0.853833673018162,NA,NA,NA,1
SH3BP2,5,0,0,0.853833673018162,NA,NA,NA,1
SLC37A2,6,0,0,0.853847571671052,NA,NA,NA,1
RIPK2,11,0,0,0.854024342514561,NA,NA,NA,1
ACP1,8,0,0,0.854191500347497,NA,NA,NA,1
ATG4C,6,0,0,0.854191500347497,NA,NA,NA,1
CENPBD1,6,0,0,0.854191500347497,NA,NA,NA,1
DBI,6,0,0,0.854191500347497,NA,NA,NA,1
LRIG2,6,0,0,0.854191500347497,NA,NA,NA,1
LYN,11,0,0,0.854191500347497,NA,NA,NA,1
NAA20,12,0,0,0.854706351791381,NA,NA,NA,1
CHMP2B,5,0,0,0.854957095917155,NA,NA,NA,1
MACO1,8,0,0,0.855023668082848,NA,NA,NA,1
CCDC85C,13,0,0,0.855404902666617,NA,NA,NA,1
BUB1,8,0,0,0.855613669957823,NA,NA,NA,1
PRSS8,3,0,0,0.855613669957823,NA,NA,NA,1
PDIK1L,7,0,0,0.855635538430283,NA,NA,NA,1
ZDHHC14,4,0,0,0.855635538430283,NA,NA,NA,1
BIRC5,11,0,0,0.855652272652522,NA,NA,NA,1
CNOT8,5,0,0,0.855652272652522,NA,NA,NA,1
HES1,4,0,0,0.855652272652522,NA,NA,NA,1
GEMIN8,5,0,0,0.855889026478999,NA,NA,NA,1
TMEM30B,2,0,0,0.855889026478999,NA,NA,NA,1
ETFB,2,0,0,0.856153390545287,NA,NA,NA,1
FAM78A,5,0,0,0.856414761818734,NA,NA,NA,1
PCDHAC2,5,0,0,0.856470092814844,NA,NA,NA,1
SORL1,8,0,0,0.856470092814844,NA,NA,NA,1
PDLIM1,3,0,0,0.856750781828072,NA,NA,NA,1
DDX49,2,0,0,0.856756236442232,NA,NA,NA,1
MELK,6,0,0,0.856893781978373,NA,NA,NA,1
ANK3,8,0,0,0.856910320454727,NA,NA,NA,1
CLTB,10,0,0,0.856910320454727,NA,NA,NA,1
GOLM1,8,0,0,0.856910320454727,NA,NA,NA,1
RPP30,6,0,0,0.856910320454727,NA,NA,NA,1
ARSK,7,0,0,0.857326513259198,NA,NA,NA,1
SOS1,6,0,0,0.857543376782214,NA,NA,NA,1
ZC3H8,10,0,0,0.857574877937321,NA,NA,NA,1
BLOC1S5,2,0,0,0.857581817561541,NA,NA,NA,1
C2orf48,3,0,0,0.857734312747115,NA,NA,NA,1
OLA1,6,0,0,0.857747264350406,NA,NA,NA,1
XRCC1,2,0,0,0.857747264350406,NA,NA,NA,1
ETV6,5,0,0,0.858415086105887,NA,NA,NA,1
C16orf87,12,0,0,0.858856941511627,NA,NA,NA,1
GOLGA1,6,0,0,0.858856941511627,NA,NA,NA,1
CAMSAP1,4,0,0,0.858880847161453,NA,NA,NA,1
CCND2,6,0,0,0.858880847161453,NA,NA,NA,1
HIRIP3,3,0,0,0.858927643556207,NA,NA,NA,1
DNAJC18,7,0,0,0.859220199680524,NA,NA,NA,1
GNAI2,6,0,0,0.859220199680524,NA,NA,NA,1
GRAMD1B,2,0,0,0.859249105045252,NA,NA,NA,1
THOC1,5,0,0,0.859320989278442,NA,NA,NA,1
SETD9,3,0,0,0.85938532059458,NA,NA,NA,1
ARRB1,10,0,0,0.859415987387007,NA,NA,NA,1
B4GALT1,9,0,0,0.859415987387007,NA,NA,NA,1
KDM6B,4,0,0,0.859415987387007,NA,NA,NA,1
NEK7,11,0,0,0.859415987387007,NA,NA,NA,1
SNORC,3,0,0,0.859415987387007,NA,NA,NA,1
XPNPEP3,10,0,0,0.859415987387007,NA,NA,NA,1
AP5M1,14,0,0,0.859473019535837,NA,NA,NA,1
DCAF6,3,0,0,0.859473019535837,NA,NA,NA,1
KCTD15,5,0,0,0.859473019535837,NA,NA,NA,1
SPCS1,9,0,0,0.859473019535837,NA,NA,NA,1
ZNF224,11,0,0,0.859473019535837,NA,NA,NA,1
ALG3,4,0,0,0.859650766732904,NA,NA,NA,1
CALM3,5,0,0,0.859650766732904,NA,NA,NA,1
CELF1,10,0,0,0.859650766732904,NA,NA,NA,1
CEP164,4,0,0,0.859650766732904,NA,NA,NA,1
FAM102A,4,0,0,0.859650766732904,NA,NA,NA,1
HOXC6,2,0,0,0.859650766732904,NA,NA,NA,1
LTN1,6,0,0,0.859650766732904,NA,NA,NA,1
MARS,3,0,0,0.859650766732904,NA,NA,NA,1
MEST,8,0,0,0.859650766732904,NA,NA,NA,1
METTL4,5,0,0,0.859650766732904,NA,NA,NA,1
MT1E,2,0,0,0.859650766732904,NA,NA,NA,1
NAPB,8,0,0,0.859650766732904,NA,NA,NA,1
NBEAL1,12,0,0,0.859650766732904,NA,NA,NA,1
PHTF1,10,0,0,0.859650766732904,NA,NA,NA,1
SLC12A6,7,0,0,0.859650766732904,NA,NA,NA,1
ZNF17,6,0,0,0.859650766732904,NA,NA,NA,1
IQSEC1,3,0,0,0.859664015401803,NA,NA,NA,1
BMP2K,5,0,0,0.859775711844195,NA,NA,NA,1
DNAAF2,5,0,0,0.859775711844195,NA,NA,NA,1
DUSP6,4,0,0,0.859775711844195,NA,NA,NA,1
EIF4G2,11,0,0,0.859775711844195,NA,NA,NA,1
GLI4,5,0,0,0.859775711844195,NA,NA,NA,1
KIN,6,0,0,0.859775711844195,NA,NA,NA,1
MCAM,3,0,0,0.859775711844195,NA,NA,NA,1
MEX3A,4,0,0,0.859775711844195,NA,NA,NA,1
MYL12A,8,0,0,0.859775711844195,NA,NA,NA,1
NECTIN4,2,0,0,0.859775711844195,NA,NA,NA,1
P4HB,9,0,0,0.859775711844195,NA,NA,NA,1
PIP5KL1,4,0,0,0.859775711844195,NA,NA,NA,1
REPS2,6,0,0,0.859775711844195,NA,NA,NA,1
RFTN1,5,0,0,0.859775711844195,NA,NA,NA,1
RIOK1,4,0,0,0.859775711844195,NA,NA,NA,1
RPS28,4,0,0,0.859775711844195,NA,NA,NA,1
SLC9A3R1,8,0,0,0.859775711844195,NA,NA,NA,1
TCEAL3,2,0,0,0.859775711844195,NA,NA,NA,1
TSPAN33,2,0,0,0.859775711844195,NA,NA,NA,1
UBR4,4,0,0,0.859775711844195,NA,NA,NA,1
WAPL,4,0,0,0.859775711844195,NA,NA,NA,1
ZC3H7B,5,0,0,0.859775711844195,NA,NA,NA,1
ZNF709,4,0,0,0.859775711844195,NA,NA,NA,1
C2orf69,4,0,0,0.859858367935235,NA,NA,NA,1
CASP6,12,0,0,0.859858367935235,NA,NA,NA,1
DDX47,7,0,0,0.859858367935235,NA,NA,NA,1
GNG11,7,0,0,0.859858367935235,NA,NA,NA,1
MINDY1,6,0,0,0.859858367935235,NA,NA,NA,1
NCKAP1,15,0,0,0.859858367935235,NA,NA,NA,1
RGS5,5,0,0,0.859858367935235,NA,NA,NA,1
RRBP1,6,0,0,0.859858367935235,NA,NA,NA,1
STK36,4,0,0,0.859858367935235,NA,NA,NA,1
TPI1,9,0,0,0.859858367935235,NA,NA,NA,1
ZYG11B,5,0,0,0.859858367935235,NA,NA,NA,1
KIAA0368,5,0,0,0.860191426215817,NA,NA,NA,1
PEA15,9,0,0,0.861433011412932,NA,NA,NA,1
PRSS21,7,0,0,0.861433011412932,NA,NA,NA,1
USP36,12,0,0,0.861534809387664,NA,NA,NA,1
TIGD2,10,0,0,0.861571221444181,NA,NA,NA,1
KCTD4,4,0,0,0.861591122410202,NA,NA,NA,1
ANKRD27,2,0,0,0.861689850068675,NA,NA,NA,1
CCZ1,2,0,0,0.861689850068675,NA,NA,NA,1
KCNK15,5,0,0,0.861689850068675,NA,NA,NA,1
KIF1BP,2,0,0,0.861689850068675,NA,NA,NA,1
TMEM5,4,0,0,0.861689850068675,NA,NA,NA,1
URB2,18,0,0,0.861689850068675,NA,NA,NA,1
ZFYVE9,12,0,0,0.861689850068675,NA,NA,NA,1
GMFB,12,0,0,0.861746298330039,NA,NA,NA,1
BIRC2,3,0,0,0.861777532463796,NA,NA,NA,1
ARNT,12,0,0,0.861795345913584,NA,NA,NA,1
CACFD1,2,0,0,0.861795345913584,NA,NA,NA,1
NAXD,7,0,0,0.861795345913584,NA,NA,NA,1
SLC16A5,5,0,0,0.861795345913584,NA,NA,NA,1
NFXL1,9,0,0,0.861990870218948,NA,NA,NA,1
NT5C2,14,0,0,0.861990870218948,NA,NA,NA,1
PHACTR3,2,0,0,0.862032095901438,NA,NA,NA,1
MAGT1,16,0,0,0.862308442117858,NA,NA,NA,1
MAP3K1,2,0,0,0.862731713302199,NA,NA,NA,1
NOP9,6,0,0,0.863041712262643,NA,NA,NA,1
TRIOBP,11,0,0,0.863041712262643,NA,NA,NA,1
GTF2B,5,0,0,0.863263042506705,NA,NA,NA,1
ST6GALNAC5,4,0,0,0.863263042506705,NA,NA,NA,1
CENPP,7,0,0,0.863480584962396,NA,NA,NA,1
COX14,7,0,0,0.863480584962396,NA,NA,NA,1
DIXDC1,9,0,0,0.863480584962396,NA,NA,NA,1
IFT57,4,0,0,0.863480584962396,NA,NA,NA,1
METTL15,5,0,0,0.863480584962396,NA,NA,NA,1
PPIC,16,0,0,0.863480584962396,NA,NA,NA,1
C15orf38-AP3S2,12,0,0,0.863721082457282,NA,NA,NA,1
PSMD7,3,0,0,0.863721082457282,NA,NA,NA,1
AL161911.1,8,0,0,0.863816258534432,NA,NA,NA,1
CEBPG,11,0,0,0.863828178008017,NA,NA,NA,1
MYL12B,12,0,0,0.863828178008017,NA,NA,NA,1
CFL1,8,0,0,0.863843199972192,NA,NA,NA,1
GTF3C6,8,0,0,0.863843199972192,NA,NA,NA,1
KIFAP3,5,0,0,0.863843199972192,NA,NA,NA,1
SRRM2,3,0,0,0.863843199972192,NA,NA,NA,1
TRIM33,11,0,0,0.863843199972192,NA,NA,NA,1
FGGY,2,0,0,0.864171781354936,NA,NA,NA,1
EIF2AK3,2,0,0,0.864331717828914,NA,NA,NA,1
KDM4C,3,0,0,0.864331717828914,NA,NA,NA,1
SNRPD3,13,0,0,0.864331717828914,NA,NA,NA,1
CD46,12,0,0,0.864483055791611,NA,NA,NA,1
FOXD1,4,0,0,0.864483055791611,NA,NA,NA,1
MISP,4,0,0,0.864483055791611,NA,NA,NA,1
MTM1,3,0,0,0.864483055791611,NA,NA,NA,1
JMY,4,0,0,0.865960252865268,NA,NA,NA,1
SELENOW,2,0,0,0.866222179318003,NA,NA,NA,1
SLC25A4,6,0,0,0.86723777075708,NA,NA,NA,1
GGACT,5,0,0,0.86757086895431,NA,NA,NA,1
ELAVL2,4,0,0,0.867883950292412,NA,NA,NA,1
GPR173,2,0,0,0.867883950292412,NA,NA,NA,1
IGFL1,2,0,0,0.867883950292412,NA,NA,NA,1
LTC4S,2,0,0,0.867883950292412,NA,NA,NA,1
MARCH5,16,0,0,0.867883950292412,NA,NA,NA,1
NAXE,8,0,0,0.867883950292412,NA,NA,NA,1
NUP88,7,0,0,0.867883950292412,NA,NA,NA,1
PER2,6,0,0,0.867883950292412,NA,NA,NA,1
PRKACB,7,0,0,0.867883950292412,NA,NA,NA,1
SSH3,3,0,0,0.867883950292412,NA,NA,NA,1
IMP4,16,0,0,0.868079264484554,NA,NA,NA,1
ST14,3,0,0,0.868079264484554,NA,NA,NA,1
FASN,5,0,0,0.868088723943562,NA,NA,NA,1
OGG1,3,0,0,0.868088723943562,NA,NA,NA,1
ZBTB17,4,0,0,0.868088723943562,NA,NA,NA,1
ZNF830,11,0,0,0.868173666991715,NA,NA,NA,1
ATG4B,4,0,0,0.868245403517633,NA,NA,NA,1
CCNJL,9,0,0,0.868245403517633,NA,NA,NA,1
DST,7,0,0,0.868245403517633,NA,NA,NA,1
JAG2,7,0,0,0.868245403517633,NA,NA,NA,1
MIPOL1,12,0,0,0.868245403517633,NA,NA,NA,1
STARD7,7,0,0,0.868347982965569,NA,NA,NA,1
PDLIM5,11,0,0,0.869478706713286,NA,NA,NA,1
CCDC171,4,0,0,0.869540535048755,NA,NA,NA,1
C14orf93,4,0,0,0.869798993642518,NA,NA,NA,1
FZD7,6,0,0,0.869798993642518,NA,NA,NA,1
LPP,10,0,0,0.869798993642518,NA,NA,NA,1
NMD3,7,0,0,0.869798993642518,NA,NA,NA,1
SELENON,4,0,0,0.869798993642518,NA,NA,NA,1
TTC30A,16,0,0,0.869798993642518,NA,NA,NA,1
ARL9,2,0,0,0.869833478455319,NA,NA,NA,1
CDKN1A,9,0,0,0.869833478455319,NA,NA,NA,1
CENPA,12,0,0,0.869833478455319,NA,NA,NA,1
CHPT1,5,0,0,0.869833478455319,NA,NA,NA,1
CREBBP,8,0,0,0.869833478455319,NA,NA,NA,1
LAPTM4B,7,0,0,0.869833478455319,NA,NA,NA,1
MRAS,5,0,0,0.869833478455319,NA,NA,NA,1
TM4SF1,7,0,0,0.869833478455319,NA,NA,NA,1
TMEM170B,4,0,0,0.869833478455319,NA,NA,NA,1
TRAP1,5,0,0,0.869833478455319,NA,NA,NA,1
ZFP62,9,0,0,0.869833478455319,NA,NA,NA,1
SNX24,8,0,0,0.870123291094277,NA,NA,NA,1
ADIPOR2,8,0,0,0.870292848089577,NA,NA,NA,1
EWSR1,4,0,0,0.870348705256731,NA,NA,NA,1
APOBEC3F,3,0,0,0.8704802510011,NA,NA,NA,1
CEP57L1,8,0,0,0.870701466463899,NA,NA,NA,1
NFE2L3,3,0,0,0.871034075481647,NA,NA,NA,1
SCYL2,6,0,0,0.871034075481647,NA,NA,NA,1
BRF2,6,0,0,0.871166450627484,NA,NA,NA,1
JAG1,7,0,0,0.871166450627484,NA,NA,NA,1
ADGRG1,5,0,0,0.87128746080187,NA,NA,NA,1
SLC25A23,2,0,0,0.87128746080187,NA,NA,NA,1
ZNF229,2,0,0,0.87128746080187,NA,NA,NA,1
NEURL1B,4,0,0,0.871426013812556,NA,NA,NA,1
ESYT1,7,0,0,0.871449203152664,NA,NA,NA,1
VNN1,5,0,0,0.871449203152664,NA,NA,NA,1
UBA2,10,0,0,0.871511930817117,NA,NA,NA,1
ANKRD42,3,0,0,0.871626744503753,NA,NA,NA,1
ATP2A2,3,0,0,0.871626744503753,NA,NA,NA,1
DYRK4,4,0,0,0.871626744503753,NA,NA,NA,1
EIF5A,4,0,0,0.871626744503753,NA,NA,NA,1
HACD1,5,0,0,0.871626744503753,NA,NA,NA,1
ISM1,3,0,0,0.871626744503753,NA,NA,NA,1
ZMYM2,22,0,0,0.871626744503753,NA,NA,NA,1
ANTXR1,8,0,0,0.871666197968872,NA,NA,NA,1
MCU,4,0,0,0.871666197968872,NA,NA,NA,1
METTL6,11,0,0,0.871666197968872,NA,NA,NA,1
PPP1CA,3,0,0,0.871666197968872,NA,NA,NA,1
PTBP2,8,0,0,0.871666197968872,NA,NA,NA,1
ASPHD2,3,0,0,0.872309104732187,NA,NA,NA,1
CREB3L2,5,0,0,0.872309104732187,NA,NA,NA,1
HIST1H2BH,5,0,0,0.872309104732187,NA,NA,NA,1
KLC3,2,0,0,0.87241262418044,NA,NA,NA,1
AKIP1,7,0,0,0.872737260941046,NA,NA,NA,1
ARIH2,4,0,0,0.872737260941046,NA,NA,NA,1
ASB7,5,0,0,0.872737260941046,NA,NA,NA,1
BTBD10,6,0,0,0.872737260941046,NA,NA,NA,1
COMMD3-BMI1,9,0,0,0.872737260941046,NA,NA,NA,1
DNAJC12,5,0,0,0.872737260941046,NA,NA,NA,1
FNIP1,4,0,0,0.872737260941046,NA,NA,NA,1
GATA6,9,0,0,0.872737260941046,NA,NA,NA,1
HDHD5,2,0,0,0.872737260941046,NA,NA,NA,1
HSPBAP1,3,0,0,0.872737260941046,NA,NA,NA,1
ITPR1,3,0,0,0.872737260941046,NA,NA,NA,1
KIAA1217,5,0,0,0.872737260941046,NA,NA,NA,1
LRIF1,10,0,0,0.872737260941046,NA,NA,NA,1
MCFD2,7,0,0,0.872737260941046,NA,NA,NA,1
NFATC2IP,11,0,0,0.872737260941046,NA,NA,NA,1
PBRM1,13,0,0,0.872737260941046,NA,NA,NA,1
PDHX,10,0,0,0.872737260941046,NA,NA,NA,1
PMS1,5,0,0,0.872737260941046,NA,NA,NA,1
RERG,2,0,0,0.872737260941046,NA,NA,NA,1
RNFT2,2,0,0,0.872737260941046,NA,NA,NA,1
RPS13,3,0,0,0.872737260941046,NA,NA,NA,1
S100A6,4,0,0,0.872737260941046,NA,NA,NA,1
SART1,3,0,0,0.872737260941046,NA,NA,NA,1
SDAD1,6,0,0,0.872737260941046,NA,NA,NA,1
SH3YL1,6,0,0,0.872737260941046,NA,NA,NA,1
SHROOM1,4,0,0,0.872737260941046,NA,NA,NA,1
SMIM10L2B,2,0,0,0.872737260941046,NA,NA,NA,1
SPIN2B,8,0,0,0.872737260941046,NA,NA,NA,1
SSFA2,5,0,0,0.872737260941046,NA,NA,NA,1
SUFU,4,0,0,0.872737260941046,NA,NA,NA,1
SULF1,4,0,0,0.872737260941046,NA,NA,NA,1
SUPT4H1,9,0,0,0.872737260941046,NA,NA,NA,1
SUPT6H,5,0,0,0.872737260941046,NA,NA,NA,1
TIPRL,7,0,0,0.872737260941046,NA,NA,NA,1
TMEM117,3,0,0,0.872737260941046,NA,NA,NA,1
TMEM62,2,0,0,0.872737260941046,NA,NA,NA,1
TNFSF13B,3,0,0,0.872737260941046,NA,NA,NA,1
UACA,10,0,0,0.872737260941046,NA,NA,NA,1
USF2,4,0,0,0.872737260941046,NA,NA,NA,1
ZNF106,10,0,0,0.872737260941046,NA,NA,NA,1
ZNF268,8,0,0,0.872737260941046,NA,NA,NA,1
ZNF587,16,0,0,0.872737260941046,NA,NA,NA,1
PRR14L,4,0,0,0.872971325277569,NA,NA,NA,1
ABHD12,2,0,0,0.873005534062526,NA,NA,NA,1
ECT2,8,0,0,0.873005534062526,NA,NA,NA,1
PRKD1,3,0,0,0.873005534062526,NA,NA,NA,1
EMC4,5,0,0,0.873119388714118,NA,NA,NA,1
YME1L1,14,0,0,0.873119388714118,NA,NA,NA,1
HUWE1,6,0,0,0.873340982849359,NA,NA,NA,1
POPDC3,4,0,0,0.873340982849359,NA,NA,NA,1
USP53,7,0,0,0.873340982849359,NA,NA,NA,1
DHCR24,12,0,0,0.873355899516789,NA,NA,NA,1
WWC1,8,0,0,0.873613658442736,NA,NA,NA,1
SRP9,11,0,0,0.873755890820449,NA,NA,NA,1
ACSF3,5,0,0,0.874016032663957,NA,NA,NA,1
MZT2A,4,0,0,0.874016032663957,NA,NA,NA,1
RPS6KC1,6,0,0,0.874016032663957,NA,NA,NA,1
TRAF4,4,0,0,0.874016032663957,NA,NA,NA,1
ZNF524,6,0,0,0.874016032663957,NA,NA,NA,1
ASB13,3,0,0,0.87450468606636,NA,NA,NA,1
HOXA3,5,0,0,0.874517339587821,NA,NA,NA,1
POLL,4,0,0,0.874517339587821,NA,NA,NA,1
PRPF39,2,0,0,0.875170360529949,NA,NA,NA,1
SWSAP1,7,0,0,0.875170360529949,NA,NA,NA,1
MAP4K3,4,0,0,0.875208088716859,NA,NA,NA,1
HAUS3,2,0,0,0.87525313911499,NA,NA,NA,1
LMBR1L,4,0,0,0.87525313911499,NA,NA,NA,1
RASSF6,2,0,0,0.87525313911499,NA,NA,NA,1
TMEM241,8,0,0,0.875320111461142,NA,NA,NA,1
CEMIP,2,0,0,0.875346419266251,NA,NA,NA,1
AGFG2,11,0,0,0.875494405870708,NA,NA,NA,1
HNRNPLL,12,0,0,0.875494405870708,NA,NA,NA,1
KDR,3,0,0,0.875494405870708,NA,NA,NA,1
MEF2D,7,0,0,0.875494405870708,NA,NA,NA,1
SLC22A15,7,0,0,0.875494405870708,NA,NA,NA,1
SMURF2,13,0,0,0.875494405870708,NA,NA,NA,1
SP6,2,0,0,0.875494405870708,NA,NA,NA,1
COL5A2,8,0,0,0.875580852028897,NA,NA,NA,1
SMG6,2,0,0,0.875580852028897,NA,NA,NA,1
EZH1,2,0,0,0.875630510177765,NA,NA,NA,1
FBXO44,2,0,0,0.875658640415977,NA,NA,NA,1
L3MBTL2,6,0,0,0.875658640415977,NA,NA,NA,1
POLR3F,4,0,0,0.875658640415977,NA,NA,NA,1
TANC1,6,0,0,0.875658640415977,NA,NA,NA,1
UBE2E1,9,0,0,0.875658640415977,NA,NA,NA,1
ZNF140,2,0,0,0.875658640415977,NA,NA,NA,1
CDKAL1,6,0,0,0.875834315652448,NA,NA,NA,1
ADAMTS7,2,0,0,0.875966625377001,NA,NA,NA,1
BCL10,11,0,0,0.875966625377001,NA,NA,NA,1
STRA6,2,0,0,0.875966625377001,NA,NA,NA,1
TMEM92,6,0,0,0.875966625377001,NA,NA,NA,1
AARD,5,0,0,0.876186583946457,NA,NA,NA,1
HIST1H3C,3,0,0,0.876186583946457,NA,NA,NA,1
PLCG2,2,0,0,0.876186583946457,NA,NA,NA,1
RAD51,10,0,0,0.876186583946457,NA,NA,NA,1
ZBTB5,4,0,0,0.876186583946457,NA,NA,NA,1
MRPL40,2,0,0,0.876269156014199,NA,NA,NA,1
TRABD,2,0,0,0.876269156014199,NA,NA,NA,1
TRIP6,3,0,0,0.876269156014199,NA,NA,NA,1
SRGAP2,5,0,0,0.876455341001171,NA,NA,NA,1
HSPA13,10,0,0,0.876528185967496,NA,NA,NA,1
GSTK1,5,0,0,0.876563088471323,NA,NA,NA,1
GTF2H1,9,0,0,0.876591858486822,NA,NA,NA,1
EIF2B4,3,0,0,0.876657912213972,NA,NA,NA,1
MSRB2,6,0,0,0.876657912213972,NA,NA,NA,1
CDK1,20,0,0,0.876880531168449,NA,NA,NA,1
LRRC8C,5,0,0,0.876929810437938,NA,NA,NA,1
BCL9L,5,0,0,0.877189616438661,NA,NA,NA,1
ZMYND11,10,0,0,0.877189616438661,NA,NA,NA,1
NDUFAF8,8,0,0,0.878676995498078,NA,NA,NA,1
DAP,3,0,0,0.879024835675371,NA,NA,NA,1
FAM86C1,6,0,0,0.879024835675371,NA,NA,NA,1
GDAP1,5,0,0,0.879024835675371,NA,NA,NA,1
MPZL3,5,0,0,0.879024835675371,NA,NA,NA,1
RPA1,5,0,0,0.879024835675371,NA,NA,NA,1
C1QBP,7,0,0,0.879149448442811,NA,NA,NA,1
TNFRSF10B,10,0,0,0.879149448442811,NA,NA,NA,1
CTBP1,5,0,0,0.879207953547882,NA,NA,NA,1
ECHDC2,4,0,0,0.879207953547882,NA,NA,NA,1
ECHS1,4,0,0,0.879207953547882,NA,NA,NA,1
FBXO33,5,0,0,0.879207953547882,NA,NA,NA,1
KIF2C,5,0,0,0.879207953547882,NA,NA,NA,1
RPL36AL,2,0,0,0.879207953547882,NA,NA,NA,1
ALAS1,4,0,0,0.879263539441736,NA,NA,NA,1
BAG4,6,0,0,0.879263539441736,NA,NA,NA,1
LTBP2,4,0,0,0.879263539441736,NA,NA,NA,1
PDIA6,13,0,0,0.879263539441736,NA,NA,NA,1
SLC28A3,5,0,0,0.879263539441736,NA,NA,NA,1
VAC14,3,0,0,0.879263539441736,NA,NA,NA,1
HIGD2A,5,0,0,0.879306650480036,NA,NA,NA,1
TFE3,2,0,0,0.879309595148957,NA,NA,NA,1
ATN1,4,0,0,0.879598565969056,NA,NA,NA,1
ESS2,4,0,0,0.879598565969056,NA,NA,NA,1
IFT80,7,0,0,0.879598565969056,NA,NA,NA,1
RIT1,12,0,0,0.879598565969056,NA,NA,NA,1
RMI2,4,0,0,0.879598565969056,NA,NA,NA,1
SLC23A2,10,0,0,0.879598565969056,NA,NA,NA,1
VPS13C,7,0,0,0.879598565969056,NA,NA,NA,1
FIBP,5,0,0,0.879703867265141,NA,NA,NA,1
HHIPL2,2,0,0,0.879703867265141,NA,NA,NA,1
MINDY2,12,0,0,0.879703867265141,NA,NA,NA,1
MRPS15,4,0,0,0.879703867265141,NA,NA,NA,1
PLEKHA2,2,0,0,0.879703867265141,NA,NA,NA,1
SLC30A5,15,0,0,0.879703867265141,NA,NA,NA,1
ARHGEF7,6,0,0,0.87978407494341,NA,NA,NA,1
FYN,5,0,0,0.87978407494341,NA,NA,NA,1
NOP10,5,0,0,0.87978407494341,NA,NA,NA,1
NR1H2,5,0,0,0.87978407494341,NA,NA,NA,1
PSMD1,4,0,0,0.87978407494341,NA,NA,NA,1
UBL4A,4,0,0,0.87978407494341,NA,NA,NA,1
TMEM143,3,0,0,0.87979597370368,NA,NA,NA,1
TMBIM4,8,0,0,0.8798861164523,NA,NA,NA,1
CDPF1,3,0,0,0.879947906958452,NA,NA,NA,1
EEF1AKMT1,4,0,0,0.879947906958452,NA,NA,NA,1
NCBP3,15,0,0,0.879947906958452,NA,NA,NA,1
NRG1,10,0,0,0.879947906958452,NA,NA,NA,1
RALB,2,0,0,0.879947906958452,NA,NA,NA,1
SNX25,13,0,0,0.879947906958452,NA,NA,NA,1
SOS2,8,0,0,0.879947906958452,NA,NA,NA,1
SPATA2,4,0,0,0.879947906958452,NA,NA,NA,1
SYNJ2BP-COX16,8,0,0,0.879947906958452,NA,NA,NA,1
TMEM87A,10,0,0,0.879947906958452,NA,NA,NA,1
UBE2D3,18,0,0,0.879947906958452,NA,NA,NA,1
YWHAH,4,0,0,0.879947906958452,NA,NA,NA,1
EDEM3,2,0,0,0.880134448331582,NA,NA,NA,1
EIF4E2,10,0,0,0.881032747979689,NA,NA,NA,1
LYRM1,2,0,0,0.881032747979689,NA,NA,NA,1
NIT2,18,0,0,0.881032747979689,NA,NA,NA,1
NME2,3,0,0,0.881032747979689,NA,NA,NA,1
PLGRKT,4,0,0,0.881032747979689,NA,NA,NA,1
SPHK2,3,0,0,0.881032747979689,NA,NA,NA,1
SQSTM1,11,0,0,0.881032747979689,NA,NA,NA,1
TRIM25,10,0,0,0.881032747979689,NA,NA,NA,1
IFI44L,4,0,0,0.881129316462149,NA,NA,NA,1
TNIP2,3,0,0,0.881175006559915,NA,NA,NA,1
SACM1L,9,0,0,0.881194298342233,NA,NA,NA,1
ASB3,3,0,0,0.881242801345644,NA,NA,NA,1
CXXC4,3,0,0,0.881242801345644,NA,NA,NA,1
ENSA,14,0,0,0.881242801345644,NA,NA,NA,1
HEATR6,2,0,0,0.881242801345644,NA,NA,NA,1
SAMD4B,6,0,0,0.881242801345644,NA,NA,NA,1
AHCTF1,6,0,0,0.881275936763767,NA,NA,NA,1
LRRC6,5,0,0,0.881275936763767,NA,NA,NA,1
TSGA10,2,0,0,0.881275936763767,NA,NA,NA,1
ZNF107,8,0,0,0.881275936763767,NA,NA,NA,1
COMMD4,5,0,0,0.88146553115605,NA,NA,NA,1
FBXW7,8,0,0,0.88160570293738,NA,NA,NA,1
C17orf58,2,0,0,0.881608271944249,NA,NA,NA,1
EIF3A,8,0,0,0.881608271944249,NA,NA,NA,1
HAGH,7,0,0,0.881847690673946,NA,NA,NA,1
TMEM100,3,0,0,0.881847690673946,NA,NA,NA,1
PDE8A,4,0,0,0.881968885877034,NA,NA,NA,1
ZNF189,6,0,0,0.881968885877034,NA,NA,NA,1
NPHP1,3,0,0,0.882196041523155,NA,NA,NA,1
LIN52,5,0,0,0.882347629809156,NA,NA,NA,1
PDCD7,5,0,0,0.882347629809156,NA,NA,NA,1
SLC52A2,3,0,0,0.882439397941874,NA,NA,NA,1
ABCD3,7,0,0,0.882581079081763,NA,NA,NA,1
AP3D1,6,0,0,0.882687643786183,NA,NA,NA,1
CCDC9,3,0,0,0.882687643786183,NA,NA,NA,1
KIAA2013,4,0,0,0.882687643786183,NA,NA,NA,1
MICU1,3,0,0,0.882687643786183,NA,NA,NA,1
PTHLH,2,0,0,0.882687643786183,NA,NA,NA,1
TESK1,4,0,0,0.882687643786183,NA,NA,NA,1
UBE2Q2,7,0,0,0.882687643786183,NA,NA,NA,1
HSPBP1,2,0,0,0.882774902198798,NA,NA,NA,1
KLHL20,10,0,0,0.882774902198798,NA,NA,NA,1
KLK7,6,0,0,0.882774902198798,NA,NA,NA,1
ANP32A,7,0,0,0.882892856975532,NA,NA,NA,1
ATG10,13,0,0,0.882892856975532,NA,NA,NA,1
CARM1,4,0,0,0.882892856975532,NA,NA,NA,1
CTSZ,12,0,0,0.882892856975532,NA,NA,NA,1
CYR61,4,0,0,0.882892856975532,NA,NA,NA,1
ENDOG,2,0,0,0.882892856975532,NA,NA,NA,1
GPBP1L1,8,0,0,0.882892856975532,NA,NA,NA,1
LUZP2,3,0,0,0.882892856975532,NA,NA,NA,1
MAF,4,0,0,0.882892856975532,NA,NA,NA,1
NELFB,2,0,0,0.882892856975532,NA,NA,NA,1
NLE1,10,0,0,0.882892856975532,NA,NA,NA,1
NPC2,5,0,0,0.882892856975532,NA,NA,NA,1
PLEKHO1,2,0,0,0.882892856975532,NA,NA,NA,1
PTGER4,2,0,0,0.882892856975532,NA,NA,NA,1
RANBP2,11,0,0,0.882892856975532,NA,NA,NA,1
RNF150,4,0,0,0.882892856975532,NA,NA,NA,1
SELENOS,5,0,0,0.882892856975532,NA,NA,NA,1
UNC5C,2,0,0,0.882892856975532,NA,NA,NA,1
ZEB1,6,0,0,0.882892856975532,NA,NA,NA,1
ZNF829,3,0,0,0.882892856975532,NA,NA,NA,1
PPIP5K2,10,0,0,0.883232325971735,NA,NA,NA,1
PRR14,2,0,0,0.883232325971735,NA,NA,NA,1
ZNF239,6,0,0,0.883232325971735,NA,NA,NA,1
COMMD10,11,0,0,0.883337039213124,NA,NA,NA,1
EHD3,6,0,0,0.883337039213124,NA,NA,NA,1
MRPL28,4,0,0,0.883337039213124,NA,NA,NA,1
ARMC9,4,0,0,0.883755622916042,NA,NA,NA,1
C11orf84,2,0,0,0.883755622916042,NA,NA,NA,1
FNBP4,3,0,0,0.883755622916042,NA,NA,NA,1
JUN,12,0,0,0.883755622916042,NA,NA,NA,1
MYPN,3,0,0,0.883755622916042,NA,NA,NA,1
USP11,4,0,0,0.883755622916042,NA,NA,NA,1
FAM168B,11,0,0,0.883766542779534,NA,NA,NA,1
LDAH,9,0,0,0.883863408120929,NA,NA,NA,1
MRPL50,9,0,0,0.883863408120929,NA,NA,NA,1
RASSF9,3,0,0,0.883863408120929,NA,NA,NA,1
TOR1A,9,0,0,0.883863408120929,NA,NA,NA,1
CCPG1,5,0,0,0.883909874980721,NA,NA,NA,1
NUDT9,4,0,0,0.883984673684292,NA,NA,NA,1
TAX1BP1,21,0,0,0.883984673684292,NA,NA,NA,1
JPH2,7,0,0,0.884075994816606,NA,NA,NA,1
AK2,8,0,0,0.884124192502983,NA,NA,NA,1
GALK1,2,0,0,0.88431284357386,NA,NA,NA,1
BAK1,5,0,0,0.884671037426289,NA,NA,NA,1
ACTB,11,0,0,0.884686143438272,NA,NA,NA,1
ADGRF1,5,0,0,0.884686143438272,NA,NA,NA,1
B3GALT5,3,0,0,0.884686143438272,NA,NA,NA,1
DZIP1,16,0,0,0.884686143438272,NA,NA,NA,1
EID1,17,0,0,0.884686143438272,NA,NA,NA,1
HSD11B1,2,0,0,0.884686143438272,NA,NA,NA,1
KIAA1671,4,0,0,0.884686143438272,NA,NA,NA,1
MARK1,7,0,0,0.884686143438272,NA,NA,NA,1
PASK,2,0,0,0.884686143438272,NA,NA,NA,1
RAB12,5,0,0,0.884686143438272,NA,NA,NA,1
RPL13A,13,0,0,0.884686143438272,NA,NA,NA,1
TCEA3,4,0,0,0.884686143438272,NA,NA,NA,1
TUFT1,2,0,0,0.884686143438272,NA,NA,NA,1
TUBB6,5,0,0,0.884702972979625,NA,NA,NA,1
ZNF639,16,0,0,0.884702972979625,NA,NA,NA,1
FAM210A,11,0,0,0.884984283769829,NA,NA,NA,1
C14orf28,3,0,0,0.885046872960775,NA,NA,NA,1
USP37,6,0,0,0.885046872960775,NA,NA,NA,1
ST20-MTHFS,6,0,0,0.88506640684107,NA,NA,NA,1
NCEH1,9,0,0,0.885181866148522,NA,NA,NA,1
PATZ1,2,0,0,0.885181866148522,NA,NA,NA,1
DLX2,4,0,0,0.88539819560389,NA,NA,NA,1
BCL2L15,3,0,0,0.885478617529819,NA,NA,NA,1
PPP3CC,7,0,0,0.885478617529819,NA,NA,NA,1
LRRC40,8,0,0,0.885514419324728,NA,NA,NA,1
ZNF468,3,0,0,0.885774758543749,NA,NA,NA,1
B9D1,2,0,0,0.885914900118528,NA,NA,NA,1
IRS2,8,0,0,0.886497075235865,NA,NA,NA,1
NRL,5,0,0,0.88672549142036,NA,NA,NA,1
DNAJB6,2,0,0,0.886771607447541,NA,NA,NA,1
FMNL3,12,0,0,0.886771607447541,NA,NA,NA,1
AKAP8,5,0,0,0.886896943985051,NA,NA,NA,1
ANAPC10,5,0,0,0.886896943985051,NA,NA,NA,1
GYG1,5,0,0,0.886896943985051,NA,NA,NA,1
IFFO1,4,0,0,0.886896943985051,NA,NA,NA,1
RALGPS1,3,0,0,0.886896943985051,NA,NA,NA,1
SDSL,2,0,0,0.886896943985051,NA,NA,NA,1
SYF2,8,0,0,0.886896943985051,NA,NA,NA,1
HABP4,5,0,0,0.887036549057153,NA,NA,NA,1
MYC,4,0,0,0.887036549057153,NA,NA,NA,1
TMEM56-RWDD3,4,0,0,0.887036549057153,NA,NA,NA,1
ZDHHC23,3,0,0,0.887036549057153,NA,NA,NA,1
ZNF554,6,0,0,0.887036549057153,NA,NA,NA,1
CASC3,3,0,0,0.88722871637114,NA,NA,NA,1
ZNF652,4,0,0,0.88722871637114,NA,NA,NA,1
CLTA,2,0,0,0.887360197845645,NA,NA,NA,1
LOC100996842,4,0,0,0.887360197845645,NA,NA,NA,1
PCSK7,2,0,0,0.887360197845645,NA,NA,NA,1
EMG1,4,0,0,0.887471788545437,NA,NA,NA,1
AKR1A1,2,0,0,0.887621872432862,NA,NA,NA,1
CLDN10,5,0,0,0.88779675699356,NA,NA,NA,1
GK5,15,0,0,0.88779675699356,NA,NA,NA,1
SCEL,5,0,0,0.88779675699356,NA,NA,NA,1
SLC25A26,9,0,0,0.88779675699356,NA,NA,NA,1
ADNP,9,0,0,0.887894414567382,NA,NA,NA,1
C15orf40,2,0,0,0.887894414567382,NA,NA,NA,1
CENPL,7,0,0,0.887894414567382,NA,NA,NA,1
DCUN1D3,11,0,0,0.887894414567382,NA,NA,NA,1
LATS1,5,0,0,0.887894414567382,NA,NA,NA,1
MAML1,10,0,0,0.887894414567382,NA,NA,NA,1
MAP2K4,8,0,0,0.887894414567382,NA,NA,NA,1
WDR27,2,0,0,0.887894414567382,NA,NA,NA,1
ZBED3,11,0,0,0.888143973864918,NA,NA,NA,1
AIMP2,2,0,0,0.888302332395638,NA,NA,NA,1
DLG4,2,0,0,0.888302332395638,NA,NA,NA,1
NCLN,6,0,0,0.888302332395638,NA,NA,NA,1
AHI1,3,0,0,0.88853478679273,NA,NA,NA,1
CD276,4,0,0,0.88853478679273,NA,NA,NA,1
COA7,8,0,0,0.88853478679273,NA,NA,NA,1
GNPTG,9,0,0,0.88853478679273,NA,NA,NA,1
HSD17B7,2,0,0,0.88853478679273,NA,NA,NA,1
PTMS,4,0,0,0.88853478679273,NA,NA,NA,1
PWWP2A,7,0,0,0.88853478679273,NA,NA,NA,1
RAB23,6,0,0,0.88853478679273,NA,NA,NA,1
RAB33B,5,0,0,0.88853478679273,NA,NA,NA,1
SELENBP1,3,0,0,0.88853478679273,NA,NA,NA,1
TRAPPC6B,9,0,0,0.88853478679273,NA,NA,NA,1
UNC13D,2,0,0,0.88853478679273,NA,NA,NA,1
ZSCAN2,2,0,0,0.88853478679273,NA,NA,NA,1
MARC2,2,0,0,0.888615393255337,NA,NA,NA,1
C1orf43,6,0,0,0.888677948337264,NA,NA,NA,1
CSPP1,4,0,0,0.888677948337264,NA,NA,NA,1
EXTL2,8,0,0,0.888677948337264,NA,NA,NA,1
FUBP3,10,0,0,0.888677948337264,NA,NA,NA,1
MICAL3,4,0,0,0.888677948337264,NA,NA,NA,1
MRPL21,2,0,0,0.888677948337264,NA,NA,NA,1
NDUFB4,2,0,0,0.888677948337264,NA,NA,NA,1
PTK2,8,0,0,0.888677948337264,NA,NA,NA,1
SYDE1,5,0,0,0.888677948337264,NA,NA,NA,1
TBC1D32,2,0,0,0.888677948337264,NA,NA,NA,1
THUMPD1,6,0,0,0.888677948337264,NA,NA,NA,1
TNFAIP3,5,0,0,0.888677948337264,NA,NA,NA,1
USP35,5,0,0,0.888677948337264,NA,NA,NA,1
WDR45,3,0,0,0.888677948337264,NA,NA,NA,1
CENPI,14,0,0,0.888857655160077,NA,NA,NA,1
PEX6,3,0,0,0.88934774154248,NA,NA,NA,1
NFRKB,4,0,0,0.88961135541711,NA,NA,NA,1
MLF1,5,0,0,0.889804423730637,NA,NA,NA,1
FSD1L,12,0,0,0.889858081725842,NA,NA,NA,1
SYVN1,2,0,0,0.889858081725842,NA,NA,NA,1
ELL2,7,0,0,0.890141476447075,NA,NA,NA,1
CCDC15,3,0,0,0.890158235681294,NA,NA,NA,1
HIVEP2,6,0,0,0.890158235681294,NA,NA,NA,1
LYPD6,4,0,0,0.890158235681294,NA,NA,NA,1
TNFAIP8,13,0,0,0.890158235681294,NA,NA,NA,1
XPC,2,0,0,0.890158235681294,NA,NA,NA,1
AGTPBP1,6,0,0,0.890517075547485,NA,NA,NA,1
RAD51D,6,0,0,0.890735935874034,NA,NA,NA,1
CRLF1,3,0,0,0.890774177196048,NA,NA,NA,1
ADAL,9,0,0,0.89082310418563,NA,NA,NA,1
FIBIN,4,0,0,0.890867710237974,NA,NA,NA,1
OCRL,8,0,0,0.890946552803817,NA,NA,NA,1
GTF2E1,5,0,0,0.891154480470724,NA,NA,NA,1
NFIC,9,0,0,0.891521517849676,NA,NA,NA,1
SKI,13,0,0,0.891521517849676,NA,NA,NA,1
UBQLN1,13,0,0,0.891521517849676,NA,NA,NA,1
WDR89,10,0,0,0.891521517849676,NA,NA,NA,1
ZSCAN5A,3,0,0,0.891521517849676,NA,NA,NA,1
AP1G1,12,0,0,0.891536957842152,NA,NA,NA,1
ATP5C1,3,0,0,0.891536957842152,NA,NA,NA,1
DDOST,11,0,0,0.891536957842152,NA,NA,NA,1
EBAG9,6,0,0,0.891536957842152,NA,NA,NA,1
FAM207A,3,0,0,0.891536957842152,NA,NA,NA,1
FAM83E,2,0,0,0.891536957842152,NA,NA,NA,1
FIGN,5,0,0,0.891536957842152,NA,NA,NA,1
ILF3,6,0,0,0.891536957842152,NA,NA,NA,1
KHSRP,9,0,0,0.891536957842152,NA,NA,NA,1
PQBP1,2,0,0,0.891536957842152,NA,NA,NA,1
SERAC1,4,0,0,0.891536957842152,NA,NA,NA,1
CREB3,7,0,0,0.891639328107234,NA,NA,NA,1
DNAJA1,13,0,0,0.891639328107234,NA,NA,NA,1
NAA38,3,0,0,0.891639328107234,NA,NA,NA,1
SLC20A1,5,0,0,0.891639328107234,NA,NA,NA,1
WRN,7,0,0,0.891639328107234,NA,NA,NA,1
DHX57,4,0,0,0.891792385606688,NA,NA,NA,1
LOC101928120,5,0,0,0.891792385606688,NA,NA,NA,1
BSG,7,0,0,0.891880929157495,NA,NA,NA,1
PON2,7,0,0,0.891880929157495,NA,NA,NA,1
STAU2,7,0,0,0.892105213845824,NA,NA,NA,1
DIO2,2,0,0,0.892300303478053,NA,NA,NA,1
LMAN2L,4,0,0,0.892569367106702,NA,NA,NA,1
GOT2,4,0,0,0.893132337454916,NA,NA,NA,1
GPAT4,9,0,0,0.893166645327214,NA,NA,NA,1
CAPG,7,0,0,0.893385940125276,NA,NA,NA,1
CCDC66,6,0,0,0.893385940125276,NA,NA,NA,1
TCF12,5,0,0,0.893385940125276,NA,NA,NA,1
CDH1,7,0,0,0.893679261552119,NA,NA,NA,1
FAM105A,7,0,0,0.893775518364687,NA,NA,NA,1
ARHGEF10L,2,0,0,0.893805417906433,NA,NA,NA,1
CNN2,2,0,0,0.893805417906433,NA,NA,NA,1
ESD,3,0,0,0.893805417906433,NA,NA,NA,1
GALNT2,10,0,0,0.893805417906433,NA,NA,NA,1
GPR37,5,0,0,0.893805417906433,NA,NA,NA,1
GTF3C2,9,0,0,0.893805417906433,NA,NA,NA,1
IGFBP3,4,0,0,0.893805417906433,NA,NA,NA,1
RNF169,8,0,0,0.893805417906433,NA,NA,NA,1
SLC25A44,3,0,0,0.893805417906433,NA,NA,NA,1
STAG1,6,0,0,0.893805417906433,NA,NA,NA,1
TIRAP,9,0,0,0.893805417906433,NA,NA,NA,1
TMEM238,3,0,0,0.893805417906433,NA,NA,NA,1
ZNF169,3,0,0,0.893805417906433,NA,NA,NA,1
ZNF572,2,0,0,0.893805417906433,NA,NA,NA,1
ARV1,3,0,0,0.893857427391641,NA,NA,NA,1
FAM92A,9,0,0,0.893857427391641,NA,NA,NA,1
ITGB6,8,0,0,0.893857427391641,NA,NA,NA,1
ZNF585B,6,0,0,0.893857427391641,NA,NA,NA,1
AGPAT2,2,0,0,0.893859007976617,NA,NA,NA,1
UBL3,15,0,0,0.893859007976617,NA,NA,NA,1
KCNK1,6,0,0,0.894018227341547,NA,NA,NA,1
PRMT2,6,0,0,0.894018227341547,NA,NA,NA,1
RAB24,6,0,0,0.894018227341547,NA,NA,NA,1
BTF3,8,0,0,0.894067343246825,NA,NA,NA,1
CCDC115,3,0,0,0.894067343246825,NA,NA,NA,1
ERLIN1,5,0,0,0.894067343246825,NA,NA,NA,1
MARK4,9,0,0,0.894067343246825,NA,NA,NA,1
NABP1,19,0,0,0.894067343246825,NA,NA,NA,1
NT5C3B,6,0,0,0.894067343246825,NA,NA,NA,1
TBC1D24,7,0,0,0.894067343246825,NA,NA,NA,1
ZNF92,3,0,0,0.894067343246825,NA,NA,NA,1
UBE2G2,8,0,0,0.894185485168714,NA,NA,NA,1
CDCA7L,10,0,0,0.894619092962845,NA,NA,NA,1
H2AFY2,5,0,0,0.894619092962845,NA,NA,NA,1
NOL11,6,0,0,0.894619092962845,NA,NA,NA,1
PRICKLE1,7,0,0,0.894619092962845,NA,NA,NA,1
SMC5,7,0,0,0.894619092962845,NA,NA,NA,1
TMEM126B,5,0,0,0.894619092962845,NA,NA,NA,1
ZNF570,4,0,0,0.894619092962845,NA,NA,NA,1
NONO,4,0,0,0.894728804686376,NA,NA,NA,1
ATP5B,4,0,0,0.894820190000048,NA,NA,NA,1
DOK4,5,0,0,0.894824381207862,NA,NA,NA,1
ANO1,3,0,0,0.89493780981288,NA,NA,NA,1
CIT,6,0,0,0.89493780981288,NA,NA,NA,1
GPER1,2,0,0,0.89493780981288,NA,NA,NA,1
HOXA5,4,0,0,0.89493780981288,NA,NA,NA,1
IRX1,3,0,0,0.89493780981288,NA,NA,NA,1
OSER1,6,0,0,0.89493780981288,NA,NA,NA,1
TTC32,5,0,0,0.89493780981288,NA,NA,NA,1
AREL1,10,0,0,0.894975887741393,NA,NA,NA,1
AKTIP,11,0,0,0.895027601012629,NA,NA,NA,1
TEX9,5,0,0,0.895027601012629,NA,NA,NA,1
ERF,3,0,0,0.895033734001822,NA,NA,NA,1
CDK2,4,0,0,0.895132434930125,NA,NA,NA,1
KDM5C,2,0,0,0.895132434930125,NA,NA,NA,1
PRDX1,5,0,0,0.895132434930125,NA,NA,NA,1
SMYD3,3,0,0,0.895132434930125,NA,NA,NA,1
ZNF799,2,0,0,0.895132434930125,NA,NA,NA,1
CPVL,3,0,0,0.89521644513178,NA,NA,NA,1
GJB2,4,0,0,0.89521644513178,NA,NA,NA,1
JCAD,5,0,0,0.895297054845373,NA,NA,NA,1
LPGAT1,24,0,0,0.895297054845373,NA,NA,NA,1
LYAR,5,0,0,0.895297054845373,NA,NA,NA,1
NRCAM,5,0,0,0.895297054845373,NA,NA,NA,1
RBX1,7,0,0,0.895297054845373,NA,NA,NA,1
RCAN1,9,0,0,0.895297054845373,NA,NA,NA,1
ZNRF1,3,0,0,0.895297054845373,NA,NA,NA,1
ADCY7,6,0,0,0.895683007167782,NA,NA,NA,1
KLHL26,7,0,0,0.895683007167782,NA,NA,NA,1
BICRAL,5,0,0,0.896004276895357,NA,NA,NA,1
KRBA2,3,0,0,0.896004276895357,NA,NA,NA,1
SNRNP40,3,0,0,0.896097107771483,NA,NA,NA,1
GORASP2,12,0,0,0.896115088908933,NA,NA,NA,1
INTS9,3,0,0,0.896115088908933,NA,NA,NA,1
NIN,7,0,0,0.896115088908933,NA,NA,NA,1
STRIP1,6,0,0,0.896115088908933,NA,NA,NA,1
VDAC3,5,0,0,0.896115088908933,NA,NA,NA,1
CAMK2G,4,0,0,0.896131803787191,NA,NA,NA,1
EZR,6,0,0,0.896131803787191,NA,NA,NA,1
LRRC8B,7,0,0,0.896131803787191,NA,NA,NA,1
SETD7,2,0,0,0.896131803787191,NA,NA,NA,1
SGCB,14,0,0,0.896517892094587,NA,NA,NA,1
RAB31,5,0,0,0.896590890460089,NA,NA,NA,1
CRYAB,2,0,0,0.896607441742313,NA,NA,NA,1
ING1,7,0,0,0.89692632874161,NA,NA,NA,1
MAFB,5,0,0,0.89692632874161,NA,NA,NA,1
VEZF1,4,0,0,0.89692632874161,NA,NA,NA,1
ACADSB,13,0,0,0.896974638179603,NA,NA,NA,1
CNTROB,2,0,0,0.896974638179603,NA,NA,NA,1
TP53I3,2,0,0,0.896974638179603,NA,NA,NA,1
CYFIP2,3,0,0,0.896980503570814,NA,NA,NA,1
NOV,4,0,0,0.896980503570814,NA,NA,NA,1
POP4,6,0,0,0.896980503570814,NA,NA,NA,1
RPS27,3,0,0,0.896980503570814,NA,NA,NA,1
ABCA9,2,0,0,0.897107450522234,NA,NA,NA,1
ADORA2B,5,0,0,0.897107450522234,NA,NA,NA,1
AKAP9,7,0,0,0.897107450522234,NA,NA,NA,1
ASL,5,0,0,0.897107450522234,NA,NA,NA,1
C17orf75,3,0,0,0.897107450522234,NA,NA,NA,1
CEP152,3,0,0,0.897107450522234,NA,NA,NA,1
CHD1L,4,0,0,0.897107450522234,NA,NA,NA,1
DHFR2,6,0,0,0.897107450522234,NA,NA,NA,1
FAM161A,2,0,0,0.897107450522234,NA,NA,NA,1
FSCN1,3,0,0,0.897107450522234,NA,NA,NA,1
FZD1,12,0,0,0.897107450522234,NA,NA,NA,1
GALK2,8,0,0,0.897107450522234,NA,NA,NA,1
KLHDC7B,2,0,0,0.897107450522234,NA,NA,NA,1
MRPL46,3,0,0,0.897107450522234,NA,NA,NA,1
MTA1,2,0,0,0.897107450522234,NA,NA,NA,1
MUL1,3,0,0,0.897107450522234,NA,NA,NA,1
MUTYH,4,0,0,0.897107450522234,NA,NA,NA,1
N4BP2,6,0,0,0.897107450522234,NA,NA,NA,1
NDUFC2-KCTD14,2,0,0,0.897107450522234,NA,NA,NA,1
PAPOLA,6,0,0,0.897107450522234,NA,NA,NA,1
PHYH,4,0,0,0.897107450522234,NA,NA,NA,1
S100A2,4,0,0,0.897107450522234,NA,NA,NA,1
SCPEP1,3,0,0,0.897107450522234,NA,NA,NA,1
SHF,12,0,0,0.897107450522234,NA,NA,NA,1
SUMO2,10,0,0,0.897107450522234,NA,NA,NA,1
THRA,4,0,0,0.897107450522234,NA,NA,NA,1
TSG101,7,0,0,0.897107450522234,NA,NA,NA,1
CDC42EP2,10,0,0,0.897250694487352,NA,NA,NA,1
ZNF280D,4,0,0,0.897250694487352,NA,NA,NA,1
DEGS1,11,0,0,0.897373868997399,NA,NA,NA,1
FAM3A,3,0,0,0.897373868997399,NA,NA,NA,1
HOXA9,4,0,0,0.897373868997399,NA,NA,NA,1
MPC2,11,0,0,0.897373868997399,NA,NA,NA,1
PRDM4,6,0,0,0.897373868997399,NA,NA,NA,1
YEATS4,4,0,0,0.897373868997399,NA,NA,NA,1
ZNF160,5,0,0,0.897663373118866,NA,NA,NA,1
LIPH,4,0,0,0.897721902299985,NA,NA,NA,1
MPHOSPH6,8,0,0,0.897962767902717,NA,NA,NA,1
RAB7A,13,0,0,0.897962767902717,NA,NA,NA,1
ZNF484,16,0,0,0.897962767902717,NA,NA,NA,1
HSBP1L1,5,0,0,0.898005029508152,NA,NA,NA,1
GSDMB,2,0,0,0.898360121924533,NA,NA,NA,1
CLPTM1L,5,0,0,0.89853297767828,NA,NA,NA,1
ENG,3,0,0,0.89853297767828,NA,NA,NA,1
RBM15,12,0,0,0.89853297767828,NA,NA,NA,1
S100A14,3,0,0,0.89853297767828,NA,NA,NA,1
RUFY3,6,0,0,0.898544220083116,NA,NA,NA,1
CSK,6,0,0,0.898603515139011,NA,NA,NA,1
DIP2B,10,0,0,0.898603515139011,NA,NA,NA,1
PAPD5,8,0,0,0.898753029692747,NA,NA,NA,1
DENND4B,4,0,0,0.898855300730341,NA,NA,NA,1
ESCO2,10,0,0,0.898899925580221,NA,NA,NA,1
ATP6V1H,3,0,0,0.898952146162699,NA,NA,NA,1
CBX2,4,0,0,0.899074633069975,NA,NA,NA,1
DPYD,2,0,0,0.899074633069975,NA,NA,NA,1
GADD45B,3,0,0,0.899074633069975,NA,NA,NA,1
PRKRIP1,4,0,0,0.899074633069975,NA,NA,NA,1
SUSD4,4,0,0,0.899074633069975,NA,NA,NA,1
TAF8,6,0,0,0.899074633069975,NA,NA,NA,1
YTHDC2,7,0,0,0.899074633069975,NA,NA,NA,1
IK,2,0,0,0.899350596108866,NA,NA,NA,1
METTL2A,7,0,0,0.899546270194755,NA,NA,NA,1
TREM1,6,0,0,0.899613531325117,NA,NA,NA,1
BID,15,0,0,0.899822927775596,NA,NA,NA,1
ROBO1,6,0,0,0.899822927775596,NA,NA,NA,1
RPL17-C18orf32,14,0,0,0.899957915131828,NA,NA,NA,1
P4HTM,2,0,0,0.899995406019573,NA,NA,NA,1
NAPA,5,0,0,0.900136844366733,NA,NA,NA,1
NPR3,9,0,0,0.900136844366733,NA,NA,NA,1
PABPC1L,2,0,0,0.900136844366733,NA,NA,NA,1
CMTM6,7,0,0,0.900164278877759,NA,NA,NA,1
ING5,5,0,0,0.900164278877759,NA,NA,NA,1
CCNF,7,0,0,0.900346228211092,NA,NA,NA,1
HSD17B4,3,0,0,0.900346228211092,NA,NA,NA,1
ITCH,12,0,0,0.900346228211092,NA,NA,NA,1
SECISBP2L,14,0,0,0.900346228211092,NA,NA,NA,1
SEMA3F,2,0,0,0.900346228211092,NA,NA,NA,1
SLC6A9,4,0,0,0.900346228211092,NA,NA,NA,1
TGFBR3,4,0,0,0.900346228211092,NA,NA,NA,1
TTC31,5,0,0,0.900346228211092,NA,NA,NA,1
WDYHV1,18,0,0,0.900346228211092,NA,NA,NA,1
DMKN,2,0,0,0.900385594124045,NA,NA,NA,1
IGBP1,4,0,0,0.900385594124045,NA,NA,NA,1
SLC7A5,6,0,0,0.900385594124045,NA,NA,NA,1
TMEM63B,2,0,0,0.900385594124045,NA,NA,NA,1
COMMD8,5,0,0,0.90058263815751,NA,NA,NA,1
ALS2CL,6,0,0,0.90074498138196,NA,NA,NA,1
ANKRD52,8,0,0,0.90074498138196,NA,NA,NA,1
NRGN,7,0,0,0.900763286716201,NA,NA,NA,1
AXL,7,0,0,0.900931677102055,NA,NA,NA,1
CSAD,4,0,0,0.900931677102055,NA,NA,NA,1
ERCC1,3,0,0,0.900931677102055,NA,NA,NA,1
IFT88,3,0,0,0.900931677102055,NA,NA,NA,1
PDP1,3,0,0,0.900931677102055,NA,NA,NA,1
MTR,5,0,0,0.900949928347929,NA,NA,NA,1
RTL8A,4,0,0,0.900966268741705,NA,NA,NA,1
SFXN4,3,0,0,0.900966268741705,NA,NA,NA,1
PPOX,2,0,0,0.901102565180459,NA,NA,NA,1
ZNF267,4,0,0,0.901204465397456,NA,NA,NA,1
TRIM4,4,0,0,0.901361650649727,NA,NA,NA,1
RABEPK,3,0,0,0.901716071232756,NA,NA,NA,1
STOML2,6,0,0,0.901840850355752,NA,NA,NA,1
AGO3,13,0,0,0.901860627376855,NA,NA,NA,1
ALDOA,3,0,0,0.901860627376855,NA,NA,NA,1
CBLN3,7,0,0,0.901860627376855,NA,NA,NA,1
CTH,10,0,0,0.901860627376855,NA,NA,NA,1
CYB561D1,4,0,0,0.901860627376855,NA,NA,NA,1
DNAJC25,4,0,0,0.901860627376855,NA,NA,NA,1
DNAJC8,4,0,0,0.901860627376855,NA,NA,NA,1
EMC8,10,0,0,0.901860627376855,NA,NA,NA,1
ESF1,5,0,0,0.901860627376855,NA,NA,NA,1
FBRS,2,0,0,0.901860627376855,NA,NA,NA,1
GARS,3,0,0,0.901860627376855,NA,NA,NA,1
HJURP,9,0,0,0.901860627376855,NA,NA,NA,1
INTS12,3,0,0,0.901860627376855,NA,NA,NA,1
ISOC1,8,0,0,0.901860627376855,NA,NA,NA,1
JPT1,4,0,0,0.901860627376855,NA,NA,NA,1
LONRF3,3,0,0,0.901860627376855,NA,NA,NA,1
LPIN2,3,0,0,0.901860627376855,NA,NA,NA,1
MAN2C1,2,0,0,0.901860627376855,NA,NA,NA,1
MTFR1L,7,0,0,0.901860627376855,NA,NA,NA,1
MTX2,4,0,0,0.901860627376855,NA,NA,NA,1
NIPA2,7,0,0,0.901860627376855,NA,NA,NA,1
POP7,3,0,0,0.901860627376855,NA,NA,NA,1
PSEN2,5,0,0,0.901860627376855,NA,NA,NA,1
RAD54B,2,0,0,0.901860627376855,NA,NA,NA,1
RNF181,4,0,0,0.901860627376855,NA,NA,NA,1
S100A11,2,0,0,0.901860627376855,NA,NA,NA,1
SPECC1,6,0,0,0.901860627376855,NA,NA,NA,1
SPPL2B,6,0,0,0.901860627376855,NA,NA,NA,1
SRBD1,6,0,0,0.901860627376855,NA,NA,NA,1
TESK2,2,0,0,0.901860627376855,NA,NA,NA,1
THAP4,2,0,0,0.901860627376855,NA,NA,NA,1
TMBIM1,4,0,0,0.901860627376855,NA,NA,NA,1
TMEM53,7,0,0,0.901860627376855,NA,NA,NA,1
WASF3,4,0,0,0.901860627376855,NA,NA,NA,1
TET3,5,0,0,0.902080578155855,NA,NA,NA,1
HSCB,2,0,0,0.902081914290781,NA,NA,NA,1
HSPE1,5,0,0,0.902081914290781,NA,NA,NA,1
NISCH,4,0,0,0.902081914290781,NA,NA,NA,1
PLRG1,6,0,0,0.902081914290781,NA,NA,NA,1
RPL7L1,8,0,0,0.902081914290781,NA,NA,NA,1
ATR,6,0,0,0.902188980943729,NA,NA,NA,1
NATD1,3,0,0,0.902259015449014,NA,NA,NA,1
PPHLN1,6,0,0,0.902259015449014,NA,NA,NA,1
ALG10,12,0,0,0.902315648805798,NA,NA,NA,1
GOLGA2,2,0,0,0.902315648805798,NA,NA,NA,1
COL5A1,6,0,0,0.902437335492767,NA,NA,NA,1
CARS2,2,0,0,0.902518181694901,NA,NA,NA,1
PDZK1IP1,2,0,0,0.902731833435575,NA,NA,NA,1
SPIRE1,10,0,0,0.902731833435575,NA,NA,NA,1
ZNF845,6,0,0,0.902731833435575,NA,NA,NA,1
ARMT1,4,0,0,0.903105776572346,NA,NA,NA,1
PEAK1,2,0,0,0.903146821179749,NA,NA,NA,1
TVP23B,6,0,0,0.903146821179749,NA,NA,NA,1
STEAP4,3,0,0,0.903298934611255,NA,NA,NA,1
BCOR,4,0,0,0.903747769513939,NA,NA,NA,1
FTH1,13,0,0,0.904249708185259,NA,NA,NA,1
WDR70,2,0,0,0.904249708185259,NA,NA,NA,1
TMEM184A,5,0,0,0.904260314599349,NA,NA,NA,1
MAP2K5,3,0,0,0.904454636985815,NA,NA,NA,1
TOP2B,7,0,0,0.904740493548773,NA,NA,NA,1
DCAKD,3,0,0,0.90488060889547,NA,NA,NA,1
DDX42,6,0,0,0.90488060889547,NA,NA,NA,1
JADE1,5,0,0,0.90488060889547,NA,NA,NA,1
LRRC42,4,0,0,0.90488060889547,NA,NA,NA,1
MRPS5,8,0,0,0.90488060889547,NA,NA,NA,1
OSBPL11,5,0,0,0.90488060889547,NA,NA,NA,1
PRMT1,5,0,0,0.90488060889547,NA,NA,NA,1
SGPP1,2,0,0,0.90488060889547,NA,NA,NA,1
SMCR8,7,0,0,0.90488060889547,NA,NA,NA,1
TOP2A,4,0,0,0.90488060889547,NA,NA,NA,1
FARP1,11,0,0,0.90501016406073,NA,NA,NA,1
NARF,2,0,0,0.90501016406073,NA,NA,NA,1
SCFD2,4,0,0,0.90501016406073,NA,NA,NA,1
ZFR,5,0,0,0.90501016406073,NA,NA,NA,1
WDR59,4,0,0,0.905335759491102,NA,NA,NA,1
EZH2,2,0,0,0.905422116441225,NA,NA,NA,1
M6PR,5,0,0,0.90549487968263,NA,NA,NA,1
MAP3K21,8,0,0,0.905796605778618,NA,NA,NA,1
KIAA1191,5,0,0,0.905822540678615,NA,NA,NA,1
PLPP1,6,0,0,0.905863968142468,NA,NA,NA,1
CDK12,18,0,0,0.906108998931637,NA,NA,NA,1
MRPS17,4,0,0,0.906108998931637,NA,NA,NA,1
NCBP2,4,0,0,0.906108998931637,NA,NA,NA,1
PRDX2,6,0,0,0.906108998931637,NA,NA,NA,1
PRR7,2,0,0,0.906108998931637,NA,NA,NA,1
PTRH1,5,0,0,0.906108998931637,NA,NA,NA,1
RBM45,7,0,0,0.906108998931637,NA,NA,NA,1
TMEM42,3,0,0,0.906108998931637,NA,NA,NA,1
ARAP3,3,0,0,0.906265509703212,NA,NA,NA,1
ARID5B,2,0,0,0.906391352213758,NA,NA,NA,1
ATP7A,5,0,0,0.906391352213758,NA,NA,NA,1
CFAP69,4,0,0,0.906391352213758,NA,NA,NA,1
CSF1,3,0,0,0.906696662426403,NA,NA,NA,1
BCKDHB,4,0,0,0.906952719306198,NA,NA,NA,1
IL27RA,2,0,0,0.906952719306198,NA,NA,NA,1
VAV2,5,0,0,0.907305794115386,NA,NA,NA,1
ZNF350,4,0,0,0.907305794115386,NA,NA,NA,1
CDC14B,5,0,0,0.90744045195885,NA,NA,NA,1
EPS8L2,2,0,0,0.90744045195885,NA,NA,NA,1
HIST1H3E,3,0,0,0.90744045195885,NA,NA,NA,1
IFNAR2,7,0,0,0.90744045195885,NA,NA,NA,1
IGDCC4,4,0,0,0.90744045195885,NA,NA,NA,1
NPEPL1,5,0,0,0.90744045195885,NA,NA,NA,1
PEX14,3,0,0,0.90744045195885,NA,NA,NA,1
ZSWIM7,6,0,0,0.90744045195885,NA,NA,NA,1
MTRNR2L1,5,0,0,0.907490025705571,NA,NA,NA,1
PSPH,13,0,0,0.907490025705571,NA,NA,NA,1
ZNF558,4,0,0,0.907490025705571,NA,NA,NA,1
R3HCC1,4,0,0,0.907575105632407,NA,NA,NA,1
DIAPH2,6,0,0,0.907766328556521,NA,NA,NA,1
ELOA,6,0,0,0.907766328556521,NA,NA,NA,1
SPRYD3,8,0,0,0.907766328556521,NA,NA,NA,1
DTX3L,3,0,0,0.907958623114572,NA,NA,NA,1
ING4,3,0,0,0.907958623114572,NA,NA,NA,1
JADE3,3,0,0,0.907958623114572,NA,NA,NA,1
NSDHL,9,0,0,0.907958623114572,NA,NA,NA,1
SGPL1,8,0,0,0.907958623114572,NA,NA,NA,1
STAT5B,7,0,0,0.907958623114572,NA,NA,NA,1
GNG5,6,0,0,0.908157538083935,NA,NA,NA,1
ADD3,3,0,0,0.908168285065083,NA,NA,NA,1
C8orf88,5,0,0,0.908168285065083,NA,NA,NA,1
CDC37,5,0,0,0.908168285065083,NA,NA,NA,1
PALMD,4,0,0,0.908168285065083,NA,NA,NA,1
PARP1,11,0,0,0.908168285065083,NA,NA,NA,1
EMC6,7,0,0,0.908345776470658,NA,NA,NA,1
PIP4P1,3,0,0,0.908345776470658,NA,NA,NA,1
NEPRO,9,0,0,0.908428248463049,NA,NA,NA,1
CD40,9,0,0,0.908742767549164,NA,NA,NA,1
RNF130,3,0,0,0.908742767549164,NA,NA,NA,1
POU2F2,2,0,0,0.909044065799277,NA,NA,NA,1
SECISBP2,8,0,0,0.909044065799277,NA,NA,NA,1
UQCR10,6,0,0,0.909137072551024,NA,NA,NA,1
ZNF559,2,0,0,0.909137072551024,NA,NA,NA,1
DLK2,3,0,0,0.909324793108162,NA,NA,NA,1
NIF3L1,7,0,0,0.909418066707398,NA,NA,NA,1
SCMH1,3,0,0,0.909553795193892,NA,NA,NA,1
LMX1B,2,0,0,0.909663635093476,NA,NA,NA,1
CRLS1,7,0,0,0.910025272180209,NA,NA,NA,1
DFFB,2,0,0,0.910139330951199,NA,NA,NA,1
DAGLB,2,0,0,0.910239078819461,NA,NA,NA,1
TRIM68,2,0,0,0.91028607858114,NA,NA,NA,1
C5orf24,3,0,0,0.910352249880643,NA,NA,NA,1
PIK3R2,2,0,0,0.910352249880643,NA,NA,NA,1
AP3S1,4,0,0,0.910437954754583,NA,NA,NA,1
CRKL,11,0,0,0.910473554007606,NA,NA,NA,1
CEP72,9,0,0,0.910740505119064,NA,NA,NA,1
MMADHC,18,0,0,0.910740505119064,NA,NA,NA,1
TEPSIN,2,0,0,0.910740505119064,NA,NA,NA,1
ZNF618,5,0,0,0.910740505119064,NA,NA,NA,1
YBX1,6,0,0,0.910755185088083,NA,NA,NA,1
RPS16,5,0,0,0.910813268137349,NA,NA,NA,1
RNPS1,3,0,0,0.910846876799526,NA,NA,NA,1
OR1F1,3,0,0,0.910870496857883,NA,NA,NA,1
RAB3IL1,2,0,0,0.910870496857883,NA,NA,NA,1
SMAD7,5,0,0,0.910870496857883,NA,NA,NA,1
FAR1,22,0,0,0.910892976602954,NA,NA,NA,1
IFT74,4,0,0,0.911423188635085,NA,NA,NA,1
SERINC3,7,0,0,0.911423188635085,NA,NA,NA,1
ZNF142,12,0,0,0.911423188635085,NA,NA,NA,1
ADCK2,3,0,0,0.911475614678155,NA,NA,NA,1
ALG10B,4,0,0,0.911475614678155,NA,NA,NA,1
ATXN7L3B,2,0,0,0.911475614678155,NA,NA,NA,1
CCDC91,7,0,0,0.911475614678155,NA,NA,NA,1
CTNNA1,7,0,0,0.911475614678155,NA,NA,NA,1
FAM213A,11,0,0,0.911475614678155,NA,NA,NA,1
FBXL18,2,0,0,0.911475614678155,NA,NA,NA,1
HOXA2,5,0,0,0.911475614678155,NA,NA,NA,1
MCM6,3,0,0,0.911475614678155,NA,NA,NA,1
MSL2,4,0,0,0.911475614678155,NA,NA,NA,1
NACC1,4,0,0,0.911475614678155,NA,NA,NA,1
NME7,2,0,0,0.911475614678155,NA,NA,NA,1
PMS2,3,0,0,0.911475614678155,NA,NA,NA,1
PSMB4,3,0,0,0.911475614678155,NA,NA,NA,1
RAB5C,8,0,0,0.911475614678155,NA,NA,NA,1
RAP1B,10,0,0,0.911475614678155,NA,NA,NA,1
RPUSD2,4,0,0,0.911475614678155,NA,NA,NA,1
SENP8,5,0,0,0.911475614678155,NA,NA,NA,1
SHANK3,2,0,0,0.911475614678155,NA,NA,NA,1
UXS1,7,0,0,0.911475614678155,NA,NA,NA,1
AFTPH,2,0,0,0.911554491083885,NA,NA,NA,1
AIMP1,9,0,0,0.911554491083885,NA,NA,NA,1
BORCS8,3,0,0,0.911554491083885,NA,NA,NA,1
CRABP2,3,0,0,0.911554491083885,NA,NA,NA,1
DCHS1,2,0,0,0.911554491083885,NA,NA,NA,1
EP300,7,0,0,0.911554491083885,NA,NA,NA,1
EXOC7,8,0,0,0.911554491083885,NA,NA,NA,1
GPKOW,6,0,0,0.911554491083885,NA,NA,NA,1
LANCL1,11,0,0,0.911554491083885,NA,NA,NA,1
MTO1,11,0,0,0.911554491083885,NA,NA,NA,1
NAB2,2,0,0,0.911554491083885,NA,NA,NA,1
PCDHB10,2,0,0,0.911554491083885,NA,NA,NA,1
RLIM,24,0,0,0.911554491083885,NA,NA,NA,1
SLC30A6,21,0,0,0.911554491083885,NA,NA,NA,1
SLC35A1,4,0,0,0.911554491083885,NA,NA,NA,1
SNCAIP,3,0,0,0.911554491083885,NA,NA,NA,1
TFCP2,8,0,0,0.911554491083885,NA,NA,NA,1
TNK1,2,0,0,0.911554491083885,NA,NA,NA,1
KIAA0100,3,0,0,0.9116360403819,NA,NA,NA,1
XIAP,11,0,0,0.9116360403819,NA,NA,NA,1
SGTB,6,0,0,0.911668684266481,NA,NA,NA,1
ZNF382,2,0,0,0.911882768541861,NA,NA,NA,1
FOXA1,5,0,0,0.911905289762642,NA,NA,NA,1
SRM,8,0,0,0.911905289762642,NA,NA,NA,1
A2ML1,2,0,0,0.912051498146461,NA,NA,NA,1
APLP2,10,0,0,0.912051498146461,NA,NA,NA,1
ATP10D,5,0,0,0.912051498146461,NA,NA,NA,1
CAVIN3,6,0,0,0.912051498146461,NA,NA,NA,1
MAN2B2,2,0,0,0.912051498146461,NA,NA,NA,1
NOL6,9,0,0,0.912051498146461,NA,NA,NA,1
WDTC1,10,0,0,0.912051498146461,NA,NA,NA,1
SATB1,5,0,0,0.912331560055759,NA,NA,NA,1
STK11,3,0,0,0.912331560055759,NA,NA,NA,1
PITPNM2,3,0,0,0.912618903952168,NA,NA,NA,1
ZNF219,3,0,0,0.912740865341988,NA,NA,NA,1
ADAMTS2,2,0,0,0.913233552600135,NA,NA,NA,1
ANK1,5,0,0,0.913233552600135,NA,NA,NA,1
AVL9,9,0,0,0.913233552600135,NA,NA,NA,1
BVES,5,0,0,0.913233552600135,NA,NA,NA,1
CCDC126,3,0,0,0.913233552600135,NA,NA,NA,1
CEP192,2,0,0,0.913233552600135,NA,NA,NA,1
CNOT11,5,0,0,0.913233552600135,NA,NA,NA,1
CSNK1G2,5,0,0,0.913233552600135,NA,NA,NA,1
DCAF5,10,0,0,0.913233552600135,NA,NA,NA,1
ENOX2,8,0,0,0.913233552600135,NA,NA,NA,1
FAM83F,3,0,0,0.913233552600135,NA,NA,NA,1
IFT81,2,0,0,0.913233552600135,NA,NA,NA,1
INO80C,5,0,0,0.913233552600135,NA,NA,NA,1
LDHB,8,0,0,0.913233552600135,NA,NA,NA,1
MACC1,7,0,0,0.913233552600135,NA,NA,NA,1
MGST3,5,0,0,0.913233552600135,NA,NA,NA,1
N4BP1,6,0,0,0.913233552600135,NA,NA,NA,1
NDUFAF1,2,0,0,0.913233552600135,NA,NA,NA,1
NF2,7,0,0,0.913233552600135,NA,NA,NA,1
NME4,5,0,0,0.913233552600135,NA,NA,NA,1
NUPR1,4,0,0,0.913233552600135,NA,NA,NA,1
P2RY11,4,0,0,0.913233552600135,NA,NA,NA,1
PES1,2,0,0,0.913233552600135,NA,NA,NA,1
PPME1,2,0,0,0.913233552600135,NA,NA,NA,1
PTTG1,2,0,0,0.913233552600135,NA,NA,NA,1
RFNG,2,0,0,0.913233552600135,NA,NA,NA,1
SGSM2,2,0,0,0.913233552600135,NA,NA,NA,1
SHC3,5,0,0,0.913233552600135,NA,NA,NA,1
SLC20A2,4,0,0,0.913233552600135,NA,NA,NA,1
STAC2,2,0,0,0.913233552600135,NA,NA,NA,1
STRADA,2,0,0,0.913233552600135,NA,NA,NA,1
TBK1,4,0,0,0.913233552600135,NA,NA,NA,1
TCIRG1,6,0,0,0.913233552600135,NA,NA,NA,1
TOM1,2,0,0,0.913233552600135,NA,NA,NA,1
WDR98,2,0,0,0.913233552600135,NA,NA,NA,1
YY1,15,0,0,0.913233552600135,NA,NA,NA,1
ZKSCAN3,8,0,0,0.913233552600135,NA,NA,NA,1
CPT2,2,0,0,0.913393389606987,NA,NA,NA,1
ARHGAP1,3,0,0,0.913512276515619,NA,NA,NA,1
RIMS3,3,0,0,0.913512276515619,NA,NA,NA,1
ZNF101,3,0,0,0.913512276515619,NA,NA,NA,1
GIN1,6,0,0,0.914382611208009,NA,NA,NA,1
LSM4,4,0,0,0.914382611208009,NA,NA,NA,1
PPA1,12,0,0,0.914502316271432,NA,NA,NA,1
MIEF1,16,0,0,0.914544146924831,NA,NA,NA,1
OPA3,2,0,0,0.914661746238106,NA,NA,NA,1
IKBIP,3,0,0,0.914726927775578,NA,NA,NA,1
ZFP36L2,6,0,0,0.91474949378689,NA,NA,NA,1
GNE,5,0,0,0.914769447048496,NA,NA,NA,1
LMAN2,5,0,0,0.914769447048496,NA,NA,NA,1
NSUN6,7,0,0,0.914769447048496,NA,NA,NA,1
ZNF548,10,0,0,0.914769447048496,NA,NA,NA,1
GLRX5,8,0,0,0.914886843466012,NA,NA,NA,1
CLP1,2,0,0,0.915035420265408,NA,NA,NA,1
BAZ1A,2,0,0,0.915055939284249,NA,NA,NA,1
CDK18,5,0,0,0.915055939284249,NA,NA,NA,1
POLR3E,6,0,0,0.915055939284249,NA,NA,NA,1
SLC37A4,5,0,0,0.915055939284249,NA,NA,NA,1
SLC6A11,4,0,0,0.915055939284249,NA,NA,NA,1
CHCHD5,6,0,0,0.915069456940528,NA,NA,NA,1
NDUFB1,2,0,0,0.915069456940528,NA,NA,NA,1
PAPOLG,9,0,0,0.915069456940528,NA,NA,NA,1
SLC2A3,4,0,0,0.915069456940528,NA,NA,NA,1
RHOV,4,0,0,0.915081279660458,NA,NA,NA,1
BBS5,3,0,0,0.915127687821248,NA,NA,NA,1
CDK5R1,3,0,0,0.915127687821248,NA,NA,NA,1
COL9A3,2,0,0,0.915127687821248,NA,NA,NA,1
CSTF1,9,0,0,0.915127687821248,NA,NA,NA,1
GALNS,3,0,0,0.915127687821248,NA,NA,NA,1
HIST1H2BG,7,0,0,0.915127687821248,NA,NA,NA,1
NACA,2,0,0,0.915127687821248,NA,NA,NA,1
NPLOC4,5,0,0,0.915127687821248,NA,NA,NA,1
SAMD1,3,0,0,0.915127687821248,NA,NA,NA,1
SP100,4,0,0,0.915127687821248,NA,NA,NA,1
SYPL1,12,0,0,0.915127687821248,NA,NA,NA,1
UTP14C,5,0,0,0.915127687821248,NA,NA,NA,1
EPB41L4A,3,0,0,0.915667661417089,NA,NA,NA,1
PTX3,5,0,0,0.915980576228434,NA,NA,NA,1
ADA,3,0,0,0.915993636499456,NA,NA,NA,1
COPS4,2,0,0,0.915993636499456,NA,NA,NA,1
F3,8,0,0,0.915993636499456,NA,NA,NA,1
IGFLR1,2,0,0,0.915993636499456,NA,NA,NA,1
ZNF474,4,0,0,0.915993636499456,NA,NA,NA,1
ZNF506,14,0,0,0.915993636499456,NA,NA,NA,1
ZNF653,2,0,0,0.915993636499456,NA,NA,NA,1
ARHGEF5,3,0,0,0.91707957582886,NA,NA,NA,1
ATP6V1C2,2,0,0,0.91707957582886,NA,NA,NA,1
KSR1,4,0,0,0.91707957582886,NA,NA,NA,1
MAPKAPK2,3,0,0,0.91707957582886,NA,NA,NA,1
NR2C2,9,0,0,0.91707957582886,NA,NA,NA,1
SMC4,10,0,0,0.91707957582886,NA,NA,NA,1
ZNF655,5,0,0,0.91707957582886,NA,NA,NA,1
C14orf2,5,0,0,0.917239727098728,NA,NA,NA,1
CDNF,4,0,0,0.917239727098728,NA,NA,NA,1
ITGA5,4,0,0,0.917239727098728,NA,NA,NA,1
KIAA1143,5,0,0,0.917239727098728,NA,NA,NA,1
N4BP2L2,5,0,0,0.917239727098728,NA,NA,NA,1
SMYD2,3,0,0,0.917239727098728,NA,NA,NA,1
STAG2,7,0,0,0.917239727098728,NA,NA,NA,1
TANK,3,0,0,0.917239727098728,NA,NA,NA,1
BRI3,6,0,0,0.917334095982088,NA,NA,NA,1
RWDD1,6,0,0,0.917349251420401,NA,NA,NA,1
MRPL18,5,0,0,0.917457710155379,NA,NA,NA,1
ACVR1B,8,0,0,0.917467659829686,NA,NA,NA,1
C19orf24,5,0,0,0.917467659829686,NA,NA,NA,1
CABIN1,2,0,0,0.917467659829686,NA,NA,NA,1
ELF4,2,0,0,0.917467659829686,NA,NA,NA,1
HIPK1,8,0,0,0.917467659829686,NA,NA,NA,1
KIAA1551,6,0,0,0.917467659829686,NA,NA,NA,1
MED8,2,0,0,0.917467659829686,NA,NA,NA,1
MIDN,7,0,0,0.917467659829686,NA,NA,NA,1
NDEL1,9,0,0,0.917467659829686,NA,NA,NA,1
PGBD2,7,0,0,0.917467659829686,NA,NA,NA,1
TNFAIP8L3,2,0,0,0.917467659829686,NA,NA,NA,1
TRMT6,8,0,0,0.917467659829686,NA,NA,NA,1
TSPYL4,5,0,0,0.917467659829686,NA,NA,NA,1
ZXDB,5,0,0,0.917467659829686,NA,NA,NA,1
FAM126A,10,0,0,0.917474177894622,NA,NA,NA,1
GPR156,5,0,0,0.917474177894622,NA,NA,NA,1
ABCD1,3,0,0,0.917803638844446,NA,NA,NA,1
ABCD4,5,0,0,0.917803638844446,NA,NA,NA,1
ATP5J2-PTCD1,4,0,0,0.917803638844446,NA,NA,NA,1
C21orf2,3,0,0,0.917803638844446,NA,NA,NA,1
C8orf59,9,0,0,0.917803638844446,NA,NA,NA,1
CDC42BPG,4,0,0,0.917803638844446,NA,NA,NA,1
CTU2,2,0,0,0.917803638844446,NA,NA,NA,1
DDX58,5,0,0,0.917803638844446,NA,NA,NA,1
GADD45GIP1,5,0,0,0.917803638844446,NA,NA,NA,1
HIP1,13,0,0,0.917803638844446,NA,NA,NA,1
ISY1,2,0,0,0.917803638844446,NA,NA,NA,1
NCSTN,4,0,0,0.917803638844446,NA,NA,NA,1
NIPAL2,6,0,0,0.917803638844446,NA,NA,NA,1
SDC1,5,0,0,0.917803638844446,NA,NA,NA,1
SLTM,4,0,0,0.917803638844446,NA,NA,NA,1
SMIM20,5,0,0,0.917803638844446,NA,NA,NA,1
SNX5,5,0,0,0.917803638844446,NA,NA,NA,1
SRRD,16,0,0,0.917803638844446,NA,NA,NA,1
STK26,3,0,0,0.917803638844446,NA,NA,NA,1
TEDC1,3,0,0,0.917803638844446,NA,NA,NA,1
TMEM70,4,0,0,0.917803638844446,NA,NA,NA,1
XPA,15,0,0,0.917803638844446,NA,NA,NA,1
ZBTB46,2,0,0,0.917803638844446,NA,NA,NA,1
MORC4,5,0,0,0.917834571802456,NA,NA,NA,1
SCYL3,6,0,0,0.917841135363098,NA,NA,NA,1
FBXO38,3,0,0,0.91787424749502,NA,NA,NA,1
GRK3,15,0,0,0.91787424749502,NA,NA,NA,1
SERF2,5,0,0,0.91817221932703,NA,NA,NA,1
POU2F3,5,0,0,0.918297810842678,NA,NA,NA,1
CCDC80,7,0,0,0.91834708832816,NA,NA,NA,1
AXIN2,3,0,0,0.918379849352017,NA,NA,NA,1
PIBF1,7,0,0,0.91843012134199,NA,NA,NA,1
WDR60,6,0,0,0.91843012134199,NA,NA,NA,1
DUS4L,6,0,0,0.918434564567575,NA,NA,NA,1
INPP5E,3,0,0,0.918434564567575,NA,NA,NA,1
PTPN2,2,0,0,0.918434564567575,NA,NA,NA,1
SLC31A1,11,0,0,0.918434564567575,NA,NA,NA,1
ING3,3,0,0,0.918503579894165,NA,NA,NA,1
KBTBD6,2,0,0,0.918699763208322,NA,NA,NA,1
FAM120C,4,0,0,0.919030829335699,NA,NA,NA,1
HINFP,2,0,0,0.919030829335699,NA,NA,NA,1
IRX2,7,0,0,0.919030829335699,NA,NA,NA,1
SKP2,2,0,0,0.919030829335699,NA,NA,NA,1
STX12,8,0,0,0.919030829335699,NA,NA,NA,1
ANKIB1,6,0,0,0.919280968608156,NA,NA,NA,1
ZNF888,3,0,0,0.919282132124233,NA,NA,NA,1
ACSL5,4,0,0,0.919373771582687,NA,NA,NA,1
CCDC127,6,0,0,0.919373771582687,NA,NA,NA,1
KIF23,5,0,0,0.919373771582687,NA,NA,NA,1
LOC100505549,4,0,0,0.919373771582687,NA,NA,NA,1
LRP5L,6,0,0,0.919373771582687,NA,NA,NA,1
MFSD10,2,0,0,0.919373771582687,NA,NA,NA,1
THOC2,3,0,0,0.919373771582687,NA,NA,NA,1
SNX9,3,0,0,0.919401606001386,NA,NA,NA,1
SPCS2,10,0,0,0.919401606001386,NA,NA,NA,1
ZNF624,2,0,0,0.919759959394298,NA,NA,NA,1
DDIT4L,2,0,0,0.920161884860043,NA,NA,NA,1
INTS13,8,0,0,0.920161884860043,NA,NA,NA,1
USP30,4,0,0,0.920161884860043,NA,NA,NA,1
ZNF319,3,0,0,0.920161884860043,NA,NA,NA,1
EBP,3,0,0,0.920281743522485,NA,NA,NA,1
ABCA6,2,0,0,0.920521893307916,NA,NA,NA,1
LATS2,6,0,0,0.920521893307916,NA,NA,NA,1
PRPF4B,2,0,0,0.920737745313065,NA,NA,NA,1
MLYCD,7,0,0,0.920757149317299,NA,NA,NA,1
ATOX1,9,0,0,0.920971417831596,NA,NA,NA,1
BBS2,4,0,0,0.921223758173528,NA,NA,NA,1
COX17,6,0,0,0.921223758173528,NA,NA,NA,1
IL18,3,0,0,0.921223758173528,NA,NA,NA,1
LIG1,2,0,0,0.921223758173528,NA,NA,NA,1
LMTK2,5,0,0,0.921223758173528,NA,NA,NA,1
RANBP9,7,0,0,0.921223758173528,NA,NA,NA,1
RBPMS2,2,0,0,0.921223758173528,NA,NA,NA,1
RPUSD3,7,0,0,0.921322532649562,NA,NA,NA,1
SLC22A5,4,0,0,0.921591891244778,NA,NA,NA,1
ZNF28,4,0,0,0.921591891244778,NA,NA,NA,1
PGBD4,5,0,0,0.921651793175251,NA,NA,NA,1
RBMS3,7,0,0,0.921699048820559,NA,NA,NA,1
ZNF785,6,0,0,0.921810180224668,NA,NA,NA,1
TOMM40L,8,0,0,0.92181661494644,NA,NA,NA,1
GLA,7,0,0,0.921832458115658,NA,NA,NA,1
IL11RA,4,0,0,0.921832458115658,NA,NA,NA,1
NCAPH,5,0,0,0.921832458115658,NA,NA,NA,1
S1PR1,4,0,0,0.921832458115658,NA,NA,NA,1
P2RX5,3,0,0,0.921907714958494,NA,NA,NA,1
SLC30A4,7,0,0,0.921907714958494,NA,NA,NA,1
KIAA1324,4,0,0,0.922034940490771,NA,NA,NA,1
DPAGT1,3,0,0,0.922231681055707,NA,NA,NA,1
EXT1,5,0,0,0.922231681055707,NA,NA,NA,1
NIPSNAP2,6,0,0,0.922231681055707,NA,NA,NA,1
PTPRB,7,0,0,0.922231681055707,NA,NA,NA,1
VPS33B,3,0,0,0.922231681055707,NA,NA,NA,1
TFIP11,3,0,0,0.922368360791026,NA,NA,NA,1
BICD1,9,0,0,0.922422601012428,NA,NA,NA,1
CALR,7,0,0,0.922422601012428,NA,NA,NA,1
CHSY3,3,0,0,0.922422601012428,NA,NA,NA,1
CLEC2D,7,0,0,0.922422601012428,NA,NA,NA,1
FAM151B,6,0,0,0.922422601012428,NA,NA,NA,1
FANCM,7,0,0,0.922422601012428,NA,NA,NA,1
IRF1,6,0,0,0.922422601012428,NA,NA,NA,1
SIPA1L2,4,0,0,0.922422601012428,NA,NA,NA,1
TRMT10B,9,0,0,0.922422601012428,NA,NA,NA,1
WTIP,6,0,0,0.922422601012428,NA,NA,NA,1
CNTRL,2,0,0,0.922456690603339,NA,NA,NA,1
MALSU1,4,0,0,0.922456690603339,NA,NA,NA,1
XK,2,0,0,0.922456690603339,NA,NA,NA,1
GAS2L1,2,0,0,0.922509865480675,NA,NA,NA,1
COLGALT1,12,0,0,0.922672895511051,NA,NA,NA,1
SLC5A3,7,0,0,0.922789497502801,NA,NA,NA,1
MAML2,7,0,0,0.923074625971206,NA,NA,NA,1
SAP30L,5,0,0,0.923074625971206,NA,NA,NA,1
CALB1,4,0,0,0.923553139559385,NA,NA,NA,1
ZNF391,4,0,0,0.923553139559385,NA,NA,NA,1
PATJ,8,0,0,0.923660899148819,NA,NA,NA,1
RRP1,10,0,0,0.923660899148819,NA,NA,NA,1
LRPPRC,5,0,0,0.923676612414325,NA,NA,NA,1
LZTR1,2,0,0,0.923676612414325,NA,NA,NA,1
TJP2,3,0,0,0.923835600369209,NA,NA,NA,1
ZCCHC9,3,0,0,0.923835600369209,NA,NA,NA,1
PPM1B,6,0,0,0.924296243995224,NA,NA,NA,1
SETDB1,6,0,0,0.924459089503685,NA,NA,NA,1
FAM76B,8,0,0,0.924592421349191,NA,NA,NA,1
GRB10,5,0,0,0.924592421349191,NA,NA,NA,1
SLIT2,7,0,0,0.924886823281343,NA,NA,NA,1
EIF3G,2,0,0,0.924905364101389,NA,NA,NA,1
ADRB2,7,0,0,0.924995776849131,NA,NA,NA,1
ALS2CR12,4,0,0,0.924995776849131,NA,NA,NA,1
ARAP1,3,0,0,0.924995776849131,NA,NA,NA,1
AURKA,4,0,0,0.924995776849131,NA,NA,NA,1
CCDC150,2,0,0,0.924995776849131,NA,NA,NA,1
EIF2D,3,0,0,0.924995776849131,NA,NA,NA,1
NSUN2,3,0,0,0.924995776849131,NA,NA,NA,1
PJA1,3,0,0,0.924995776849131,NA,NA,NA,1
POLR2G,5,0,0,0.924995776849131,NA,NA,NA,1
RNF103,4,0,0,0.924995776849131,NA,NA,NA,1
SLC50A1,2,0,0,0.924995776849131,NA,NA,NA,1
TDRKH,8,0,0,0.924995776849131,NA,NA,NA,1
TDRP,8,0,0,0.924995776849131,NA,NA,NA,1
VSIG1,2,0,0,0.924995776849131,NA,NA,NA,1
FAAP100,4,0,0,0.925055926281926,NA,NA,NA,1
GCHFR,2,0,0,0.925055926281926,NA,NA,NA,1
GTF2F2,9,0,0,0.925055926281926,NA,NA,NA,1
HPCAL1,4,0,0,0.925055926281926,NA,NA,NA,1
KCNAB1,2,0,0,0.925055926281926,NA,NA,NA,1
PQLC1,9,0,0,0.925055926281926,NA,NA,NA,1
SNX6,5,0,0,0.925055926281926,NA,NA,NA,1
VANGL2,3,0,0,0.925055926281926,NA,NA,NA,1
WASHC3,5,0,0,0.925055926281926,NA,NA,NA,1
PGBD1,5,0,0,0.925213002580534,NA,NA,NA,1
COL1A1,6,0,0,0.925398392979507,NA,NA,NA,1
ZNF563,3,0,0,0.925398392979507,NA,NA,NA,1
AKAP2,8,0,0,0.925526115467943,NA,NA,NA,1
AP4M1,7,0,0,0.925526115467943,NA,NA,NA,1
ATP7B,5,0,0,0.925526115467943,NA,NA,NA,1
FGFR4,2,0,0,0.925526115467943,NA,NA,NA,1
GSKIP,7,0,0,0.925526115467943,NA,NA,NA,1
PHF5A,3,0,0,0.925526115467943,NA,NA,NA,1
SHISA9,4,0,0,0.925526115467943,NA,NA,NA,1
TMEM131L,3,0,0,0.925526115467943,NA,NA,NA,1
TSC22D2,7,0,0,0.925526115467943,NA,NA,NA,1
BUD23,7,0,0,0.925810930605067,NA,NA,NA,1
MANSC1,5,0,0,0.925810930605067,NA,NA,NA,1
SLC13A3,2,0,0,0.92582478063955,NA,NA,NA,1
ATPAF2,7,0,0,0.925960397904177,NA,NA,NA,1
BICDL2,3,0,0,0.926124403975846,NA,NA,NA,1
EIF5,19,0,0,0.92616132345261,NA,NA,NA,1
FCMR,11,0,0,0.92616132345261,NA,NA,NA,1
FYCO1,5,0,0,0.92616132345261,NA,NA,NA,1
GIGYF1,3,0,0,0.92616132345261,NA,NA,NA,1
ICE2,12,0,0,0.92616132345261,NA,NA,NA,1
KIF27,4,0,0,0.92616132345261,NA,NA,NA,1
PSMD9,3,0,0,0.92616132345261,NA,NA,NA,1
RPL3,2,0,0,0.92616132345261,NA,NA,NA,1
ZNF10,6,0,0,0.92616132345261,NA,NA,NA,1
DNPH1,3,0,0,0.926229034952967,NA,NA,NA,1
KIF15,4,0,0,0.926229034952967,NA,NA,NA,1
MIER1,6,0,0,0.926229034952967,NA,NA,NA,1
PPP1R3F,4,0,0,0.926229034952967,NA,NA,NA,1
RBL2,4,0,0,0.926229034952967,NA,NA,NA,1
ZNF234,5,0,0,0.926229034952967,NA,NA,NA,1
YIPF1,5,0,0,0.926274311409117,NA,NA,NA,1
SEC61B,7,0,0,0.926555640620002,NA,NA,NA,1
AAR2,3,0,0,0.926618790092201,NA,NA,NA,1
ARHGAP22,2,0,0,0.926618790092201,NA,NA,NA,1
C19orf53,4,0,0,0.926618790092201,NA,NA,NA,1
C2CD2L,4,0,0,0.926618790092201,NA,NA,NA,1
CIR1,5,0,0,0.926618790092201,NA,NA,NA,1
CLEC16A,5,0,0,0.926618790092201,NA,NA,NA,1
CMAS,5,0,0,0.926618790092201,NA,NA,NA,1
EID2B,5,0,0,0.926618790092201,NA,NA,NA,1
GDPD3,2,0,0,0.926618790092201,NA,NA,NA,1
GLYR1,4,0,0,0.926618790092201,NA,NA,NA,1
GRHPR,7,0,0,0.926618790092201,NA,NA,NA,1
MFNG,2,0,0,0.926618790092201,NA,NA,NA,1
RPUSD4,7,0,0,0.926618790092201,NA,NA,NA,1
SLC22A4,4,0,0,0.926618790092201,NA,NA,NA,1
TBRG1,8,0,0,0.926618790092201,NA,NA,NA,1
TM7SF2,8,0,0,0.926618790092201,NA,NA,NA,1
TMEM8A,4,0,0,0.926618790092201,NA,NA,NA,1
TRAPPC11,5,0,0,0.926618790092201,NA,NA,NA,1
TRIB1,5,0,0,0.926618790092201,NA,NA,NA,1
ZNF557,8,0,0,0.926618790092201,NA,NA,NA,1
ZNF575,3,0,0,0.926618790092201,NA,NA,NA,1
FKBP7,5,0,0,0.926657816943717,NA,NA,NA,1
INSL4,2,0,0,0.926657816943717,NA,NA,NA,1
TMED7-TICAM2,11,0,0,0.92689002512011,NA,NA,NA,1
RAD54L,7,0,0,0.926939904163085,NA,NA,NA,1
CDK20,6,0,0,0.927295990824839,NA,NA,NA,1
RELT,8,0,0,0.927295990824839,NA,NA,NA,1
SNX11,8,0,0,0.927460340949884,NA,NA,NA,1
MTERF3,2,0,0,0.927685059727558,NA,NA,NA,1
TRAPPC5,3,0,0,0.927685059727558,NA,NA,NA,1
RMND5B,12,0,0,0.927726573349794,NA,NA,NA,1
LTBP4,2,0,0,0.928005391634126,NA,NA,NA,1
ODF2L,9,0,0,0.928005391634126,NA,NA,NA,1
ALKBH3,8,0,0,0.928028308804731,NA,NA,NA,1
ARHGAP26,5,0,0,0.928028308804731,NA,NA,NA,1
DLST,5,0,0,0.928028308804731,NA,NA,NA,1
DNAJC9,19,0,0,0.928028308804731,NA,NA,NA,1
DYNLT1,3,0,0,0.928028308804731,NA,NA,NA,1
FOXA2,3,0,0,0.928028308804731,NA,NA,NA,1
LAPTM5,2,0,0,0.928028308804731,NA,NA,NA,1
NOS1AP,5,0,0,0.928028308804731,NA,NA,NA,1
NUTF2,3,0,0,0.928028308804731,NA,NA,NA,1
SLC17A5,4,0,0,0.928028308804731,NA,NA,NA,1
ZNF580,3,0,0,0.928028308804731,NA,NA,NA,1
MSRB1,5,0,0,0.928316955794247,NA,NA,NA,1
ANXA9,5,0,0,0.928363444544058,NA,NA,NA,1
CALCRL,6,0,0,0.928363444544058,NA,NA,NA,1
CLK1,4,0,0,0.928363444544058,NA,NA,NA,1
FGFBP3,5,0,0,0.928363444544058,NA,NA,NA,1
HMMR,5,0,0,0.928363444544058,NA,NA,NA,1
KCTD2,4,0,0,0.928363444544058,NA,NA,NA,1
KLHL2,4,0,0,0.928363444544058,NA,NA,NA,1
NCOR2,4,0,0,0.928363444544058,NA,NA,NA,1
NDUFB8,3,0,0,0.928363444544058,NA,NA,NA,1
NUP188,2,0,0,0.928363444544058,NA,NA,NA,1
SERPINB5,2,0,0,0.928363444544058,NA,NA,NA,1
SYCE1L,3,0,0,0.928363444544058,NA,NA,NA,1
VPS25,3,0,0,0.928363444544058,NA,NA,NA,1
WDR5,8,0,0,0.928363444544058,NA,NA,NA,1
ZCCHC11,2,0,0,0.928363444544058,NA,NA,NA,1
ZNF620,6,0,0,0.928363444544058,NA,NA,NA,1
INPP4A,13,0,0,0.928543344047136,NA,NA,NA,1
MRPL34,2,0,0,0.928543344047136,NA,NA,NA,1
RYK,9,0,0,0.928613138315805,NA,NA,NA,1
ZNF215,3,0,0,0.928618922263711,NA,NA,NA,1
DTYMK,2,0,0,0.928722207518844,NA,NA,NA,1
G6PC3,4,0,0,0.928722207518844,NA,NA,NA,1
PRIMPOL,3,0,0,0.928722207518844,NA,NA,NA,1
TPP1,8,0,0,0.92872424606061,NA,NA,NA,1
ARRDC2,4,0,0,0.928729931905213,NA,NA,NA,1
BORA,2,0,0,0.928729931905213,NA,NA,NA,1
C10orf88,3,0,0,0.928729931905213,NA,NA,NA,1
PPIF,3,0,0,0.928729931905213,NA,NA,NA,1
QTRT2,5,0,0,0.928729931905213,NA,NA,NA,1
THAP5,11,0,0,0.928776138558912,NA,NA,NA,1
CYP2E1,2,0,0,0.929066684057796,NA,NA,NA,1
NDUFAF2,3,0,0,0.929136134324432,NA,NA,NA,1
CWF19L2,8,0,0,0.929277764684157,NA,NA,NA,1
RICTOR,7,0,0,0.929785215503239,NA,NA,NA,1
GTF3C1,2,0,0,0.929926236392613,NA,NA,NA,1
PARK7,6,0,0,0.929926236392613,NA,NA,NA,1
BRSK2,3,0,0,0.930099587048418,NA,NA,NA,1
MED16,3,0,0,0.930099587048418,NA,NA,NA,1
VPS37B,6,0,0,0.930319605980404,NA,NA,NA,1
FAM218A,6,0,0,0.930400190284175,NA,NA,NA,1
ADPRM,5,0,0,0.930523842849616,NA,NA,NA,1
MRPL36,8,0,0,0.930557016897677,NA,NA,NA,1
MUM1,6,0,0,0.930557016897677,NA,NA,NA,1
TICRR,5,0,0,0.930557016897677,NA,NA,NA,1
ZNF175,6,0,0,0.930924663026545,NA,NA,NA,1
KNL1,4,0,0,0.931010986489133,NA,NA,NA,1
LARP6,6,0,0,0.931010986489133,NA,NA,NA,1
NTN4,3,0,0,0.931010986489133,NA,NA,NA,1
TULP4,9,0,0,0.931010986489133,NA,NA,NA,1
MVP,2,0,0,0.931111152069671,NA,NA,NA,1
SBDS,5,0,0,0.931153988869701,NA,NA,NA,1
GRWD1,7,0,0,0.931274105873834,NA,NA,NA,1
ARID2,6,0,0,0.931357977769786,NA,NA,NA,1
CES2,3,0,0,0.931382529530557,NA,NA,NA,1
COQ8A,4,0,0,0.931382529530557,NA,NA,NA,1
EEF2KMT,7,0,0,0.931382529530557,NA,NA,NA,1
FBXL20,7,0,0,0.931382529530557,NA,NA,NA,1
PKIB,3,0,0,0.931382529530557,NA,NA,NA,1
PYCR2,4,0,0,0.931382529530557,NA,NA,NA,1
RECK,2,0,0,0.931382529530557,NA,NA,NA,1
RTL6,4,0,0,0.931382529530557,NA,NA,NA,1
SEC24C,2,0,0,0.931382529530557,NA,NA,NA,1
TMEM91,2,0,0,0.931382529530557,NA,NA,NA,1
ZNF77,3,0,0,0.931382529530557,NA,NA,NA,1
KCTD6,4,0,0,0.931427584084195,NA,NA,NA,1
PQLC3,2,0,0,0.931473098509896,NA,NA,NA,1
RPL6,3,0,0,0.931473098509896,NA,NA,NA,1
CYP4B1,2,0,0,0.931782970972459,NA,NA,NA,1
CUTC,2,0,0,0.932007596246549,NA,NA,NA,1
KHDRBS3,3,0,0,0.932092364595905,NA,NA,NA,1
ZNF181,4,0,0,0.932092364595905,NA,NA,NA,1
ZNF609,8,0,0,0.932366400417169,NA,NA,NA,1
KIAA0232,5,0,0,0.932666522149583,NA,NA,NA,1
TBXAS1,2,0,0,0.932797629408651,NA,NA,NA,1
AHNAK2,4,0,0,0.932806366281322,NA,NA,NA,1
TBCB,2,0,0,0.932998062239696,NA,NA,NA,1
KAT8,2,0,0,0.93312679072171,NA,NA,NA,1
RSBN1L,10,0,0,0.933196506442919,NA,NA,NA,1
SDHAF1,4,0,0,0.933196506442919,NA,NA,NA,1
SRGAP2B,2,0,0,0.933196506442919,NA,NA,NA,1
ABHD11,2,0,0,0.933489269631833,NA,NA,NA,1
AIP,2,0,0,0.933489269631833,NA,NA,NA,1
BCCIP,3,0,0,0.933489269631833,NA,NA,NA,1
BNIP2,9,0,0,0.933489269631833,NA,NA,NA,1
COA3,8,0,0,0.933489269631833,NA,NA,NA,1
ENO4,2,0,0,0.933489269631833,NA,NA,NA,1
GPHN,2,0,0,0.933489269631833,NA,NA,NA,1
KIF16B,2,0,0,0.933489269631833,NA,NA,NA,1
POMK,16,0,0,0.933489269631833,NA,NA,NA,1
RNASEH2B,5,0,0,0.933489269631833,NA,NA,NA,1
UBE2A,6,0,0,0.933489269631833,NA,NA,NA,1
RPP40,4,0,0,0.933684494963636,NA,NA,NA,1
PPP1R3C,5,0,0,0.933936902905693,NA,NA,NA,1
TBL3,6,0,0,0.934206322235575,NA,NA,NA,1
AMPD3,10,0,0,0.934300903369808,NA,NA,NA,1
CXCL14,2,0,0,0.934300903369808,NA,NA,NA,1
FASTKD1,7,0,0,0.934300903369808,NA,NA,NA,1
GALNT12,3,0,0,0.934300903369808,NA,NA,NA,1
HIST2H2BE,4,0,0,0.934300903369808,NA,NA,NA,1
MFHAS1,5,0,0,0.934300903369808,NA,NA,NA,1
NR2C1,5,0,0,0.934300903369808,NA,NA,NA,1
PDXP,2,0,0,0.934300903369808,NA,NA,NA,1
PPP1R9B,6,0,0,0.934300903369808,NA,NA,NA,1
RACGAP1,6,0,0,0.934300903369808,NA,NA,NA,1
RGMB,8,0,0,0.934300903369808,NA,NA,NA,1
RPLP2,2,0,0,0.934300903369808,NA,NA,NA,1
TST,2,0,0,0.934300903369808,NA,NA,NA,1
UBE2E2,6,0,0,0.934300903369808,NA,NA,NA,1
SETD5,8,0,0,0.934347767317387,NA,NA,NA,1
ABHD17B,3,0,0,0.934403892239255,NA,NA,NA,1
FOXP4,5,0,0,0.934403892239255,NA,NA,NA,1
LCAT,2,0,0,0.934403892239255,NA,NA,NA,1
SIAH1,8,0,0,0.934403892239255,NA,NA,NA,1
ST3GAL1,4,0,0,0.934403892239255,NA,NA,NA,1
WDR45B,5,0,0,0.934403892239255,NA,NA,NA,1
RBMS1,5,0,0,0.93448687702766,NA,NA,NA,1
SLC9A3,6,0,0,0.93448687702766,NA,NA,NA,1
SPRED3,3,0,0,0.93448687702766,NA,NA,NA,1
NFKB2,2,0,0,0.934769228647416,NA,NA,NA,1
PLEKHF2,6,0,0,0.934801668602365,NA,NA,NA,1
DEXI,2,0,0,0.935368825041842,NA,NA,NA,1
FBXO43,2,0,0,0.935368825041842,NA,NA,NA,1
GOLGB1,3,0,0,0.935368825041842,NA,NA,NA,1
HDX,2,0,0,0.935368825041842,NA,NA,NA,1
INAFM1,4,0,0,0.935368825041842,NA,NA,NA,1
MRPS22,7,0,0,0.935368825041842,NA,NA,NA,1
NCOA4,4,0,0,0.935368825041842,NA,NA,NA,1
VPS33A,7,0,0,0.935368825041842,NA,NA,NA,1
ZBED6CL,2,0,0,0.935368825041842,NA,NA,NA,1
ZNF746,3,0,0,0.935368825041842,NA,NA,NA,1
CTSL,3,0,0,0.935408884293806,NA,NA,NA,1
FNBP1,3,0,0,0.935408884293806,NA,NA,NA,1
LIPT1,2,0,0,0.935408884293806,NA,NA,NA,1
PKD2,3,0,0,0.935408884293806,NA,NA,NA,1
SDC4,9,0,0,0.935408884293806,NA,NA,NA,1
STAT6,8,0,0,0.935408884293806,NA,NA,NA,1
JOSD1,7,0,0,0.935518845901977,NA,NA,NA,1
CBWD2,2,0,0,0.935597034456132,NA,NA,NA,1
CC2D1A,3,0,0,0.935728639153094,NA,NA,NA,1
ADTRP,4,0,0,0.935746632255159,NA,NA,NA,1
COX10,9,0,0,0.935746632255159,NA,NA,NA,1
GCC1,9,0,0,0.935746632255159,NA,NA,NA,1
HHAT,6,0,0,0.935746632255159,NA,NA,NA,1
TIMM21,6,0,0,0.935746632255159,NA,NA,NA,1
SNRPC,5,0,0,0.935830640875854,NA,NA,NA,1
TMPRSS15,3,0,0,0.935830640875854,NA,NA,NA,1
NCAPD3,7,0,0,0.935940998230982,NA,NA,NA,1
ANXA7,7,0,0,0.936300947295328,NA,NA,NA,1
FKBP1A,4,0,0,0.936300947295328,NA,NA,NA,1
MRPL24,2,0,0,0.936371697014005,NA,NA,NA,1
MED6,9,0,0,0.936682211939567,NA,NA,NA,1
MORN2,4,0,0,0.936682211939567,NA,NA,NA,1
PPIL3,7,0,0,0.936852128174937,NA,NA,NA,1
SPATA5,10,0,0,0.936957486688136,NA,NA,NA,1
ADGRA3,9,0,0,0.937097197014966,NA,NA,NA,1
CCNB2,6,0,0,0.937097197014966,NA,NA,NA,1
CCSAP,7,0,0,0.937097197014966,NA,NA,NA,1
GCFC2,13,0,0,0.937097197014966,NA,NA,NA,1
HIST1H2AM,3,0,0,0.937097197014966,NA,NA,NA,1
PEX1,2,0,0,0.937097197014966,NA,NA,NA,1
RTCB,9,0,0,0.937097197014966,NA,NA,NA,1
SLC44A2,3,0,0,0.937097197014966,NA,NA,NA,1
SLC4A3,3,0,0,0.937097197014966,NA,NA,NA,1
YEATS2,4,0,0,0.937097197014966,NA,NA,NA,1
AMACR,4,0,0,0.937234855590745,NA,NA,NA,1
DNAJC5,10,0,0,0.937234855590745,NA,NA,NA,1
OGFOD2,2,0,0,0.937234855590745,NA,NA,NA,1
PLEKHA8,2,0,0,0.937234855590745,NA,NA,NA,1
ZBTB39,4,0,0,0.937234855590745,NA,NA,NA,1
ZNF143,6,0,0,0.937234855590745,NA,NA,NA,1
ZNF772,6,0,0,0.937234855590745,NA,NA,NA,1
POLD2,5,0,0,0.937391762967886,NA,NA,NA,1
C6orf163,2,0,0,0.93768212307832,NA,NA,NA,1
BRCA1,4,0,0,0.937941829476177,NA,NA,NA,1
CAPN10,2,0,0,0.937946117612274,NA,NA,NA,1
CCDC124,2,0,0,0.937946117612274,NA,NA,NA,1
CCDC82,5,0,0,0.93796662604085,NA,NA,NA,1
DRG2,3,0,0,0.938170704653678,NA,NA,NA,1
HNRNPH3,7,0,0,0.938170704653678,NA,NA,NA,1
TMEM139,3,0,0,0.938170704653678,NA,NA,NA,1
TRAF7,5,0,0,0.938222936347723,NA,NA,NA,1
AHRR,8,0,0,0.938370502141363,NA,NA,NA,1
ATP5H,4,0,0,0.938370502141363,NA,NA,NA,1
GNG10,5,0,0,0.938370502141363,NA,NA,NA,1
SNF8,7,0,0,0.938704728464336,NA,NA,NA,1
VAT1,5,0,0,0.938704728464336,NA,NA,NA,1
ZNF749,15,0,0,0.938704728464336,NA,NA,NA,1
DBF4B,2,0,0,0.938814272743654,NA,NA,NA,1
KRT18,2,0,0,0.938814272743654,NA,NA,NA,1
PLCB2,2,0,0,0.938814272743654,NA,NA,NA,1
SRP19,6,0,0,0.938814272743654,NA,NA,NA,1
ZFX,11,0,0,0.938814272743654,NA,NA,NA,1
ZNF497,3,0,0,0.938833549261104,NA,NA,NA,1
HSPB1,6,0,0,0.938835938227022,NA,NA,NA,1
DIRAS1,3,0,0,0.939004176035999,NA,NA,NA,1
MLKL,2,0,0,0.939484407483286,NA,NA,NA,1
C10orf55,3,0,0,0.939501249970036,NA,NA,NA,1
ZDHHC6,5,0,0,0.939616013723606,NA,NA,NA,1
HSP90AB1,5,0,0,0.93965569355024,NA,NA,NA,1
ACIN1,2,0,0,0.939659695278961,NA,NA,NA,1
C12orf10,2,0,0,0.939659695278961,NA,NA,NA,1
CCDC117,9,0,0,0.939659695278961,NA,NA,NA,1
FZD4,3,0,0,0.939659695278961,NA,NA,NA,1
HDAC5,2,0,0,0.939659695278961,NA,NA,NA,1
LAS1L,7,0,0,0.939659695278961,NA,NA,NA,1
PBK,6,0,0,0.939659695278961,NA,NA,NA,1
POMT2,4,0,0,0.939659695278961,NA,NA,NA,1
PRKCD,4,0,0,0.939659695278961,NA,NA,NA,1
RNFT1,4,0,0,0.939659695278961,NA,NA,NA,1
ROMO1,6,0,0,0.939659695278961,NA,NA,NA,1
SMAP2,4,0,0,0.939659695278961,NA,NA,NA,1
SP1,16,0,0,0.939659695278961,NA,NA,NA,1
STEAP3,9,0,0,0.939659695278961,NA,NA,NA,1
WLS,5,0,0,0.939659695278961,NA,NA,NA,1
ZDHHC18,3,0,0,0.939659695278961,NA,NA,NA,1
MBD5,7,0,0,0.939695172312225,NA,NA,NA,1
FAM161B,8,0,0,0.93973574701383,NA,NA,NA,1
FBN1,10,0,0,0.939738764211272,NA,NA,NA,1
SCP2,8,0,0,0.939738764211272,NA,NA,NA,1
GPR153,3,0,0,0.939790109651473,NA,NA,NA,1
LARS,7,0,0,0.939790109651473,NA,NA,NA,1
LOXL3,4,0,0,0.939790109651473,NA,NA,NA,1
MNAT1,4,0,0,0.939790109651473,NA,NA,NA,1
MPP5,5,0,0,0.939790109651473,NA,NA,NA,1
PROX1,4,0,0,0.939790109651473,NA,NA,NA,1
TROVE2,3,0,0,0.939790109651473,NA,NA,NA,1
VPS39,9,0,0,0.939790109651473,NA,NA,NA,1
ACTL10,4,0,0,0.940030943103865,NA,NA,NA,1
APMAP,2,0,0,0.940030943103865,NA,NA,NA,1
ATP5I,3,0,0,0.940030943103865,NA,NA,NA,1
CSNK1D,8,0,0,0.940030943103865,NA,NA,NA,1
EEF1B2,3,0,0,0.940030943103865,NA,NA,NA,1
GTPBP1,10,0,0,0.940030943103865,NA,NA,NA,1
JPH1,4,0,0,0.940030943103865,NA,NA,NA,1
OPHN1,4,0,0,0.940030943103865,NA,NA,NA,1
SLC39A3,3,0,0,0.940030943103865,NA,NA,NA,1
TGIF2-C20orf24,6,0,0,0.940030943103865,NA,NA,NA,1
TMOD1,7,0,0,0.940030943103865,NA,NA,NA,1
ZNF787,2,0,0,0.940030943103865,NA,NA,NA,1
SBF1,8,0,0,0.940142839904686,NA,NA,NA,1
TRIM22,3,0,0,0.940142839904686,NA,NA,NA,1
VSIG10L,7,0,0,0.940142839904686,NA,NA,NA,1
ADGRE5,5,0,0,0.940258418333412,NA,NA,NA,1
AMD1,11,0,0,0.940258418333412,NA,NA,NA,1
ARL6,7,0,0,0.940258418333412,NA,NA,NA,1
CNOT7,7,0,0,0.940258418333412,NA,NA,NA,1
ICA1,2,0,0,0.940258418333412,NA,NA,NA,1
IL7R,5,0,0,0.940258418333412,NA,NA,NA,1
INTS4,4,0,0,0.940258418333412,NA,NA,NA,1
NUDT2,3,0,0,0.940258418333412,NA,NA,NA,1
PSMD5,9,0,0,0.940258418333412,NA,NA,NA,1
UBL7,2,0,0,0.940258418333412,NA,NA,NA,1
ZBTB1,3,0,0,0.940258418333412,NA,NA,NA,1
ZCCHC6,3,0,0,0.940258418333412,NA,NA,NA,1
ZHX2,2,0,0,0.940258418333412,NA,NA,NA,1
ZRANB3,7,0,0,0.940258418333412,NA,NA,NA,1
ZSCAN31,4,0,0,0.940258418333412,NA,NA,NA,1
C1orf131,3,0,0,0.940428101063409,NA,NA,NA,1
ERFE,2,0,0,0.940428101063409,NA,NA,NA,1
FN3KRP,12,0,0,0.940428101063409,NA,NA,NA,1
FSIP1,5,0,0,0.940428101063409,NA,NA,NA,1
LHPP,2,0,0,0.940428101063409,NA,NA,NA,1
LRRC57,10,0,0,0.940428101063409,NA,NA,NA,1
LSM10,5,0,0,0.940428101063409,NA,NA,NA,1
MRPS21,7,0,0,0.940428101063409,NA,NA,NA,1
MRPS33,5,0,0,0.940428101063409,NA,NA,NA,1
NSD1,6,0,0,0.940428101063409,NA,NA,NA,1
PARPBP,15,0,0,0.940428101063409,NA,NA,NA,1
PCM1,4,0,0,0.940428101063409,NA,NA,NA,1
PFN1,4,0,0,0.940428101063409,NA,NA,NA,1
PITRM1,5,0,0,0.940428101063409,NA,NA,NA,1
PPM1G,2,0,0,0.940428101063409,NA,NA,NA,1
PTPN18,4,0,0,0.940428101063409,NA,NA,NA,1
RPS6KA1,2,0,0,0.940428101063409,NA,NA,NA,1
SF3B6,5,0,0,0.940428101063409,NA,NA,NA,1
SIN3B,2,0,0,0.940428101063409,NA,NA,NA,1
SLC35B4,17,0,0,0.940428101063409,NA,NA,NA,1
STK3,4,0,0,0.940428101063409,NA,NA,NA,1
TCF25,8,0,0,0.940428101063409,NA,NA,NA,1
ULBP2,2,0,0,0.940428101063409,NA,NA,NA,1
ZXDC,5,0,0,0.940428101063409,NA,NA,NA,1
ME1,6,0,0,0.940857358780176,NA,NA,NA,1
CAMKMT,3,0,0,0.940905350026406,NA,NA,NA,1
MRPS36,5,0,0,0.94098514913485,NA,NA,NA,1
UBA52,8,0,0,0.94098514913485,NA,NA,NA,1
CDK8,3,0,0,0.941022789789856,NA,NA,NA,1
EFNB1,3,0,0,0.941177277123634,NA,NA,NA,1
EPC1,7,0,0,0.941177277123634,NA,NA,NA,1
MYH10,6,0,0,0.941177277123634,NA,NA,NA,1
COQ10B,7,0,0,0.941198894074434,NA,NA,NA,1
ODR4,4,0,0,0.941198894074434,NA,NA,NA,1
RDX,3,0,0,0.941198894074434,NA,NA,NA,1
RPL21,13,0,0,0.941198894074434,NA,NA,NA,1
ZNF706,10,0,0,0.941198894074434,NA,NA,NA,1
ZNF300,4,0,0,0.941645178705968,NA,NA,NA,1
GPS1,3,0,0,0.941708143344737,NA,NA,NA,1
KXD1,2,0,0,0.941708143344737,NA,NA,NA,1
LEPR,3,0,0,0.941708143344737,NA,NA,NA,1
POC1A,5,0,0,0.941708143344737,NA,NA,NA,1
B3GAT3,3,0,0,0.941771271802861,NA,NA,NA,1
ZNF836,2,0,0,0.941866346368627,NA,NA,NA,1
PSMD10,3,0,0,0.941955875328125,NA,NA,NA,1
RAB11FIP1,10,0,0,0.942006167330529,NA,NA,NA,1
TNFSF4,3,0,0,0.942006167330529,NA,NA,NA,1
TFDP1,9,0,0,0.942034131277124,NA,NA,NA,1
PIP5K1A,3,0,0,0.942079749207996,NA,NA,NA,1
TMEM156,2,0,0,0.942470683094465,NA,NA,NA,1
VPS11,3,0,0,0.942470683094465,NA,NA,NA,1
ZBTB42,5,0,0,0.942470683094465,NA,NA,NA,1
ARSJ,8,0,0,0.94256596717161,NA,NA,NA,1
TSHZ2,5,0,0,0.942572667848926,NA,NA,NA,1
MGAT1,4,0,0,0.942794397447491,NA,NA,NA,1
NUDT12,5,0,0,0.942794397447491,NA,NA,NA,1
ZNF718,2,0,0,0.942794397447491,NA,NA,NA,1
TFPI2,10,0,0,0.942830365245533,NA,NA,NA,1
ATP11C,5,0,0,0.94304950388595,NA,NA,NA,1
ATXN7L2,2,0,0,0.94304950388595,NA,NA,NA,1
BAG1,4,0,0,0.94304950388595,NA,NA,NA,1
CACYBP,14,0,0,0.94304950388595,NA,NA,NA,1
NR4A2,2,0,0,0.94304950388595,NA,NA,NA,1
PINLYP,3,0,0,0.94304950388595,NA,NA,NA,1
RAI14,4,0,0,0.94304950388595,NA,NA,NA,1
SS18L2,5,0,0,0.94304950388595,NA,NA,NA,1
UTP20,3,0,0,0.94304950388595,NA,NA,NA,1
NCDN,2,0,0,0.943094685635121,NA,NA,NA,1
ACKR2,4,0,0,0.943300251328853,NA,NA,NA,1
RTTN,3,0,0,0.943300251328853,NA,NA,NA,1
SIX1,5,0,0,0.943343878161325,NA,NA,NA,1
C19orf33,3,0,0,0.943363339345932,NA,NA,NA,1
CYB561A3,3,0,0,0.943363339345932,NA,NA,NA,1
MARVELD1,6,0,0,0.943363339345932,NA,NA,NA,1
ADGRL3,5,0,0,0.943421616355233,NA,NA,NA,1
TBC1D14,5,0,0,0.943421616355233,NA,NA,NA,1
TMA7,3,0,0,0.943421616355233,NA,NA,NA,1
ZC3H4,3,0,0,0.943421616355233,NA,NA,NA,1
ZNF584,9,0,0,0.943421616355233,NA,NA,NA,1
ABHD17A,4,0,0,0.94355854696004,NA,NA,NA,1
ATP2B4,6,0,0,0.94355854696004,NA,NA,NA,1
CARHSP1,4,0,0,0.94355854696004,NA,NA,NA,1
CPSF1,3,0,0,0.94355854696004,NA,NA,NA,1
DIRC2,9,0,0,0.94355854696004,NA,NA,NA,1
HIST1H3A,4,0,0,0.94355854696004,NA,NA,NA,1
HIST1H4I,3,0,0,0.94355854696004,NA,NA,NA,1
HOXC8,2,0,0,0.94355854696004,NA,NA,NA,1
IDH2,4,0,0,0.94355854696004,NA,NA,NA,1
MC1R,2,0,0,0.94355854696004,NA,NA,NA,1
MKL2,5,0,0,0.94355854696004,NA,NA,NA,1
MRPS6,3,0,0,0.94355854696004,NA,NA,NA,1
NDUFAF7,7,0,0,0.94355854696004,NA,NA,NA,1
OXSM,5,0,0,0.94355854696004,NA,NA,NA,1
POLD3,5,0,0,0.94355854696004,NA,NA,NA,1
POLE3,2,0,0,0.94355854696004,NA,NA,NA,1
PRMT5,2,0,0,0.94355854696004,NA,NA,NA,1
PSENEN,5,0,0,0.94355854696004,NA,NA,NA,1
RBM14,2,0,0,0.94355854696004,NA,NA,NA,1
RCAN3,5,0,0,0.94355854696004,NA,NA,NA,1
SP2,9,0,0,0.94355854696004,NA,NA,NA,1
TAF1C,7,0,0,0.94355854696004,NA,NA,NA,1
TMEM216,4,0,0,0.94355854696004,NA,NA,NA,1
TXN,5,0,0,0.94355854696004,NA,NA,NA,1
URM1,3,0,0,0.94355854696004,NA,NA,NA,1
ZCWPW2,5,0,0,0.94355854696004,NA,NA,NA,1
ZNF221,7,0,0,0.94355854696004,NA,NA,NA,1
ZNF74,6,0,0,0.94355854696004,NA,NA,NA,1
ZNF814,9,0,0,0.94355854696004,NA,NA,NA,1
PLXND1,2,0,0,0.94356071158647,NA,NA,NA,1
RPL19,6,0,0,0.94356071158647,NA,NA,NA,1
SPTBN2,4,0,0,0.94356071158647,NA,NA,NA,1
ZNF544,4,0,0,0.943634024556327,NA,NA,NA,1
IQCH,3,0,0,0.943644824160563,NA,NA,NA,1
ASAP3,4,0,0,0.943724515356503,NA,NA,NA,1
CLPX,7,0,0,0.943724515356503,NA,NA,NA,1
SHISAL1,4,0,0,0.943724515356503,NA,NA,NA,1
SLC8B1,2,0,0,0.943814902570116,NA,NA,NA,1
BCAS4,6,0,0,0.94383964616485,NA,NA,NA,1
CPS1,8,0,0,0.94383964616485,NA,NA,NA,1
CWF19L1,4,0,0,0.94383964616485,NA,NA,NA,1
DPH5,3,0,0,0.94383964616485,NA,NA,NA,1
FOXC2,2,0,0,0.94383964616485,NA,NA,NA,1
NPRL3,8,0,0,0.94383964616485,NA,NA,NA,1
PPEF1,2,0,0,0.94383964616485,NA,NA,NA,1
STK25,14,0,0,0.94383964616485,NA,NA,NA,1
TBC1D15,11,0,0,0.94383964616485,NA,NA,NA,1
TMEM173,3,0,0,0.94383964616485,NA,NA,NA,1
JUNB,5,0,0,0.943854429784557,NA,NA,NA,1
COPG1,5,0,0,0.943892049972108,NA,NA,NA,1
PIGZ,3,0,0,0.943892049972108,NA,NA,NA,1
SAYSD1,4,0,0,0.943905820596994,NA,NA,NA,1
ANXA4,8,0,0,0.943925131862675,NA,NA,NA,1
RPL23A,8,0,0,0.943925131862675,NA,NA,NA,1
CDC25B,6,0,0,0.944108446604105,NA,NA,NA,1
HIKESHI,5,0,0,0.944108446604105,NA,NA,NA,1
PHF12,4,0,0,0.944108446604105,NA,NA,NA,1
TMEM243,7,0,0,0.944108446604105,NA,NA,NA,1
ANAPC11,4,0,0,0.944287238771893,NA,NA,NA,1
EXOSC8,4,0,0,0.944287238771893,NA,NA,NA,1
GPR160,9,0,0,0.944307124803386,NA,NA,NA,1
FARSA,3,0,0,0.944447955958943,NA,NA,NA,1
TNRC6C,6,0,0,0.944576614025335,NA,NA,NA,1
ARHGAP39,3,0,0,0.944642985748671,NA,NA,NA,1
ATP13A3,10,0,0,0.944642985748671,NA,NA,NA,1
CALCOCO1,6,0,0,0.944642985748671,NA,NA,NA,1
CHST14,4,0,0,0.944642985748671,NA,NA,NA,1
CLTC,13,0,0,0.944642985748671,NA,NA,NA,1
DISC1,2,0,0,0.944642985748671,NA,NA,NA,1
DYNLL1,9,0,0,0.944642985748671,NA,NA,NA,1
EIF4A1,5,0,0,0.944642985748671,NA,NA,NA,1
GGPS1,10,0,0,0.944642985748671,NA,NA,NA,1
IDUA,4,0,0,0.944642985748671,NA,NA,NA,1
MMGT1,8,0,0,0.944642985748671,NA,NA,NA,1
NELFA,5,0,0,0.944642985748671,NA,NA,NA,1
OXTR,4,0,0,0.944642985748671,NA,NA,NA,1
PAM,6,0,0,0.944642985748671,NA,NA,NA,1
PRKAB1,3,0,0,0.944642985748671,NA,NA,NA,1
RAPGEF6,4,0,0,0.944642985748671,NA,NA,NA,1
ROBO4,2,0,0,0.944642985748671,NA,NA,NA,1
RPS27L,12,0,0,0.944642985748671,NA,NA,NA,1
SPECC1L,5,0,0,0.944642985748671,NA,NA,NA,1
SSR2,3,0,0,0.944642985748671,NA,NA,NA,1
TMEM94,4,0,0,0.944642985748671,NA,NA,NA,1
VCPKMT,2,0,0,0.944642985748671,NA,NA,NA,1
ZNF141,2,0,0,0.944642985748671,NA,NA,NA,1
ZNF569,2,0,0,0.944642985748671,NA,NA,NA,1
BCAR1,6,0,0,0.944875511225254,NA,NA,NA,1
DTD2,4,0,0,0.944875511225254,NA,NA,NA,1
ARFGEF2,5,0,0,0.945019622004825,NA,NA,NA,1
DESI1,6,0,0,0.945019622004825,NA,NA,NA,1
DSG3,3,0,0,0.945019622004825,NA,NA,NA,1
MKRN1,3,0,0,0.945019622004825,NA,NA,NA,1
STK10,3,0,0,0.945019622004825,NA,NA,NA,1
PPP6R1,2,0,0,0.945258470117301,NA,NA,NA,1
ST7,4,0,0,0.945258470117301,NA,NA,NA,1
PDE7B,7,0,0,0.945438672320989,NA,NA,NA,1
TRAM1L1,3,0,0,0.945438672320989,NA,NA,NA,1
RASA3,2,0,0,0.946243747120349,NA,NA,NA,1
ELOVL5,9,0,0,0.946564219290541,NA,NA,NA,1
FMNL2,4,0,0,0.946564219290541,NA,NA,NA,1
TRMT5,5,0,0,0.946564219290541,NA,NA,NA,1
EPHA2,3,0,0,0.946593952299173,NA,NA,NA,1
METTL9,5,0,0,0.946895070692285,NA,NA,NA,1
ANKZF1,2,0,0,0.947086426583991,NA,NA,NA,1
APPL2,3,0,0,0.947086426583991,NA,NA,NA,1
ARFIP1,9,0,0,0.947086426583991,NA,NA,NA,1
B3GNT7,2,0,0,0.947086426583991,NA,NA,NA,1
CAPN1,4,0,0,0.947086426583991,NA,NA,NA,1
CBWD1,2,0,0,0.947086426583991,NA,NA,NA,1
CEP85,3,0,0,0.947086426583991,NA,NA,NA,1
CSNK1G1,3,0,0,0.947086426583991,NA,NA,NA,1
CTCF,3,0,0,0.947086426583991,NA,NA,NA,1
DDX19B,8,0,0,0.947086426583991,NA,NA,NA,1
DUSP2,2,0,0,0.947086426583991,NA,NA,NA,1
EFNB3,3,0,0,0.947086426583991,NA,NA,NA,1
FAM107B,8,0,0,0.947086426583991,NA,NA,NA,1
FAM81A,7,0,0,0.947086426583991,NA,NA,NA,1
GNPAT,4,0,0,0.947086426583991,NA,NA,NA,1
IFITM2,5,0,0,0.947086426583991,NA,NA,NA,1
LEPROTL1,2,0,0,0.947086426583991,NA,NA,NA,1
MEGF8,2,0,0,0.947086426583991,NA,NA,NA,1
MEIS1,6,0,0,0.947086426583991,NA,NA,NA,1
NME3,4,0,0,0.947086426583991,NA,NA,NA,1
PAXIP1,3,0,0,0.947086426583991,NA,NA,NA,1
PODNL1,3,0,0,0.947086426583991,NA,NA,NA,1
QPCTL,5,0,0,0.947086426583991,NA,NA,NA,1
RFC2,13,0,0,0.947086426583991,NA,NA,NA,1
RFX3,8,0,0,0.947086426583991,NA,NA,NA,1
RHOA,7,0,0,0.947086426583991,NA,NA,NA,1
SLC26A2,3,0,0,0.947086426583991,NA,NA,NA,1
SMARCA4,11,0,0,0.947086426583991,NA,NA,NA,1
TEAD4,2,0,0,0.947086426583991,NA,NA,NA,1
TGFB2,6,0,0,0.947086426583991,NA,NA,NA,1
TMEM141,3,0,0,0.947086426583991,NA,NA,NA,1
TMEM201,4,0,0,0.947086426583991,NA,NA,NA,1
TMEM265,6,0,0,0.947086426583991,NA,NA,NA,1
TRAM2,7,0,0,0.947086426583991,NA,NA,NA,1
TRIM23,14,0,0,0.947086426583991,NA,NA,NA,1
VWA8,3,0,0,0.947086426583991,NA,NA,NA,1
WIZ,9,0,0,0.947086426583991,NA,NA,NA,1
XPO6,2,0,0,0.947086426583991,NA,NA,NA,1
YWHAQ,12,0,0,0.947086426583991,NA,NA,NA,1
ZBTB2,5,0,0,0.947086426583991,NA,NA,NA,1
ZBTB20,4,0,0,0.947086426583991,NA,NA,NA,1
ZNF316,3,0,0,0.947086426583991,NA,NA,NA,1
ZNF343,5,0,0,0.947086426583991,NA,NA,NA,1
PLK1,2,0,0,0.947206356507033,NA,NA,NA,1
RPL5,6,0,0,0.947206356507033,NA,NA,NA,1
TRAF2,11,0,0,0.947206356507033,NA,NA,NA,1
SCLT1,3,0,0,0.947458877297779,NA,NA,NA,1
ALS2,2,0,0,0.947635098894188,NA,NA,NA,1
CNPY2,6,0,0,0.947712630786492,NA,NA,NA,1
FAM32A,6,0,0,0.947712630786492,NA,NA,NA,1
ICE1,4,0,0,0.947712630786492,NA,NA,NA,1
CTNNBIP1,7,0,0,0.947749421867803,NA,NA,NA,1
TMEM9,10,0,0,0.947749421867803,NA,NA,NA,1
BICDL1,2,0,0,0.948038722671547,NA,NA,NA,1
DTD1,2,0,0,0.948038722671547,NA,NA,NA,1
FLRT3,6,0,0,0.948038722671547,NA,NA,NA,1
LACTB,3,0,0,0.948038722671547,NA,NA,NA,1
LYST,2,0,0,0.948038722671547,NA,NA,NA,1
MYLIP,7,0,0,0.948038722671547,NA,NA,NA,1
NLK,8,0,0,0.948038722671547,NA,NA,NA,1
RPL41,6,0,0,0.948038722671547,NA,NA,NA,1
ZNF546,8,0,0,0.948038722671547,NA,NA,NA,1
MAST4,4,0,0,0.948042387637595,NA,NA,NA,1
MOB3B,6,0,0,0.948042387637595,NA,NA,NA,1
RAB3GAP2,8,0,0,0.948042387637595,NA,NA,NA,1
TMEM218,9,0,0,0.948042387637595,NA,NA,NA,1
ZNF467,2,0,0,0.948042387637595,NA,NA,NA,1
GPRIN1,7,0,0,0.948055850303026,NA,NA,NA,1
ADAP1,3,0,0,0.948087412039583,NA,NA,NA,1
ASTE1,2,0,0,0.948087412039583,NA,NA,NA,1
CEP250,3,0,0,0.948087412039583,NA,NA,NA,1
CRB3,3,0,0,0.948087412039583,NA,NA,NA,1
CXCL16,4,0,0,0.948087412039583,NA,NA,NA,1
EIF3L,5,0,0,0.948087412039583,NA,NA,NA,1
FCHSD1,3,0,0,0.948087412039583,NA,NA,NA,1
HERPUD1,4,0,0,0.948087412039583,NA,NA,NA,1
KDM4A,3,0,0,0.948087412039583,NA,NA,NA,1
LAMTOR5,4,0,0,0.948087412039583,NA,NA,NA,1
PCDHB14,4,0,0,0.948087412039583,NA,NA,NA,1
TGM2,4,0,0,0.948087412039583,NA,NA,NA,1
UFL1,8,0,0,0.948087412039583,NA,NA,NA,1
RAB8B,6,0,0,0.948091664338012,NA,NA,NA,1
ATG2B,4,0,0,0.948093887910982,NA,NA,NA,1
CCDC189,3,0,0,0.948093887910982,NA,NA,NA,1
CEP55,5,0,0,0.948093887910982,NA,NA,NA,1
CSTA,2,0,0,0.948093887910982,NA,NA,NA,1
ELL3,3,0,0,0.948093887910982,NA,NA,NA,1
GJC1,7,0,0,0.948093887910982,NA,NA,NA,1
HIF1A,8,0,0,0.948093887910982,NA,NA,NA,1
JDP2,4,0,0,0.948093887910982,NA,NA,NA,1
LARP7,3,0,0,0.948093887910982,NA,NA,NA,1
LRP3,2,0,0,0.948093887910982,NA,NA,NA,1
LRWD1,2,0,0,0.948093887910982,NA,NA,NA,1
SMARCA1,4,0,0,0.948093887910982,NA,NA,NA,1
STARD9,7,0,0,0.948093887910982,NA,NA,NA,1
TEX10,2,0,0,0.948093887910982,NA,NA,NA,1
ZNF260,7,0,0,0.948093887910982,NA,NA,NA,1
LMNB2,6,0,0,0.948338259294876,NA,NA,NA,1
JMJD1C,6,0,0,0.948441748610187,NA,NA,NA,1
ZNF777,2,0,0,0.948500417728106,NA,NA,NA,1
SLC39A13,4,0,0,0.948734334876973,NA,NA,NA,1
OTUD1,7,0,0,0.948782504952971,NA,NA,NA,1
PPP1R3B,7,0,0,0.948782504952971,NA,NA,NA,1
ADAMTS1,6,0,0,0.948795820990233,NA,NA,NA,1
COX5B,7,0,0,0.948795820990233,NA,NA,NA,1
FAM167A,2,0,0,0.948795820990233,NA,NA,NA,1
HIST2H2AC,3,0,0,0.948795820990233,NA,NA,NA,1
LIMD2,3,0,0,0.948795820990233,NA,NA,NA,1
SYDE2,6,0,0,0.948795820990233,NA,NA,NA,1
TELO2,4,0,0,0.948795820990233,NA,NA,NA,1
TNFRSF1A,8,0,0,0.948795820990233,NA,NA,NA,1
MATN2,2,0,0,0.948824186301267,NA,NA,NA,1
NUP214,3,0,0,0.948824186301267,NA,NA,NA,1
PPP1R14B,6,0,0,0.948824186301267,NA,NA,NA,1
PSMA7,5,0,0,0.948824186301267,NA,NA,NA,1
SLITRK6,9,0,0,0.948824186301267,NA,NA,NA,1
ZW10,4,0,0,0.948824186301267,NA,NA,NA,1
AMER1,2,0,0,0.94892031389989,NA,NA,NA,1
ANKRD23,5,0,0,0.94892031389989,NA,NA,NA,1
CCNO,3,0,0,0.94892031389989,NA,NA,NA,1
EDC3,5,0,0,0.94892031389989,NA,NA,NA,1
EIF4ENIF1,5,0,0,0.94892031389989,NA,NA,NA,1
RHOT2,3,0,0,0.94892031389989,NA,NA,NA,1
SLC30A1,7,0,0,0.94892031389989,NA,NA,NA,1
NRARP,7,0,0,0.949402002771745,NA,NA,NA,1
ADAMTS6,2,0,0,0.949433171969078,NA,NA,NA,1
CDK19,7,0,0,0.949433171969078,NA,NA,NA,1
DALRD3,3,0,0,0.949433171969078,NA,NA,NA,1
EIF4G3,7,0,0,0.949433171969078,NA,NA,NA,1
PLCB3,7,0,0,0.949433171969078,NA,NA,NA,1
PRKD2,3,0,0,0.949433171969078,NA,NA,NA,1
RAB8A,4,0,0,0.949433171969078,NA,NA,NA,1
REL,6,0,0,0.949433171969078,NA,NA,NA,1
SHMT1,4,0,0,0.949433171969078,NA,NA,NA,1
SUPT20H,4,0,0,0.949433171969078,NA,NA,NA,1
SV2B,2,0,0,0.949433171969078,NA,NA,NA,1
TANGO6,8,0,0,0.949433171969078,NA,NA,NA,1
AP1S2,5,0,0,0.949487855015952,NA,NA,NA,1
CDC25A,3,0,0,0.949487855015952,NA,NA,NA,1
GKAP1,3,0,0,0.949487855015952,NA,NA,NA,1
PELI2,4,0,0,0.949487855015952,NA,NA,NA,1
SLC35B3,8,0,0,0.949487855015952,NA,NA,NA,1
TOGARAM1,2,0,0,0.949487855015952,NA,NA,NA,1
ZDHHC5,6,0,0,0.949668584503345,NA,NA,NA,1
KCTD17,3,0,0,0.949795713989424,NA,NA,NA,1
FBXL14,2,0,0,0.949827934305011,NA,NA,NA,1
ABHD13,12,0,0,0.94988591177117,NA,NA,NA,1
APOO,2,0,0,0.94988591177117,NA,NA,NA,1
C16orf70,7,0,0,0.94988591177117,NA,NA,NA,1
C2CD3,2,0,0,0.94988591177117,NA,NA,NA,1
CCT5,8,0,0,0.94988591177117,NA,NA,NA,1
CENPM,8,0,0,0.94988591177117,NA,NA,NA,1
CPNE8,3,0,0,0.94988591177117,NA,NA,NA,1
CS,5,0,0,0.94988591177117,NA,NA,NA,1
DCLRE1C,3,0,0,0.94988591177117,NA,NA,NA,1
DERL2,5,0,0,0.94988591177117,NA,NA,NA,1
DNAJB9,9,0,0,0.94988591177117,NA,NA,NA,1
GAPDH,3,0,0,0.94988591177117,NA,NA,NA,1
HLA-B,3,0,0,0.94988591177117,NA,NA,NA,1
MKS1,2,0,0,0.94988591177117,NA,NA,NA,1
MLST8,3,0,0,0.94988591177117,NA,NA,NA,1
MTHFR,5,0,0,0.94988591177117,NA,NA,NA,1
MYSM1,10,0,0,0.94988591177117,NA,NA,NA,1
NANOS1,9,0,0,0.94988591177117,NA,NA,NA,1
PLD6,4,0,0,0.94988591177117,NA,NA,NA,1
PLOD2,9,0,0,0.94988591177117,NA,NA,NA,1
S100PBP,7,0,0,0.94988591177117,NA,NA,NA,1
SAFB2,4,0,0,0.94988591177117,NA,NA,NA,1
SEC22C,4,0,0,0.94988591177117,NA,NA,NA,1
SLC43A2,2,0,0,0.94988591177117,NA,NA,NA,1
SNRPG,7,0,0,0.94988591177117,NA,NA,NA,1
TBL1X,3,0,0,0.94988591177117,NA,NA,NA,1
TMEM123,10,0,0,0.94988591177117,NA,NA,NA,1
TRIM2,6,0,0,0.94988591177117,NA,NA,NA,1
TUSC2,4,0,0,0.94988591177117,NA,NA,NA,1
UQCRC1,2,0,0,0.94988591177117,NA,NA,NA,1
WDR35,4,0,0,0.94988591177117,NA,NA,NA,1
ZFYVE19,2,0,0,0.94988591177117,NA,NA,NA,1
LRRC59,11,0,0,0.949938696312737,NA,NA,NA,1
CDIPT,5,0,0,0.950142596856357,NA,NA,NA,1
KCNQ1,2,0,0,0.950142596856357,NA,NA,NA,1
PPIG,7,0,0,0.950142596856357,NA,NA,NA,1
RAP2C,9,0,0,0.950142596856357,NA,NA,NA,1
TMEM14A,3,0,0,0.950142596856357,NA,NA,NA,1
DDX27,6,0,0,0.950143286920633,NA,NA,NA,1
DLX1,3,0,0,0.950143286920633,NA,NA,NA,1
FAIM,2,0,0,0.950143286920633,NA,NA,NA,1
GRIP1,2,0,0,0.950143286920633,NA,NA,NA,1
HDAC7,2,0,0,0.950143286920633,NA,NA,NA,1
HIST1H2BC,7,0,0,0.950143286920633,NA,NA,NA,1
HSD17B1,2,0,0,0.950143286920633,NA,NA,NA,1
MRPL53,4,0,0,0.950143286920633,NA,NA,NA,1
PGP,10,0,0,0.950143286920633,NA,NA,NA,1
RAB5B,6,0,0,0.950143286920633,NA,NA,NA,1
SQLE,5,0,0,0.950143286920633,NA,NA,NA,1
STEAP2,4,0,0,0.950143286920633,NA,NA,NA,1
STRAP,5,0,0,0.950143286920633,NA,NA,NA,1
TCAIM,3,0,0,0.950143286920633,NA,NA,NA,1
TMEM120B,9,0,0,0.950143286920633,NA,NA,NA,1
ZNF232,4,0,0,0.950143286920633,NA,NA,NA,1
ARHGEF11,5,0,0,0.950239179054267,NA,NA,NA,1
DPYSL3,5,0,0,0.950239179054267,NA,NA,NA,1
EFNB2,6,0,0,0.950239179054267,NA,NA,NA,1
GNA11,6,0,0,0.950239179054267,NA,NA,NA,1
GSTO1,6,0,0,0.950239179054267,NA,NA,NA,1
IKBKE,6,0,0,0.950239179054267,NA,NA,NA,1
MSX1,2,0,0,0.950239179054267,NA,NA,NA,1
NHP2,5,0,0,0.950239179054267,NA,NA,NA,1
PET100,2,0,0,0.950239179054267,NA,NA,NA,1
PFKL,3,0,0,0.950239179054267,NA,NA,NA,1
PQLC2,3,0,0,0.950239179054267,NA,NA,NA,1
RARS,4,0,0,0.950239179054267,NA,NA,NA,1
SMARCA2,2,0,0,0.950239179054267,NA,NA,NA,1
TUB,2,0,0,0.950239179054267,NA,NA,NA,1
ZBTB47,7,0,0,0.950239179054267,NA,NA,NA,1
LBH,4,0,0,0.95027668833471,NA,NA,NA,1
ACSS2,3,0,0,0.95029569475987,NA,NA,NA,1
CORO1B,3,0,0,0.950576094810111,NA,NA,NA,1
RPS19,4,0,0,0.950723867322641,NA,NA,NA,1
STC2,9,0,0,0.950723867322641,NA,NA,NA,1
ANKRD37,2,0,0,0.951694073589376,NA,NA,NA,1
ANXA3,6,0,0,0.951694073589376,NA,NA,NA,1
ELP6,6,0,0,0.951694073589376,NA,NA,NA,1
MORC2,5,0,0,0.951694073589376,NA,NA,NA,1
NOA1,7,0,0,0.951694073589376,NA,NA,NA,1
PGF,2,0,0,0.951694073589376,NA,NA,NA,1
SNRPN,2,0,0,0.951694073589376,NA,NA,NA,1
TSEN15,3,0,0,0.951694073589376,NA,NA,NA,1
SATB2,4,0,0,0.951751745493026,NA,NA,NA,1
GNG7,3,0,0,0.951768021052525,NA,NA,NA,1
ZNF146,7,0,0,0.951768021052525,NA,NA,NA,1
ACADVL,2,0,0,0.951866851403993,NA,NA,NA,1
ARHGEF9,2,0,0,0.951866851403993,NA,NA,NA,1
ARMC10,7,0,0,0.951866851403993,NA,NA,NA,1
ATG13,7,0,0,0.951866851403993,NA,NA,NA,1
CAPS,3,0,0,0.951866851403993,NA,NA,NA,1
CWC15,4,0,0,0.951866851403993,NA,NA,NA,1
DCTN2,4,0,0,0.951866851403993,NA,NA,NA,1
DNM1,3,0,0,0.951866851403993,NA,NA,NA,1
FAAP20,3,0,0,0.951866851403993,NA,NA,NA,1
GALT,4,0,0,0.951866851403993,NA,NA,NA,1
MST1L,2,0,0,0.951866851403993,NA,NA,NA,1
NPL,2,0,0,0.951866851403993,NA,NA,NA,1
NT5C1B-RDH14,3,0,0,0.951866851403993,NA,NA,NA,1
PAPPA,8,0,0,0.951866851403993,NA,NA,NA,1
PCDHB2,7,0,0,0.951866851403993,NA,NA,NA,1
RCBTB1,4,0,0,0.951866851403993,NA,NA,NA,1
RNF187,15,0,0,0.951866851403993,NA,NA,NA,1
RPGR,4,0,0,0.951866851403993,NA,NA,NA,1
ST20,2,0,0,0.951866851403993,NA,NA,NA,1
TMEM167B,6,0,0,0.951866851403993,NA,NA,NA,1
TMEM209,7,0,0,0.951866851403993,NA,NA,NA,1
TMTC3,11,0,0,0.951866851403993,NA,NA,NA,1
TMTC4,4,0,0,0.951866851403993,NA,NA,NA,1
ZIC2,4,0,0,0.951866851403993,NA,NA,NA,1
BCL11B,2,0,0,0.95187185634665,NA,NA,NA,1
CTU1,5,0,0,0.95187185634665,NA,NA,NA,1
ERBIN,11,0,0,0.95187185634665,NA,NA,NA,1
GAREM2,3,0,0,0.95187185634665,NA,NA,NA,1
ROR1,8,0,0,0.95187185634665,NA,NA,NA,1
SVBP,6,0,0,0.95187185634665,NA,NA,NA,1
AGL,2,0,0,0.952088339018228,NA,NA,NA,1
ANXA6,7,0,0,0.952088339018228,NA,NA,NA,1
DMXL2,4,0,0,0.952088339018228,NA,NA,NA,1
F2R,6,0,0,0.952088339018228,NA,NA,NA,1
FBXO17,4,0,0,0.952088339018228,NA,NA,NA,1
KATNAL1,13,0,0,0.952088339018228,NA,NA,NA,1
LUC7L,4,0,0,0.952088339018228,NA,NA,NA,1
NAF1,9,0,0,0.952088339018228,NA,NA,NA,1
RELA,4,0,0,0.952088339018228,NA,NA,NA,1
SPATA5L1,3,0,0,0.952088339018228,NA,NA,NA,1
WDR31,7,0,0,0.952088339018228,NA,NA,NA,1
DDX59,2,0,0,0.952139273294925,NA,NA,NA,1
HIST1H2AJ,2,0,0,0.952139273294925,NA,NA,NA,1
HIST4H4,8,0,0,0.952139273294925,NA,NA,NA,1
LURAP1L,5,0,0,0.952139273294925,NA,NA,NA,1
TXNRD1,13,0,0,0.952139273294925,NA,NA,NA,1
ZNF462,9,0,0,0.952139273294925,NA,NA,NA,1
ZCCHC7,4,0,0,0.95227321219525,NA,NA,NA,1
DUS2,3,0,0,0.952403150823853,NA,NA,NA,1
FRAT2,4,0,0,0.952403150823853,NA,NA,NA,1
GNA12,8,0,0,0.952403150823853,NA,NA,NA,1
H3F3A,5,0,0,0.952403150823853,NA,NA,NA,1
MYO5B,5,0,0,0.952403150823853,NA,NA,NA,1
NCOA2,5,0,0,0.952403150823853,NA,NA,NA,1
TNFRSF21,5,0,0,0.952403150823853,NA,NA,NA,1
UQCC3,9,0,0,0.952403150823853,NA,NA,NA,1
UTP4,2,0,0,0.952403150823853,NA,NA,NA,1
WDR43,9,0,0,0.952403150823853,NA,NA,NA,1
AHSA2,5,0,0,0.952520840867862,NA,NA,NA,1
CCNQ,2,0,0,0.952520840867862,NA,NA,NA,1
CNNM1,2,0,0,0.952520840867862,NA,NA,NA,1
RANGAP1,5,0,0,0.952520840867862,NA,NA,NA,1
DIS3L,5,0,0,0.952567158115455,NA,NA,NA,1
FASTK,3,0,0,0.952567158115455,NA,NA,NA,1
ENO2,3,0,0,0.952661844398976,NA,NA,NA,1
MRPS7,11,0,0,0.952661844398976,NA,NA,NA,1
PPWD1,4,0,0,0.952661844398976,NA,NA,NA,1
AASDH,5,0,0,0.952736327470197,NA,NA,NA,1
ARF6,4,0,0,0.952736327470197,NA,NA,NA,1
C8orf37,6,0,0,0.952736327470197,NA,NA,NA,1
CENPX,5,0,0,0.952736327470197,NA,NA,NA,1
CNEP1R1,3,0,0,0.952736327470197,NA,NA,NA,1
FAM177A1,12,0,0,0.952736327470197,NA,NA,NA,1
FAM200A,2,0,0,0.952736327470197,NA,NA,NA,1
FER,6,0,0,0.952736327470197,NA,NA,NA,1
FLOT2,3,0,0,0.952736327470197,NA,NA,NA,1
GCN1,5,0,0,0.952736327470197,NA,NA,NA,1
MATN3,5,0,0,0.952736327470197,NA,NA,NA,1
MCM5,5,0,0,0.952736327470197,NA,NA,NA,1
PIGS,2,0,0,0.952736327470197,NA,NA,NA,1
PPP5C,3,0,0,0.952736327470197,NA,NA,NA,1
PTPRG,7,0,0,0.952736327470197,NA,NA,NA,1
SLPI,3,0,0,0.952736327470197,NA,NA,NA,1
SNRNP70,2,0,0,0.952736327470197,NA,NA,NA,1
SP110,7,0,0,0.952736327470197,NA,NA,NA,1
TBC1D10A,2,0,0,0.952736327470197,NA,NA,NA,1
TMBIM6,10,0,0,0.952736327470197,NA,NA,NA,1
TMEM56,9,0,0,0.952736327470197,NA,NA,NA,1
TXN2,5,0,0,0.952736327470197,NA,NA,NA,1
UIMC1,5,0,0,0.952736327470197,NA,NA,NA,1
USP49,9,0,0,0.952736327470197,NA,NA,NA,1
ZMIZ1,8,0,0,0.952736327470197,NA,NA,NA,1
ZNF202,4,0,0,0.952736327470197,NA,NA,NA,1
ZZZ3,10,0,0,0.952736327470197,NA,NA,NA,1
IST1,6,0,0,0.952739591984039,NA,NA,NA,1
CUX1,2,0,0,0.952817476150727,NA,NA,NA,1
GPR63,5,0,0,0.952817476150727,NA,NA,NA,1
IFI16,3,0,0,0.952817476150727,NA,NA,NA,1
SEC13,4,0,0,0.952817476150727,NA,NA,NA,1
ZBED8,3,0,0,0.952817476150727,NA,NA,NA,1
ZNF429,3,0,0,0.952817476150727,NA,NA,NA,1
FNIP2,5,0,0,0.95285662751131,NA,NA,NA,1
ID2,4,0,0,0.95285662751131,NA,NA,NA,1
KCNJ14,4,0,0,0.95285662751131,NA,NA,NA,1
ZNF256,3,0,0,0.95285662751131,NA,NA,NA,1
LRP10,5,0,0,0.952950871998352,NA,NA,NA,1
RNASEH2C,5,0,0,0.952950871998352,NA,NA,NA,1
CLEC2B,3,0,0,0.952973109382085,NA,NA,NA,1
FAM174B,3,0,0,0.952995031513367,NA,NA,NA,1
NUP107,4,0,0,0.953175140762367,NA,NA,NA,1
PRKAR1B,3,0,0,0.953175140762367,NA,NA,NA,1
REX1BD,2,0,0,0.953175140762367,NA,NA,NA,1
ZGRF1,3,0,0,0.953175140762367,NA,NA,NA,1
AFF2,3,0,0,0.953186205241774,NA,NA,NA,1
FTSJ3,5,0,0,0.953186205241774,NA,NA,NA,1
OXSR1,3,0,0,0.953186205241774,NA,NA,NA,1
SNRNP48,16,0,0,0.953186205241774,NA,NA,NA,1
AAMP,2,0,0,0.953188097346846,NA,NA,NA,1
ANKRD39,4,0,0,0.953188097346846,NA,NA,NA,1
HGSNAT,8,0,0,0.953188097346846,NA,NA,NA,1
KIF4A,4,0,0,0.953188097346846,NA,NA,NA,1
MTRR,3,0,0,0.953188097346846,NA,NA,NA,1
PBDC1,16,0,0,0.953188097346846,NA,NA,NA,1
SHMT2,5,0,0,0.953188097346846,NA,NA,NA,1
OTUD3,4,0,0,0.953284995762042,NA,NA,NA,1
ZBTB11,3,0,0,0.953343132844986,NA,NA,NA,1
ANK2,5,0,0,0.953405044557353,NA,NA,NA,1
RBM19,3,0,0,0.953691665638617,NA,NA,NA,1
ABCC5,2,0,0,0.953885643901409,NA,NA,NA,1
PCNA,5,0,0,0.953885643901409,NA,NA,NA,1
CDC16,2,0,0,0.953921904379942,NA,NA,NA,1
MNX1,2,0,0,0.953921904379942,NA,NA,NA,1
PAIP2,6,0,0,0.953921904379942,NA,NA,NA,1
TDRD3,2,0,0,0.953921904379942,NA,NA,NA,1
MRPL13,4,0,0,0.954361847441972,NA,NA,NA,1
TUBA1B,4,0,0,0.954361847441972,NA,NA,NA,1
PFDN2,3,0,0,0.954511689665966,NA,NA,NA,1
PIGV,4,0,0,0.954511689665966,NA,NA,NA,1
STXBP6,2,0,0,0.954511689665966,NA,NA,NA,1
COL16A1,4,0,0,0.954651439928264,NA,NA,NA,1
NDUFS8,2,0,0,0.954651439928264,NA,NA,NA,1
ZNF646,2,0,0,0.954651439928264,NA,NA,NA,1
AC114490.2,2,0,0,0.954670712402544,NA,NA,NA,1
FGF1,6,0,0,0.954670712402544,NA,NA,NA,1
NEMP1,7,0,0,0.954670712402544,NA,NA,NA,1
TPGS1,3,0,0,0.954670712402544,NA,NA,NA,1
WDR7,8,0,0,0.954670712402544,NA,NA,NA,1
ABAT,4,0,0,0.954816248400746,NA,NA,NA,1
ACADM,10,0,0,0.954816248400746,NA,NA,NA,1
ADCK5,4,0,0,0.954816248400746,NA,NA,NA,1
ATF5,3,0,0,0.954816248400746,NA,NA,NA,1
ATG2A,2,0,0,0.954816248400746,NA,NA,NA,1
CHD1,6,0,0,0.954816248400746,NA,NA,NA,1
CUL1,4,0,0,0.954816248400746,NA,NA,NA,1
CYB5RL,4,0,0,0.954816248400746,NA,NA,NA,1
DDX51,7,0,0,0.954816248400746,NA,NA,NA,1
DTX4,2,0,0,0.954816248400746,NA,NA,NA,1
ERMAP,3,0,0,0.954816248400746,NA,NA,NA,1
EVPL,4,0,0,0.954816248400746,NA,NA,NA,1
HARS,3,0,0,0.954816248400746,NA,NA,NA,1
ITGB1BP1,5,0,0,0.954816248400746,NA,NA,NA,1
KLRG1,3,0,0,0.954816248400746,NA,NA,NA,1
LARP1,7,0,0,0.954816248400746,NA,NA,NA,1
LNP1,3,0,0,0.954816248400746,NA,NA,NA,1
MFSD6,7,0,0,0.954816248400746,NA,NA,NA,1
NCR3LG1,9,0,0,0.954816248400746,NA,NA,NA,1
PAPD4,9,0,0,0.954816248400746,NA,NA,NA,1
POLR2J,5,0,0,0.954816248400746,NA,NA,NA,1
PRRT3,5,0,0,0.954816248400746,NA,NA,NA,1
PSMD3,2,0,0,0.954816248400746,NA,NA,NA,1
PWP1,4,0,0,0.954816248400746,NA,NA,NA,1
RBM33,7,0,0,0.954816248400746,NA,NA,NA,1
SF3B2,2,0,0,0.954816248400746,NA,NA,NA,1
SLC4A11,2,0,0,0.954816248400746,NA,NA,NA,1
SPDL1,5,0,0,0.954816248400746,NA,NA,NA,1
TNFRSF12A,2,0,0,0.954816248400746,NA,NA,NA,1
VPS26B,4,0,0,0.954816248400746,NA,NA,NA,1
ZFAND2A,5,0,0,0.954816248400746,NA,NA,NA,1
ZFP37,7,0,0,0.954816248400746,NA,NA,NA,1
CD274,3,0,0,0.954943217771393,NA,NA,NA,1
TRIM5,5,0,0,0.954943217771393,NA,NA,NA,1
TSC22D4,2,0,0,0.954943217771393,NA,NA,NA,1
DDX52,2,0,0,0.955023281293397,NA,NA,NA,1
IGFBP7,7,0,0,0.955023281293397,NA,NA,NA,1
MAFA,2,0,0,0.955023281293397,NA,NA,NA,1
PPP1R7,5,0,0,0.955023281293397,NA,NA,NA,1
RBM17,6,0,0,0.955023281293397,NA,NA,NA,1
SNX27,2,0,0,0.955023281293397,NA,NA,NA,1
ZNF114,3,0,0,0.955023281293397,NA,NA,NA,1
GPX4,2,0,0,0.955066012842519,NA,NA,NA,1
HMCES,4,0,0,0.955066012842519,NA,NA,NA,1
JAK1,7,0,0,0.955066012842519,NA,NA,NA,1
PARD3,3,0,0,0.955066012842519,NA,NA,NA,1
PRICKLE2,4,0,0,0.955066012842519,NA,NA,NA,1
PSMG2,2,0,0,0.955066012842519,NA,NA,NA,1
ACLY,4,0,0,0.955139268750446,NA,NA,NA,1
SPRY4,4,0,0,0.955139268750446,NA,NA,NA,1
TMEM41B,3,0,0,0.955139268750446,NA,NA,NA,1
SGPP2,2,0,0,0.95518713523633,NA,NA,NA,1
CYP2U1,3,0,0,0.955190326192052,NA,NA,NA,1
AKT2,8,0,0,0.955675443391617,NA,NA,NA,1
FAM3B,4,0,0,0.955675443391617,NA,NA,NA,1
FBXO36,4,0,0,0.955675443391617,NA,NA,NA,1
FGD1,3,0,0,0.955675443391617,NA,NA,NA,1
HUS1,5,0,0,0.955675443391617,NA,NA,NA,1
INTS2,6,0,0,0.955675443391617,NA,NA,NA,1
LIMD1,3,0,0,0.955675443391617,NA,NA,NA,1
MAF1,2,0,0,0.955675443391617,NA,NA,NA,1
METTL27,3,0,0,0.955675443391617,NA,NA,NA,1
MID1IP1,3,0,0,0.955675443391617,NA,NA,NA,1
MINDY4,3,0,0,0.955675443391617,NA,NA,NA,1
NEGR1,9,0,0,0.955675443391617,NA,NA,NA,1
RBM28,5,0,0,0.955675443391617,NA,NA,NA,1
RRAGC,4,0,0,0.955675443391617,NA,NA,NA,1
SERPINB1,5,0,0,0.955675443391617,NA,NA,NA,1
SPIRE2,3,0,0,0.955675443391617,NA,NA,NA,1
TAF1D,4,0,0,0.955675443391617,NA,NA,NA,1
TBC1D2,5,0,0,0.955675443391617,NA,NA,NA,1
TRAPPC2L,3,0,0,0.955675443391617,NA,NA,NA,1
UBE2O,4,0,0,0.955675443391617,NA,NA,NA,1
UCKL1,2,0,0,0.955675443391617,NA,NA,NA,1
ZBTB41,6,0,0,0.955675443391617,NA,NA,NA,1
ZDHHC12,2,0,0,0.955675443391617,NA,NA,NA,1
LSM7,2,0,0,0.955752412819371,NA,NA,NA,1
ABHD10,5,0,0,0.955831182146565,NA,NA,NA,1
AC073610.3,2,0,0,0.955831182146565,NA,NA,NA,1
CCDC122,2,0,0,0.955831182146565,NA,NA,NA,1
CDON,12,0,0,0.955831182146565,NA,NA,NA,1
CEP95,2,0,0,0.955831182146565,NA,NA,NA,1
H2AFJ,4,0,0,0.955831182146565,NA,NA,NA,1
KLF9,4,0,0,0.955831182146565,NA,NA,NA,1
NUP58,8,0,0,0.955831182146565,NA,NA,NA,1
PAOX,4,0,0,0.955831182146565,NA,NA,NA,1
PBX3,6,0,0,0.955831182146565,NA,NA,NA,1
SLC12A4,2,0,0,0.955831182146565,NA,NA,NA,1
SMIM29,4,0,0,0.955831182146565,NA,NA,NA,1
TMEM109,3,0,0,0.955831182146565,NA,NA,NA,1
TMEM86A,6,0,0,0.955831182146565,NA,NA,NA,1
TRAF1,4,0,0,0.955831182146565,NA,NA,NA,1
ZNF630,3,0,0,0.955831182146565,NA,NA,NA,1
ZNF770,4,0,0,0.955831182146565,NA,NA,NA,1
CCDC32,6,0,0,0.955837503170301,NA,NA,NA,1
EXOG,9,0,0,0.955837503170301,NA,NA,NA,1
GCNT2,2,0,0,0.955837503170301,NA,NA,NA,1
SF3B5,4,0,0,0.955837503170301,NA,NA,NA,1
FLVCR1,7,0,0,0.956025139638951,NA,NA,NA,1
NENF,3,0,0,0.956025139638951,NA,NA,NA,1
PALM2,3,0,0,0.956025139638951,NA,NA,NA,1
NDRG2,3,0,0,0.956562193416486,NA,NA,NA,1
ACAT1,4,0,0,0.956569678904425,NA,NA,NA,1
AKT1,2,0,0,0.956569678904425,NA,NA,NA,1
BTBD19,3,0,0,0.956569678904425,NA,NA,NA,1
C8orf44,2,0,0,0.956569678904425,NA,NA,NA,1
CCDC57,2,0,0,0.956569678904425,NA,NA,NA,1
CDC42BPB,2,0,0,0.956569678904425,NA,NA,NA,1
CES4A,3,0,0,0.956569678904425,NA,NA,NA,1
CHCHD1,3,0,0,0.956569678904425,NA,NA,NA,1
CNN3,3,0,0,0.956569678904425,NA,NA,NA,1
COPS3,6,0,0,0.956569678904425,NA,NA,NA,1
EFNA1,4,0,0,0.956569678904425,NA,NA,NA,1
EMC7,5,0,0,0.956569678904425,NA,NA,NA,1
GNL3,4,0,0,0.956569678904425,NA,NA,NA,1
GTF2H5,5,0,0,0.956569678904425,NA,NA,NA,1
HLA-C,3,0,0,0.956569678904425,NA,NA,NA,1
MED12,3,0,0,0.956569678904425,NA,NA,NA,1
MELTF,3,0,0,0.956569678904425,NA,NA,NA,1
MFSD14B,4,0,0,0.956569678904425,NA,NA,NA,1
MVK,3,0,0,0.956569678904425,NA,NA,NA,1
NRIP1,8,0,0,0.956569678904425,NA,NA,NA,1
NSMF,5,0,0,0.956569678904425,NA,NA,NA,1
OAF,5,0,0,0.956569678904425,NA,NA,NA,1
OAZ1,5,0,0,0.956569678904425,NA,NA,NA,1
PDE4B,5,0,0,0.956569678904425,NA,NA,NA,1
PDE6D,4,0,0,0.956569678904425,NA,NA,NA,1
PLPBP,2,0,0,0.956569678904425,NA,NA,NA,1
PPTC7,7,0,0,0.956569678904425,NA,NA,NA,1
PRPF3,7,0,0,0.956569678904425,NA,NA,NA,1
PSMB1,3,0,0,0.956569678904425,NA,NA,NA,1
PYCARD,2,0,0,0.956569678904425,NA,NA,NA,1
RBM22,8,0,0,0.956569678904425,NA,NA,NA,1
RPS25,6,0,0,0.956569678904425,NA,NA,NA,1
RPS26,3,0,0,0.956569678904425,NA,NA,NA,1
SAMM50,2,0,0,0.956569678904425,NA,NA,NA,1
SEC24A,7,0,0,0.956569678904425,NA,NA,NA,1
SENP3,3,0,0,0.956569678904425,NA,NA,NA,1
SH3D21,8,0,0,0.956569678904425,NA,NA,NA,1
SLC25A22,2,0,0,0.956569678904425,NA,NA,NA,1
SLC2A6,4,0,0,0.956569678904425,NA,NA,NA,1
SLC46A3,4,0,0,0.956569678904425,NA,NA,NA,1
STOX2,6,0,0,0.956569678904425,NA,NA,NA,1
SUMO1,5,0,0,0.956569678904425,NA,NA,NA,1
TBC1D22B,3,0,0,0.956569678904425,NA,NA,NA,1
TM4SF19,4,0,0,0.956569678904425,NA,NA,NA,1
TMEM86B,4,0,0,0.956569678904425,NA,NA,NA,1
TOE1,5,0,0,0.956569678904425,NA,NA,NA,1
TONSL,2,0,0,0.956569678904425,NA,NA,NA,1
TRA2A,5,0,0,0.956569678904425,NA,NA,NA,1
TRIB2,4,0,0,0.956569678904425,NA,NA,NA,1
TUBB3,2,0,0,0.956569678904425,NA,NA,NA,1
TUSC1,5,0,0,0.956569678904425,NA,NA,NA,1
TYK2,2,0,0,0.956569678904425,NA,NA,NA,1
ZC2HC1C,2,0,0,0.956569678904425,NA,NA,NA,1
ZFP30,6,0,0,0.956569678904425,NA,NA,NA,1
ZNF134,3,0,0,0.956569678904425,NA,NA,NA,1
ZNF501,4,0,0,0.956569678904425,NA,NA,NA,1
ZNF71,8,0,0,0.956569678904425,NA,NA,NA,1
KIF20A,7,0,0,0.956718568118916,NA,NA,NA,1
PPARD,3,0,0,0.956723518817871,NA,NA,NA,1
USP33,5,0,0,0.956930669635233,NA,NA,NA,1
ZBTB3,3,0,0,0.956977258686959,NA,NA,NA,1
RPS7,2,0,0,0.95723186096087,NA,NA,NA,1
ARRDC4,4,0,0,0.957279419716297,NA,NA,NA,1
ATP8B2,7,0,0,0.957279419716297,NA,NA,NA,1
CASKIN2,4,0,0,0.957279419716297,NA,NA,NA,1
EDA2R,3,0,0,0.957279419716297,NA,NA,NA,1
GPR1,2,0,0,0.957279419716297,NA,NA,NA,1
HSD17B6,2,0,0,0.957279419716297,NA,NA,NA,1
LOC150051,3,0,0,0.957279419716297,NA,NA,NA,1
PAK1IP1,3,0,0,0.957279419716297,NA,NA,NA,1
PAPSS2,5,0,0,0.957279419716297,NA,NA,NA,1
PDCD5,3,0,0,0.957279419716297,NA,NA,NA,1
PDSS1,2,0,0,0.957279419716297,NA,NA,NA,1
PTPRJ,4,0,0,0.957279419716297,NA,NA,NA,1
SAPCD2,2,0,0,0.957279419716297,NA,NA,NA,1
UBL5,5,0,0,0.957279419716297,NA,NA,NA,1
ZNF766,3,0,0,0.957279419716297,NA,NA,NA,1
CSGALNACT1,4,0,0,0.957524601268324,NA,NA,NA,1
HADH,6,0,0,0.957611426206053,NA,NA,NA,1
AGAP6,2,0,0,0.957720310073186,NA,NA,NA,1
BAMBI,9,0,0,0.957720310073186,NA,NA,NA,1
DDX5,6,0,0,0.957720310073186,NA,NA,NA,1
FAAP24,3,0,0,0.957720310073186,NA,NA,NA,1
FKBP11,2,0,0,0.957720310073186,NA,NA,NA,1
GPR4,2,0,0,0.957720310073186,NA,NA,NA,1
HASPIN,7,0,0,0.957720310073186,NA,NA,NA,1
MRPL32,3,0,0,0.957720310073186,NA,NA,NA,1
MRPL9,2,0,0,0.957720310073186,NA,NA,NA,1
NGDN,3,0,0,0.957720310073186,NA,NA,NA,1
NKRF,7,0,0,0.957720310073186,NA,NA,NA,1
NUPL2,5,0,0,0.957720310073186,NA,NA,NA,1
RALGAPB,15,0,0,0.957720310073186,NA,NA,NA,1
SMARCAD1,4,0,0,0.957720310073186,NA,NA,NA,1
TCF7L2,4,0,0,0.957720310073186,NA,NA,NA,1
TSR3,3,0,0,0.957720310073186,NA,NA,NA,1
XRRA1,8,0,0,0.957720310073186,NA,NA,NA,1
RUFY1,4,0,0,0.957919173906589,NA,NA,NA,1
XDH,3,0,0,0.957919173906589,NA,NA,NA,1
PFKFB3,4,0,0,0.957955291505634,NA,NA,NA,1
CRLF3,2,0,0,0.958002870160581,NA,NA,NA,1
PTCH2,4,0,0,0.958002870160581,NA,NA,NA,1
RNF125,2,0,0,0.958096311129784,NA,NA,NA,1
APEH,4,0,0,0.958101574784488,NA,NA,NA,1
TOPORS,6,0,0,0.958101574784488,NA,NA,NA,1
TULP3,2,0,0,0.958121889835435,NA,NA,NA,1
DDX17,12,0,0,0.958237832684874,NA,NA,NA,1
LSM11,8,0,0,0.958809334492082,NA,NA,NA,1
AGPAT4,5,0,0,0.958883317982756,NA,NA,NA,1
ATOH8,2,0,0,0.958883317982756,NA,NA,NA,1
BMPR1B,4,0,0,0.958883317982756,NA,NA,NA,1
CCDC149,3,0,0,0.958883317982756,NA,NA,NA,1
CHFR,12,0,0,0.958883317982756,NA,NA,NA,1
COX6B1,2,0,0,0.958883317982756,NA,NA,NA,1
CRISPLD2,2,0,0,0.958883317982756,NA,NA,NA,1
CTR9,3,0,0,0.958883317982756,NA,NA,NA,1
DERA,3,0,0,0.958883317982756,NA,NA,NA,1
DHX30,3,0,0,0.958883317982756,NA,NA,NA,1
DNAL1,9,0,0,0.958883317982756,NA,NA,NA,1
DRAM2,10,0,0,0.958883317982756,NA,NA,NA,1
EXOSC7,5,0,0,0.958883317982756,NA,NA,NA,1
FAM206A,5,0,0,0.958883317982756,NA,NA,NA,1
GMPPB,5,0,0,0.958883317982756,NA,NA,NA,1
HS3ST2,2,0,0,0.958883317982756,NA,NA,NA,1
KLHL12,10,0,0,0.958883317982756,NA,NA,NA,1
KRT80,2,0,0,0.958883317982756,NA,NA,NA,1
LNPEP,6,0,0,0.958883317982756,NA,NA,NA,1
MAGI1,7,0,0,0.958883317982756,NA,NA,NA,1
MRPL2,2,0,0,0.958883317982756,NA,NA,NA,1
MRPS26,2,0,0,0.958883317982756,NA,NA,NA,1
MTHFSD,7,0,0,0.958883317982756,NA,NA,NA,1
NDUFAF4,5,0,0,0.958883317982756,NA,NA,NA,1
NRDC,8,0,0,0.958883317982756,NA,NA,NA,1
PPIL1,7,0,0,0.958883317982756,NA,NA,NA,1
RIPPLY3,3,0,0,0.958883317982756,NA,NA,NA,1
SLC25A10,5,0,0,0.958883317982756,NA,NA,NA,1
SPATA18,5,0,0,0.958883317982756,NA,NA,NA,1
TKFC,3,0,0,0.958883317982756,NA,NA,NA,1
TM2D1,3,0,0,0.958883317982756,NA,NA,NA,1
TMED9,6,0,0,0.958883317982756,NA,NA,NA,1
TMEM129,2,0,0,0.958883317982756,NA,NA,NA,1
TMEM44,3,0,0,0.958883317982756,NA,NA,NA,1
ZFHX4,2,0,0,0.958883317982756,NA,NA,NA,1
ADHFE1,2,0,0,0.959008289807672,NA,NA,NA,1
ARHGAP42,11,0,0,0.959008289807672,NA,NA,NA,1
LHFPL2,9,0,0,0.959008289807672,NA,NA,NA,1
MMRN2,2,0,0,0.959008289807672,NA,NA,NA,1
PCOLCE2,3,0,0,0.959008289807672,NA,NA,NA,1
SHQ1,3,0,0,0.959008289807672,NA,NA,NA,1
TICAM1,2,0,0,0.959008289807672,NA,NA,NA,1
TMEM234,6,0,0,0.959008289807672,NA,NA,NA,1
UBE2C,3,0,0,0.959008289807672,NA,NA,NA,1
ZHX3,9,0,0,0.959008289807672,NA,NA,NA,1
ACKR3,3,0,0,0.959024076092511,NA,NA,NA,1
AGTRAP,3,0,0,0.959024076092511,NA,NA,NA,1
ARHGAP8,5,0,0,0.959024076092511,NA,NA,NA,1
BIRC6,5,0,0,0.959024076092511,NA,NA,NA,1
BRIX1,4,0,0,0.959024076092511,NA,NA,NA,1
CEP162,5,0,0,0.959024076092511,NA,NA,NA,1
CLBA1,2,0,0,0.959024076092511,NA,NA,NA,1
CLCN2,2,0,0,0.959024076092511,NA,NA,NA,1
DPP6,3,0,0,0.959024076092511,NA,NA,NA,1
GLI2,3,0,0,0.959024076092511,NA,NA,NA,1
INPP4B,3,0,0,0.959024076092511,NA,NA,NA,1
LAGE3,2,0,0,0.959024076092511,NA,NA,NA,1
LAT,2,0,0,0.959024076092511,NA,NA,NA,1
PAIP2B,4,0,0,0.959024076092511,NA,NA,NA,1
RNF44,6,0,0,0.959024076092511,NA,NA,NA,1
RUBCN,11,0,0,0.959024076092511,NA,NA,NA,1
SMIM8,5,0,0,0.959024076092511,NA,NA,NA,1
THAP10,3,0,0,0.959024076092511,NA,NA,NA,1
TSSK4,3,0,0,0.959024076092511,NA,NA,NA,1
ZDHHC4,6,0,0,0.959024076092511,NA,NA,NA,1
ZNF286A,2,0,0,0.959024076092511,NA,NA,NA,1
ASPSCR1,2,0,0,0.959520551263086,NA,NA,NA,1
BMP1,2,0,0,0.959520551263086,NA,NA,NA,1
BRK1,8,0,0,0.959520551263086,NA,NA,NA,1
C10orf95,2,0,0,0.959520551263086,NA,NA,NA,1
C16orf46,3,0,0,0.959520551263086,NA,NA,NA,1
C9orf64,3,0,0,0.959520551263086,NA,NA,NA,1
CDK13,5,0,0,0.959520551263086,NA,NA,NA,1
FBXO41,5,0,0,0.959520551263086,NA,NA,NA,1
GET4,3,0,0,0.959520551263086,NA,NA,NA,1
GPALPP1,3,0,0,0.959520551263086,NA,NA,NA,1
LCA5,4,0,0,0.959520551263086,NA,NA,NA,1
LPAR6,4,0,0,0.959520551263086,NA,NA,NA,1
LPIN3,3,0,0,0.959520551263086,NA,NA,NA,1
LRIG1,2,0,0,0.959520551263086,NA,NA,NA,1
RANBP3,7,0,0,0.959520551263086,NA,NA,NA,1
SMIM10L2A,3,0,0,0.959520551263086,NA,NA,NA,1
THRAP3,6,0,0,0.959520551263086,NA,NA,NA,1
TTLL5,5,0,0,0.959520551263086,NA,NA,NA,1
VAMP4,4,0,0,0.959520551263086,NA,NA,NA,1
CEP350,3,0,0,0.959558416447695,NA,NA,NA,1
CHAMP1,2,0,0,0.959558416447695,NA,NA,NA,1
CIPC,4,0,0,0.959558416447695,NA,NA,NA,1
METTL13,4,0,0,0.959558416447695,NA,NA,NA,1
NGLY1,4,0,0,0.959558416447695,NA,NA,NA,1
RPH3AL,3,0,0,0.959558416447695,NA,NA,NA,1
TRIML2,2,0,0,0.959558416447695,NA,NA,NA,1
AURKAIP1,2,0,0,0.959803654709874,NA,NA,NA,1
COIL,3,0,0,0.959803654709874,NA,NA,NA,1
GK,6,0,0,0.959803654709874,NA,NA,NA,1
OIP5,9,0,0,0.959803654709874,NA,NA,NA,1
UBAP1L,2,0,0,0.959803654709874,NA,NA,NA,1
AGAP3,3,0,0,0.959856103632639,NA,NA,NA,1
SWT1,6,0,0,0.959856103632639,NA,NA,NA,1
CSF1R,3,0,0,0.959978029378072,NA,NA,NA,1
APOBEC3G,2,0,0,0.959994175379448,NA,NA,NA,1
C8orf82,2,0,0,0.959994175379448,NA,NA,NA,1
CHPF2,3,0,0,0.959994175379448,NA,NA,NA,1
LEMD2,3,0,0,0.959994175379448,NA,NA,NA,1
SMG1,9,0,0,0.959994175379448,NA,NA,NA,1
USP19,3,0,0,0.959994175379448,NA,NA,NA,1
ZC2HC1A,4,0,0,0.959994175379448,NA,NA,NA,1
ETV1,10,0,0,0.960007435838084,NA,NA,NA,1
ITPKB,3,0,0,0.960007435838084,NA,NA,NA,1
MINOS1-NBL1,3,0,0,0.960007435838084,NA,NA,NA,1
MINPP1,4,0,0,0.960007435838084,NA,NA,NA,1
SH2D2A,3,0,0,0.960007435838084,NA,NA,NA,1
ZNF816-ZNF321P,7,0,0,0.960007435838084,NA,NA,NA,1
CCNB1,11,0,0,0.960070547142587,NA,NA,NA,1
TNIP3,2,0,0,0.960126412327595,NA,NA,NA,1
KDM1A,2,0,0,0.960248511883129,NA,NA,NA,1
PEX7,6,0,0,0.960248511883129,NA,NA,NA,1
RGS20,3,0,0,0.960290625556694,NA,NA,NA,1
SMAD3,5,0,0,0.960290625556694,NA,NA,NA,1
YDJC,4,0,0,0.960290625556694,NA,NA,NA,1
FAM76A,4,0,0,0.96033670004814,NA,NA,NA,1
APRT,3,0,0,0.960436728866063,NA,NA,NA,1
CDK5RAP2,6,0,0,0.960436728866063,NA,NA,NA,1
NADSYN1,3,0,0,0.960436728866063,NA,NA,NA,1
ANAPC5,3,0,0,0.96053932822674,NA,NA,NA,1
CCDC113,7,0,0,0.96053932822674,NA,NA,NA,1
CCDC59,5,0,0,0.96053932822674,NA,NA,NA,1
EML6,2,0,0,0.96053932822674,NA,NA,NA,1
EPM2AIP1,10,0,0,0.96053932822674,NA,NA,NA,1
FAM110B,6,0,0,0.96053932822674,NA,NA,NA,1
HLTF,3,0,0,0.96053932822674,NA,NA,NA,1
IRF2,4,0,0,0.96053932822674,NA,NA,NA,1
MAFF,3,0,0,0.96053932822674,NA,NA,NA,1
PDSS2,4,0,0,0.96053932822674,NA,NA,NA,1
PHTF2,4,0,0,0.96053932822674,NA,NA,NA,1
PXDC1,3,0,0,0.96053932822674,NA,NA,NA,1
RNF19A,3,0,0,0.96053932822674,NA,NA,NA,1
SMAD9,8,0,0,0.96053932822674,NA,NA,NA,1
SYS1,2,0,0,0.96053932822674,NA,NA,NA,1
WDR44,6,0,0,0.96053932822674,NA,NA,NA,1
CCT2,3,0,0,0.96059019109825,NA,NA,NA,1
FLYWCH1,2,0,0,0.96059019109825,NA,NA,NA,1
ANO10,6,0,0,0.96066660715826,NA,NA,NA,1
CYHR1,3,0,0,0.96066660715826,NA,NA,NA,1
DDX50,2,0,0,0.96066660715826,NA,NA,NA,1
GLB1,5,0,0,0.96066660715826,NA,NA,NA,1
GPT2,5,0,0,0.96066660715826,NA,NA,NA,1
HADHA,5,0,0,0.96066660715826,NA,NA,NA,1
TRIM65,5,0,0,0.96066660715826,NA,NA,NA,1
SLC25A16,15,0,0,0.960688143906447,NA,NA,NA,1
GHDC,2,0,0,0.960698984978702,NA,NA,NA,1
IPO4,6,0,0,0.960698984978702,NA,NA,NA,1
LONP1,2,0,0,0.960698984978702,NA,NA,NA,1
PMPCA,5,0,0,0.960787576602837,NA,NA,NA,1
ADAR,6,0,0,0.960850125551381,NA,NA,NA,1
DNASE1L2,2,0,0,0.960850125551381,NA,NA,NA,1
IGSF11,2,0,0,0.960850125551381,NA,NA,NA,1
PIGQ,3,0,0,0.960850125551381,NA,NA,NA,1
POLR1D,3,0,0,0.960850125551381,NA,NA,NA,1
TIMM17B,2,0,0,0.960850125551381,NA,NA,NA,1
ZNF608,3,0,0,0.960850125551381,NA,NA,NA,1
RPF1,4,0,0,0.960946840487506,NA,NA,NA,1
TCF19,3,0,0,0.960946840487506,NA,NA,NA,1
MYO5C,2,0,0,0.96108965610261,NA,NA,NA,1
E2F8,4,0,0,0.961103647437538,NA,NA,NA,1
PEX11A,2,0,0,0.961103647437538,NA,NA,NA,1
TIMM13,5,0,0,0.961103647437538,NA,NA,NA,1
ADAM15,2,0,0,0.961214203648587,NA,NA,NA,1
ASDURF,3,0,0,0.961214203648587,NA,NA,NA,1
EXOSC9,3,0,0,0.96129729451733,NA,NA,NA,1
APIP,6,0,0,0.961334888388044,NA,NA,NA,1
MRNIP,5,0,0,0.961334888388044,NA,NA,NA,1
PPP1R37,2,0,0,0.961334888388044,NA,NA,NA,1
SCCPDH,10,0,0,0.961334888388044,NA,NA,NA,1
SLX4,5,0,0,0.961334888388044,NA,NA,NA,1
TMEM187,3,0,0,0.961334888388044,NA,NA,NA,1
TTC8,2,0,0,0.961334888388044,NA,NA,NA,1
USO1,6,0,0,0.961334888388044,NA,NA,NA,1
ZFP1,4,0,0,0.961334888388044,NA,NA,NA,1
ZNF331,5,0,0,0.961334888388044,NA,NA,NA,1
ZNF510,5,0,0,0.961334888388044,NA,NA,NA,1
ADGRL2,7,0,0,0.961462050808658,NA,NA,NA,1
C17orf80,4,0,0,0.961462050808658,NA,NA,NA,1
SLC39A10,4,0,0,0.961462050808658,NA,NA,NA,1
ZBTB7B,4,0,0,0.961462050808658,NA,NA,NA,1
PIK3IP1,5,0,0,0.96146676280698,NA,NA,NA,1
CLN6,4,0,0,0.961537468340424,NA,NA,NA,1
CREBRF,3,0,0,0.961537468340424,NA,NA,NA,1
SLC37A3,3,0,0,0.961537468340424,NA,NA,NA,1
BRMS1L,6,0,0,0.961577760817629,NA,NA,NA,1
SCNN1G,3,0,0,0.961577760817629,NA,NA,NA,1
GFOD1,4,0,0,0.961873738326332,NA,NA,NA,1
PCDH19,2,0,0,0.961873738326332,NA,NA,NA,1
WDR34,7,0,0,0.961873738326332,NA,NA,NA,1
MRFAP1L1,5,0,0,0.962033552858826,NA,NA,NA,1
C2CD2,8,0,0,0.962155657544757,NA,NA,NA,1
NAT8L,4,0,0,0.962201017445819,NA,NA,NA,1
UBB,5,0,0,0.962201017445819,NA,NA,NA,1
CROT,4,0,0,0.962205063029432,NA,NA,NA,1
DMTF1,7,0,0,0.962208409932733,NA,NA,NA,1
FUT4,4,0,0,0.962208409932733,NA,NA,NA,1
IPP,4,0,0,0.962208409932733,NA,NA,NA,1
SBSPON,6,0,0,0.962208409932733,NA,NA,NA,1
SMPD4,3,0,0,0.962208409932733,NA,NA,NA,1
TMEM128,4,0,0,0.962208409932733,NA,NA,NA,1
USP43,2,0,0,0.962208409932733,NA,NA,NA,1
HMG20A,3,0,0,0.962334014865797,NA,NA,NA,1
NFAM1,3,0,0,0.962341858571978,NA,NA,NA,1
RORC,3,0,0,0.962341858571978,NA,NA,NA,1
TAPBPL,3,0,0,0.962341858571978,NA,NA,NA,1
TM2D3,2,0,0,0.962341858571978,NA,NA,NA,1
HPDL,5,0,0,0.962370724757393,NA,NA,NA,1
SEPT10,5,0,0,0.9625874437087,NA,NA,NA,1
EFCAB2,4,0,0,0.962626976024381,NA,NA,NA,1
FAM160B2,4,0,0,0.962626976024381,NA,NA,NA,1
CYP2R1,4,0,0,0.962706882646398,NA,NA,NA,1
RFWD3,5,0,0,0.962715661932323,NA,NA,NA,1
AMIGO2,6,0,0,0.962845925535779,NA,NA,NA,1
ATG16L2,5,0,0,0.962845925535779,NA,NA,NA,1
CD24,3,0,0,0.962876473322749,NA,NA,NA,1
TPD52L2,5,0,0,0.962876473322749,NA,NA,NA,1
PLEKHA7,4,0,0,0.963003621303125,NA,NA,NA,1
ZCCHC24,7,0,0,0.96309630413497,NA,NA,NA,1
EIF2B5,3,0,0,0.963115299831968,NA,NA,NA,1
NACC2,7,0,0,0.963115299831968,NA,NA,NA,1
PABPC4L,2,0,0,0.963115299831968,NA,NA,NA,1
PRPS1,6,0,0,0.963115299831968,NA,NA,NA,1
RAC2,3,0,0,0.963115299831968,NA,NA,NA,1
VDAC2,3,0,0,0.963115299831968,NA,NA,NA,1
MAP2K3,2,0,0,0.963121492780424,NA,NA,NA,1
NPTN,6,0,0,0.963121492780424,NA,NA,NA,1
TEAD3,7,0,0,0.963500991468405,NA,NA,NA,1
C12orf29,3,0,0,0.96392257862157,NA,NA,NA,1
PTPN22,2,0,0,0.96392257862157,NA,NA,NA,1
RPL38,5,0,0,0.96392257862157,NA,NA,NA,1
SPATA32,6,0,0,0.96392257862157,NA,NA,NA,1
TUBA1A,3,0,0,0.96392257862157,NA,NA,NA,1
USMG5,2,0,0,0.96392257862157,NA,NA,NA,1
ACYP1,4,0,0,0.96399266470522,NA,NA,NA,1
NXT1,3,0,0,0.96399266470522,NA,NA,NA,1
TMEM179B,9,0,0,0.96399266470522,NA,NA,NA,1
ADCY3,5,0,0,0.964022450345784,NA,NA,NA,1
ENGASE,3,0,0,0.964022450345784,NA,NA,NA,1
GOLGA4,3,0,0,0.964022450345784,NA,NA,NA,1
MPDZ,5,0,0,0.964022450345784,NA,NA,NA,1
NUDT13,2,0,0,0.964022450345784,NA,NA,NA,1
PHYHIP,2,0,0,0.964022450345784,NA,NA,NA,1
CHCHD2,4,0,0,0.964482783533341,NA,NA,NA,1
MGMT,3,0,0,0.964486356140548,NA,NA,NA,1
STIP1,2,0,0,0.964486356140548,NA,NA,NA,1
ADM,4,0,0,0.964566751628475,NA,NA,NA,1
BCL6,2,0,0,0.964566751628475,NA,NA,NA,1
C17orf113,3,0,0,0.964566751628475,NA,NA,NA,1
C20orf194,4,0,0,0.964566751628475,NA,NA,NA,1
CLDN12,5,0,0,0.964566751628475,NA,NA,NA,1
EIF3D,5,0,0,0.964566751628475,NA,NA,NA,1
EIF4G1,6,0,0,0.964566751628475,NA,NA,NA,1
FABP5,3,0,0,0.964566751628475,NA,NA,NA,1
GPR137C,4,0,0,0.964566751628475,NA,NA,NA,1
GPRC5C,4,0,0,0.964566751628475,NA,NA,NA,1
IFRD2,4,0,0,0.964566751628475,NA,NA,NA,1
IQGAP2,3,0,0,0.964566751628475,NA,NA,NA,1
LRP1,4,0,0,0.964566751628475,NA,NA,NA,1
LXN,6,0,0,0.964566751628475,NA,NA,NA,1
MAD2L1BP,2,0,0,0.964566751628475,NA,NA,NA,1
MAU2,4,0,0,0.964566751628475,NA,NA,NA,1
NUP98,3,0,0,0.964566751628475,NA,NA,NA,1
PARD6G,4,0,0,0.964566751628475,NA,NA,NA,1
REPIN1,3,0,0,0.964566751628475,NA,NA,NA,1
RSRC1,6,0,0,0.964566751628475,NA,NA,NA,1
TK1,7,0,0,0.964566751628475,NA,NA,NA,1
TLK2,6,0,0,0.964566751628475,NA,NA,NA,1
VAT1L,3,0,0,0.964566751628475,NA,NA,NA,1
ZNF696,5,0,0,0.964566751628475,NA,NA,NA,1
DNER,2,0,0,0.964579436210079,NA,NA,NA,1
GFM2,4,0,0,0.964579436210079,NA,NA,NA,1
SGK494,4,0,0,0.964610801188344,NA,NA,NA,1
CAVIN1,2,0,0,0.964620747326455,NA,NA,NA,1
PLPPR2,2,0,0,0.964795706417818,NA,NA,NA,1
TEX22,3,0,0,0.964796212374073,NA,NA,NA,1
FGF11,2,0,0,0.964908547675258,NA,NA,NA,1
AKR7A3,3,0,0,0.965020647924461,NA,NA,NA,1
CCT4,7,0,0,0.965020647924461,NA,NA,NA,1
DNAJC11,3,0,0,0.965020647924461,NA,NA,NA,1
IL11,3,0,0,0.965020647924461,NA,NA,NA,1
NFASC,3,0,0,0.965020647924461,NA,NA,NA,1
SETD1B,3,0,0,0.965020647924461,NA,NA,NA,1
TMSB10,5,0,0,0.965020647924461,NA,NA,NA,1
TNS2,2,0,0,0.965020647924461,NA,NA,NA,1
ZNF428,4,0,0,0.965020647924461,NA,NA,NA,1
CEP295,2,0,0,0.965121157699035,NA,NA,NA,1
CEP70,4,0,0,0.965206146860065,NA,NA,NA,1
CELSR1,9,0,0,0.965219461876813,NA,NA,NA,1
CBX3,12,0,0,0.965545875878216,NA,NA,NA,1
ZNF263,3,0,0,0.965545875878216,NA,NA,NA,1
CRYBG2,2,0,0,0.965573046853444,NA,NA,NA,1
AKNA,3,0,0,0.965630316909756,NA,NA,NA,1
CRYBG3,4,0,0,0.965630316909756,NA,NA,NA,1
DAZAP1,5,0,0,0.965630316909756,NA,NA,NA,1
FAM71F2,3,0,0,0.965630316909756,NA,NA,NA,1
MTMR12,5,0,0,0.965630316909756,NA,NA,NA,1
NCF2,2,0,0,0.965630316909756,NA,NA,NA,1
PSIP1,11,0,0,0.965630316909756,NA,NA,NA,1
SNRPF,6,0,0,0.965630316909756,NA,NA,NA,1
SRP72,13,0,0,0.965630316909756,NA,NA,NA,1
SUSD5,3,0,0,0.965630316909756,NA,NA,NA,1
TMEM159,5,0,0,0.965630316909756,NA,NA,NA,1
TUBGCP6,9,0,0,0.965630316909756,NA,NA,NA,1
RMDN3,3,0,0,0.965678849221171,NA,NA,NA,1
UBQLN4,3,0,0,0.965678849221171,NA,NA,NA,1
ELK1,3,0,0,0.965706800510161,NA,NA,NA,1
BBS4,3,0,0,0.96592815429071,NA,NA,NA,1
BOD1L1,5,0,0,0.96592815429071,NA,NA,NA,1
CPOX,7,0,0,0.96592815429071,NA,NA,NA,1
DKK3,5,0,0,0.96592815429071,NA,NA,NA,1
IDH1,4,0,0,0.966006605740103,NA,NA,NA,1
MASTL,4,0,0,0.966006605740103,NA,NA,NA,1
MEGF6,5,0,0,0.966006605740103,NA,NA,NA,1
PICK1,6,0,0,0.966006605740103,NA,NA,NA,1
TRIM37,2,0,0,0.966006605740103,NA,NA,NA,1
UBE2Q1,5,0,0,0.966006605740103,NA,NA,NA,1
WDR53,4,0,0,0.966006605740103,NA,NA,NA,1
YBEY,3,0,0,0.966006605740103,NA,NA,NA,1
ZNF317,3,0,0,0.966006605740103,NA,NA,NA,1
DOPEY1,6,0,0,0.966249071426747,NA,NA,NA,1
NDRG1,6,0,0,0.966249071426747,NA,NA,NA,1
OSBPL5,3,0,0,0.966249071426747,NA,NA,NA,1
PSMB5,4,0,0,0.966249071426747,NA,NA,NA,1
TSC2,2,0,0,0.966249071426747,NA,NA,NA,1
SERTAD3,2,0,0,0.966431231828612,NA,NA,NA,1
ADIPOR1,4,0,0,0.966497145873796,NA,NA,NA,1
CFH,3,0,0,0.966497145873796,NA,NA,NA,1
CTDSP1,4,0,0,0.966497145873796,NA,NA,NA,1
TMX2,2,0,0,0.966497145873796,NA,NA,NA,1
MAST2,2,0,0,0.966568205766214,NA,NA,NA,1
PVR,5,0,0,0.966568205766214,NA,NA,NA,1
THBS2,2,0,0,0.966568205766214,NA,NA,NA,1
AATK,3,0,0,0.96671000833087,NA,NA,NA,1
DOCK3,4,0,0,0.96671000833087,NA,NA,NA,1
FBXO2,3,0,0,0.96671000833087,NA,NA,NA,1
NUP205,3,0,0,0.96671000833087,NA,NA,NA,1
TSKU,5,0,0,0.96671000833087,NA,NA,NA,1
USP42,6,0,0,0.966944204672013,NA,NA,NA,1
E2F4,2,0,0,0.967083448515711,NA,NA,NA,1
STN1,14,0,0,0.967083448515711,NA,NA,NA,1
MYBBP1A,4,0,0,0.967123111934907,NA,NA,NA,1
PIM2,2,0,0,0.967381271710783,NA,NA,NA,1
PPA2,3,0,0,0.967579005721194,NA,NA,NA,1
DUSP22,5,0,0,0.967620251435235,NA,NA,NA,1
DNAJC30,14,0,0,0.96768981014314,NA,NA,NA,1
STXBP3,3,0,0,0.96768981014314,NA,NA,NA,1
ATP6V0C,4,0,0,0.967806821407691,NA,NA,NA,1
C6orf203,3,0,0,0.967806821407691,NA,NA,NA,1
CARMIL1,2,0,0,0.967806821407691,NA,NA,NA,1
CCAR2,4,0,0,0.967806821407691,NA,NA,NA,1
CMTM4,4,0,0,0.967806821407691,NA,NA,NA,1
ERAP1,2,0,0,0.967806821407691,NA,NA,NA,1
IKZF2,4,0,0,0.967806821407691,NA,NA,NA,1
INPP5A,6,0,0,0.967806821407691,NA,NA,NA,1
KANSL2,6,0,0,0.967806821407691,NA,NA,NA,1
KIFC2,3,0,0,0.967806821407691,NA,NA,NA,1
KLHL7,3,0,0,0.967806821407691,NA,NA,NA,1
LDOC1,4,0,0,0.967806821407691,NA,NA,NA,1
LY6K,3,0,0,0.967806821407691,NA,NA,NA,1
LYSMD2,2,0,0,0.967806821407691,NA,NA,NA,1
MED9,5,0,0,0.967806821407691,NA,NA,NA,1
MGME1,3,0,0,0.967806821407691,NA,NA,NA,1
NDUFA12,2,0,0,0.967806821407691,NA,NA,NA,1
PLAG1,3,0,0,0.967806821407691,NA,NA,NA,1
PLEKHG1,3,0,0,0.967806821407691,NA,NA,NA,1
POC1B,2,0,0,0.967806821407691,NA,NA,NA,1
PRDM10,3,0,0,0.967806821407691,NA,NA,NA,1
R3HCC1L,3,0,0,0.967806821407691,NA,NA,NA,1
S1PR3,4,0,0,0.967806821407691,NA,NA,NA,1
SETBP1,3,0,0,0.967806821407691,NA,NA,NA,1
SLC27A4,3,0,0,0.967806821407691,NA,NA,NA,1
SLCO2A1,2,0,0,0.967806821407691,NA,NA,NA,1
SNAPC5,3,0,0,0.967806821407691,NA,NA,NA,1
SSPN,2,0,0,0.967806821407691,NA,NA,NA,1
TRPM2,3,0,0,0.967806821407691,NA,NA,NA,1
VBP1,7,0,0,0.967806821407691,NA,NA,NA,1
XRCC6,2,0,0,0.967806821407691,NA,NA,NA,1
ZNF430,6,0,0,0.967806821407691,NA,NA,NA,1
CXCL3,3,0,0,0.968082006963382,NA,NA,NA,1
KLHDC8A,3,0,0,0.968082006963382,NA,NA,NA,1
SMC3,3,0,0,0.968086792272899,NA,NA,NA,1
ADNP2,7,0,0,0.968174758319834,NA,NA,NA,1
FNTA,2,0,0,0.968228545660052,NA,NA,NA,1
LY75-CD302,5,0,0,0.968311878848304,NA,NA,NA,1
BRAP,4,0,0,0.968324679013615,NA,NA,NA,1
SFT2D1,5,0,0,0.968560462969975,NA,NA,NA,1
DCTN3,2,0,0,0.968701738357083,NA,NA,NA,1
SMIM4,4,0,0,0.968701738357083,NA,NA,NA,1
ZMYM6,4,0,0,0.968703742035309,NA,NA,NA,1
IKZF5,4,0,0,0.968719471392571,NA,NA,NA,1
BUB3,4,0,0,0.96879959618225,NA,NA,NA,1
COX18,5,0,0,0.96879959618225,NA,NA,NA,1
KDELC2,6,0,0,0.96879959618225,NA,NA,NA,1
NDUFB3,3,0,0,0.96879959618225,NA,NA,NA,1
SYK,4,0,0,0.96879959618225,NA,NA,NA,1
TRAPPC2,5,0,0,0.96879959618225,NA,NA,NA,1
TRPC4AP,4,0,0,0.96879959618225,NA,NA,NA,1
CABLES1,7,0,0,0.968869719838222,NA,NA,NA,1
CCDC137,5,0,0,0.968869719838222,NA,NA,NA,1
SLC25A39,4,0,0,0.968869719838222,NA,NA,NA,1
TMEM255B,3,0,0,0.968869719838222,NA,NA,NA,1
RPS15A,2,0,0,0.969023377957141,NA,NA,NA,1
WDR83OS,2,0,0,0.969023377957141,NA,NA,NA,1
KYAT1,2,0,0,0.969025777450383,NA,NA,NA,1
CDYL,4,0,0,0.969081033481065,NA,NA,NA,1
H3F3C,2,0,0,0.969081033481065,NA,NA,NA,1
INO80,2,0,0,0.969081033481065,NA,NA,NA,1
KIF18B,3,0,0,0.969081033481065,NA,NA,NA,1
NCAM1,2,0,0,0.969081033481065,NA,NA,NA,1
PRPS2,6,0,0,0.969081033481065,NA,NA,NA,1
PSMC1,2,0,0,0.969081033481065,NA,NA,NA,1
RAB11B,8,0,0,0.969081033481065,NA,NA,NA,1
RPL28,3,0,0,0.969081033481065,NA,NA,NA,1
ZNF324,6,0,0,0.969081033481065,NA,NA,NA,1
PPFIA3,2,0,0,0.969274740354378,NA,NA,NA,1
DDR2,3,0,0,0.969445310069129,NA,NA,NA,1
PDE4A,2,0,0,0.969672366305524,NA,NA,NA,1
SEC61A2,3,0,0,0.969855299006318,NA,NA,NA,1
ZNF185,3,0,0,0.969855299006318,NA,NA,NA,1
RPL8,8,0,0,0.969868445146569,NA,NA,NA,1
CDH3,3,0,0,0.97007735292364,NA,NA,NA,1
STX19,2,0,0,0.970100540809766,NA,NA,NA,1
NXF1,2,0,0,0.970176901702262,NA,NA,NA,1
E2F1,4,0,0,0.970322510097008,NA,NA,NA,1
GSS,3,0,0,0.970322510097008,NA,NA,NA,1
KRBA1,6,0,0,0.970322510097008,NA,NA,NA,1
NFATC4,2,0,0,0.970322510097008,NA,NA,NA,1
PCBP1,7,0,0,0.970322510097008,NA,NA,NA,1
SCYL1,2,0,0,0.970322510097008,NA,NA,NA,1
XKR6,3,0,0,0.970322510097008,NA,NA,NA,1
NFU1,4,0,0,0.970417793691712,NA,NA,NA,1
ACP2,7,0,0,0.970435040150865,NA,NA,NA,1
ATP6V1F,4,0,0,0.970435040150865,NA,NA,NA,1
CDC34,4,0,0,0.970435040150865,NA,NA,NA,1
DNAJC17,5,0,0,0.970435040150865,NA,NA,NA,1
LEO1,3,0,0,0.970435040150865,NA,NA,NA,1
NT5C,2,0,0,0.970435040150865,NA,NA,NA,1
SRRT,2,0,0,0.970435040150865,NA,NA,NA,1
ZNF416,2,0,0,0.970435040150865,NA,NA,NA,1
ZNF789,3,0,0,0.970435040150865,NA,NA,NA,1
ZNF81,7,0,0,0.970435040150865,NA,NA,NA,1
LRR1,5,0,0,0.97058928306694,NA,NA,NA,1
MAP4,6,0,0,0.97058928306694,NA,NA,NA,1
PPP2R2A,7,0,0,0.97058928306694,NA,NA,NA,1
GPAM,3,0,0,0.970834909380286,NA,NA,NA,1
MTIF3,3,0,0,0.970834909380286,NA,NA,NA,1
UBAC1,5,0,0,0.970834909380286,NA,NA,NA,1
REV1,4,0,0,0.970944556339037,NA,NA,NA,1
EIF2B1,4,0,0,0.971005532557357,NA,NA,NA,1
OSTC,5,0,0,0.971005532557357,NA,NA,NA,1
PHLDB2,14,0,0,0.971520373922215,NA,NA,NA,1
STX2,6,0,0,0.971520373922215,NA,NA,NA,1
BLOC1S3,2,0,0,0.971587079917849,NA,NA,NA,1
DRAP1,2,0,0,0.971587079917849,NA,NA,NA,1
SDR39U1,3,0,0,0.971587079917849,NA,NA,NA,1
DVL1,6,0,0,0.971654576238989,NA,NA,NA,1
SMURF1,5,0,0,0.971654576238989,NA,NA,NA,1
CTNNAL1,2,0,0,0.971668390663217,NA,NA,NA,1
EPB41L2,5,0,0,0.971668390663217,NA,NA,NA,1
ITSN2,2,0,0,0.971668390663217,NA,NA,NA,1
AHDC1,3,0,0,0.971801852188204,NA,NA,NA,1
ARL13B,4,0,0,0.971801852188204,NA,NA,NA,1
CXCL5,3,0,0,0.971801852188204,NA,NA,NA,1
DCXR,4,0,0,0.971801852188204,NA,NA,NA,1
DPP8,10,0,0,0.971801852188204,NA,NA,NA,1
FLYWCH2,4,0,0,0.971801852188204,NA,NA,NA,1
MCM9,4,0,0,0.971801852188204,NA,NA,NA,1
MFSD2A,2,0,0,0.971801852188204,NA,NA,NA,1
MZF1,2,0,0,0.971801852188204,NA,NA,NA,1
NDUFS7,2,0,0,0.971801852188204,NA,NA,NA,1
OAT,2,0,0,0.971801852188204,NA,NA,NA,1
RIN2,5,0,0,0.971801852188204,NA,NA,NA,1
TMEM104,2,0,0,0.971801852188204,NA,NA,NA,1
TMEM11,2,0,0,0.971801852188204,NA,NA,NA,1
BMT2,7,0,0,0.972034364120261,NA,NA,NA,1
CHCHD4,3,0,0,0.972034364120261,NA,NA,NA,1
LIMK1,3,0,0,0.972034364120261,NA,NA,NA,1
SLC6A14,3,0,0,0.972034364120261,NA,NA,NA,1
FKBP10,3,0,0,0.972083980564737,NA,NA,NA,1
P3H1,2,0,0,0.972408781819676,NA,NA,NA,1
ZBTB6,3,0,0,0.972554891866351,NA,NA,NA,1
TCAF1,3,0,0,0.972857161700865,NA,NA,NA,1
ZNFX1,2,0,0,0.972998366381422,NA,NA,NA,1
VRK1,8,0,0,0.97326239970648,NA,NA,NA,1
PIGBOS1,5,0,0,0.973287375733489,NA,NA,NA,1
HSPA14,3,0,0,0.973317006338672,NA,NA,NA,1
FIS1,3,0,0,0.973381030719693,NA,NA,NA,1
HDDC3,3,0,0,0.973381030719693,NA,NA,NA,1
NR6A1,4,0,0,0.973381030719693,NA,NA,NA,1
TSFM,6,0,0,0.973381030719693,NA,NA,NA,1
ULK1,3,0,0,0.973381030719693,NA,NA,NA,1
RHBDD2,3,0,0,0.973411902045399,NA,NA,NA,1
ULBP3,8,0,0,0.973411902045399,NA,NA,NA,1
DPY19L4,8,0,0,0.973641277354215,NA,NA,NA,1
HSPB3,2,0,0,0.973641277354215,NA,NA,NA,1
DNAH1,2,0,0,0.973697172746005,NA,NA,NA,1
DMAC1,9,0,0,0.973767144821946,NA,NA,NA,1
HDGFL2,2,0,0,0.973767144821946,NA,NA,NA,1
STRADB,3,0,0,0.973767144821946,NA,NA,NA,1
GLRX,3,0,0,0.973795858220038,NA,NA,NA,1
SAMD15,6,0,0,0.973795858220038,NA,NA,NA,1
NUBP1,2,0,0,0.97387920871721,NA,NA,NA,1
PSMA5,4,0,0,0.97387920871721,NA,NA,NA,1
CAMK2N2,3,0,0,0.973984989708492,NA,NA,NA,1
CRTC1,5,0,0,0.973984989708492,NA,NA,NA,1
GRHL1,3,0,0,0.973984989708492,NA,NA,NA,1
DENND5A,4,0,0,0.974056229461465,NA,NA,NA,1
ISG20,3,0,0,0.974211726771915,NA,NA,NA,1
HSPA5,8,0,0,0.974278725279835,NA,NA,NA,1
CAPN3,2,0,0,0.974408817537064,NA,NA,NA,1
MRPS35,5,0,0,0.974408817537064,NA,NA,NA,1
TEX37,3,0,0,0.974408817537064,NA,NA,NA,1
WISP2,4,0,0,0.974430322749179,NA,NA,NA,1
KIF14,4,0,0,0.974629764638435,NA,NA,NA,1
C1orf198,10,0,0,0.97477939533884,NA,NA,NA,1
ATL1,5,0,0,0.974914195514732,NA,NA,NA,1
LMNA,2,0,0,0.975061060353339,NA,NA,NA,1
CDCA8,4,0,0,0.975114727897987,NA,NA,NA,1
DYNLRB1,3,0,0,0.975114727897987,NA,NA,NA,1
RPA2,3,0,0,0.975122038054054,NA,NA,NA,1
PCDHB5,3,0,0,0.975130057390684,NA,NA,NA,1
GPX1,3,0,0,0.975272993333681,NA,NA,NA,1
MYRF,2,0,0,0.975272993333681,NA,NA,NA,1
TMEM150A,5,0,0,0.97527452008732,NA,NA,NA,1
TYMSOS,5,0,0,0.975392799178479,NA,NA,NA,1
CYP4X1,2,0,0,0.975453324762074,NA,NA,NA,1
DCP1B,2,0,0,0.975453324762074,NA,NA,NA,1
EXOC1,3,0,0,0.975453324762074,NA,NA,NA,1
GCDH,9,0,0,0.975453324762074,NA,NA,NA,1
MYEF2,13,0,0,0.975453324762074,NA,NA,NA,1
TAS2R5,3,0,0,0.975453324762074,NA,NA,NA,1
WHAMM,4,0,0,0.975453324762074,NA,NA,NA,1
ZBTB43,3,0,0,0.975453324762074,NA,NA,NA,1
ZBTB26,6,0,0,0.97557092598288,NA,NA,NA,1
BMP8A,3,0,0,0.975669296251514,NA,NA,NA,1
MED25,4,0,0,0.975669296251514,NA,NA,NA,1
METTL16,5,0,0,0.975669296251514,NA,NA,NA,1
MID1,10,0,0,0.975669296251514,NA,NA,NA,1
TSC22D1,8,0,0,0.975669296251514,NA,NA,NA,1
BEX3,8,0,0,0.975724783054165,NA,NA,NA,1
AKR1B1,3,0,0,0.975814321138385,NA,NA,NA,1
COL27A1,3,0,0,0.975933714765115,NA,NA,NA,1
CYB5D1,8,0,0,0.975933714765115,NA,NA,NA,1
MRPS11,3,0,0,0.975933714765115,NA,NA,NA,1
ASAP2,6,0,0,0.975985246237522,NA,NA,NA,1
BMP7,2,0,0,0.975985246237522,NA,NA,NA,1
HEATR5A,7,0,0,0.975985246237522,NA,NA,NA,1
INPP1,3,0,0,0.975985246237522,NA,NA,NA,1
LRRC8D,2,0,0,0.975985246237522,NA,NA,NA,1
RPL30,3,0,0,0.975985246237522,NA,NA,NA,1
SIRT7,2,0,0,0.975985246237522,NA,NA,NA,1
SLC35F3,3,0,0,0.975985246237522,NA,NA,NA,1
TARBP1,3,0,0,0.975985246237522,NA,NA,NA,1
TIGD1,3,0,0,0.975985246237522,NA,NA,NA,1
ELK3,5,0,0,0.976046992619693,NA,NA,NA,1
MAP2K2,7,0,0,0.976046992619693,NA,NA,NA,1
MOCS1,7,0,0,0.976046992619693,NA,NA,NA,1
POLR2K,4,0,0,0.976046992619693,NA,NA,NA,1
TMEM254,5,0,0,0.976046992619693,NA,NA,NA,1
TMEM144,4,0,0,0.976048397850264,NA,NA,NA,1
A4GALT,7,0,0,0.976093386652946,NA,NA,NA,1
C1RL,10,0,0,0.976093386652946,NA,NA,NA,1
CRYGS,2,0,0,0.976093386652946,NA,NA,NA,1
HDAC11,4,0,0,0.976093386652946,NA,NA,NA,1
PCLO,2,0,0,0.976093386652946,NA,NA,NA,1
PHC1,2,0,0,0.976093386652946,NA,NA,NA,1
LGALS1,3,0,0,0.976583755675619,NA,NA,NA,1
MIA2,2,0,0,0.976583755675619,NA,NA,NA,1
PACRGL,2,0,0,0.976583755675619,NA,NA,NA,1
RTCA,7,0,0,0.976583755675619,NA,NA,NA,1
SHISA5,7,0,0,0.976583755675619,NA,NA,NA,1
USP20,2,0,0,0.976583755675619,NA,NA,NA,1
DOCK7,3,0,0,0.976767934779972,NA,NA,NA,1
ZNF414,2,0,0,0.976909734013911,NA,NA,NA,1
C12orf65,4,0,0,0.976920196534585,NA,NA,NA,1
CRELD1,2,0,0,0.976920196534585,NA,NA,NA,1
CYP26B1,2,0,0,0.976920196534585,NA,NA,NA,1
EXOC3,4,0,0,0.976920196534585,NA,NA,NA,1
FJX1,3,0,0,0.976920196534585,NA,NA,NA,1
GDE1,6,0,0,0.976920196534585,NA,NA,NA,1
PFKFB2,2,0,0,0.976920196534585,NA,NA,NA,1
SNW1,4,0,0,0.976920196534585,NA,NA,NA,1
SRC,3,0,0,0.976920196534585,NA,NA,NA,1
STIM1,2,0,0,0.976920196534585,NA,NA,NA,1
TFB2M,2,0,0,0.976920196534585,NA,NA,NA,1
TMEM182,8,0,0,0.976949504229409,NA,NA,NA,1
CRIP2,2,0,0,0.97699778154182,NA,NA,NA,1
NPHP3,5,0,0,0.97699778154182,NA,NA,NA,1
SDF2L1,2,0,0,0.97699778154182,NA,NA,NA,1
ZNF670,3,0,0,0.97699778154182,NA,NA,NA,1
SH3PXD2B,3,0,0,0.977056087520854,NA,NA,NA,1
ADSSL1,2,0,0,0.977325322738956,NA,NA,NA,1
TPRA1,7,0,0,0.977325322738956,NA,NA,NA,1
PROCA1,2,0,0,0.977369662457873,NA,NA,NA,1
SRGN,2,0,0,0.977369662457873,NA,NA,NA,1
TSPAN17,3,0,0,0.977369662457873,NA,NA,NA,1
ZNF525,3,0,0,0.977369662457873,NA,NA,NA,1
KIAA1107,2,0,0,0.977406784819877,NA,NA,NA,1
UBTF,6,0,0,0.977478349679233,NA,NA,NA,1
ZNF540,2,0,0,0.977478349679233,NA,NA,NA,1
HS1BP3,3,0,0,0.977507619928752,NA,NA,NA,1
BLVRA,6,0,0,0.977574423562206,NA,NA,NA,1
PSMC3IP,3,0,0,0.977574423562206,NA,NA,NA,1
SF3B1,5,0,0,0.977574423562206,NA,NA,NA,1
SLC1A5,2,0,0,0.977574423562206,NA,NA,NA,1
ZKSCAN4,5,0,0,0.977574423562206,NA,NA,NA,1
ZNF254,6,0,0,0.977574423562206,NA,NA,NA,1
ACSF2,4,0,0,0.977859657804797,NA,NA,NA,1
AGR2,2,0,0,0.977859657804797,NA,NA,NA,1
BST2,2,0,0,0.977859657804797,NA,NA,NA,1
FAM214B,3,0,0,0.977859657804797,NA,NA,NA,1
KIF24,6,0,0,0.977859657804797,NA,NA,NA,1
MINDY3,5,0,0,0.977859657804797,NA,NA,NA,1
MNS1,4,0,0,0.977859657804797,NA,NA,NA,1
NINJ1,2,0,0,0.977859657804797,NA,NA,NA,1
PCNT,3,0,0,0.977859657804797,NA,NA,NA,1
RAB40A,2,0,0,0.977859657804797,NA,NA,NA,1
ZNF12,5,0,0,0.977859657804797,NA,NA,NA,1
ZNF606,4,0,0,0.977859657804797,NA,NA,NA,1
AGO4,4,0,0,0.977888934313973,NA,NA,NA,1
HYI,3,0,0,0.977888934313973,NA,NA,NA,1
RFX7,9,0,0,0.977888934313973,NA,NA,NA,1
TMEM136,4,0,0,0.977888934313973,NA,NA,NA,1
TXNDC11,2,0,0,0.977888934313973,NA,NA,NA,1
EPHX2,2,0,0,0.977959800402492,NA,NA,NA,1
ICAM1,4,0,0,0.977959800402492,NA,NA,NA,1
ZNF275,4,0,0,0.978069590612807,NA,NA,NA,1
CRYBB3,2,0,0,0.978103822830623,NA,NA,NA,1
C9orf40,5,0,0,0.978201790764574,NA,NA,NA,1
CRIP3,2,0,0,0.978201790764574,NA,NA,NA,1
DNLZ,3,0,0,0.978201790764574,NA,NA,NA,1
EGR2,2,0,0,0.978201790764574,NA,NA,NA,1
HBS1L,5,0,0,0.978201790764574,NA,NA,NA,1
IL1RN,2,0,0,0.978201790764574,NA,NA,NA,1
SERPINH1,6,0,0,0.978201790764574,NA,NA,NA,1
SLC27A1,3,0,0,0.978201790764574,NA,NA,NA,1
TAF4B,2,0,0,0.978201790764574,NA,NA,NA,1
TRIP4,2,0,0,0.978201790764574,NA,NA,NA,1
DIP2C,4,0,0,0.978217214858375,NA,NA,NA,1
HPS1,2,0,0,0.978217214858375,NA,NA,NA,1
CLHC1,4,0,0,0.978229773726792,NA,NA,NA,1
SPAG4,2,0,0,0.978242768065462,NA,NA,NA,1
CD82,6,0,0,0.978258275326151,NA,NA,NA,1
GPR85,5,0,0,0.978258275326151,NA,NA,NA,1
LDLRAP1,5,0,0,0.978258275326151,NA,NA,NA,1
RPL39,4,0,0,0.978258275326151,NA,NA,NA,1
UBE2T,4,0,0,0.978258275326151,NA,NA,NA,1
WDR17,6,0,0,0.978258275326151,NA,NA,NA,1
ZNF865,3,0,0,0.978258275326151,NA,NA,NA,1
BRIP1,6,0,0,0.978271977365819,NA,NA,NA,1
E2F5,3,0,0,0.978271977365819,NA,NA,NA,1
MICALCL,4,0,0,0.978271977365819,NA,NA,NA,1
RANBP6,6,0,0,0.978271977365819,NA,NA,NA,1
CBARP,2,0,0,0.978293391265722,NA,NA,NA,1
GPRASP2,3,0,0,0.978293391265722,NA,NA,NA,1
MYOM1,2,0,0,0.978293391265722,NA,NA,NA,1
IL6R,3,0,0,0.97835286517723,NA,NA,NA,1
MIIP,2,0,0,0.97835286517723,NA,NA,NA,1
KIF26A,2,0,0,0.978425255961527,NA,NA,NA,1
SMIM30,5,0,0,0.978431012580448,NA,NA,NA,1
PTPN13,3,0,0,0.978600235873599,NA,NA,NA,1
SULT1A4,2,0,0,0.978600235873599,NA,NA,NA,1
WDR92,7,0,0,0.979044544321526,NA,NA,NA,1
ZSCAN9,3,0,0,0.97913271773477,NA,NA,NA,1
DDB2,5,0,0,0.979178633656061,NA,NA,NA,1
IRX4,2,0,0,0.979178633656061,NA,NA,NA,1
KDM3B,3,0,0,0.979178633656061,NA,NA,NA,1
BIK,2,0,0,0.979220078300517,NA,NA,NA,1
PIK3R4,3,0,0,0.979220078300517,NA,NA,NA,1
SCARA3,2,0,0,0.979220078300517,NA,NA,NA,1
ZNF813,6,0,0,0.979220078300517,NA,NA,NA,1
SHISA4,4,0,0,0.979339515320053,NA,NA,NA,1
ANKRD10,4,0,0,0.979365045795048,NA,NA,NA,1
CDH13,6,0,0,0.979365045795048,NA,NA,NA,1
DEDD,10,0,0,0.979365045795048,NA,NA,NA,1
ITGB2,2,0,0,0.979365045795048,NA,NA,NA,1
MED14OS,4,0,0,0.979365045795048,NA,NA,NA,1
NRSN2,3,0,0,0.979365045795048,NA,NA,NA,1
PRUNE2,3,0,0,0.979365045795048,NA,NA,NA,1
ZC3H7A,4,0,0,0.979365045795048,NA,NA,NA,1
ABCA10,2,0,0,0.979487283093219,NA,NA,NA,1
AGRN,3,0,0,0.979487283093219,NA,NA,NA,1
ANKRD16,5,0,0,0.979487283093219,NA,NA,NA,1
BACH2,4,0,0,0.979487283093219,NA,NA,NA,1
BIVM,6,0,0,0.979487283093219,NA,NA,NA,1
BNC1,3,0,0,0.979487283093219,NA,NA,NA,1
C9orf66,2,0,0,0.979487283093219,NA,NA,NA,1
CELSR3,2,0,0,0.979487283093219,NA,NA,NA,1
COL6A1,4,0,0,0.979487283093219,NA,NA,NA,1
DDN,2,0,0,0.979487283093219,NA,NA,NA,1
E2F6,8,0,0,0.979487283093219,NA,NA,NA,1
FAM122B,6,0,0,0.979487283093219,NA,NA,NA,1
FAM129B,3,0,0,0.979487283093219,NA,NA,NA,1
IGSF9B,3,0,0,0.979487283093219,NA,NA,NA,1
MAN1B1,4,0,0,0.979487283093219,NA,NA,NA,1
PLXNB2,2,0,0,0.979487283093219,NA,NA,NA,1
PRKAG1,3,0,0,0.979487283093219,NA,NA,NA,1
SCG2,3,0,0,0.979487283093219,NA,NA,NA,1
SMG7,5,0,0,0.979487283093219,NA,NA,NA,1
SNRNP200,6,0,0,0.979487283093219,NA,NA,NA,1
SPATA24,2,0,0,0.979487283093219,NA,NA,NA,1
TGIF1,4,0,0,0.979487283093219,NA,NA,NA,1
TMED1,3,0,0,0.979487283093219,NA,NA,NA,1
ZNF598,2,0,0,0.979487283093219,NA,NA,NA,1
LDLRAD3,7,0,0,0.979582855917296,NA,NA,NA,1
CARD18,2,0,0,0.979642656080911,NA,NA,NA,1
CKS2,5,0,0,0.979642656080911,NA,NA,NA,1
CRAMP1,4,0,0,0.979642656080911,NA,NA,NA,1
ETS2,7,0,0,0.979642656080911,NA,NA,NA,1
MYOF,2,0,0,0.979642656080911,NA,NA,NA,1
OPLAH,3,0,0,0.979642656080911,NA,NA,NA,1
TMEM169,2,0,0,0.979642656080911,NA,NA,NA,1
CDCA3,5,0,0,0.979858348720319,NA,NA,NA,1
RWDD4,2,0,0,0.979858348720319,NA,NA,NA,1
SLC9A3R2,3,0,0,0.979858348720319,NA,NA,NA,1
PITX1,4,0,0,0.979864692745427,NA,NA,NA,1
SPOUT1,2,0,0,0.979864692745427,NA,NA,NA,1
PPP3CB,7,0,0,0.979897968699437,NA,NA,NA,1
RCSD1,2,0,0,0.979897968699437,NA,NA,NA,1
CBLB,5,0,0,0.980043707139384,NA,NA,NA,1
EEPD1,2,0,0,0.980091987197111,NA,NA,NA,1
MCIDAS,11,0,0,0.980091987197111,NA,NA,NA,1
SERTAD2,5,0,0,0.980091987197111,NA,NA,NA,1
NUDT6,3,0,0,0.980100170060564,NA,NA,NA,1
DMD,6,0,0,0.98036820392604,NA,NA,NA,1
EPRS,3,0,0,0.98036820392604,NA,NA,NA,1
FKBP9,2,0,0,0.98036820392604,NA,NA,NA,1
RAB40B,9,0,0,0.98036820392604,NA,NA,NA,1
RPS27A,4,0,0,0.98036820392604,NA,NA,NA,1
USP45,5,0,0,0.98036820392604,NA,NA,NA,1
B4GALT2,2,0,0,0.980485567477045,NA,NA,NA,1
AK1,4,0,0,0.980646167170907,NA,NA,NA,1
C9orf16,2,0,0,0.980646167170907,NA,NA,NA,1
CNTLN,3,0,0,0.980646167170907,NA,NA,NA,1
GANAB,4,0,0,0.980646167170907,NA,NA,NA,1
PHF13,4,0,0,0.980646167170907,NA,NA,NA,1
CD3EAP,2,0,0,0.980777211894729,NA,NA,NA,1
SREBF2,4,0,0,0.98078816996081,NA,NA,NA,1
TMEM79,4,0,0,0.98078816996081,NA,NA,NA,1
ESPN,4,0,0,0.981466162343803,NA,NA,NA,1
NEK1,3,0,0,0.981466162343803,NA,NA,NA,1
PECAM1,5,0,0,0.98153606331959,NA,NA,NA,1
MYL9,2,0,0,0.981667380622279,NA,NA,NA,1
TP53INP2,2,0,0,0.981667380622279,NA,NA,NA,1
HMGN1,5,0,0,0.981786147479595,NA,NA,NA,1
C11orf80,2,0,0,0.981824953515507,NA,NA,NA,1
CDH24,2,0,0,0.981824953515507,NA,NA,NA,1
CHRNB1,4,0,0,0.981850221530672,NA,NA,NA,1
CSGALNACT2,4,0,0,0.982051689974791,NA,NA,NA,1
ABT1,7,0,0,0.982226791923281,NA,NA,NA,1
APPBP2,4,0,0,0.982226791923281,NA,NA,NA,1
AQP11,4,0,0,0.982226791923281,NA,NA,NA,1
ARFGAP3,7,0,0,0.982226791923281,NA,NA,NA,1
BCDIN3D,4,0,0,0.982226791923281,NA,NA,NA,1
CADM4,4,0,0,0.982226791923281,NA,NA,NA,1
CCDC86,4,0,0,0.982226791923281,NA,NA,NA,1
CHMP4A,6,0,0,0.982226791923281,NA,NA,NA,1
DPM3,3,0,0,0.982226791923281,NA,NA,NA,1
ENKUR,2,0,0,0.982226791923281,NA,NA,NA,1
FAM160A1,6,0,0,0.982226791923281,NA,NA,NA,1
FBXO6,2,0,0,0.982226791923281,NA,NA,NA,1
GCC2,5,0,0,0.982226791923281,NA,NA,NA,1
GCNT4,4,0,0,0.982226791923281,NA,NA,NA,1
HK2,6,0,0,0.982226791923281,NA,NA,NA,1
INPP5B,3,0,0,0.982226791923281,NA,NA,NA,1
IRAK1,8,0,0,0.982226791923281,NA,NA,NA,1
ITPR3,3,0,0,0.982226791923281,NA,NA,NA,1
KCNQ5,5,0,0,0.982226791923281,NA,NA,NA,1
KDELR1,4,0,0,0.982226791923281,NA,NA,NA,1
LAMB3,5,0,0,0.982226791923281,NA,NA,NA,1
LYPD1,7,0,0,0.982226791923281,NA,NA,NA,1
MAGEH1,4,0,0,0.982226791923281,NA,NA,NA,1
MPP7,5,0,0,0.982226791923281,NA,NA,NA,1
PIP4K2C,4,0,0,0.982226791923281,NA,NA,NA,1
PREB,8,0,0,0.982226791923281,NA,NA,NA,1
SASH1,4,0,0,0.982226791923281,NA,NA,NA,1
SEMA5A,7,0,0,0.982226791923281,NA,NA,NA,1
THOC3,2,0,0,0.982226791923281,NA,NA,NA,1
TMEM120A,4,0,0,0.982226791923281,NA,NA,NA,1
TNFAIP1,6,0,0,0.982226791923281,NA,NA,NA,1
TRIM29,2,0,0,0.982226791923281,NA,NA,NA,1
WDR97,2,0,0,0.982226791923281,NA,NA,NA,1
YPEL1,6,0,0,0.982226791923281,NA,NA,NA,1
ZNF354A,2,0,0,0.982226791923281,NA,NA,NA,1
RPL26,3,0,0,0.982338824093234,NA,NA,NA,1
PAPSS1,3,0,0,0.982459719269994,NA,NA,NA,1
FAM50B,2,0,0,0.98248421183237,NA,NA,NA,1
GALC,4,0,0,0.98248421183237,NA,NA,NA,1
METTL5,2,0,0,0.98248421183237,NA,NA,NA,1
MLF2,2,0,0,0.98248421183237,NA,NA,NA,1
REXO4,7,0,0,0.98248421183237,NA,NA,NA,1
CTXN1,3,0,0,0.98248556214516,NA,NA,NA,1
DCTN1,4,0,0,0.98248556214516,NA,NA,NA,1
FBXO34,7,0,0,0.98248556214516,NA,NA,NA,1
MGAT4B,6,0,0,0.98248556214516,NA,NA,NA,1
PTGES3L-AARSD1,3,0,0,0.98248556214516,NA,NA,NA,1
SLC16A9,4,0,0,0.98248556214516,NA,NA,NA,1
SSB,3,0,0,0.98248556214516,NA,NA,NA,1
VEGFB,3,0,0,0.98248556214516,NA,NA,NA,1
WBP2,3,0,0,0.98248556214516,NA,NA,NA,1
B4GAT1,4,0,0,0.982543708173879,NA,NA,NA,1
CREG2,4,0,0,0.982679285173201,NA,NA,NA,1
GRID1,2,0,0,0.982736418067164,NA,NA,NA,1
RPS24,3,0,0,0.982736418067164,NA,NA,NA,1
ALDH8A1,2,0,0,0.9827699320638,NA,NA,NA,1
PKD1,2,0,0,0.9827699320638,NA,NA,NA,1
TCEAL9,5,0,0,0.9827699320638,NA,NA,NA,1
TRIP12,7,0,0,0.9827699320638,NA,NA,NA,1
ZNF470,2,0,0,0.9827699320638,NA,NA,NA,1
DCAF17,3,0,0,0.98285723018578,NA,NA,NA,1
LDHD,4,0,0,0.98285723018578,NA,NA,NA,1
NOS3,3,0,0,0.98285723018578,NA,NA,NA,1
RBM34,2,0,0,0.98285723018578,NA,NA,NA,1
CENPB,3,0,0,0.982885706396284,NA,NA,NA,1
AKR1C3,3,0,0,0.982905767584036,NA,NA,NA,1
AUNIP,2,0,0,0.982905767584036,NA,NA,NA,1
C8orf76,2,0,0,0.982905767584036,NA,NA,NA,1
CASC4,5,0,0,0.982905767584036,NA,NA,NA,1
CISH,3,0,0,0.982905767584036,NA,NA,NA,1
CNIH2,3,0,0,0.982905767584036,NA,NA,NA,1
CNIH4,5,0,0,0.982905767584036,NA,NA,NA,1
DCAF4L1,2,0,0,0.982905767584036,NA,NA,NA,1
FAF2,6,0,0,0.982905767584036,NA,NA,NA,1
KCTD10,5,0,0,0.982905767584036,NA,NA,NA,1
LPCAT3,7,0,0,0.982905767584036,NA,NA,NA,1
LRRC3,4,0,0,0.982905767584036,NA,NA,NA,1
NQO2,4,0,0,0.982905767584036,NA,NA,NA,1
PAF1,4,0,0,0.982905767584036,NA,NA,NA,1
PDZD2,5,0,0,0.982905767584036,NA,NA,NA,1
PPM1K,3,0,0,0.982905767584036,NA,NA,NA,1
RAD9A,2,0,0,0.982905767584036,NA,NA,NA,1
RPL36A,3,0,0,0.982905767584036,NA,NA,NA,1
RRN3,4,0,0,0.982905767584036,NA,NA,NA,1
SLC15A4,3,0,0,0.982905767584036,NA,NA,NA,1
SPG7,4,0,0,0.982905767584036,NA,NA,NA,1
SPON2,2,0,0,0.982905767584036,NA,NA,NA,1
TACSTD2,4,0,0,0.982905767584036,NA,NA,NA,1
THAP3,2,0,0,0.982905767584036,NA,NA,NA,1
TMCO3,6,0,0,0.982905767584036,NA,NA,NA,1
WARS2,10,0,0,0.982905767584036,NA,NA,NA,1
CAPRIN2,2,0,0,0.982906330629328,NA,NA,NA,1
SAP130,3,0,0,0.982906330629328,NA,NA,NA,1
ZNF622,3,0,0,0.982906330629328,NA,NA,NA,1
SOD2,2,0,0,0.982929827074403,NA,NA,NA,1
FRAS1,2,0,0,0.982940489451607,NA,NA,NA,1
ZSCAN23,2,0,0,0.983071295014928,NA,NA,NA,1
ALMS1,5,0,0,0.983253561763629,NA,NA,NA,1
OAS3,4,0,0,0.983253561763629,NA,NA,NA,1
SLC25A18,2,0,0,0.983253561763629,NA,NA,NA,1
SNED1,4,0,0,0.983253561763629,NA,NA,NA,1
BCL7B,2,0,0,0.983286353372494,NA,NA,NA,1
CTSF,2,0,0,0.983286353372494,NA,NA,NA,1
ESRRA,3,0,0,0.983286353372494,NA,NA,NA,1
HNRNPL,7,0,0,0.983286353372494,NA,NA,NA,1
RABL2B,2,0,0,0.983286353372494,NA,NA,NA,1
SLC35G1,2,0,0,0.983286353372494,NA,NA,NA,1
SUSD6,3,0,0,0.983286353372494,NA,NA,NA,1
TMEM229B,2,0,0,0.983286353372494,NA,NA,NA,1
MSTN,2,0,0,0.983405246327495,NA,NA,NA,1
ZNF266,3,0,0,0.983405246327495,NA,NA,NA,1
HCFC1R1,2,0,0,0.983489970374932,NA,NA,NA,1
PAX8,3,0,0,0.983489970374932,NA,NA,NA,1
PLEKHG4,3,0,0,0.983489970374932,NA,NA,NA,1
SHC2,2,0,0,0.983586260628862,NA,NA,NA,1
FBXO5,5,0,0,0.983606737915692,NA,NA,NA,1
B3GNT2,3,0,0,0.983721500338123,NA,NA,NA,1
C1QTNF1,2,0,0,0.983721500338123,NA,NA,NA,1
CNR1,4,0,0,0.983721500338123,NA,NA,NA,1
FSBP,4,0,0,0.983721500338123,NA,NA,NA,1
PODXL,6,0,0,0.983721500338123,NA,NA,NA,1
MST1,3,0,0,0.98373445013997,NA,NA,NA,1
TPD52L1,4,0,0,0.983902928856296,NA,NA,NA,1
GALNT6,3,0,0,0.983995731405667,NA,NA,NA,1
SOX7,3,0,0,0.984000177670681,NA,NA,NA,1
NR2F1,3,0,0,0.984004784339568,NA,NA,NA,1
PSMD13,2,0,0,0.984004784339568,NA,NA,NA,1
CCP110,4,0,0,0.984086750060339,NA,NA,NA,1
MOSPD1,5,0,0,0.984086750060339,NA,NA,NA,1
SEMA6C,3,0,0,0.984086750060339,NA,NA,NA,1
CKMT1B,2,0,0,0.984161610639684,NA,NA,NA,1
FAM19A2,2,0,0,0.984220299802134,NA,NA,NA,1
CCND3,2,0,0,0.984295172242958,NA,NA,NA,1
ZDHHC13,4,0,0,0.984295172242958,NA,NA,NA,1
ZNF852,4,0,0,0.984295172242958,NA,NA,NA,1
MGAT2,10,0,0,0.984613139255257,NA,NA,NA,1
SVIL,5,0,0,0.984613139255257,NA,NA,NA,1
PCDHB4,4,0,0,0.984777823623151,NA,NA,NA,1
CASZ1,2,0,0,0.985076580767629,NA,NA,NA,1
FAM53C,6,0,0,0.985076580767629,NA,NA,NA,1
ZDHHC3,5,0,0,0.985076580767629,NA,NA,NA,1
AC022384.1,5,0,0,0.985108773980722,NA,NA,NA,1
FAM46A,6,0,0,0.985108773980722,NA,NA,NA,1
HIST3H2BB,6,0,0,0.985108773980722,NA,NA,NA,1
METAP1D,4,0,0,0.985108773980722,NA,NA,NA,1
NOG,2,0,0,0.985158008642766,NA,NA,NA,1
AP4B1,3,0,0,0.985163467187722,NA,NA,NA,1
CASP9,3,0,0,0.985163467187722,NA,NA,NA,1
CTRL,3,0,0,0.985184104479527,NA,NA,NA,1
KLHL31,3,0,0,0.985184104479527,NA,NA,NA,1
TBCC,2,0,0,0.985349598786071,NA,NA,NA,1
TSPAN4,2,0,0,0.985349598786071,NA,NA,NA,1
ARHGEF19,2,0,0,0.9853872393687,NA,NA,NA,1
CEP89,3,0,0,0.9853872393687,NA,NA,NA,1
MTFMT,3,0,0,0.9853872393687,NA,NA,NA,1
PDRG1,2,0,0,0.9853872393687,NA,NA,NA,1
ANOS1,2,0,0,0.985447190216988,NA,NA,NA,1
ARFGAP1,4,0,0,0.985447190216988,NA,NA,NA,1
C5orf38,2,0,0,0.985447190216988,NA,NA,NA,1
CDC42EP4,8,0,0,0.985447190216988,NA,NA,NA,1
EPB41,7,0,0,0.985447190216988,NA,NA,NA,1
FRAT1,5,0,0,0.985447190216988,NA,NA,NA,1
FUZ,2,0,0,0.985447190216988,NA,NA,NA,1
GAS7,5,0,0,0.985447190216988,NA,NA,NA,1
KLHL28,4,0,0,0.985447190216988,NA,NA,NA,1
MPV17L2,3,0,0,0.985447190216988,NA,NA,NA,1
MTCL1,2,0,0,0.985447190216988,NA,NA,NA,1
RHOU,4,0,0,0.985447190216988,NA,NA,NA,1
RPSA,3,0,0,0.985447190216988,NA,NA,NA,1
SMIM1,5,0,0,0.985447190216988,NA,NA,NA,1
TCF7,4,0,0,0.985447190216988,NA,NA,NA,1
CASP7,3,0,0,0.985565466997058,NA,NA,NA,1
CDC26,3,0,0,0.985565466997058,NA,NA,NA,1
CFAP53,2,0,0,0.985565466997058,NA,NA,NA,1
GALNT13,4,0,0,0.985565466997058,NA,NA,NA,1
MED1,9,0,0,0.985565466997058,NA,NA,NA,1
NDUFS4,2,0,0,0.985565466997058,NA,NA,NA,1
SOBP,2,0,0,0.985565466997058,NA,NA,NA,1
ZNF773,3,0,0,0.985565466997058,NA,NA,NA,1
FCRLB,3,0,0,0.985607931901207,NA,NA,NA,1
BCLAF3,6,0,0,0.985844308043774,NA,NA,NA,1
MCCC2,3,0,0,0.985844308043774,NA,NA,NA,1
SMCO4,3,0,0,0.985844308043774,NA,NA,NA,1
STK38,3,0,0,0.985844308043774,NA,NA,NA,1
TMEM189-UBE2V1,7,0,0,0.98586467371633,NA,NA,NA,1
SUMF1,3,0,0,0.985917928892768,NA,NA,NA,1
TPRG1,2,0,0,0.98602568846545,NA,NA,NA,1
GINS3,3,0,0,0.986056437850297,NA,NA,NA,1
CPEB2,3,0,0,0.986234208198182,NA,NA,NA,1
GREM2,2,0,0,0.986234208198182,NA,NA,NA,1
ZNF668,3,0,0,0.986234208198182,NA,NA,NA,1
BACH1,3,0,0,0.986277761184452,NA,NA,NA,1
DNASE1,3,0,0,0.986277761184452,NA,NA,NA,1
GMEB2,2,0,0,0.986277761184452,NA,NA,NA,1
HOXC10,2,0,0,0.986277761184452,NA,NA,NA,1
HYAL3,4,0,0,0.986277761184452,NA,NA,NA,1
MPND,4,0,0,0.986277761184452,NA,NA,NA,1
MRPL1,2,0,0,0.986277761184452,NA,NA,NA,1
PPIL6,4,0,0,0.986277761184452,NA,NA,NA,1
PTK7,2,0,0,0.986277761184452,NA,NA,NA,1
RND2,2,0,0,0.986277761184452,NA,NA,NA,1
TOX2,2,0,0,0.986277761184452,NA,NA,NA,1
TTC12,4,0,0,0.986277761184452,NA,NA,NA,1
UHRF2,5,0,0,0.986277761184452,NA,NA,NA,1
ZNF547,5,0,0,0.986277761184452,NA,NA,NA,1
ERBB3,4,0,0,0.986598230003726,NA,NA,NA,1
AGAP5,3,0,0,0.986733636096348,NA,NA,NA,1
AP4S1,5,0,0,0.986733636096348,NA,NA,NA,1
CDC20,4,0,0,0.986733636096348,NA,NA,NA,1
DAPP1,5,0,0,0.986733636096348,NA,NA,NA,1
EPM2A,3,0,0,0.986733636096348,NA,NA,NA,1
FUNDC1,3,0,0,0.986733636096348,NA,NA,NA,1
HERC5,2,0,0,0.986733636096348,NA,NA,NA,1
HYLS1,3,0,0,0.986733636096348,NA,NA,NA,1
MEA1,8,0,0,0.986733636096348,NA,NA,NA,1
MPHOSPH10,2,0,0,0.986733636096348,NA,NA,NA,1
NOTCH1,6,0,0,0.986733636096348,NA,NA,NA,1
PADI2,2,0,0,0.986733636096348,NA,NA,NA,1
RUSC1,4,0,0,0.986733636096348,NA,NA,NA,1
WDFY1,3,0,0,0.986733636096348,NA,NA,NA,1
TRMU,2,0,0,0.986760467940005,NA,NA,NA,1
ADAMTS4,2,0,0,0.986790708035744,NA,NA,NA,1
GPR75-ASB3,3,0,0,0.986790708035744,NA,NA,NA,1
POLR1C,7,0,0,0.986790708035744,NA,NA,NA,1
PSMD8,5,0,0,0.986790708035744,NA,NA,NA,1
ZNF337,3,0,0,0.986790708035744,NA,NA,NA,1
NLRP1,2,0,0,0.986968092707173,NA,NA,NA,1
HES4,2,0,0,0.987013995700906,NA,NA,NA,1
HIST1H2AL,5,0,0,0.987021716654787,NA,NA,NA,1
PLA2G4B,5,0,0,0.987021716654787,NA,NA,NA,1
TP73,2,0,0,0.987021716654787,NA,NA,NA,1
C15orf39,4,0,0,0.987098082335005,NA,NA,NA,1
ANKRD18A,4,0,0,0.987122356555119,NA,NA,NA,1
APH1B,3,0,0,0.987122356555119,NA,NA,NA,1
GTDC1,7,0,0,0.987122356555119,NA,NA,NA,1
PER3,3,0,0,0.987122356555119,NA,NA,NA,1
TES,5,0,0,0.987122356555119,NA,NA,NA,1
ULK3,4,0,0,0.987122356555119,NA,NA,NA,1
TAZ,2,0,0,0.987138918399465,NA,NA,NA,1
UBOX5,2,0,0,0.987138918399465,NA,NA,NA,1
XYLB,4,0,0,0.987449157605044,NA,NA,NA,1
DLL3,2,0,0,0.987572177394518,NA,NA,NA,1
FBXL19,5,0,0,0.987572177394518,NA,NA,NA,1
C4orf19,4,0,0,0.98763324719034,NA,NA,NA,1
BDH1,4,0,0,0.987738810732595,NA,NA,NA,1
FAM227B,2,0,0,0.987738810732595,NA,NA,NA,1
HLF,4,0,0,0.987738810732595,NA,NA,NA,1
KATNB1,3,0,0,0.987738810732595,NA,NA,NA,1
SPATA20,5,0,0,0.987738810732595,NA,NA,NA,1
KRTCAP2,2,0,0,0.987979266264124,NA,NA,NA,1
MTOR,2,0,0,0.987979266264124,NA,NA,NA,1
NUDT15,3,0,0,0.987979266264124,NA,NA,NA,1
WIPI1,6,0,0,0.987979266264124,NA,NA,NA,1
ZNF518B,4,0,0,0.987979266264124,NA,NA,NA,1
CYFIP1,2,0,0,0.988055008055346,NA,NA,NA,1
HOXB6,2,0,0,0.988055008055346,NA,NA,NA,1
JAZF1,2,0,0,0.988055008055346,NA,NA,NA,1
LMF1,2,0,0,0.988055008055346,NA,NA,NA,1
MFSD13A,5,0,0,0.988055008055346,NA,NA,NA,1
PRDM2,3,0,0,0.988055008055346,NA,NA,NA,1
SSBP4,3,0,0,0.988055008055346,NA,NA,NA,1
TNFAIP2,2,0,0,0.988055008055346,NA,NA,NA,1
TNFRSF19,2,0,0,0.988055008055346,NA,NA,NA,1
UBR1,3,0,0,0.988055008055346,NA,NA,NA,1
ATG4A,4,0,0,0.988118561950935,NA,NA,NA,1
SUOX,5,0,0,0.988122445836165,NA,NA,NA,1
RANBP10,3,0,0,0.988167846403967,NA,NA,NA,1
SPRED2,8,0,0,0.988167846403967,NA,NA,NA,1
RCN1,8,0,0,0.988176341452531,NA,NA,NA,1
PNPLA2,2,0,0,0.988318074093819,NA,NA,NA,1
MOXD1,4,0,0,0.988348697713357,NA,NA,NA,1
PLP2,3,0,0,0.988348697713357,NA,NA,NA,1
RUVBL2,4,0,0,0.988348697713357,NA,NA,NA,1
ARHGAP45,2,0,0,0.988522233971601,NA,NA,NA,1
B4GALNT4,2,0,0,0.988633766768453,NA,NA,NA,1
C1orf210,3,0,0,0.988633766768453,NA,NA,NA,1
EEF1AKMT3,2,0,0,0.988633766768453,NA,NA,NA,1
EIF6,2,0,0,0.988633766768453,NA,NA,NA,1
EPN1,7,0,0,0.988633766768453,NA,NA,NA,1
HIST1H4E,3,0,0,0.988633766768453,NA,NA,NA,1
IMMT,5,0,0,0.988633766768453,NA,NA,NA,1
SIRT2,2,0,0,0.988633766768453,NA,NA,NA,1
ST5,3,0,0,0.988633766768453,NA,NA,NA,1
SUGP1,5,0,0,0.988633766768453,NA,NA,NA,1
TSPYL2,2,0,0,0.988633766768453,NA,NA,NA,1
WNT2B,5,0,0,0.988633766768453,NA,NA,NA,1
AAED1,2,0,0,0.988698324206825,NA,NA,NA,1
ADGRF4,2,0,0,0.988698324206825,NA,NA,NA,1
ALDH1L2,7,0,0,0.988698324206825,NA,NA,NA,1
ATXN7L1,3,0,0,0.988698324206825,NA,NA,NA,1
BRAF,8,0,0,0.988698324206825,NA,NA,NA,1
CHODL,3,0,0,0.988698324206825,NA,NA,NA,1
COQ3,3,0,0,0.988698324206825,NA,NA,NA,1
DMRTA1,3,0,0,0.988698324206825,NA,NA,NA,1
DNAAF5,2,0,0,0.988698324206825,NA,NA,NA,1
FOXQ1,2,0,0,0.988698324206825,NA,NA,NA,1
GCA,6,0,0,0.988698324206825,NA,NA,NA,1
GSTP1,3,0,0,0.988698324206825,NA,NA,NA,1
LYSMD1,5,0,0,0.988698324206825,NA,NA,NA,1
MAP7D1,3,0,0,0.988698324206825,NA,NA,NA,1
METTL3,2,0,0,0.988698324206825,NA,NA,NA,1
MPP2,2,0,0,0.988698324206825,NA,NA,NA,1
NUDT1,2,0,0,0.988698324206825,NA,NA,NA,1
RAVER1,2,0,0,0.988698324206825,NA,NA,NA,1
RFC1,6,0,0,0.988698324206825,NA,NA,NA,1
SMARCAL1,2,0,0,0.988698324206825,NA,NA,NA,1
SYCE2,2,0,0,0.988698324206825,NA,NA,NA,1
TEF,2,0,0,0.988698324206825,NA,NA,NA,1
TNFSF10,2,0,0,0.988698324206825,NA,NA,NA,1
TOM1L2,3,0,0,0.988698324206825,NA,NA,NA,1
TSNAX,4,0,0,0.988698324206825,NA,NA,NA,1
WNT5A,8,0,0,0.988698324206825,NA,NA,NA,1
ZNF432,4,0,0,0.988698324206825,NA,NA,NA,1
ZNF438,2,0,0,0.988698324206825,NA,NA,NA,1
ECI2,4,0,0,0.988788201347782,NA,NA,NA,1
NRIP3,4,0,0,0.988859348847401,NA,NA,NA,1
C11orf52,3,0,0,0.989077867207599,NA,NA,NA,1
MMP14,5,0,0,0.989077867207599,NA,NA,NA,1
RHPN2,6,0,0,0.989077867207599,NA,NA,NA,1
ZBTB33,5,0,0,0.989077867207599,NA,NA,NA,1
ZFYVE21,4,0,0,0.989077867207599,NA,NA,NA,1
ACAD10,4,0,0,0.989198225077968,NA,NA,NA,1
PRMT7,4,0,0,0.989198225077968,NA,NA,NA,1
CDC14A,3,0,0,0.989368998498701,NA,NA,NA,1
CHMP4B,3,0,0,0.989368998498701,NA,NA,NA,1
KLHL38,2,0,0,0.989368998498701,NA,NA,NA,1
GEMIN7,3,0,0,0.989477415400619,NA,NA,NA,1
MMP28,2,0,0,0.989503051325741,NA,NA,NA,1
PBLD,2,0,0,0.989503051325741,NA,NA,NA,1
DNAJC7,6,0,0,0.989591837180829,NA,NA,NA,1
NT5C3A,5,0,0,0.989876395304512,NA,NA,NA,1
SLC15A2,4,0,0,0.989904609472784,NA,NA,NA,1
LPCAT4,3,0,0,0.989909781782874,NA,NA,NA,1
PRC1,3,0,0,0.990022541854111,NA,NA,NA,1
DOK1,2,0,0,0.99004418588108,NA,NA,NA,1
ASTN2,6,0,0,0.990131611577291,NA,NA,NA,1
MBD1,3,0,0,0.990131611577291,NA,NA,NA,1
NHSL1,4,0,0,0.990131611577291,NA,NA,NA,1
PAQR8,8,0,0,0.990131611577291,NA,NA,NA,1
PRDM12,2,0,0,0.990131611577291,NA,NA,NA,1
SH3BP5L,3,0,0,0.990131611577291,NA,NA,NA,1
ZNF512,6,0,0,0.990131611577291,NA,NA,NA,1
ALKBH7,3,0,0,0.99017324082304,NA,NA,NA,1
NPAS3,2,0,0,0.99017324082304,NA,NA,NA,1
PPP1R8,3,0,0,0.99017324082304,NA,NA,NA,1
UNC5B,7,0,0,0.99017324082304,NA,NA,NA,1
CCDC97,3,0,0,0.990299841528826,NA,NA,NA,1
MAP7D3,2,0,0,0.990299841528826,NA,NA,NA,1
PECR,6,0,0,0.990299841528826,NA,NA,NA,1
PGLS,3,0,0,0.990299841528826,NA,NA,NA,1
SF3A2,2,0,0,0.990382894043669,NA,NA,NA,1
TMEM208,2,0,0,0.990421391689516,NA,NA,NA,1
BCL7A,4,0,0,0.990551936401038,NA,NA,NA,1
GAD1,2,0,0,0.990551936401038,NA,NA,NA,1
POLRMT,3,0,0,0.990551936401038,NA,NA,NA,1
AACS,4,0,0,0.99070783391626,NA,NA,NA,1
ALG8,6,0,0,0.99070783391626,NA,NA,NA,1
BEST4,2,0,0,0.99070783391626,NA,NA,NA,1
BRAT1,2,0,0,0.99070783391626,NA,NA,NA,1
CATSPER2,2,0,0,0.99070783391626,NA,NA,NA,1
CCDC138,2,0,0,0.99070783391626,NA,NA,NA,1
CCDC88C,3,0,0,0.99070783391626,NA,NA,NA,1
COPZ2,2,0,0,0.99070783391626,NA,NA,NA,1
DAPK1,4,0,0,0.99070783391626,NA,NA,NA,1
DZIP1L,3,0,0,0.99070783391626,NA,NA,NA,1
EFNA4,3,0,0,0.99070783391626,NA,NA,NA,1
EIF1AD,6,0,0,0.99070783391626,NA,NA,NA,1
FAM78B,3,0,0,0.99070783391626,NA,NA,NA,1
FBF1,3,0,0,0.99070783391626,NA,NA,NA,1
GABRQ,2,0,0,0.99070783391626,NA,NA,NA,1
GPX7,3,0,0,0.99070783391626,NA,NA,NA,1
HNRNPA1L2,6,0,0,0.99070783391626,NA,NA,NA,1
HOXC9,3,0,0,0.99070783391626,NA,NA,NA,1
IL4R,2,0,0,0.99070783391626,NA,NA,NA,1
MAPKAP1,3,0,0,0.99070783391626,NA,NA,NA,1
MYLK,2,0,0,0.99070783391626,NA,NA,NA,1
NFIL3,3,0,0,0.99070783391626,NA,NA,NA,1
NFX1,6,0,0,0.99070783391626,NA,NA,NA,1
PIM3,3,0,0,0.99070783391626,NA,NA,NA,1
PKIG,3,0,0,0.99070783391626,NA,NA,NA,1
PPP6R2,3,0,0,0.99070783391626,NA,NA,NA,1
PRICKLE3,8,0,0,0.99070783391626,NA,NA,NA,1
PSMD14,3,0,0,0.99070783391626,NA,NA,NA,1
RECQL5,2,0,0,0.99070783391626,NA,NA,NA,1
RELL1,4,0,0,0.99070783391626,NA,NA,NA,1
RNPEP,3,0,0,0.99070783391626,NA,NA,NA,1
RTL8C,7,0,0,0.99070783391626,NA,NA,NA,1
SLC25A20,2,0,0,0.99070783391626,NA,NA,NA,1
SMOX,2,0,0,0.99070783391626,NA,NA,NA,1
SOX18,3,0,0,0.99070783391626,NA,NA,NA,1
TBX3,9,0,0,0.99070783391626,NA,NA,NA,1
TSPO,2,0,0,0.99070783391626,NA,NA,NA,1
ATG3,4,0,0,0.990752940422459,NA,NA,NA,1
SIAE,3,0,0,0.990752940422459,NA,NA,NA,1
SNUPN,3,0,0,0.990752940422459,NA,NA,NA,1
HIP1R,6,0,0,0.990763576679175,NA,NA,NA,1
SAMD9L,2,0,0,0.990940635028196,NA,NA,NA,1
BCO2,5,0,0,0.991034540594217,NA,NA,NA,1
CACNG7,3,0,0,0.991034540594217,NA,NA,NA,1
CASP8AP2,2,0,0,0.991034540594217,NA,NA,NA,1
CCDC146,2,0,0,0.991034540594217,NA,NA,NA,1
CPSF3,4,0,0,0.991034540594217,NA,NA,NA,1
CTSH,2,0,0,0.991034540594217,NA,NA,NA,1
DEDD2,4,0,0,0.991034540594217,NA,NA,NA,1
DHX32,2,0,0,0.991034540594217,NA,NA,NA,1
LRRC37B,2,0,0,0.991034540594217,NA,NA,NA,1
MAMLD1,3,0,0,0.991034540594217,NA,NA,NA,1
MAP3K8,2,0,0,0.991034540594217,NA,NA,NA,1
PID1,2,0,0,0.991034540594217,NA,NA,NA,1
POLR2C,4,0,0,0.991034540594217,NA,NA,NA,1
PPFIA2,2,0,0,0.991034540594217,NA,NA,NA,1
RPS6KA5,8,0,0,0.991034540594217,NA,NA,NA,1
RRAGD,3,0,0,0.991034540594217,NA,NA,NA,1
SAE1,2,0,0,0.991034540594217,NA,NA,NA,1
SYTL3,3,0,0,0.991034540594217,NA,NA,NA,1
CCDC112,2,0,0,0.991071176233919,NA,NA,NA,1
PSMG1,7,0,0,0.991079794532526,NA,NA,NA,1
LDB1,4,0,0,0.991192200933924,NA,NA,NA,1
EPN3,4,0,0,0.991205207262081,NA,NA,NA,1
ITPA,2,0,0,0.991231628767411,NA,NA,NA,1
OVOL1,2,0,0,0.991231628767411,NA,NA,NA,1
TSLP,2,0,0,0.991231628767411,NA,NA,NA,1
SKIDA1,3,0,0,0.991356806200878,NA,NA,NA,1
SLC26A11,2,0,0,0.991356806200878,NA,NA,NA,1
UBXN1,2,0,0,0.991356806200878,NA,NA,NA,1
HPS4,2,0,0,0.991547850261619,NA,NA,NA,1
TOB1,4,0,0,0.991547850261619,NA,NA,NA,1
ZNF765-ZNF761,2,0,0,0.991547850261619,NA,NA,NA,1
SLC25A29,3,0,0,0.991575524097544,NA,NA,NA,1
C7orf31,4,0,0,0.991630139933404,NA,NA,NA,1
GNAL,4,0,0,0.991630139933404,NA,NA,NA,1
DESI2,5,0,0,0.991685805303033,NA,NA,NA,1
ACCS,4,0,0,0.991711815894207,NA,NA,NA,1
FAHD2A,4,0,0,0.991763659672289,NA,NA,NA,1
CHEK2,2,0,0,0.991789979683476,NA,NA,NA,1
ELMO3,2,0,0,0.991996770763876,NA,NA,NA,1
KAZALD1,2,0,0,0.991996770763876,NA,NA,NA,1
FASTKD3,2,0,0,0.992039220816811,NA,NA,NA,1
SH2B1,2,0,0,0.992183326460914,NA,NA,NA,1
HECW1,2,0,0,0.992504625592294,NA,NA,NA,1
SCARB1,3,0,0,0.992504625592294,NA,NA,NA,1
L3MBTL3,2,0,0,0.992541933877852,NA,NA,NA,1
RIC8B,2,0,0,0.992544075926562,NA,NA,NA,1
AARS,2,0,0,0.992646774973309,NA,NA,NA,1
C7orf49,5,0,0,0.992646774973309,NA,NA,NA,1
MAP3K5,3,0,0,0.992646774973309,NA,NA,NA,1
TET2,2,0,0,0.992723423272948,NA,NA,NA,1
QTRT1,7,0,0,0.992822804072554,NA,NA,NA,1
CBLC,6,0,0,0.992995886048798,NA,NA,NA,1
COQ6,2,0,0,0.992995886048798,NA,NA,NA,1
FGFR1OP2,5,0,0,0.992995886048798,NA,NA,NA,1
GLIS3,5,0,0,0.992995886048798,NA,NA,NA,1
IFITM10,2,0,0,0.992995886048798,NA,NA,NA,1
NELFCD,10,0,0,0.992995886048798,NA,NA,NA,1
RFX1,3,0,0,0.992995886048798,NA,NA,NA,1
TRIM28,4,0,0,0.992995886048798,NA,NA,NA,1
ZBTB34,5,0,0,0.992995886048798,NA,NA,NA,1
ZNF585A,3,0,0,0.992995886048798,NA,NA,NA,1
TBC1D8B,5,0,0,0.993328019236582,NA,NA,NA,1
MPC1,3,0,0,0.99333549974529,NA,NA,NA,1
C12orf76,4,0,0,0.993357888032992,NA,NA,NA,1
PLEKHN1,3,0,0,0.993606098028236,NA,NA,NA,1
RP2,2,0,0,0.993606098028236,NA,NA,NA,1
HOXA11,2,0,0,0.993660093903289,NA,NA,NA,1
ZNF404,2,0,0,0.993831576705512,NA,NA,NA,1
SLC2A9,2,0,0,0.993848504017593,NA,NA,NA,1
TMEM35B,4,0,0,0.993848504017593,NA,NA,NA,1
CENPJ,2,0,0,0.9940332050102,NA,NA,NA,1
ADAMTSL5,5,0,0,0.994076239345735,NA,NA,NA,1
NDUFV2,2,0,0,0.994076239345735,NA,NA,NA,1
STARD3,3,0,0,0.994076239345735,NA,NA,NA,1
PRKCE,5,0,0,0.994137773590635,NA,NA,NA,1
TTYH2,2,0,0,0.994137773590635,NA,NA,NA,1
CDK5,4,0,0,0.994191455316929,NA,NA,NA,1
KDELR3,6,0,0,0.994191455316929,NA,NA,NA,1
TPST1,3,0,0,0.994308153757965,NA,NA,NA,1
DEF6,2,0,0,0.994400423792302,NA,NA,NA,1
ENPP4,6,0,0,0.994498137466922,NA,NA,NA,1
TMEM59,8,0,0,0.99486888544995,NA,NA,NA,1
CPNE2,2,0,0,0.9949529017071,NA,NA,NA,1
ATP23,2,0,0,0.995029631447528,NA,NA,NA,1
C9orf78,5,0,0,0.995029631447528,NA,NA,NA,1
CARD14,3,0,0,0.995029631447528,NA,NA,NA,1
PDIA4,7,0,0,0.995029631447528,NA,NA,NA,1
RPS3,5,0,0,0.995029631447528,NA,NA,NA,1
ZFYVE1,5,0,0,0.995029631447528,NA,NA,NA,1
ARHGEF1,2,0,0,0.995030759496078,NA,NA,NA,1
ATP8A1,5,0,0,0.995030759496078,NA,NA,NA,1
ELOVL7,5,0,0,0.995030759496078,NA,NA,NA,1
PFKFB1,2,0,0,0.995030759496078,NA,NA,NA,1
GRAMD1A,2,0,0,0.995041851050771,NA,NA,NA,1
MRPL44,2,0,0,0.995111658805546,NA,NA,NA,1
CCDC107,3,0,0,0.995184173398375,NA,NA,NA,1
CHERP,5,0,0,0.995442629974596,NA,NA,NA,1
FKRP,5,0,0,0.995442629974596,NA,NA,NA,1
MAST3,5,0,0,0.995442629974596,NA,NA,NA,1
PRCC,3,0,0,0.995442629974596,NA,NA,NA,1
PRDM1,4,0,0,0.995442629974596,NA,NA,NA,1
PRKDC,3,0,0,0.995442629974596,NA,NA,NA,1
TSTD2,2,0,0,0.995442629974596,NA,NA,NA,1
MMP16,9,0,0,0.995467821572552,NA,NA,NA,1
DHX35,2,0,0,0.995553135011207,NA,NA,NA,1
HIST1H3G,6,0,0,0.99596904474984,NA,NA,NA,1
KLHL21,6,0,0,0.996013885883051,NA,NA,NA,1
C8orf34,2,0,0,0.996030393478262,NA,NA,NA,1
CDYL2,5,0,0,0.996030393478262,NA,NA,NA,1
CEBPB,5,0,0,0.996030393478262,NA,NA,NA,1
CEP44,6,0,0,0.996030393478262,NA,NA,NA,1
CHD3,2,0,0,0.996030393478262,NA,NA,NA,1
CTTN,2,0,0,0.996030393478262,NA,NA,NA,1
DPF2,7,0,0,0.996030393478262,NA,NA,NA,1
EXOC6,2,0,0,0.996030393478262,NA,NA,NA,1
MCRS1,2,0,0,0.996030393478262,NA,NA,NA,1
MON1B,2,0,0,0.996030393478262,NA,NA,NA,1
MRPS2,2,0,0,0.996030393478262,NA,NA,NA,1
MTCP1,2,0,0,0.996030393478262,NA,NA,NA,1
PIAS4,2,0,0,0.996030393478262,NA,NA,NA,1
PIKFYVE,7,0,0,0.996030393478262,NA,NA,NA,1
RAB3A,4,0,0,0.996030393478262,NA,NA,NA,1
RDH5,3,0,0,0.996030393478262,NA,NA,NA,1
RELB,2,0,0,0.996030393478262,NA,NA,NA,1
SLC2A14,2,0,0,0.996030393478262,NA,NA,NA,1
SNPH,2,0,0,0.996030393478262,NA,NA,NA,1
SNTB1,3,0,0,0.996030393478262,NA,NA,NA,1
SOCS1,3,0,0,0.996030393478262,NA,NA,NA,1
ZNF687,4,0,0,0.996030393478262,NA,NA,NA,1
C5,2,0,0,0.99603558815741,NA,NA,NA,1
CCDC18,3,0,0,0.99603558815741,NA,NA,NA,1
GJA1,3,0,0,0.99603558815741,NA,NA,NA,1
KIAA0319L,2,0,0,0.99603558815741,NA,NA,NA,1
KMT5A,4,0,0,0.99603558815741,NA,NA,NA,1
SLC6A8,2,0,0,0.99603558815741,NA,NA,NA,1
STK35,3,0,0,0.99603558815741,NA,NA,NA,1
STOML1,3,0,0,0.99603558815741,NA,NA,NA,1
TSEN2,5,0,0,0.99603558815741,NA,NA,NA,1
CCDC87,2,0,0,0.996194686472898,NA,NA,NA,1
UBE2D4,6,0,0,0.996320311841316,NA,NA,NA,1
DPCD,4,0,0,0.996333745225238,NA,NA,NA,1
PPP2R2C,3,0,0,0.996407365510431,NA,NA,NA,1
ZNF44,2,0,0,0.996407365510431,NA,NA,NA,1
ZNF600,2,0,0,0.996407365510431,NA,NA,NA,1
CA11,2,0,0,0.99648490068304,NA,NA,NA,1
SCN8A,2,0,0,0.99648490068304,NA,NA,NA,1
SLC25A13,2,0,0,0.99648490068304,NA,NA,NA,1
DGKA,3,0,0,0.996491641624814,NA,NA,NA,1
PARP2,2,0,0,0.996491641624814,NA,NA,NA,1
CNTNAP1,3,0,0,0.996538451235168,NA,NA,NA,1
PAPLN,2,0,0,0.996538451235168,NA,NA,NA,1
DSP,3,0,0,0.996702526778438,NA,NA,NA,1
RNASET2,7,0,0,0.996724576751313,NA,NA,NA,1
ABL1,4,0,0,0.996911445090598,NA,NA,NA,1
ANAPC1,3,0,0,0.996911445090598,NA,NA,NA,1
ATXN7L3,4,0,0,0.996911445090598,NA,NA,NA,1
BEND3,4,0,0,0.996911445090598,NA,NA,NA,1
CHKA,2,0,0,0.996911445090598,NA,NA,NA,1
EPS8L1,5,0,0,0.996911445090598,NA,NA,NA,1
MGAT5,4,0,0,0.996911445090598,NA,NA,NA,1
MMD,2,0,0,0.996911445090598,NA,NA,NA,1
PCMT1,6,0,0,0.996911445090598,NA,NA,NA,1
PI15,3,0,0,0.996911445090598,NA,NA,NA,1
RAB32,4,0,0,0.996911445090598,NA,NA,NA,1
RNF219,2,0,0,0.996911445090598,NA,NA,NA,1
RPL27,3,0,0,0.996911445090598,NA,NA,NA,1
THAP12,3,0,0,0.996911445090598,NA,NA,NA,1
THNSL2,2,0,0,0.996911445090598,NA,NA,NA,1
TVP23C-CDRT4,3,0,0,0.996911445090598,NA,NA,NA,1
UGGT2,3,0,0,0.996911445090598,NA,NA,NA,1
TMEM102,2,0,0,0.996943797272822,NA,NA,NA,1
SPINK5,3,0,0,0.996948732300074,NA,NA,NA,1
TRMT2A,4,0,0,0.996948732300074,NA,NA,NA,1
DENND3,4,0,0,0.996991429149015,NA,NA,NA,1
TRRAP,3,0,0,0.996995169911517,NA,NA,NA,1
IWS1,5,0,0,0.997014156598257,NA,NA,NA,1
HPRT1,12,0,0,0.997030063093921,NA,NA,NA,1
PGAP2,3,0,0,0.997158104320719,NA,NA,NA,1
NDUFA1,2,0,0,0.99724436249914,NA,NA,NA,1
PLAU,2,0,0,0.99733151339243,NA,NA,NA,1
SMAP1,8,0,0,0.99733151339243,NA,NA,NA,1
PARS2,3,0,0,0.997402899809299,NA,NA,NA,1
APAF1,6,0,0,0.997430024042474,NA,NA,NA,1
C12orf66,3,0,0,0.997430024042474,NA,NA,NA,1
FAM46B,2,0,0,0.997430024042474,NA,NA,NA,1
MCM7,4,0,0,0.997430024042474,NA,NA,NA,1
PLOD3,2,0,0,0.997430024042474,NA,NA,NA,1
PNKD,2,0,0,0.997471626728127,NA,NA,NA,1
PRKACA,2,0,0,0.997471626728127,NA,NA,NA,1
CES3,2,0,0,0.997614957660297,NA,NA,NA,1
C11orf68,2,0,0,0.997639845995651,NA,NA,NA,1
EAPP,3,0,0,0.997639845995651,NA,NA,NA,1
FANCD2,2,0,0,0.997639845995651,NA,NA,NA,1
HSPA6,2,0,0,0.997639845995651,NA,NA,NA,1
KIAA0895,4,0,0,0.997639845995651,NA,NA,NA,1
RASSF4,2,0,0,0.997639845995651,NA,NA,NA,1
SLC1A1,3,0,0,0.997639845995651,NA,NA,NA,1
TRAPPC3,2,0,0,0.997639845995651,NA,NA,NA,1
CCDC84,2,0,0,0.997740037986737,NA,NA,NA,1
CFDP1,5,0,0,0.997740037986737,NA,NA,NA,1
CUL7,2,0,0,0.997740037986737,NA,NA,NA,1
FBXL6,2,0,0,0.997740037986737,NA,NA,NA,1
GLCE,5,0,0,0.997740037986737,NA,NA,NA,1
GTF2E2,7,0,0,0.997740037986737,NA,NA,NA,1
HOXB5,2,0,0,0.997740037986737,NA,NA,NA,1
HSPA8,3,0,0,0.997740037986737,NA,NA,NA,1
LNX2,4,0,0,0.997740037986737,NA,NA,NA,1
MAPK8IP2,2,0,0,0.997740037986737,NA,NA,NA,1
PILRB,5,0,0,0.997740037986737,NA,NA,NA,1
POLE,4,0,0,0.997740037986737,NA,NA,NA,1
PREX2,3,0,0,0.997740037986737,NA,NA,NA,1
RLN2,3,0,0,0.997740037986737,NA,NA,NA,1
RPL36A-HNRNPH2,4,0,0,0.997740037986737,NA,NA,NA,1
SERTAD4,3,0,0,0.997740037986737,NA,NA,NA,1
TBCE,4,0,0,0.997740037986737,NA,NA,NA,1
TBX18,4,0,0,0.997740037986737,NA,NA,NA,1
TBX2,5,0,0,0.997740037986737,NA,NA,NA,1
TBXA2R,3,0,0,0.997740037986737,NA,NA,NA,1
TRIM36,4,0,0,0.997740037986737,NA,NA,NA,1
TRMT11,3,0,0,0.997740037986737,NA,NA,NA,1
COG6,2,0,0,0.997772114048015,NA,NA,NA,1
ANKRA2,3,0,0,0.997834787663586,NA,NA,NA,1
ZFP41,4,0,0,0.997834787663586,NA,NA,NA,1
ZSWIM1,2,0,0,0.997834787663586,NA,NA,NA,1
GDPD1,5,0,0,0.997855261745842,NA,NA,NA,1
DDX39A,2,0,0,0.99785894535047,NA,NA,NA,1
ZG16B,3,0,0,0.997867034121116,NA,NA,NA,1
NAIF1,3,0,0,0.997978915950009,NA,NA,NA,1
AIFM2,6,0,0,0.998116944700655,NA,NA,NA,1
TTC7B,4,0,0,0.998116944700655,NA,NA,NA,1
THOC5,7,0,0,0.998191265643998,NA,NA,NA,1
UBAP1,5,0,0,0.998395510629598,NA,NA,NA,1
ACPP,2,0,0,0.998417268332478,NA,NA,NA,1
C20orf196,2,0,0,0.998417268332478,NA,NA,NA,1
HIRA,3,0,0,0.998417268332478,NA,NA,NA,1
HYKK,4,0,0,0.998417268332478,NA,NA,NA,1
IARS,5,0,0,0.998417268332478,NA,NA,NA,1
LOC730098,2,0,0,0.998417268332478,NA,NA,NA,1
MGEA5,8,0,0,0.998417268332478,NA,NA,NA,1
MTG2,6,0,0,0.998417268332478,NA,NA,NA,1
PCTP,2,0,0,0.998417268332478,NA,NA,NA,1
SIAH2,2,0,0,0.998417268332478,NA,NA,NA,1
TIMP1,2,0,0,0.998417268332478,NA,NA,NA,1
URGCP-MRPS24,3,0,0,0.998417268332478,NA,NA,NA,1
WTAP,3,0,0,0.998417268332478,NA,NA,NA,1
ZCWPW1,2,0,0,0.998417268332478,NA,NA,NA,1
ABCA12,2,0,0,0.998445490901807,NA,NA,NA,1
ABTB1,3,0,0,0.998445490901807,NA,NA,NA,1
ARPC4,2,0,0,0.998445490901807,NA,NA,NA,1
BAHCC1,6,0,0,0.998445490901807,NA,NA,NA,1
BOK,6,0,0,0.998445490901807,NA,NA,NA,1
C1orf53,2,0,0,0.998445490901807,NA,NA,NA,1
CACNB1,4,0,0,0.998445490901807,NA,NA,NA,1
CBR1,5,0,0,0.998445490901807,NA,NA,NA,1
CENPE,5,0,0,0.998445490901807,NA,NA,NA,1
CFAP20,2,0,0,0.998445490901807,NA,NA,NA,1
CYP39A1,3,0,0,0.998445490901807,NA,NA,NA,1
DDX56,4,0,0,0.998445490901807,NA,NA,NA,1
EAF2,2,0,0,0.998445490901807,NA,NA,NA,1
ECM1,3,0,0,0.998445490901807,NA,NA,NA,1
EDARADD,4,0,0,0.998445490901807,NA,NA,NA,1
EGR3,3,0,0,0.998445490901807,NA,NA,NA,1
GPR27,2,0,0,0.998445490901807,NA,NA,NA,1
KDM4D,2,0,0,0.998445490901807,NA,NA,NA,1
LOC100130705,2,0,0,0.998445490901807,NA,NA,NA,1
LRFN1,2,0,0,0.998445490901807,NA,NA,NA,1
MAP2K1,3,0,0,0.998445490901807,NA,NA,NA,1
MET,5,0,0,0.998445490901807,NA,NA,NA,1
NUBP2,2,0,0,0.998445490901807,NA,NA,NA,1
POLR2H,4,0,0,0.998445490901807,NA,NA,NA,1
RAB9A,11,0,0,0.998445490901807,NA,NA,NA,1
RASA2,4,0,0,0.998445490901807,NA,NA,NA,1
RBMX,6,0,0,0.998445490901807,NA,NA,NA,1
RPL7A,3,0,0,0.998445490901807,NA,NA,NA,1
TP53INP1,4,0,0,0.998445490901807,NA,NA,NA,1
WNT9A,2,0,0,0.998445490901807,NA,NA,NA,1
BNIPL,2,0,0,0.99857768571534,NA,NA,NA,1
HMGA1,5,0,0,0.99857768571534,NA,NA,NA,1
POSTN,2,0,0,0.99857768571534,NA,NA,NA,1
BST1,2,0,0,0.999001772498063,NA,NA,NA,1
GPRC5A,7,0,0,0.999001772498063,NA,NA,NA,1
IQCD,3,0,0,0.999001772498063,NA,NA,NA,1
MIPEP,2,0,0,0.999001772498063,NA,NA,NA,1
ANKMY1,5,0,0,0.999126417749176,NA,NA,NA,1
CEACAM1,2,0,0,0.999126417749176,NA,NA,NA,1
CNOT10,3,0,0,0.999126417749176,NA,NA,NA,1
DDX10,3,0,0,0.999126417749176,NA,NA,NA,1
MGRN1,3,0,0,0.999126417749176,NA,NA,NA,1
SFSWAP,2,0,0,0.999126417749176,NA,NA,NA,1
FGF12,3,0,0,0.999136492195513,NA,NA,NA,1
SALL4,2,0,0,0.999174692160328,NA,NA,NA,1
SEC11A,6,0,0,0.999174692160328,NA,NA,NA,1
SGCE,2,0,0,0.999250199154886,NA,NA,NA,1
BRD9,9,0,0,0.999581864531101,NA,NA,NA,1
CEP112,2,0,0,0.999581864531101,NA,NA,NA,1
CNOT4,2,0,0,0.999581864531101,NA,NA,NA,1
DENND1A,2,0,0,0.999581864531101,NA,NA,NA,1
ERCC4,3,0,0,0.999581864531101,NA,NA,NA,1
MICU2,2,0,0,0.999581864531101,NA,NA,NA,1
MINOS1,2,0,0,0.999581864531101,NA,NA,NA,1
NLGN2,3,0,0,0.999581864531101,NA,NA,NA,1
OASL,4,0,0,0.999581864531101,NA,NA,NA,1
PRRC2C,4,0,0,0.999581864531101,NA,NA,NA,1
RMI1,4,0,0,0.999581864531101,NA,NA,NA,1
SERINC2,2,0,0,0.999581864531101,NA,NA,NA,1
SQOR,3,0,0,0.999581864531101,NA,NA,NA,1
TMEM106C,3,0,0,0.999581864531101,NA,NA,NA,1
TRPT1,4,0,0,0.999581864531101,NA,NA,NA,1
ZFYVE27,2,0,0,0.999581864531101,NA,NA,NA,1
RBFOX2,3,0,0,0.999650628062092,NA,NA,NA,1
ZNF664,6,0,0,0.999650628062092,NA,NA,NA,1
TRIT1,3,0,0,0.999654386656145,NA,NA,NA,1
ZNF550,5,0,0,0.999654386656145,NA,NA,NA,1
DOCK8,2,0,0,0.999727695692208,NA,NA,NA,1
MEX3B,2,0,0,0.999727695692208,NA,NA,NA,1
XPNPEP1,2,0,0,0.999727695692208,NA,NA,NA,1
KIAA0556,2,0,0,0.999764849247817,NA,NA,NA,1
HERC1,2,0,0,0.999765230167595,NA,NA,NA,1
SARS2,2,0,0,0.999765230167595,NA,NA,NA,1
VAV3,4,0,0,0.999765230167595,NA,NA,NA,1
NDUFB2,2,0,0,0.999851677349177,NA,NA,NA,1
NRG2,4,0,0,0.999851879822214,NA,NA,NA,1
PPCDC,2,0,0,0.999851879822214,NA,NA,NA,1
NMT1,3,0,0,0.999871391708414,NA,NA,NA,1
KIAA1614,5,0,0,0.999872054352143,NA,NA,NA,1
BTBD6,4,0,0,0.999930415034606,NA,NA,NA,1
H2AFX,7,0,0,0.999930415034606,NA,NA,NA,1
MTA2,4,0,0,0.999930415034606,NA,NA,NA,1
NMRK1,4,0,0,0.999930415034606,NA,NA,NA,1
SOX6,4,0,0,0.999930415034606,NA,NA,NA,1
WFS1,2,0,0,0.999949776870137,NA,NA,NA,1
AAK1,16,0,0,1,NA,NA,NA,1
ACACB,2,0,0,1,NA,NA,NA,1
ACKR1,2,0,0,1,NA,NA,NA,1
ADAM22,3,0,0,1,NA,NA,NA,1
ADAMTSL4,3,0,0,1,NA,NA,NA,1
ADGRB2,2,0,0,1,NA,NA,NA,1
ADM2,2,0,0,1,NA,NA,NA,1
ALDH18A1,3,0,0,1,NA,NA,NA,1
ALDOC,2,0,0,1,NA,NA,NA,1
ALOX5AP,2,0,0,1,NA,NA,NA,1
ALPK3,2,0,0,1,NA,NA,NA,1
ANKDD1A,2,0,0,1,NA,NA,NA,1
ANKRD13A,3,0,0,1,NA,NA,NA,1
ANKRD13B,2,0,0,1,NA,NA,NA,1
ANKRD44,2,0,0,1,NA,NA,NA,1
ANKRD6,4,0,0,1,NA,NA,NA,1
APLN,3,0,0,1,NA,NA,NA,1
AQP3,2,0,0,1,NA,NA,NA,1
ARHGEF16,2,0,0,1,NA,NA,NA,1
ARSD,5,0,0,1,NA,NA,NA,1
ARSI,2,0,0,1,NA,NA,NA,1
ATG14,7,0,0,1,NA,NA,NA,1
ATG16L1,2,0,0,1,NA,NA,NA,1
ATP8B1,3,0,0,1,NA,NA,NA,1
BAIAP2,2,0,0,1,NA,NA,NA,1
BDKRB1,2,0,0,1,NA,NA,NA,1
BMF,4,0,0,1,NA,NA,NA,1
BSCL2,3,0,0,1,NA,NA,NA,1
C15orf61,2,0,0,1,NA,NA,NA,1
C16orf95,2,0,0,1,NA,NA,NA,1
C19orf25,2,0,0,1,NA,NA,NA,1
C19orf70,3,0,0,1,NA,NA,NA,1
C1orf115,3,0,0,1,NA,NA,NA,1
CALHM6,2,0,0,1,NA,NA,NA,1
CAVIN4,3,0,0,1,NA,NA,NA,1
CBY3,2,0,0,1,NA,NA,NA,1
CCDC102A,2,0,0,1,NA,NA,NA,1
CCDC69,4,0,0,1,NA,NA,NA,1
CCM2,3,0,0,1,NA,NA,NA,1
CD99L2,4,0,0,1,NA,NA,NA,1
CDC25C,2,0,0,1,NA,NA,NA,1
CDC40,3,0,0,1,NA,NA,NA,1
CEACAM19,3,0,0,1,NA,NA,NA,1
CHAC1,2,0,0,1,NA,NA,NA,1
CHMP1A,4,0,0,1,NA,NA,NA,1
CLIP2,3,0,0,1,NA,NA,NA,1
CLTCL1,2,0,0,1,NA,NA,NA,1
CNGB1,2,0,0,1,NA,NA,NA,1
CNTN3,2,0,0,1,NA,NA,NA,1
COPRS,3,0,0,1,NA,NA,NA,1
CORO2B,2,0,0,1,NA,NA,NA,1
CORO6,3,0,0,1,NA,NA,NA,1
COX4I1,2,0,0,1,NA,NA,NA,1
CPQ,2,0,0,1,NA,NA,NA,1
CRELD2,3,0,0,1,NA,NA,NA,1
CROCC,3,0,0,1,NA,NA,NA,1
CSKMT,7,0,0,1,NA,NA,NA,1
CSRP1,4,0,0,1,NA,NA,NA,1
CTGF,9,0,0,1,NA,NA,NA,1
CTNS,4,0,0,1,NA,NA,NA,1
CTSK,2,0,0,1,NA,NA,NA,1
CWC25,2,0,0,1,NA,NA,NA,1
CWC27,2,0,0,1,NA,NA,NA,1
CXCR1,2,0,0,1,NA,NA,NA,1
CYC1,2,0,0,1,NA,NA,NA,1
CYP2C18,2,0,0,1,NA,NA,NA,1
CYP4F12,3,0,0,1,NA,NA,NA,1
DBNDD1,2,0,0,1,NA,NA,NA,1
DCAF11,3,0,0,1,NA,NA,NA,1
DCP1A,3,0,0,1,NA,NA,NA,1
DDX1,4,0,0,1,NA,NA,NA,1
DENND5B,6,0,0,1,NA,NA,NA,1
DEPP1,4,0,0,1,NA,NA,NA,1
DET1,2,0,0,1,NA,NA,NA,1
DNMBP,3,0,0,1,NA,NA,NA,1
DPH7,3,0,0,1,NA,NA,NA,1
DQX1,2,0,0,1,NA,NA,NA,1
DYNLRB2,2,0,0,1,NA,NA,NA,1
EFCAB11,5,0,0,1,NA,NA,NA,1
ELOVL4,5,0,0,1,NA,NA,NA,1
EPHA1,4,0,0,1,NA,NA,NA,1
ERCC6L,2,0,0,1,NA,NA,NA,1
ERI2,2,0,0,1,NA,NA,NA,1
EVA1B,3,0,0,1,NA,NA,NA,1
EVA1C,2,0,0,1,NA,NA,NA,1
EVI5,2,0,0,1,NA,NA,NA,1
EYA3,3,0,0,1,NA,NA,NA,1
FAAH,3,0,0,1,NA,NA,NA,1
FAM160A2,3,0,0,1,NA,NA,NA,1
FAM185A,3,0,0,1,NA,NA,NA,1
FAM234B,4,0,0,1,NA,NA,NA,1
FANCL,3,0,0,1,NA,NA,NA,1
FAR2,3,0,0,1,NA,NA,NA,1
FBXL22,2,0,0,1,NA,NA,NA,1
FCRLA,3,0,0,1,NA,NA,NA,1
FHDC1,3,0,0,1,NA,NA,NA,1
FHIT,2,0,0,1,NA,NA,NA,1
FKBP1B,3,0,0,1,NA,NA,NA,1
FKBP2,3,0,0,1,NA,NA,NA,1
FMN2,2,0,0,1,NA,NA,NA,1
FNDC4,2,0,0,1,NA,NA,NA,1
FTL,4,0,0,1,NA,NA,NA,1
FUCA2,6,0,0,1,NA,NA,NA,1
FURIN,3,0,0,1,NA,NA,NA,1
FUT3,2,0,0,1,NA,NA,NA,1
GABARAPL1,2,0,0,1,NA,NA,NA,1
GCAT,2,0,0,1,NA,NA,NA,1
GCNT3,2,0,0,1,NA,NA,NA,1
GDI1,3,0,0,1,NA,NA,NA,1
GHR,2,0,0,1,NA,NA,NA,1
GMIP,2,0,0,1,NA,NA,NA,1
GMPR,3,0,0,1,NA,NA,NA,1
GNB2,2,0,0,1,NA,NA,NA,1
GOLGA5,4,0,0,1,NA,NA,NA,1
GPAT3,2,0,0,1,NA,NA,NA,1
GPR143,2,0,0,1,NA,NA,NA,1
GPR39,4,0,0,1,NA,NA,NA,1
GPS2,3,0,0,1,NA,NA,NA,1
HDAC1,3,0,0,1,NA,NA,NA,1
HEATR5B,4,0,0,1,NA,NA,NA,1
HECTD3,4,0,0,1,NA,NA,NA,1
HEXB,4,0,0,1,NA,NA,NA,1
HIST1H2AD,4,0,0,1,NA,NA,NA,1
HIST1H4D,2,0,0,1,NA,NA,NA,1
HIST3H2A,3,0,0,1,NA,NA,NA,1
HMGXB3,3,0,0,1,NA,NA,NA,1
HOPX,2,0,0,1,NA,NA,NA,1
HOXC13,2,0,0,1,NA,NA,NA,1
HS6ST3,2,0,0,1,NA,NA,NA,1
HTRA1,3,0,0,1,NA,NA,NA,1
IFIT1,2,0,0,1,NA,NA,NA,1
IFIT2,3,0,0,1,NA,NA,NA,1
IFNGR1,2,0,0,1,NA,NA,NA,1
IL1A,3,0,0,1,NA,NA,NA,1
ILDR2,2,0,0,1,NA,NA,NA,1
IMMP1L,3,0,0,1,NA,NA,NA,1
IMPDH2,2,0,0,1,NA,NA,NA,1
INPP5D,2,0,0,1,NA,NA,NA,1
IPO13,2,0,0,1,NA,NA,NA,1
ISYNA1,6,0,0,1,NA,NA,NA,1
KANSL1L,4,0,0,1,NA,NA,NA,1
KAT5,2,0,0,1,NA,NA,NA,1
KBTBD3,2,0,0,1,NA,NA,NA,1
KCNAB3,3,0,0,1,NA,NA,NA,1
KDM8,2,0,0,1,NA,NA,NA,1
KIF13B,3,0,0,1,NA,NA,NA,1
KLHL11,4,0,0,1,NA,NA,NA,1
KLK13,2,0,0,1,NA,NA,NA,1
KRT222,4,0,0,1,NA,NA,NA,1
KRT78,2,0,0,1,NA,NA,NA,1
LAMA4,2,0,0,1,NA,NA,NA,1
LGR6,3,0,0,1,NA,NA,NA,1
LOXL2,6,0,0,1,NA,NA,NA,1
LRG1,2,0,0,1,NA,NA,NA,1
LRRC46,2,0,0,1,NA,NA,NA,1
MAN1C1,3,0,0,1,NA,NA,NA,1
MAPK12,2,0,0,1,NA,NA,NA,1
MAPK8IP3,2,0,0,1,NA,NA,NA,1
MARVELD3,2,0,0,1,NA,NA,NA,1
MBNL1,4,0,0,1,NA,NA,NA,1
MCOLN2,3,0,0,1,NA,NA,NA,1
MECR,2,0,0,1,NA,NA,NA,1
MIEF2,7,0,0,1,NA,NA,NA,1
MMP19,2,0,0,1,NA,NA,NA,1
MN1,3,0,0,1,NA,NA,NA,1
MRM2,2,0,0,1,NA,NA,NA,1
MSRA,2,0,0,1,NA,NA,NA,1
MUC16,2,0,0,1,NA,NA,NA,1
MVB12A,4,0,0,1,NA,NA,NA,1
MYCL,2,0,0,1,NA,NA,NA,1
NAP1L4,2,0,0,1,NA,NA,NA,1
NCCRP1,2,0,0,1,NA,NA,NA,1
NDOR1,2,0,0,1,NA,NA,NA,1
NDST2,2,0,0,1,NA,NA,NA,1
NDUFA3,2,0,0,1,NA,NA,NA,1
NFKBIE,3,0,0,1,NA,NA,NA,1
NFYC,4,0,0,1,NA,NA,NA,1
NID1,2,0,0,1,NA,NA,NA,1
NIT1,2,0,0,1,NA,NA,NA,1
NKX2-8,3,0,0,1,NA,NA,NA,1
NKX3-2,2,0,0,1,NA,NA,NA,1
NME1,2,0,0,1,NA,NA,NA,1
NR1D1,3,0,0,1,NA,NA,NA,1
NUBPL,2,0,0,1,NA,NA,NA,1
OLAH,2,0,0,1,NA,NA,NA,1
P2RY6,3,0,0,1,NA,NA,NA,1
P4HA3,2,0,0,1,NA,NA,NA,1
PAQR3,4,0,0,1,NA,NA,NA,1
PAQR4,4,0,0,1,NA,NA,NA,1
PAQR7,3,0,0,1,NA,NA,NA,1
PCDHB6,2,0,0,1,NA,NA,NA,1
PDE5A,5,0,0,1,NA,NA,NA,1
PHB,8,0,0,1,NA,NA,NA,1
PITX2,2,0,0,1,NA,NA,NA,1
PKP1,2,0,0,1,NA,NA,NA,1
PKP3,2,0,0,1,NA,NA,NA,1
PLCE1,3,0,0,1,NA,NA,NA,1
PLCL2,2,0,0,1,NA,NA,NA,1
PLEKHH3,2,0,0,1,NA,NA,NA,1
PLLP,3,0,0,1,NA,NA,NA,1
PLTP,2,0,0,1,NA,NA,NA,1
PNMA8A,4,0,0,1,NA,NA,NA,1
PNPLA7,2,0,0,1,NA,NA,NA,1
PPARG,3,0,0,1,NA,NA,NA,1
PPIB,3,0,0,1,NA,NA,NA,1
PPM1H,2,0,0,1,NA,NA,NA,1
PPP1CC,7,0,0,1,NA,NA,NA,1
PRDM5,3,0,0,1,NA,NA,NA,1
PRDM8,3,0,0,1,NA,NA,NA,1
PRR5,3,0,0,1,NA,NA,NA,1
PRTG,3,0,0,1,NA,NA,NA,1
PSMB7,3,0,0,1,NA,NA,NA,1
PTPRN2,2,0,0,1,NA,NA,NA,1
PXMP2,3,0,0,1,NA,NA,NA,1
RAB11FIP5,2,0,0,1,NA,NA,NA,1
RAB38,4,0,0,1,NA,NA,NA,1
RABAC1,2,0,0,1,NA,NA,NA,1
RALGDS,2,0,0,1,NA,NA,NA,1
RARRES1,5,0,0,1,NA,NA,NA,1
RARRES3,2,0,0,1,NA,NA,NA,1
RASSF5,2,0,0,1,NA,NA,NA,1
RBP4,2,0,0,1,NA,NA,NA,1
REEP2,2,0,0,1,NA,NA,NA,1
RHPN1,2,0,0,1,NA,NA,NA,1
RNASEH2A,4,0,0,1,NA,NA,NA,1
RNF157,2,0,0,1,NA,NA,NA,1
RORA,4,0,0,1,NA,NA,NA,1
ROS1,2,0,0,1,NA,NA,NA,1
RPL29,3,0,0,1,NA,NA,NA,1
RPL35,2,0,0,1,NA,NA,NA,1
RPS6KL1,3,0,0,1,NA,NA,NA,1
RTN2,2,0,0,1,NA,NA,NA,1
RUSC2,2,0,0,1,NA,NA,NA,1
RUVBL1,2,0,0,1,NA,NA,NA,1
SCN3B,2,0,0,1,NA,NA,NA,1
SELENOM,2,0,0,1,NA,NA,NA,1
SGCD,2,0,0,1,NA,NA,NA,1
SH3BGRL3,7,0,0,1,NA,NA,NA,1
SH3RF1,5,0,0,1,NA,NA,NA,1
SHC4,2,0,0,1,NA,NA,NA,1
SIK1B,2,0,0,1,NA,NA,NA,1
SLC25A1,3,0,0,1,NA,NA,NA,1
SLC25A51,3,0,0,1,NA,NA,NA,1
SLC27A6,4,0,0,1,NA,NA,NA,1
SLC29A3,4,0,0,1,NA,NA,NA,1
SLC29A4,2,0,0,1,NA,NA,NA,1
SLC6A16,2,0,0,1,NA,NA,NA,1
SLC8A1,5,0,0,1,NA,NA,NA,1
SLC9A1,2,0,0,1,NA,NA,NA,1
SLCO5A1,2,0,0,1,NA,NA,NA,1
SLITRK5,3,0,0,1,NA,NA,NA,1
SMARCD2,4,0,0,1,NA,NA,NA,1
SMG5,2,0,0,1,NA,NA,NA,1
SMIM22,2,0,0,1,NA,NA,NA,1
SMPD2,5,0,0,1,NA,NA,NA,1
SPC24,6,0,0,1,NA,NA,NA,1
SSUH2,2,0,0,1,NA,NA,NA,1
STARD10,3,0,0,1,NA,NA,NA,1
STK32A,2,0,0,1,NA,NA,NA,1
STON1,2,0,0,1,NA,NA,NA,1
SYCP2,2,0,0,1,NA,NA,NA,1
TAGLN,3,0,0,1,NA,NA,NA,1
TCEAL1,2,0,0,1,NA,NA,NA,1
TEP1,3,0,0,1,NA,NA,NA,1
TEX261,3,0,0,1,NA,NA,NA,1
TGFB3,2,0,0,1,NA,NA,NA,1
TGM1,2,0,0,1,NA,NA,NA,1
TGM5,2,0,0,1,NA,NA,NA,1
THNSL1,3,0,0,1,NA,NA,NA,1
TLR4,5,0,0,1,NA,NA,NA,1
TMED3,4,0,0,1,NA,NA,NA,1
TMEM106A,3,0,0,1,NA,NA,NA,1
TMEM131,4,0,0,1,NA,NA,NA,1
TMEM132A,2,0,0,1,NA,NA,NA,1
TMEM132B,6,0,0,1,NA,NA,NA,1
TMEM150C,4,0,0,1,NA,NA,NA,1
TMEM258,6,0,0,1,NA,NA,NA,1
TMEM67,2,0,0,1,NA,NA,NA,1
TPM1,3,0,0,1,NA,NA,NA,1
TRIM45,4,0,0,1,NA,NA,NA,1
TUBA1C,3,0,0,1,NA,NA,NA,1
TUBB2B,2,0,0,1,NA,NA,NA,1
UBALD1,4,0,0,1,NA,NA,NA,1
UBE3B,2,0,0,1,NA,NA,NA,1
UNC119B,4,0,0,1,NA,NA,NA,1
UPK1B,2,0,0,1,NA,NA,NA,1
UQCRC2,6,0,0,1,NA,NA,NA,1
USP5,2,0,0,1,NA,NA,NA,1
USPL1,3,0,0,1,NA,NA,NA,1
VGF,2,0,0,1,NA,NA,NA,1
VWA5A,2,0,0,1,NA,NA,NA,1
XRCC3,8,0,0,1,NA,NA,NA,1
YPEL3,2,0,0,1,NA,NA,NA,1
ZDBF2,4,0,0,1,NA,NA,NA,1
ZFYVE28,3,0,0,1,NA,NA,NA,1
ZNF155,2,0,0,1,NA,NA,NA,1
ZNF222,2,0,0,1,NA,NA,NA,1
ZNF358,2,0,0,1,NA,NA,NA,1
ZNF528,3,0,0,1,NA,NA,NA,1
ZNF57,2,0,0,1,NA,NA,NA,1
ZNF587B,3,0,0,1,NA,NA,NA,1
ZNF850,2,0,0,1,NA,NA,NA,1
ZSCAN21,5,0,0,1,NA,NA,NA,1
ABCC1,7,0,0,NA,NA,NA,NA,NA
ABCD2,4,0,0,NA,NA,NA,NA,NA
AC007040.2,2,0,0,NA,NA,NA,NA,NA
AC026786.1,3,0,0,NA,NA,NA,NA,NA
AC233723.1,2,0,0,NA,NA,NA,NA,NA
ACTA2,2,0,0,NA,NA,NA,NA,NA
AGT,2,0,0,NA,NA,NA,NA,NA
AHSA1,2,0,0,NA,NA,NA,NA,NA
AMDHD1,2,0,0,NA,NA,NA,NA,NA
AMOT,2,0,0,NA,NA,NA,NA,NA
ANKRD11,2,0,0,NA,NA,NA,NA,NA
ANKRD33B,3,0,0,NA,NA,NA,NA,NA
ANKS3,2,0,0,NA,NA,NA,NA,NA
AP2A1,2,0,0,NA,NA,NA,NA,NA
AP2M1,2,0,0,NA,NA,NA,NA,NA
APCDD1,2,0,0,NA,NA,NA,NA,NA
APOE,2,0,0,NA,NA,NA,NA,NA
ARFGEF3,7,0,0,NA,NA,NA,NA,NA
ARHGAP10,2,0,0,NA,NA,NA,NA,NA
ARHGAP21,4,0,0,NA,NA,NA,NA,NA
ARMC2,3,0,0,NA,NA,NA,NA,NA
ASF1B,3,0,0,NA,NA,NA,NA,NA
ATF3,2,0,0,NA,NA,NA,NA,NA
ATF4,3,0,0,NA,NA,NA,NA,NA
ATF7IP2,2,0,0,NA,NA,NA,NA,NA
ATP5EP2,2,0,0,NA,NA,NA,NA,NA
ATP6V0B,2,0,0,NA,NA,NA,NA,NA
B9D2,3,0,0,NA,NA,NA,NA,NA
BAD,2,0,0,NA,NA,NA,NA,NA
BBC3,2,0,0,NA,NA,NA,NA,NA
BCHE,2,0,0,NA,NA,NA,NA,NA
BCL2A1,2,0,0,NA,NA,NA,NA,NA
BCR,2,0,0,NA,NA,NA,NA,NA
BEND6,3,0,0,NA,NA,NA,NA,NA
BICRA,2,0,0,NA,NA,NA,NA,NA
BMP8B,4,0,0,NA,NA,NA,NA,NA
BRPF1,2,0,0,NA,NA,NA,NA,NA
C10orf111,2,0,0,NA,NA,NA,NA,NA
C10orf90,3,0,0,NA,NA,NA,NA,NA
C11orf94,3,0,0,NA,NA,NA,NA,NA
C12orf60,2,0,0,NA,NA,NA,NA,NA
C12orf80,2,0,0,NA,NA,NA,NA,NA
C1orf226,3,0,0,NA,NA,NA,NA,NA
C22orf46,2,0,0,NA,NA,NA,NA,NA
C2orf54,2,0,0,NA,NA,NA,NA,NA
C2orf92,2,0,0,NA,NA,NA,NA,NA
C3orf58,2,0,0,NA,NA,NA,NA,NA
C5orf34,2,0,0,NA,NA,NA,NA,NA
C9orf106,2,0,0,NA,NA,NA,NA,NA
C9orf47,2,0,0,NA,NA,NA,NA,NA
CACNB4,6,0,0,NA,NA,NA,NA,NA
CALHM5,6,0,0,NA,NA,NA,NA,NA
CAMSAP3,2,0,0,NA,NA,NA,NA,NA
CAP2,3,0,0,NA,NA,NA,NA,NA
CAPN12,2,0,0,NA,NA,NA,NA,NA
CARD8,4,0,0,NA,NA,NA,NA,NA
CCDC120,3,0,0,NA,NA,NA,NA,NA
CCDC125,2,0,0,NA,NA,NA,NA,NA
CCDC167,2,0,0,NA,NA,NA,NA,NA
CCDC17,2,0,0,NA,NA,NA,NA,NA
CCDC22,2,0,0,NA,NA,NA,NA,NA
CCDC3,2,0,0,NA,NA,NA,NA,NA
CD14,3,0,0,NA,NA,NA,NA,NA
CDC45,2,0,0,NA,NA,NA,NA,NA
CDCA5,2,0,0,NA,NA,NA,NA,NA
CDKL2,2,0,0,NA,NA,NA,NA,NA
CDKL3,2,0,0,NA,NA,NA,NA,NA
CDR2,2,0,0,NA,NA,NA,NA,NA
CDR2L,2,0,0,NA,NA,NA,NA,NA
CENPK,3,0,0,NA,NA,NA,NA,NA
CERS4,4,0,0,NA,NA,NA,NA,NA
CGREF1,2,0,0,NA,NA,NA,NA,NA
CHRNA10,2,0,0,NA,NA,NA,NA,NA
CHST10,2,0,0,NA,NA,NA,NA,NA
CHST6,2,0,0,NA,NA,NA,NA,NA
CHTF18,2,0,0,NA,NA,NA,NA,NA
CHTF8,3,0,0,NA,NA,NA,NA,NA
CLCF1,2,0,0,NA,NA,NA,NA,NA
CLDN23,2,0,0,NA,NA,NA,NA,NA
CMC4,2,0,0,NA,NA,NA,NA,NA
COX8A,2,0,0,NA,NA,NA,NA,NA
CPO,2,0,0,NA,NA,NA,NA,NA
CRAT,2,0,0,NA,NA,NA,NA,NA
CRTC3,3,0,0,NA,NA,NA,NA,NA
CUZD1,2,0,0,NA,NA,NA,NA,NA
CXorf57,2,0,0,NA,NA,NA,NA,NA
DAB2IP,2,0,0,NA,NA,NA,NA,NA
DAGLA,2,0,0,NA,NA,NA,NA,NA
DBNDD2,2,0,0,NA,NA,NA,NA,NA
DDIT3,2,0,0,NA,NA,NA,NA,NA
DDO,2,0,0,NA,NA,NA,NA,NA
DEGS2,3,0,0,NA,NA,NA,NA,NA
DGKZ,2,0,0,NA,NA,NA,NA,NA
DHRS2,2,0,0,NA,NA,NA,NA,NA
DHX58,2,0,0,NA,NA,NA,NA,NA
DLX3,2,0,0,NA,NA,NA,NA,NA
DLX4,2,0,0,NA,NA,NA,NA,NA
DMAC2,2,0,0,NA,NA,NA,NA,NA
DMAP1,2,0,0,NA,NA,NA,NA,NA
DND1,2,0,0,NA,NA,NA,NA,NA
DOC2A,2,0,0,NA,NA,NA,NA,NA
DPP7,3,0,0,NA,NA,NA,NA,NA
DPYSL4,2,0,0,NA,NA,NA,NA,NA
DRP2,2,0,0,NA,NA,NA,NA,NA
DTNBP1,3,0,0,NA,NA,NA,NA,NA
DUOX1,2,0,0,NA,NA,NA,NA,NA
EDA,2,0,0,NA,NA,NA,NA,NA
EFEMP2,2,0,0,NA,NA,NA,NA,NA
EGF,2,0,0,NA,NA,NA,NA,NA
EIF3B,2,0,0,NA,NA,NA,NA,NA
ELOVL1,2,0,0,NA,NA,NA,NA,NA
ENPP5,2,0,0,NA,NA,NA,NA,NA
EPHX3,2,0,0,NA,NA,NA,NA,NA
ERAL1,2,0,0,NA,NA,NA,NA,NA
ERC2,2,0,0,NA,NA,NA,NA,NA
ERN1,3,0,0,NA,NA,NA,NA,NA
ESAM,2,0,0,NA,NA,NA,NA,NA
FAM131B,3,0,0,NA,NA,NA,NA,NA
FAM171B,3,0,0,NA,NA,NA,NA,NA
FAM219A,2,0,0,NA,NA,NA,NA,NA
FAM219B,2,0,0,NA,NA,NA,NA,NA
FBXO27,2,0,0,NA,NA,NA,NA,NA
FBXO48,3,0,0,NA,NA,NA,NA,NA
FBXW5,2,0,0,NA,NA,NA,NA,NA
FBXW9,2,0,0,NA,NA,NA,NA,NA
FGF13,2,0,0,NA,NA,NA,NA,NA
FGF7,2,0,0,NA,NA,NA,NA,NA
FMC1,2,0,0,NA,NA,NA,NA,NA
FNDC11,2,0,0,NA,NA,NA,NA,NA
FOCAD,2,0,0,NA,NA,NA,NA,NA
FOSB,2,0,0,NA,NA,NA,NA,NA
FOXO4,2,0,0,NA,NA,NA,NA,NA
FRZB,3,0,0,NA,NA,NA,NA,NA
FUT1,2,0,0,NA,NA,NA,NA,NA
GALE,2,0,0,NA,NA,NA,NA,NA
GALNT11,2,0,0,NA,NA,NA,NA,NA
GALNT5,2,0,0,NA,NA,NA,NA,NA
GARNL3,2,0,0,NA,NA,NA,NA,NA
GATM,2,0,0,NA,NA,NA,NA,NA
GBA,2,0,0,NA,NA,NA,NA,NA
GLDC,2,0,0,NA,NA,NA,NA,NA
GOLGA7B,4,0,0,NA,NA,NA,NA,NA
GPNMB,2,0,0,NA,NA,NA,NA,NA
GPR19,2,0,0,NA,NA,NA,NA,NA
GRAMD1C,2,0,0,NA,NA,NA,NA,NA
GVQW2,3,0,0,NA,NA,NA,NA,NA
HARS2,2,0,0,NA,NA,NA,NA,NA
HESX1,2,0,0,NA,NA,NA,NA,NA
HEXIM2,2,0,0,NA,NA,NA,NA,NA
HIST1H2BF,2,0,0,NA,NA,NA,NA,NA
HIST1H2BL,4,0,0,NA,NA,NA,NA,NA
HIST1H3J,2,0,0,NA,NA,NA,NA,NA
HMGCL,2,0,0,NA,NA,NA,NA,NA
HMOX1,2,0,0,NA,NA,NA,NA,NA
HOXA7,3,0,0,NA,NA,NA,NA,NA
HOXB2,2,0,0,NA,NA,NA,NA,NA
HSF1,3,0,0,NA,NA,NA,NA,NA
IFIT3,3,0,0,NA,NA,NA,NA,NA
IFNLR1,2,0,0,NA,NA,NA,NA,NA
IGF2BP1,4,0,0,NA,NA,NA,NA,NA
IGFBP5,7,0,0,NA,NA,NA,NA,NA
IGLV1-51,2,0,0,NA,NA,NA,NA,NA
IL16,3,0,0,NA,NA,NA,NA,NA
IL1R1,2,0,0,NA,NA,NA,NA,NA
IL6,2,0,0,NA,NA,NA,NA,NA
INTS14,2,0,0,NA,NA,NA,NA,NA
IRF9,2,0,0,NA,NA,NA,NA,NA
ITGA4,6,0,0,NA,NA,NA,NA,NA
ITGAE,2,0,0,NA,NA,NA,NA,NA
ITGAX,2,0,0,NA,NA,NA,NA,NA
ITLN2,2,0,0,NA,NA,NA,NA,NA
KATNAL2,2,0,0,NA,NA,NA,NA,NA
KCNE5,2,0,0,NA,NA,NA,NA,NA
KCNMB3,2,0,0,NA,NA,NA,NA,NA
KCNRG,2,0,0,NA,NA,NA,NA,NA
KCNS3,2,0,0,NA,NA,NA,NA,NA
KCTD13,2,0,0,NA,NA,NA,NA,NA
KIFC3,2,0,0,NA,NA,NA,NA,NA
KLF16,2,0,0,NA,NA,NA,NA,NA
LHX9,3,0,0,NA,NA,NA,NA,NA
LMF2,2,0,0,NA,NA,NA,NA,NA
LRCH3,3,0,0,NA,NA,NA,NA,NA
LRP2BP,6,0,0,NA,NA,NA,NA,NA
LRRC37A3,2,0,0,NA,NA,NA,NA,NA
LRRC73,2,0,0,NA,NA,NA,NA,NA
LRRN1,7,0,0,NA,NA,NA,NA,NA
MACROD2,2,0,0,NA,NA,NA,NA,NA
MAGIX,3,0,0,NA,NA,NA,NA,NA
MAMDC4,2,0,0,NA,NA,NA,NA,NA
MANBA,2,0,0,NA,NA,NA,NA,NA
MAP10,3,0,0,NA,NA,NA,NA,NA
MAP3K10,2,0,0,NA,NA,NA,NA,NA
MCRIP1,3,0,0,NA,NA,NA,NA,NA
MED12L,5,0,0,NA,NA,NA,NA,NA
MEDAG,2,0,0,NA,NA,NA,NA,NA
MGARP,2,0,0,NA,NA,NA,NA,NA
MGAT5B,2,0,0,NA,NA,NA,NA,NA
MOSPD3,2,0,0,NA,NA,NA,NA,NA
MRPL22,3,0,0,NA,NA,NA,NA,NA
MRPL55,2,0,0,NA,NA,NA,NA,NA
MRPS31,3,0,0,NA,NA,NA,NA,NA
MSANTD1,2,0,0,NA,NA,NA,NA,NA
MT1F,2,0,0,NA,NA,NA,NA,NA
MTERF2,6,0,0,NA,NA,NA,NA,NA
MUC19,2,0,0,NA,NA,NA,NA,NA
MYO1D,2,0,0,NA,NA,NA,NA,NA
NAA16,2,0,0,NA,NA,NA,NA,NA
NAAA,2,0,0,NA,NA,NA,NA,NA
NBPF20,2,0,0,NA,NA,NA,NA,NA
NDUFB10,2,0,0,NA,NA,NA,NA,NA
NES,2,0,0,NA,NA,NA,NA,NA
NKAIN1,3,0,0,NA,NA,NA,NA,NA
NOSIP,2,0,0,NA,NA,NA,NA,NA
NXT2,2,0,0,NA,NA,NA,NA,NA
OLFM2,2,0,0,NA,NA,NA,NA,NA
OR2B6,2,0,0,NA,NA,NA,NA,NA
ORC6,2,0,0,NA,NA,NA,NA,NA
OSGEP,2,0,0,NA,NA,NA,NA,NA
OSR1,2,0,0,NA,NA,NA,NA,NA
OXNAD1,2,0,0,NA,NA,NA,NA,NA
P2RX7,2,0,0,NA,NA,NA,NA,NA
PACRG,3,0,0,NA,NA,NA,NA,NA
PARD6A,2,0,0,NA,NA,NA,NA,NA
PCNX3,2,0,0,NA,NA,NA,NA,NA
PCP4L1,2,0,0,NA,NA,NA,NA,NA
PDGFRL,2,0,0,NA,NA,NA,NA,NA
PEAR1,2,0,0,NA,NA,NA,NA,NA
PEF1,2,0,0,NA,NA,NA,NA,NA
PER1,2,0,0,NA,NA,NA,NA,NA
PEX11G,2,0,0,NA,NA,NA,NA,NA
PEX16,2,0,0,NA,NA,NA,NA,NA
PGLYRP4,2,0,0,NA,NA,NA,NA,NA
PHKG1,2,0,0,NA,NA,NA,NA,NA
PIGA,2,0,0,NA,NA,NA,NA,NA
PIK3CD,2,0,0,NA,NA,NA,NA,NA
PLA2G15,2,0,0,NA,NA,NA,NA,NA
PLAC9,2,0,0,NA,NA,NA,NA,NA
PLCH1,4,0,0,NA,NA,NA,NA,NA
PLCL1,2,0,0,NA,NA,NA,NA,NA
PLEKHA3,2,0,0,NA,NA,NA,NA,NA
PLIN1,2,0,0,NA,NA,NA,NA,NA
PMP22,2,0,0,NA,NA,NA,NA,NA
POLD4,2,0,0,NA,NA,NA,NA,NA
POLE4,2,0,0,NA,NA,NA,NA,NA
PPP2R2B,3,0,0,NA,NA,NA,NA,NA
PPP2R5D,2,0,0,NA,NA,NA,NA,NA
PRELID3A,2,0,0,NA,NA,NA,NA,NA
PRKCH,2,0,0,NA,NA,NA,NA,NA
PROC,2,0,0,NA,NA,NA,NA,NA
PROM2,2,0,0,NA,NA,NA,NA,NA
PSD,2,0,0,NA,NA,NA,NA,NA
PTGES,2,0,0,NA,NA,NA,NA,NA
PTPN6,2,0,0,NA,NA,NA,NA,NA
QARS,2,0,0,NA,NA,NA,NA,NA
R3HDM1,2,0,0,NA,NA,NA,NA,NA
R3HDM4,2,0,0,NA,NA,NA,NA,NA
RAB40C,2,0,0,NA,NA,NA,NA,NA
RAD9B,3,0,0,NA,NA,NA,NA,NA
RAPGEF2,2,0,0,NA,NA,NA,NA,NA
RASEF,4,0,0,NA,NA,NA,NA,NA
RASSF10,3,0,0,NA,NA,NA,NA,NA
RBM44,2,0,0,NA,NA,NA,NA,NA
REEP6,2,0,0,NA,NA,NA,NA,NA
RFC4,2,0,0,NA,NA,NA,NA,NA
RGMA,2,0,0,NA,NA,NA,NA,NA
RGS7,2,0,0,NA,NA,NA,NA,NA
RHCE,3,0,0,NA,NA,NA,NA,NA
RHOH,3,0,0,NA,NA,NA,NA,NA
RIBC2,2,0,0,NA,NA,NA,NA,NA
RIPOR2,2,0,0,NA,NA,NA,NA,NA
RNF32,2,0,0,NA,NA,NA,NA,NA
RPS19BP1,3,0,0,NA,NA,NA,NA,NA
RPUSD1,2,0,0,NA,NA,NA,NA,NA
SAMD11,2,0,0,NA,NA,NA,NA,NA
SCLY,3,0,0,NA,NA,NA,NA,NA
SDHD,2,0,0,NA,NA,NA,NA,NA
SEPT9,2,0,0,NA,NA,NA,NA,NA
SERTAD1,2,0,0,NA,NA,NA,NA,NA
SFI1,2,0,0,NA,NA,NA,NA,NA
SFN,2,0,0,NA,NA,NA,NA,NA
SGSM3,2,0,0,NA,NA,NA,NA,NA
SH3TC1,2,0,0,NA,NA,NA,NA,NA
SLC10A5,2,0,0,NA,NA,NA,NA,NA
SLC12A3,4,0,0,NA,NA,NA,NA,NA
SLC16A6,3,0,0,NA,NA,NA,NA,NA
SLC22A20P,2,0,0,NA,NA,NA,NA,NA
SLC25A21,2,0,0,NA,NA,NA,NA,NA
SLC27A5,2,0,0,NA,NA,NA,NA,NA
SLC43A1,2,0,0,NA,NA,NA,NA,NA
SLC45A3,2,0,0,NA,NA,NA,NA,NA
SLC4A2,2,0,0,NA,NA,NA,NA,NA
SLC6A17,3,0,0,NA,NA,NA,NA,NA
SMIM25,3,0,0,NA,NA,NA,NA,NA
SNRPB,2,0,0,NA,NA,NA,NA,NA
SNRPD2,2,0,0,NA,NA,NA,NA,NA
SOCS3,2,0,0,NA,NA,NA,NA,NA
SOX5,3,0,0,NA,NA,NA,NA,NA
SP5,2,0,0,NA,NA,NA,NA,NA
SPATA25,2,0,0,NA,NA,NA,NA,NA
SPIN3,2,0,0,NA,NA,NA,NA,NA
SSC5D,4,0,0,NA,NA,NA,NA,NA
SSRP1,2,0,0,NA,NA,NA,NA,NA
ST6GALNAC4,2,0,0,NA,NA,NA,NA,NA
STMN1,2,0,0,NA,NA,NA,NA,NA
STRN4,2,0,0,NA,NA,NA,NA,NA
STX8,2,0,0,NA,NA,NA,NA,NA
SWI5,2,0,0,NA,NA,NA,NA,NA
SYNM,3,0,0,NA,NA,NA,NA,NA
TBX15,2,0,0,NA,NA,NA,NA,NA
TCHH,2,0,0,NA,NA,NA,NA,NA
THEM6,2,0,0,NA,NA,NA,NA,NA
TLE1,2,0,0,NA,NA,NA,NA,NA
TMEM110-MUSTN1,2,0,0,NA,NA,NA,NA,NA
TMEM160,2,0,0,NA,NA,NA,NA,NA
TMEM256,2,0,0,NA,NA,NA,NA,NA
TNFRSF1B,2,0,0,NA,NA,NA,NA,NA
TNFRSF9,5,0,0,NA,NA,NA,NA,NA
TP53I13,2,0,0,NA,NA,NA,NA,NA
TRIL,3,0,0,NA,NA,NA,NA,NA
TRIM41,2,0,0,NA,NA,NA,NA,NA
TRMT61B,2,0,0,NA,NA,NA,NA,NA
TRUB1,2,0,0,NA,NA,NA,NA,NA
TSNAXIP1,2,0,0,NA,NA,NA,NA,NA
TTC39A,3,0,0,NA,NA,NA,NA,NA
TTI1,2,0,0,NA,NA,NA,NA,NA
TYW1,2,0,0,NA,NA,NA,NA,NA
UNC5CL,2,0,0,NA,NA,NA,NA,NA
USF1,2,0,0,NA,NA,NA,NA,NA
USF3,2,0,0,NA,NA,NA,NA,NA
USP54,2,0,0,NA,NA,NA,NA,NA
VSIG2,3,0,0,NA,NA,NA,NA,NA
WBP1L,2,0,0,NA,NA,NA,NA,NA
WDR25,2,0,0,NA,NA,NA,NA,NA
WDR83,3,0,0,NA,NA,NA,NA,NA
WDR90,2,0,0,NA,NA,NA,NA,NA
WDSUB1,2,0,0,NA,NA,NA,NA,NA
XYLT2,2,0,0,NA,NA,NA,NA,NA
ZCCHC3,2,0,0,NA,NA,NA,NA,NA
ZFP2,2,0,0,NA,NA,NA,NA,NA
ZNF157,3,0,0,NA,NA,NA,NA,NA
ZNF227,3,0,0,NA,NA,NA,NA,NA
ZNF235,2,0,0,NA,NA,NA,NA,NA
ZNF287,3,0,0,NA,NA,NA,NA,NA
ZNF37A,2,0,0,NA,NA,NA,NA,NA
ZNF483,2,0,0,NA,NA,NA,NA,NA
ZNF559-ZNF177,2,0,0,NA,NA,NA,NA,NA
ZNF567,2,0,0,NA,NA,NA,NA,NA
ZNF594,2,0,0,NA,NA,NA,NA,NA
ZNF674,2,0,0,NA,NA,NA,NA,NA
ZNF681,3,0,0,NA,NA,NA,NA,NA
ZNF684,2,0,0,NA,NA,NA,NA,NA
ZNF710,2,0,0,NA,NA,NA,NA,NA
ZNF783,2,0,0,NA,NA,NA,NA,NA
ZNF880,4,0,0,NA,NA,NA,NA,NA
ZNHIT1,2,0,0,NA,NA,NA,NA,NA
ZRSR2,2,0,0,NA,NA,NA,NA,NA
ZSCAN16,2,0,0,NA,NA,NA,NA,NA
ZYG11A,3,0,0,NA,NA,NA,NA,NA
