groupID,n_PAS,n_sig,n_big,min_padj,max_absL2FC,mean_absL2FC,dir_consensus,perGeneQ
PTTG1IP,11,1,1,0.000626486496787577,5.39349705394447,5.39349705394447,Lengthened_only,0.000626486440965413
WRNIP1,3,1,1,0.000838933556105246,14.8436739160927,14.8436739160927,Shortened_only,0.000838933358560001
MRPL19,32,1,1,0.000838933556105246,18.6644939634659,18.6644939634659,Lengthened_only,0.000888864077920585
USP4,9,1,1,0.000626486496787577,16.2274197519972,16.2274197519972,Lengthened_only,0.00103030790948899
RRAS2,17,1,1,0.00108727536475374,5.79182999031929,5.79182999031929,Lengthened_only,0.00108727486678969
POFUT1,13,1,1,0.00108727536475374,15.9348849920581,15.9348849920581,Lengthened_only,0.00118251863127103
POLR3A,22,1,1,0.0022755326882864,16.3862222473231,16.3862222473231,Lengthened_only,0.00227552941561344
KLHL15,4,1,0,0.0022755326882864,0.224266442166656,0.224266442166656,Shortened_only,0.00247143330358007
DHX15,4,2,2,0.00250603254328149,2.00221363007857,1.44856355349115,Mixed,0.00250602813335598
STK4,13,1,1,0.0022755326882864,7.0621950182444,7.0621950182444,Shortened_only,0.00264463722196448
PPAT,13,2,2,0.00301201333478182,17.1417934414907,8.86462771073369,Mixed,0.00301200632720555
EEA1,13,1,1,0.00328282992185735,3.58262407415939,3.58262407415939,Shortened_only,0.00328282084081146
ZNRF2,18,1,1,0.0043189329572909,16.84414486536,16.84414486536,Shortened_only,0.0043189159297922
TRAM1L1,3,1,0,0.00480079699954404,0.418376445627824,0.418376445627824,Lengthened_only,0.00480075977655746
TIFA,18,1,1,0.00480079699954404,3.09588935121131,3.09588935121131,Lengthened_only,0.00481688050446416
SLC25A32,29,1,1,0.00480079699954404,5.78287448818556,5.78287448818556,Shortened_only,0.00497481364966475
SPATA2,4,1,1,0.00480079699954404,6.00659582783245,6.00659582783245,Lengthened_only,0.00516466603829964
TLK1,17,1,1,0.00480079699954404,16.9687818134865,16.9687818134865,Shortened_only,0.00522047759561694
CSNK2A1,17,1,1,0.00480079699954404,5.29566625755483,5.29566625755483,Lengthened_only,0.00536261266402599
EMC10,20,2,2,0.00480079699954404,15.5404825785885,15.2723768752005,Shortened_only,0.00547113782666668
LTV1,3,1,0,0.00480079699954404,0.464734921213811,0.464734921213811,Shortened_only,0.00559140537422729
GBP5,2,2,1,0.00480079699954404,13.8646345619961,7.0964546411908,Mixed,0.00560729963886451
NCL,14,1,1,0.00480079699954404,5.482203003434,5.482203003434,Lengthened_only,0.00573798868034373
BCL10,11,1,1,0.00606127497216553,14.7813618812876,14.7813618812876,Shortened_only,0.00606121305724909
SIK3,4,1,1,0.00613791078991827,14.1381980416327,14.1381980416327,Lengthened_only,0.00613784465399322
EREG,3,2,1,0.00633209038111738,14.9327296843454,7.60960830985653,Mixed,0.00633201717902102
LRRK2,2,2,2,0.006553058648716,5.55971571364872,3.61473260610058,Mixed,0.00655296818699718
HSP90B1,14,1,1,0.006553058648716,16.9548205480527,16.9548205480527,Lengthened_only,0.00657575054966427
FGF1,6,2,2,0.006553058648716,2.80712261108421,2.48952566034287,Mixed,0.00665200307047923
FAM210A,11,1,1,0.006553058648716,15.1697591512802,15.1697591512802,Lengthened_only,0.00666431299784316
POGLUT1,6,1,1,0.00686656384752358,13.0562405124838,13.0562405124838,Lengthened_only,0.00686644796959542
PPP6R3,2,2,1,0.00686656384752358,13.6042425694905,6.90223441286189,Mixed,0.0069307827403603
NFE2L1,19,1,1,0.00686656384752358,3.28171963030329,3.28171963030329,Lengthened_only,0.00693561943952112
SLC38A1,21,1,1,0.00697206484701707,17.2092850674071,17.2092850674071,Lengthened_only,0.006971941967603
PSMB7,3,1,1,0.00686656384752358,13.7173286578226,13.7173286578226,Lengthened_only,0.00700444245543555
ZNF496,8,1,1,0.00686656384752358,13.7451632595469,13.7451632595469,Shortened_only,0.0070125121736343
LARS2,10,1,1,0.00710582463069558,4.44404725220032,4.44404725220032,Lengthened_only,0.00710569344575763
MED13,18,1,1,0.00757260439208725,5.15414808479559,5.15414808479559,Lengthened_only,0.00795105703709208
RAB1A,14,1,1,0.00757260439208725,16.9981175834564,16.9981175834564,Lengthened_only,0.00801219285185666
FMNL3,12,1,1,0.00757260439208725,4.42311534093101,4.42311534093101,Lengthened_only,0.00801275498202281
DGKI,10,1,1,0.00794301982868345,4.54875604109698,4.54875604109698,Shortened_only,0.00833028441993582
CTSD,8,1,0,0.00800624546695065,0.108756739568953,0.108756739568953,Lengthened_only,0.00837841701180961
USP27X,2,2,2,0.00800285710715356,4.3884552228894,2.69342370016044,Mixed,0.0083837382420742
MYO1E,20,1,1,0.00813988188550912,5.38585460491074,5.38585460491074,Shortened_only,0.00850965277388374
PIAS1,26,1,1,0.00860135931988354,16.7351086986022,16.7351086986022,Shortened_only,0.0089833869409344
SRA1,18,1,1,0.00869269484575298,2.41508401088532,2.41508401088532,Lengthened_only,0.00906232570276218
TRNT1,14,1,1,0.00869269484575298,1.08436029468863,1.08436029468863,Lengthened_only,0.0092114273016585
TBC1D5,8,1,1,0.00917887402374255,3.60630880016155,3.60630880016155,Lengthened_only,0.00966506184745933
LOC110117498-PIK3R3,6,1,1,0.00917887402374255,13.5770572293144,13.5770572293144,Lengthened_only,0.00974051943797905
SLC38A2,20,1,1,0.00925248083115726,16.15669030186,16.15669030186,Lengthened_only,0.00999232872327812
OIP5,9,1,1,0.00970707822681433,14.7778285362799,14.7778285362799,Lengthened_only,0.0104680252517508
CCAR1,12,1,1,0.0099805131569385,5.04299254916303,5.04299254916303,Shortened_only,0.0107478231223091
MRFAP1,13,1,1,0.0106429522802081,16.0198261238814,16.0198261238814,Lengthened_only,0.011445706386988
STK24,12,1,1,0.0109015151331783,15.8916443587248,15.8916443587248,Lengthened_only,0.0117085149223647
PMPCB,17,1,1,0.0110056704233264,15.2018592844506,15.2018592844506,Shortened_only,0.0118055445279077
RBM12B,16,1,1,0.0112038076108854,17.0558206328137,17.0558206328137,Shortened_only,0.0120035129695245
ASH2L,12,1,1,0.0113326002295175,15.8906485086598,15.8906485086598,Lengthened_only,0.0121272817338554
EVL,2,2,1,0.0118065179992283,14.141492476777,7.23364969118993,Mixed,0.01255544077605
RRM2B,14,1,1,0.0118065179992283,2.81274194075537,2.81274194075537,Lengthened_only,0.0125700049562268
MYCBP,17,1,1,0.0118427560355661,15.5100157356355,15.5100157356355,Lengthened_only,0.0125822167782775
UBE3C,13,1,1,0.0118065179992283,16.6538206649996,16.6538206649996,Lengthened_only,0.012657391776413
RTN4IP1,5,1,0,0.0120510065490802,0.402198626608146,0.402198626608146,Lengthened_only,0.0127806135143045
CBLL1,11,1,1,0.0118065179992283,15.5995268953335,15.5995268953335,Shortened_only,0.0127831272339152
SERINC1,16,1,1,0.0120510065490802,16.8124534971133,16.8124534971133,Lengthened_only,0.0128278226430532
TTC9C,6,1,1,0.0118065179992283,5.01480946208369,5.01480946208369,Shortened_only,0.0128345516774676
LIPA,5,1,1,0.0118065179992283,0.815436830764497,0.815436830764497,Shortened_only,0.0128495710140271
NSRP1,7,1,1,0.0130820208365068,15.8120788804579,15.8120788804579,Shortened_only,0.0138621328876167
AFDN,6,1,1,0.013194921314342,14.6837953033341,14.6837953033341,Lengthened_only,0.0139589001350069
YARS2,18,1,1,0.013194921314342,2.24133631921641,2.24133631921641,Shortened_only,0.0140510243309178
ZFAND4,5,1,1,0.0135213231167586,13.761751751876,13.761751751876,Lengthened_only,0.0142511500262228
TMEM138,9,1,1,0.0136783170314832,2.9592562886379,2.9592562886379,Shortened_only,0.0143610742094809
THAP1,11,1,1,0.0136783170314832,4.87592419655655,4.87592419655655,Lengthened_only,0.0144306322458433
MARCH5,16,1,1,0.0135213231167586,2.72969107635317,2.72969107635317,Shortened_only,0.0144448339339274
GSTA4,3,2,1,0.0138113516009346,15.4755251721196,7.78806864514129,Mixed,0.0144921989751721
GRB2,10,1,1,0.0136783170314832,16.5165836848701,16.5165836848701,Shortened_only,0.014496755512809
PHOSPHO2-KLHL23,8,1,1,0.0136783170314832,1.26310634719767,1.26310634719767,Shortened_only,0.0145355870650812
EPGN,31,1,1,0.0136783170314832,15.9437824689193,15.9437824689193,Shortened_only,0.0145574583133367
ZNF195,12,1,1,0.0135213231167586,16.1080198552788,16.1080198552788,Shortened_only,0.0146249574802472
KLC1,4,1,1,0.0135213231167586,14.3983560249016,14.3983560249016,Shortened_only,0.0146299373396669
PRPF4,21,1,1,0.0135213231167586,16.5932985199651,16.5932985199651,Lengthened_only,0.0146328739377955
PITPNA,7,1,1,0.0136783170314832,14.9108649399655,14.9108649399655,Lengthened_only,0.0147303408285458
ASPH,8,1,1,0.0146134606800746,3.04363566130146,3.04363566130146,Shortened_only,0.0153249599955243
CTBP1,5,2,2,0.0151342108691013,2.61693157393256,2.14529849147883,Mixed,0.0158621038609902
RAB2B,6,1,1,0.0153869511570584,14.490070982241,14.490070982241,Lengthened_only,0.0161181305750049
NCOR1,24,1,1,0.0156694785470046,16.350123639282,16.350123639282,Lengthened_only,0.0164052592379246
CNOT6,17,1,1,0.0165109611357616,15.9333515142733,15.9333515142733,Lengthened_only,0.0172682638836129
FDX1,14,1,1,0.0165640154024351,14.1472333975067,14.1472333975067,Shortened_only,0.017315072342891
PPDPF,11,1,1,0.0166279427832265,16.6903191187374,16.6903191187374,Shortened_only,0.0173733795038935
LSG1,7,1,1,0.0165109611357616,15.4442641139331,15.4442641139331,Shortened_only,0.0174407356772211
GPATCH2,6,1,1,0.017731044104774,2.82942430334212,2.82942430334212,Shortened_only,0.0185169233353991
WDR36,19,1,1,0.0179576736217812,4.70759662341443,4.70759662341443,Lengthened_only,0.0187447763936353
GLUL,16,1,1,0.0181247861939707,16.2192890522274,16.2192890522274,Lengthened_only,0.0189105098536043
TOB2,7,1,1,0.0187710026161268,15.9258982929249,15.9258982929249,Shortened_only,0.0195345396304047
MFSD11,11,1,1,0.0187710026161268,13.9655437969147,13.9655437969147,Shortened_only,0.0195908780590816
CNNM2,9,1,1,0.0187710026161268,16.5133954433879,16.5133954433879,Shortened_only,0.0196141622161302
PTCD3,22,1,1,0.0187710026161268,16.7138044721035,16.7138044721035,Shortened_only,0.0196707686690119
TRIM68,2,2,1,0.0187710026161268,12.6752690884663,6.47085380760778,Mixed,0.0196817313111595
SERBP1,42,2,2,0.0190230492747154,16.9649434149277,16.860782729889,Lengthened_only,0.019773663918629
ZNF398,18,1,1,0.0187710026161268,2.11564071641145,2.11564071641145,Lengthened_only,0.0197772897895615
CDC6,22,1,1,0.0190230492747154,17.1379225316255,17.1379225316255,Lengthened_only,0.0198006588565686
ARPC3,8,1,1,0.0191116114490209,14.0626274509414,14.0626274509414,Shortened_only,0.0198231112681382
TGOLN2,20,1,1,0.0190230492747154,16.6937445904887,16.6937445904887,Shortened_only,0.0198272795131725
DYRK1A,19,1,1,0.0191508853848431,17.0095782955285,17.0095782955285,Lengthened_only,0.0198506536548303
NAT10,7,1,1,0.0191116114490209,14.3467666113666,14.3467666113666,Lengthened_only,0.0199546954805773
HIF1AN,22,1,1,0.0191116114490209,5.18193418845586,5.18193418845586,Lengthened_only,0.0200221569197804
FRAT1,5,1,1,0.0191508853848431,14.1375401700234,14.1375401700234,Shortened_only,0.0200257573000296
ACTR1A,12,1,1,0.0191116114490209,4.77627975730538,4.77627975730538,Shortened_only,0.0200534983621383
SAR1A,18,1,1,0.0191116114490209,15.8933959867638,15.8933959867638,Lengthened_only,0.0201040100387376
PNPLA4,5,1,1,0.0191116114490209,2.8425934092522,2.8425934092522,Lengthened_only,0.0202601601767647
RPN1,11,1,1,0.0202740025721954,5.00328849312169,5.00328849312169,Lengthened_only,0.0211920785834436
APEX1,4,1,1,0.0205817185217358,13.9205083837209,13.9205083837209,Lengthened_only,0.0215052176127124
MME,31,1,1,0.0222201326165525,16.5693990340616,16.5693990340616,Shortened_only,0.0234061874005551
WWP2,3,1,1,0.0227409604720997,14.3821503190924,14.3821503190924,Lengthened_only,0.0239438950662281
MPDU1,10,1,1,0.0230577160236422,2.46811378809581,2.46811378809581,Lengthened_only,0.0242665651533911
TXNRD1,13,1,1,0.023107893331978,15.8711329116337,15.8711329116337,Lengthened_only,0.024308749758494
LDHB,8,1,0,0.0241818776539205,0.287476864753224,0.287476864753224,Lengthened_only,0.0256109596853534
CIP2A,32,1,1,0.0241806002134378,3.19749673635962,3.19749673635962,Lengthened_only,0.0256344205913475
LDOC1,4,1,0,0.0242361059444574,0.289856819715565,0.289856819715565,Lengthened_only,0.0256443360782354
OPTN,10,1,1,0.0241818776539205,14.963968909837,14.963968909837,Shortened_only,0.0256940381426094
NAA50,31,1,1,0.0242361059444574,17.8047666653904,17.8047666653904,Lengthened_only,0.0258221881789851
SLC4A8,2,2,2,0.0246579783536163,2.49634583698896,1.87633441640635,Mixed,0.026078693103869
GATB,5,1,1,0.0249251454060412,0.67742970775365,0.67742970775365,Shortened_only,0.0263376569133768
SLFN5,13,1,1,0.0249251454060412,5.69337436976969,5.69337436976969,Lengthened_only,0.0263623993679424
NUFIP2,28,1,1,0.0250001679401885,16.8896947443843,16.8896947443843,Lengthened_only,0.0263940610602041
MARCH6,23,1,1,0.0250001679401885,5.33871981286252,5.33871981286252,Shortened_only,0.0264455800805543
HOMER1,10,1,1,0.0252090712695827,15.9984775843604,15.9984775843604,Lengthened_only,0.0265922397901352
RNF38,10,1,1,0.0252090712695827,15.3731623432103,15.3731623432103,Lengthened_only,0.0266764432321048
ALDH1A3,6,1,0,0.0262553472641072,0.133342428130948,0.133342428130948,Shortened_only,0.0276842960807607
STAT1,19,1,1,0.0266127008848482,4.86836226913552,4.86836226913552,Lengthened_only,0.0280496720641088
GFPT1,30,1,1,0.0269190423845455,15.9606146524268,15.9606146524268,Shortened_only,0.0283611846578118
DYNLRB1,3,1,1,0.0273869369209405,0.708097973353434,0.708097973353434,Shortened_only,0.0288427064099544
NSMCE1,4,1,0,0.0275856989566629,0.235381095998907,0.235381095998907,Shortened_only,0.0290080893797123
CCDC47,14,1,1,0.0275856989566629,16.2186804587628,16.2186804587628,Lengthened_only,0.0290487694166592
SCARB2,15,1,1,0.0275856989566629,15.9574809172502,15.9574809172502,Shortened_only,0.0290782307090911
UBA6,26,1,1,0.0276673162879258,4.88784179644337,4.88784179644337,Lengthened_only,0.029083289321307
HEBP2,13,1,1,0.0275856989566629,15.5563096545188,15.5563096545188,Shortened_only,0.0291130967196213
OGFOD3,11,1,1,0.0277222570926106,1.7198643326398,1.7198643326398,Shortened_only,0.0291202388209562
PTER,19,1,1,0.0277222570926106,3.62323471577579,3.62323471577579,Lengthened_only,0.0293240611327907
DMXL1,17,1,1,0.0282564791354308,4.95616545443586,4.95616545443586,Lengthened_only,0.0296406410678675
ZNF318,10,1,1,0.0282564791354308,15.9907912056948,15.9907912056948,Shortened_only,0.0297390889627029
SMYD3,3,2,2,0.0282564791354308,0.921021914993539,0.7328365736246,Mixed,0.0297694102121143
BIRC3,4,1,1,0.0282564791354308,14.4734470181264,14.4734470181264,Lengthened_only,0.0297810998669081
SOX13,5,1,1,0.0285415892582072,13.919808760408,13.919808760408,Shortened_only,0.030129203337527
SPIN2B,8,1,0,0.0292924313545315,0.359619068620456,0.359619068620456,Shortened_only,0.030910124457492
TENM4,5,1,1,0.0295446778872387,1.35366744162943,1.35366744162943,Lengthened_only,0.0311648366843634
LRRK1,5,1,1,0.0295899019466675,4.27477575913363,4.27477575913363,Shortened_only,0.0312012824797305
RNF180,7,1,1,0.0311913549143262,14.6508499911344,14.6508499911344,Lengthened_only,0.0328776818372401
SELENOK,11,1,1,0.0325126004301093,13.4695994760613,13.4695994760613,Shortened_only,0.0342459682384405
TMPO,14,1,1,0.0325126004301093,4.94110232071952,4.94110232071952,Lengthened_only,0.0344523583275338
ZNF268,8,1,1,0.033413398397474,13.2398810895799,13.2398810895799,Shortened_only,0.0351824035351385
CAV2,15,1,1,0.0335419955257487,14.9845946708757,14.9845946708757,Shortened_only,0.0352157911785484
GRK3,15,1,1,0.0335419955257487,15.6122460442703,15.6122460442703,Shortened_only,0.0354091759249976
VCP,14,1,1,0.0335419955257487,3.34991571923384,3.34991571923384,Shortened_only,0.0354377123436288
MAP2K2,7,1,0,0.0335419955257487,0.488159516717268,0.488159516717268,Shortened_only,0.0354693410140686
USP7,12,1,1,0.0335419955257487,0.824693835791543,0.824693835791543,Shortened_only,0.0354862654805403
RIC1,18,1,1,0.0335419955257487,4.6692427323592,4.6692427323592,Lengthened_only,0.0355209943459919
RAPGEF5,6,1,0,0.0335419955257487,0.177139744439534,0.177139744439534,Shortened_only,0.0355902135716734
TPRG1L,7,1,1,0.0339831826677994,14.7564328569248,14.7564328569248,Lengthened_only,0.0356574077205182
NOP58,3,1,1,0.0335419955257487,12.7687813760316,12.7687813760316,Shortened_only,0.0356878591225644
KHNYN,12,1,1,0.0339831826677994,4.20455868953024,4.20455868953024,Shortened_only,0.0357031650686805
ZFYVE9,12,1,1,0.0335419955257487,15.9803992506137,15.9803992506137,Shortened_only,0.0358415783504908
PIP5K1C,3,1,0,0.0346583312409382,0.106135592342381,0.106135592342381,Lengthened_only,0.0363548124501893
MRI1,5,1,1,0.0350102413702714,14.1978036241622,14.1978036241622,Shortened_only,0.0367131013752989
SLC44A5,4,1,1,0.0352480916516111,3.8641120705418,3.8641120705418,Lengthened_only,0.0369517793661435
KLHL12,10,1,1,0.0353910913670262,15.2233227537255,15.2233227537255,Lengthened_only,0.0372820886670625
NME6,7,1,1,0.0353910913670262,14.4919719459258,14.4919719459258,Lengthened_only,0.0373493700578876
SKA2,22,1,1,0.0353910913670262,4.61882441262138,4.61882441262138,Lengthened_only,0.0374901318633563
FBXO21,17,1,1,0.0358921811857001,2.23882438050873,2.23882438050873,Shortened_only,0.0377981145213055
DCPS,7,1,1,0.0360746116968685,2.86068127985465,2.86068127985465,Shortened_only,0.037967228101778
SLC6A11,4,1,1,0.0360746116968685,2.15132419855309,2.15132419855309,Shortened_only,0.0381100441016811
ST7L,8,1,1,0.0365727750002836,14.5544747986387,14.5544747986387,Shortened_only,0.0384574295404316
SPAG9,15,1,1,0.0365727750002836,4.07787982631535,4.07787982631535,Shortened_only,0.0386128419551862
KIAA1958,8,1,1,0.0365727750002836,1.14803085248402,1.14803085248402,Shortened_only,0.0387495374169475
HAUS1,3,1,1,0.0367304811709292,13.9845914374737,13.9845914374737,Lengthened_only,0.0387988268854498
KDSR,21,1,1,0.0367304811709292,16.028921557413,16.028921557413,Shortened_only,0.038995658101173
RYBP,12,1,1,0.0367304811709292,13.8800308708243,13.8800308708243,Lengthened_only,0.039093086780758
PIGO,11,1,1,0.0368668457649281,16.2547215423642,16.2547215423642,Shortened_only,0.0391389566905195
CENPF,18,1,1,0.0368798007649542,14.9988949408124,14.9988949408124,Lengthened_only,0.0393867169217037
LAMTOR1,8,2,2,0.0374374530745331,15.7496213900582,9.27222538371449,Shortened_only,0.0401361155362521
ETV3,2,1,0,0.0391448218170763,0.118550778068338,0.118550778068338,Lengthened_only,0.0419496927256381
ZMYM2,22,1,1,0.0396839038475565,4.71557735601787,4.71557735601787,Shortened_only,0.0427301575627804
RECQL4,3,1,1,0.0401984735548716,0.679486928514123,0.679486928514123,Lengthened_only,0.04326672574425
DENND5B,6,1,1,0.0407003835332662,14.6529615419327,14.6529615419327,Lengthened_only,0.0437894191458074
ATP11A,11,1,1,0.0410260992598258,14.3671908358492,14.3671908358492,Lengthened_only,0.0441054912818051
SRSF4,4,1,1,0.0410260992598258,4.15493622812708,4.15493622812708,Lengthened_only,0.0441480787203472
TMEM170A,10,1,1,0.0414150371711956,5.12133418171416,5.12133418171416,Lengthened_only,0.0445064110885612
ACER2,4,1,1,0.0415863722568418,13.3518436680324,13.3518436680324,Lengthened_only,0.04462404725109
TMEM184C,7,1,1,0.0415863722568418,2.47390756760541,2.47390756760541,Shortened_only,0.044675752735781
DAP3,5,1,1,0.0415863722568418,13.5947610417618,13.5947610417618,Shortened_only,0.0447933317425997
TCFL5,10,1,1,0.0415863722568418,4.18870130043233,4.18870130043233,Shortened_only,0.0447990478605258
GLI3,9,1,1,0.042240911805448,2.47585985895735,2.47585985895735,Shortened_only,0.0453095526500639
DOK4,5,1,1,0.0435378652287267,5.17630128467182,5.17630128467182,Lengthened_only,0.0466831000402465
SGMS2,9,1,1,0.0443931502559521,13.7135605255032,13.7135605255032,Lengthened_only,0.0474847566511129
RTN3,10,1,1,0.0443931502559521,15.9492387820681,15.9492387820681,Shortened_only,0.0475878684561268
SUN1,5,1,0,0.0443931502559521,0.376484825816103,0.376484825816103,Shortened_only,0.0476226918358764
UTP11,6,1,1,0.0443931502559521,15.1182029228284,15.1182029228284,Lengthened_only,0.0476826701397565
METTL8,25,1,1,0.0443931502559521,1.83370622779961,1.83370622779961,Shortened_only,0.0477023776945842
RBM45,7,1,1,0.0443931502559521,0.849873550194793,0.849873550194793,Lengthened_only,0.0478940228258281
KLHL5,17,1,1,0.0443931502559521,5.1200152882142,5.1200152882142,Lengthened_only,0.0480151851550363
MFSD4B,20,1,1,0.0453401338958842,15.8053355185142,15.8053355185142,Shortened_only,0.0484649773968602
TP53RK,16,1,1,0.0453401338958842,15.5161321320103,15.5161321320103,Lengthened_only,0.0485209725339331
GNG11,7,1,1,0.0455944539404477,13.1264602510416,13.1264602510416,Lengthened_only,0.0487207716557639
CLCN2,2,1,1,0.0474027463203445,1.28214361990225,1.28214361990225,Shortened_only,0.0506353258245663
LCORL,12,1,1,0.0493960170344296,14.9795642391608,14.9795642391608,Lengthened_only,0.0532105258157028
PRKAR2A,9,1,1,0.0493960170344296,16.4065065845167,16.4065065845167,Shortened_only,0.0534494358687374
ZADH2,21,1,1,0.0499625856336301,2.65930877389635,2.65930877389635,Shortened_only,0.0539641975161738
TTI2,4,1,1,0.0499625856336301,1.84153670662453,1.84153670662453,Shortened_only,0.054055379366205
NR2F2,15,1,1,0.0499625856336301,4.89225872617808,4.89225872617808,Lengthened_only,0.054283752619518
VPS4A,14,0,0,0.050312702475878,NA,NA,NA,0.0543225736166241
PIK3CB,13,1,1,0.0499625856336301,15.7777738231662,15.7777738231662,Lengthened_only,0.0543611009556389
FH,5,1,1,0.0499625856336301,14.7643434922718,14.7643434922718,Shortened_only,0.0543971460010565
CYB5B,19,0,0,0.0509886841390513,NA,NA,NA,0.0550322760902996
XRN1,8,0,0,0.0511960028680893,NA,NA,NA,0.0552363954301564
TMSB4X,4,0,0,0.052754902512821,NA,NA,NA,0.0568970226264869
ACTR3B,4,0,0,0.0531089216002917,NA,NA,NA,0.0572586899063069
NCKIPSD,11,0,0,0.0540426467159476,NA,NA,NA,0.0582050728207214
AIMP1,9,0,0,0.0540426467159476,NA,NA,NA,0.058420303155359
RWDD2B,13,0,0,0.0540426467159476,NA,NA,NA,0.0584990184639642
TNFAIP8,13,0,0,0.0544086161870456,NA,NA,NA,0.0585598920118379
FAM118B,10,0,0,0.0544086161870456,NA,NA,NA,0.058778207013837
DCP2,18,0,0,0.0552419692221742,NA,NA,NA,0.0594171224479239
SDC3,7,0,0,0.0552419692221742,NA,NA,NA,0.0594861553362407
KCTD11,3,0,0,0.0555873782548697,NA,NA,NA,0.0597689873839129
LAP3,5,0,0,0.0557795737472462,NA,NA,NA,0.0599372154172078
ZDHHC20,10,0,0,0.0557751125622963,NA,NA,NA,0.0599514560632424
OTUD5,7,0,0,0.0566266494887425,NA,NA,NA,0.0607895886558458
TBP,6,0,0,0.0566266494887425,NA,NA,NA,0.0610053548595414
OARD1,10,0,0,0.0568744181818489,NA,NA,NA,0.0610179861922355
B4GAT1,4,0,0,0.0568744181818489,NA,NA,NA,0.0610464575149217
PCLAF,23,0,0,0.0569527706677697,NA,NA,NA,0.0610652226496541
GLRX3,10,0,0,0.0566266494887425,NA,NA,NA,0.0611396824381627
SMNDC1,16,0,0,0.0569527706677697,NA,NA,NA,0.0612224426010775
SH3BP5L,3,0,0,0.0573275567300508,NA,NA,NA,0.0614484109352606
SMAGP,4,0,0,0.0574558887068566,NA,NA,NA,0.0614619497244944
CCDC113,7,0,0,0.0574558887068566,NA,NA,NA,0.0615904153191339
PPP1CB,20,0,0,0.0576560305827502,NA,NA,NA,0.0616079463023058
BNIP3,9,0,0,0.0574558887068566,NA,NA,NA,0.0616974945585252
MON2,25,0,0,0.0576560305827502,NA,NA,NA,0.0617050625577644
RUBCN,11,0,0,0.0576560305827502,NA,NA,NA,0.0617254661938627
COG5,25,0,0,0.0574558887068566,NA,NA,NA,0.0617971126422023
ARNTL2,20,0,0,0.0576560305827502,NA,NA,NA,0.0618327762180226
SNX25,13,0,0,0.0574558887068566,NA,NA,NA,0.0619550315978983
ANKFY1,11,0,0,0.0574558887068566,NA,NA,NA,0.0619561790359464
TIA1,17,0,0,0.0574558887068566,NA,NA,NA,0.0621265471349199
BLOC1S6,10,0,0,0.0588610200727026,NA,NA,NA,0.0628603173113803
UBR3,20,0,0,0.0588610200727026,NA,NA,NA,0.0630379094937457
EPC2,13,0,0,0.0593087626461096,NA,NA,NA,0.0633211197354584
SLC46A1,9,0,0,0.0594014327706167,NA,NA,NA,0.0633376017498064
INPP5E,3,0,0,0.0594014327706167,NA,NA,NA,0.0635152458685146
ACVR1,5,0,0,0.0594014327706167,NA,NA,NA,0.0637405410582248
TGFB2,6,0,0,0.0594014327706167,NA,NA,NA,0.063891258856606
PQBP1,2,0,0,0.0594014327706167,NA,NA,NA,0.0639112405953781
RBMS2,26,0,0,0.0603746561495293,NA,NA,NA,0.0643577798806086
KLF3,20,0,0,0.060889654544535,NA,NA,NA,0.0648897549661078
MIEF1,16,0,0,0.0610244241707985,NA,NA,NA,0.0652386022816193
SUGT1,18,0,0,0.0610244241707985,NA,NA,NA,0.0652947000300565
ADSL,16,0,0,0.0611818938813105,NA,NA,NA,0.0653897488011924
AIG1,11,0,0,0.0623388595553578,NA,NA,NA,0.0665905420249434
AJUBA,11,0,0,0.0623388595553578,NA,NA,NA,0.0667408763768875
TNKS2,11,0,0,0.0628218905411194,NA,NA,NA,0.0670888198480866
PARP12,4,0,0,0.0636438776940235,NA,NA,NA,0.0679483838573594
APPL1,18,0,0,0.0643050741398288,NA,NA,NA,0.0686361964290375
MCM10,11,0,0,0.065862164190095,NA,NA,NA,0.0702611269720114
UCK1,6,0,0,0.065862164190095,NA,NA,NA,0.0705045587195846
SIKE1,19,0,0,0.0667908069531969,NA,NA,NA,0.07146604806338
OSGEPL1,4,0,0,0.0667908069531969,NA,NA,NA,0.0716422039740714
PLEKHG2,10,0,0,0.0668925447095707,NA,NA,NA,0.0716762240958879
CBX1,10,0,0,0.0668925447095707,NA,NA,NA,0.0717256026056934
ABI2,16,0,0,0.0668925447095707,NA,NA,NA,0.0717473102497371
SNRNP27,21,0,0,0.0670281179863503,NA,NA,NA,0.0718031877708462
FOLR1,2,0,0,0.0670650964534315,NA,NA,NA,0.0718247603607689
UBXN1,2,0,0,0.0671087182946555,NA,NA,NA,0.0718358003159204
TOR1AIP1,14,0,0,0.0668925447095707,NA,NA,NA,0.071851934532724
EIF2AK2,20,0,0,0.0671087182946555,NA,NA,NA,0.0719557563176907
GTF2H3,6,0,0,0.0668925447095707,NA,NA,NA,0.0720423833780864
FANCB,16,0,0,0.0668925447095707,NA,NA,NA,0.0721980924146137
KDM5A,15,0,0,0.0675392666057599,NA,NA,NA,0.0722782922728702
EIF5B,28,0,0,0.0676690633693086,NA,NA,NA,0.0723644378348904
AGPAT3,16,0,0,0.0676689946284958,NA,NA,NA,0.0723992825719
TBRG1,8,0,0,0.0668925447095707,NA,NA,NA,0.0724071744304145
SKAP2,6,0,0,0.0668925447095707,NA,NA,NA,0.072422529807982
MED21,13,0,0,0.0676690633693086,NA,NA,NA,0.0725326490039535
DHFR2,6,0,0,0.0685335581263175,NA,NA,NA,0.0733220156044633
NUDCD2,13,0,0,0.0685335581263175,NA,NA,NA,0.0734751936434954
MDM2,25,0,0,0.0685335581263175,NA,NA,NA,0.07364883192777
DPM3,3,0,0,0.0700498970073588,NA,NA,NA,0.0750436337129303
ERO1B,13,0,0,0.0700296247993147,NA,NA,NA,0.0750583408439451
BTRC,7,0,0,0.0700498970073588,NA,NA,NA,0.0751008319459671
RAP1A,11,0,0,0.0710426243037299,NA,NA,NA,0.0760690654647482
VKORC1L1,28,0,0,0.071038163931153,NA,NA,NA,0.0760824481152896
TRIP11,13,0,0,0.0711385127273617,NA,NA,NA,0.0761535241088288
ATP5S,18,0,0,0.0712542258037156,NA,NA,NA,0.0762592381047404
RNF25,3,0,0,0.0718817897331751,NA,NA,NA,0.0769118201391326
DNAJC2,14,0,0,0.0725095936410813,NA,NA,NA,0.0775465174466309
ENDOD1,10,0,0,0.0725095936410813,NA,NA,NA,0.0775980178971842
THSD4,6,0,0,0.07291871227558,NA,NA,NA,0.0779654420212787
RPP25,2,0,0,0.0735386148688774,NA,NA,NA,0.0786092217963121
FBXO7,4,0,0,0.0736881315560716,NA,NA,NA,0.0787155481406544
EVI2A,4,0,0,0.0736881315560716,NA,NA,NA,0.0787591965634727
PGGHG,5,0,0,0.0736881315560716,NA,NA,NA,0.0789434154283513
FUT8,6,0,0,0.0740603881250775,NA,NA,NA,0.0790949339907409
ZNF474,4,0,0,0.0766363268596658,NA,NA,NA,0.0817872321997775
UVRAG,6,0,0,0.0766363268596658,NA,NA,NA,0.0819919983478831
TOM1L1,15,0,0,0.0766363268596658,NA,NA,NA,0.0821998461008376
INVS,14,0,0,0.0775175410327816,NA,NA,NA,0.0827080385604936
RFC2,13,0,0,0.0778647441188678,NA,NA,NA,0.0830598883829346
UBQLN2,7,0,0,0.0797614057333663,NA,NA,NA,0.0850611232477389
IPO11,14,0,0,0.0798182085886638,NA,NA,NA,0.0853616140336393
RAB32,4,0,0,0.0812131228849847,NA,NA,NA,0.0868313708137621
NABP1,19,0,0,0.0817339454590839,NA,NA,NA,0.0873679306804819
VSNL1,9,0,0,0.0832637314861416,NA,NA,NA,0.0889805149333234
FAM217B,9,0,0,0.084234630193915,NA,NA,NA,0.0899964421249638
VPS13A,16,0,0,0.0848169322422284,NA,NA,NA,0.0905977311973066
HOOK3,18,0,0,0.086071291030082,NA,NA,NA,0.0918564748859013
ZBED4,15,0,0,0.0860575467897224,NA,NA,NA,0.0918807879687995
COMMD1,12,0,0,0.086071291030082,NA,NA,NA,0.0919478161329293
CPSF2,29,0,0,0.0860575467897224,NA,NA,NA,0.0920348771069972
GEMIN4,12,0,0,0.0868340844381385,NA,NA,NA,0.0929011038108154
KDM2B,15,0,0,0.0868340844381385,NA,NA,NA,0.0931864449524066
CARNMT1,6,0,0,0.0884580298736742,NA,NA,NA,0.0946143541834632
NOL9,7,0,0,0.0899717258257571,NA,NA,NA,0.0961275925366268
FAM111B,6,0,0,0.0899541786891717,NA,NA,NA,0.0961290969369777
TM7SF3,8,0,0,0.0899541786891717,NA,NA,NA,0.0963164357681204
KLHL42,15,0,0,0.0899541786891717,NA,NA,NA,0.0963690444223614
APBB2,19,0,0,0.0899541786891717,NA,NA,NA,0.0965707759062676
METTL2B,13,0,0,0.0911350037047049,NA,NA,NA,0.0973473380705085
KIAA0753,6,0,0,0.0915542386644716,NA,NA,NA,0.0977738116361053
GSE1,10,0,0,0.0929347242090411,NA,NA,NA,0.099203779574927
LATS1,5,0,0,0.0929347242090411,NA,NA,NA,0.0994967848407883
VDR,11,0,0,0.0937103846762293,NA,NA,NA,0.100009386810808
C8orf37,6,0,0,0.0942650487317905,NA,NA,NA,0.100518799219513
HSPA12A,10,0,0,0.0942650487317905,NA,NA,NA,0.100664016747953
PARP3,4,0,0,0.0942650487317905,NA,NA,NA,0.100951000197296
PMP22,2,0,0,0.0942650487317905,NA,NA,NA,0.10099897780566
PACSIN2,12,0,0,0.0945740048948718,NA,NA,NA,0.1010875940851
IRF2BPL,5,0,0,0.0945740048948718,NA,NA,NA,0.101370607794959
UBE2K,23,0,0,0.0960675820973339,NA,NA,NA,0.102659166493945
RRM2,25,0,0,0.0969516266735607,NA,NA,NA,0.103580471254364
GALNT1,15,0,0,0.0971668077380468,NA,NA,NA,0.103747130405324
ADAM12,5,0,0,0.0971668077380468,NA,NA,NA,0.103848272042638
NAA35,15,0,0,0.0971668077380468,NA,NA,NA,0.103990745647524
SCAMP2,3,0,0,0.0976726853529425,NA,NA,NA,0.104549316441758
LRPAP1,24,0,0,0.0977604385448902,NA,NA,NA,0.104743222686706
RBM23,12,0,0,0.0977604385448902,NA,NA,NA,0.104838848470184
CNNM3,10,0,0,0.0977604385448902,NA,NA,NA,0.104887314396615
IKZF5,4,0,0,0.0977604385448902,NA,NA,NA,0.104994529629021
SLC10A7,9,0,0,0.099518869557081,NA,NA,NA,0.106982776563374
USP15,12,0,0,0.0997072762472154,NA,NA,NA,0.107161800743751
URB1,15,0,0,0.0998493967603067,NA,NA,NA,0.107291256388025
ADGRA3,9,0,0,0.100312669949615,NA,NA,NA,0.107697009223799
FAM20B,20,0,0,0.100372576321507,NA,NA,NA,0.107738767050472
FAM98A,3,0,0,0.100466387142566,NA,NA,NA,0.107816906614769
SNAPC3,39,0,0,0.100312669949615,NA,NA,NA,0.10788043391808
ZNF554,6,0,0,0.100312669949615,NA,NA,NA,0.108072211254051
RPLP1,7,0,0,0.100312669949615,NA,NA,NA,0.108104509652144
B3GNT4,8,0,0,0.101178778560669,NA,NA,NA,0.108534817199766
HSPD1,8,0,0,0.101391194735186,NA,NA,NA,0.108739921861779
MGAT4B,6,0,0,0.101178778560669,NA,NA,NA,0.108797953893195
GHITM,29,0,0,0.101563786404215,NA,NA,NA,0.108880528630994
ZNF740,12,0,0,0.101645068179094,NA,NA,NA,0.108945591100642
HINT3,10,0,0,0.101563786404215,NA,NA,NA,0.108978012935362
ATP6V1G1,15,0,0,0.101671026551876,NA,NA,NA,0.109230916551957
FAM168A,20,0,0,0.102365729247064,NA,NA,NA,0.110209873047419
VPS41,16,0,0,0.102365729247064,NA,NA,NA,0.110504682113176
GPD2,8,0,0,0.102795358564369,NA,NA,NA,0.110927978524564
TDP2,6,0,0,0.104855128709635,NA,NA,NA,0.113119950153263
C11orf95,4,0,0,0.106158364380084,NA,NA,NA,0.114704503742571
PAFAH1B1,16,0,0,0.106862876957974,NA,NA,NA,0.115519003957048
AFG3L2,10,0,0,0.106890536147299,NA,NA,NA,0.115523620395582
CAMK1D,9,0,0,0.108213324503364,NA,NA,NA,0.116923529463973
JRK,5,0,0,0.109223023691589,NA,NA,NA,0.117985661852858
MBOAT1,4,0,0,0.10994035438011,NA,NA,NA,0.118732611771622
ATG4C,6,0,0,0.11039790084138,NA,NA,NA,0.119074113677882
MAP3K7CL,3,0,0,0.110319491953021,NA,NA,NA,0.119115305248209
LMBR1,35,0,0,0.11039790084138,NA,NA,NA,0.119283217382605
CDH2,7,0,0,0.11039790084138,NA,NA,NA,0.119501858464522
MOB3A,7,0,0,0.11039790084138,NA,NA,NA,0.11969516867259
RAD54L2,6,0,0,0.11039790084138,NA,NA,NA,0.119864978241905
MUT,9,0,0,0.111425610272268,NA,NA,NA,0.120446202067172
CLOCK,11,0,0,0.111727688730392,NA,NA,NA,0.120745996251038
AZIN2,3,0,0,0.112899553309632,NA,NA,NA,0.121982489468413
DICER1,10,0,0,0.113454963930444,NA,NA,NA,0.122554778535687
RPL23A,8,0,0,0.113766539724783,NA,NA,NA,0.122864455502993
SUPT7L,16,0,0,0.114319736352407,NA,NA,NA,0.123434128138786
RPS29,7,0,0,0.115360003633055,NA,NA,NA,0.124527668345142
ALDH6A1,14,0,0,0.115440165770522,NA,NA,NA,0.124588128766751
RCOR3,15,0,0,0.116051095577575,NA,NA,NA,0.125219439546229
RAB2A,20,0,0,0.11619541563373,NA,NA,NA,0.12534893283533
IGSF3,13,0,0,0.117395751862119,NA,NA,NA,0.126613514616963
NGRN,13,0,0,0.117532804167091,NA,NA,NA,0.126735068348289
TMEM168,20,0,0,0.119067476708712,NA,NA,NA,0.128358110678926
GDF11,16,0,0,0.120092129146359,NA,NA,NA,0.129432716267503
ZNF852,4,0,0,0.121025090825133,NA,NA,NA,0.130408477922861
PDAP1,11,0,0,0.121576361201922,NA,NA,NA,0.130974192909223
SUPT16H,6,0,0,0.12195083266197,NA,NA,NA,0.131324061088862
IDH3A,11,0,0,0.12195083266197,NA,NA,NA,0.131564925938127
RRAGB,5,0,0,0.1228911047795,NA,NA,NA,0.132178383506414
HTT,5,0,0,0.122973305192974,NA,NA,NA,0.132241128482895
TRDMT1,17,0,0,0.1228911047795,NA,NA,NA,0.132315350617709
G3BP1,22,0,0,0.1228911047795,NA,NA,NA,0.132400556670446
ADGRG2,5,0,0,0.1228911047795,NA,NA,NA,0.132435142320602
SPICE1,6,0,0,0.123196247737124,NA,NA,NA,0.132454709166314
TPCN1,6,0,0,0.1228911047795,NA,NA,NA,0.132488163662667
PSMA4,14,0,0,0.1228911047795,NA,NA,NA,0.132585795978013
PRDM8,3,0,0,0.123523115846114,NA,NA,NA,0.13277960301578
IL21R,4,0,0,0.124580466604156,NA,NA,NA,0.13388653949022
HEMK1,11,0,0,0.126245660469373,NA,NA,NA,0.136259205969595
NEK9,22,0,0,0.126484352522545,NA,NA,NA,0.136488820645319
FKBP14,15,0,0,0.126670435667542,NA,NA,NA,0.13696919470416
EXOC6B,5,0,0,0.127350535114454,NA,NA,NA,0.137646404986393
CTIF,9,0,0,0.127350535114454,NA,NA,NA,0.13777371877374
EXOG,9,0,0,0.127558674081277,NA,NA,NA,0.137815621784925
RBMX2,3,0,0,0.127558674081277,NA,NA,NA,0.13785026422794
ARHGAP21,4,0,0,0.12789136852483,NA,NA,NA,0.138452753628939
ERLIN2,24,0,0,0.128947939066957,NA,NA,NA,0.139535726997442
PIGM,19,0,0,0.128947939066957,NA,NA,NA,0.139764436750777
FJX1,3,0,0,0.129464599532877,NA,NA,NA,0.140543942063952
PNMA8A,4,0,0,0.129537648191687,NA,NA,NA,0.140613726699013
FZD8,11,0,0,0.129564840964236,NA,NA,NA,0.140614380614337
NAA30,19,0,0,0.129464599532877,NA,NA,NA,0.140841227504115
ESRP2,12,0,0,0.129464599532877,NA,NA,NA,0.14095745801259
ANK1,5,0,0,0.129464599532877,NA,NA,NA,0.141072837938421
TOGARAM1,2,0,0,0.129464599532877,NA,NA,NA,0.141337522727715
COPS7B,6,0,0,0.13178671112908,NA,NA,NA,0.14298636803513
ZNF543,16,0,0,0.131846728123288,NA,NA,NA,0.142993330762307
FAM83B,10,0,0,0.131846728123288,NA,NA,NA,0.143109527525381
MARK1,7,0,0,0.132111120630456,NA,NA,NA,0.143250042375324
CCDC186,8,0,0,0.132462413790973,NA,NA,NA,0.143600559484918
CDK17,19,0,0,0.132650653896525,NA,NA,NA,0.143633632964343
COX14,7,0,0,0.132650653896525,NA,NA,NA,0.143871611078749
LYSMD3,12,0,0,0.132650653896525,NA,NA,NA,0.143884260543751
TCHH,2,0,0,0.132650653896525,NA,NA,NA,0.143963766901254
TOMM40,5,0,0,0.132650653896525,NA,NA,NA,0.143990578471173
MTA3,5,0,0,0.133169346721518,NA,NA,NA,0.144136866967839
FBLN1,8,0,0,0.132650653896525,NA,NA,NA,0.144243448403854
PERP,9,0,0,0.133169346721518,NA,NA,NA,0.144413726907808
PLEKHA1,13,0,0,0.133628724462884,NA,NA,NA,0.144603991218394
MAP3K3,7,0,0,0.134430916227173,NA,NA,NA,0.145440256020821
TTC9,6,0,0,0.134496339283143,NA,NA,NA,0.145455182197064
NKTR,10,0,0,0.134473388856585,NA,NA,NA,0.145458176922806
ATP11B,9,0,0,0.134686012213855,NA,NA,NA,0.145631757108252
RBM28,5,0,0,0.135208750006101,NA,NA,NA,0.146166795859909
YME1L1,14,0,0,0.135450731162398,NA,NA,NA,0.146485157062455
FXR1,23,0,0,0.135450731162398,NA,NA,NA,0.146551400439852
TTC4,10,0,0,0.135450731162398,NA,NA,NA,0.146618611112027
MRPS30,18,0,0,0.135450731162398,NA,NA,NA,0.14693108032168
MED4,20,0,0,0.136847072473358,NA,NA,NA,0.148067059226439
L2HGDH,11,0,0,0.136960862070091,NA,NA,NA,0.148078911562761
RPS26,3,0,0,0.136847072473358,NA,NA,NA,0.148123843825098
AMMECR1,3,0,0,0.136960862070091,NA,NA,NA,0.148146629756167
LITAF,18,0,0,0.136949216924511,NA,NA,NA,0.148149216173008
PTCH1,6,0,0,0.136960862070091,NA,NA,NA,0.148346008839321
TPD52,26,0,0,0.137491075643214,NA,NA,NA,0.148594589876166
CHML,4,0,0,0.137491075643214,NA,NA,NA,0.148761744324754
WDR5,8,0,0,0.137681286487862,NA,NA,NA,0.14877188365259
MTHFD2,20,0,0,0.138396999414426,NA,NA,NA,0.149514216109875
TAOK1,14,0,0,0.138668395096137,NA,NA,NA,0.149778726813781
CALR,7,0,0,0.138967054643742,NA,NA,NA,0.150345255549128
NPLOC4,5,0,0,0.138967054643742,NA,NA,NA,0.150470536595615
SMIM15,27,0,0,0.139555036095575,NA,NA,NA,0.150922832653534
IFT80,7,0,0,0.139555036095575,NA,NA,NA,0.151190131008955
PAQR6,4,0,0,0.140854084829012,NA,NA,NA,0.152292946260171
CD55,19,0,0,0.142577034605781,NA,NA,NA,0.15411843473039
ZNF207,32,0,0,0.144135866285912,NA,NA,NA,0.155738488604607
MTRF1L,8,0,0,0.144135866285912,NA,NA,NA,0.155923155872329
FAM173B,33,0,0,0.144337991851912,NA,NA,NA,0.156008445004904
DCAKD,3,0,0,0.144337991851912,NA,NA,NA,0.156161745783169
SUPT4H1,9,0,0,0.144337991851912,NA,NA,NA,0.15620846058719
HNRNPF,11,0,0,0.144337991851912,NA,NA,NA,0.156222588418976
SMC2,22,0,0,0.144337991851912,NA,NA,NA,0.156310814094019
NCKAP1,15,0,0,0.144337991851912,NA,NA,NA,0.15635894341235
TSKU,5,0,0,0.144706940307495,NA,NA,NA,0.15637735264984
LOC400927-CSNK1E,7,0,0,0.144337991851912,NA,NA,NA,0.156386053247931
CTH,10,0,0,0.144337991851912,NA,NA,NA,0.156420150528896
BIRC5,11,0,0,0.144337991851912,NA,NA,NA,0.156627167202219
PSKH1,7,0,0,0.145240651517333,NA,NA,NA,0.157220555695118
POLR3F,4,0,0,0.145579151055676,NA,NA,NA,0.157561335261776
CAPRIN1,34,0,0,0.146024570938353,NA,NA,NA,0.158012494980798
ADK,20,0,0,0.146128543980506,NA,NA,NA,0.158096129061829
ZC3H12C,15,0,0,0.146275352615692,NA,NA,NA,0.158329645274255
CDC73,33,0,0,0.146275352615692,NA,NA,NA,0.158578620274179
INPP5A,6,0,0,0.146910561860155,NA,NA,NA,0.159125928051357
MTMR3,14,0,0,0.146910561860155,NA,NA,NA,0.159201360238302
RIF1,21,0,0,0.147142300190095,NA,NA,NA,0.159595948135413
HEXA,6,0,0,0.147276833608956,NA,NA,NA,0.159763819986607
ARF1,9,0,0,0.150966193164217,NA,NA,NA,0.163713907313848
CCNDBP1,5,0,0,0.151030512137653,NA,NA,NA,0.163922852012501
POLR3G,7,0,0,0.151234523589363,NA,NA,NA,0.164250432015292
STYX,24,0,0,0.151481481827111,NA,NA,NA,0.164486986838613
RETSAT,6,0,0,0.152118232870156,NA,NA,NA,0.165144321977972
PTAR1,16,0,0,0.153424393362136,NA,NA,NA,0.166523884529262
ARNT,12,0,0,0.154443590128397,NA,NA,NA,0.167562999400891
CSTF2T,12,0,0,0.154443590128397,NA,NA,NA,0.167858173699467
TTC19,17,0,0,0.155054504324927,NA,NA,NA,0.168191642533509
RETREG2,10,0,0,0.15547362266277,NA,NA,NA,0.16861333565591
CNOT2,8,0,0,0.15704895296328,NA,NA,NA,0.170281203591469
COQ10A,2,0,0,0.157588948571203,NA,NA,NA,0.17111504442197
DNM2,6,0,0,0.157775429990423,NA,NA,NA,0.171285400413021
GIN1,6,0,0,0.157588948571203,NA,NA,NA,0.171326466383513
ACSL1,12,0,0,0.158358873402202,NA,NA,NA,0.171884064435374
CLEC2D,7,0,0,0.158434504574955,NA,NA,NA,0.171934839116239
PHF20,17,0,0,0.159451611034134,NA,NA,NA,0.173042259196934
SDHC,19,0,0,0.159451611034134,NA,NA,NA,0.173097203081941
FAM89A,8,0,0,0.159451611034134,NA,NA,NA,0.17313374681463
ZBTB8A,12,0,0,0.159451611034134,NA,NA,NA,0.173173118475449
ZNF860,8,0,0,0.159451611034134,NA,NA,NA,0.173196762560503
SMG8,3,0,0,0.159451611034134,NA,NA,NA,0.173264468199487
CDK18,5,0,0,0.159451611034134,NA,NA,NA,0.173394294886323
G2E3,19,0,0,0.159451611034134,NA,NA,NA,0.173572031617011
PCGF5,10,0,0,0.160239143572565,NA,NA,NA,0.173916036343609
PHAX,18,0,0,0.160385106506523,NA,NA,NA,0.174012196067197
LEPROT,10,0,0,0.160385106506523,NA,NA,NA,0.174165011808955
CPNE3,12,0,0,0.160750316403589,NA,NA,NA,0.174344979460476
CRIPT,19,0,0,0.160750316403589,NA,NA,NA,0.174456005481727
DGLUCY,4,0,0,0.162496498073255,NA,NA,NA,0.176196117435375
TNPO2,5,0,0,0.163054683851547,NA,NA,NA,0.176766824675489
ALG1,12,0,0,0.163230979056117,NA,NA,NA,0.17692612993753
TIPIN,16,0,0,0.163408494688992,NA,NA,NA,0.177279275172868
IPO9,36,0,0,0.165743462348256,NA,NA,NA,0.17988498440497
GPRC5C,4,0,0,0.165903954976768,NA,NA,NA,0.18002662898929
GOLGA7,6,0,0,0.166091691779047,NA,NA,NA,0.18048046340928
SRSF9,8,0,0,0.166091691779047,NA,NA,NA,0.180797863340538
DGCR8,6,0,0,0.166473031884704,NA,NA,NA,0.180828640383041
ALG12,6,0,0,0.166473031884704,NA,NA,NA,0.180883664992903
C17orf58,2,0,0,0.166723309808037,NA,NA,NA,0.181067083242239
TSPAN14,16,0,0,0.168994464750584,NA,NA,NA,0.183453157330622
TMEM167B,6,0,0,0.168994464750584,NA,NA,NA,0.183792258600949
TARS2,3,0,0,0.171706392123455,NA,NA,NA,0.186344534044985
FBXO8,6,0,0,0.172683403469987,NA,NA,NA,0.187365125065979
DIAPH2,6,0,0,0.17289833924952,NA,NA,NA,0.187564439800215
FAM169A,6,0,0,0.174794540093551,NA,NA,NA,0.189898969276201
IFFO1,4,0,0,0.175703560440399,NA,NA,NA,0.19087470110564
SEPT11,23,0,0,0.176208855802988,NA,NA,NA,0.191975425848567
LDLRAD4,5,0,0,0.176208855802988,NA,NA,NA,0.192152652676636
AMN1,8,0,0,0.176668718844911,NA,NA,NA,0.192404346708835
PPP2R1B,8,0,0,0.176668718844911,NA,NA,NA,0.192458973037603
PITPNM2,3,0,0,0.177450595927515,NA,NA,NA,0.193181353799144
ATF5,3,0,0,0.177450595927515,NA,NA,NA,0.193281390885625
SUCLA2,15,0,0,0.178600709588367,NA,NA,NA,0.194355914767931
FSBP,4,0,0,0.178600709588367,NA,NA,NA,0.194430686195173
NUCB1,7,0,0,0.179015263065891,NA,NA,NA,0.195095655886555
SEC23A,11,0,0,0.179265858705873,NA,NA,NA,0.195332129969861
PLEKHA5,3,0,0,0.179654599416579,NA,NA,NA,0.196043919061878
PIAS2,22,0,0,0.181536286813792,NA,NA,NA,0.198046307394555
TXNL1,8,0,0,0.182265283633778,NA,NA,NA,0.199036929728981
EXOC8,12,0,0,0.183370162828062,NA,NA,NA,0.200291100054562
TFAP2A,11,0,0,0.183677923585046,NA,NA,NA,0.200588539406755
C8orf33,16,0,0,0.18551350274439,NA,NA,NA,0.203207636803552
TGFBR1,28,0,0,0.186344760635812,NA,NA,NA,0.204035794509844
SENP2,8,0,0,0.186344760635812,NA,NA,NA,0.20427834817612
SNX19,15,0,0,0.186771105013583,NA,NA,NA,0.204461412017364
TM9SF1,3,0,0,0.187402462480001,NA,NA,NA,0.205109559474135
IMPAD1,30,0,0,0.188053401886231,NA,NA,NA,0.205741380029026
HSPB1,6,0,0,0.188053401886231,NA,NA,NA,0.205979065664773
LAMC2,9,0,0,0.188951948415437,NA,NA,NA,0.206641720764281
SDAD1,6,0,0,0.188951948415437,NA,NA,NA,0.206824935071755
R3HCC1,4,0,0,0.189362126851352,NA,NA,NA,0.207049367876757
HMBOX1,17,0,0,0.189620434588875,NA,NA,NA,0.207292278431556
SUZ12,12,0,0,0.189951041593219,NA,NA,NA,0.208082909939779
ZNF277,21,0,0,0.192213284095973,NA,NA,NA,0.210703409765363
ZNF571,3,0,0,0.193829515101583,NA,NA,NA,0.212382501600316
PRPF39,2,0,0,0.193829515101583,NA,NA,NA,0.212476120831324
RBM12,17,0,0,0.197224843642013,NA,NA,NA,0.215982642658502
DOCK7,3,0,0,0.197333155019304,NA,NA,NA,0.216061568203688
PWWP2A,7,0,0,0.197224843642013,NA,NA,NA,0.216160189159093
MCM5,5,0,0,0.197224843642013,NA,NA,NA,0.216187219562247
WIPF1,9,0,0,0.197224843642013,NA,NA,NA,0.216360930087169
ARHGDIA,7,0,0,0.197746188638419,NA,NA,NA,0.216471236681337
SELENOI,17,0,0,0.197224843642013,NA,NA,NA,0.21652850234748
RBM27,22,0,0,0.197224843642013,NA,NA,NA,0.216669772716318
RBM17,6,0,0,0.197224843642013,NA,NA,NA,0.216988960141241
ATAD2B,8,0,0,0.197224843642013,NA,NA,NA,0.217081172488386
TSR3,3,0,0,0.197224843642013,NA,NA,NA,0.217335285740572
ANKRD26,17,0,0,0.197224843642013,NA,NA,NA,0.217453451395579
VAMP3,11,0,0,0.198818154922808,NA,NA,NA,0.217557087898391
CSTB,4,0,0,0.197224843642013,NA,NA,NA,0.217613106507444
SLC35A3,14,0,0,0.198818154922808,NA,NA,NA,0.217792658604382
NEMP2,16,0,0,0.199616258821778,NA,NA,NA,0.21838405020946
FAM210B,12,0,0,0.199715183277806,NA,NA,NA,0.21845278835308
NAA40,12,0,0,0.199920934641207,NA,NA,NA,0.219001976897128
SNRPC,5,0,0,0.200074398178253,NA,NA,NA,0.219130019494873
WDFY2,16,0,0,0.199868851841691,NA,NA,NA,0.219179040491809
KIAA1549,9,0,0,0.199920934641207,NA,NA,NA,0.219230480527486
PYGL,4,0,0,0.199920934641207,NA,NA,NA,0.219381114363951
ZNRF3,5,0,0,0.200589484458235,NA,NA,NA,0.219459657936313
JAGN1,7,0,0,0.199868851841691,NA,NA,NA,0.219496675235634
DCTN4,16,0,0,0.199920934641207,NA,NA,NA,0.219533587738456
MTHFR,5,0,0,0.200589484458235,NA,NA,NA,0.21962335660597
CDH11,4,0,0,0.199868851841691,NA,NA,NA,0.219686765592826
CCS,7,0,0,0.199920934641207,NA,NA,NA,0.219774243552712
DIRC2,9,0,0,0.20094321304831,NA,NA,NA,0.21980522172467
PLEKHA6,8,0,0,0.199920934641207,NA,NA,NA,0.219916394380157
AHCYL1,5,0,0,0.200589484458235,NA,NA,NA,0.219926772269448
ABCB7,10,0,0,0.200589484458235,NA,NA,NA,0.220110465401706
MINDY2,12,0,0,0.201378888805463,NA,NA,NA,0.220239542525527
PPP1R12B,7,0,0,0.200589484458235,NA,NA,NA,0.220445945471584
STRIP2,9,0,0,0.200589484458235,NA,NA,NA,0.220635361371475
INF2,10,0,0,0.202279705001983,NA,NA,NA,0.22113986589191
C2CD2,8,0,0,0.202279705001983,NA,NA,NA,0.221239591894215
CLASP1,11,0,0,0.203127346899724,NA,NA,NA,0.22202002563513
RNF217,11,0,0,0.20364250706775,NA,NA,NA,0.222502253612913
RNF187,15,0,0,0.20364250706775,NA,NA,NA,0.222541347533026
SH3PXD2A,8,0,0,0.204553199374266,NA,NA,NA,0.223582844782961
SLC25A24,15,0,0,0.204553199374266,NA,NA,NA,0.223588273310001
B4GALT4,6,0,0,0.204553199374266,NA,NA,NA,0.223668572127018
NAB1,13,0,0,0.204553199374266,NA,NA,NA,0.22368721145627
STK17A,26,0,0,0.204919681208515,NA,NA,NA,0.224027521147085
SERP1,14,0,0,0.205050505563516,NA,NA,NA,0.224093557032623
ACTB,11,0,0,0.205050505563516,NA,NA,NA,0.224263172090347
ARID1B,6,0,0,0.207247635361689,NA,NA,NA,0.226433391231017
NPR3,9,0,0,0.208232364745751,NA,NA,NA,0.228089837707068
GBP2,8,0,0,0.208232364745751,NA,NA,NA,0.228272160914313
HMGCS1,8,0,0,0.208917522552163,NA,NA,NA,0.229019642903087
CRYBG1,8,0,0,0.209861338109675,NA,NA,NA,0.230073290132005
BCAP29,13,0,0,0.209861338109675,NA,NA,NA,0.230214328494581
BMPR1A,15,0,0,0.210297103296503,NA,NA,NA,0.230506619700763
HDGFL3,30,0,0,0.210372924233411,NA,NA,NA,0.230549356197584
PANK3,30,0,0,0.210743731383761,NA,NA,NA,0.230794371103611
ARID3A,11,0,0,0.210743731383761,NA,NA,NA,0.230911392980632
MCUB,14,0,0,0.210743731383761,NA,NA,NA,0.23105887218223
SPRYD3,8,0,0,0.210743731383761,NA,NA,NA,0.231239376083579
SPARC,12,0,0,0.212231319521029,NA,NA,NA,0.232328432846011
FANCL,3,0,0,0.212231319521029,NA,NA,NA,0.23242309875393
SRSF5,9,0,0,0.212700873575367,NA,NA,NA,0.232758952268531
FDFT1,20,0,0,0.212700873575367,NA,NA,NA,0.23286059150202
ZNF746,3,0,0,0.213143717028581,NA,NA,NA,0.233533079731892
USP10,4,0,0,0.213987901938595,NA,NA,NA,0.234543241659536
LUC7L3,9,0,0,0.214474689645346,NA,NA,NA,0.235231414755734
PDGFC,6,0,0,0.214674560618595,NA,NA,NA,0.235408265180705
ZNF410,7,0,0,0.215949978112381,NA,NA,NA,0.236752001685447
PNO1,18,0,0,0.216168340413849,NA,NA,NA,0.236948735725063
WDR33,14,0,0,0.217102941186222,NA,NA,NA,0.237922149861591
ZNF514,5,0,0,0.218450126729229,NA,NA,NA,0.239935463400156
SFT2D3,12,0,0,0.218550933468931,NA,NA,NA,0.239962873843232
CDC27,25,0,0,0.218550933468931,NA,NA,NA,0.24003587766333
FAM120A,10,0,0,0.218450126729229,NA,NA,NA,0.240306005032979
MAPRE1,16,0,0,0.218945706193018,NA,NA,NA,0.240350694644246
PTCD2,20,0,0,0.218450126729229,NA,NA,NA,0.240519551268195
SCRN3,9,0,0,0.219930145530274,NA,NA,NA,0.241378634748917
GCC2,5,0,0,0.220293427421724,NA,NA,NA,0.241732017307224
CA8,19,0,0,0.220815454212956,NA,NA,NA,0.242257618179066
RNFT1,4,0,0,0.221719926890514,NA,NA,NA,0.243157064653687
FBRSL1,7,0,0,0.221719926890514,NA,NA,NA,0.243392646204984
CNTF,9,0,0,0.224104004151789,NA,NA,NA,0.246041611808919
SOCS5,17,0,0,0.225019773817287,NA,NA,NA,0.247334986789506
TM2D2,9,0,0,0.227972688207772,NA,NA,NA,0.25080254320371
YTHDF3,20,0,0,0.227972688207772,NA,NA,NA,0.250865675236905
SLC35D1,13,0,0,0.228649910147568,NA,NA,NA,0.251796753542334
ATP6V1A,9,0,0,0.228817208689296,NA,NA,NA,0.251848192972542
TTC7B,4,0,0,0.228649910147568,NA,NA,NA,0.252183585083752
EPB41L2,5,0,0,0.228817208689296,NA,NA,NA,0.252233494083772
CD59,37,0,0,0.228817208689296,NA,NA,NA,0.252366968646801
ZHX2,2,0,0,0.229556092691769,NA,NA,NA,0.252608566957127
FAM168B,11,0,0,0.230308058087551,NA,NA,NA,0.253296296970632
RPE,26,0,0,0.230308058087551,NA,NA,NA,0.253431603224846
PLCG2,2,0,0,0.230308058087551,NA,NA,NA,0.253649089791819
AP5Z1,5,0,0,0.230720787728869,NA,NA,NA,0.253701696460041
AVEN,9,0,0,0.23188780660207,NA,NA,NA,0.255270665248219
GPATCH11,10,0,0,0.232706020368098,NA,NA,NA,0.256300448321617
JAM3,6,0,0,0.232706020368098,NA,NA,NA,0.256328989925059
DSTN,14,0,0,0.232706020368098,NA,NA,NA,0.256503897939028
NDUFB9,10,0,0,0.232706020368098,NA,NA,NA,0.256540693339076
CCDC71L,9,0,0,0.234015895799214,NA,NA,NA,0.257710309420001
PYGO1,5,0,0,0.234779316740741,NA,NA,NA,0.258452506502768
CETN3,4,0,0,0.234752823931247,NA,NA,NA,0.258467824753125
STRN,22,0,0,0.237490817915511,NA,NA,NA,0.261356380255792
PCNX4,13,0,0,0.238405244910034,NA,NA,NA,0.262305712318557
AGTRAP,3,0,0,0.238535598699218,NA,NA,NA,0.26240283712885
PCDHB13,6,0,0,0.238881487192972,NA,NA,NA,0.26273415919086
MBD2,7,0,0,0.239074375556105,NA,NA,NA,0.262899286410586
REEP5,10,0,0,0.240275222351789,NA,NA,NA,0.264158855239965
TMEM183A,7,0,0,0.241326638450821,NA,NA,NA,0.265255711436761
RPL37,14,0,0,0.24209102202541,NA,NA,NA,0.266040688140785
ITGB1,12,0,0,0.243200117284102,NA,NA,NA,0.267460917457369
PLXNA3,6,0,0,0.243200117284102,NA,NA,NA,0.267485973290869
EIF5,19,0,0,0.24330912664763,NA,NA,NA,0.267534343493123
C5orf42,7,0,0,0.243200117284102,NA,NA,NA,0.267661227999725
HNRNPA2B1,40,0,0,0.243879487556693,NA,NA,NA,0.2681085634623
TNIP2,3,0,0,0.243983554980649,NA,NA,NA,0.268176680162909
DDIT4,10,0,0,0.244448120897635,NA,NA,NA,0.268635964329598
AIDA,22,0,0,0.245918115338311,NA,NA,NA,0.270492024685781
PLA2G12A,28,0,0,0.245918115338311,NA,NA,NA,0.270814803058088
ELL,7,0,0,0.246507669553122,NA,NA,NA,0.27139248481664
LTBR,16,0,0,0.246507669553122,NA,NA,NA,0.271585746743277
ATAD5,11,0,0,0.248334896006179,NA,NA,NA,0.273333617198274
ERV3-1-ZNF117,16,0,0,0.248334896006179,NA,NA,NA,0.27363831453372
SLC7A2,11,0,0,0.248742168226386,NA,NA,NA,0.273988488601403
SH3TC2,11,0,0,0.248742168226386,NA,NA,NA,0.274208110724696
DPYSL2,8,0,0,0.25101135874916,NA,NA,NA,0.27640796952883
HM13,14,0,0,0.252606387881015,NA,NA,NA,0.278093913536332
TNFRSF1A,8,0,0,0.253781195448799,NA,NA,NA,0.27968017792839
MAP2K1,3,0,0,0.254000873751139,NA,NA,NA,0.279871612749344
SMIM13,7,0,0,0.25709783653596,NA,NA,NA,0.283189123148943
DDHD2,20,0,0,0.257489204993288,NA,NA,NA,0.283566424732833
RAVER2,7,0,0,0.25799576365054,NA,NA,NA,0.284671849004925
UNC13D,2,0,0,0.258076506330243,NA,NA,NA,0.284829823007682
CCDC58,5,0,0,0.258365287451836,NA,NA,NA,0.285095400296733
HNMT,2,0,0,0.258418624046944,NA,NA,NA,0.285104854519921
ZNF395,8,0,0,0.258533532534182,NA,NA,NA,0.285181379528258
HES2,9,0,0,0.259916464103175,NA,NA,NA,0.286636733971389
DEGS1,11,0,0,0.260377480521365,NA,NA,NA,0.287372079026276
CCNJ,5,0,0,0.260377480521365,NA,NA,NA,0.287448762592011
DNAJC15,14,0,0,0.260377480521365,NA,NA,NA,0.287516077563619
IRAK1BP1,16,0,0,0.260377480521365,NA,NA,NA,0.287543687591308
BBX,24,0,0,0.260377480521365,NA,NA,NA,0.287733946209389
NR4A2,2,0,0,0.260377480521365,NA,NA,NA,0.287833171932988
P3H2,6,0,0,0.260377480521365,NA,NA,NA,0.288128807071687
B4GALT1,9,0,0,0.260917156883065,NA,NA,NA,0.288412623264031
HDAC2,13,0,0,0.260992840586231,NA,NA,NA,0.288445792640309
PRMT6,9,0,0,0.261846847108525,NA,NA,NA,0.289326678866898
TTC30B,10,0,0,0.264004681756238,NA,NA,NA,0.291626605982783
TMEM259,3,0,0,0.265203971811442,NA,NA,NA,0.293143627264375
MAPRE2,4,0,0,0.265203971811442,NA,NA,NA,0.29322439634952
HSP90AB1,5,0,0,0.265203971811442,NA,NA,NA,0.29359839602531
MAPK14,17,0,0,0.265689427741856,NA,NA,NA,0.293983005888362
IDE,22,0,0,0.265978111389357,NA,NA,NA,0.294247242152438
PRCP,14,0,0,0.26613104860908,NA,NA,NA,0.294575548194497
PSMC5,2,0,0,0.26613104860908,NA,NA,NA,0.294673038409781
AP1S3,21,0,0,0.266381516107396,NA,NA,NA,0.294895558644052
RMDN1,10,0,0,0.2673037194481,NA,NA,NA,0.296070782815439
POLM,18,0,0,0.2673037194481,NA,NA,NA,0.296133106182541
OTULIN,15,0,0,0.269300441486723,NA,NA,NA,0.298905996928732
LYRM2,15,0,0,0.269300441486723,NA,NA,NA,0.298967444316462
ZRANB2,13,0,0,0.269616732821835,NA,NA,NA,0.29914760016227
FBXW11,11,0,0,0.269300441486723,NA,NA,NA,0.299221438772946
ZNF790,10,0,0,0.269616732821835,NA,NA,NA,0.299285055086707
ZNF526,9,0,0,0.269882449314156,NA,NA,NA,0.299385997353534
BMP2K,5,0,0,0.270673578675818,NA,NA,NA,0.30004310240009
SS18L1,11,0,0,0.270849451240333,NA,NA,NA,0.300183572705775
MKRN2,17,0,0,0.270673578675818,NA,NA,NA,0.30027239656448
SRR,7,0,0,0.271043743714549,NA,NA,NA,0.300292924430473
AGPS,17,0,0,0.270673578675818,NA,NA,NA,0.30035654121672
HRH1,6,0,0,0.271043743714549,NA,NA,NA,0.300467333369152
LMO4,14,0,0,0.270673578675818,NA,NA,NA,0.30056643381929
PLD5,12,0,0,0.272292902666597,NA,NA,NA,0.301552676728579
TBCEL,11,0,0,0.272292902666597,NA,NA,NA,0.301858926640439
FARP1,11,0,0,0.274489368626271,NA,NA,NA,0.303895317830811
ITGB1BP1,5,0,0,0.276406426428917,NA,NA,NA,0.306294973343286
MTUS2,4,0,0,0.277283487532601,NA,NA,NA,0.30828890434543
C11orf54,8,0,0,0.280323768791495,NA,NA,NA,0.311663236384634
RFFL,15,0,0,0.280563134915764,NA,NA,NA,0.312767591939477
FGFR1OP,8,0,0,0.280759930169473,NA,NA,NA,0.312970944357595
STARD3NL,5,0,0,0.280898985054857,NA,NA,NA,0.313067851703025
FOXO3,9,0,0,0.280759930169473,NA,NA,NA,0.313124640250274
TTBK2,6,0,0,0.282360843789763,NA,NA,NA,0.314606238425652
NDUFAF3,16,0,0,0.282338761932285,NA,NA,NA,0.314622310581551
CEP135,7,0,0,0.282338761932285,NA,NA,NA,0.314901870062501
TLE4,7,0,0,0.282338761932285,NA,NA,NA,0.31496749980703
CCNY,11,0,0,0.282338761932285,NA,NA,NA,0.315010394874199
SYNJ1,4,0,0,0.282591850781739,NA,NA,NA,0.315151946374387
PCDHB5,3,0,0,0.282338761932285,NA,NA,NA,0.315306818217347
NUCKS1,29,0,0,0.282338761932285,NA,NA,NA,0.315359441602653
PNISR,9,0,0,0.282338761932285,NA,NA,NA,0.315450165594509
ABI1,13,0,0,0.283187848371178,NA,NA,NA,0.315638752182727
CLCN3,17,0,0,0.283187848371178,NA,NA,NA,0.315997759336048
CIPC,4,0,0,0.283187848371178,NA,NA,NA,0.316044640444799
WBP1L,2,0,0,0.28403409479333,NA,NA,NA,0.316510601863154
LARP1,7,0,0,0.284950060583162,NA,NA,NA,0.317821796813885
PMAIP1,9,0,0,0.285636478219012,NA,NA,NA,0.318518331151618
PUM1,8,0,0,0.286988471795772,NA,NA,NA,0.319887898900692
GATAD1,11,0,0,0.286963512274218,NA,NA,NA,0.319916641960218
DSC2,25,0,0,0.287332972049763,NA,NA,NA,0.320209277748621
ORMDL3,5,0,0,0.287651720611422,NA,NA,NA,0.320502427337153
TRIM56,10,0,0,0.287968352243389,NA,NA,NA,0.320988890151615
TBCK,8,0,0,0.287968352243389,NA,NA,NA,0.321056046043509
SPTBN2,4,0,0,0.287968352243389,NA,NA,NA,0.32127618531564
RPL14,8,0,0,0.287968352243389,NA,NA,NA,0.321628619370292
NPEPPS,10,0,0,0.288747432047639,NA,NA,NA,0.321730297845163
R3HDM2,2,0,0,0.288743189544954,NA,NA,NA,0.321781553804614
PCCB,11,0,0,0.291075531996336,NA,NA,NA,0.324054578026812
ADCY7,6,0,0,0.291492863633523,NA,NA,NA,0.324177952737276
PSAT1,5,0,0,0.291492863633523,NA,NA,NA,0.324290745191116
DOPEY2,7,0,0,0.29159196758291,NA,NA,NA,0.324298146456185
MPZL1,17,0,0,0.291492863633523,NA,NA,NA,0.324364573166805
DBNL,24,0,0,0.291075531996336,NA,NA,NA,0.324384746257337
RHNO1,12,0,0,0.291492863633523,NA,NA,NA,0.324426962011096
PHF6,6,0,0,0.291492863633523,NA,NA,NA,0.324550372066557
CAMSAP2,13,0,0,0.291075531996336,NA,NA,NA,0.324559444894602
NKD1,9,0,0,0.291075531996336,NA,NA,NA,0.324777389230305
ARNTL,7,0,0,0.291492863633523,NA,NA,NA,0.324788740918335
CRLS1,7,0,0,0.293449801312179,NA,NA,NA,0.32645575500258
DSN1,5,0,0,0.293411961958018,NA,NA,NA,0.326469971381904
BRIP1,6,0,0,0.293411961958018,NA,NA,NA,0.326741747656306
ZNF696,5,0,0,0.294157101890407,NA,NA,NA,0.3271173950595
LSM12,6,0,0,0.294157101890407,NA,NA,NA,0.327469355397564
PHKA1,9,0,0,0.29518771035928,NA,NA,NA,0.328187175814028
CRBN,17,0,0,0.295462029107203,NA,NA,NA,0.328431151094089
NUDC,5,0,0,0.299563178486687,NA,NA,NA,0.332793684093368
GPC4,8,0,0,0.29978111701013,NA,NA,NA,0.332975340581881
FXYD3,6,0,0,0.299563178486687,NA,NA,NA,0.33298466733398
SREK1IP1,16,0,0,0.300040247480571,NA,NA,NA,0.333454913209093
VANGL1,8,0,0,0.300115722855922,NA,NA,NA,0.333481209823384
TRMT12,12,0,0,0.300040247480571,NA,NA,NA,0.333811625616168
CFAP44,7,0,0,0.300040247480571,NA,NA,NA,0.333834761819059
KIF20B,4,0,0,0.300148708434862,NA,NA,NA,0.333906108033525
EMC1,21,0,0,0.300148708434862,NA,NA,NA,0.333987751573471
PFN2,8,0,0,0.300148708434862,NA,NA,NA,0.334098441719136
LRRFIP1,8,0,0,0.300148708434862,NA,NA,NA,0.334241879675431
KCNIP3,2,0,0,0.300636020298649,NA,NA,NA,0.334269827349149
CYLD,12,0,0,0.300148708434862,NA,NA,NA,0.334289105767188
POT1,10,0,0,0.300636020298649,NA,NA,NA,0.334566925679873
FBXO28,16,0,0,0.300148708434862,NA,NA,NA,0.334702658430785
STPG1,4,0,0,0.300636020298649,NA,NA,NA,0.334865891550183
UBE2I,4,0,0,0.300956812445911,NA,NA,NA,0.334937847140002
SLC9B2,5,0,0,0.300956812445911,NA,NA,NA,0.335307378099002
ARFGEF1,16,0,0,0.300956812445911,NA,NA,NA,0.335416478569796
GALNT7,8,0,0,0.300956812445911,NA,NA,NA,0.335416896347559
AZIN1,21,0,0,0.300956812445911,NA,NA,NA,0.33556597890101
ATF4,3,0,0,0.302378081754267,NA,NA,NA,0.336800140534333
EIF2B3,9,0,0,0.302331001004013,NA,NA,NA,0.336805384225374
UBN2,13,0,0,0.302331001004013,NA,NA,NA,0.336962297455599
GINM1,18,0,0,0.302784873122498,NA,NA,NA,0.337187879903322
U2SURP,11,0,0,0.303005524901055,NA,NA,NA,0.337372301260686
DCUN1D1,24,0,0,0.303638116805233,NA,NA,NA,0.338006455691246
SIGMAR1,6,0,0,0.304275193383767,NA,NA,NA,0.338645312733766
MEMO1,13,0,0,0.305664236984966,NA,NA,NA,0.340104379715958
ENOX1,5,0,0,0.30698921465227,NA,NA,NA,0.341854014097786
FAM118A,9,0,0,0.307466845080367,NA,NA,NA,0.342318107041421
STXBP3,3,0,0,0.307896819439559,NA,NA,NA,0.343033725845265
GAS1,3,0,0,0.307896819439559,NA,NA,NA,0.343138460128199
ZNF280C,5,0,0,0.308323987334725,NA,NA,NA,0.343442636874268
LIPG,12,0,0,0.309092675764869,NA,NA,NA,0.344224249065124
VHL,11,0,0,0.309236281866509,NA,NA,NA,0.344684391272075
PKNOX1,17,0,0,0.310813547796761,NA,NA,NA,0.34708790100812
CERS6,12,0,0,0.310813547796761,NA,NA,NA,0.347364915601774
MARCH3,4,0,0,0.310843918375457,NA,NA,NA,0.347414695181771
PLGRKT,4,0,0,0.310813547796761,NA,NA,NA,0.347632036288257
TCP11L1,8,0,0,0.310843918375457,NA,NA,NA,0.347660579489952
CLNS1A,15,0,0,0.310813547796761,NA,NA,NA,0.347750875328138
ZNF749,15,0,0,0.310813547796761,NA,NA,NA,0.34799131216029
APAF1,6,0,0,0.310813547796761,NA,NA,NA,0.34804658415764
MAGT1,16,0,0,0.311497303583045,NA,NA,NA,0.34861052746304
LIMCH1,9,0,0,0.311283812090825,NA,NA,NA,0.348733972608732
NCBP2,4,0,0,0.311283812090825,NA,NA,NA,0.348937895721506
KBTBD7,9,0,0,0.311497303583045,NA,NA,NA,0.348990536948698
SYNJ2BP,10,0,0,0.311283812090825,NA,NA,NA,0.349146824716959
ZNF17,6,0,0,0.312082571972066,NA,NA,NA,0.34919269703908
PRPF18,24,0,0,0.311497303583045,NA,NA,NA,0.349200452862805
RANBP6,6,0,0,0.311497303583045,NA,NA,NA,0.349201539633106
PLAUR,5,0,0,0.311497303583045,NA,NA,NA,0.349336044594457
C1RL,10,0,0,0.311283812090825,NA,NA,NA,0.349415637082334
GPR107,10,0,0,0.311497303583045,NA,NA,NA,0.349611394802207
TMEM223,7,0,0,0.313917745938796,NA,NA,NA,0.351143830690794
HIST1H4H,8,0,0,0.314112689539279,NA,NA,NA,0.351297875076001
LRRC1,18,0,0,0.314304620574502,NA,NA,NA,0.351389395488048
SMARCD3,4,0,0,0.314264194171353,NA,NA,NA,0.351404399641882
NARS2,6,0,0,0.316924370628664,NA,NA,NA,0.354913912469697
CBX5,25,0,0,0.317817964276542,NA,NA,NA,0.355888416906426
IDS,15,0,0,0.317817964276542,NA,NA,NA,0.356136059728849
TRIM32,14,0,0,0.317817964276542,NA,NA,NA,0.356286648489848
RBM25,31,0,0,0.317817964276542,NA,NA,NA,0.356434890277864
QSER1,6,0,0,0.317817964276542,NA,NA,NA,0.356532705734884
SYN1,4,0,0,0.317817964276542,NA,NA,NA,0.35683960565549
RNF2,11,0,0,0.318949952179551,NA,NA,NA,0.357007890866759
PKIG,3,0,0,0.318949952179551,NA,NA,NA,0.357191271038801
SLC29A1,10,0,0,0.319927659892772,NA,NA,NA,0.358019041115032
DTD2,4,0,0,0.319927659892772,NA,NA,NA,0.358232276684637
TASP1,6,0,0,0.320836329156175,NA,NA,NA,0.359189265006092
ZNF786,6,0,0,0.320836329156175,NA,NA,NA,0.359364070596661
ALG11,6,0,0,0.323229409969789,NA,NA,NA,0.361687749522893
HUWE1,6,0,0,0.323227765025469,NA,NA,NA,0.361746937252819
GLRX5,8,0,0,0.323675384078149,NA,NA,NA,0.362474071090682
TOP1MT,7,0,0,0.324409390676113,NA,NA,NA,0.363876067799403
ZNF813,6,0,0,0.324409390676113,NA,NA,NA,0.364086118126145
STX6,19,0,0,0.32465406565595,NA,NA,NA,0.364438566871165
CAPN2,12,0,0,0.324876004452728,NA,NA,NA,0.3646197463161
DIS3,14,0,0,0.325876799521387,NA,NA,NA,0.365593054002611
AES,5,0,0,0.325876799521387,NA,NA,NA,0.365677955364834
LPAR1,6,0,0,0.328056188216974,NA,NA,NA,0.367857816653648
SLF1,18,0,0,0.328056188216974,NA,NA,NA,0.368130533101806
PDCD11,8,0,0,0.329357923276068,NA,NA,NA,0.369096668267958
RNF41,13,0,0,0.32941703015026,NA,NA,NA,0.369099035938764
RAB13,5,0,0,0.329357923276068,NA,NA,NA,0.369444135460497
EHD4,11,0,0,0.329981971302467,NA,NA,NA,0.369655282337857
ZNF81,7,0,0,0.330118850050064,NA,NA,NA,0.36974286399555
NRBP2,10,0,0,0.329357923276068,NA,NA,NA,0.369836337554535
IFT46,5,0,0,0.330566566814386,NA,NA,NA,0.370170648854232
SET,13,0,0,0.331784560483039,NA,NA,NA,0.371739035045273
PCNX3,2,0,0,0.331784560483039,NA,NA,NA,0.37187858796377
MED19,4,0,0,0.333039134442023,NA,NA,NA,0.373771799558428
PAQR7,3,0,0,0.333209470526438,NA,NA,NA,0.373831548726277
SLIT3,7,0,0,0.333209470526438,NA,NA,NA,0.374119500092135
SLC35F5,24,0,0,0.335371380404287,NA,NA,NA,0.376370923349943
PRRC2B,8,0,0,0.335561298414237,NA,NA,NA,0.376463726243069
CMPK1,13,0,0,0.335371380404287,NA,NA,NA,0.376523218806194
NKAPD1,18,0,0,0.335371380404287,NA,NA,NA,0.376544607984072
RPL7,10,0,0,0.335561298414237,NA,NA,NA,0.376620584725708
GPD1L,4,0,0,0.335561298414237,NA,NA,NA,0.376723914007902
MAP4K2,8,0,0,0.335561298414237,NA,NA,NA,0.3767898998736
ATRN,6,0,0,0.335561298414237,NA,NA,NA,0.376986569614068
FCHO2,6,0,0,0.336072326110282,NA,NA,NA,0.37698975430231
NEPRO,9,0,0,0.336072326110282,NA,NA,NA,0.377290570367249
CENPO,9,0,0,0.336072326110282,NA,NA,NA,0.377364332733233
ZFP69,3,0,0,0.336882238976022,NA,NA,NA,0.377813177493675
BRI3BP,13,0,0,0.33716507074871,NA,NA,NA,0.377996022489456
SREK1,19,0,0,0.33714909946526,NA,NA,NA,0.378041881812127
ENTPD4,17,0,0,0.339712106260496,NA,NA,NA,0.380655603424122
MYL5,2,0,0,0.339712106260496,NA,NA,NA,0.381040936116003
STRN3,7,0,0,0.342946187196174,NA,NA,NA,0.384333929889947
SESTD1,13,0,0,0.342946187196174,NA,NA,NA,0.384426048272837
NECAP2,7,0,0,0.343727042151841,NA,NA,NA,0.385215494352618
LURAP1,13,0,0,0.343821665895752,NA,NA,NA,0.385254552071324
ALDH1L2,7,0,0,0.344007152408025,NA,NA,NA,0.385392997093704
EMC3,17,0,0,0.344296576664326,NA,NA,NA,0.385645050636706
F3,8,0,0,0.345544304479036,NA,NA,NA,0.386943849117993
COG2,3,0,0,0.345753387545577,NA,NA,NA,0.387341883026559
RIMS2,7,0,0,0.345753387545577,NA,NA,NA,0.387519743064313
UBC,3,0,0,0.345753387545577,NA,NA,NA,0.38766561771779
IRF1,6,0,0,0.346402176951758,NA,NA,NA,0.38779353673741
GPR135,14,0,0,0.346355135359849,NA,NA,NA,0.387806278249685
SPG21,14,0,0,0.346608553832371,NA,NA,NA,0.387890898867142
MARCH9,7,0,0,0.346866776380269,NA,NA,NA,0.388045125121882
COG1,2,0,0,0.346608553832371,NA,NA,NA,0.388113874481716
FCF1,6,0,0,0.346355135359849,NA,NA,NA,0.3882119051124
FGFRL1,4,0,0,0.346355135359849,NA,NA,NA,0.388304882825754
PSPC1,4,0,0,0.346866776380269,NA,NA,NA,0.388346470825687
ALKBH5,5,0,0,0.347263920943948,NA,NA,NA,0.388414626722251
AASS,8,0,0,0.347655409799105,NA,NA,NA,0.388777896640376
PA2G4,8,0,0,0.348182465512051,NA,NA,NA,0.389648902184573
MRPS14,20,0,0,0.349075562376835,NA,NA,NA,0.390559037375076
FANCM,7,0,0,0.349201356354378,NA,NA,NA,0.390992438908088
ITGB6,8,0,0,0.350497084373931,NA,NA,NA,0.392341807751993
ST13,27,0,0,0.350833781833354,NA,NA,NA,0.392644615359833
POLE4,2,0,0,0.351835836343368,NA,NA,NA,0.39360839969212
TGIF2,7,0,0,0.35182875733482,NA,NA,NA,0.393665129273336
P4HA2,9,0,0,0.352239419235129,NA,NA,NA,0.393983912648912
BCL2L15,3,0,0,0.352376468460436,NA,NA,NA,0.394365191387586
FIBP,5,0,0,0.352376468460436,NA,NA,NA,0.394759284388625
ZFAND5,22,0,0,0.353629087376131,NA,NA,NA,0.395666116355739
TACC2,4,0,0,0.354198591268303,NA,NA,NA,0.396222085435662
CEP83,7,0,0,0.354779728823494,NA,NA,NA,0.39672595926749
PACS1,7,0,0,0.354779728823494,NA,NA,NA,0.397062694515957
TRAF3,9,0,0,0.355558683249872,NA,NA,NA,0.397871124253698
SOCS1,3,0,0,0.355781431242233,NA,NA,NA,0.398048893781533
PPFIA1,15,0,0,0.358111142827515,NA,NA,NA,0.400456235534017
STAU1,10,0,0,0.358111142827515,NA,NA,NA,0.400560498466344
SURF2,4,0,0,0.360560560520481,NA,NA,NA,0.403786222647101
DDX18,14,0,0,0.363484470939839,NA,NA,NA,0.407639871450965
FUCA2,6,0,0,0.365468426157021,NA,NA,NA,0.410757957201789
ANKLE2,14,0,0,0.36608081293179,NA,NA,NA,0.411606130298121
BRWD3,17,0,0,0.36608081293179,NA,NA,NA,0.411672041442779
SPIN1,18,0,0,0.366167074551289,NA,NA,NA,0.411697138226672
AP3S1,4,0,0,0.366710462167408,NA,NA,NA,0.411740969635951
MAP4K4,17,0,0,0.366639988912614,NA,NA,NA,0.411800835248576
DAZAP1,5,0,0,0.366517428615266,NA,NA,NA,0.411804228542524
STARD5,5,0,0,0.366836194107187,NA,NA,NA,0.411809990865566
ALKBH4,6,0,0,0.366425924570396,NA,NA,NA,0.411841973485734
C6orf62,34,0,0,0.36608081293179,NA,NA,NA,0.411890427046629
ZNF808,12,0,0,0.366710462167408,NA,NA,NA,0.411935290194232
TTC38,6,0,0,0.366639988912614,NA,NA,NA,0.412085934021976
TSHZ1,6,0,0,0.366517428615266,NA,NA,NA,0.412145501170652
USP24,10,0,0,0.366425924570396,NA,NA,NA,0.412273657022437
TRIM36,4,0,0,0.368051930054082,NA,NA,NA,0.413068618242221
PRRG2,3,0,0,0.368360181972276,NA,NA,NA,0.41333665586306
IGF1R,12,0,0,0.368762203323207,NA,NA,NA,0.413502838246863
USP35,5,0,0,0.368762156286961,NA,NA,NA,0.413706897439179
MSMO1,8,0,0,0.368762203323207,NA,NA,NA,0.413716751314765
PRKCA,9,0,0,0.368762203323207,NA,NA,NA,0.413826963876711
RPS7,2,0,0,0.369148480577332,NA,NA,NA,0.414151614912193
TTC31,5,0,0,0.369298071816179,NA,NA,NA,0.414246694780987
POU6F1,3,0,0,0.369148480577332,NA,NA,NA,0.414443325765387
SLC20A2,4,0,0,0.371971094159836,NA,NA,NA,0.417091999675786
GNL3L,26,0,0,0.373667839855237,NA,NA,NA,0.419238213998283
MYO6,10,0,0,0.37424643590389,NA,NA,NA,0.419799801017785
ZNF284,6,0,0,0.375375843060557,NA,NA,NA,0.420961286428465
HPS3,2,0,0,0.375525256515016,NA,NA,NA,0.421054935655546
CXorf38,2,0,0,0.376213246626254,NA,NA,NA,0.422102130709473
EIF1AX,16,0,0,0.376613376897397,NA,NA,NA,0.422468666855032
CCT6A,13,0,0,0.376824942878387,NA,NA,NA,0.422629747520228
DESI1,6,0,0,0.377180392045149,NA,NA,NA,0.422947543246213
RHOBTB2,9,0,0,0.377339777452628,NA,NA,NA,0.423051836858795
ARMC1,15,0,0,0.377681486738147,NA,NA,NA,0.423354641183601
ADAM10,21,0,0,0.378184646091646,NA,NA,NA,0.424785759319238
BBIP1,7,0,0,0.378313825969724,NA,NA,NA,0.424932865987353
PRKX,10,0,0,0.378184646091646,NA,NA,NA,0.425087190426579
DUSP4,8,0,0,0.380105498967502,NA,NA,NA,0.426815971357964
SEPSECS,9,0,0,0.38024314804095,NA,NA,NA,0.426825503466232
SRRD,16,0,0,0.380475979471109,NA,NA,NA,0.427016336122576
RCC1,16,0,0,0.38024314804095,NA,NA,NA,0.427194473059364
CGAS,5,0,0,0.380475979471109,NA,NA,NA,0.427234539166784
XPO4,18,0,0,0.380475979471109,NA,NA,NA,0.42749620118992
NNMT,6,0,0,0.380979004552416,NA,NA,NA,0.427712466636982
COBLL1,9,0,0,0.381077495161465,NA,NA,NA,0.427974031557655
FHL1,2,0,0,0.381077495161465,NA,NA,NA,0.428091814840728
ARL4A,10,0,0,0.381444038342794,NA,NA,NA,0.428303232064524
DYNC1LI2,19,0,0,0.381077495161465,NA,NA,NA,0.428333858352415
IGF2BP2,13,0,0,0.381653896138976,NA,NA,NA,0.428825726534053
MEPCE,6,0,0,0.382419294061958,NA,NA,NA,0.429589490342441
SPRY4,4,0,0,0.382850474901956,NA,NA,NA,0.429777967909657
BMP1,2,0,0,0.38274586183518,NA,NA,NA,0.429804467476029
NBEAL1,12,0,0,0.382850474901956,NA,NA,NA,0.42995210507501
SNN,8,0,0,0.38274586183518,NA,NA,NA,0.43010386402231
GATD1,12,0,0,0.383216923560266,NA,NA,NA,0.430106859756803
ZNF829,3,0,0,0.383689832814045,NA,NA,NA,0.43056410631057
PKMYT1,5,0,0,0.383655826619655,NA,NA,NA,0.430596963973572
SMIM14,16,0,0,0.38363331447128,NA,NA,NA,0.430613038698463
KLHL21,6,0,0,0.383655826619655,NA,NA,NA,0.430720374142695
C3orf38,11,0,0,0.38363331447128,NA,NA,NA,0.430782765763134
FGFBP3,5,0,0,0.383655826619655,NA,NA,NA,0.430829962370857
STAG1,6,0,0,0.384170719750466,NA,NA,NA,0.431379881506324
EMC4,5,0,0,0.384170719750466,NA,NA,NA,0.431428170060091
LSM8,26,0,0,0.384170719750466,NA,NA,NA,0.431551597481356
S100A16,11,0,0,0.384170719750466,NA,NA,NA,0.431662563131315
NTF4,3,0,0,0.384170719750466,NA,NA,NA,0.431823443666934
BCL2L11,10,0,0,0.384170719750466,NA,NA,NA,0.432037756139965
FBXO42,14,0,0,0.384170719750466,NA,NA,NA,0.432064173354734
ING3,3,0,0,0.384829120803699,NA,NA,NA,0.432324672914292
ZNF41,17,0,0,0.38503567152396,NA,NA,NA,0.432479408584848
SRSF7,8,0,0,0.385247863565711,NA,NA,NA,0.432640313012165
RYR2,6,0,0,0.386051188604527,NA,NA,NA,0.43337448486309
HOXA10,3,0,0,0.386007333508314,NA,NA,NA,0.433396804874145
SH2D3A,5,0,0,0.38613718029674,NA,NA,NA,0.433546247270335
ZNF609,8,0,0,0.38613718029674,NA,NA,NA,0.433797102031444
TRAF3IP2,3,0,0,0.38613718029674,NA,NA,NA,0.433952337983919
DSC3,14,0,0,0.38613718029674,NA,NA,NA,0.434193781572395
C12orf49,25,0,0,0.387046123904588,NA,NA,NA,0.434465088419036
WDR77,22,0,0,0.387562116637571,NA,NA,NA,0.434956272645648
ORAI2,10,0,0,0.387761347471825,NA,NA,NA,0.435033161645267
CD83,5,0,0,0.388503139063266,NA,NA,NA,0.435302432012779
PKP4,10,0,0,0.387761347471825,NA,NA,NA,0.435386426566056
PREPL,12,0,0,0.38834167028505,NA,NA,NA,0.435594077448135
AGFG1,26,0,0,0.388503139063266,NA,NA,NA,0.435634554289355
TNFRSF11A,10,0,0,0.388615073843762,NA,NA,NA,0.435637556545169
TRIM38,13,0,0,0.388604178011695,NA,NA,NA,0.435694482278308
PTGES3L-AARSD1,3,0,0,0.388503139063266,NA,NA,NA,0.435908559402166
FAM102A,4,0,0,0.388503139063266,NA,NA,NA,0.435951725515846
TNRC6C,6,0,0,0.388503139063266,NA,NA,NA,0.43597418733303
NISCH,4,0,0,0.388503139063266,NA,NA,NA,0.435991600121939
CHPT1,5,0,0,0.389303729120015,NA,NA,NA,0.43607530978106
ADAM17,15,0,0,0.38938993868644,NA,NA,NA,0.43614328344384
NCBP1,24,0,0,0.388503139063266,NA,NA,NA,0.436171244170813
ACP2,7,0,0,0.389179980562949,NA,NA,NA,0.436181861777215
ZNF26,7,0,0,0.389303729120015,NA,NA,NA,0.436286839492213
EXOSC4,4,0,0,0.389303729120015,NA,NA,NA,0.43635590205723
NAP1L5,3,0,0,0.388503139063266,NA,NA,NA,0.436356475072653
SAMHD1,9,0,0,0.388503139063266,NA,NA,NA,0.436375294577347
ZZZ3,10,0,0,0.388503139063266,NA,NA,NA,0.436382569843077
VPS29,12,0,0,0.389303729120015,NA,NA,NA,0.436413153494808
MTMR1,5,0,0,0.388503139063266,NA,NA,NA,0.43650855667996
SIK2,15,0,0,0.388503139063266,NA,NA,NA,0.436561842643589
CCBE1,7,0,0,0.389303729120015,NA,NA,NA,0.43656851953125
MTCH2,15,0,0,0.389303729120015,NA,NA,NA,0.436642532264412
CORO2A,6,0,0,0.388503139063266,NA,NA,NA,0.43673952855434
CEP78,22,0,0,0.389809304488234,NA,NA,NA,0.436809092809684
BMPR1B,4,0,0,0.389761200998856,NA,NA,NA,0.436825265520829
TTC1,5,0,0,0.388503139063266,NA,NA,NA,0.436862766112029
COPS8,25,0,0,0.389303729120015,NA,NA,NA,0.436908934291067
ZNF816-ZNF321P,7,0,0,0.388503139063266,NA,NA,NA,0.437076783678157
FAM192A,15,0,0,0.389303729120015,NA,NA,NA,0.437139897388854
MAPK10,11,0,0,0.388503139063266,NA,NA,NA,0.437174331437875
ACTR5,6,0,0,0.388503139063266,NA,NA,NA,0.437334485105233
ARRDC4,4,0,0,0.390460266908595,NA,NA,NA,0.437794079999237
VPS54,8,0,0,0.391063440872535,NA,NA,NA,0.439010938898616
HOMER2,5,0,0,0.392088127808695,NA,NA,NA,0.440118409863106
RHOB,11,0,0,0.392310250903199,NA,NA,NA,0.440290156588418
MAP2K6,6,0,0,0.393822517125554,NA,NA,NA,0.441723123115843
DCTN6,17,0,0,0.394035184565263,NA,NA,NA,0.441815249912111
PINK1,6,0,0,0.39399107206874,NA,NA,NA,0.441836632069166
LONP2,5,0,0,0.393822517125554,NA,NA,NA,0.4420057705189
CISD1,23,0,0,0.393822517125554,NA,NA,NA,0.442053524473452
UTP15,19,0,0,0.394534001612345,NA,NA,NA,0.442286882823496
SLC38A9,7,0,0,0.394898115972367,NA,NA,NA,0.442612402791326
ABCF3,5,0,0,0.395540273001745,NA,NA,NA,0.44323911125868
C1orf122,4,0,0,0.395715287121943,NA,NA,NA,0.443359613995148
MXRA7,8,0,0,0.39614846250771,NA,NA,NA,0.444038046788161
TAF10,15,0,0,0.39614846250771,NA,NA,NA,0.444332312490199
XPOT,10,0,0,0.396610358618879,NA,NA,NA,0.444469211891422
NHEJ1,11,0,0,0.396961540880677,NA,NA,NA,0.444780364627447
GLE1,7,0,0,0.39736601163467,NA,NA,NA,0.445149163670141
KIAA0895L,5,0,0,0.39826156831511,NA,NA,NA,0.445996340096005
NFATC3,7,0,0,0.39826156831511,NA,NA,NA,0.446188208511826
OAZ2,7,0,0,0.39826156831511,NA,NA,NA,0.446258121695113
BTAF1,14,0,0,0.398314236156668,NA,NA,NA,0.446522907833444
C12orf43,12,0,0,0.398314236156668,NA,NA,NA,0.446692557848403
CYB5R1,8,0,0,0.398786002350174,NA,NA,NA,0.446894952734097
ECT2,8,0,0,0.398786002350174,NA,NA,NA,0.447240791212851
FBXL4,14,0,0,0.401655741227927,NA,NA,NA,0.450279335274222
RER1,13,0,0,0.403224480176525,NA,NA,NA,0.452256139239735
SLC39A11,4,0,0,0.403727697799242,NA,NA,NA,0.452589245372642
WEE1,13,0,0,0.404167046212409,NA,NA,NA,0.45292389581107
TANGO2,2,0,0,0.403727697799242,NA,NA,NA,0.452973818869591
MRPL17,18,0,0,0.403727697799242,NA,NA,NA,0.453073481087624
LANCL2,6,0,0,0.404167046212409,NA,NA,NA,0.453251849277938
ARHGAP19,5,0,0,0.404767246322626,NA,NA,NA,0.453292316344902
CYTH2,6,0,0,0.404767246322626,NA,NA,NA,0.453646445854272
NDUFV3,11,0,0,0.404767246322626,NA,NA,NA,0.453763426915939
YIPF6,23,0,0,0.404767246322626,NA,NA,NA,0.453854953201117
CAVIN2,3,0,0,0.405398756973466,NA,NA,NA,0.45411153430471
CHCHD7,9,0,0,0.405398756973466,NA,NA,NA,0.454282684458916
UFM1,11,0,0,0.405398756973466,NA,NA,NA,0.454557273221868
LIFR,9,0,0,0.406115413648393,NA,NA,NA,0.454869328728547
CDYL2,5,0,0,0.406115413648393,NA,NA,NA,0.455030049510044
ETAA1,7,0,0,0.406115413648393,NA,NA,NA,0.455069198005234
CHUK,4,0,0,0.406276709226334,NA,NA,NA,0.455126061358061
MBLAC2,12,0,0,0.406716347468676,NA,NA,NA,0.456095589386546
RRP8,13,0,0,0.406716347468676,NA,NA,NA,0.456130863787115
RNF167,5,0,0,0.406716347468676,NA,NA,NA,0.4562799882541
SIX4,4,0,0,0.406716347468676,NA,NA,NA,0.456313611363376
PPP2R5E,17,0,0,0.406716347468676,NA,NA,NA,0.456442917987548
THOC7,12,0,0,0.406829881614981,NA,NA,NA,0.456539032950239
ZNF383,8,0,0,0.406716347468676,NA,NA,NA,0.45660906984266
TSPAN9,5,0,0,0.406716347468676,NA,NA,NA,0.456674618692914
IL6ST,9,0,0,0.407433701655438,NA,NA,NA,0.457465384350784
RNF24,15,0,0,0.407859470214304,NA,NA,NA,0.45778424299417
EIF3L,5,0,0,0.407859470214304,NA,NA,NA,0.45807888570665
TNRC6B,13,0,0,0.408536725790927,NA,NA,NA,0.458304412325143
ELOVL1,2,0,0,0.408488490810346,NA,NA,NA,0.458394021462067
SOX4,13,0,0,0.408536725790927,NA,NA,NA,0.458689264818439
RPL27A,22,0,0,0.409051927541583,NA,NA,NA,0.458790846436184
WDR12,23,0,0,0.409769152145538,NA,NA,NA,0.460181787188284
HOOK1,10,0,0,0.409990520953741,NA,NA,NA,0.460367703021475
KDELR2,19,0,0,0.411256705377215,NA,NA,NA,0.461992328701365
AKAP13,8,0,0,0.411817048580185,NA,NA,NA,0.462798590175742
SPOCK2,4,0,0,0.411817048580185,NA,NA,NA,0.463183219322181
C15orf38-AP3S2,12,0,0,0.411952961135273,NA,NA,NA,0.463529287335123
DAZAP2,8,0,0,0.411952961135273,NA,NA,NA,0.463539391315143
PLA2R1,11,0,0,0.411952961135273,NA,NA,NA,0.463757469746869
UPRT,7,0,0,0.411952961135273,NA,NA,NA,0.463833651116166
SWAP70,8,0,0,0.411952961135273,NA,NA,NA,0.46395099716582
PSMG4,6,0,0,0.412600964041651,NA,NA,NA,0.46395244441804
NDUFAF5,9,0,0,0.411952961135273,NA,NA,NA,0.464079253463727
TIPRL,7,0,0,0.412600964041651,NA,NA,NA,0.464230925081696
TRIM2,6,0,0,0.412600964041651,NA,NA,NA,0.464260742267852
CRTAP,24,0,0,0.413306359589525,NA,NA,NA,0.464284791375667
SMURF2,13,0,0,0.412600964041651,NA,NA,NA,0.464389014585422
ARL5B,11,0,0,0.413306359589525,NA,NA,NA,0.464518070134107
MAPK9,11,0,0,0.413339544827574,NA,NA,NA,0.464588068293742
SLC4A1AP,4,0,0,0.413306359589525,NA,NA,NA,0.464647705489802
FKBP5,15,0,0,0.413306359589525,NA,NA,NA,0.464850797886777
MOCS3,21,0,0,0.413306359589525,NA,NA,NA,0.464980607061085
ASAP3,4,0,0,0.413306359589525,NA,NA,NA,0.465024943030869
NDUFB5,7,0,0,0.417229531156519,NA,NA,NA,0.469261609591916
ZXDA,10,0,0,0.417229531156519,NA,NA,NA,0.469382397351295
SRRM1,6,0,0,0.417439343258845,NA,NA,NA,0.469415831600449
YAF2,14,0,0,0.417229531156519,NA,NA,NA,0.469657532618621
PLCG1,9,0,0,0.418384856332023,NA,NA,NA,0.471389387184741
PFAS,13,0,0,0.418592286052308,NA,NA,NA,0.471881291417185
DUSP28,3,0,0,0.418998614902133,NA,NA,NA,0.472247857902123
BORCS7,11,0,0,0.420829282809523,NA,NA,NA,0.474158342907614
EMP1,9,0,0,0.422208315254623,NA,NA,NA,0.475206965876361
TANC2,10,0,0,0.422208315254623,NA,NA,NA,0.475459054569679
TMX1,25,0,0,0.422208315254623,NA,NA,NA,0.475671790545375
TPM4,12,0,0,0.422208315254623,NA,NA,NA,0.475702590462008
TMEM68,7,0,0,0.422208315254623,NA,NA,NA,0.475776847652404
TOR1A,9,0,0,0.422208315254623,NA,NA,NA,0.47585466124208
DGKD,4,0,0,0.423096183592548,NA,NA,NA,0.476093812332635
SDCBP,10,0,0,0.423948505038709,NA,NA,NA,0.476941809689517
GNB5,14,0,0,0.426550264249364,NA,NA,NA,0.479680788406801
STX3,6,0,0,0.42774971751574,NA,NA,NA,0.481590232701382
SH3GL1,2,0,0,0.428170991268738,NA,NA,NA,0.48257808254198
TPM3,11,0,0,0.428170991268738,NA,NA,NA,0.482657583188608
RBM39,11,0,0,0.428170991268738,NA,NA,NA,0.482698184673755
TCEAL8,8,0,0,0.428170991268738,NA,NA,NA,0.48283437049501
GGACT,5,0,0,0.428170991268738,NA,NA,NA,0.482845111680981
MELK,6,0,0,0.428428152825008,NA,NA,NA,0.482900950466017
DYRK2,10,0,0,0.43128496531754,NA,NA,NA,0.487361144449837
AP4M1,7,0,0,0.43128496531754,NA,NA,NA,0.487661063976972
SP3,17,0,0,0.43128496531754,NA,NA,NA,0.487704015730208
TMEM107,13,0,0,0.43128496531754,NA,NA,NA,0.487706842424699
VMAC,4,0,0,0.43128496531754,NA,NA,NA,0.487729829431506
C4orf3,7,0,0,0.43128496531754,NA,NA,NA,0.487842327344594
PARD3B,2,0,0,0.43201904636503,NA,NA,NA,0.488080212521555
PLXNA4,3,0,0,0.43128496531754,NA,NA,NA,0.488159271362143
PPP4R1,7,0,0,0.43128496531754,NA,NA,NA,0.48818168379134
ZNF254,6,0,0,0.43128496531754,NA,NA,NA,0.488287364134608
TMX4,26,0,0,0.433191654305547,NA,NA,NA,0.49064338647102
JADE2,9,0,0,0.43405254219316,NA,NA,NA,0.491500380019772
DZIP1,16,0,0,0.43446116934336,NA,NA,NA,0.491787143010826
TMEM237,15,0,0,0.434681186710941,NA,NA,NA,0.491869230851032
RAP2B,20,0,0,0.434733819431616,NA,NA,NA,0.491954452596314
PTPRZ1,3,0,0,0.434681186710941,NA,NA,NA,0.492058221483837
SFXN4,3,0,0,0.43446116934336,NA,NA,NA,0.492083194120265
TMEM154,14,0,0,0.434715288568957,NA,NA,NA,0.492090935225067
MFSD1,9,0,0,0.434733819431616,NA,NA,NA,0.492250512693366
FAM91A1,9,0,0,0.434715288568957,NA,NA,NA,0.492290937986644
METTL14,12,0,0,0.435171264482123,NA,NA,NA,0.492351078983927
ZNF451,10,0,0,0.436869927576953,NA,NA,NA,0.493872834319128
OGT,19,0,0,0.436869927576953,NA,NA,NA,0.494065073738494
CDC23,5,0,0,0.436869927576953,NA,NA,NA,0.494180998491269
P4HA1,13,0,0,0.436869927576953,NA,NA,NA,0.494366773818976
ECHDC1,10,0,0,0.436869927576953,NA,NA,NA,0.4945476227594
PSMA3,8,0,0,0.438024524616306,NA,NA,NA,0.494644116605635
NOLC1,11,0,0,0.437570110603126,NA,NA,NA,0.494695076625347
ACER3,22,0,0,0.437223375559053,NA,NA,NA,0.494709957650482
CLCA2,6,0,0,0.436869927576953,NA,NA,NA,0.494716333608314
COL6A3,4,0,0,0.437397245738311,NA,NA,NA,0.494741902352548
DUT,10,0,0,0.437570110603126,NA,NA,NA,0.494875251303344
AP3M1,17,0,0,0.438024524616306,NA,NA,NA,0.494882302329613
MAU2,4,0,0,0.438024524616306,NA,NA,NA,0.494974017838769
ZWILCH,8,0,0,0.437397245738311,NA,NA,NA,0.494996870504285
GTF2A1,16,0,0,0.437570110603126,NA,NA,NA,0.495046065494036
TMEM38B,9,0,0,0.438024524616306,NA,NA,NA,0.495173674354422
LRP4,8,0,0,0.438565142233062,NA,NA,NA,0.495246549972023
DPY30,5,0,0,0.438024524616306,NA,NA,NA,0.495282138913173
SP110,7,0,0,0.438024524616306,NA,NA,NA,0.495539109297948
ZC3H14,17,0,0,0.438024524616306,NA,NA,NA,0.495918256525645
PIGK,14,0,0,0.439912972748437,NA,NA,NA,0.497129301691162
TMEM37,4,0,0,0.439912972748437,NA,NA,NA,0.497385718814378
ZNF518B,4,0,0,0.441176119342467,NA,NA,NA,0.497413209381512
TMEM242,13,0,0,0.440256331201888,NA,NA,NA,0.497423114611365
GID4,11,0,0,0.440448781142577,NA,NA,NA,0.497475838847651
OAF,5,0,0,0.441176119342467,NA,NA,NA,0.497585213743825
E2F3,5,0,0,0.440448781142577,NA,NA,NA,0.497795388417692
NEK6,14,0,0,0.441176119342467,NA,NA,NA,0.497812955891185
MGRN1,3,0,0,0.441176119342467,NA,NA,NA,0.497914127417888
TTC39B,14,0,0,0.441176119342467,NA,NA,NA,0.498103162637691
GLS,13,0,0,0.441176119342467,NA,NA,NA,0.498338152733817
TMEM63A,14,0,0,0.441176119342467,NA,NA,NA,0.498450700381474
ERLEC1,11,0,0,0.442061538310614,NA,NA,NA,0.498534028818249
OSBP,9,0,0,0.442061538310614,NA,NA,NA,0.498640014081037
EIF2S3,21,0,0,0.441176119342467,NA,NA,NA,0.498647041243404
SPATS2,6,0,0,0.441176119342467,NA,NA,NA,0.498767730284807
UBE2D1,4,0,0,0.442212263748105,NA,NA,NA,0.498968824527826
MAP3K5,3,0,0,0.441176119342467,NA,NA,NA,0.498972320092652
TBC1D19,17,0,0,0.441176119342467,NA,NA,NA,0.499036245296205
IDI1,9,0,0,0.442453548441062,NA,NA,NA,0.49940846727217
NDEL1,9,0,0,0.442792703826348,NA,NA,NA,0.499712411029405
ZNF12,5,0,0,0.442453548441062,NA,NA,NA,0.499727302565873
HSP90AA1,10,0,0,0.443647275303,NA,NA,NA,0.500876621375804
VPS26A,7,0,0,0.444569819249107,NA,NA,NA,0.502051383807888
GPR180,18,0,0,0.444569819249107,NA,NA,NA,0.502200126726882
TGFBI,14,0,0,0.445071413666615,NA,NA,NA,0.502437718073442
DOCK8,2,0,0,0.445071413666615,NA,NA,NA,0.502603113700097
ZNF551,5,0,0,0.44569792828533,NA,NA,NA,0.503036550668277
D2HGDH,3,0,0,0.446234700161601,NA,NA,NA,0.503538291924861
FSD1L,12,0,0,0.447118016664198,NA,NA,NA,0.504203437366806
ZNF772,6,0,0,0.447303249023867,NA,NA,NA,0.50432584180594
AMOTL2,8,0,0,0.447036832246035,NA,NA,NA,0.504326200314187
CCDC3,2,0,0,0.447612858433039,NA,NA,NA,0.504428076533706
TAX1BP3,10,0,0,0.447118016664198,NA,NA,NA,0.504545751780264
SDE2,8,0,0,0.447118016664198,NA,NA,NA,0.504590647887984
SBF2,6,0,0,0.447612858433039,NA,NA,NA,0.504622074820373
FITM2,9,0,0,0.447612858433039,NA,NA,NA,0.504734363808511
COL4A5,9,0,0,0.447118016664198,NA,NA,NA,0.504823726012332
ULK1,3,0,0,0.448073899827013,NA,NA,NA,0.505024119451301
NBR1,7,0,0,0.448575508394712,NA,NA,NA,0.505179902180479
SCAMP1,26,0,0,0.447118016664198,NA,NA,NA,0.505207560768494
CLIC4,22,0,0,0.448073899827013,NA,NA,NA,0.50521057783948
MAGOHB,11,0,0,0.448073899827013,NA,NA,NA,0.505367950938834
RPL22,10,0,0,0.448575508394712,NA,NA,NA,0.505478667583907
QSOX1,11,0,0,0.448575508394712,NA,NA,NA,0.505543652465158
NKIRAS1,13,0,0,0.448575508394712,NA,NA,NA,0.505596996398942
HEXIM1,15,0,0,0.447118016664198,NA,NA,NA,0.505605483166276
POMP,16,0,0,0.448575508394712,NA,NA,NA,0.505787598181385
MAPKAPK3,10,0,0,0.447118016664198,NA,NA,NA,0.505943371452266
ISG20,3,0,0,0.449450968068565,NA,NA,NA,0.506395681764221
OSBP2,5,0,0,0.449450968068565,NA,NA,NA,0.506514479120758
TOMM20,22,0,0,0.449450968068565,NA,NA,NA,0.506590955491191
ALDH3A2,15,0,0,0.449450968068565,NA,NA,NA,0.506634502821723
FBXO3,9,0,0,0.449450968068565,NA,NA,NA,0.506770902759865
RAB33B,5,0,0,0.449823682410602,NA,NA,NA,0.506884928019769
AFAP1,16,0,0,0.450477670223497,NA,NA,NA,0.507675135827117
LOXL2,6,0,0,0.450996921595047,NA,NA,NA,0.508156869998858
DENR,28,0,0,0.452259605040534,NA,NA,NA,0.509612201868822
TP53I11,5,0,0,0.452121718291899,NA,NA,NA,0.509618749390616
CCT3,6,0,0,0.452259605040534,NA,NA,NA,0.509801983288625
C1orf74,13,0,0,0.452990734420536,NA,NA,NA,0.510321365132404
RCN1,8,0,0,0.453730866132297,NA,NA,NA,0.510500174938466
FBXW8,8,0,0,0.45369923823276,NA,NA,NA,0.51061989617462
ACKR3,3,0,0,0.453444206229615,NA,NA,NA,0.510654302571391
CCNI,8,0,0,0.453434507240761,NA,NA,NA,0.510721228828647
MRE11,14,0,0,0.453730866132297,NA,NA,NA,0.510776947017051
ATF1,10,0,0,0.45369923823276,NA,NA,NA,0.510817690379535
ROCK2,12,0,0,0.454147217542798,NA,NA,NA,0.510870507490263
AGA,4,0,0,0.45446985776954,NA,NA,NA,0.511140155765519
RPL8,8,0,0,0.45369923823276,NA,NA,NA,0.511203756766724
ZNF721,8,0,0,0.454713075110447,NA,NA,NA,0.511247941924328
MCM8,16,0,0,0.454713075110447,NA,NA,NA,0.511373337533953
ADNP2,7,0,0,0.45369923823276,NA,NA,NA,0.511392634351757
PNN,12,0,0,0.455087896604374,NA,NA,NA,0.511597421732314
GUCY1B3,4,0,0,0.455174594571048,NA,NA,NA,0.511648435946908
CALCOCO1,6,0,0,0.455162955656709,NA,NA,NA,0.511712056033662
TEDC1,3,0,0,0.455162955656709,NA,NA,NA,0.511814206556795
ASB1,7,0,0,0.455162955656709,NA,NA,NA,0.512001778274605
PUS7,6,0,0,0.455162955656709,NA,NA,NA,0.512024141152989
OTUD7B,18,0,0,0.455162955656709,NA,NA,NA,0.512222488974004
LGALS3,6,0,0,0.455162955656709,NA,NA,NA,0.512231294419092
RIOX1,2,0,0,0.455162955656709,NA,NA,NA,0.512272368615193
RNF34,10,0,0,0.455162955656709,NA,NA,NA,0.512435022339374
LRRC58,7,0,0,0.455162955656709,NA,NA,NA,0.512540296365722
RAP2A,16,0,0,0.455162955656709,NA,NA,NA,0.512590079411916
SETD6,13,0,0,0.455162955656709,NA,NA,NA,0.51261636371124
C5orf15,7,0,0,0.455162955656709,NA,NA,NA,0.512963190014922
BTG2,2,0,0,0.456808174742718,NA,NA,NA,0.513646663589817
BAD,2,0,0,0.457408179316106,NA,NA,NA,0.51446015421505
PMEPA1,14,0,0,0.457408179316106,NA,NA,NA,0.514822980960487
QKI,30,0,0,0.45878676761536,NA,NA,NA,0.515631026520982
COMMD2,11,0,0,0.45878676761536,NA,NA,NA,0.5158764249617
GNA13,9,0,0,0.45878676761536,NA,NA,NA,0.515936533057336
TIGD6,8,0,0,0.45878676761536,NA,NA,NA,0.516035539192713
RCAN1,9,0,0,0.459472787320028,NA,NA,NA,0.516289177557301
THTPA,5,0,0,0.460833752930634,NA,NA,NA,0.517669566192357
PKN2,11,0,0,0.461950719711641,NA,NA,NA,0.518976575462649
PNPLA3,6,0,0,0.461950719711641,NA,NA,NA,0.519126426322458
TIAL1,13,0,0,0.461950719711641,NA,NA,NA,0.519204767508601
PFN1,4,0,0,0.461950719711641,NA,NA,NA,0.519538002072305
SAMD9,4,0,0,0.463572118060597,NA,NA,NA,0.521187225808595
CMAS,5,0,0,0.464797143001918,NA,NA,NA,0.522420910428882
RALGAPB,15,0,0,0.465152670359434,NA,NA,NA,0.522613123106846
SMOX,2,0,0,0.464936714996614,NA,NA,NA,0.522817058162404
PLOD2,9,0,0,0.465152670359434,NA,NA,NA,0.522941640858252
DHRS7B,4,0,0,0.465152670359434,NA,NA,NA,0.522957596456545
GPBP1,15,0,0,0.465152670359434,NA,NA,NA,0.522975319010552
BRD9,9,0,0,0.465152670359434,NA,NA,NA,0.522988907849015
PHACTR4,7,0,0,0.465152670359434,NA,NA,NA,0.523296563387365
FRS2,14,0,0,0.465737335945962,NA,NA,NA,0.523452885972045
MRPL3,30,0,0,0.466419844449938,NA,NA,NA,0.524105187498444
ODF2,6,0,0,0.467249235480394,NA,NA,NA,0.524914250247378
MRTO4,20,0,0,0.469099605110375,NA,NA,NA,0.52738416883347
MRPS27,6,0,0,0.46909043119548,NA,NA,NA,0.527452888650643
RTN4,7,0,0,0.469252810148178,NA,NA,NA,0.527469557176563
ABCG1,7,0,0,0.469710916221592,NA,NA,NA,0.528204861675937
CHORDC1,12,0,0,0.470090562403646,NA,NA,NA,0.528532225430521
PSME4,8,0,0,0.470430991899163,NA,NA,NA,0.529141412994398
PLEC,12,0,0,0.471100921087049,NA,NA,NA,0.529779019036981
HSPA13,10,0,0,0.471774588420092,NA,NA,NA,0.530271029934143
WDR26,13,0,0,0.471774588420092,NA,NA,NA,0.530320080864342
KIF3B,7,0,0,0.471710948791721,NA,NA,NA,0.530352330517781
KIAA0141,9,0,0,0.472281723313198,NA,NA,NA,0.530420546847212
HAGHL,3,0,0,0.471774588420092,NA,NA,NA,0.530474569091376
ZNF764,10,0,0,0.472578811557552,NA,NA,NA,0.530503262146847
STEAP3,9,0,0,0.471774588420092,NA,NA,NA,0.530505193096108
CFAP97,23,0,0,0.471774588420092,NA,NA,NA,0.530506724882028
DUSP1,8,0,0,0.472118121396462,NA,NA,NA,0.530559441605094
ARMC7,9,0,0,0.472575130142634,NA,NA,NA,0.530577364782361
PROSER3,11,0,0,0.471774588420092,NA,NA,NA,0.530605757811187
RRAS,3,0,0,0.472281723313198,NA,NA,NA,0.530648532098446
TMEM126A,2,0,0,0.472281723313198,NA,NA,NA,0.530651878132135
CAPNS1,5,0,0,0.472575130142634,NA,NA,NA,0.530806647944049
ZNF627,7,0,0,0.472281723313198,NA,NA,NA,0.530874194720123
BTG3,6,0,0,0.473503349024417,NA,NA,NA,0.531732490022539
LRP5L,6,0,0,0.474185836776257,NA,NA,NA,0.532468124072262
MAP3K10,2,0,0,0.474310923594768,NA,NA,NA,0.532523244790719
C1orf21,15,0,0,0.474185836776257,NA,NA,NA,0.532586824885498
UGCG,5,0,0,0.474153768221984,NA,NA,NA,0.532590752054085
MRPS23,11,0,0,0.474153768221984,NA,NA,NA,0.53284394393445
NAMPT,11,0,0,0.475048693921972,NA,NA,NA,0.53323161973705
TRUB2,13,0,0,0.477695485253599,NA,NA,NA,0.536939280529145
PPHLN1,6,0,0,0.477977737297988,NA,NA,NA,0.537482681373306
FAM49A,7,0,0,0.47832649805755,NA,NA,NA,0.537775229543416
ACAD9,16,0,0,0.478797607902312,NA,NA,NA,0.538198247661723
TMEM19,11,0,0,0.479091208952844,NA,NA,NA,0.538352225816387
RABGEF1,14,0,0,0.479091208952844,NA,NA,NA,0.538486062883659
AC114490.2,2,0,0,0.479825124414671,NA,NA,NA,0.538662199708607
INSIG1,14,0,0,0.4797126650817,NA,NA,NA,0.538858941296599
DLG3,5,0,0,0.479825124414671,NA,NA,NA,0.538956146035528
PAK2,11,0,0,0.479825124414671,NA,NA,NA,0.538966858029083
MRPL58,3,0,0,0.479825124414671,NA,NA,NA,0.538995003845981
PFDN4,10,0,0,0.4797126650817,NA,NA,NA,0.53908831935546
ERBB3,4,0,0,0.480129516331611,NA,NA,NA,0.539226470399451
MED7,13,0,0,0.4797126650817,NA,NA,NA,0.539335206088101
ENG,3,0,0,0.4797126650817,NA,NA,NA,0.539447327236474
MECOM,3,0,0,0.4797126650817,NA,NA,NA,0.539449838210827
CADPS2,10,0,0,0.480595406901103,NA,NA,NA,0.539564421041051
BBS12,3,0,0,0.4797126650817,NA,NA,NA,0.539772541408503
DCLK1,12,0,0,0.480595406901103,NA,NA,NA,0.53986807227213
B3GNT9,3,0,0,0.480815571263393,NA,NA,NA,0.540357171368208
OSBPL8,20,0,0,0.48151532055857,NA,NA,NA,0.541899387489058
ZEB2,12,0,0,0.481674638381981,NA,NA,NA,0.541989160307126
DUOX1,2,0,0,0.481710998336111,NA,NA,NA,0.542029542691041
SNX30,7,0,0,0.48151532055857,NA,NA,NA,0.542029639131015
MLLT10,6,0,0,0.481710998336111,NA,NA,NA,0.542053118855742
C11orf91,13,0,0,0.481710998336111,NA,NA,NA,0.542258935163429
TSPAN3,24,0,0,0.481710998336111,NA,NA,NA,0.542276890392887
ASPHD2,3,0,0,0.481710998336111,NA,NA,NA,0.542469586290309
RBBP8,6,0,0,0.481710998336111,NA,NA,NA,0.542516028626328
ZFX,11,0,0,0.482118642748184,NA,NA,NA,0.542613293419547
ARMC6,4,0,0,0.481710998336111,NA,NA,NA,0.54263055837034
NTN4,3,0,0,0.481710998336111,NA,NA,NA,0.542712706944099
NAV3,2,0,0,0.481710998336111,NA,NA,NA,0.543047216270962
KLHL28,4,0,0,0.483652853197395,NA,NA,NA,0.544245318064171
LRP11,5,0,0,0.483652853197395,NA,NA,NA,0.544344780605022
ZNF302,4,0,0,0.483652853197395,NA,NA,NA,0.544378505206729
ST3GAL5,3,0,0,0.483791657795268,NA,NA,NA,0.544392559523275
ZNF805,8,0,0,0.485218379272622,NA,NA,NA,0.545832652860353
TMED4,12,0,0,0.485551203298318,NA,NA,NA,0.54594626581868
PFKFB4,4,0,0,0.485551203298318,NA,NA,NA,0.546144873664192
DHX35,2,0,0,0.485551203298318,NA,NA,NA,0.546239537157049
GNPAT,4,0,0,0.485910926185178,NA,NA,NA,0.54624906762795
PTPN12,7,0,0,0.486728037210368,NA,NA,NA,0.547454557309697
ATP5G2,2,0,0,0.486764955354607,NA,NA,NA,0.547629530748096
ASAP2,6,0,0,0.487434777775765,NA,NA,NA,0.548262175270231
CLMP,20,0,0,0.487783079654833,NA,NA,NA,0.548552328904252
ORC2,13,0,0,0.488038797317899,NA,NA,NA,0.548743891267849
NGLY1,4,0,0,0.488161019304951,NA,NA,NA,0.548793403847257
IRF6,13,0,0,0.488857836912675,NA,NA,NA,0.549701813212434
NOM1,15,0,0,0.488857836912675,NA,NA,NA,0.549875133449844
COMMD7,4,0,0,0.489755527055114,NA,NA,NA,0.550717543240186
RBPMS,4,0,0,0.489709770745293,NA,NA,NA,0.550749733997815
TMTC1,8,0,0,0.489650941019058,NA,NA,NA,0.550768089971875
SFMBT1,8,0,0,0.489879039380108,NA,NA,NA,0.551316138960853
ABHD18,4,0,0,0.489879039380108,NA,NA,NA,0.551326806336574
KRIT1,13,0,0,0.489960609997185,NA,NA,NA,0.551383757037044
PDS5B,22,0,0,0.489879039380108,NA,NA,NA,0.551448164122888
CDK20,6,0,0,0.489879039380108,NA,NA,NA,0.551452692691721
WDR18,4,0,0,0.489879039380108,NA,NA,NA,0.551462522928511
MZT1,17,0,0,0.489960609997185,NA,NA,NA,0.551465211699572
SLC35F2,3,0,0,0.489879039380108,NA,NA,NA,0.5514936051701
LBH,4,0,0,0.489879039380108,NA,NA,NA,0.551622259846136
TNFRSF10C,5,0,0,0.489879039380108,NA,NA,NA,0.551695334178032
JADE3,3,0,0,0.490687003264555,NA,NA,NA,0.552253947811872
TARS,9,0,0,0.490687003264555,NA,NA,NA,0.552272470303337
SMUG1,10,0,0,0.490687003264555,NA,NA,NA,0.552640831619563
GNAI3,26,0,0,0.491299114645583,NA,NA,NA,0.55310945402871
KCND1,2,0,0,0.491653034839608,NA,NA,NA,0.553717433410322
LYRM9,3,0,0,0.492708864785335,NA,NA,NA,0.554474515958198
SNX18,11,0,0,0.492538471664671,NA,NA,NA,0.554578256235449
IPO5,20,0,0,0.492708864785335,NA,NA,NA,0.55459807427442
TRIM24,16,0,0,0.492708749503628,NA,NA,NA,0.554677905374692
MRPS18A,9,0,0,0.492708864785335,NA,NA,NA,0.554895702715294
MSX1,2,0,0,0.492708864785335,NA,NA,NA,0.554921821544964
ZFP36,5,0,0,0.492708864785335,NA,NA,NA,0.554929780051247
YWHAZ,28,0,0,0.492781759382352,NA,NA,NA,0.554931549752175
ARHGAP18,18,0,0,0.492708864785335,NA,NA,NA,0.554959415465729
COPB2,21,0,0,0.492781759382352,NA,NA,NA,0.555006730107447
PRKRA,7,0,0,0.492708864785335,NA,NA,NA,0.555066118031783
RHOF,7,0,0,0.492708864785335,NA,NA,NA,0.555090527361163
RTTN,3,0,0,0.492781759382352,NA,NA,NA,0.555149498259559
DAPK1,4,0,0,0.492708864785335,NA,NA,NA,0.555249349608532
CREBL2,30,0,0,0.492781759382352,NA,NA,NA,0.555262979397625
WSB2,23,0,0,0.492708864785335,NA,NA,NA,0.55531215141116
MRPS33,5,0,0,0.492781759382352,NA,NA,NA,0.555369974655955
PLAG1,3,0,0,0.492708864785335,NA,NA,NA,0.555380564334209
SLC16A7,17,0,0,0.492870460658402,NA,NA,NA,0.555394212603653
KNSTRN,15,0,0,0.492708864785335,NA,NA,NA,0.555401820276716
ATP9A,13,0,0,0.492708864785335,NA,NA,NA,0.555417968408988
SEPT2,15,0,0,0.493144076374642,NA,NA,NA,0.555522776525362
MAL2,13,0,0,0.492708864785335,NA,NA,NA,0.555646176952901
SMIM26,3,0,0,0.493144076374642,NA,NA,NA,0.555761114206122
FHL2,16,0,0,0.494992988997539,NA,NA,NA,0.557470882969352
C22orf39,6,0,0,0.494992988997539,NA,NA,NA,0.557475316148709
NSUN3,19,0,0,0.494992988997539,NA,NA,NA,0.557693035335716
SHB,6,0,0,0.494992988997539,NA,NA,NA,0.558041493702011
PGBD1,5,0,0,0.495704029201241,NA,NA,NA,0.558145029924911
CCNK,7,0,0,0.496223286692115,NA,NA,NA,0.55853380650222
CYCS,21,0,0,0.496223286692115,NA,NA,NA,0.55865894384361
CTSZ,12,0,0,0.497185243047171,NA,NA,NA,0.55947373327848
SULF2,18,0,0,0.498381089187777,NA,NA,NA,0.560661328795654
RINT1,9,0,0,0.4988705180313,NA,NA,NA,0.561098981233928
PAFAH2,8,0,0,0.499236877031673,NA,NA,NA,0.561714297743539
EFTUD2,13,0,0,0.499686852588247,NA,NA,NA,0.562396027776461
CHAC2,9,0,0,0.499876969206818,NA,NA,NA,0.562537945524857
ZBED3,11,0,0,0.501245895510462,NA,NA,NA,0.564585905164132
TTL,18,0,0,0.501245895510462,NA,NA,NA,0.564729889801341
WDR61,3,0,0,0.501245895510462,NA,NA,NA,0.564798725859272
CCNT1,7,0,0,0.501245895510462,NA,NA,NA,0.564876275450374
MBOAT2,22,0,0,0.502634808791624,NA,NA,NA,0.565977277244203
RPRD1B,5,0,0,0.502993117418482,NA,NA,NA,0.566808839899477
RGS19,5,0,0,0.502993117418482,NA,NA,NA,0.567273248330301
KIAA1143,5,0,0,0.502993117418482,NA,NA,NA,0.567371870749022
SAMD8,12,0,0,0.502993117418482,NA,NA,NA,0.567528686132022
RAC1,11,0,0,0.502993117418482,NA,NA,NA,0.56761386607756
FKBP4,12,0,0,0.502993117418482,NA,NA,NA,0.567774852853441
WDR4,9,0,0,0.502993117418482,NA,NA,NA,0.56780969037621
PTRH2,8,0,0,0.503518434659361,NA,NA,NA,0.567902825448248
SPOCK1,5,0,0,0.502993117418482,NA,NA,NA,0.567908535102124
ARMC8,10,0,0,0.502993117418482,NA,NA,NA,0.567938959570549
ZC4H2,8,0,0,0.503518434659361,NA,NA,NA,0.568003993396453
PDHB,8,0,0,0.503518434659361,NA,NA,NA,0.568109368327288
AMOTL1,11,0,0,0.503518434659361,NA,NA,NA,0.56817944159885
NT5DC1,15,0,0,0.502993117418482,NA,NA,NA,0.568230421856238
CACUL1,15,0,0,0.503776850348488,NA,NA,NA,0.568399461853001
XIAP,11,0,0,0.504217682098128,NA,NA,NA,0.56870095126257
PTK6,7,0,0,0.504217682098128,NA,NA,NA,0.568789284768324
FEM1B,14,0,0,0.504604233442311,NA,NA,NA,0.569028026402136
ZPR1,11,0,0,0.504869961820875,NA,NA,NA,0.569060584479978
LGALS8,14,0,0,0.504869961820875,NA,NA,NA,0.569329876802049
RNF213,8,0,0,0.50581006782115,NA,NA,NA,0.569450712574061
NPC2,5,0,0,0.505319802600777,NA,NA,NA,0.569454664001154
GOLPH3L,12,0,0,0.505675370457098,NA,NA,NA,0.569473028412637
ARL5A,28,0,0,0.504869961820875,NA,NA,NA,0.569533147036611
MRPS25,8,0,0,0.50581006782115,NA,NA,NA,0.569783391016348
IDH3G,3,0,0,0.505675370457098,NA,NA,NA,0.569852391117349
RHPN2,6,0,0,0.505675370457098,NA,NA,NA,0.570088061610426
MMS19,5,0,0,0.505675370457098,NA,NA,NA,0.570283247678953
IL20RA,5,0,0,0.505675370457098,NA,NA,NA,0.570429451654126
WDR41,33,0,0,0.506743872636006,NA,NA,NA,0.570494514621442
C6orf106,9,0,0,0.505675370457098,NA,NA,NA,0.570607959847067
SRSF1,29,0,0,0.506707984115161,NA,NA,NA,0.570621768493845
POLR3B,11,0,0,0.50696804461238,NA,NA,NA,0.570649295781352
GIP,2,0,0,0.505675370457098,NA,NA,NA,0.570665872175234
SFMBT2,2,0,0,0.507077539635463,NA,NA,NA,0.570682720149229
TFPI,16,0,0,0.506743872636006,NA,NA,NA,0.570812691898327
SNX21,10,0,0,0.505675370457098,NA,NA,NA,0.570925032025069
C2orf68,9,0,0,0.508065803637539,NA,NA,NA,0.572084897811558
USP49,9,0,0,0.508021150194319,NA,NA,NA,0.572203364638344
TEAD1,21,0,0,0.508065803637539,NA,NA,NA,0.572218710296563
THBS1,28,0,0,0.508223885381221,NA,NA,NA,0.572498541503975
B4GALT7,10,0,0,0.508223885381221,NA,NA,NA,0.572713676662283
NAA20,12,0,0,0.508223885381221,NA,NA,NA,0.572743494044787
ANKRD13C,18,0,0,0.508223885381221,NA,NA,NA,0.572825170927839
RNF14,14,0,0,0.508374845382286,NA,NA,NA,0.572901794215493
RABAC1,2,0,0,0.508774826701172,NA,NA,NA,0.57324226318561
HACD3,13,0,0,0.509106455983199,NA,NA,NA,0.573510286760289
CASKIN2,4,0,0,0.510455476933501,NA,NA,NA,0.574688499978683
KCTD12,13,0,0,0.510528057684228,NA,NA,NA,0.574783908662765
HNRNPU,44,0,0,0.510636812053944,NA,NA,NA,0.574848970158427
TGFBR2,20,0,0,0.510455476933501,NA,NA,NA,0.574900471251604
SEC24A,7,0,0,0.510455476933501,NA,NA,NA,0.574966089300015
WDCP,3,0,0,0.510528057684228,NA,NA,NA,0.57505369831476
SYNE1,5,0,0,0.510528057684228,NA,NA,NA,0.575227562912902
KCMF1,17,0,0,0.51148965054242,NA,NA,NA,0.575667522547074
WDPCP,3,0,0,0.512207799671353,NA,NA,NA,0.576643817177389
CYP4V2,8,0,0,0.512308689769743,NA,NA,NA,0.576967516037717
GIGYF2,13,0,0,0.512631970522674,NA,NA,NA,0.577225910362262
ZSCAN5A,3,0,0,0.512810577432504,NA,NA,NA,0.578210037282137
BICD1,9,0,0,0.512810577432504,NA,NA,NA,0.578431299855262
ADAMTS7,2,0,0,0.513218796383387,NA,NA,NA,0.57854360350721
EPB41L1,6,0,0,0.513218796383387,NA,NA,NA,0.578832590015904
FUNDC2,18,0,0,0.513218796383387,NA,NA,NA,0.578922628303637
POLR3D,11,0,0,0.513218796383387,NA,NA,NA,0.57910029228439
TPGS2,9,0,0,0.513645041909188,NA,NA,NA,0.579209714921465
TYW5,12,0,0,0.514614817275239,NA,NA,NA,0.581009603400968
DNASE2,5,0,0,0.514614817275239,NA,NA,NA,0.581312080671445
VPS13C,7,0,0,0.514614817275239,NA,NA,NA,0.581574570746932
TPP1,8,0,0,0.514614817275239,NA,NA,NA,0.58181238600177
NUFIP1,9,0,0,0.514614817275239,NA,NA,NA,0.581927819906478
FAM117B,5,0,0,0.515247157646956,NA,NA,NA,0.581944489493657
CHCHD3,7,0,0,0.515244795344815,NA,NA,NA,0.582103869974037
KCNK6,11,0,0,0.515244795344815,NA,NA,NA,0.582259355205486
COMMD6,11,0,0,0.515247157646956,NA,NA,NA,0.58227201388973
ABRAXAS1,8,0,0,0.515969394887936,NA,NA,NA,0.582617730813264
CDC42SE2,8,0,0,0.515657161403673,NA,NA,NA,0.582626306140301
PLEK2,8,0,0,0.515589545014669,NA,NA,NA,0.582639659706325
ATP6AP2,6,0,0,0.515555386547435,NA,NA,NA,0.582773664142507
UNKL,5,0,0,0.515969394887936,NA,NA,NA,0.582840528944433
MPP6,30,0,0,0.515589545014669,NA,NA,NA,0.582848430002595
CPSF6,29,0,0,0.51605326891877,NA,NA,NA,0.582918124182256
C1GALT1,12,0,0,0.515969394887936,NA,NA,NA,0.583048950033878
USP11,4,0,0,0.515969394887936,NA,NA,NA,0.583057363702413
HEXIM2,2,0,0,0.516359414414291,NA,NA,NA,0.583157386513986
NDFIP1,17,0,0,0.516623981196277,NA,NA,NA,0.583352609895827
FBXO22,21,0,0,0.517906222913085,NA,NA,NA,0.584677993264676
IPMK,11,0,0,0.517906222913085,NA,NA,NA,0.584818771670745
MED20,4,0,0,0.518113396908809,NA,NA,NA,0.584969731761699
PRRG4,10,0,0,0.519003559151769,NA,NA,NA,0.586637025550882
SHISAL1,4,0,0,0.519003559151769,NA,NA,NA,0.586754232964969
UBE3D,2,0,0,0.519003559151769,NA,NA,NA,0.586958463737889
NHLRC2,24,0,0,0.519003559151769,NA,NA,NA,0.587019005781011
RALBP1,6,0,0,0.520102510016288,NA,NA,NA,0.587745934502957
ADAL,9,0,0,0.520334586227272,NA,NA,NA,0.587987506822076
SIPA1,12,0,0,0.520102510016288,NA,NA,NA,0.588098911059972
HTD2,21,0,0,0.520503740582765,NA,NA,NA,0.588554834642288
DUSP3,13,0,0,0.520503740582765,NA,NA,NA,0.588658387752077
CTTNBP2,3,0,0,0.520503740582765,NA,NA,NA,0.58881266443003
TRIOBP,11,0,0,0.520503740582765,NA,NA,NA,0.588873101070547
USP53,7,0,0,0.520503740582765,NA,NA,NA,0.588981406973054
BCKDHB,4,0,0,0.520503740582765,NA,NA,NA,0.588987654507446
HIST1H2BJ,7,0,0,0.520503740582765,NA,NA,NA,0.589171927545909
AKR7L,3,0,0,0.520503740582765,NA,NA,NA,0.589355630312985
NLE1,10,0,0,0.521464290342142,NA,NA,NA,0.589803653180414
CLDN1,8,0,0,0.521561116979023,NA,NA,NA,0.59057741142155
SLX4IP,2,0,0,0.521561116979023,NA,NA,NA,0.590922455217086
ACTR2,16,0,0,0.521561116979023,NA,NA,NA,0.590954394827123
MET,5,0,0,0.521561116979023,NA,NA,NA,0.591002033128565
ASCC1,11,0,0,0.521561116979023,NA,NA,NA,0.59104093730186
FBXO30,7,0,0,0.521561116979023,NA,NA,NA,0.591088904774942
MTMR9,19,0,0,0.521561116979023,NA,NA,NA,0.591204017628251
ZNF91,13,0,0,0.521983670300488,NA,NA,NA,0.591229358310783
SCP2,8,0,0,0.521561116979023,NA,NA,NA,0.591393169595406
FXN,14,0,0,0.521561116979023,NA,NA,NA,0.591420411133438
GPN2,5,0,0,0.521561116979023,NA,NA,NA,0.591432692075582
NXN,9,0,0,0.521561116979023,NA,NA,NA,0.59151686122216
CPSF4,8,0,0,0.521561116979023,NA,NA,NA,0.591524069704288
MIB1,13,0,0,0.521561116979023,NA,NA,NA,0.591701176970056
SSX2IP,21,0,0,0.521561116979023,NA,NA,NA,0.591718674918478
LRP12,10,0,0,0.521561116979023,NA,NA,NA,0.591831417714466
MRPL42,26,0,0,0.521561116979023,NA,NA,NA,0.592062293247403
FERMT1,10,0,0,0.522307349926262,NA,NA,NA,0.592422635554079
UBE3A,10,0,0,0.522307349926262,NA,NA,NA,0.5924450995942
POLR1C,7,0,0,0.522307349926262,NA,NA,NA,0.592500586839201
TMEM59,8,0,0,0.522307349926262,NA,NA,NA,0.59258191895214
ZNF708,16,0,0,0.522307349926262,NA,NA,NA,0.592593901274961
PPP1R12A,10,0,0,0.52243147001403,NA,NA,NA,0.592604027463106
STK40,4,0,0,0.522307349926262,NA,NA,NA,0.592632217071584
STAM2,10,0,0,0.522307349926262,NA,NA,NA,0.592682540397196
KLHL8,13,0,0,0.522307349926262,NA,NA,NA,0.592723551659765
NPHP1,3,0,0,0.522307349926262,NA,NA,NA,0.592728696001881
RTN2,2,0,0,0.522307349926262,NA,NA,NA,0.592732379266892
ERO1A,14,0,0,0.522307349926262,NA,NA,NA,0.592746658733927
ILF3,6,0,0,0.522307349926262,NA,NA,NA,0.592828996815212
ABL2,15,0,0,0.52243147001403,NA,NA,NA,0.59285808122543
AFF2,3,0,0,0.523306537232691,NA,NA,NA,0.592922878660884
TSPAN18,4,0,0,0.522307349926262,NA,NA,NA,0.592973982487933
SPPL3,10,0,0,0.52243147001403,NA,NA,NA,0.592979885748677
RNF181,4,0,0,0.522307349926262,NA,NA,NA,0.592984317165363
KIAA0930,7,0,0,0.523191581788226,NA,NA,NA,0.593058413652229
ERMP1,13,0,0,0.522307349926262,NA,NA,NA,0.593086417994242
B4GALT5,8,0,0,0.522307349926262,NA,NA,NA,0.593100041230796
MARK4,9,0,0,0.522307349926262,NA,NA,NA,0.593107361599874
ZC3H8,10,0,0,0.522680899517588,NA,NA,NA,0.593120485789458
NFYC,4,0,0,0.522307349926262,NA,NA,NA,0.593150900925261
ARL6IP4,3,0,0,0.523191581788226,NA,NA,NA,0.593185169429204
IRS1,13,0,0,0.523191581788226,NA,NA,NA,0.593234470451299
USP40,5,0,0,0.52295271817537,NA,NA,NA,0.593235723141177
PLXDC2,15,0,0,0.522680899517588,NA,NA,NA,0.593255139901451
NKAP,7,0,0,0.523306537232691,NA,NA,NA,0.593275227602371
TNKS,16,0,0,0.522307349926262,NA,NA,NA,0.593275365541258
TMEM268,13,0,0,0.523306537232691,NA,NA,NA,0.593301896881887
PTP4A1,25,0,0,0.523183631566862,NA,NA,NA,0.593307809605269
HOMEZ,13,0,0,0.52312890922302,NA,NA,NA,0.593336013991267
PGAP1,14,0,0,0.522680899517588,NA,NA,NA,0.593337342110923
FOXN2,7,0,0,0.522680899517588,NA,NA,NA,0.593358289560457
RBBP5,9,0,0,0.522680899517588,NA,NA,NA,0.593395473991265
VGLL3,16,0,0,0.522680899517588,NA,NA,NA,0.593435568866269
MFSD8,10,0,0,0.522307349926262,NA,NA,NA,0.593492383355717
CDV3,5,0,0,0.52295271817537,NA,NA,NA,0.59350628696125
LPGAT1,24,0,0,0.522680899517588,NA,NA,NA,0.593592651580566
ZNF587,16,0,0,0.525081240604148,NA,NA,NA,0.595193492963105
DDB2,5,0,0,0.525081240604148,NA,NA,NA,0.595323239034591
FKBP15,8,0,0,0.525376721235213,NA,NA,NA,0.595530743058772
ZNF732,6,0,0,0.525355015147752,NA,NA,NA,0.595680188812558
FAM200B,5,0,0,0.525376721235213,NA,NA,NA,0.595754418753202
SGCB,14,0,0,0.526160362032679,NA,NA,NA,0.596862353402515
THAP10,3,0,0,0.526160362032679,NA,NA,NA,0.597135596046154
SLC36A4,13,0,0,0.526547881246869,NA,NA,NA,0.597185458993037
MIER1,6,0,0,0.526160362032679,NA,NA,NA,0.597441951547477
ITFG1,5,0,0,0.526160362032679,NA,NA,NA,0.597697775361439
PPFIA3,2,0,0,0.527094247901816,NA,NA,NA,0.597709937059808
LONRF1,6,0,0,0.527147190465704,NA,NA,NA,0.598268706463249
CHPF2,3,0,0,0.527147190465704,NA,NA,NA,0.598313840718813
SLC7A6OS,16,0,0,0.527147190465704,NA,NA,NA,0.598427523720803
EEF1AKMT2,27,0,0,0.527147190465704,NA,NA,NA,0.59854800583729
MAP1LC3B,10,0,0,0.527147190465704,NA,NA,NA,0.598588784079687
TUSC1,5,0,0,0.527199586442919,NA,NA,NA,0.599434379274023
ZNF224,11,0,0,0.527199586442919,NA,NA,NA,0.599578746537182
GTPBP8,15,0,0,0.527743579659029,NA,NA,NA,0.599922807548671
ATL3,18,0,0,0.528081453303281,NA,NA,NA,0.600192930262767
GMEB1,12,0,0,0.529219027853182,NA,NA,NA,0.601502710625405
ANKHD1-EIF4EBP3,9,0,0,0.529533463004841,NA,NA,NA,0.601572536948703
GPATCH8,4,0,0,0.529219027853182,NA,NA,NA,0.601665468925845
SCRN1,4,0,0,0.529764441557002,NA,NA,NA,0.601729263969013
LARP7,3,0,0,0.529533463004841,NA,NA,NA,0.60177669704231
ATP13A3,10,0,0,0.529533463004841,NA,NA,NA,0.601853256166118
TCF12,5,0,0,0.530334677905286,NA,NA,NA,0.602806225552337
DARS2,17,0,0,0.530964289828838,NA,NA,NA,0.603384124888201
FAM204A,19,0,0,0.531334019620078,NA,NA,NA,0.603687096601457
PAWR,21,0,0,0.531917809380147,NA,NA,NA,0.604497144080074
HSDL1,16,0,0,0.532338644395027,NA,NA,NA,0.604958505886263
IRF5,2,0,0,0.532630940677957,NA,NA,NA,0.605192392115288
TAF2,3,0,0,0.532338644395027,NA,NA,NA,0.605203635599395
EIF2S1,17,0,0,0.532630940677957,NA,NA,NA,0.605267940287899
MAGI1,7,0,0,0.532338644395027,NA,NA,NA,0.605535468760055
SHOC2,14,0,0,0.533414526362618,NA,NA,NA,0.606111368643816
RPL4,10,0,0,0.53510918229135,NA,NA,NA,0.607650379056135
ALG8,6,0,0,0.535131848867621,NA,NA,NA,0.607886470889089
PHF19,11,0,0,0.535263484586987,NA,NA,NA,0.607932802214756
ARL3,4,0,0,0.53510918229135,NA,NA,NA,0.607937644706032
GLIS3,5,0,0,0.535131848867621,NA,NA,NA,0.607989261944147
DSCC1,8,0,0,0.535131848867621,NA,NA,NA,0.608025119022391
SNAP29,17,0,0,0.535263484586987,NA,NA,NA,0.608112723145871
PTP4A2,9,0,0,0.53510918229135,NA,NA,NA,0.608113239424037
KPNA1,27,0,0,0.535131848867621,NA,NA,NA,0.608177506730967
PCBD2,7,0,0,0.535263484586987,NA,NA,NA,0.608275490279387
SNRPG,7,0,0,0.535263484586987,NA,NA,NA,0.608388536519437
NCOA1,10,0,0,0.535962790332618,NA,NA,NA,0.608671971165361
GGH,5,0,0,0.535962790332618,NA,NA,NA,0.608926325184214
CREB1,19,0,0,0.535962790332618,NA,NA,NA,0.608966549237394
ASF1A,5,0,0,0.535979965736232,NA,NA,NA,0.608995431048345
PRELID2,5,0,0,0.535962790332618,NA,NA,NA,0.609021603422505
ORC1,8,0,0,0.535962790332618,NA,NA,NA,0.609096008431703
RGL1,12,0,0,0.536214343280007,NA,NA,NA,0.6094325761398
B3GALT6,14,0,0,0.53834400287065,NA,NA,NA,0.611904632388599
RBSN,9,0,0,0.53834400287065,NA,NA,NA,0.611971366747279
PDGFA,7,0,0,0.53834400287065,NA,NA,NA,0.612035677749762
MICU1,3,0,0,0.538341125101526,NA,NA,NA,0.61205616695565
TPT1,25,0,0,0.538404858526389,NA,NA,NA,0.612245060622246
C17orf100,7,0,0,0.53834400287065,NA,NA,NA,0.612268565557436
CALU,23,0,0,0.53834400287065,NA,NA,NA,0.612270039590229
EIF4G1,6,0,0,0.538341125101526,NA,NA,NA,0.612272584024669
BAIAP2L1,9,0,0,0.538404858526389,NA,NA,NA,0.612491835363207
NEDD1,16,0,0,0.538404858526389,NA,NA,NA,0.612652670091064
CHRNB1,4,0,0,0.539169765742344,NA,NA,NA,0.612784974338818
FUS,14,0,0,0.53938632400353,NA,NA,NA,0.612954247723539
GATC,16,0,0,0.539169765742344,NA,NA,NA,0.613019041991612
PAXX,5,0,0,0.539376442318177,NA,NA,NA,0.613032464296644
SMAD4,13,0,0,0.539169765742344,NA,NA,NA,0.613254135026699
NCOA7,8,0,0,0.539376442318177,NA,NA,NA,0.613296527060142
CYB5R4,8,0,0,0.539376442318177,NA,NA,NA,0.613312949225945
CSDE1,9,0,0,0.539376442318177,NA,NA,NA,0.613372152105756
UHRF1,6,0,0,0.539376442318177,NA,NA,NA,0.613381167108652
CYP4F11,10,0,0,0.539376442318177,NA,NA,NA,0.613474420929285
SUCO,6,0,0,0.539376442318177,NA,NA,NA,0.613509780908029
TADA2B,7,0,0,0.539376442318177,NA,NA,NA,0.61371251204584
ANKRD23,5,0,0,0.539376442318177,NA,NA,NA,0.613753682061244
DFFA,26,0,0,0.541441266955172,NA,NA,NA,0.615029644433262
SPHAR,10,0,0,0.541639626303992,NA,NA,NA,0.61571811660534
SRXN1,5,0,0,0.541639626303992,NA,NA,NA,0.616117507228918
AREL1,10,0,0,0.541639626303992,NA,NA,NA,0.616150856170507
MSH6,7,0,0,0.541639626303992,NA,NA,NA,0.616272094221788
FAM122A,10,0,0,0.541639626303992,NA,NA,NA,0.616403388213136
B3GNT5,5,0,0,0.541639626303992,NA,NA,NA,0.616461965258701
KPNB1,15,0,0,0.541639626303992,NA,NA,NA,0.616480063442923
AGFG2,11,0,0,0.541639626303992,NA,NA,NA,0.616522466828201
WDR45B,5,0,0,0.541639626303992,NA,NA,NA,0.616839389424499
C7orf31,4,0,0,0.541639626303992,NA,NA,NA,0.616905260844223
MPLKIP,13,0,0,0.542188196699061,NA,NA,NA,0.617034809561382
GTF2A2,8,0,0,0.543427637793938,NA,NA,NA,0.618177437124302
AKAP9,7,0,0,0.543427637793938,NA,NA,NA,0.618225868011158
IREB2,14,0,0,0.543427637793938,NA,NA,NA,0.618260319653893
CCNJL,9,0,0,0.543427637793938,NA,NA,NA,0.618280391767076
SUFU,4,0,0,0.543427637793938,NA,NA,NA,0.618306681886847
CCDC149,3,0,0,0.543427637793938,NA,NA,NA,0.618385837457828
RNF111,10,0,0,0.543427637793938,NA,NA,NA,0.618406330634382
TMEM18,9,0,0,0.543427637793938,NA,NA,NA,0.618497039056379
CLCN7,2,0,0,0.543427637793938,NA,NA,NA,0.618509231525366
PEX14,3,0,0,0.543427637793938,NA,NA,NA,0.618551526546408
TRMT112,9,0,0,0.543427637793938,NA,NA,NA,0.618589837160634
HSBP1,16,0,0,0.543427637793938,NA,NA,NA,0.618669237979056
SAT1,7,0,0,0.543427637793938,NA,NA,NA,0.618748354964474
CKAP2L,8,0,0,0.543427637793938,NA,NA,NA,0.618763998288914
MORF4L1,16,0,0,0.543427637793938,NA,NA,NA,0.618850616136355
PSMD11,8,0,0,0.543427637793938,NA,NA,NA,0.618853449125146
CNIH1,16,0,0,0.543427637793938,NA,NA,NA,0.619049514685273
TRIP10,3,0,0,0.543427637793938,NA,NA,NA,0.6190569517489
SETD5,8,0,0,0.543427637793938,NA,NA,NA,0.619163461319339
NEBL,14,0,0,0.544332567780102,NA,NA,NA,0.619166119249645
C10orf55,3,0,0,0.543427637793938,NA,NA,NA,0.619183867904798
BNC2,3,0,0,0.543427637793938,NA,NA,NA,0.619261473401493
P2RY6,3,0,0,0.544332567780102,NA,NA,NA,0.61943378923363
PRMT3,11,0,0,0.544697302367729,NA,NA,NA,0.619445305331203
FAM229B,6,0,0,0.544332567780102,NA,NA,NA,0.619461075415627
ARGLU1,10,0,0,0.543427637793938,NA,NA,NA,0.619470168202661
PPM1B,6,0,0,0.544697302367729,NA,NA,NA,0.61966393741984
CENPBD1,6,0,0,0.544697302367729,NA,NA,NA,0.619677986225972
TFG,5,0,0,0.544332567780102,NA,NA,NA,0.619693570620214
PIK3C3,13,0,0,0.544697302367729,NA,NA,NA,0.619730293517049
KIAA0586,9,0,0,0.544332567780102,NA,NA,NA,0.619779307254086
WSB1,14,0,0,0.544332567780102,NA,NA,NA,0.619897383699232
TMEM263,20,0,0,0.544697302367729,NA,NA,NA,0.619908247826231
USP12,12,0,0,0.545043935194199,NA,NA,NA,0.620143372596184
NDUFAF1,2,0,0,0.54527838263321,NA,NA,NA,0.620150356079421
BRSK2,3,0,0,0.54527838263321,NA,NA,NA,0.620240692728785
RPL9,11,0,0,0.545228322469606,NA,NA,NA,0.620364762673759
NFYB,16,0,0,0.545169994210052,NA,NA,NA,0.620392604804851
PGAP2,3,0,0,0.545043935194199,NA,NA,NA,0.620393492773123
ZC3H11A,8,0,0,0.54527838263321,NA,NA,NA,0.620538937475572
PIGC,4,0,0,0.545169994210052,NA,NA,NA,0.620672832193358
ETFA,13,0,0,0.545775890280833,NA,NA,NA,0.620673433900529
KCTD21,2,0,0,0.545708642229752,NA,NA,NA,0.6206917334796
CDKL1,14,0,0,0.545169994210052,NA,NA,NA,0.620780112538995
PTGR2,11,0,0,0.545708642229752,NA,NA,NA,0.620888475143778
FAM177A1,12,0,0,0.545169994210052,NA,NA,NA,0.620937794790459
BMPR2,17,0,0,0.545169994210052,NA,NA,NA,0.621000239609841
CEP55,5,0,0,0.546184555276307,NA,NA,NA,0.621013690782419
BORCS5,18,0,0,0.546275271579654,NA,NA,NA,0.621586409342357
RALA,8,0,0,0.546275271579654,NA,NA,NA,0.621897007700705
RC3H2,23,0,0,0.546275271579654,NA,NA,NA,0.621908454690623
RLIM,24,0,0,0.546348683846791,NA,NA,NA,0.622341452336725
ZNF362,7,0,0,0.546348683846791,NA,NA,NA,0.622396283638234
SRPRA,9,0,0,0.546348683846791,NA,NA,NA,0.622596982759169
PPP3CC,7,0,0,0.546348683846791,NA,NA,NA,0.622681352145517
SNX13,10,0,0,0.546348683846791,NA,NA,NA,0.622793976956779
SRSF8,13,0,0,0.546389593311288,NA,NA,NA,0.623086249625628
ARRDC3,4,0,0,0.546611721192074,NA,NA,NA,0.623242248044269
CERS2,9,0,0,0.546611721192074,NA,NA,NA,0.623427010265972
CENPJ,2,0,0,0.546611721192074,NA,NA,NA,0.623730485304307
CCDC117,9,0,0,0.546611721192074,NA,NA,NA,0.623900049575713
GTPBP4,14,0,0,0.54731289893808,NA,NA,NA,0.625086011830006
CREBBP,8,0,0,0.54731289893808,NA,NA,NA,0.625401985174649
CDCA2,11,0,0,0.54731289893808,NA,NA,NA,0.625553664486374
WDR60,6,0,0,0.54731289893808,NA,NA,NA,0.62567120878515
YWHAQ,12,0,0,0.54731289893808,NA,NA,NA,0.625785771130728
TRAFD1,2,0,0,0.547909789483499,NA,NA,NA,0.625984044805777
GBP1,2,0,0,0.54731289893808,NA,NA,NA,0.625986995723412
UBL3,15,0,0,0.547909789483499,NA,NA,NA,0.626216010473443
PPP1R9B,6,0,0,0.547955296382554,NA,NA,NA,0.626442422618044
SH3BP4,8,0,0,0.548046959795308,NA,NA,NA,0.626464755447272
RC3H1,11,0,0,0.547955296382554,NA,NA,NA,0.626769111348117
PPCDC,2,0,0,0.547955296382554,NA,NA,NA,0.626825394665409
CCNA2,13,0,0,0.54844393898729,NA,NA,NA,0.62688051035188
BRI3,6,0,0,0.547955296382554,NA,NA,NA,0.626945007021744
DCLRE1B,7,0,0,0.549156894828799,NA,NA,NA,0.628241023595554
USP46,15,0,0,0.549525206090491,NA,NA,NA,0.629046089675648
ALAD,3,0,0,0.549525206090491,NA,NA,NA,0.629143076394664
REL,6,0,0,0.549525206090491,NA,NA,NA,0.62925027808505
PIK3R1,7,0,0,0.550011687467664,NA,NA,NA,0.62956431619316
ANGPT1,3,0,0,0.550222955723766,NA,NA,NA,0.629695338627486
ARHGAP31,11,0,0,0.550437798752023,NA,NA,NA,0.62994172203431
RAB18,23,0,0,0.550437798752023,NA,NA,NA,0.629966828590948
ZNF214,5,0,0,0.550437798752023,NA,NA,NA,0.63005182959637
TBX3,9,0,0,0.550437798752023,NA,NA,NA,0.630155935423038
PNPO,10,0,0,0.550437798752023,NA,NA,NA,0.630407993496335
DCTPP1,6,0,0,0.550437798752023,NA,NA,NA,0.630419430909973
LMAN1,19,0,0,0.550438334550146,NA,NA,NA,0.630589549486793
PTBP1,11,0,0,0.551197578482543,NA,NA,NA,0.632572645090945
YES1,7,0,0,0.551197578482543,NA,NA,NA,0.63287589824124
RELL2,3,0,0,0.551197578482543,NA,NA,NA,0.632937423074581
MYH15,4,0,0,0.551197578482543,NA,NA,NA,0.633047095276799
NDUFA4,6,0,0,0.551197578482543,NA,NA,NA,0.633052862270357
VRK2,17,0,0,0.551197578482543,NA,NA,NA,0.633082225004763
TRAPPC10,8,0,0,0.551197578482543,NA,NA,NA,0.633126512082433
STMP1,24,0,0,0.551197578482543,NA,NA,NA,0.633164023641578
NAGA,10,0,0,0.551197578482543,NA,NA,NA,0.633415928087847
GRSF1,21,0,0,0.551197578482543,NA,NA,NA,0.633702602043389
YAP1,12,0,0,0.551680666173705,NA,NA,NA,0.634009701534356
URB2,18,0,0,0.551898928372889,NA,NA,NA,0.634147146942798
TM9SF3,28,0,0,0.553098588751873,NA,NA,NA,0.635581077324736
CCDC174,11,0,0,0.554206260285069,NA,NA,NA,0.636657339583169
UHRF2,5,0,0,0.555504331694012,NA,NA,NA,0.638309208809122
POLDIP2,18,0,0,0.555504331694012,NA,NA,NA,0.638472526200431
TSPAN2,11,0,0,0.555504331694012,NA,NA,NA,0.638614406397809
UBE2D4,6,0,0,0.555504331694012,NA,NA,NA,0.6387294375686
ATP8A2,4,0,0,0.555624691356438,NA,NA,NA,0.639151813804565
RCL1,16,0,0,0.55580722943047,NA,NA,NA,0.63925033899758
MFAP1,12,0,0,0.556289412546238,NA,NA,NA,0.639252590483807
MTFR1,19,0,0,0.555624691356438,NA,NA,NA,0.639256155132688
HSDL2,10,0,0,0.556289412546238,NA,NA,NA,0.639481092534
AXL,7,0,0,0.556289412546238,NA,NA,NA,0.639591016894148
MED1,9,0,0,0.556289412546238,NA,NA,NA,0.639695049432576
DTX3L,3,0,0,0.556289412546238,NA,NA,NA,0.639695991867934
DDHD1,16,0,0,0.556289412546238,NA,NA,NA,0.639794664888717
ARL6IP1,8,0,0,0.556289412546238,NA,NA,NA,0.640035383323217
C9orf72,8,0,0,0.556289412546238,NA,NA,NA,0.640038105209199
TLN2,8,0,0,0.556289412546238,NA,NA,NA,0.64012539058998
RABL3,16,0,0,0.556289412546238,NA,NA,NA,0.640220971801151
CNOT9,4,0,0,0.556879651499855,NA,NA,NA,0.64032516872772
UBR4,4,0,0,0.556879651499855,NA,NA,NA,0.640398136480645
C5orf63,12,0,0,0.556289412546238,NA,NA,NA,0.640443111488388
SDF2,3,0,0,0.556879651499855,NA,NA,NA,0.640479044278094
CYP51A1,11,0,0,0.557010138578074,NA,NA,NA,0.640479409569918
PGM2,23,0,0,0.556879651499855,NA,NA,NA,0.640522588164299
TOMM70,11,0,0,0.556879651499855,NA,NA,NA,0.64056258063818
IMPA1,15,0,0,0.556879651499855,NA,NA,NA,0.64059260805015
STRIP1,6,0,0,0.557010138578074,NA,NA,NA,0.640608267204543
SOD1,8,0,0,0.556289412546238,NA,NA,NA,0.64064573888777
CAP2,3,0,0,0.556289412546238,NA,NA,NA,0.640647305481051
KIF3A,15,0,0,0.556879651499855,NA,NA,NA,0.64065337301404
SON,13,0,0,0.556289412546238,NA,NA,NA,0.640696663189827
DAPK3,2,0,0,0.556879651499855,NA,NA,NA,0.640826273375517
MTRNR2L1,5,0,0,0.556879651499855,NA,NA,NA,0.640861433103169
SENP1,18,0,0,0.556879651499855,NA,NA,NA,0.640866377353317
RBM26,24,0,0,0.556879651499855,NA,NA,NA,0.640943587147515
NR1D1,3,0,0,0.557362605545225,NA,NA,NA,0.640969649834025
CANX,23,0,0,0.556879651499855,NA,NA,NA,0.640985565058991
ELP4,12,0,0,0.556879651499855,NA,NA,NA,0.641094889780809
TGIF2-C20orf24,6,0,0,0.557362605545225,NA,NA,NA,0.641269640455906
DYNC1I2,12,0,0,0.556879651499855,NA,NA,NA,0.641391202266973
SETX,13,0,0,0.558151944646979,NA,NA,NA,0.641765415393705
TEAD2,9,0,0,0.558151944646979,NA,NA,NA,0.64183077409189
EIPR1,4,0,0,0.558151944646979,NA,NA,NA,0.642014584313375
CEP104,8,0,0,0.558151944646979,NA,NA,NA,0.642020723727356
VCAN,8,0,0,0.558151944646979,NA,NA,NA,0.642135572524562
STARD4,12,0,0,0.558151944646979,NA,NA,NA,0.642230246291405
NOC4L,2,0,0,0.558781849784385,NA,NA,NA,0.642424248301727
TMEM8B,7,0,0,0.558781849784385,NA,NA,NA,0.642523840777699
RRP7A,19,0,0,0.558781849784385,NA,NA,NA,0.642613972689274
NPM1,9,0,0,0.558703046632037,NA,NA,NA,0.642621284892474
KDM5B,12,0,0,0.558662978843545,NA,NA,NA,0.642701161889144
BIN1,2,0,0,0.558703046632037,NA,NA,NA,0.642735488852258
SHOX2,8,0,0,0.558781849784385,NA,NA,NA,0.642749021611758
CYTH3,4,0,0,0.558703046632037,NA,NA,NA,0.642804015746889
UFSP2,15,0,0,0.558781849784385,NA,NA,NA,0.642871103186996
CAMK2N1,5,0,0,0.558781849784385,NA,NA,NA,0.642975906163147
TTLL11,4,0,0,0.558703046632037,NA,NA,NA,0.643010717494895
JAG2,7,0,0,0.558781849784385,NA,NA,NA,0.643279208720102
ARF3,15,0,0,0.558781849784385,NA,NA,NA,0.643279438628094
ERRFI1,16,0,0,0.558781849784385,NA,NA,NA,0.643295137445849
CDK2AP1,11,0,0,0.559434777254307,NA,NA,NA,0.643464916606586
GINS2,11,0,0,0.559929924807049,NA,NA,NA,0.643892346557553
NHP2,5,0,0,0.560724624918502,NA,NA,NA,0.644793182135798
NENF,3,0,0,0.560741451141917,NA,NA,NA,0.644969042448085
RGS10,9,0,0,0.561084414936387,NA,NA,NA,0.645081444374846
TRAPPC6B,9,0,0,0.560724624918502,NA,NA,NA,0.645087107074314
GGCT,4,0,0,0.560935484373896,NA,NA,NA,0.645136010545448
MAP7,14,0,0,0.561084414936387,NA,NA,NA,0.645321819355833
SNRPB2,11,0,0,0.561084414936387,NA,NA,NA,0.645399739708108
TXNDC9,15,0,0,0.561084414936387,NA,NA,NA,0.64556042864262
NSA2,17,0,0,0.561084414936387,NA,NA,NA,0.645581850161179
POLH,12,0,0,0.561382413773314,NA,NA,NA,0.645582355358834
HPS1,2,0,0,0.561052508728463,NA,NA,NA,0.645612116769519
EFHC1,8,0,0,0.561084414936387,NA,NA,NA,0.645736172349061
RAB22A,8,0,0,0.561382413773314,NA,NA,NA,0.645821450422804
RNF168,9,0,0,0.561382413773314,NA,NA,NA,0.645849414975532
MMAB,9,0,0,0.561382413773314,NA,NA,NA,0.64589921498951
USP9X,18,0,0,0.561382413773314,NA,NA,NA,0.6459120668096
CLDND1,13,0,0,0.561382413773314,NA,NA,NA,0.64595257704184
SLC12A2,9,0,0,0.561382413773314,NA,NA,NA,0.645962905446797
TIPARP,7,0,0,0.561382413773314,NA,NA,NA,0.646096105684171
WDR7,8,0,0,0.561382413773314,NA,NA,NA,0.646139347125002
LMNB1,10,0,0,0.561382413773314,NA,NA,NA,0.646168046302388
FBXO25,9,0,0,0.561382413773314,NA,NA,NA,0.646175048094336
PRIM1,11,0,0,0.561382413773314,NA,NA,NA,0.646236492396552
C1orf50,20,0,0,0.561382413773314,NA,NA,NA,0.646244634686092
SQSTM1,11,0,0,0.561382413773314,NA,NA,NA,0.646381160715942
DCN,7,0,0,0.562257550753681,NA,NA,NA,0.646408325907896
NXPE3,9,0,0,0.562480537056336,NA,NA,NA,0.646548882070352
GMNN,7,0,0,0.562575553436175,NA,NA,NA,0.647288430354209
AGO2,21,0,0,0.562601634476602,NA,NA,NA,0.647295467217682
RPS12,5,0,0,0.562575553436175,NA,NA,NA,0.647362055174498
PCYT1A,18,0,0,0.562575553436175,NA,NA,NA,0.647369413951103
MPHOSPH9,15,0,0,0.564020589869241,NA,NA,NA,0.648376617408729
PPP3R1,6,0,0,0.564020589869241,NA,NA,NA,0.64856860244819
RNASEH2A,4,0,0,0.564020589869241,NA,NA,NA,0.64869502100146
OSTF1,7,0,0,0.564020589869241,NA,NA,NA,0.648786295451965
ZNF512B,6,0,0,0.564020589869241,NA,NA,NA,0.64887529457553
SLC9A7,19,0,0,0.564020589869241,NA,NA,NA,0.648972733957438
WWP1,23,0,0,0.564020589869241,NA,NA,NA,0.649095050466954
MYNN,14,0,0,0.564819635662871,NA,NA,NA,0.649121242257157
PROSER1,7,0,0,0.564976974626333,NA,NA,NA,0.649732705403146
PSMC1,2,0,0,0.564976974626333,NA,NA,NA,0.649993902434634
RSU1,12,0,0,0.564976974626333,NA,NA,NA,0.650148047225163
TOMM40L,8,0,0,0.564976974626333,NA,NA,NA,0.650263665429844
PNMA1,4,0,0,0.565803870361376,NA,NA,NA,0.650980309845443
LRRC40,8,0,0,0.565803870361376,NA,NA,NA,0.651080016654799
KLF11,6,0,0,0.565793965570758,NA,NA,NA,0.651158868661028
HIPK3,9,0,0,0.565960159806853,NA,NA,NA,0.651202553986903
DHX40,9,0,0,0.565960159806853,NA,NA,NA,0.651375661566718
RHOQ,16,0,0,0.566914766386924,NA,NA,NA,0.652356841336422
SMG7,5,0,0,0.567053035945737,NA,NA,NA,0.652407292100199
ATP6V0A2,15,0,0,0.567164862904729,NA,NA,NA,0.652536006372071
SHPK,4,0,0,0.567164862904729,NA,NA,NA,0.652735340141314
KITLG,8,0,0,0.567274320116833,NA,NA,NA,0.65281141153879
XPNPEP3,10,0,0,0.567164862904729,NA,NA,NA,0.652829035181706
THUMPD2,8,0,0,0.567202915983366,NA,NA,NA,0.652925852094344
FAM208B,9,0,0,0.567274320116833,NA,NA,NA,0.653050323625177
RAB27A,6,0,0,0.567816200534474,NA,NA,NA,0.653493021451559
TFAM,18,0,0,0.567816200534474,NA,NA,NA,0.653686121790431
ZCCHC14,9,0,0,0.567816200534474,NA,NA,NA,0.65375157691987
ZNF197,5,0,0,0.567816200534474,NA,NA,NA,0.653912588746999
SLC16A2,6,0,0,0.568787105155254,NA,NA,NA,0.654416336946278
RSPH3,4,0,0,0.56942990929846,NA,NA,NA,0.654900469158584
USP32,7,0,0,0.569651497074299,NA,NA,NA,0.655037873134569
DNAJB1,5,0,0,0.56942990929846,NA,NA,NA,0.655156482068657
ZFYVE16,12,0,0,0.569958943031419,NA,NA,NA,0.655290197206196
CMTM4,4,0,0,0.569958943031419,NA,NA,NA,0.655619095855831
RPUSD2,4,0,0,0.570719979831883,NA,NA,NA,0.655984636865124
SLC25A33,5,0,0,0.5706378311433,NA,NA,NA,0.655993333812929
PWP2,3,0,0,0.5706378311433,NA,NA,NA,0.65604375788163
SECTM1,5,0,0,0.5706378311433,NA,NA,NA,0.656074567748932
NARS,17,0,0,0.570968662198967,NA,NA,NA,0.656150218442329
ZBTB1,3,0,0,0.5706378311433,NA,NA,NA,0.656330786946942
CNNM4,2,0,0,0.57157326706362,NA,NA,NA,0.656593411572
ATF2,7,0,0,0.571639825163787,NA,NA,NA,0.656618774768015
ABRACL,5,0,0,0.571639825163787,NA,NA,NA,0.656646580667853
FAM86C1,6,0,0,0.57157326706362,NA,NA,NA,0.656767239104823
TNFRSF10A,7,0,0,0.572044470493493,NA,NA,NA,0.656874437409657
IPO7,23,0,0,0.571639825163787,NA,NA,NA,0.656893318713653
ORMDL2,24,0,0,0.571639825163787,NA,NA,NA,0.656924047929697
DHX30,3,0,0,0.571639825163787,NA,NA,NA,0.65695574955766
HSD17B12,20,0,0,0.572025605837045,NA,NA,NA,0.657043461217148
CALM1,22,0,0,0.572044470493493,NA,NA,NA,0.657105963433817
TMEM250,9,0,0,0.571639825163787,NA,NA,NA,0.65719665369742
RNF44,6,0,0,0.571639825163787,NA,NA,NA,0.657233963045238
PIGH,4,0,0,0.572808284786271,NA,NA,NA,0.657485474868112
CLIP4,9,0,0,0.572799779042093,NA,NA,NA,0.657568964900507
GTF2E2,7,0,0,0.573157345858123,NA,NA,NA,0.657620191855771
CTSV,9,0,0,0.573120069679091,NA,NA,NA,0.65767542509577
FEZ2,10,0,0,0.572808284786271,NA,NA,NA,0.65773745401776
WIPF2,14,0,0,0.573120069679091,NA,NA,NA,0.65779666722915
YWHAG,14,0,0,0.57327075515642,NA,NA,NA,0.657846198708157
ACTL6A,7,0,0,0.572808284786271,NA,NA,NA,0.658047798901278
SETD4,4,0,0,0.57327075515642,NA,NA,NA,0.658121083866636
PPP2CA,24,0,0,0.573893094063259,NA,NA,NA,0.658402537180178
PFKP,6,0,0,0.573851692174763,NA,NA,NA,0.658453516348979
PYURF,5,0,0,0.573851692174763,NA,NA,NA,0.658747130272385
MB21D2,5,0,0,0.575281756792678,NA,NA,NA,0.659581373192046
CORO1C,19,0,0,0.575262310447885,NA,NA,NA,0.659655195368218
RAPH1,18,0,0,0.574845943499812,NA,NA,NA,0.659787058678724
ZBTB44,8,0,0,0.575262310447885,NA,NA,NA,0.65984179077552
TOMM5,11,0,0,0.575262310447885,NA,NA,NA,0.659895369368351
ERGIC2,25,0,0,0.575262310447885,NA,NA,NA,0.660209059017982
RIDA,3,0,0,0.575262310447885,NA,NA,NA,0.660471079865498
SUSD5,3,0,0,0.575262310447885,NA,NA,NA,0.660517391106018
LRAT,7,0,0,0.57656798339866,NA,NA,NA,0.6612275199332
ZNF562,15,0,0,0.576835285706659,NA,NA,NA,0.661411498600299
TCEAL4,11,0,0,0.57656798339866,NA,NA,NA,0.661560309214656
ELF1,8,0,0,0.57656798339866,NA,NA,NA,0.661718999750461
PDP1,3,0,0,0.57656798339866,NA,NA,NA,0.661805734848338
ARL6IP6,10,0,0,0.577306502276198,NA,NA,NA,0.661954373132822
NFATC2IP,11,0,0,0.57656798339866,NA,NA,NA,0.662019852301343
EIF1B,8,0,0,0.577306502276198,NA,NA,NA,0.662060534847991
PHLDA1,27,0,0,0.57656798339866,NA,NA,NA,0.66230218087104
TIGAR,9,0,0,0.57656798339866,NA,NA,NA,0.662567884727105
E2F6,8,0,0,0.578264304722754,NA,NA,NA,0.662667763067064
TMEM33,24,0,0,0.578566844142234,NA,NA,NA,0.662793786936212
ZNF680,4,0,0,0.578763955676812,NA,NA,NA,0.662904451967121
SRPK1,11,0,0,0.578264304722754,NA,NA,NA,0.662944433440015
TMEM260,7,0,0,0.578566844142234,NA,NA,NA,0.66300400081412
BACE2,11,0,0,0.578264304722754,NA,NA,NA,0.663145444533948
STOM,4,0,0,0.578780762099833,NA,NA,NA,0.663308789063701
KYNU,11,0,0,0.579552763592466,NA,NA,NA,0.663586894986798
OPLAH,3,0,0,0.5790917453037,NA,NA,NA,0.663778115236702
ELF2,12,0,0,0.579552763592466,NA,NA,NA,0.663881052918969
ECD,10,0,0,0.579296022864643,NA,NA,NA,0.664019700565357
RASEF,4,0,0,0.579380311652947,NA,NA,NA,0.664129423489604
TRAF5,17,0,0,0.579552763592466,NA,NA,NA,0.664189803489804
TMEM41A,7,0,0,0.579552763592466,NA,NA,NA,0.664242658209996
ASCC3,6,0,0,0.5801558807098,NA,NA,NA,0.664260678078162
SLC25A27,5,0,0,0.579552763592466,NA,NA,NA,0.664327100941993
RBM4B,3,0,0,0.579552763592466,NA,NA,NA,0.664348237385088
UBE2N,14,0,0,0.579552763592466,NA,NA,NA,0.664404092204318
WDR27,2,0,0,0.579552763592466,NA,NA,NA,0.664419890922032
INTS13,8,0,0,0.5801558807098,NA,NA,NA,0.664422973468647
STXBP5,22,0,0,0.579552763592466,NA,NA,NA,0.664455721429114
DUOXA1,2,0,0,0.579552763592466,NA,NA,NA,0.66448153572498
TBL1XR1,21,0,0,0.579552763592466,NA,NA,NA,0.664499859254922
TTC23,6,0,0,0.579552763592466,NA,NA,NA,0.664674351590032
DCTD,14,0,0,0.579552763592466,NA,NA,NA,0.664680044278254
CLEC16A,5,0,0,0.579552763592466,NA,NA,NA,0.664711979206149
DNAJB9,9,0,0,0.579552763592466,NA,NA,NA,0.66478768439733
KLK10,8,0,0,0.579552763592466,NA,NA,NA,0.664868432872514
TTLL7,8,0,0,0.579552763592466,NA,NA,NA,0.664987462455367
CAPZA1,8,0,0,0.579552763592466,NA,NA,NA,0.665065469407689
JMJD4,7,0,0,0.580674981752979,NA,NA,NA,0.665086490174766
SLC35A5,5,0,0,0.580674981752979,NA,NA,NA,0.665197751841014
ARPC2,10,0,0,0.579552763592466,NA,NA,NA,0.665217446791104
UBXN2A,17,0,0,0.580674981752979,NA,NA,NA,0.665243828095681
CSNK1A1,35,0,0,0.579552763592466,NA,NA,NA,0.665329042094463
SNTB2,13,0,0,0.579552763592466,NA,NA,NA,0.665393344953167
PDZD11,7,0,0,0.580674981752979,NA,NA,NA,0.665473422050651
SRD5A1,11,0,0,0.580674981752979,NA,NA,NA,0.665568842780754
WDR47,4,0,0,0.579552763592466,NA,NA,NA,0.665601096060257
NUP54,4,0,0,0.580674981752979,NA,NA,NA,0.665612550342477
IGHMBP2,5,0,0,0.579552763592466,NA,NA,NA,0.665661010799346
ESD,3,0,0,0.579552763592466,NA,NA,NA,0.665691795059561
ZNF619,7,0,0,0.580710993521195,NA,NA,NA,0.665731457504514
SCD,15,0,0,0.579552763592466,NA,NA,NA,0.665789695095573
PPARGC1B,6,0,0,0.580710993521195,NA,NA,NA,0.665847187578311
DPYD,2,0,0,0.579552763592466,NA,NA,NA,0.665847641252746
PRR12,10,0,0,0.579552763592466,NA,NA,NA,0.665866766400099
LRFN3,4,0,0,0.579552763592466,NA,NA,NA,0.665923881628477
LAMTOR3,10,0,0,0.579552763592466,NA,NA,NA,0.666116236452933
RFC5,20,0,0,0.579552763592466,NA,NA,NA,0.666158339863393
MYO5B,5,0,0,0.579552763592466,NA,NA,NA,0.666391801679454
CYP20A1,14,0,0,0.579552763592466,NA,NA,NA,0.666536511209972
MPRIP,17,0,0,0.581612227444154,NA,NA,NA,0.666712359461375
ZDHHC3,5,0,0,0.579552763592466,NA,NA,NA,0.666726432975441
FAU,2,0,0,0.581612227444154,NA,NA,NA,0.666876655491085
L3MBTL2,6,0,0,0.581678126640401,NA,NA,NA,0.66776062365307
C12orf45,6,0,0,0.581678126640401,NA,NA,NA,0.66788425006268
STARD10,3,0,0,0.581678126640401,NA,NA,NA,0.667920037844093
CMSS1,3,0,0,0.581678126640401,NA,NA,NA,0.667965721119765
PANX1,12,0,0,0.581678126640401,NA,NA,NA,0.667980892992421
SLC29A3,4,0,0,0.581678126640401,NA,NA,NA,0.668052092530079
ARFGEF2,5,0,0,0.581678126640401,NA,NA,NA,0.668175635344556
ANTXR1,8,0,0,0.581678126640401,NA,NA,NA,0.668223339360391
RNASEH2C,5,0,0,0.581678126640401,NA,NA,NA,0.668256899284339
MAN2A1,11,0,0,0.581678126640401,NA,NA,NA,0.668264668363317
YDJC,4,0,0,0.581678126640401,NA,NA,NA,0.668358472282518
TPCN2,14,0,0,0.581678126640401,NA,NA,NA,0.668358922420131
COX10,9,0,0,0.581678126640401,NA,NA,NA,0.668365566995711
RPF2,18,0,0,0.581678126640401,NA,NA,NA,0.668501608154435
TRPM7,9,0,0,0.581678126640401,NA,NA,NA,0.668508048900364
ATAD1,19,0,0,0.581678126640401,NA,NA,NA,0.668526404650874
DHX33,8,0,0,0.581678126640401,NA,NA,NA,0.668543049738558
EXOC5,25,0,0,0.581678126640401,NA,NA,NA,0.668598351769483
MYO9A,13,0,0,0.581678126640401,NA,NA,NA,0.668613071354963
WDHD1,13,0,0,0.581678126640401,NA,NA,NA,0.668618444572279
LYSMD4,6,0,0,0.581678126640401,NA,NA,NA,0.668618723253081
SLC31A2,5,0,0,0.581678126640401,NA,NA,NA,0.668663677280376
CENPE,5,0,0,0.581678126640401,NA,NA,NA,0.668665098393711
ETV6,5,0,0,0.581678126640401,NA,NA,NA,0.668677126153081
IRAK2,2,0,0,0.581678126640401,NA,NA,NA,0.668757204931424
C5orf66,8,0,0,0.581678126640401,NA,NA,NA,0.66878216574658
ACOX3,20,0,0,0.581678126640401,NA,NA,NA,0.668784303315065
SYNJ2BP-COX16,8,0,0,0.581678126640401,NA,NA,NA,0.668801819104722
SOCS6,9,0,0,0.581678126640401,NA,NA,NA,0.668802495826091
SLC25A17,11,0,0,0.581678126640401,NA,NA,NA,0.668868646135778
ZNF555,8,0,0,0.581678126640401,NA,NA,NA,0.668923838221346
INIP,11,0,0,0.581678126640401,NA,NA,NA,0.669049059045433
ZNF136,5,0,0,0.581678126640401,NA,NA,NA,0.669200140620851
RPL13A,13,0,0,0.583099559609965,NA,NA,NA,0.67061634051485
ADAM19,3,0,0,0.583354323453268,NA,NA,NA,0.671015758911468
BAG3,5,0,0,0.583742127713949,NA,NA,NA,0.671624403886299
ST20-MTHFS,6,0,0,0.583742127713949,NA,NA,NA,0.67168781909905
ZNF529,9,0,0,0.58433160714635,NA,NA,NA,0.672721377076276
DLD,20,0,0,0.584373437224462,NA,NA,NA,0.672786605487745
PEX10,11,0,0,0.584345104333343,NA,NA,NA,0.67288908117565
LRRC28,13,0,0,0.58433160714635,NA,NA,NA,0.672916307402325
DNAJC14,9,0,0,0.584497356666307,NA,NA,NA,0.673044088890323
RNF144B,7,0,0,0.584373437224462,NA,NA,NA,0.673052302328043
HBEGF,4,0,0,0.584497356666307,NA,NA,NA,0.673066184336687
RNF20,15,0,0,0.584345104333343,NA,NA,NA,0.673088031263306
CCDC90B,23,0,0,0.584497356666307,NA,NA,NA,0.673136131607796
NADSYN1,3,0,0,0.584345104333343,NA,NA,NA,0.673170276277108
RPS14,11,0,0,0.58463659945017,NA,NA,NA,0.673188685459685
DTNB,7,0,0,0.584497356666307,NA,NA,NA,0.673207618478452
SEC31B,7,0,0,0.584497356666307,NA,NA,NA,0.673235009273151
RIOK3,7,0,0,0.584345104333343,NA,NA,NA,0.673242397854383
RNF141,18,0,0,0.584845663703318,NA,NA,NA,0.673347139016021
SWT1,6,0,0,0.584497356666307,NA,NA,NA,0.673350373818076
ARL15,8,0,0,0.584497356666307,NA,NA,NA,0.67337221372919
CCDC88A,18,0,0,0.58463659945017,NA,NA,NA,0.67341829434637
LBR,12,0,0,0.585154664406484,NA,NA,NA,0.673418649910046
FLVCR1,7,0,0,0.584497356666307,NA,NA,NA,0.673520306948007
PIP4K2A,6,0,0,0.585154664406484,NA,NA,NA,0.67359222726288
REXO4,7,0,0,0.584845663703318,NA,NA,NA,0.673641912436643
MRPL35,7,0,0,0.584845663703318,NA,NA,NA,0.673669401603263
OST4,17,0,0,0.585154664406484,NA,NA,NA,0.673808168190865
STAU2,7,0,0,0.585154664406484,NA,NA,NA,0.673874396088187
SPTBN1,6,0,0,0.585154664406484,NA,NA,NA,0.673979588568326
PLAA,7,0,0,0.586286880840325,NA,NA,NA,0.674555132778788
GZF1,10,0,0,0.586286880840325,NA,NA,NA,0.674718102455083
PPP1R3E,8,0,0,0.586286880840325,NA,NA,NA,0.674822269077192
OGDH,3,0,0,0.586286880840325,NA,NA,NA,0.674840405725421
PPID,4,0,0,0.586286880840325,NA,NA,NA,0.67489375922613
STIMATE,6,0,0,0.586286880840325,NA,NA,NA,0.6750036887304
PDHA1,13,0,0,0.586286880840325,NA,NA,NA,0.675042864166584
SPIN4,4,0,0,0.586286880840325,NA,NA,NA,0.675162793075076
LRRC8D,2,0,0,0.586286880840325,NA,NA,NA,0.675214620413703
DZIP3,3,0,0,0.586286880840325,NA,NA,NA,0.675341172126745
GABARAPL2,5,0,0,0.58710630357601,NA,NA,NA,0.675434884493221
HOXC11,4,0,0,0.586625355744231,NA,NA,NA,0.675630821158759
ARFGAP3,7,0,0,0.586539291230634,NA,NA,NA,0.675636596156971
GUCD1,4,0,0,0.58710630357601,NA,NA,NA,0.675674544370021
ACOX1,16,0,0,0.58710630357601,NA,NA,NA,0.675744193341755
CEP68,6,0,0,0.58710630357601,NA,NA,NA,0.675912244031648
NSUN5,2,0,0,0.586539291230634,NA,NA,NA,0.675931637909903
PPP1R26,4,0,0,0.58710630357601,NA,NA,NA,0.675954785999392
EARS2,13,0,0,0.58710630357601,NA,NA,NA,0.675998073988931
C1QTNF3,4,0,0,0.58710630357601,NA,NA,NA,0.676032412658439
NOP10,5,0,0,0.58710630357601,NA,NA,NA,0.676046983350344
SLC25A16,15,0,0,0.58710630357601,NA,NA,NA,0.676050223031525
NREP,17,0,0,0.58710630357601,NA,NA,NA,0.676058317671731
CPE,7,0,0,0.587418787446306,NA,NA,NA,0.67610268588954
PUM3,20,0,0,0.586539291230634,NA,NA,NA,0.676201343850425
UHMK1,18,0,0,0.58710630357601,NA,NA,NA,0.67621486755623
ZNF217,6,0,0,0.587658650625619,NA,NA,NA,0.676255883738296
CTNNB1,7,0,0,0.586539291230634,NA,NA,NA,0.676285365733469
NUB1,7,0,0,0.586539291230634,NA,NA,NA,0.67628871814804
ARHGEF2,10,0,0,0.586539291230634,NA,NA,NA,0.676331254524492
EIF3J,26,0,0,0.586539291230634,NA,NA,NA,0.67635839133363
RTKN2,9,0,0,0.586539291230634,NA,NA,NA,0.67637631715197
NETO2,14,0,0,0.586539291230634,NA,NA,NA,0.676392075257226
ZNF800,21,0,0,0.58710630357601,NA,NA,NA,0.676440279374701
ABCC10,7,0,0,0.586539291230634,NA,NA,NA,0.676550063232354
C3orf33,2,0,0,0.586539291230634,NA,NA,NA,0.676599084795445
UGDH,11,0,0,0.586539291230634,NA,NA,NA,0.676763135489143
CLIC3,2,0,0,0.586539291230634,NA,NA,NA,0.676776068682323
RASA1,9,0,0,0.586539291230634,NA,NA,NA,0.67678352707981
RDH11,14,0,0,0.586539291230634,NA,NA,NA,0.676784925534824
PHF12,4,0,0,0.586539291230634,NA,NA,NA,0.676801794542893
SMARCC1,13,0,0,0.586539291230634,NA,NA,NA,0.676909446415247
SLC30A7,12,0,0,0.586539291230634,NA,NA,NA,0.676936882206812
C16orf74,8,0,0,0.586539291230634,NA,NA,NA,0.677047764024968
METTL1,8,0,0,0.586539291230634,NA,NA,NA,0.67711801159052
FAM114A2,7,0,0,0.586539291230634,NA,NA,NA,0.677228312521236
KCTD5,5,0,0,0.586539291230634,NA,NA,NA,0.677229976510733
ARHGAP24,4,0,0,0.586539291230634,NA,NA,NA,0.677242175913622
CLDN7,10,0,0,0.586539291230634,NA,NA,NA,0.677268954825718
CHST12,18,0,0,0.586539291230634,NA,NA,NA,0.67729099150249
YIF1B,4,0,0,0.586539291230634,NA,NA,NA,0.677291108849381
MAT2A,6,0,0,0.586539291230634,NA,NA,NA,0.677324056292794
PAIP2B,4,0,0,0.588723237353971,NA,NA,NA,0.677405804314254
CCND2,6,0,0,0.586539291230634,NA,NA,NA,0.677436924114207
CD82,6,0,0,0.588474312091105,NA,NA,NA,0.677473004638295
DDX31,11,0,0,0.586539291230634,NA,NA,NA,0.677473435854195
ARL8B,18,0,0,0.586539291230634,NA,NA,NA,0.677516714271328
TACC3,2,0,0,0.586539291230634,NA,NA,NA,0.677523501749687
GNG12,14,0,0,0.58870902187743,NA,NA,NA,0.6775259346375
PTPN14,11,0,0,0.588645075000717,NA,NA,NA,0.677554574880181
KIF1B,5,0,0,0.588474312091105,NA,NA,NA,0.677570095663249
ARL6,7,0,0,0.586539291230634,NA,NA,NA,0.677581614295602
CDKAL1,6,0,0,0.588881250960308,NA,NA,NA,0.677591671751656
RBMXL1,8,0,0,0.586539291230634,NA,NA,NA,0.677596249103282
FGD6,6,0,0,0.586539291230634,NA,NA,NA,0.677612632682146
CTDNEP1,9,0,0,0.588723237353971,NA,NA,NA,0.677616345127153
ELP1,12,0,0,0.586539291230634,NA,NA,NA,0.67765617556151
TIGD2,10,0,0,0.588723237353971,NA,NA,NA,0.677691257845309
SLF2,6,0,0,0.588474312091105,NA,NA,NA,0.677724006435294
PI4K2B,16,0,0,0.588881250960308,NA,NA,NA,0.677824087210243
ARL6IP5,14,0,0,0.588881250960308,NA,NA,NA,0.677830603691648
DLGAP5,8,0,0,0.586539291230634,NA,NA,NA,0.677873557541959
UBTF,6,0,0,0.588723237353971,NA,NA,NA,0.677979268131108
BPNT1,10,0,0,0.588723237353971,NA,NA,NA,0.677999850318055
DIDO1,6,0,0,0.588723237353971,NA,NA,NA,0.678143867319914
SNF8,7,0,0,0.588723237353971,NA,NA,NA,0.678203993726162
ZNF134,3,0,0,0.588723237353971,NA,NA,NA,0.678262835359285
SURF6,17,0,0,0.588723237353971,NA,NA,NA,0.678274988917957
SRFBP1,15,0,0,0.588723237353971,NA,NA,NA,0.678295937809887
RAB4A,13,0,0,0.589647154247594,NA,NA,NA,0.678416014875499
PEX1,2,0,0,0.588723237353971,NA,NA,NA,0.678421246165565
CXXC5,8,0,0,0.588723237353971,NA,NA,NA,0.678549731203893
HP1BP3,15,0,0,0.588723237353971,NA,NA,NA,0.678571643933527
ERICH5,3,0,0,0.590355119792546,NA,NA,NA,0.67894763879797
ZNF684,2,0,0,0.590355119792546,NA,NA,NA,0.679109818375757
WWC2,18,0,0,0.590355119792546,NA,NA,NA,0.679304874651363
ITCH,12,0,0,0.590355119792546,NA,NA,NA,0.679432630516189
SMARCA5,9,0,0,0.590853728542067,NA,NA,NA,0.679583223803547
MILR1,3,0,0,0.590355119792546,NA,NA,NA,0.679686654353616
ZNF420,2,0,0,0.590355119792546,NA,NA,NA,0.679692608965182
COIL,3,0,0,0.590355119792546,NA,NA,NA,0.679719503606817
GMFB,12,0,0,0.590355119792546,NA,NA,NA,0.679721875795825
ZNF227,3,0,0,0.590355119792546,NA,NA,NA,0.679757144915968
FAM212B,9,0,0,0.591600791366325,NA,NA,NA,0.680327196602209
C11orf80,2,0,0,0.591646503556954,NA,NA,NA,0.680555755948629
ARHGAP32,9,0,0,0.591095653856964,NA,NA,NA,0.680604168243426
AFAP1L1,8,0,0,0.591600791366325,NA,NA,NA,0.680613292631703
YWHAB,20,0,0,0.591600791366325,NA,NA,NA,0.680760219660649
ERCC6,25,0,0,0.591600791366325,NA,NA,NA,0.680779794459384
EXD2,5,0,0,0.591600791366325,NA,NA,NA,0.680881058731634
EPM2AIP1,10,0,0,0.591589214239611,NA,NA,NA,0.680922936388613
TSPYL1,17,0,0,0.591600791366325,NA,NA,NA,0.680924537197508
SLFN13,4,0,0,0.591600791366325,NA,NA,NA,0.680925925710059
DTL,10,0,0,0.591600791366325,NA,NA,NA,0.680942339794807
LDLRAD3,7,0,0,0.591540624471832,NA,NA,NA,0.680967682102774
ZNF750,3,0,0,0.591600791366325,NA,NA,NA,0.680993139937466
HS1BP3,3,0,0,0.591600791366325,NA,NA,NA,0.681022726919402
NCK1,14,0,0,0.591600791366325,NA,NA,NA,0.68105773835441
RTRAF,12,0,0,0.592049927693564,NA,NA,NA,0.681701103239765
TBX2,5,0,0,0.592049927693564,NA,NA,NA,0.681812252849839
CDK13,5,0,0,0.592049927693564,NA,NA,NA,0.681964723202048
WDYHV1,18,0,0,0.592254344107294,NA,NA,NA,0.682246090758334
CEP120,3,0,0,0.592860525719617,NA,NA,NA,0.682775017127368
SLFN12,13,0,0,0.592994249059559,NA,NA,NA,0.682817683296823
FLRT2,18,0,0,0.593205660366982,NA,NA,NA,0.683324078294396
EXOC3,4,0,0,0.593205660366982,NA,NA,NA,0.68348879083686
KNOP1,25,0,0,0.593651892103565,NA,NA,NA,0.68402370803878
DAB2,4,0,0,0.593620276293144,NA,NA,NA,0.684034697012085
SNRPD1,18,0,0,0.593885687159702,NA,NA,NA,0.684809828390999
SPDL1,5,0,0,0.593885687159702,NA,NA,NA,0.684841009547598
NEDD4,11,0,0,0.593885687159702,NA,NA,NA,0.684997175955086
SLC25A39,4,0,0,0.594942246816599,NA,NA,NA,0.685989104701623
SAR1B,8,0,0,0.594992861907792,NA,NA,NA,0.686373569738634
ZNF706,10,0,0,0.59525628826951,NA,NA,NA,0.686784773424022
AP2B1,6,0,0,0.59525628826951,NA,NA,NA,0.686831782840798
LTBP1,6,0,0,0.59525628826951,NA,NA,NA,0.68692817506996
APOL6,8,0,0,0.595520813051727,NA,NA,NA,0.686982879995835
SPTLC3,5,0,0,0.595520813051727,NA,NA,NA,0.686985296964445
LPAR5,5,0,0,0.595683658971198,NA,NA,NA,0.687054567415423
OSBPL3,14,0,0,0.595520813051727,NA,NA,NA,0.687073399113996
RPAP2,11,0,0,0.595900659890584,NA,NA,NA,0.687299379564589
TAF1B,13,0,0,0.595860554600085,NA,NA,NA,0.687354004011732
CCDC50,25,0,0,0.596161692677214,NA,NA,NA,0.687471994667992
BLOC1S4,9,0,0,0.596482102840735,NA,NA,NA,0.687503346866755
HSPH1,15,0,0,0.596324487755291,NA,NA,NA,0.687532524237605
KLF12,8,0,0,0.597004482597722,NA,NA,NA,0.687658030568489
RAD1,16,0,0,0.596482102840735,NA,NA,NA,0.687675360518648
SELENOT,16,0,0,0.597120363194053,NA,NA,NA,0.687681643796491
LRIG3,8,0,0,0.596324487755291,NA,NA,NA,0.687808207187306
CCDC6,12,0,0,0.596965037675248,NA,NA,NA,0.687903775030742
SEPHS2,2,0,0,0.596324487755291,NA,NA,NA,0.687931991881494
SLC2A4RG,7,0,0,0.597004482597722,NA,NA,NA,0.687933689570356
TTC21B,8,0,0,0.596324487755291,NA,NA,NA,0.687948224877123
PDE4D,14,0,0,0.597567436057256,NA,NA,NA,0.688044968366223
ZNF282,3,0,0,0.596324487755291,NA,NA,NA,0.688063850635727
UBE2J1,18,0,0,0.597004482597722,NA,NA,NA,0.68808167566901
MLH3,18,0,0,0.596324487755291,NA,NA,NA,0.688114146892347
SLC35E1,17,0,0,0.596324487755291,NA,NA,NA,0.688132755403392
GGCX,20,0,0,0.597798129239444,NA,NA,NA,0.688186273830363
CAMK4,15,0,0,0.596324487755291,NA,NA,NA,0.688264978909533
CHST2,5,0,0,0.596324487755291,NA,NA,NA,0.688347654024131
LGR6,3,0,0,0.596324487755291,NA,NA,NA,0.688642416591247
WDR55,10,0,0,0.598678761668503,NA,NA,NA,0.689205246026336
DLX2,4,0,0,0.599168589512484,NA,NA,NA,0.689823379528421
H3F3B,21,0,0,0.599688773578872,NA,NA,NA,0.690303084191769
TARDBP,12,0,0,0.599819400202374,NA,NA,NA,0.690722122820302
CHRAC1,7,0,0,0.600028198896893,NA,NA,NA,0.690840339340316
XPO1,12,0,0,0.600197109900672,NA,NA,NA,0.691123294285245
PYGB,4,0,0,0.600197109900672,NA,NA,NA,0.691186504636018
VOPP1,10,0,0,0.600197109900672,NA,NA,NA,0.691235311655498
PRDX6,9,0,0,0.600319561908551,NA,NA,NA,0.691293549020083
FAM3A,3,0,0,0.600319561908551,NA,NA,NA,0.691514706535209
SEC11C,2,0,0,0.600980358624075,NA,NA,NA,0.691855385418177
IFNAR1,22,0,0,0.600677574693698,NA,NA,NA,0.691890293849431
FAT1,9,0,0,0.600677574693698,NA,NA,NA,0.692003968491646
PEX11A,2,0,0,0.600980358624075,NA,NA,NA,0.692042314455717
PALMD,4,0,0,0.600980358624075,NA,NA,NA,0.692131628749705
DYNLL2,23,0,0,0.601107629855991,NA,NA,NA,0.692143767520574
COQ5,2,0,0,0.600980358624075,NA,NA,NA,0.692298801905611
WDR83,3,0,0,0.601354612104424,NA,NA,NA,0.692447776061492
RANBP2,11,0,0,0.601372466788013,NA,NA,NA,0.692580165285521
PFKM,9,0,0,0.600980358624075,NA,NA,NA,0.692586175177655
TP53BP2,4,0,0,0.600980358624075,NA,NA,NA,0.692689633842972
UMPS,20,0,0,0.601698697887477,NA,NA,NA,0.692818221063296
ELOC,14,0,0,0.602694337576572,NA,NA,NA,0.693238039074125
AKIRIN1,11,0,0,0.602427256997377,NA,NA,NA,0.693251736673243
ALYREF,6,0,0,0.602532659202894,NA,NA,NA,0.69326387101871
SIPA1L2,4,0,0,0.602427256997377,NA,NA,NA,0.693382956633756
VTA1,11,0,0,0.602694337576572,NA,NA,NA,0.693442742234067
USP8,6,0,0,0.602427256997377,NA,NA,NA,0.693672559849231
MR1,8,0,0,0.602427256997377,NA,NA,NA,0.693806968400124
RCOR1,10,0,0,0.602427256997377,NA,NA,NA,0.693854744034349
LARS,7,0,0,0.602427256997377,NA,NA,NA,0.693943490612495
MAN2C1,2,0,0,0.602427256997377,NA,NA,NA,0.693994096971909
RGMA,2,0,0,0.603194327443545,NA,NA,NA,0.694037483928984
NFXL1,9,0,0,0.603194327443545,NA,NA,NA,0.694200254576523
FN3KRP,12,0,0,0.602427256997377,NA,NA,NA,0.694204225140451
PURA,14,0,0,0.602427256997377,NA,NA,NA,0.694274275010705
XPA,15,0,0,0.603194327443545,NA,NA,NA,0.69428359678789
PUM2,20,0,0,0.603194327443545,NA,NA,NA,0.694306213648163
TET1,6,0,0,0.602427256997377,NA,NA,NA,0.694320480714429
GNA11,6,0,0,0.602427256997377,NA,NA,NA,0.694444356682905
STK11,3,0,0,0.602427256997377,NA,NA,NA,0.694504622031396
NSD3,15,0,0,0.604083670101744,NA,NA,NA,0.695701593817172
CCDC103,4,0,0,0.604083670101744,NA,NA,NA,0.695956912430635
EHMT1,5,0,0,0.604888773362522,NA,NA,NA,0.696698820081195
FZR1,9,0,0,0.604928812544342,NA,NA,NA,0.696843910351461
KNTC1,12,0,0,0.604928812544342,NA,NA,NA,0.696866313803653
CHD9,12,0,0,0.604888773362522,NA,NA,NA,0.696971340131956
RDH10,7,0,0,0.604888773362522,NA,NA,NA,0.696997046798644
GCLC,9,0,0,0.605113501887911,NA,NA,NA,0.69706983784999
SPRTN,16,0,0,0.604928812544342,NA,NA,NA,0.697087186377428
GCOM1,13,0,0,0.605113501887911,NA,NA,NA,0.697181375119368
IFT57,4,0,0,0.605956091994118,NA,NA,NA,0.698659642217426
PLEKHH1,4,0,0,0.60621747399381,NA,NA,NA,0.698834174810761
BACE1,13,0,0,0.606223717071766,NA,NA,NA,0.698946458525718
ID1,4,0,0,0.606223717071766,NA,NA,NA,0.699501393589917
LRP6,11,0,0,0.606223717071766,NA,NA,NA,0.699777942673101
REV3L,5,0,0,0.606927782779373,NA,NA,NA,0.699929814304178
PSMF1,16,0,0,0.606754233566068,NA,NA,NA,0.699946537302006
FLNB,6,0,0,0.606223717071766,NA,NA,NA,0.700019748679903
ZNF235,2,0,0,0.606927782779373,NA,NA,NA,0.700061144097315
ADAMTS5,6,0,0,0.607016204706801,NA,NA,NA,0.700097025403226
NIFK,12,0,0,0.607016204706801,NA,NA,NA,0.70010792613251
CD9,4,0,0,0.607157784598307,NA,NA,NA,0.700129014738791
RRP36,19,0,0,0.607016204706801,NA,NA,NA,0.70013153792788
ICMT,12,0,0,0.607016204706801,NA,NA,NA,0.700202823658723
MDH2,7,0,0,0.607016204706801,NA,NA,NA,0.700245721853291
SNAPIN,7,0,0,0.606223717071766,NA,NA,NA,0.70030914956156
TRMT1L,9,0,0,0.606223717071766,NA,NA,NA,0.700313344130422
TVP23B,6,0,0,0.607588492138329,NA,NA,NA,0.700374996620553
TRMT13,10,0,0,0.607157784598307,NA,NA,NA,0.700397837996988
SYNJ2,15,0,0,0.607588492138329,NA,NA,NA,0.700511850577148
EGLN1,16,0,0,0.607016204706801,NA,NA,NA,0.700512537356661
LAMP1,14,0,0,0.607016204706801,NA,NA,NA,0.700514176053618
DIEXF,16,0,0,0.607016204706801,NA,NA,NA,0.70072101484567
TRAF3IP1,8,0,0,0.607016204706801,NA,NA,NA,0.700780815654288
CASP6,12,0,0,0.60805426138965,NA,NA,NA,0.701027217634823
SWSAP1,7,0,0,0.609552754642364,NA,NA,NA,0.703417281077675
IDUA,4,0,0,0.609775420964965,NA,NA,NA,0.703449439921313
ATP5E,23,0,0,0.609746328398632,NA,NA,NA,0.70351725760499
ZNF394,9,0,0,0.610387605922282,NA,NA,NA,0.703976299352959
ZDHHC17,9,0,0,0.61103296093457,NA,NA,NA,0.704341691093889
ATP5L,4,0,0,0.61094651963685,NA,NA,NA,0.704351056563424
KRR1,30,0,0,0.610890580762675,NA,NA,NA,0.704391546639971
ENOPH1,4,0,0,0.611211934635677,NA,NA,NA,0.704426615931597
SUMF2,6,0,0,0.611402313871122,NA,NA,NA,0.704738431138081
VEZT,12,0,0,0.611402313871122,NA,NA,NA,0.705024163590532
TCEA1,5,0,0,0.61184937786115,NA,NA,NA,0.705096263018743
SEC62,16,0,0,0.611402313871122,NA,NA,NA,0.705133957502961
SLCO2A1,2,0,0,0.612108142742041,NA,NA,NA,0.705886151951995
NOP53,8,0,0,0.612108142742041,NA,NA,NA,0.706132204489292
NEGR1,9,0,0,0.612108142742041,NA,NA,NA,0.706179085302462
PHF20L1,15,0,0,0.613086718909342,NA,NA,NA,0.707096365421089
RBM48,13,0,0,0.613010812787319,NA,NA,NA,0.70711702900732
RPL23,13,0,0,0.613676761805652,NA,NA,NA,0.707314234916635
DPP7,3,0,0,0.613676761805652,NA,NA,NA,0.70732876238766
TAX1BP1,21,0,0,0.61348693584198,NA,NA,NA,0.70740590049023
BAG2,20,0,0,0.613676761805652,NA,NA,NA,0.707420072051059
CSNK1G3,13,0,0,0.613676761805652,NA,NA,NA,0.707519330035293
COMMD3-BMI1,9,0,0,0.613676761805652,NA,NA,NA,0.707590481781906
CAP1,7,0,0,0.613973699427502,NA,NA,NA,0.707834428631836
URI1,12,0,0,0.614354620153169,NA,NA,NA,0.708216288381568
MECP2,9,0,0,0.614621518245992,NA,NA,NA,0.70879721561546
GSKIP,7,0,0,0.614621518245992,NA,NA,NA,0.708962013048063
PGD,4,0,0,0.615099055690187,NA,NA,NA,0.710326952011538
PSMB2,17,0,0,0.615099055690187,NA,NA,NA,0.710411088072958
IKBKB,7,0,0,0.616937654471204,NA,NA,NA,0.712905234448682
TMEM65,27,0,0,0.616937654471204,NA,NA,NA,0.713178189592243
YIPF4,29,0,0,0.617550110345789,NA,NA,NA,0.713330097491544
BAZ1B,5,0,0,0.617536482549383,NA,NA,NA,0.713415560974771
UBFD1,5,0,0,0.618219746191119,NA,NA,NA,0.714510346561317
TTC5,8,0,0,0.618219746191119,NA,NA,NA,0.71462795457804
ANP32A,7,0,0,0.61876516312845,NA,NA,NA,0.714884109504113
ATP9B,8,0,0,0.618617855899967,NA,NA,NA,0.714933503327727
VPS37A,21,0,0,0.61876516312845,NA,NA,NA,0.71502450404467
CDK1,20,0,0,0.619106332482179,NA,NA,NA,0.715538662282771
DGCR6L,3,0,0,0.619297531358155,NA,NA,NA,0.715633417925293
CHIC2,20,0,0,0.61992150709784,NA,NA,NA,0.716168256346752
PRRT3,5,0,0,0.620337700443137,NA,NA,NA,0.716292117368231
NIT1,2,0,0,0.620337700443137,NA,NA,NA,0.716544184673717
WWC3,6,0,0,0.620712023036709,NA,NA,NA,0.716572749066825
IMPDH2,2,0,0,0.620337700443137,NA,NA,NA,0.716629240868046
DKK1,17,0,0,0.621623645931543,NA,NA,NA,0.717398811042654
HNRNPAB,10,0,0,0.621708786254006,NA,NA,NA,0.717520823744804
ATP6V1D,23,0,0,0.622093820146794,NA,NA,NA,0.718114769429095
HIVEP3,4,0,0,0.622036340607418,NA,NA,NA,0.718264672692562
ACOT13,14,0,0,0.622093820146794,NA,NA,NA,0.71828417661782
CASD1,8,0,0,0.622036340607418,NA,NA,NA,0.718331434776276
IL32,5,0,0,0.622093820146794,NA,NA,NA,0.718416650623688
WDR5B,15,0,0,0.622491738650065,NA,NA,NA,0.71842030095102
DYRK3,14,0,0,0.622093820146794,NA,NA,NA,0.718483665870032
BTBD9,9,0,0,0.622093820146794,NA,NA,NA,0.718487979963888
SYT11,4,0,0,0.622093820146794,NA,NA,NA,0.718522596121185
TSPAN17,3,0,0,0.622491738650065,NA,NA,NA,0.718529803157624
DBF4,5,0,0,0.622491738650065,NA,NA,NA,0.71873054007239
INO80C,5,0,0,0.622093820146794,NA,NA,NA,0.718748548569109
RAB10,16,0,0,0.622093820146794,NA,NA,NA,0.718870729317294
AFF4,26,0,0,0.622093820146794,NA,NA,NA,0.71888939887163
ARL14EP,9,0,0,0.622093820146794,NA,NA,NA,0.71889466685724
PHC3,12,0,0,0.622093820146794,NA,NA,NA,0.719037732985663
EBNA1BP2,8,0,0,0.622093820146794,NA,NA,NA,0.71929330767235
EIF4E3,16,0,0,0.622741794784878,NA,NA,NA,0.719319868336317
NIPAL1,4,0,0,0.622093820146794,NA,NA,NA,0.719367587102262
TMF1,14,0,0,0.622093820146794,NA,NA,NA,0.719587040558902
KLHL36,11,0,0,0.622093820146794,NA,NA,NA,0.719629285611539
SND1,12,0,0,0.622093820146794,NA,NA,NA,0.71972484497114
ACBD6,6,0,0,0.622093820146794,NA,NA,NA,0.719729580136967
IL11RA,4,0,0,0.622093820146794,NA,NA,NA,0.719855199343092
EIF4EBP2,23,0,0,0.622093820146794,NA,NA,NA,0.719881608219413
FANCF,14,0,0,0.622093820146794,NA,NA,NA,0.719892868816131
RAB3GAP1,12,0,0,0.622093820146794,NA,NA,NA,0.72000127177316
PRSS12,7,0,0,0.622093820146794,NA,NA,NA,0.720106890512379
IMP3,6,0,0,0.622093820146794,NA,NA,NA,0.720316829267804
RALY,12,0,0,0.624202567227421,NA,NA,NA,0.720957454459457
SMIM20,5,0,0,0.624340754848717,NA,NA,NA,0.721197967405456
ZCCHC17,7,0,0,0.624668482644433,NA,NA,NA,0.721761276539258
RAB21,29,0,0,0.624668482644433,NA,NA,NA,0.721830671021222
NMT2,13,0,0,0.624975271810866,NA,NA,NA,0.721995726062383
ATP6V1E1,10,0,0,0.624668482644433,NA,NA,NA,0.721996790057587
ERBIN,11,0,0,0.624962702677539,NA,NA,NA,0.722028517795455
FZD2,6,0,0,0.624975271810866,NA,NA,NA,0.722058351837156
PDIA4,7,0,0,0.624975271810866,NA,NA,NA,0.722185298380431
NAA25,17,0,0,0.624975271810866,NA,NA,NA,0.722207254930895
FAM3C,10,0,0,0.624975271810866,NA,NA,NA,0.722238880382563
TXNDC16,4,0,0,0.625266100312913,NA,NA,NA,0.722752201526757
ARID5B,2,0,0,0.625266100312913,NA,NA,NA,0.72275790356305
REEP3,16,0,0,0.625266100312913,NA,NA,NA,0.723071895458044
NANOS1,9,0,0,0.625533933992079,NA,NA,NA,0.723099034918668
MAPK6,8,0,0,0.625489058523754,NA,NA,NA,0.723154035780917
APOPT1,5,0,0,0.62544798822395,NA,NA,NA,0.723212942992475
NET1,11,0,0,0.625266100312913,NA,NA,NA,0.72322184300042
PPP1R3B,7,0,0,0.626023296014348,NA,NA,NA,0.723287344048446
ANKRD17,15,0,0,0.62544798822395,NA,NA,NA,0.723371929184336
ELL2,7,0,0,0.626023296014348,NA,NA,NA,0.723414394663118
DYNC2H1,5,0,0,0.626023296014348,NA,NA,NA,0.723551060576015
NAV1,11,0,0,0.626553450608042,NA,NA,NA,0.723723417222407
PHF8,17,0,0,0.626023296014348,NA,NA,NA,0.723817935074581
COL27A1,3,0,0,0.625872181086405,NA,NA,NA,0.723938009785762
XPR1,24,0,0,0.626023296014348,NA,NA,NA,0.724043448484401
KCTD4,4,0,0,0.626023296014348,NA,NA,NA,0.724341635643451
CACYBP,14,0,0,0.626023296014348,NA,NA,NA,0.724521245500437
COG4,2,0,0,0.626023296014348,NA,NA,NA,0.724540813483952
MFAP3,10,0,0,0.626807193639463,NA,NA,NA,0.724777349202261
PPP2R2D,13,0,0,0.6268451859797,NA,NA,NA,0.724808257895965
ANLN,10,0,0,0.627150988698764,NA,NA,NA,0.725017080346294
ZNF490,11,0,0,0.627167737200317,NA,NA,NA,0.725693200295425
RPL37A,24,0,0,0.627167737200317,NA,NA,NA,0.725807600481454
MALT1,23,0,0,0.627167737200317,NA,NA,NA,0.725871713131619
RCC2,6,0,0,0.627167737200317,NA,NA,NA,0.725887285522019
GDI2,16,0,0,0.627167737200317,NA,NA,NA,0.726071773213226
PIGX,8,0,0,0.627600512526029,NA,NA,NA,0.726095820918329
ADAT2,21,0,0,0.627167737200317,NA,NA,NA,0.72610808436595
SKA3,12,0,0,0.627167737200317,NA,NA,NA,0.726126927070443
PDIK1L,7,0,0,0.627167737200317,NA,NA,NA,0.726136497144751
RRS1,6,0,0,0.627167737200317,NA,NA,NA,0.726140402640667
SLC25A15,10,0,0,0.627167737200317,NA,NA,NA,0.72614675733532
TSPAN33,2,0,0,0.627167737200317,NA,NA,NA,0.726166857882024
PGGT1B,16,0,0,0.627600512526029,NA,NA,NA,0.726221359891422
GPI,8,0,0,0.627167737200317,NA,NA,NA,0.726237259246281
TP53I3,2,0,0,0.627167737200317,NA,NA,NA,0.726269812372774
ATG14,7,0,0,0.627167737200317,NA,NA,NA,0.726270609697017
RFX7,9,0,0,0.627600512526029,NA,NA,NA,0.726394914044495
ZNF223,5,0,0,0.627167737200317,NA,NA,NA,0.726398507023227
LAMA3,14,0,0,0.627802423600436,NA,NA,NA,0.726616129291756
GLRX,3,0,0,0.627732694623956,NA,NA,NA,0.726646462105767
RAB6B,6,0,0,0.629177691284946,NA,NA,NA,0.728481069462213
PDCD6IP,8,0,0,0.629410196144257,NA,NA,NA,0.728614915331156
APH1A,8,0,0,0.629177691284946,NA,NA,NA,0.728705980364416
ANXA11,20,0,0,0.629101068595025,NA,NA,NA,0.728707536648426
MAGI3,13,0,0,0.629676534374439,NA,NA,NA,0.728782913492789
IL6R,3,0,0,0.629101068595025,NA,NA,NA,0.728819664795905
MPHOSPH8,7,0,0,0.629177691284946,NA,NA,NA,0.728964961859815
KCNJ15,10,0,0,0.630394674011079,NA,NA,NA,0.729407256595188
C5orf51,6,0,0,0.630772976627772,NA,NA,NA,0.730063481865561
CPEB3,4,0,0,0.630772976627772,NA,NA,NA,0.73019522812265
FRY,4,0,0,0.630772976627772,NA,NA,NA,0.730320542027151
CALM2,9,0,0,0.630772976627772,NA,NA,NA,0.730396065576636
TK2,10,0,0,0.630772976627772,NA,NA,NA,0.730521964453788
FOSL1,8,0,0,0.630772976627772,NA,NA,NA,0.730581230672897
FOXL1,7,0,0,0.630772976627772,NA,NA,NA,0.7306599476019
ZNF827,6,0,0,0.630772976627772,NA,NA,NA,0.730678210258463
RILPL2,9,0,0,0.630772976627772,NA,NA,NA,0.730694610257763
RABIF,19,0,0,0.630772976627772,NA,NA,NA,0.730790679792164
GPR157,3,0,0,0.631232704297619,NA,NA,NA,0.730834861972252
ENAH,35,0,0,0.630772976627772,NA,NA,NA,0.730849408594236
RAB30,11,0,0,0.630772976627772,NA,NA,NA,0.730907411617551
PAICS,20,0,0,0.630772976627772,NA,NA,NA,0.730963121599883
GPX7,3,0,0,0.630772976627772,NA,NA,NA,0.730975571075055
HMCES,4,0,0,0.631232704297619,NA,NA,NA,0.730976975515031
C5orf22,13,0,0,0.630772976627772,NA,NA,NA,0.730992129321483
TRA2B,19,0,0,0.630772976627772,NA,NA,NA,0.731017407011402
NUPL2,5,0,0,0.630772976627772,NA,NA,NA,0.731052946047099
ARRB1,10,0,0,0.630772976627772,NA,NA,NA,0.73105821321391
MICALL1,17,0,0,0.630772976627772,NA,NA,NA,0.731087409466563
FAM98B,17,0,0,0.631232704297619,NA,NA,NA,0.731187268796505
GCLM,19,0,0,0.630772976627772,NA,NA,NA,0.731217882769538
C14orf28,3,0,0,0.630772976627772,NA,NA,NA,0.731381522685185
HIST1H2AI,4,0,0,0.631232704297619,NA,NA,NA,0.73140517346882
DCTN5,17,0,0,0.632101910086243,NA,NA,NA,0.731702363471998
OSGIN2,13,0,0,0.632035701446232,NA,NA,NA,0.731736966049885
DHTKD1,12,0,0,0.63219519794627,NA,NA,NA,0.73192707890321
C20orf27,2,0,0,0.63219519794627,NA,NA,NA,0.731941805285159
EIF5A,4,0,0,0.632286485013465,NA,NA,NA,0.731961078719293
ACVR2B,7,0,0,0.63219519794627,NA,NA,NA,0.731970392907332
ARHGEF12,13,0,0,0.63219519794627,NA,NA,NA,0.732112202005871
KDM3A,4,0,0,0.632693642526631,NA,NA,NA,0.732270144706754
RAB11A,19,0,0,0.632957850213397,NA,NA,NA,0.732333761812083
TMEM164,2,0,0,0.632957850213397,NA,NA,NA,0.732547412660555
BAG1,4,0,0,0.633260685648338,NA,NA,NA,0.732678935790169
WDR45,3,0,0,0.633248834713305,NA,NA,NA,0.732879974109117
MOXD1,4,0,0,0.633260685648338,NA,NA,NA,0.732946782688832
SLC41A3,6,0,0,0.633676986887443,NA,NA,NA,0.732986130137229
WDR48,7,0,0,0.633676986887443,NA,NA,NA,0.733102859460415
KLLN,2,0,0,0.633248834713305,NA,NA,NA,0.733107689078806
RELT,8,0,0,0.633260685648338,NA,NA,NA,0.733139621270244
FOXN3,6,0,0,0.633248834713305,NA,NA,NA,0.733164675891315
DOCK4,7,0,0,0.633260685648338,NA,NA,NA,0.733198124803954
KAT6A,7,0,0,0.633676986887443,NA,NA,NA,0.733223793572139
MAP3K2,22,0,0,0.633248834713305,NA,NA,NA,0.733243292371261
THUMPD3,20,0,0,0.633248834713305,NA,NA,NA,0.73335461954451
USP34,8,0,0,0.633248834713305,NA,NA,NA,0.733580368051093
OPA1,19,0,0,0.634034378759618,NA,NA,NA,0.73362054557833
RPL11,6,0,0,0.633248834713305,NA,NA,NA,0.733794393871313
SLC35A1,4,0,0,0.634827808113848,NA,NA,NA,0.734326530790677
STX2,6,0,0,0.634827808113848,NA,NA,NA,0.734573797127017
UHRF1BP1,11,0,0,0.635691932536115,NA,NA,NA,0.735756453312533
PLAC8,8,0,0,0.636222150868796,NA,NA,NA,0.735960379353791
ZSCAN26,6,0,0,0.636042694210603,NA,NA,NA,0.736084935063168
SMARCC2,8,0,0,0.636222150868796,NA,NA,NA,0.736087358559152
MID1,10,0,0,0.635953534472517,NA,NA,NA,0.736100158864947
MYSM1,10,0,0,0.636020704140017,NA,NA,NA,0.736163151593286
MORC2,5,0,0,0.636222150868796,NA,NA,NA,0.736226672522712
ZNF7,3,0,0,0.636042694210603,NA,NA,NA,0.736352710553453
LANCL1,11,0,0,0.63735814946336,NA,NA,NA,0.738359939513563
SH3BGRL,4,0,0,0.63735814946336,NA,NA,NA,0.738367280856448
CBWD1,2,0,0,0.63735814946336,NA,NA,NA,0.738601239708362
C16orf72,20,0,0,0.637726856774214,NA,NA,NA,0.73914983557877
PYCR2,4,0,0,0.637726856774214,NA,NA,NA,0.739270402988121
MED6,9,0,0,0.637726856774214,NA,NA,NA,0.739535747672165
TSPAN13,7,0,0,0.638425719802102,NA,NA,NA,0.739670852340671
NRDE2,10,0,0,0.638637642682136,NA,NA,NA,0.739831159314732
TMEM184B,10,0,0,0.638425719802102,NA,NA,NA,0.73985811779885
MTR,5,0,0,0.638425719802102,NA,NA,NA,0.739892448933543
NUDT5,15,0,0,0.638936495338046,NA,NA,NA,0.739996054607701
IGF2BP3,12,0,0,0.638605811391758,NA,NA,NA,0.740004242699374
SRP9,11,0,0,0.638637642682136,NA,NA,NA,0.740106264149072
HJURP,9,0,0,0.638936495338046,NA,NA,NA,0.740181917246963
CMKLR1,4,0,0,0.638936495338046,NA,NA,NA,0.740238514389283
GABRA2,4,0,0,0.638936495338046,NA,NA,NA,0.74025742865875
PLXND1,2,0,0,0.638936495338046,NA,NA,NA,0.740330029201228
USP28,2,0,0,0.638936495338046,NA,NA,NA,0.740401065309305
SEMA4C,2,0,0,0.638936495338046,NA,NA,NA,0.740478103706828
IFITM2,5,0,0,0.638936495338046,NA,NA,NA,0.740623745334862
ELK4,17,0,0,0.639138461800918,NA,NA,NA,0.74072403875067
KDM7A,9,0,0,0.638936495338046,NA,NA,NA,0.740727960178574
ATG16L2,5,0,0,0.639547182569608,NA,NA,NA,0.740929360522008
TBC1D22A,2,0,0,0.638936495338046,NA,NA,NA,0.740965791970446
CCT8,5,0,0,0.63951323906359,NA,NA,NA,0.740997812864173
COA7,8,0,0,0.640438678392632,NA,NA,NA,0.741826053036718
PTPDC1,5,0,0,0.640588246263515,NA,NA,NA,0.741958029451612
ZNF292,15,0,0,0.64111857300531,NA,NA,NA,0.74257643276369
PRSS8,3,0,0,0.641321692528493,NA,NA,NA,0.742677392798344
ADPGK,10,0,0,0.641684736356843,NA,NA,NA,0.743510890192547
AKTIP,11,0,0,0.641684736356843,NA,NA,NA,0.743740050605121
VEGFA,9,0,0,0.641684736356843,NA,NA,NA,0.743793646065399
TMBIM4,8,0,0,0.641684736356843,NA,NA,NA,0.743865433900496
XRCC5,13,0,0,0.641684736356843,NA,NA,NA,0.743900974118071
HARBI1,9,0,0,0.641684736356843,NA,NA,NA,0.743913498907659
HDDC2,11,0,0,0.64179946508159,NA,NA,NA,0.743995809540201
C6orf120,20,0,0,0.641775178650718,NA,NA,NA,0.744017022701572
GPSM2,12,0,0,0.641684736356843,NA,NA,NA,0.744054370216364
PGRMC2,14,0,0,0.641775178650718,NA,NA,NA,0.744074489364346
TLDC1,15,0,0,0.641775178650718,NA,NA,NA,0.744204209461443
NOL7,3,0,0,0.641775178650718,NA,NA,NA,0.744229013967601
ZNF519,3,0,0,0.642692142955048,NA,NA,NA,0.744827002221374
AQR,18,0,0,0.642730694254907,NA,NA,NA,0.744911189917719
PHLDB2,14,0,0,0.643402914833208,NA,NA,NA,0.74555412626411
SSBP2,22,0,0,0.643402914833208,NA,NA,NA,0.745819548768056
ERH,4,0,0,0.643402914833208,NA,NA,NA,0.745827232830501
RNF11,19,0,0,0.643402914833208,NA,NA,NA,0.746058715988159
METRNL,3,0,0,0.643402914833208,NA,NA,NA,0.746099306992278
DEK,21,0,0,0.643402914833208,NA,NA,NA,0.746131788133176
DOCK9,7,0,0,0.643402914833208,NA,NA,NA,0.74629193235952
PEX7,6,0,0,0.643402914833208,NA,NA,NA,0.746293508684899
EXOSC1,8,0,0,0.643402914833208,NA,NA,NA,0.746501200868892
UFL1,8,0,0,0.643402914833208,NA,NA,NA,0.74658311648847
FOXK1,6,0,0,0.643402914833208,NA,NA,NA,0.746594297040475
TYW3,7,0,0,0.643474273419792,NA,NA,NA,0.746665626513301
SMU1,16,0,0,0.644295209219641,NA,NA,NA,0.74717757843585
ABCA5,6,0,0,0.644088621488722,NA,NA,NA,0.747177703430747
PSMG3,2,0,0,0.644273992729969,NA,NA,NA,0.747259839365889
GNAL,4,0,0,0.644750682414562,NA,NA,NA,0.747846364042691
ZNF449,7,0,0,0.644827483250917,NA,NA,NA,0.747876974723596
STX11,4,0,0,0.645255702381603,NA,NA,NA,0.748202029910902
PDXK,17,0,0,0.645321939363533,NA,NA,NA,0.748434245304948
SEL1L,15,0,0,0.645896619088226,NA,NA,NA,0.748449645683205
MRPS18C,11,0,0,0.645321939363533,NA,NA,NA,0.748668896472629
KHK,5,0,0,0.645896619088226,NA,NA,NA,0.74872460977084
ATF7IP,9,0,0,0.646545654572229,NA,NA,NA,0.748891416187746
WDR73,16,0,0,0.646455325971944,NA,NA,NA,0.748904562607023
MCTP1,17,0,0,0.645896619088226,NA,NA,NA,0.748970845670685
MANEA,6,0,0,0.645896619088226,NA,NA,NA,0.749178697438844
DDRGK1,7,0,0,0.645896619088226,NA,NA,NA,0.749319234336128
TBX18,4,0,0,0.645896619088226,NA,NA,NA,0.749329597284002
FBXO11,15,0,0,0.645896619088226,NA,NA,NA,0.749386826082253
LCLAT1,5,0,0,0.645896619088226,NA,NA,NA,0.749499849409842
GM2A,17,0,0,0.645896619088226,NA,NA,NA,0.749568682203327
SLC25A11,12,0,0,0.646992166293684,NA,NA,NA,0.749634405182013
TXNL4A,14,0,0,0.647089033537705,NA,NA,NA,0.749673612097829
GNAS,7,0,0,0.646992166293684,NA,NA,NA,0.749857549565583
TRIM29,2,0,0,0.646992166293684,NA,NA,NA,0.749869008720445
MFF,7,0,0,0.647230722642797,NA,NA,NA,0.750068114483373
MSTO1,6,0,0,0.646992166293684,NA,NA,NA,0.750136969005655
LUZP1,9,0,0,0.647718258906126,NA,NA,NA,0.751016656454991
MSANTD4,16,0,0,0.647718258906126,NA,NA,NA,0.751246637295575
EPAS1,6,0,0,0.647718258906126,NA,NA,NA,0.751307988277548
PDE3B,16,0,0,0.647718258906126,NA,NA,NA,0.751444387688163
CRB3,3,0,0,0.647718258906126,NA,NA,NA,0.751498802004608
PAPPA,8,0,0,0.647718258906126,NA,NA,NA,0.751582144371681
LRRC14,7,0,0,0.647718258906126,NA,NA,NA,0.751590501902447
MINPP1,4,0,0,0.647791948820908,NA,NA,NA,0.752466199764425
DHX9,10,0,0,0.647791948820908,NA,NA,NA,0.752639178840387
POU2F1,11,0,0,0.648755778012716,NA,NA,NA,0.753878875186315
HOXC4,2,0,0,0.649145335746956,NA,NA,NA,0.7541635925596
CLINT1,8,0,0,0.649439742649681,NA,NA,NA,0.75424835493901
MRPS10,18,0,0,0.649546501911823,NA,NA,NA,0.754395841432938
SULT1A1,5,0,0,0.649439742649681,NA,NA,NA,0.754440036082238
CRCP,17,0,0,0.651086154308363,NA,NA,NA,0.755372363727869
ANKS1A,4,0,0,0.650457091022354,NA,NA,NA,0.755441895223268
SH3GLB1,15,0,0,0.651086154308363,NA,NA,NA,0.75558915600496
SLC3A2,6,0,0,0.651285827281944,NA,NA,NA,0.755603115623702
WBP1,2,0,0,0.650536650833467,NA,NA,NA,0.755662050696954
ARL16,8,0,0,0.651086154308363,NA,NA,NA,0.755681168768685
MED28,33,0,0,0.650457091022354,NA,NA,NA,0.755687575466942
ZDHHC2,27,0,0,0.651086154308363,NA,NA,NA,0.755800432106405
TMA16,20,0,0,0.651086154308363,NA,NA,NA,0.755989033425768
KDM4B,6,0,0,0.650997096773734,NA,NA,NA,0.756016873832421
PCDH7,5,0,0,0.651086154308363,NA,NA,NA,0.756054322927766
IBTK,7,0,0,0.651856037630067,NA,NA,NA,0.756193228794128
ZNF736,11,0,0,0.651086154308363,NA,NA,NA,0.756229464369456
FAM57A,19,0,0,0.651812998360285,NA,NA,NA,0.756255015443244
ZBTB47,7,0,0,0.652766177762573,NA,NA,NA,0.756995364813996
DRAM1,12,0,0,0.653303147606823,NA,NA,NA,0.75735622485229
RAB3IP,14,0,0,0.653303147606823,NA,NA,NA,0.757390698888136
COQ2,5,0,0,0.653303147606823,NA,NA,NA,0.757451851257595
RABEPK,3,0,0,0.653303147606823,NA,NA,NA,0.757481114740066
LRRC41,4,0,0,0.653303147606823,NA,NA,NA,0.757538595245265
WWTR1,5,0,0,0.653303147606823,NA,NA,NA,0.757593571814038
ATP6V1B2,9,0,0,0.653882372763886,NA,NA,NA,0.758289948315135
PAK1,5,0,0,0.654004307858708,NA,NA,NA,0.758387646321346
CENPS,4,0,0,0.654131330723997,NA,NA,NA,0.75857808235824
VCL,15,0,0,0.654131330723997,NA,NA,NA,0.758589070164163
PAPD4,9,0,0,0.655273883779982,NA,NA,NA,0.759698620413469
PSPH,13,0,0,0.655273883779982,NA,NA,NA,0.759954354200894
SYT14,12,0,0,0.656075221296479,NA,NA,NA,0.760047776140142
EFCAB14,12,0,0,0.656075221296479,NA,NA,NA,0.760289925381071
ATP5F1,16,0,0,0.656075221296479,NA,NA,NA,0.760414292223951
SHROOM2,7,0,0,0.656075221296479,NA,NA,NA,0.760501615940364
SMIM29,4,0,0,0.656075221296479,NA,NA,NA,0.760567613837961
EIF4A3,7,0,0,0.656075221296479,NA,NA,NA,0.760715865227091
GSTO2,5,0,0,0.656810082593789,NA,NA,NA,0.76085522744226
ZDHHC21,20,0,0,0.657036158900982,NA,NA,NA,0.761014223480757
CAPZB,7,0,0,0.657965022042536,NA,NA,NA,0.762169816914465
MYCBP2,7,0,0,0.657965022042536,NA,NA,NA,0.76223409849674
TTC3,8,0,0,0.658101911561967,NA,NA,NA,0.762706721873461
MED13L,14,0,0,0.658101911561967,NA,NA,NA,0.762800950120775
ITGA6,12,0,0,0.658466106095454,NA,NA,NA,0.762962706702342
DNAJB12,9,0,0,0.658716172065098,NA,NA,NA,0.763364491880485
CLTB,10,0,0,0.658716172065098,NA,NA,NA,0.763605117111277
CHMP6,13,0,0,0.660088939905634,NA,NA,NA,0.766769774869479
DMXL2,4,0,0,0.660088939905634,NA,NA,NA,0.766805331685027
MKL2,5,0,0,0.660088939905634,NA,NA,NA,0.766904869363397
ZBTB40,7,0,0,0.6605372687245,NA,NA,NA,0.767555733699292
RAPGEF1,6,0,0,0.660471056357207,NA,NA,NA,0.767596856664539
RFX5,8,0,0,0.66085995888443,NA,NA,NA,0.767844464620199
MATR3,19,0,0,0.661210103584207,NA,NA,NA,0.767946509384418
DZIP1L,3,0,0,0.661090055832696,NA,NA,NA,0.767966121087497
SMARCA4,11,0,0,0.66085995888443,NA,NA,NA,0.767986582213741
PARVA,34,0,0,0.661518719456554,NA,NA,NA,0.768146055196633
GSTCD,8,0,0,0.661210103584207,NA,NA,NA,0.768224795682314
RPGRIP1L,9,0,0,0.661567447132435,NA,NA,NA,0.768233559635422
GXYLT1,9,0,0,0.661210103584207,NA,NA,NA,0.76831161089015
EEF1AKMT1,4,0,0,0.661812886771587,NA,NA,NA,0.769205723429046
NDFIP2,12,0,0,0.661812886771587,NA,NA,NA,0.76948618878294
ETFRF1,7,0,0,0.663501463008896,NA,NA,NA,0.772117404581308
EDEM1,8,0,0,0.663592236999223,NA,NA,NA,0.772544147319152
TYMS,9,0,0,0.663841618988362,NA,NA,NA,0.773673516502667
AGO3,13,0,0,0.663841618988362,NA,NA,NA,0.773761880103758
EPS15,9,0,0,0.663841618988362,NA,NA,NA,0.77393574474925
MCMBP,16,0,0,0.664052655637323,NA,NA,NA,0.774119537623148
SMIM12,10,0,0,0.664052655637323,NA,NA,NA,0.774131026172914
RBAK,11,0,0,0.664165612228456,NA,NA,NA,0.774547563800057
DYNLT3,6,0,0,0.664165612228456,NA,NA,NA,0.774734260675999
ZBTB4,10,0,0,0.664764888610505,NA,NA,NA,0.775436229713641
VPS53,21,0,0,0.665208450273706,NA,NA,NA,0.775441660483847
ZSCAN22,3,0,0,0.664764888610505,NA,NA,NA,0.775514455127065
HSPB11,6,0,0,0.664764888610505,NA,NA,NA,0.775627264256429
ABCC4,3,0,0,0.665208450273706,NA,NA,NA,0.775697586183679
CCNF,7,0,0,0.664764888610505,NA,NA,NA,0.775707690516786
SDC1,5,0,0,0.6660782208247,NA,NA,NA,0.775769273527782
SPRED1,18,0,0,0.665649459125829,NA,NA,NA,0.775770906844645
SSBP3,10,0,0,0.6660782208247,NA,NA,NA,0.77584260249696
ATRX,8,0,0,0.665850344151962,NA,NA,NA,0.775861606125825
CHMP7,6,0,0,0.665208450273706,NA,NA,NA,0.775930658130445
SUDS3,22,0,0,0.665922629489103,NA,NA,NA,0.775980401741088
STXBP1,15,0,0,0.665208450273706,NA,NA,NA,0.776029532075774
DENND4A,21,0,0,0.6660782208247,NA,NA,NA,0.776042328481475
CCNB1,11,0,0,0.6660782208247,NA,NA,NA,0.776141014513036
GLRB,6,0,0,0.6660782208247,NA,NA,NA,0.776170945414733
STAM,16,0,0,0.6660782208247,NA,NA,NA,0.776425768667856
MYO10,10,0,0,0.667367804771335,NA,NA,NA,0.77760799080979
FUT10,16,0,0,0.667457491820195,NA,NA,NA,0.777658390908622
PHTF1,10,0,0,0.667413197361184,NA,NA,NA,0.77772340151267
ACTR1B,4,0,0,0.667367804771335,NA,NA,NA,0.777861765550508
CYP2R1,4,0,0,0.667367804771335,NA,NA,NA,0.778112904896691
NUDT16,9,0,0,0.667367804771335,NA,NA,NA,0.778326234528408
CCT7,3,0,0,0.668435374003835,NA,NA,NA,0.778411521950315
ZWINT,14,0,0,0.668545712930416,NA,NA,NA,0.778677819999053
SOCS4,13,0,0,0.668435374003835,NA,NA,NA,0.778680405866394
NOC3L,13,0,0,0.66842685306418,NA,NA,NA,0.778728085455889
NDUFS1,23,0,0,0.668435374003835,NA,NA,NA,0.778771526726824
PTPN4,23,0,0,0.668756680649492,NA,NA,NA,0.778777864151068
TRMT10A,9,0,0,0.668408550376093,NA,NA,NA,0.778850651567563
ZNF280D,4,0,0,0.66842685306418,NA,NA,NA,0.778974007246102
MAN2B2,2,0,0,0.66842685306418,NA,NA,NA,0.778993113504056
AGGF1,14,0,0,0.668435374003835,NA,NA,NA,0.779030219366951
IGFBP2,2,0,0,0.668435374003835,NA,NA,NA,0.779230406991528
CAND1,22,0,0,0.668435374003835,NA,NA,NA,0.779297614746994
GIT2,6,0,0,0.668435374003835,NA,NA,NA,0.779419516659617
ARHGAP8,5,0,0,0.66878832768983,NA,NA,NA,0.779463405106605
EIF3F,19,0,0,0.668435374003835,NA,NA,NA,0.779545064684841
ZHX1-C8orf76,5,0,0,0.668435374003835,NA,NA,NA,0.77955562900565
SLC39A1,4,0,0,0.668435374003835,NA,NA,NA,0.779565085089367
SSR3,34,0,0,0.66878832768983,NA,NA,NA,0.779641599354175
C9orf85,7,0,0,0.668435374003835,NA,NA,NA,0.779706514107863
MTRF1,7,0,0,0.668435374003835,NA,NA,NA,0.779896472236167
APC,8,0,0,0.669080067895573,NA,NA,NA,0.779906538170866
MED10,5,0,0,0.669009233109857,NA,NA,NA,0.779917736703845
NF1,12,0,0,0.668435374003835,NA,NA,NA,0.780110962341354
IPO8,5,0,0,0.668435374003835,NA,NA,NA,0.780148618154562
SCFD2,4,0,0,0.669080067895573,NA,NA,NA,0.780156060450715
GOT2,4,0,0,0.668435374003835,NA,NA,NA,0.780170529859913
MAPKAPK5,8,0,0,0.668435374003835,NA,NA,NA,0.780240157353747
MARK3,7,0,0,0.668435374003835,NA,NA,NA,0.780300389014292
IRGQ,4,0,0,0.668435374003835,NA,NA,NA,0.780310319729496
ITGB3,10,0,0,0.669080067895573,NA,NA,NA,0.780323844906024
SH3BGRL2,7,0,0,0.668435374003835,NA,NA,NA,0.78034941777211
HLA-C,3,0,0,0.669080067895573,NA,NA,NA,0.780390005118578
ERCC2,5,0,0,0.668435374003835,NA,NA,NA,0.780409016282657
DYM,15,0,0,0.669080067895573,NA,NA,NA,0.780439125332473
UBE2R2,8,0,0,0.668435374003835,NA,NA,NA,0.780453721555845
KBTBD2,9,0,0,0.668435374003835,NA,NA,NA,0.780521368685097
ARHGAP26,5,0,0,0.668435374003835,NA,NA,NA,0.780672728005627
SRI,14,0,0,0.668435374003835,NA,NA,NA,0.780884156760838
IER3IP1,10,0,0,0.669080067895573,NA,NA,NA,0.78092317592342
HSD17B4,3,0,0,0.668435374003835,NA,NA,NA,0.78097499993688
EEFSEC,3,0,0,0.669080067895573,NA,NA,NA,0.780998172506643
SMAP1,8,0,0,0.669080067895573,NA,NA,NA,0.781090558770267
ANO10,6,0,0,0.66959882733952,NA,NA,NA,0.781541574079822
KMT5B,12,0,0,0.66959882733952,NA,NA,NA,0.781787886798836
ZNF879,3,0,0,0.670053553997647,NA,NA,NA,0.782420465858348
SLC25A40,8,0,0,0.67046757588505,NA,NA,NA,0.783322093834951
ACAT1,4,0,0,0.67046757588505,NA,NA,NA,0.783596708311627
MFSD9,9,0,0,0.67046757588505,NA,NA,NA,0.783698228336373
TTC17,3,0,0,0.67046757588505,NA,NA,NA,0.783783245617829
UACA,10,0,0,0.67046757588505,NA,NA,NA,0.783852452451602
PLS3,9,0,0,0.670814889663235,NA,NA,NA,0.783906162520575
PDCD4,23,0,0,0.670948369194941,NA,NA,NA,0.784103348507038
KRT7,15,0,0,0.671328042508344,NA,NA,NA,0.78457418419996
HIVEP1,2,0,0,0.671328042508344,NA,NA,NA,0.784582857314884
CBR4,4,0,0,0.671328042508344,NA,NA,NA,0.784666237300563
FOXP1,16,0,0,0.67217776703566,NA,NA,NA,0.7846912521873
KIAA1549L,8,0,0,0.671328042508344,NA,NA,NA,0.784769252586225
CLPP,7,0,0,0.672200764994749,NA,NA,NA,0.784821740765788
ZNF780B,18,0,0,0.671328042508344,NA,NA,NA,0.784836744870295
USP14,14,0,0,0.67217776703566,NA,NA,NA,0.784905050279899
DCAF13,13,0,0,0.671821574109497,NA,NA,NA,0.784980069008798
NOSIP,2,0,0,0.671328042508344,NA,NA,NA,0.785013459357487
NFE2L3,3,0,0,0.671328042508344,NA,NA,NA,0.78504431696515
EMSY,26,0,0,0.67217776703566,NA,NA,NA,0.785093277702987
UBE2F,12,0,0,0.67217776703566,NA,NA,NA,0.785121192717096
ACTR3,19,0,0,0.672200764994749,NA,NA,NA,0.785211554381854
PRPF40A,21,0,0,0.672200764994749,NA,NA,NA,0.785269064831988
C11orf58,25,0,0,0.67217776703566,NA,NA,NA,0.785313469079368
SURF4,12,0,0,0.67217776703566,NA,NA,NA,0.785320022845383
MTURN,16,0,0,0.67217728776321,NA,NA,NA,0.785322790227119
ENPP1,8,0,0,0.67217728776321,NA,NA,NA,0.785331204453767
SSFA2,5,0,0,0.672200764994749,NA,NA,NA,0.785348480225881
FOSL2,14,0,0,0.672200764994749,NA,NA,NA,0.785364230646269
GADD45GIP1,5,0,0,0.672200764994749,NA,NA,NA,0.785373197954837
EPOR,7,0,0,0.67217728776321,NA,NA,NA,0.785444495040411
HES1,4,0,0,0.67217776703566,NA,NA,NA,0.785490978598716
PCSK6,6,0,0,0.67217776703566,NA,NA,NA,0.785571154822454
ACTR8,23,0,0,0.672280809216705,NA,NA,NA,0.785627257032392
CDCA4,10,0,0,0.67217776703566,NA,NA,NA,0.785633724747746
MKI67,12,0,0,0.672280809216705,NA,NA,NA,0.785753842148591
KIF11,10,0,0,0.672280809216705,NA,NA,NA,0.785844963845178
NFKB2,2,0,0,0.672280809216705,NA,NA,NA,0.78589872587498
HIP1,13,0,0,0.672280809216705,NA,NA,NA,0.785993073977733
TCF4,18,0,0,0.672833500585816,NA,NA,NA,0.786851527040904
MRPL33,5,0,0,0.672833500585816,NA,NA,NA,0.787109354654201
USP36,12,0,0,0.673182429110738,NA,NA,NA,0.787298308134465
LAS1L,7,0,0,0.673518042704377,NA,NA,NA,0.788168878756061
COL16A1,4,0,0,0.673707926281042,NA,NA,NA,0.788996443049429
ECE1,4,0,0,0.673707926281042,NA,NA,NA,0.789043055955867
EGFR,20,0,0,0.674026403695983,NA,NA,NA,0.789200236285458
MTMR4,4,0,0,0.674029049254403,NA,NA,NA,0.789264450882464
ATP7B,5,0,0,0.674035003907192,NA,NA,NA,0.789342488264086
GXYLT2,7,0,0,0.674029049254403,NA,NA,NA,0.789410618671776
SUN2,6,0,0,0.674035003907192,NA,NA,NA,0.789566959874966
IQGAP1,9,0,0,0.674035003907192,NA,NA,NA,0.78964457123779
ZNF200,6,0,0,0.674478247552977,NA,NA,NA,0.789669306102982
ST3GAL2,12,0,0,0.67450740583102,NA,NA,NA,0.789758961309211
JKAMP,5,0,0,0.67482182359972,NA,NA,NA,0.78995845452695
COPS3,6,0,0,0.674966758652015,NA,NA,NA,0.789990663609165
TTLL1,2,0,0,0.67551423055177,NA,NA,NA,0.791050190882105
TM9SF2,13,0,0,0.67551423055177,NA,NA,NA,0.791094340729444
MOCS2,8,0,0,0.67551423055177,NA,NA,NA,0.791332343890893
SEPHS1,10,0,0,0.676099722510392,NA,NA,NA,0.791753404863748
WDR89,10,0,0,0.676134755705107,NA,NA,NA,0.791822765776397
F11R,20,0,0,0.676078910462433,NA,NA,NA,0.79184407942948
ANAPC10,5,0,0,0.676448567759354,NA,NA,NA,0.792003603548183
RPL38,5,0,0,0.676298130677053,NA,NA,NA,0.792077562211457
DNAJC16,11,0,0,0.676152985230399,NA,NA,NA,0.792097098826335
CDC123,3,0,0,0.676256404523544,NA,NA,NA,0.792147626016238
CREG2,4,0,0,0.676448567759354,NA,NA,NA,0.792275256177201
ETV5,5,0,0,0.676256404523544,NA,NA,NA,0.792343325749584
ARF4,10,0,0,0.677430393334563,NA,NA,NA,0.792415601353673
DNAJC18,7,0,0,0.677615493163663,NA,NA,NA,0.792486847162933
SVBP,6,0,0,0.677135491304271,NA,NA,NA,0.792569349728917
SEMA4F,5,0,0,0.677968979818403,NA,NA,NA,0.792612851256995
PTPRA,9,0,0,0.677430393334563,NA,NA,NA,0.792665812425599
MFSD4A,5,0,0,0.677968979818403,NA,NA,NA,0.792773145487226
CAGE1,3,0,0,0.677430393334563,NA,NA,NA,0.792794725991569
TBC1D16,13,0,0,0.677430393334563,NA,NA,NA,0.792990559336892
EIF4E,15,0,0,0.67846476872004,NA,NA,NA,0.793159936455381
TMED8,10,0,0,0.679887149074292,NA,NA,NA,0.794454504317835
NUDT21,6,0,0,0.679885558560902,NA,NA,NA,0.79456404486175
C8orf59,9,0,0,0.679885558560902,NA,NA,NA,0.794824996198924
TMED7,23,0,0,0.679885558560902,NA,NA,NA,0.795071319592677
RB1CC1,8,0,0,0.680468243671596,NA,NA,NA,0.795143527665918
JPH2,7,0,0,0.680468243671596,NA,NA,NA,0.795419711510004
TTC33,12,0,0,0.681006224348518,NA,NA,NA,0.796027573183283
SORBS2,5,0,0,0.681143150745812,NA,NA,NA,0.796094275763975
ATG4A,4,0,0,0.68169166979356,NA,NA,NA,0.796409833247139
TP53,5,0,0,0.681630542108792,NA,NA,NA,0.796461253450173
SNX8,5,0,0,0.682920474612813,NA,NA,NA,0.798072743625851
ZNF160,5,0,0,0.682920474612813,NA,NA,NA,0.798324701554336
FBXW2,13,0,0,0.683809564220523,NA,NA,NA,0.798891087421373
RPRD2,12,0,0,0.683809564220523,NA,NA,NA,0.798969436714734
PLIN3,3,0,0,0.684039250865037,NA,NA,NA,0.799015519185125
PLD1,9,0,0,0.684039250865037,NA,NA,NA,0.799232578069653
PPP3CA,10,0,0,0.684633256225023,NA,NA,NA,0.799478927728451
ARSA,8,0,0,0.684684231942815,NA,NA,NA,0.799590706861486
MDM4,17,0,0,0.684686286628636,NA,NA,NA,0.799603837168226
PPIC,16,0,0,0.684568761540154,NA,NA,NA,0.799639533274832
HSPA4L,25,0,0,0.684633256225023,NA,NA,NA,0.799759018629191
C6orf226,5,0,0,0.684684231942815,NA,NA,NA,0.799777085278513
AIMP2,2,0,0,0.684686286628636,NA,NA,NA,0.799960935611826
RALGAPA2,6,0,0,0.684686286628636,NA,NA,NA,0.799968385688784
PFKL,3,0,0,0.684686286628636,NA,NA,NA,0.799973871510792
HLCS,13,0,0,0.684686286628636,NA,NA,NA,0.799988622455862
DTX4,2,0,0,0.684686286628636,NA,NA,NA,0.799991827651566
UIMC1,5,0,0,0.684686286628636,NA,NA,NA,0.800009204586334
PCYT2,9,0,0,0.684684231942815,NA,NA,NA,0.800023652973903
HSCB,2,0,0,0.684686286628636,NA,NA,NA,0.800064325968208
EMC8,10,0,0,0.684686286628636,NA,NA,NA,0.800131036185442
LMTK2,5,0,0,0.684686286628636,NA,NA,NA,0.80014574486639
HTATIP2,9,0,0,0.684686286628636,NA,NA,NA,0.800192248559536
EIF3E,14,0,0,0.684686286628636,NA,NA,NA,0.80020557293341
GOT1,4,0,0,0.684686286628636,NA,NA,NA,0.800216375564738
ZNF616,6,0,0,0.684686286628636,NA,NA,NA,0.800223671653221
WDR31,7,0,0,0.684686286628636,NA,NA,NA,0.800244452129497
APRT,3,0,0,0.684684231942815,NA,NA,NA,0.800279880212682
RHOBTB1,4,0,0,0.684686286628636,NA,NA,NA,0.800303064884584
ULBP3,8,0,0,0.684686286628636,NA,NA,NA,0.800313232264546
RPS8,8,0,0,0.684720485108525,NA,NA,NA,0.800314467587147
HAUS5,8,0,0,0.684686286628636,NA,NA,NA,0.800388074846148
GALNT2,10,0,0,0.684788032557436,NA,NA,NA,0.800436505092199
BIN3,11,0,0,0.685042540406602,NA,NA,NA,0.80046194060319
METAP2,15,0,0,0.685424266998828,NA,NA,NA,0.800477633425747
FADS1,15,0,0,0.685275349172576,NA,NA,NA,0.800521190622408
ARID4B,4,0,0,0.684686286628636,NA,NA,NA,0.800530800361563
KEAP1,6,0,0,0.685016588032273,NA,NA,NA,0.80054829534071
CKAP4,12,0,0,0.685424266998828,NA,NA,NA,0.800633808305935
GSR,7,0,0,0.685275349172576,NA,NA,NA,0.800636803560556
CDKN2C,7,0,0,0.685275349172576,NA,NA,NA,0.80063690407868
ZNF239,6,0,0,0.685275349172576,NA,NA,NA,0.800693976020355
PLEKHF2,6,0,0,0.685275349172576,NA,NA,NA,0.800742434445425
IPPK,8,0,0,0.684686286628636,NA,NA,NA,0.800765157893736
MTO1,11,0,0,0.685225197468347,NA,NA,NA,0.800807771714255
ZNF566,7,0,0,0.685424266998828,NA,NA,NA,0.800813123976989
CTBS,7,0,0,0.685155068985611,NA,NA,NA,0.800839644593764
ESYT2,22,0,0,0.685155068985611,NA,NA,NA,0.800850985536591
ABCE1,18,0,0,0.685275349172576,NA,NA,NA,0.800969787912835
BCHE,2,0,0,0.68557303237454,NA,NA,NA,0.800976132834654
NARF,2,0,0,0.685424266998828,NA,NA,NA,0.801020930079626
FNDC11,2,0,0,0.685424266998828,NA,NA,NA,0.801113565656755
TNRC6A,6,0,0,0.686137803278181,NA,NA,NA,0.801415973310576
NT5E,7,0,0,0.686288290352064,NA,NA,NA,0.801451275240489
LRRC57,10,0,0,0.68632856020679,NA,NA,NA,0.801649354831621
HYKK,4,0,0,0.686422659511047,NA,NA,NA,0.801680533996511
PUDP,8,0,0,0.68632856020679,NA,NA,NA,0.801844099669542
PRPF38A,15,0,0,0.68632856020679,NA,NA,NA,0.801887413768037
SHC1,12,0,0,0.68632856020679,NA,NA,NA,0.8019811230812
AHI1,3,0,0,0.68632856020679,NA,NA,NA,0.801999400023029
ANTXR2,11,0,0,0.68632856020679,NA,NA,NA,0.802020790870178
SPCS3,29,0,0,0.68632856020679,NA,NA,NA,0.802085661941408
PTX3,5,0,0,0.68632856020679,NA,NA,NA,0.802301841008883
TRIP13,10,0,0,0.68632856020679,NA,NA,NA,0.802550542474364
CBFA2T2,11,0,0,0.687252930910461,NA,NA,NA,0.80299043833185
ENTPD7,18,0,0,0.687252930910461,NA,NA,NA,0.803209736108977
KDM1B,5,0,0,0.688173551492571,NA,NA,NA,0.804358894267957
SH3RF2,7,0,0,0.688358283268778,NA,NA,NA,0.804436201432703
FBXO33,5,0,0,0.68835241841527,NA,NA,NA,0.804442463632672
TERF1,17,0,0,0.688173551492571,NA,NA,NA,0.804551238426896
RRAGA,7,0,0,0.689239690995374,NA,NA,NA,0.805413783979034
VPS36,16,0,0,0.689713660113557,NA,NA,NA,0.805519755560334
DUSP11,14,0,0,0.689936230375098,NA,NA,NA,0.805624284812875
PRMT2,6,0,0,0.690145902647362,NA,NA,NA,0.805716233048497
STX7,28,0,0,0.68963659946643,NA,NA,NA,0.805741307573535
PRKAB1,3,0,0,0.689713660113557,NA,NA,NA,0.805751361904779
ZMYND11,10,0,0,0.690517823002409,NA,NA,NA,0.805765584118391
GORASP1,6,0,0,0.689713660113557,NA,NA,NA,0.805791463943516
PDS5A,19,0,0,0.689713660113557,NA,NA,NA,0.80581712960267
LYRM7,17,0,0,0.68963659946643,NA,NA,NA,0.805872002965999
FPGT,9,0,0,0.689713660113557,NA,NA,NA,0.805952650694925
AMZ2,4,0,0,0.690516802430003,NA,NA,NA,0.805964886014423
WASL,12,0,0,0.690517823002409,NA,NA,NA,0.805971674964992
CHURC1,11,0,0,0.690517823002409,NA,NA,NA,0.805997808618223
POLR1B,15,0,0,0.689713660113557,NA,NA,NA,0.806063656073721
BCOR,4,0,0,0.689713660113557,NA,NA,NA,0.806194715263069
CCDC25,6,0,0,0.689713660113557,NA,NA,NA,0.806270001902708
TMEM135,15,0,0,0.690517823002409,NA,NA,NA,0.806307180717078
PSMA2,9,0,0,0.690517823002409,NA,NA,NA,0.806392227855395
MIEF2,7,0,0,0.690517823002409,NA,NA,NA,0.806427802953308
TGFA,5,0,0,0.689713660113557,NA,NA,NA,0.806441706108643
DNM1L,17,0,0,0.690517823002409,NA,NA,NA,0.80651974169707
BCL9,2,0,0,0.690517823002409,NA,NA,NA,0.806547565380568
TUBB2A,2,0,0,0.689713660113557,NA,NA,NA,0.806562592738657
GOLM1,8,0,0,0.690517823002409,NA,NA,NA,0.806567488147081
SRGAP1,18,0,0,0.690517823002409,NA,NA,NA,0.806618091769714
PHYKPL,11,0,0,0.690517823002409,NA,NA,NA,0.806743414342215
CEP72,9,0,0,0.690554059490308,NA,NA,NA,0.806840178541504
BRD4,6,0,0,0.690517823002409,NA,NA,NA,0.806917107624978
ZNF79,7,0,0,0.691130045994442,NA,NA,NA,0.807545422594593
HMGB2,14,0,0,0.692859423489464,NA,NA,NA,0.809572547242298
AASDHPPT,8,0,0,0.692859423489464,NA,NA,NA,0.80959968178303
TANK,3,0,0,0.693834692384772,NA,NA,NA,0.810721458799089
LRRCC1,6,0,0,0.694025934858995,NA,NA,NA,0.810794178297324
MCM3AP,8,0,0,0.694060798403119,NA,NA,NA,0.811209235159827
TCEAL1,2,0,0,0.694060798403119,NA,NA,NA,0.811209404183015
TWF1,6,0,0,0.694060798403119,NA,NA,NA,0.811286022454076
PNP,4,0,0,0.694060798403119,NA,NA,NA,0.811351810385764
RFC3,4,0,0,0.694060798403119,NA,NA,NA,0.811359988199059
LYN,11,0,0,0.69516235362397,NA,NA,NA,0.812950671985433
RAB24,6,0,0,0.69516235362397,NA,NA,NA,0.813164029592791
PHACTR2,12,0,0,0.69516235362397,NA,NA,NA,0.813165225464359
SIN3A,9,0,0,0.69516235362397,NA,NA,NA,0.81365033164531
MSRB1,5,0,0,0.69516235362397,NA,NA,NA,0.81370877513425
RBL1,17,0,0,0.69516235362397,NA,NA,NA,0.813898304327368
GAB1,10,0,0,0.69516235362397,NA,NA,NA,0.813952077650061
C1orf43,6,0,0,0.696445649562848,NA,NA,NA,0.815744381808366
ZNF621,8,0,0,0.696875215524625,NA,NA,NA,0.816326871833308
CAPN10,2,0,0,0.696875215524625,NA,NA,NA,0.81653768347802
GTF3C4,6,0,0,0.696875215524625,NA,NA,NA,0.816551735356028
BTF3L4,13,0,0,0.697090913871608,NA,NA,NA,0.816583283960556
TRERF1,6,0,0,0.696875215524625,NA,NA,NA,0.816721328685836
PRKAA1,11,0,0,0.696875215524625,NA,NA,NA,0.816731260602187
TFPI2,10,0,0,0.696875215524625,NA,NA,NA,0.816758673112737
MSI2,21,0,0,0.696875215524625,NA,NA,NA,0.816800437468439
TTLL5,5,0,0,0.69731546594309,NA,NA,NA,0.816810594584697
CHRNA5,11,0,0,0.696875215524625,NA,NA,NA,0.816821312156029
PTGER2,5,0,0,0.696875215524625,NA,NA,NA,0.816840694696785
CYP27C1,5,0,0,0.696875215524625,NA,NA,NA,0.816976076251038
CSNK1D,8,0,0,0.697645432897241,NA,NA,NA,0.816990321310041
LZTFL1,11,0,0,0.696875215524625,NA,NA,NA,0.81704838936505
ZC3H15,12,0,0,0.696875215524625,NA,NA,NA,0.817066810288182
ADAMTS4,2,0,0,0.697645432897241,NA,NA,NA,0.817116320531869
ASB6,3,0,0,0.696875215524625,NA,NA,NA,0.81711749613671
NUDT19,7,0,0,0.696875215524625,NA,NA,NA,0.817167203975106
DST,7,0,0,0.696875215524625,NA,NA,NA,0.817248358781094
IFNGR1,2,0,0,0.696875215524625,NA,NA,NA,0.817356538890606
ARIH1,21,0,0,0.696875215524625,NA,NA,NA,0.817359885644755
PTCH2,4,0,0,0.698598860636517,NA,NA,NA,0.818394115549134
CDCP1,13,0,0,0.69881948420381,NA,NA,NA,0.818493371997635
DLGAP4,4,0,0,0.700179507483006,NA,NA,NA,0.819856981885323
PPP4R3A,11,0,0,0.700484280755035,NA,NA,NA,0.820383960400173
MEAF6,17,0,0,0.700733683455258,NA,NA,NA,0.820527846314422
SLC6A9,4,0,0,0.700733683455258,NA,NA,NA,0.820550139875149
MCF2,2,0,0,0.700484280755035,NA,NA,NA,0.820595089142546
BRD7,13,0,0,0.700733683455258,NA,NA,NA,0.820599096929855
SMARCE1,9,0,0,0.700484280755035,NA,NA,NA,0.820618358468354
ARHGEF37,7,0,0,0.700733683455258,NA,NA,NA,0.820628342502751
CREBRF,3,0,0,0.700484280755035,NA,NA,NA,0.8206901133771
AC022384.1,5,0,0,0.700733683455258,NA,NA,NA,0.820781936430816
TBCD,6,0,0,0.700484280755035,NA,NA,NA,0.820879425567558
TDG,13,0,0,0.701186220178137,NA,NA,NA,0.820963307498685
LPIN1,5,0,0,0.701186220178137,NA,NA,NA,0.820990887942941
RPL22L1,4,0,0,0.701186220178137,NA,NA,NA,0.82102463807276
TMEM267,12,0,0,0.701186220178137,NA,NA,NA,0.821213599137598
MRPL49,4,0,0,0.701186220178137,NA,NA,NA,0.821461836971501
FAM213A,11,0,0,0.701301387791361,NA,NA,NA,0.821492592535916
LMLN,7,0,0,0.701186220178137,NA,NA,NA,0.821496122481859
SLMAP,16,0,0,0.701186220178137,NA,NA,NA,0.821684607601539
NUP88,7,0,0,0.701186220178137,NA,NA,NA,0.821794939641456
RPS27L,12,0,0,0.701486222648783,NA,NA,NA,0.822076891517608
COQ10B,7,0,0,0.701486222648783,NA,NA,NA,0.82214960180995
RPUSD4,7,0,0,0.701486222648783,NA,NA,NA,0.822170531271706
C16orf70,7,0,0,0.701486222648783,NA,NA,NA,0.822298542970186
AP3D1,6,0,0,0.70162136638418,NA,NA,NA,0.822345777329886
SNX3,5,0,0,0.702063801932009,NA,NA,NA,0.822658300039222
RNF145,5,0,0,0.702349302290566,NA,NA,NA,0.823124757630001
PITPNB,6,0,0,0.702727502366779,NA,NA,NA,0.823317535163163
RPS3A,8,0,0,0.702568870871146,NA,NA,NA,0.823394671917221
WASF2,14,0,0,0.702756365007928,NA,NA,NA,0.823401072204807
AGAP1,6,0,0,0.702756365007928,NA,NA,NA,0.8234129175451
TMEM167A,24,0,0,0.702727502366779,NA,NA,NA,0.823449789689715
BCAR3,6,0,0,0.702824616319681,NA,NA,NA,0.823516528688096
DEPDC1,14,0,0,0.702756365007928,NA,NA,NA,0.823540162933914
KAT7,15,0,0,0.702824616319681,NA,NA,NA,0.823693038306758
EXTL3,3,0,0,0.702824616319681,NA,NA,NA,0.823939424139251
RBM47,6,0,0,0.703395691279126,NA,NA,NA,0.824508322384332
PBLD,2,0,0,0.703395691279126,NA,NA,NA,0.824657924421543
MYEF2,13,0,0,0.703395691279126,NA,NA,NA,0.824700319585327
NLN,11,0,0,0.703395691279126,NA,NA,NA,0.82472577382947
KIAA1217,5,0,0,0.703395691279126,NA,NA,NA,0.82492496701989
DPY19L1,14,0,0,0.703730232307872,NA,NA,NA,0.825170859460673
BUB1,8,0,0,0.703698385339436,NA,NA,NA,0.825255620006758
PLXNB1,6,0,0,0.704270418744665,NA,NA,NA,0.82557656687532
SLC30A4,7,0,0,0.704462312724328,NA,NA,NA,0.825963067078521
ARHGAP12,10,0,0,0.704816968612406,NA,NA,NA,0.82599435917329
PANK2,13,0,0,0.704704443347715,NA,NA,NA,0.82600129516408
IKZF2,4,0,0,0.704704443347715,NA,NA,NA,0.826157286870344
KLF8,10,0,0,0.704704443347715,NA,NA,NA,0.826191591827151
ENOX2,8,0,0,0.704704443347715,NA,NA,NA,0.826234527979559
RASGEF1B,4,0,0,0.704704443347715,NA,NA,NA,0.826260777684721
ELAVL1,10,0,0,0.704704443347715,NA,NA,NA,0.826283819921516
VSIG10,12,0,0,0.704704443347715,NA,NA,NA,0.826466763769963
ZNF354B,13,0,0,0.704704443347715,NA,NA,NA,0.826468080367117
C4orf46,7,0,0,0.705276471751329,NA,NA,NA,0.826478901866151
MAF,4,0,0,0.704704443347715,NA,NA,NA,0.826511723503866
APBA3,6,0,0,0.706205974711114,NA,NA,NA,0.826535043179579
UBE2E3,4,0,0,0.704704443347715,NA,NA,NA,0.826704308978308
BCAS2,14,0,0,0.706347312549398,NA,NA,NA,0.826712600551807
GUF1,26,0,0,0.706424217568021,NA,NA,NA,0.826738436141253
DNAJC27,4,0,0,0.704704443347715,NA,NA,NA,0.826746693106356
ZNF544,4,0,0,0.706205974711114,NA,NA,NA,0.826758001153432
PCNX1,23,0,0,0.704704443347715,NA,NA,NA,0.826801593246634
CPM,10,0,0,0.706593196306685,NA,NA,NA,0.826814702359937
TRAPPC11,5,0,0,0.705633570586277,NA,NA,NA,0.826864652929007
CRNKL1,26,0,0,0.70595276858986,NA,NA,NA,0.826867518913835
DMWD,7,0,0,0.705813644536364,NA,NA,NA,0.82696439929349
DUSP5,6,0,0,0.704704443347715,NA,NA,NA,0.826973951311711
TRAP1,5,0,0,0.704704443347715,NA,NA,NA,0.826976594216201
ZHX3,9,0,0,0.706205974711114,NA,NA,NA,0.826996830569459
MTOR,2,0,0,0.706593196306685,NA,NA,NA,0.827063611442042
NFKBIA,3,0,0,0.705813644536364,NA,NA,NA,0.827119230836963
COL5A2,8,0,0,0.706205974711114,NA,NA,NA,0.827124454312153
FAM104A,12,0,0,0.70595276858986,NA,NA,NA,0.827134354520672
PCBD1,2,0,0,0.706593196306685,NA,NA,NA,0.827165221541983
NCBP3,15,0,0,0.706205974711114,NA,NA,NA,0.827229500139947
CPLX1,2,0,0,0.706593196306685,NA,NA,NA,0.827319906848791
GTPBP1,10,0,0,0.706593196306685,NA,NA,NA,0.827363888010473
HNRNPDL,15,0,0,0.706593196306685,NA,NA,NA,0.827429491138257
ZNF701,8,0,0,0.706593196306685,NA,NA,NA,0.827549852827107
RPL17-C18orf32,14,0,0,0.706593196306685,NA,NA,NA,0.827577233675481
PCDHB16,4,0,0,0.706593196306685,NA,NA,NA,0.827690537532962
LMNB2,6,0,0,0.706593196306685,NA,NA,NA,0.82776139094021
CTGF,9,0,0,0.706766503605827,NA,NA,NA,0.827812608670437
EXOSC3,14,0,0,0.706593196306685,NA,NA,NA,0.82783475497342
MINDY4,3,0,0,0.706593196306685,NA,NA,NA,0.827943747895233
SYF2,8,0,0,0.706593196306685,NA,NA,NA,0.82801144867492
SNX17,8,0,0,0.706593196306685,NA,NA,NA,0.828043334893811
COL4A3BP,11,0,0,0.706593196306685,NA,NA,NA,0.828062580895104
TMEM43,11,0,0,0.707890112913465,NA,NA,NA,0.8288899860516
ZNF649,11,0,0,0.707890112913465,NA,NA,NA,0.829126368577868
NIN,7,0,0,0.708196356275905,NA,NA,NA,0.82981485036499
ATG12,24,0,0,0.708802602336658,NA,NA,NA,0.830588425645985
KIAA0040,7,0,0,0.708936062052425,NA,NA,NA,0.83060068524249
PLBD2,8,0,0,0.708802602336658,NA,NA,NA,0.830820983292735
LOX,17,0,0,0.709248581218523,NA,NA,NA,0.831941366477497
HIGD1A,13,0,0,0.709248581218523,NA,NA,NA,0.831953638947722
FBXL3,16,0,0,0.709248581218523,NA,NA,NA,0.832017271859811
LNPK,28,0,0,0.709801237600473,NA,NA,NA,0.832403985743788
PEX19,19,0,0,0.709749728357346,NA,NA,NA,0.832469153455707
BLCAP,13,0,0,0.709801237600473,NA,NA,NA,0.832691609445143
JOSD1,7,0,0,0.709801237600473,NA,NA,NA,0.832882726604011
SLC35F6,24,0,0,0.710404197798473,NA,NA,NA,0.833006215637607
DIAPH1,4,0,0,0.709801237600473,NA,NA,NA,0.833025208422485
DIS3L2,6,0,0,0.710404197798473,NA,NA,NA,0.833035204861783
JRKL,6,0,0,0.709801237600473,NA,NA,NA,0.833078066424141
TLR2,3,0,0,0.710404197798473,NA,NA,NA,0.833088891180069
RPP14,6,0,0,0.710404197798473,NA,NA,NA,0.833100433119864
NFIA,7,0,0,0.710404197798473,NA,NA,NA,0.833127505643266
NUMBL,6,0,0,0.709801237600473,NA,NA,NA,0.833144356308431
RABGAP1L,6,0,0,0.710056387489583,NA,NA,NA,0.833182262807764
KIFC2,3,0,0,0.709801237600473,NA,NA,NA,0.833225222125804
RBM7,12,0,0,0.709801237600473,NA,NA,NA,0.83325467487323
UXS1,7,0,0,0.709801237600473,NA,NA,NA,0.833279529111116
RND3,7,0,0,0.710404197798473,NA,NA,NA,0.833316533775203
ZNF484,16,0,0,0.710404197798473,NA,NA,NA,0.833355495843672
PXDN,10,0,0,0.710585144763611,NA,NA,NA,0.833416754265288
NAPA,5,0,0,0.710404197798473,NA,NA,NA,0.833462108866932
SYAP1,23,0,0,0.709801237600473,NA,NA,NA,0.833466820431284
ETFBKMT,10,0,0,0.710585144763611,NA,NA,NA,0.833540257353071
NCR3LG1,9,0,0,0.710585144763611,NA,NA,NA,0.833607215556115
ZNF547,5,0,0,0.709801237600473,NA,NA,NA,0.833660578372692
SEPT9,2,0,0,0.710404197798473,NA,NA,NA,0.83366834728284
NUP50,7,0,0,0.710585144763611,NA,NA,NA,0.833719518184767
CYSTM1,7,0,0,0.710404197798473,NA,NA,NA,0.833730531043505
LYPLA1,5,0,0,0.709801237600473,NA,NA,NA,0.833828873465821
ZNF143,6,0,0,0.710404197798473,NA,NA,NA,0.833898934018263
ADPRM,5,0,0,0.709801237600473,NA,NA,NA,0.834083790022214
NUSAP1,10,0,0,0.709801237600473,NA,NA,NA,0.834301749193974
CAAP1,16,0,0,0.711261246971206,NA,NA,NA,0.83447083692833
GPCPD1,6,0,0,0.712164327498805,NA,NA,NA,0.835301296374949
PDCD10,18,0,0,0.712164327498805,NA,NA,NA,0.835458696884507
TOP2A,4,0,0,0.712164327498805,NA,NA,NA,0.835571439578513
COX6C,13,0,0,0.712164327498805,NA,NA,NA,0.83562245974829
ZNF675,7,0,0,0.712569177925647,NA,NA,NA,0.8357515563486
ZC3HAV1,6,0,0,0.712903230848983,NA,NA,NA,0.836107178148538
CGRRF1,14,0,0,0.713064151610908,NA,NA,NA,0.836542821349439
C21orf91,7,0,0,0.713934997647017,NA,NA,NA,0.837471489216235
VCPIP1,13,0,0,0.714109312376493,NA,NA,NA,0.837556428646596
DPM1,6,0,0,0.714109312376493,NA,NA,NA,0.83774016649176
MTF1,5,0,0,0.714562308438329,NA,NA,NA,0.837872258355103
ACAD11,4,0,0,0.714757511742471,NA,NA,NA,0.838497170737079
ING2,13,0,0,0.715039606165892,NA,NA,NA,0.839161783991857
SPTSSA,8,0,0,0.715224840437401,NA,NA,NA,0.839831077972096
BMP6,6,0,0,0.715847965274278,NA,NA,NA,0.839874405798634
TOR1AIP2,14,0,0,0.715328229549387,NA,NA,NA,0.839964769177707
UMAD1,3,0,0,0.715847965274278,NA,NA,NA,0.840121340791443
ZNF576,8,0,0,0.715847965274278,NA,NA,NA,0.840126681386505
MARCKSL1,3,0,0,0.715892148630518,NA,NA,NA,0.840162901372754
UBA2,10,0,0,0.715847965274278,NA,NA,NA,0.840358992207421
KRT80,2,0,0,0.715847965274278,NA,NA,NA,0.840479182897194
SERAC1,4,0,0,0.716100251990484,NA,NA,NA,0.840678702809132
C16orf58,5,0,0,0.716100251990484,NA,NA,NA,0.841030220978388
TTC37,15,0,0,0.716926787698563,NA,NA,NA,0.842448410456294
PEBP1,6,0,0,0.716926787698563,NA,NA,NA,0.842481725844534
SPATS2L,8,0,0,0.716926787698563,NA,NA,NA,0.842548763126094
RBM3,10,0,0,0.716926787698563,NA,NA,NA,0.842750427545644
NCS1,15,0,0,0.71704307065565,NA,NA,NA,0.842839707153856
ZNF791,12,0,0,0.71704307065565,NA,NA,NA,0.842985965513384
RAD23B,18,0,0,0.717287731231395,NA,NA,NA,0.84316717744114
KIAA1586,9,0,0,0.717467466716481,NA,NA,NA,0.84333909514739
MYDGF,8,0,0,0.717467466716481,NA,NA,NA,0.843403688557692
DRG1,13,0,0,0.717438680653002,NA,NA,NA,0.84344930654519
NIPBL,10,0,0,0.717467466716481,NA,NA,NA,0.843472921742105
PRKCI,9,0,0,0.717438680653002,NA,NA,NA,0.843510621826805
TPP2,9,0,0,0.717438680653002,NA,NA,NA,0.843612284980142
NDUFA5,19,0,0,0.717467466716481,NA,NA,NA,0.843637452821094
EML1,8,0,0,0.717467466716481,NA,NA,NA,0.843659489174145
RFLNB,7,0,0,0.717849065665583,NA,NA,NA,0.843735569303633
FBXO9,6,0,0,0.717438680653002,NA,NA,NA,0.843833610664797
AL161911.1,8,0,0,0.717438680653002,NA,NA,NA,0.843869105602381
SMAD5,13,0,0,0.717438680653002,NA,NA,NA,0.844043141721115
NAP1L1,19,0,0,0.718623684823669,NA,NA,NA,0.844152255667837
PLPP6,9,0,0,0.71853992531485,NA,NA,NA,0.844188468772686
MNAT1,4,0,0,0.71853992531485,NA,NA,NA,0.844310622876971
RAP1B,10,0,0,0.718623684823669,NA,NA,NA,0.844321520141443
ZBTB25,9,0,0,0.718783877605751,NA,NA,NA,0.844487656854657
RANBP17,4,0,0,0.719135126359067,NA,NA,NA,0.844784138969939
COA6,3,0,0,0.719135126359067,NA,NA,NA,0.84491771384668
NAA15,17,0,0,0.719135126359067,NA,NA,NA,0.844972930080158
PLA2G16,4,0,0,0.719826517041472,NA,NA,NA,0.845376997559055
FUT4,4,0,0,0.719826517041472,NA,NA,NA,0.845593732200509
WDR37,8,0,0,0.7197801036255,NA,NA,NA,0.84559679699322
BLOC1S2,7,0,0,0.719826517041472,NA,NA,NA,0.845660786317161
MTF2,12,0,0,0.719826517041472,NA,NA,NA,0.845662559560212
PABPC1,18,0,0,0.719826517041472,NA,NA,NA,0.845679635141943
SPCS2,10,0,0,0.719826517041472,NA,NA,NA,0.845740808830891
ADRB2,7,0,0,0.7197801036255,NA,NA,NA,0.845825734060188
NPHP3,5,0,0,0.719826517041472,NA,NA,NA,0.845912668284834
NOTCH2,10,0,0,0.719826517041472,NA,NA,NA,0.846000191229571
DDX17,12,0,0,0.720688085202832,NA,NA,NA,0.846177910893833
CLPB,20,0,0,0.720688085202832,NA,NA,NA,0.84631912324482
PHF2,3,0,0,0.721151121063023,NA,NA,NA,0.846470881803615
DGKE,13,0,0,0.721151121063023,NA,NA,NA,0.846541204156803
KPNA4,15,0,0,0.721151121063023,NA,NA,NA,0.84660732842453
SPAG1,7,0,0,0.721874807147456,NA,NA,NA,0.847280939439298
PCBP2,21,0,0,0.722464242839244,NA,NA,NA,0.848021043916813
YIPF5,14,0,0,0.7231829919588,NA,NA,NA,0.848502081698043
TCIRG1,6,0,0,0.7231829919588,NA,NA,NA,0.848505262792105
SAMD9L,2,0,0,0.7231829919588,NA,NA,NA,0.848607197809775
TBL2,13,0,0,0.723151749444635,NA,NA,NA,0.848676581586811
NPC1,17,0,0,0.723151749444635,NA,NA,NA,0.848860290692133
HSF2BP,3,0,0,0.723151749444635,NA,NA,NA,0.848899971203895
SLC35B3,8,0,0,0.723151749444635,NA,NA,NA,0.848957776487755
NABP2,2,0,0,0.723151749444635,NA,NA,NA,0.848971544005311
COLGALT1,12,0,0,0.724684191171214,NA,NA,NA,0.849773273089595
SMS,5,0,0,0.724684191171214,NA,NA,NA,0.849867140090922
COG7,2,0,0,0.72460933993949,NA,NA,NA,0.849884320641643
FGF13,2,0,0,0.725036140417017,NA,NA,NA,0.850379819387637
NUDT4,16,0,0,0.725288668901152,NA,NA,NA,0.850500270008638
NSUN6,7,0,0,0.725540003107777,NA,NA,NA,0.850768422269305
ZFC3H1,6,0,0,0.725705954099651,NA,NA,NA,0.850806818467727
MEX3D,5,0,0,0.725979353751778,NA,NA,NA,0.85094683639735
TOP3A,19,0,0,0.726151196315025,NA,NA,NA,0.851288295149153
DNAJB14,8,0,0,0.728164219984833,NA,NA,NA,0.853465391118853
WARS,12,0,0,0.729323399625691,NA,NA,NA,0.854554028349453
UBE2G2,8,0,0,0.729109875627382,NA,NA,NA,0.854591043330954
GABPA,6,0,0,0.729323399625691,NA,NA,NA,0.854779813053503
MAN2A2,7,0,0,0.72942958571146,NA,NA,NA,0.85488612502475
USP22,6,0,0,0.729568664638852,NA,NA,NA,0.85498071821543
GLO1,10,0,0,0.729644458003647,NA,NA,NA,0.855062286407889
SLC22A15,7,0,0,0.729723141981889,NA,NA,NA,0.855072700929622
ROBO1,6,0,0,0.72942958571146,NA,NA,NA,0.855100442845089
MOB3B,6,0,0,0.72942958571146,NA,NA,NA,0.855135159478625
HEATR1,26,0,0,0.729568664638852,NA,NA,NA,0.855162193871705
STAT3,5,0,0,0.729644458003647,NA,NA,NA,0.855283307975905
UBQLN1,13,0,0,0.730199879797127,NA,NA,NA,0.855807388915902
ADH5,13,0,0,0.730735124144771,NA,NA,NA,0.856582550037549
KIF20A,7,0,0,0.730735124144771,NA,NA,NA,0.856646640312904
C21orf59,5,0,0,0.730735124144771,NA,NA,NA,0.856673511141554
TSPAN6,11,0,0,0.730735124144771,NA,NA,NA,0.856735999259649
SDHAF4,8,0,0,0.730735124144771,NA,NA,NA,0.856812377088075
ADAR,6,0,0,0.730735124144771,NA,NA,NA,0.856823942256224
PARPBP,15,0,0,0.730735124144771,NA,NA,NA,0.856856028968329
CYB5R3,7,0,0,0.730735124144771,NA,NA,NA,0.856860765185906
TRIM44,17,0,0,0.730791168674861,NA,NA,NA,0.857159124795708
ANKRD50,10,0,0,0.730791168674861,NA,NA,NA,0.85728097508864
MCPH1,11,0,0,0.730791168674861,NA,NA,NA,0.857320182569159
AHCTF1,6,0,0,0.730791168674861,NA,NA,NA,0.857452453327952
ZNF148,13,0,0,0.730791168674861,NA,NA,NA,0.857473380353274
USP1,10,0,0,0.730791168674861,NA,NA,NA,0.857525911865744
PIP5K1A,3,0,0,0.73086007648791,NA,NA,NA,0.857538273522458
C17orf51,15,0,0,0.730798424605931,NA,NA,NA,0.857599929123108
CTDSPL2,20,0,0,0.730791168674861,NA,NA,NA,0.857748935462075
NR1D2,8,0,0,0.730798424605931,NA,NA,NA,0.857843254000856
PRR5L,5,0,0,0.730798424605931,NA,NA,NA,0.857921086725592
MAD2L2,2,0,0,0.731596318666329,NA,NA,NA,0.858046758182342
IL18BP,3,0,0,0.73196601796383,NA,NA,NA,0.858062783012619
TSEN15,3,0,0,0.731549870838423,NA,NA,NA,0.858242609266285
UBE4B,6,0,0,0.731596318666329,NA,NA,NA,0.8582751019504
FIP1L1,14,0,0,0.73196601796383,NA,NA,NA,0.858299146377454
CALB1,4,0,0,0.73196601796383,NA,NA,NA,0.858343792530912
MARK2,3,0,0,0.731549870838423,NA,NA,NA,0.858375654217787
CASP7,3,0,0,0.73196601796383,NA,NA,NA,0.858557635879812
AKR7A2,11,0,0,0.7321749128538,NA,NA,NA,0.858579410433572
HHIPL2,2,0,0,0.732891420342974,NA,NA,NA,0.859013931570886
EXOSC6,13,0,0,0.732813755008724,NA,NA,NA,0.859060676059113
MYH9,15,0,0,0.733430363855719,NA,NA,NA,0.859693865857074
ATP6V0A4,2,0,0,0.733927264972874,NA,NA,NA,0.859941616262788
FOXC1,6,0,0,0.733912129265479,NA,NA,NA,0.860026791782622
SART3,14,0,0,0.733927264972874,NA,NA,NA,0.860096942119103
RPL34,10,0,0,0.733927264972874,NA,NA,NA,0.860136996640355
UNC50,4,0,0,0.733927264972874,NA,NA,NA,0.860172519855022
GOPC,8,0,0,0.733927264972874,NA,NA,NA,0.860184050253384
GNA12,8,0,0,0.733927264972874,NA,NA,NA,0.860264548843026
INO80D,2,0,0,0.734025882998124,NA,NA,NA,0.86033307460359
CTSB,14,0,0,0.733927264972874,NA,NA,NA,0.860390060477771
BCL7B,2,0,0,0.733927264972874,NA,NA,NA,0.860490814911527
SKP1,21,0,0,0.733927264972874,NA,NA,NA,0.860669877022378
PIBF1,7,0,0,0.735188881208811,NA,NA,NA,0.861659592346549
TMEM50A,8,0,0,0.735574835933877,NA,NA,NA,0.8621933207804
IRX2,7,0,0,0.735860653497436,NA,NA,NA,0.862341249056324
PTEN,28,0,0,0.736476581483613,NA,NA,NA,0.862944493717259
MTPAP,7,0,0,0.736574955967389,NA,NA,NA,0.863062153820353
APTX,11,0,0,0.737963535496967,NA,NA,NA,0.864389043778717
AC108488.2,3,0,0,0.73797431771947,NA,NA,NA,0.864403853576966
RAB6A,10,0,0,0.738253989413501,NA,NA,NA,0.86457306453212
SNX6,5,0,0,0.739029182457027,NA,NA,NA,0.864708161012919
SLC25A3,9,0,0,0.739226606745018,NA,NA,NA,0.864852975036828
RSPRY1,10,0,0,0.739118213045973,NA,NA,NA,0.864872024915704
FAR1,22,0,0,0.738581838797311,NA,NA,NA,0.864897865813362
CD63,6,0,0,0.739029182457027,NA,NA,NA,0.86491186317657
CALD1,11,0,0,0.738908295436432,NA,NA,NA,0.864925989412077
SLC41A2,17,0,0,0.739029182457027,NA,NA,NA,0.864963846266586
ZNF540,2,0,0,0.738784448596437,NA,NA,NA,0.86496692277548
TMEM158,3,0,0,0.738908295436432,NA,NA,NA,0.865074245222563
ADCY9,5,0,0,0.739029182457027,NA,NA,NA,0.865157717268687
ZNF436,5,0,0,0.739696783506997,NA,NA,NA,0.865571484009148
BYSL,9,0,0,0.73987124020262,NA,NA,NA,0.866033776906968
DPY19L3,9,0,0,0.73987124020262,NA,NA,NA,0.866131905861099
DOCK11,8,0,0,0.73987124020262,NA,NA,NA,0.866314624107686
BZW1,13,0,0,0.73987124020262,NA,NA,NA,0.866555422080073
RIC8B,2,0,0,0.74016527803619,NA,NA,NA,0.866795351188533
COPZ1,3,0,0,0.74016527803619,NA,NA,NA,0.866885283997951
PHIP,12,0,0,0.74016527803619,NA,NA,NA,0.867075330790142
THADA,3,0,0,0.740925115303058,NA,NA,NA,0.867466586109941
GGPS1,10,0,0,0.740900889482078,NA,NA,NA,0.867552119570421
SF3B1,5,0,0,0.740925115303058,NA,NA,NA,0.867625449111617
TTLL12,10,0,0,0.740900889482078,NA,NA,NA,0.867765320180869
GNB4,14,0,0,0.741556800750812,NA,NA,NA,0.868213699566734
GCNT2,2,0,0,0.74156890527445,NA,NA,NA,0.868498001915493
WASHC3,5,0,0,0.741974019481618,NA,NA,NA,0.869083308480603
COX19,16,0,0,0.742366663305048,NA,NA,NA,0.86934576885528
PSME3,10,0,0,0.74242390047904,NA,NA,NA,0.869348389147863
FAM13B,11,0,0,0.742366663305048,NA,NA,NA,0.869415065284414
PIP4P2,9,0,0,0.74242390047904,NA,NA,NA,0.869454307192412
CREBZF,20,0,0,0.742737390406262,NA,NA,NA,0.869645118429856
MAP4K5,10,0,0,0.74242390047904,NA,NA,NA,0.869667096955371
LRRC47,7,0,0,0.743287734650165,NA,NA,NA,0.870325247698504
ADGRE2,9,0,0,0.744387859486201,NA,NA,NA,0.871539998727327
C1orf116,9,0,0,0.744934311651956,NA,NA,NA,0.87159263109699
ZNF695,11,0,0,0.744934311651956,NA,NA,NA,0.871697082092103
IRAK1,8,0,0,0.745023219905606,NA,NA,NA,0.871750236234722
FAM207A,3,0,0,0.744934311651956,NA,NA,NA,0.871762013059549
TMEM241,8,0,0,0.744387859486201,NA,NA,NA,0.871763272320569
TIMM17A,14,0,0,0.744934311651956,NA,NA,NA,0.871838994978575
NRP1,9,0,0,0.744930594977156,NA,NA,NA,0.87192400883426
PGK1,24,0,0,0.744934311651956,NA,NA,NA,0.872011793426482
REP15,2,0,0,0.744934311651956,NA,NA,NA,0.872020451456428
ZNF737,7,0,0,0.744934311651956,NA,NA,NA,0.872081797848298
RPS20,4,0,0,0.744934311651956,NA,NA,NA,0.872110553460578
SLC39A6,4,0,0,0.744934311651956,NA,NA,NA,0.872193983228754
EXO1,13,0,0,0.744934311651956,NA,NA,NA,0.872208018032515
THAP9,4,0,0,0.744934311651956,NA,NA,NA,0.872334240412166
L3HYPDH,10,0,0,0.744934311651956,NA,NA,NA,0.872352811873801
UPF1,4,0,0,0.74552053484141,NA,NA,NA,0.872657544915489
TMEM30A,31,0,0,0.745864390861001,NA,NA,NA,0.87297869421281
JPT2,26,0,0,0.746652726342464,NA,NA,NA,0.873410609434976
RALGPS2,19,0,0,0.746943968051407,NA,NA,NA,0.873437917611361
SNIP1,9,0,0,0.747141875283049,NA,NA,NA,0.873500104760161
MAP2K4,8,0,0,0.746652726342464,NA,NA,NA,0.873546319413875
DVL3,4,0,0,0.746943968051407,NA,NA,NA,0.873562761866467
BECN1,7,0,0,0.746652726342464,NA,NA,NA,0.873718235754877
MAPK1IP1L,25,0,0,0.746652726342464,NA,NA,NA,0.873761938934679
SF3B3,19,0,0,0.746652726342464,NA,NA,NA,0.873912120003805
SYNCRIP,31,0,0,0.746652726342464,NA,NA,NA,0.873963093618349
GTPBP10,31,0,0,0.748036702194095,NA,NA,NA,0.874550841539693
TMEM98,5,0,0,0.748036702194095,NA,NA,NA,0.874714246826168
SUV39H2,14,0,0,0.748036702194095,NA,NA,NA,0.874719895563348
TTPAL,16,0,0,0.748036702194095,NA,NA,NA,0.874723026966191
HPS6,4,0,0,0.748036702194095,NA,NA,NA,0.874797695062971
EXOSC2,27,0,0,0.748036702194095,NA,NA,NA,0.87479849358305
CDK19,7,0,0,0.748036702194095,NA,NA,NA,0.874820629937933
PEX13,12,0,0,0.748036702194095,NA,NA,NA,0.874821330696757
TBC1D2,5,0,0,0.748036702194095,NA,NA,NA,0.874829560234677
THAP2,6,0,0,0.748036702194095,NA,NA,NA,0.874852443100792
SPTLC1,12,0,0,0.748036702194095,NA,NA,NA,0.874969270091149
CAMLG,6,0,0,0.748036702194095,NA,NA,NA,0.875041799827887
MPG,3,0,0,0.748713572713387,NA,NA,NA,0.876506474405939
TMED7-TICAM2,11,0,0,0.748914208791256,NA,NA,NA,0.876854213361142
C16orf46,3,0,0,0.749099276873379,NA,NA,NA,0.877002456641595
B3GALNT1,10,0,0,0.749511614151041,NA,NA,NA,0.877466741462873
ETV1,10,0,0,0.749463932677027,NA,NA,NA,0.877544924216202
RAB14,13,0,0,0.749953881714084,NA,NA,NA,0.877647021315513
DRG2,3,0,0,0.749951314642027,NA,NA,NA,0.877751908533857
MDFIC,14,0,0,0.749953881714084,NA,NA,NA,0.877837169800313
PRELID1,6,0,0,0.749953881714084,NA,NA,NA,0.878059190799218
ZBTB7A,14,0,0,0.75096544099856,NA,NA,NA,0.879348410210621
PDCD2,16,0,0,0.751072664955478,NA,NA,NA,0.879594175452501
VPS11,3,0,0,0.752282291696745,NA,NA,NA,0.880646906221879
ZNF74,6,0,0,0.752282291696745,NA,NA,NA,0.880820129518171
RAF1,5,0,0,0.752282291696745,NA,NA,NA,0.88090288712449
RPIA,3,0,0,0.752282291696745,NA,NA,NA,0.881011556591894
KRBOX4,16,0,0,0.752990438769871,NA,NA,NA,0.881306417383957
GSTK1,5,0,0,0.753772988759961,NA,NA,NA,0.881364763410094
MAPKBP1,5,0,0,0.753772988759961,NA,NA,NA,0.881416762537202
ZNF445,13,0,0,0.75345925592698,NA,NA,NA,0.881511756242321
ANXA5,6,0,0,0.753337241021893,NA,NA,NA,0.881521940483164
HMCN1,4,0,0,0.752990438769871,NA,NA,NA,0.881548750319496
CCDC18,3,0,0,0.753772988759961,NA,NA,NA,0.881595999436216
MACO1,8,0,0,0.753772988759961,NA,NA,NA,0.881606726672375
SLC17A5,4,0,0,0.753772988759961,NA,NA,NA,0.881607677215851
PTGS2,8,0,0,0.753325511254865,NA,NA,NA,0.881634058293979
ST6GALNAC6,3,0,0,0.753772988759961,NA,NA,NA,0.881652524637887
CLUAP1,20,0,0,0.752990438769871,NA,NA,NA,0.881727862989412
BACH2,4,0,0,0.752990438769871,NA,NA,NA,0.881761505872279
APOOL,4,0,0,0.753772988759961,NA,NA,NA,0.881781084998806
IQCJ-SCHIP1,2,0,0,0.752990438769871,NA,NA,NA,0.881805063971975
ELOVL6,16,0,0,0.752990438769871,NA,NA,NA,0.881806008612086
UBXN2B,7,0,0,0.753772988759961,NA,NA,NA,0.881843228765984
BTBD1,8,0,0,0.752990438769871,NA,NA,NA,0.881880646018911
DCAF17,3,0,0,0.752990438769871,NA,NA,NA,0.882019817137942
GOLGA7B,4,0,0,0.753772988759961,NA,NA,NA,0.882032143650258
JAK2,9,0,0,0.753772988759961,NA,NA,NA,0.882071297117861
XPO5,13,0,0,0.754482576957013,NA,NA,NA,0.882086891568061
MT2A,5,0,0,0.754482576957013,NA,NA,NA,0.882407072757932
CFI,4,0,0,0.754482576957013,NA,NA,NA,0.882581183680543
PINLYP,3,0,0,0.754482576957013,NA,NA,NA,0.882864510345986
ZFYVE28,3,0,0,0.754744197272922,NA,NA,NA,0.883116000453477
GINS4,18,0,0,0.754744197272922,NA,NA,NA,0.88334590147059
OXA1L,15,0,0,0.755189058610021,NA,NA,NA,0.883380640419648
SNRPD3,13,0,0,0.755189058610021,NA,NA,NA,0.883386332120419
AEBP2,14,0,0,0.755464496883043,NA,NA,NA,0.883584050622644
ABAT,4,0,0,0.755189058610021,NA,NA,NA,0.883609734480876
CTNS,4,0,0,0.755438314814219,NA,NA,NA,0.883682971043894
CAMKK2,8,0,0,0.755694087631492,NA,NA,NA,0.883902960107055
MAPK13,7,0,0,0.755776918037732,NA,NA,NA,0.88428298380116
PROCA1,2,0,0,0.755776918037732,NA,NA,NA,0.884508785536065
WIZ,9,0,0,0.755776918037732,NA,NA,NA,0.88460904386441
RICTOR,7,0,0,0.755776918037732,NA,NA,NA,0.884701356035368
UBE2B,25,0,0,0.756097138937468,NA,NA,NA,0.884741265285281
MRPS35,5,0,0,0.755776918037732,NA,NA,NA,0.884753041360115
RTKN,7,0,0,0.755776918037732,NA,NA,NA,0.884981101551092
MFAP5,10,0,0,0.755776918037732,NA,NA,NA,0.884982422409514
SERPINB1,5,0,0,0.756154290464434,NA,NA,NA,0.885052907274408
GRAMD2B,7,0,0,0.755776918037732,NA,NA,NA,0.885111407216958
SHCBP1,7,0,0,0.755776918037732,NA,NA,NA,0.885121061189652
KLF4,4,0,0,0.755776918037732,NA,NA,NA,0.885176135456155
NOL8,5,0,0,0.755776918037732,NA,NA,NA,0.885221152542711
ADGRL2,7,0,0,0.756628125433339,NA,NA,NA,0.885444414745741
NFRKB,4,0,0,0.756628125433339,NA,NA,NA,0.885466974213656
FRA10AC1,9,0,0,0.756628125433339,NA,NA,NA,0.88553893128708
SEPT7,9,0,0,0.756628125433339,NA,NA,NA,0.885555718968686
TIMM8A,19,0,0,0.756850044245142,NA,NA,NA,0.885574418008603
RCBTB1,4,0,0,0.756850044245142,NA,NA,NA,0.885674561230246
PRR11,5,0,0,0.756628125433339,NA,NA,NA,0.885675218285431
ANAPC7,10,0,0,0.756628125433339,NA,NA,NA,0.885757698207635
ACTL10,4,0,0,0.756850044245142,NA,NA,NA,0.885794327447818
CRYZL1,9,0,0,0.756850044245142,NA,NA,NA,0.885804176801427
RAP2C,9,0,0,0.756850044245142,NA,NA,NA,0.885814616549009
MED9,5,0,0,0.756628125433339,NA,NA,NA,0.885841309410997
NUAK2,3,0,0,0.756628125433339,NA,NA,NA,0.885913673164485
SLC2A8,6,0,0,0.757499902350254,NA,NA,NA,0.885977572416125
FZD5,11,0,0,0.757280337924411,NA,NA,NA,0.885982194063736
NUDCD3,8,0,0,0.756628125433339,NA,NA,NA,0.886025887698791
B3GNT3,7,0,0,0.756850044245142,NA,NA,NA,0.886041720012685
MYL12A,8,0,0,0.756850044245142,NA,NA,NA,0.886059413550416
RNF125,2,0,0,0.756628125433339,NA,NA,NA,0.886087155674916
KCTD3,9,0,0,0.756628125433339,NA,NA,NA,0.88608998805026
MAP3K20,5,0,0,0.757499902350254,NA,NA,NA,0.886111950019699
CCNG1,13,0,0,0.756850044245142,NA,NA,NA,0.886115686126713
POC1A,5,0,0,0.757637668842897,NA,NA,NA,0.886116857434013
NVL,4,0,0,0.756628125433339,NA,NA,NA,0.886126747973811
SSH1,12,0,0,0.756850044245142,NA,NA,NA,0.88619110031748
SFXN2,7,0,0,0.757499902350254,NA,NA,NA,0.886272588007655
MAP2K7,5,0,0,0.75794697534856,NA,NA,NA,0.886277339922077
WDR25,2,0,0,0.756850044245142,NA,NA,NA,0.886319008102223
FNBP1,3,0,0,0.756850044245142,NA,NA,NA,0.886333768193507
FIBCD1,3,0,0,0.757499902350254,NA,NA,NA,0.886398256189145
TMEM117,3,0,0,0.758235822451449,NA,NA,NA,0.88641900748318
ZNF460,29,0,0,0.756850044245142,NA,NA,NA,0.886426304953429
GPATCH4,7,0,0,0.756850044245142,NA,NA,NA,0.886468984033284
EPG5,11,0,0,0.756850044245142,NA,NA,NA,0.886471507930805
DNAJC9,19,0,0,0.757499902350254,NA,NA,NA,0.886506169819905
ACBD3,11,0,0,0.756850044245142,NA,NA,NA,0.886516735325706
SEC31A,9,0,0,0.758346480989747,NA,NA,NA,0.886533296916499
MCC,6,0,0,0.756850044245142,NA,NA,NA,0.886588483233728
HS2ST1,19,0,0,0.758897452151342,NA,NA,NA,0.886598252900884
TCERG1,3,0,0,0.756850044245142,NA,NA,NA,0.886604250504972
ARL1,14,0,0,0.756850044245142,NA,NA,NA,0.886607910020114
UBA1,4,0,0,0.756850044245142,NA,NA,NA,0.886619288077631
ST8SIA4,6,0,0,0.758897452151342,NA,NA,NA,0.886632751865523
HTR1D,7,0,0,0.756850044245142,NA,NA,NA,0.886661825717482
MANF,6,0,0,0.75875662481998,NA,NA,NA,0.886694079269651
TRANK1,2,0,0,0.756850044245142,NA,NA,NA,0.886695234306689
ARG2,4,0,0,0.758884945814753,NA,NA,NA,0.886696553050073
HSPA8,3,0,0,0.75875662481998,NA,NA,NA,0.886701854494161
VAMP8,4,0,0,0.75859428620101,NA,NA,NA,0.886704153143869
DBP,3,0,0,0.756850044245142,NA,NA,NA,0.886738473342575
ASF1B,3,0,0,0.756850044245142,NA,NA,NA,0.886786290751425
NBN,11,0,0,0.75875662481998,NA,NA,NA,0.886810382495321
FANCA,15,0,0,0.75875662481998,NA,NA,NA,0.886839066013689
CINP,13,0,0,0.756850044245142,NA,NA,NA,0.886904806613827
ADIPOR1,4,0,0,0.759194141763054,NA,NA,NA,0.88692217185111
COMTD1,9,0,0,0.756850044245142,NA,NA,NA,0.886946652746685
IRS2,8,0,0,0.756850044245142,NA,NA,NA,0.886990051978261
PRR5,3,0,0,0.756850044245142,NA,NA,NA,0.886997828114216
ZSCAN29,4,0,0,0.756850044245142,NA,NA,NA,0.887113738223157
ARF5,4,0,0,0.756850044245142,NA,NA,NA,0.887179284309875
ARHGAP29,18,0,0,0.759827875918489,NA,NA,NA,0.887248138032743
TMEM14C,6,0,0,0.756850044245142,NA,NA,NA,0.88735252997294
TMEM199,9,0,0,0.756850044245142,NA,NA,NA,0.887360587805277
ARPC5L,6,0,0,0.759827875918489,NA,NA,NA,0.887364018053032
PHF23,11,0,0,0.759608055097429,NA,NA,NA,0.88740801314875
TPX2,12,0,0,0.759826890558026,NA,NA,NA,0.887485194299548
GDAP2,30,0,0,0.759827875918489,NA,NA,NA,0.887548255815155
SRPX2,9,0,0,0.759827875918489,NA,NA,NA,0.887589803575689
HMGB3,9,0,0,0.759827875918489,NA,NA,NA,0.887648803178568
PANK1,5,0,0,0.76013559570691,NA,NA,NA,0.887976183722366
HEG1,11,0,0,0.760235886928404,NA,NA,NA,0.888047763989103
RHOBTB3,3,0,0,0.760235886928404,NA,NA,NA,0.888124802895669
RASAL2,11,0,0,0.760235886928404,NA,NA,NA,0.888127811288468
UBXN8,6,0,0,0.760404407004165,NA,NA,NA,0.888158864391077
KIF24,6,0,0,0.760235886928404,NA,NA,NA,0.888191021544198
SMC4,10,0,0,0.760235886928404,NA,NA,NA,0.888213776624151
ALDH1B1,6,0,0,0.76099602519605,NA,NA,NA,0.888555134931274
TBC1D12,6,0,0,0.76099602519605,NA,NA,NA,0.88880269558828
PAK3,6,0,0,0.761644961014301,NA,NA,NA,0.889017708095773
SLC25A5,10,0,0,0.76099602519605,NA,NA,NA,0.88904922552178
TNIK,9,0,0,0.76099602519605,NA,NA,NA,0.88905471298302
CCNYL1,8,0,0,0.76099602519605,NA,NA,NA,0.88913175224784
TTC7A,9,0,0,0.761644961014301,NA,NA,NA,0.889150477140175
ACVR2A,8,0,0,0.761644961014301,NA,NA,NA,0.889196298942538
DTWD2,16,0,0,0.76099602519605,NA,NA,NA,0.889218604805023
MAPK7,4,0,0,0.761644961014301,NA,NA,NA,0.889347495418122
PIK3CA,15,0,0,0.761796891645956,NA,NA,NA,0.889353780577388
EYA1,3,0,0,0.761644961014301,NA,NA,NA,0.889387208448662
HGSNAT,8,0,0,0.762062973837099,NA,NA,NA,0.889391136110211
GDPGP1,10,0,0,0.762062973837099,NA,NA,NA,0.889535272523257
POLR1A,27,0,0,0.761644961014301,NA,NA,NA,0.889594290870105
RNF149,6,0,0,0.762605004353592,NA,NA,NA,0.889742784313046
COPS2,19,0,0,0.761644961014301,NA,NA,NA,0.88977653493142
ZFAND2A,5,0,0,0.762519156907514,NA,NA,NA,0.889787322729482
COPA,9,0,0,0.761644961014301,NA,NA,NA,0.889790360051514
ASXL2,16,0,0,0.762734564662945,NA,NA,NA,0.889792946374297
ZNF652,4,0,0,0.761644961014301,NA,NA,NA,0.889819180586376
SLC4A7,12,0,0,0.762460499435074,NA,NA,NA,0.889856608381827
UBAP2,6,0,0,0.761644961014301,NA,NA,NA,0.889875725672781
NFIB,17,0,0,0.762734564662945,NA,NA,NA,0.890279090739586
RTL8B,9,0,0,0.762947753396059,NA,NA,NA,0.890372768291428
YEATS4,4,0,0,0.762895908502343,NA,NA,NA,0.890439258681125
SLC25A36,16,0,0,0.762947753396059,NA,NA,NA,0.890731252669962
SLC30A5,15,0,0,0.763074222544246,NA,NA,NA,0.890765663180007
HIBCH,8,0,0,0.76322108998584,NA,NA,NA,0.891002189134307
UCHL5,19,0,0,0.76322108998584,NA,NA,NA,0.891138102052294
CDS2,14,0,0,0.76322108998584,NA,NA,NA,0.891179807544534
TFCP2,8,0,0,0.76322108998584,NA,NA,NA,0.891191805974279
MMGT1,8,0,0,0.76322108998584,NA,NA,NA,0.891265520014519
OXR1,8,0,0,0.764336070507846,NA,NA,NA,0.891307408949463
DENND4C,12,0,0,0.76322108998584,NA,NA,NA,0.89138819691969
POLL,4,0,0,0.76322108998584,NA,NA,NA,0.891439314291631
IQCG,2,0,0,0.764336070507846,NA,NA,NA,0.891494212898877
MRPL30,13,0,0,0.763498785236551,NA,NA,NA,0.891497041053892
MIGA1,9,0,0,0.764336070507846,NA,NA,NA,0.891714000560961
FOXJ3,3,0,0,0.764336070507846,NA,NA,NA,0.891781117838351
ACO2,8,0,0,0.764334607722509,NA,NA,NA,0.891821593250815
DPP9,5,0,0,0.764336070507846,NA,NA,NA,0.891943856657264
ZNF236,7,0,0,0.764949335408802,NA,NA,NA,0.892047724714632
HNRNPK,17,0,0,0.764334607722509,NA,NA,NA,0.89205140089385
ZBTB38,10,0,0,0.764297167026287,NA,NA,NA,0.89209876695873
DEDD,10,0,0,0.764949335408802,NA,NA,NA,0.892296022490709
TDRKH,8,0,0,0.764334607722509,NA,NA,NA,0.892299289896694
PDIA6,13,0,0,0.764334607722509,NA,NA,NA,0.892333736772108
NUP153,9,0,0,0.764334607722509,NA,NA,NA,0.892460239844224
SCAF11,9,0,0,0.764334607722509,NA,NA,NA,0.892575173833543
ST3GAL6,11,0,0,0.764334607722509,NA,NA,NA,0.89258521342072
ME2,7,0,0,0.764334607722509,NA,NA,NA,0.892664769288714
SEMA6A,5,0,0,0.764334607722509,NA,NA,NA,0.892696828516944
DCAF12,4,0,0,0.765736374030559,NA,NA,NA,0.892954662461251
CD2BP2,7,0,0,0.765744585891714,NA,NA,NA,0.893126414557121
ZNF225,10,0,0,0.765736374030559,NA,NA,NA,0.893170896782868
CEP57L1,8,0,0,0.765736374030559,NA,NA,NA,0.893199725358769
CSNK1G2,5,0,0,0.765744585891714,NA,NA,NA,0.893228995627246
QDPR,16,0,0,0.765736374030559,NA,NA,NA,0.893367280476461
LNPEP,6,0,0,0.765736374030559,NA,NA,NA,0.893440837226814
SNX12,12,0,0,0.766246761293046,NA,NA,NA,0.894212692128365
C19orf48,11,0,0,0.766454143747229,NA,NA,NA,0.894408538355182
RSRC2,11,0,0,0.766722683320752,NA,NA,NA,0.894922093917298
GSK3B,12,0,0,0.767008013691621,NA,NA,NA,0.895450524675189
ETNK1,22,0,0,0.76773061520643,NA,NA,NA,0.895540991384
ZNF234,5,0,0,0.76773061520643,NA,NA,NA,0.895622274362298
RABGGTB,7,0,0,0.76773061520643,NA,NA,NA,0.895800350081306
GGA2,16,0,0,0.767998159333546,NA,NA,NA,0.89580469175374
TRIAP1,4,0,0,0.767999601622225,NA,NA,NA,0.89580681272651
PCYOX1,9,0,0,0.767998159333546,NA,NA,NA,0.895823224800074
SNX16,7,0,0,0.767998159333546,NA,NA,NA,0.895851628430087
STRBP,6,0,0,0.76773061520643,NA,NA,NA,0.896048350317769
SOX12,4,0,0,0.767999601622225,NA,NA,NA,0.89616618975951
UBE2Q1,5,0,0,0.76773061520643,NA,NA,NA,0.896279344993208
CLCN6,4,0,0,0.76773061520643,NA,NA,NA,0.896410766215552
LAMTOR5,4,0,0,0.76773061520643,NA,NA,NA,0.896510076989606
SFXN1,17,0,0,0.767999601622225,NA,NA,NA,0.896532426442135
POP7,3,0,0,0.76773061520643,NA,NA,NA,0.896541171149442
WDR63,2,0,0,0.76773061520643,NA,NA,NA,0.896658236193847
EID1,17,0,0,0.76773061520643,NA,NA,NA,0.89676317195536
RNF103-CHMP3,11,0,0,0.76773061520643,NA,NA,NA,0.896801497226286
NPAS2,4,0,0,0.767999601622225,NA,NA,NA,0.896872592998826
XRCC2,18,0,0,0.76773061520643,NA,NA,NA,0.896953694961542
HEBP1,3,0,0,0.767999601622225,NA,NA,NA,0.896961370483198
GFM1,10,0,0,0.768024413023516,NA,NA,NA,0.89699815306078
HES7,5,0,0,0.768024413023516,NA,NA,NA,0.897009986503774
YPEL5,8,0,0,0.768024413023516,NA,NA,NA,0.897079935524562
GLIPR1,17,0,0,0.768076803055714,NA,NA,NA,0.897250616452075
SNX2,13,0,0,0.768076803055714,NA,NA,NA,0.8973926817755
IRF2BP2,19,0,0,0.768286767027285,NA,NA,NA,0.897457970993705
C1orf52,13,0,0,0.768076803055714,NA,NA,NA,0.897498352737112
NIT2,18,0,0,0.769004888868879,NA,NA,NA,0.89832343355041
NPHP4,5,0,0,0.769230047880825,NA,NA,NA,0.898438739692834
TWISTNB,12,0,0,0.76962297214999,NA,NA,NA,0.898455682364639
RAI1,5,0,0,0.769622845846852,NA,NA,NA,0.898484009898622
SAMD4A,4,0,0,0.769583815288552,NA,NA,NA,0.898572359304322
SDC2,12,0,0,0.769580194852955,NA,NA,NA,0.898692642766101
ZC2HC1A,4,0,0,0.769455407898958,NA,NA,NA,0.898698452004858
KANSL1L,4,0,0,0.769580194852955,NA,NA,NA,0.898824077274903
UQCC1,8,0,0,0.76932595950076,NA,NA,NA,0.898829149598539
TIMM10B,14,0,0,0.76932595950076,NA,NA,NA,0.898871384289998
RNF7,16,0,0,0.769455407898958,NA,NA,NA,0.89892965124059
PCDHB11,4,0,0,0.76932595950076,NA,NA,NA,0.898935153857063
ZNF713,6,0,0,0.76932595950076,NA,NA,NA,0.898975304105429
SLC9A6,6,0,0,0.76932595950076,NA,NA,NA,0.89905192609433
MAN1A1,4,0,0,0.769877791792978,NA,NA,NA,0.899062160589888
MAPK8,14,0,0,0.76932595950076,NA,NA,NA,0.89926990041645
ZNF549,7,0,0,0.769877791792978,NA,NA,NA,0.899309399123853
PTCHD4,8,0,0,0.770944474898498,NA,NA,NA,0.899437253430065
DPH3,9,0,0,0.77083124714515,NA,NA,NA,0.899442552904439
ZNF70,6,0,0,0.76932595950076,NA,NA,NA,0.899478048554767
RHCE,3,0,0,0.770817128486841,NA,NA,NA,0.899553174434497
FAM135A,13,0,0,0.769877791792978,NA,NA,NA,0.899554459532555
UBXN7,15,0,0,0.76932595950076,NA,NA,NA,0.899562617503818
NSD1,6,0,0,0.769877791792978,NA,NA,NA,0.899779074989019
GMPS,23,0,0,0.770817128486841,NA,NA,NA,0.89978795897997
LIN7C,28,0,0,0.770522426043283,NA,NA,NA,0.899893197917616
KMT2E,10,0,0,0.77079401929951,NA,NA,NA,0.899902642795635
ATXN3,11,0,0,0.769877791792978,NA,NA,NA,0.899904904666166
NEXN,7,0,0,0.769877791792978,NA,NA,NA,0.899949449422696
CAMK2N2,3,0,0,0.770817128486841,NA,NA,NA,0.89997139083928
BVES,5,0,0,0.771137237458926,NA,NA,NA,0.899979919416921
CC2D2A,4,0,0,0.77079401929951,NA,NA,NA,0.900111259019512
FAM46A,6,0,0,0.769877791792978,NA,NA,NA,0.900121089335213
TMEM44,3,0,0,0.769877791792978,NA,NA,NA,0.900138352082345
CDK12,18,0,0,0.770790377750003,NA,NA,NA,0.90014235895043
SRSF6,15,0,0,0.77079401929951,NA,NA,NA,0.900190613016106
NDRG3,9,0,0,0.770759077395353,NA,NA,NA,0.900217967829909
JCAD,5,0,0,0.771574581235455,NA,NA,NA,0.90024885012152
BTG1,8,0,0,0.769877791792978,NA,NA,NA,0.900329406863245
PLAC9,2,0,0,0.769877791792978,NA,NA,NA,0.900347866763699
NMNAT1,8,0,0,0.771692501219944,NA,NA,NA,0.900366070767784
C19orf70,3,0,0,0.769877791792978,NA,NA,NA,0.900462076509193
MOSPD1,5,0,0,0.771692501219944,NA,NA,NA,0.900586855021247
PREB,8,0,0,0.769877791792978,NA,NA,NA,0.900623935884494
ABHD13,12,0,0,0.769877791792978,NA,NA,NA,0.900676003000928
CAD,5,0,0,0.771793233618675,NA,NA,NA,0.900726111560624
AKAP6,7,0,0,0.771692501219944,NA,NA,NA,0.900783710203363
MZT2A,4,0,0,0.769877791792978,NA,NA,NA,0.90081982171953
PCMTD2,11,0,0,0.769877791792978,NA,NA,NA,0.900828739450305
ARMC10,7,0,0,0.771793233618675,NA,NA,NA,0.90084482501237
TRNAU1AP,8,0,0,0.769877791792978,NA,NA,NA,0.900985399238157
SMIM19,9,0,0,0.772510942711522,NA,NA,NA,0.901748841107457
TIMP1,2,0,0,0.772510942711522,NA,NA,NA,0.90192721716106
FRAT2,4,0,0,0.772933025832028,NA,NA,NA,0.902260224705078
SRPK2,21,0,0,0.772917648002151,NA,NA,NA,0.902272703424137
RIT1,12,0,0,0.773761944559457,NA,NA,NA,0.903291975135831
METTL15,5,0,0,0.773761944559457,NA,NA,NA,0.903310330807908
IER5L,4,0,0,0.774203325626037,NA,NA,NA,0.90342515970844
PPM1A,17,0,0,0.773949848181687,NA,NA,NA,0.903438513746121
FAM216A,13,0,0,0.774372086584505,NA,NA,NA,0.903580991290764
CREB3L2,5,0,0,0.773949848181687,NA,NA,NA,0.90365735375303
NAGPA,2,0,0,0.774203325626037,NA,NA,NA,0.903659355467574
GAPVD1,12,0,0,0.774203325626037,NA,NA,NA,0.903682699948479
MTG2,6,0,0,0.774203325626037,NA,NA,NA,0.903712892393128
PHEX,4,0,0,0.774372086584505,NA,NA,NA,0.903727606237783
KIF2A,13,0,0,0.773949848181687,NA,NA,NA,0.90378601783339
THAP7,3,0,0,0.774203325626037,NA,NA,NA,0.903827271171684
SLC16A13,9,0,0,0.774418176566764,NA,NA,NA,0.904044826906254
NR2C2,9,0,0,0.774418176566764,NA,NA,NA,0.904139428669803
PCMTD1,8,0,0,0.774418176566764,NA,NA,NA,0.90415403166047
TBC1D9,7,0,0,0.774418176566764,NA,NA,NA,0.904154900020842
SLC2A6,4,0,0,0.774418176566764,NA,NA,NA,0.904177513047038
TMEM87B,10,0,0,0.774418176566764,NA,NA,NA,0.904186645786149
ORAOV1,7,0,0,0.774726564306937,NA,NA,NA,0.904668711978772
IQGAP2,3,0,0,0.77498719043692,NA,NA,NA,0.904777567508372
OPA3,2,0,0,0.77548126676074,NA,NA,NA,0.905567707819409
C10orf76,4,0,0,0.77548126676074,NA,NA,NA,0.905711382763464
SLC38A7,5,0,0,0.776113616447798,NA,NA,NA,0.906040128283038
SMKR1,2,0,0,0.777562763498375,NA,NA,NA,0.906771379759014
ITGA11,12,0,0,0.777556574465416,NA,NA,NA,0.906834123245538
GINS1,5,0,0,0.778017184925798,NA,NA,NA,0.906998255590753
NCOA3,9,0,0,0.777556574465416,NA,NA,NA,0.907040675515911
PAQR8,8,0,0,0.776992070278597,NA,NA,NA,0.90707721560692
MCTS1,9,0,0,0.778004433680458,NA,NA,NA,0.907111176004571
TBL3,6,0,0,0.777556574465416,NA,NA,NA,0.907117146372494
PRR13,8,0,0,0.778028421312348,NA,NA,NA,0.907134600155861
HMGCR,18,0,0,0.777201078042099,NA,NA,NA,0.907139208515144
SYT12,3,0,0,0.778004433680458,NA,NA,NA,0.907178350240198
ARHGEF5,3,0,0,0.777556574465416,NA,NA,NA,0.907334468647579
PRKAG2,8,0,0,0.777556574465416,NA,NA,NA,0.907567223632261
SRP72,13,0,0,0.778139314270008,NA,NA,NA,0.907733576753614
BRMS1L,6,0,0,0.778139314270008,NA,NA,NA,0.907896885001322
AGAP3,3,0,0,0.778139314270008,NA,NA,NA,0.90816508513586
DSG2,7,0,0,0.778185279872489,NA,NA,NA,0.908178069398537
PBX3,6,0,0,0.778139314270008,NA,NA,NA,0.908276471261438
PSMA5,4,0,0,0.778185279872489,NA,NA,NA,0.908315911054419
RBM18,9,0,0,0.778185279872489,NA,NA,NA,0.908378549627861
SNAP23,12,0,0,0.778185279872489,NA,NA,NA,0.90840186884356
HS3ST3B1,4,0,0,0.778139314270008,NA,NA,NA,0.9085120735904
ROMO1,6,0,0,0.778232197779351,NA,NA,NA,0.908556819507306
N4BP2,6,0,0,0.778232197779351,NA,NA,NA,0.908645298731306
DUSP10,7,0,0,0.778232197779351,NA,NA,NA,0.90866494964978
ATRAID,2,0,0,0.778232197779351,NA,NA,NA,0.908747654419978
SLIRP,13,0,0,0.778232197779351,NA,NA,NA,0.908864592350138
ZNF865,3,0,0,0.778478182077772,NA,NA,NA,0.908912278155792
LRP5,3,0,0,0.778939079605367,NA,NA,NA,0.909072225715779
SPAST,8,0,0,0.778478182077772,NA,NA,NA,0.909085238039571
JUN,12,0,0,0.778997048343876,NA,NA,NA,0.909123256863265
PPIF,3,0,0,0.778478182077772,NA,NA,NA,0.909134312003201
STXBP4,14,0,0,0.778939079605367,NA,NA,NA,0.909304896609095
FTO,5,0,0,0.779218847799977,NA,NA,NA,0.909415531016977
AC092835.1,9,0,0,0.779218847799977,NA,NA,NA,0.909424112097468
TCHP,8,0,0,0.779218847799977,NA,NA,NA,0.909481566913472
CCDC96,2,0,0,0.778939079605367,NA,NA,NA,0.909497022694347
CDC42EP2,10,0,0,0.778939079605367,NA,NA,NA,0.909543842447177
PSEN1,9,0,0,0.779527849181868,NA,NA,NA,0.909959991454053
NCAPG,18,0,0,0.779448437492015,NA,NA,NA,0.9100365767874
RPS6,7,0,0,0.779448437492015,NA,NA,NA,0.9100524818769
GLCE,5,0,0,0.779508832515573,NA,NA,NA,0.910067805532924
SEC23B,13,0,0,0.779788444307056,NA,NA,NA,0.910076909348813
RAD54L,7,0,0,0.779448437492015,NA,NA,NA,0.910128873364516
FAH,5,0,0,0.780161524897207,NA,NA,NA,0.910519327617213
DCBLD2,21,0,0,0.780146466411792,NA,NA,NA,0.910630730805953
BDH2,8,0,0,0.780422182219312,NA,NA,NA,0.9111752158327
SP1,16,0,0,0.78068429864962,NA,NA,NA,0.912214404418243
C9orf3,7,0,0,0.781876572202464,NA,NA,NA,0.913155008852899
BET1L,6,0,0,0.782632127880881,NA,NA,NA,0.913688442816734
CSPP1,4,0,0,0.783080467220222,NA,NA,NA,0.913832915956495
ARL4C,7,0,0,0.782632127880881,NA,NA,NA,0.913851056716702
KARS,9,0,0,0.783099023088318,NA,NA,NA,0.913898492098903
PBRM1,13,0,0,0.783080467220222,NA,NA,NA,0.91404466985741
MFHAS1,5,0,0,0.782632127880881,NA,NA,NA,0.914053161857125
ZNF174,4,0,0,0.783080467220222,NA,NA,NA,0.914059212989752
DNMT3A,8,0,0,0.783188262768186,NA,NA,NA,0.914438822675275
ACTA2,2,0,0,0.78320355530344,NA,NA,NA,0.914550086242588
AGTPBP1,6,0,0,0.783308747778881,NA,NA,NA,0.914694745160524
PQLC2,3,0,0,0.783308747778881,NA,NA,NA,0.914786440331182
LZTS2,2,0,0,0.783308747778881,NA,NA,NA,0.91483457388066
NKRF,7,0,0,0.783308747778881,NA,NA,NA,0.91483742503694
SLC9A8,6,0,0,0.783308747778881,NA,NA,NA,0.914931250588724
SMC6,11,0,0,0.783308747778881,NA,NA,NA,0.914971865584759
F2RL1,8,0,0,0.783308747778881,NA,NA,NA,0.91501768531153
TSN,12,0,0,0.783308747778881,NA,NA,NA,0.915054773963668
RBPJ,14,0,0,0.783308747778881,NA,NA,NA,0.915095067219205
TOMM34,3,0,0,0.783740988869802,NA,NA,NA,0.916211931336373
ZSWIM7,6,0,0,0.783823398073134,NA,NA,NA,0.916283766946186
LIMK2,7,0,0,0.783823398073134,NA,NA,NA,0.916286323227158
KLRG1,3,0,0,0.783823398073134,NA,NA,NA,0.916324467145454
PPP4R3B,9,0,0,0.784354278957493,NA,NA,NA,0.916485477608681
BRD1,4,0,0,0.784354278957493,NA,NA,NA,0.916625922691077
RFT1,23,0,0,0.784608668231009,NA,NA,NA,0.916748114945084
ATXN10,18,0,0,0.784354278957493,NA,NA,NA,0.916802871047762
SUSD1,8,0,0,0.784354278957493,NA,NA,NA,0.917020398060141
EVA1A,4,0,0,0.784354278957493,NA,NA,NA,0.917246373492711
ZNF513,4,0,0,0.784354278957493,NA,NA,NA,0.917247724581016
CHD4,4,0,0,0.784822066814238,NA,NA,NA,0.917375576703472
ACAD8,7,0,0,0.784822066814238,NA,NA,NA,0.917431186008818
PCDH9,3,0,0,0.784907851730395,NA,NA,NA,0.917447146751972
DDX55,5,0,0,0.78547394250911,NA,NA,NA,0.918055995593865
FAM114A1,8,0,0,0.785409025512592,NA,NA,NA,0.918081327033592
IMPA2,6,0,0,0.787286323463789,NA,NA,NA,0.918087004249862
STK17B,11,0,0,0.785810149083781,NA,NA,NA,0.918226976439686
SLC39A13,4,0,0,0.785409025512592,NA,NA,NA,0.918269589003995
RARS,4,0,0,0.787286323463789,NA,NA,NA,0.918306015359732
FAM83F,3,0,0,0.786376790006236,NA,NA,NA,0.91834455961007
FAM161A,2,0,0,0.786110613955643,NA,NA,NA,0.918361690225673
PAOX,4,0,0,0.786265186427874,NA,NA,NA,0.918372090902652
FYTTD1,22,0,0,0.787670854666966,NA,NA,NA,0.918420302532581
PRPF3,7,0,0,0.786444859429725,NA,NA,NA,0.918521394794168
WIPI2,11,0,0,0.787286323463789,NA,NA,NA,0.918543245956179
PHLPP1,5,0,0,0.786110613955643,NA,NA,NA,0.918573978788764
CUL4B,12,0,0,0.787153390013173,NA,NA,NA,0.918618347827983
LYPD3,2,0,0,0.787286323463789,NA,NA,NA,0.918639952249332
TAF1C,7,0,0,0.787057752638062,NA,NA,NA,0.918659969649717
BIRC7,2,0,0,0.7867780630933,NA,NA,NA,0.91867019882084
DNAJB6,2,0,0,0.787286323463789,NA,NA,NA,0.918693400330975
SNX10,4,0,0,0.787286323463789,NA,NA,NA,0.918709503497815
RAB38,4,0,0,0.786692903294124,NA,NA,NA,0.918721116291947
KRI1,5,0,0,0.787286323463789,NA,NA,NA,0.918742873426704
ZRANB3,7,0,0,0.787286323463789,NA,NA,NA,0.918817393087692
CENPL,7,0,0,0.787057752638062,NA,NA,NA,0.918821439684058
DCUN1D5,14,0,0,0.786692903294124,NA,NA,NA,0.918833801920255
LOC100287896,5,0,0,0.787286323463789,NA,NA,NA,0.918859877446673
NSUN4,13,0,0,0.786692903294124,NA,NA,NA,0.918883228577947
MAP3K4,4,0,0,0.786692903294124,NA,NA,NA,0.918886480033179
OPN3,5,0,0,0.787057752638062,NA,NA,NA,0.9189460207551
BCLAF1,18,0,0,0.789111533861729,NA,NA,NA,0.919802482371494
RACGAP1,6,0,0,0.790520274190977,NA,NA,NA,0.919841603720076
ZBTB5,4,0,0,0.790579289493706,NA,NA,NA,0.919887532475954
NEMF,20,0,0,0.790520274190977,NA,NA,NA,0.919917811738502
MXD4,4,0,0,0.790520274190977,NA,NA,NA,0.919927283778914
ENO1,6,0,0,0.790737259124497,NA,NA,NA,0.919991324682343
PPIL2,8,0,0,0.790520274190977,NA,NA,NA,0.92001046703443
TMED2,7,0,0,0.790520274190977,NA,NA,NA,0.920104046235089
ZC3H6,6,0,0,0.790354447993242,NA,NA,NA,0.920112128819357
CENPU,8,0,0,0.790221101903306,NA,NA,NA,0.920120861619371
ZNF221,7,0,0,0.789565606780291,NA,NA,NA,0.92018539659341
MGA,17,0,0,0.790520274190977,NA,NA,NA,0.920271321677168
SARAF,10,0,0,0.790221101903306,NA,NA,NA,0.920313059461308
PEA15,9,0,0,0.789565606780291,NA,NA,NA,0.9203627945126
LMX1B,2,0,0,0.790520274190977,NA,NA,NA,0.920370454657993
C5AR2,4,0,0,0.790520274190977,NA,NA,NA,0.920401619440797
FANCC,10,0,0,0.789565606780291,NA,NA,NA,0.920442904922439
GTSE1,5,0,0,0.790221101903306,NA,NA,NA,0.92052574857806
MAML2,7,0,0,0.790098976147879,NA,NA,NA,0.920527870264742
ZNF780A,6,0,0,0.790520274190977,NA,NA,NA,0.920556968943632
HILPDA,13,0,0,0.790520274190977,NA,NA,NA,0.920580768306285
PSMA1,9,0,0,0.790221101903306,NA,NA,NA,0.920660372661957
HADHA,5,0,0,0.790221101903306,NA,NA,NA,0.920802423666959
SPATA33,7,0,0,0.791716117792506,NA,NA,NA,0.920990369781864
PIGS,2,0,0,0.790221101903306,NA,NA,NA,0.921039269282483
TLK2,6,0,0,0.792139659249584,NA,NA,NA,0.921933458620191
CKAP5,9,0,0,0.792052995250632,NA,NA,NA,0.921940030362529
SRSF2,12,0,0,0.792052995250632,NA,NA,NA,0.922043644251478
HACD2,9,0,0,0.792052995250632,NA,NA,NA,0.922080183628918
DONSON,9,0,0,0.792740310116936,NA,NA,NA,0.922319969004582
TATDN3,7,0,0,0.792694278984388,NA,NA,NA,0.92241972796129
GATA2,4,0,0,0.792740310116936,NA,NA,NA,0.922454751813746
MBNL3,10,0,0,0.793928818759995,NA,NA,NA,0.922821143855917
EXT1,5,0,0,0.793733021969685,NA,NA,NA,0.922908599325146
TOX4,25,0,0,0.794213164640578,NA,NA,NA,0.922922879765503
PPP2R5A,5,0,0,0.793909642616713,NA,NA,NA,0.922930158065275
LARP4,18,0,0,0.793368856502599,NA,NA,NA,0.922968234993896
DENND1B,13,0,0,0.793327054012255,NA,NA,NA,0.923007371949015
TMEM64,11,0,0,0.794191903857619,NA,NA,NA,0.923030032046872
ZCCHC24,7,0,0,0.793588924565546,NA,NA,NA,0.9230345170261
KIAA1671,4,0,0,0.793733021969685,NA,NA,NA,0.923065577807557
TMOD3,24,0,0,0.793327054012255,NA,NA,NA,0.923082098156544
OS9,12,0,0,0.793909642616713,NA,NA,NA,0.923119998063639
GEMIN2,7,0,0,0.794191903857619,NA,NA,NA,0.923234502111351
ELP5,4,0,0,0.794338815764483,NA,NA,NA,0.923262883728797
CDH24,2,0,0,0.794392235259877,NA,NA,NA,0.923302370513256
TTF2,16,0,0,0.794191903857619,NA,NA,NA,0.923446138355937
RHOD,2,0,0,0.794659267901809,NA,NA,NA,0.923480745939903
PCNP,8,0,0,0.795409274729183,NA,NA,NA,0.924438956779434
LIN52,5,0,0,0.795409274729183,NA,NA,NA,0.924581929206758
HACL1,6,0,0,0.795916249399159,NA,NA,NA,0.92466373510323
PPFIBP1,11,0,0,0.796184147356655,NA,NA,NA,0.924678292435784
CMC4,2,0,0,0.795895846304637,NA,NA,NA,0.924722448356537
PARG,4,0,0,0.795812717585007,NA,NA,NA,0.92474783283671
ZBED5,7,0,0,0.795916249399159,NA,NA,NA,0.924823028439304
H1FX,3,0,0,0.796385834732331,NA,NA,NA,0.924846142244439
APCDD1,2,0,0,0.796184147356655,NA,NA,NA,0.924851719710357
C1GALT1C1,16,0,0,0.796547745989878,NA,NA,NA,0.924973818933318
LSM3,12,0,0,0.79663450134071,NA,NA,NA,0.925131803802035
PGRMC1,4,0,0,0.796547745989878,NA,NA,NA,0.92515759309953
RAD18,16,0,0,0.796547745989878,NA,NA,NA,0.925170492818838
CBFB,9,0,0,0.796547745989878,NA,NA,NA,0.925234133673536
ACP1,8,0,0,0.79663450134071,NA,NA,NA,0.925360231752935
RBM15B,14,0,0,0.797099048911619,NA,NA,NA,0.925505722795984
RRP1,10,0,0,0.797055777108087,NA,NA,NA,0.925602098341722
CSTF3,3,0,0,0.797040116209054,NA,NA,NA,0.925609207904963
CRNDE,11,0,0,0.797098648850232,NA,NA,NA,0.925631277893107
TREM1,6,0,0,0.799414776152543,NA,NA,NA,0.925955350128998
AKAP1,9,0,0,0.799252466486514,NA,NA,NA,0.926065994947059
TECPR2,5,0,0,0.799414776152543,NA,NA,NA,0.926098297574668
RSBN1,7,0,0,0.799045854007989,NA,NA,NA,0.926146711656238
MEX3B,2,0,0,0.798956887296001,NA,NA,NA,0.926195362489637
ST3GAL1,4,0,0,0.799252466486514,NA,NA,NA,0.926225334297094
RTL10,12,0,0,0.798180933933167,NA,NA,NA,0.926310781038913
PSMD12,15,0,0,0.798956887296001,NA,NA,NA,0.926347012885589
KDELR3,6,0,0,0.798125405411927,NA,NA,NA,0.926388595444936
TOP2B,7,0,0,0.798427687730982,NA,NA,NA,0.926390662038238
REST,7,0,0,0.798728105107149,NA,NA,NA,0.926419314259696
SCAI,11,0,0,0.799252466486514,NA,NA,NA,0.926452855089908
IL17RA,13,0,0,0.798427687730982,NA,NA,NA,0.926484091129076
LSM14B,4,0,0,0.798562533804455,NA,NA,NA,0.926499347531707
CDC42EP3,13,0,0,0.798879697673868,NA,NA,NA,0.926505834754114
PSMC2,6,0,0,0.798956887296001,NA,NA,NA,0.926538803197138
DHX8,6,0,0,0.798879697673868,NA,NA,NA,0.926565388975248
CUL4A,11,0,0,0.798728105107149,NA,NA,NA,0.926617347608112
APLP2,10,0,0,0.799673495885292,NA,NA,NA,0.926639206840014
NUP155,18,0,0,0.800112232692539,NA,NA,NA,0.927478210104816
CHTOP,20,0,0,0.800226340677588,NA,NA,NA,0.927532169908128
ANKH,9,0,0,0.800226340677588,NA,NA,NA,0.927623168150628
TIMELESS,9,0,0,0.800226340677588,NA,NA,NA,0.927641739064201
CUZD1,2,0,0,0.800720326924655,NA,NA,NA,0.927661691922513
PPP1R21,8,0,0,0.800226340677588,NA,NA,NA,0.927694822340957
YIPF2,6,0,0,0.800470136038458,NA,NA,NA,0.927733797094035
ZNF548,10,0,0,0.800226340677588,NA,NA,NA,0.927767005318506
OVCA2,6,0,0,0.800720326924655,NA,NA,NA,0.927800501144211
RPGR,4,0,0,0.800720326924655,NA,NA,NA,0.927850589127354
ZBTB6,3,0,0,0.800720326924655,NA,NA,NA,0.92798736514509
PRELID3B,11,0,0,0.800720326924655,NA,NA,NA,0.928013745496706
EFNA1,4,0,0,0.800720326924655,NA,NA,NA,0.92803003316624
ZNF24,8,0,0,0.801350248332406,NA,NA,NA,0.928070328526948
CHAF1B,5,0,0,0.80122962937238,NA,NA,NA,0.928092017798548
GYS1,7,0,0,0.801388990439489,NA,NA,NA,0.928094431827399
RUNDC1,18,0,0,0.802323555251882,NA,NA,NA,0.92810690581049
RCHY1,10,0,0,0.802214359013578,NA,NA,NA,0.928207951612923
TLE3,13,0,0,0.802323555251882,NA,NA,NA,0.928272089153692
ARPC1B,13,0,0,0.801882285797365,NA,NA,NA,0.928298680780859
MSN,2,0,0,0.802214359013578,NA,NA,NA,0.928355467281323
MAP1B,7,0,0,0.801882285797365,NA,NA,NA,0.928454593635147
PNRC2,5,0,0,0.801690821974573,NA,NA,NA,0.928520465321208
VDAC3,5,0,0,0.801882285797365,NA,NA,NA,0.928533799689857
PPM1D,7,0,0,0.801544557354655,NA,NA,NA,0.928549130587368
ATP6AP1,6,0,0,0.802214359013578,NA,NA,NA,0.928578068316472
CTPS2,4,0,0,0.801690821974573,NA,NA,NA,0.928645441568286
ZRANB1,20,0,0,0.801882285797365,NA,NA,NA,0.928654841475084
CCZ1,2,0,0,0.801690821974573,NA,NA,NA,0.928725926107404
RBMS1,5,0,0,0.801544557354655,NA,NA,NA,0.928751847927079
NIPAL3,16,0,0,0.801544557354655,NA,NA,NA,0.928905576069091
PELP1,2,0,0,0.801690821974573,NA,NA,NA,0.928919708404367
RAB11FIP4,5,0,0,0.803133838623481,NA,NA,NA,0.929316292295372
ITGB3BP,5,0,0,0.803133838623481,NA,NA,NA,0.929556066132118
TXNDC15,15,0,0,0.803133838623481,NA,NA,NA,0.929609306196975
TRIM59,3,0,0,0.8032534754085,NA,NA,NA,0.929620297903833
USP3,6,0,0,0.803273454935869,NA,NA,NA,0.92994863924982
NRG1,10,0,0,0.803431724347386,NA,NA,NA,0.930046318164596
UBE2E1,9,0,0,0.803273454935869,NA,NA,NA,0.93006934837953
SRGAP3,12,0,0,0.803399124701282,NA,NA,NA,0.930144125375384
CES2,3,0,0,0.803273454935869,NA,NA,NA,0.93016021981303
CCNE2,8,0,0,0.803399124701282,NA,NA,NA,0.930384227601627
SF3A1,12,0,0,0.803399124701282,NA,NA,NA,0.930592373371825
TRIM33,11,0,0,0.803688285152097,NA,NA,NA,0.930811066232834
ISCU,5,0,0,0.803688285152097,NA,NA,NA,0.930814294175051
SRPRB,19,0,0,0.803688285152097,NA,NA,NA,0.930829581783099
WDR3,10,0,0,0.803688285152097,NA,NA,NA,0.930923262327439
METTL5,2,0,0,0.803688285152097,NA,NA,NA,0.9309462507441
U2AF2,4,0,0,0.803688285152097,NA,NA,NA,0.931016953586497
EIF4A2,8,0,0,0.803688285152097,NA,NA,NA,0.931020792981695
LRRC8B,7,0,0,0.803780575006853,NA,NA,NA,0.931039911180244
KIAA0825,2,0,0,0.803857830135282,NA,NA,NA,0.931048681814712
HMGN1,5,0,0,0.803688285152097,NA,NA,NA,0.93114177839563
RPS4X,10,0,0,0.803780575006853,NA,NA,NA,0.931248409599205
MBD4,5,0,0,0.804487249470045,NA,NA,NA,0.931852835432483
KIAA1324L,12,0,0,0.804986146670585,NA,NA,NA,0.932154851454487
PEX2,16,0,0,0.805131983729804,NA,NA,NA,0.932244874081826
ZNF699,3,0,0,0.805182835015145,NA,NA,NA,0.932264908808618
MLXIP,7,0,0,0.805157444886842,NA,NA,NA,0.932369271722722
MLLT3,15,0,0,0.80538233845467,NA,NA,NA,0.932394577062883
EML4,5,0,0,0.805131983729804,NA,NA,NA,0.932443897269697
ERVMER34-1,4,0,0,0.805131983729804,NA,NA,NA,0.932473709599208
SLC9A3,6,0,0,0.805653459274885,NA,NA,NA,0.932758810651242
ATP1B1,8,0,0,0.805787940432846,NA,NA,NA,0.932890318120688
ZNF19,4,0,0,0.805787940432846,NA,NA,NA,0.933100502447147
UQCC2,6,0,0,0.805787940432846,NA,NA,NA,0.933120849665536
FAM227A,7,0,0,0.805787940432846,NA,NA,NA,0.9331940233148
GOLGA3,10,0,0,0.805787940432846,NA,NA,NA,0.93322622871661
ZNF431,3,0,0,0.806059729971419,NA,NA,NA,0.93330128348094
TRIM66,5,0,0,0.805787940432846,NA,NA,NA,0.933357004250941
PLEKHA7,4,0,0,0.805787940432846,NA,NA,NA,0.933389442495938
PBDC1,16,0,0,0.806059729971419,NA,NA,NA,0.93352427021132
GNB1,11,0,0,0.806751159617776,NA,NA,NA,0.933589933880621
SLC6A6,4,0,0,0.806059729971419,NA,NA,NA,0.933634273300216
C8orf44-SGK3,8,0,0,0.806059729971419,NA,NA,NA,0.933638640015255
PRPF19,3,0,0,0.806385584590361,NA,NA,NA,0.933681171016018
TIMM29,5,0,0,0.806059729971419,NA,NA,NA,0.933689663641314
TNFSF14,3,0,0,0.80689069305702,NA,NA,NA,0.933696474614331
RHOA,7,0,0,0.806751159617776,NA,NA,NA,0.933718031114897
PTPMT1,15,0,0,0.806661613565823,NA,NA,NA,0.933791110991863
CCSER2,4,0,0,0.806748492122848,NA,NA,NA,0.933852728904726
HTRA2,5,0,0,0.806895101104694,NA,NA,NA,0.933914042849326
SASS6,6,0,0,0.806751159617776,NA,NA,NA,0.933949944157967
GNAI1,7,0,0,0.807295927037691,NA,NA,NA,0.934117495456691
ATP2B1,9,0,0,0.807547420425102,NA,NA,NA,0.934206167488633
RPL21,13,0,0,0.807295927037691,NA,NA,NA,0.934277308923151
UBE2D2,13,0,0,0.808119048125545,NA,NA,NA,0.93431581577638
PACS2,4,0,0,0.808119048125545,NA,NA,NA,0.93454243269283
DIP2C,4,0,0,0.808181432470454,NA,NA,NA,0.934543177030822
PRPS2,6,0,0,0.808391958458895,NA,NA,NA,0.934586262027154
RTN4RL1,2,0,0,0.808391958458895,NA,NA,NA,0.934629602563268
COL1A2,5,0,0,0.808119048125545,NA,NA,NA,0.934638537893873
UBL4A,4,0,0,0.808391958458895,NA,NA,NA,0.934655885687576
TRIB2,4,0,0,0.808181432470454,NA,NA,NA,0.934682090752001
GJC1,7,0,0,0.808391958458895,NA,NA,NA,0.934712018287267
FECH,16,0,0,0.808278534455522,NA,NA,NA,0.93473851139647
TRMT10C,7,0,0,0.808391958458895,NA,NA,NA,0.934768309445943
BID,15,0,0,0.808278534455522,NA,NA,NA,0.93490981465384
SH2D2A,3,0,0,0.80913171809771,NA,NA,NA,0.935034156767698
ABHD10,5,0,0,0.80913171809771,NA,NA,NA,0.935228786166808
KLHDC10,8,0,0,0.809397697909628,NA,NA,NA,0.935247249806873
RGS5,5,0,0,0.809558775424707,NA,NA,NA,0.935258327545251
JAG1,7,0,0,0.810188288844031,NA,NA,NA,0.936005748167266
SLC25A38,7,0,0,0.810924889518637,NA,NA,NA,0.936901055888188
DNPH1,3,0,0,0.810924889518637,NA,NA,NA,0.937109316309608
PDLIM5,11,0,0,0.810924889518637,NA,NA,NA,0.937133565139712
NATD1,3,0,0,0.810924889518637,NA,NA,NA,0.937181813087929
FANCI,5,0,0,0.810924889518637,NA,NA,NA,0.937255162911784
RBM41,11,0,0,0.810924889518637,NA,NA,NA,0.937308219065463
TFCP2L1,9,0,0,0.810924889518637,NA,NA,NA,0.937400884963007
UQCC3,9,0,0,0.810924889518637,NA,NA,NA,0.937502406959525
RAD51AP1,8,0,0,0.810924889518637,NA,NA,NA,0.937526673829584
CALML4,14,0,0,0.810924889518637,NA,NA,NA,0.937528512083671
CCDC137,5,0,0,0.810924889518637,NA,NA,NA,0.937581214427929
RHOV,4,0,0,0.810924889518637,NA,NA,NA,0.937636845467287
AKT2,8,0,0,0.810924889518637,NA,NA,NA,0.9376459266965
RANBP9,7,0,0,0.810924889518637,NA,NA,NA,0.937660448562207
PDIA3,10,0,0,0.810924889518637,NA,NA,NA,0.937673943817274
TAPT1,7,0,0,0.810924889518637,NA,NA,NA,0.937688047619832
MTIF2,4,0,0,0.810924889518637,NA,NA,NA,0.937693778903771
IAH1,17,0,0,0.810924889518637,NA,NA,NA,0.937751583563691
CCSAP,7,0,0,0.810924889518637,NA,NA,NA,0.937752357259616
EGLN2,2,0,0,0.810924889518637,NA,NA,NA,0.937768092972945
FZD3,22,0,0,0.810924889518637,NA,NA,NA,0.937799912491251
IFRD2,4,0,0,0.810924889518637,NA,NA,NA,0.937820899571433
NFS1,5,0,0,0.810924889518637,NA,NA,NA,0.937893988121747
ABLIM1,11,0,0,0.810924889518637,NA,NA,NA,0.937894994611977
GRAP2,3,0,0,0.810924889518637,NA,NA,NA,0.937895774485046
RPS6KC1,6,0,0,0.810936311349719,NA,NA,NA,0.937942401072141
KIAA1468,9,0,0,0.810924889518637,NA,NA,NA,0.937949647579583
FDX1L,2,0,0,0.810924889518637,NA,NA,NA,0.937969348072532
SIX2,3,0,0,0.810924889518637,NA,NA,NA,0.937973983749449
MTDH,15,0,0,0.81100609230298,NA,NA,NA,0.937975768937434
CD46,12,0,0,0.810924889518637,NA,NA,NA,0.937997843444156
PLCB4,5,0,0,0.810924889518637,NA,NA,NA,0.938002883678307
NCAPG2,15,0,0,0.810924889518637,NA,NA,NA,0.938104701280224
KCTD6,4,0,0,0.81100609230298,NA,NA,NA,0.938117626351929
ELOVL4,5,0,0,0.810924889518637,NA,NA,NA,0.938205090364855
STX12,8,0,0,0.811050340262665,NA,NA,NA,0.938451198307172
MORC3,11,0,0,0.811050340262665,NA,NA,NA,0.9385040628142
ADGRL1,7,0,0,0.811050340262665,NA,NA,NA,0.93907243510049
UBE4A,6,0,0,0.81116178875089,NA,NA,NA,0.939184966105529
ITSN2,2,0,0,0.811432231225755,NA,NA,NA,0.939875892485652
TM4SF1,7,0,0,0.812312533108071,NA,NA,NA,0.940486533325523
MAOA,6,0,0,0.812312533108071,NA,NA,NA,0.940713074724362
CLTC,13,0,0,0.812583886516994,NA,NA,NA,0.940799440450789
AGPAT5,10,0,0,0.812312533108071,NA,NA,NA,0.940862673807902
TPGS1,3,0,0,0.812312533108071,NA,NA,NA,0.940931064695662
SGO2,5,0,0,0.812671073414822,NA,NA,NA,0.941027342669437
UBAP1L,2,0,0,0.812583886516994,NA,NA,NA,0.941041984198009
FBXO17,4,0,0,0.812583886516994,NA,NA,NA,0.941080471212422
SLCO4A1,4,0,0,0.812583886516994,NA,NA,NA,0.941118717053216
MMP24OS,4,0,0,0.812583886516994,NA,NA,NA,0.94115612319856
DAAM1,13,0,0,0.812583886516994,NA,NA,NA,0.941184092670736
CSTF2,6,0,0,0.812583886516994,NA,NA,NA,0.941214992609739
CYB5D2,9,0,0,0.812690797284064,NA,NA,NA,0.941232798762052
ACO1,15,0,0,0.812583886516994,NA,NA,NA,0.941273717393579
SAV1,7,0,0,0.812583886516994,NA,NA,NA,0.941289041400969
WDR92,7,0,0,0.812583886516994,NA,NA,NA,0.941291572641321
RAB11B,8,0,0,0.812690797284064,NA,NA,NA,0.941362415675792
RHBDD2,3,0,0,0.812583886516994,NA,NA,NA,0.941423364867953
DLG1,17,0,0,0.812690797284064,NA,NA,NA,0.94145949606507
DIAPH3,4,0,0,0.81393693773181,NA,NA,NA,0.942577245721466
TMEM189,5,0,0,0.814526175985003,NA,NA,NA,0.943496081158596
ERGIC1,6,0,0,0.814768384690027,NA,NA,NA,0.94366493653006
PRDM2,3,0,0,0.814790731859935,NA,NA,NA,0.943782436347299
VSIR,5,0,0,0.81486418443996,NA,NA,NA,0.94378283382127
AHNAK2,4,0,0,0.814768384690027,NA,NA,NA,0.943880667919241
SSR1,27,0,0,0.814790731859935,NA,NA,NA,0.943922343911819
NOC2L,3,0,0,0.814790731859935,NA,NA,NA,0.94396106995167
INTS7,18,0,0,0.814975417026858,NA,NA,NA,0.943967832398186
COMMD10,11,0,0,0.815008525311056,NA,NA,NA,0.944086673763399
MMADHC,18,0,0,0.815415935645679,NA,NA,NA,0.9444124728978
STS,6,0,0,0.815430426121588,NA,NA,NA,0.944496842253715
HIPK1,8,0,0,0.815420577901722,NA,NA,NA,0.944520772453011
XRCC3,8,0,0,0.816505252460068,NA,NA,NA,0.944857185433757
GALNT3,5,0,0,0.815892640858535,NA,NA,NA,0.944868551546886
CLIC2,3,0,0,0.816505252460068,NA,NA,NA,0.945059056957386
RAD51,10,0,0,0.816505252460068,NA,NA,NA,0.945127996578186
SLC47A1,4,0,0,0.816351655689168,NA,NA,NA,0.945237326195246
SENP6,14,0,0,0.816505252460068,NA,NA,NA,0.945243028584076
FEM1A,5,0,0,0.816505252460068,NA,NA,NA,0.945267889675949
SEC14L2,11,0,0,0.816874828808979,NA,NA,NA,0.945445391153768
MIS12,7,0,0,0.816832608838302,NA,NA,NA,0.945454530056231
MTBP,3,0,0,0.816505252460068,NA,NA,NA,0.945462299912787
RSL24D1,11,0,0,0.816505252460068,NA,NA,NA,0.945464120829677
HAUS8,3,0,0,0.816505252460068,NA,NA,NA,0.945548588719958
SMIM4,4,0,0,0.816505252460068,NA,NA,NA,0.945764393365127
RPL26L1,3,0,0,0.817124375302974,NA,NA,NA,0.946067295225227
BCKDK,8,0,0,0.817157185841789,NA,NA,NA,0.946282439352911
RPN2,5,0,0,0.817143149893143,NA,NA,NA,0.946448464424971
TUBGCP4,13,0,0,0.817143149893143,NA,NA,NA,0.946482966719332
PNRC1,9,0,0,0.817157185841789,NA,NA,NA,0.946501262252551
UQCRB,15,0,0,0.817143149893143,NA,NA,NA,0.946509330079462
POLA2,9,0,0,0.817143149893143,NA,NA,NA,0.946525968940423
THRA,4,0,0,0.817143149893143,NA,NA,NA,0.946550229143046
ITPRIPL2,15,0,0,0.817143149893143,NA,NA,NA,0.946625227261383
NFKBIZ,4,0,0,0.817143149893143,NA,NA,NA,0.946631570276324
MSL2,4,0,0,0.817143149893143,NA,NA,NA,0.946668626944284
TUBD1,4,0,0,0.817143149893143,NA,NA,NA,0.946688355312923
DCUN1D2,6,0,0,0.817143149893143,NA,NA,NA,0.946717778805311
CCDC93,6,0,0,0.817143149893143,NA,NA,NA,0.946813648851058
TMEM198,3,0,0,0.817143149893143,NA,NA,NA,0.946863614029785
DNAJC21,12,0,0,0.817342132425881,NA,NA,NA,0.946956768726932
NUP160,7,0,0,0.817501160498766,NA,NA,NA,0.946962787247326
GLT8D1,4,0,0,0.817687108271643,NA,NA,NA,0.946991438872883
TUBB3,2,0,0,0.818029776229156,NA,NA,NA,0.947178389334187
GK5,15,0,0,0.818029776229156,NA,NA,NA,0.94722176537123
FASTKD1,7,0,0,0.818029776229156,NA,NA,NA,0.947425153297056
SFXN3,3,0,0,0.818188520013027,NA,NA,NA,0.947568750404462
UCK2,12,0,0,0.818188520013027,NA,NA,NA,0.94762364641509
MPZL2,5,0,0,0.818029776229156,NA,NA,NA,0.947631287727348
ZNF92,3,0,0,0.818188520013027,NA,NA,NA,0.947645607915892
ZNF417,10,0,0,0.818188520013027,NA,NA,NA,0.947693732204134
C14orf119,6,0,0,0.818188520013027,NA,NA,NA,0.947781782440189
SLC31A1,11,0,0,0.81826818497846,NA,NA,NA,0.948134533772754
UBE2J2,5,0,0,0.819022306548453,NA,NA,NA,0.948792683308251
SEC61A1,10,0,0,0.819022306548453,NA,NA,NA,0.949011311788985
TAF3,7,0,0,0.818979543591961,NA,NA,NA,0.949032633032456
OSTM1,15,0,0,0.819183149442359,NA,NA,NA,0.949034698440073
POLR3K,12,0,0,0.819022306548453,NA,NA,NA,0.949056728655314
SACM1L,9,0,0,0.819022306548453,NA,NA,NA,0.949158213033578
ZCRB1,6,0,0,0.819022306548453,NA,NA,NA,0.949214648306106
GOLPH3,6,0,0,0.819022306548453,NA,NA,NA,0.949362094434996
ALG13,3,0,0,0.819183149442359,NA,NA,NA,0.949380638376473
NEDD9,5,0,0,0.819644466218358,NA,NA,NA,0.949398084694248
KRAS,9,0,0,0.819022306548453,NA,NA,NA,0.949410107082737
ATAD2,11,0,0,0.819183149442359,NA,NA,NA,0.949545194081943
SYPL1,12,0,0,0.819183149442359,NA,NA,NA,0.949551760352591
HELLS,24,0,0,0.819644466218358,NA,NA,NA,0.949569018105915
TIMMDC1,6,0,0,0.819022306548453,NA,NA,NA,0.949577307239471
HDDC3,3,0,0,0.819183149442359,NA,NA,NA,0.949699322231158
UBE2V2,24,0,0,0.819644466218358,NA,NA,NA,0.94976760430417
YBX3,10,0,0,0.819183149442359,NA,NA,NA,0.949893086089503
VAPA,18,0,0,0.819644466218358,NA,NA,NA,0.949905406532418
ABTB1,3,0,0,0.819644466218358,NA,NA,NA,0.949946304366116
USP6NL,27,0,0,0.81985753431828,NA,NA,NA,0.9499798093043
MAP3K12,12,0,0,0.821054338741682,NA,NA,NA,0.951734209256672
MPV17L2,3,0,0,0.821223613904636,NA,NA,NA,0.951822994820037
ZNF711,6,0,0,0.821472930729291,NA,NA,NA,0.951858335954873
SOS2,8,0,0,0.821690997027559,NA,NA,NA,0.951912328472241
UBA52,8,0,0,0.821472930729291,NA,NA,NA,0.95198578129046
CA12,10,0,0,0.821472930729291,NA,NA,NA,0.952050700257407
VMP1,14,0,0,0.822912258420015,NA,NA,NA,0.952366963368497
ZNF440,3,0,0,0.822572410147256,NA,NA,NA,0.952369898696132
RSF1,12,0,0,0.823121362266937,NA,NA,NA,0.95245900064766
FSTL1,9,0,0,0.823230830588457,NA,NA,NA,0.952521095271186
PPP3CB,7,0,0,0.822463206986133,NA,NA,NA,0.952535639596512
SDHAF2,12,0,0,0.822572410147256,NA,NA,NA,0.952547834730027
COX20,19,0,0,0.822912258420015,NA,NA,NA,0.952571149993496
ADSS,12,0,0,0.822912258420015,NA,NA,NA,0.952658891114765
ATL1,5,0,0,0.823523863301225,NA,NA,NA,0.952703392431178
PGBD2,7,0,0,0.822912258420015,NA,NA,NA,0.952819866407123
RITA1,9,0,0,0.822912258420015,NA,NA,NA,0.952897986927559
SH3BP2,5,0,0,0.823908009284434,NA,NA,NA,0.953052301277162
ARHGAP5,22,0,0,0.822912258420015,NA,NA,NA,0.953093826120237
KATNA1,2,0,0,0.822912258420015,NA,NA,NA,0.953112319602023
INO80,2,0,0,0.822912258420015,NA,NA,NA,0.953182917775596
FGFR2,7,0,0,0.824239838987105,NA,NA,NA,0.953546530125444
VEGFC,11,0,0,0.824756474988302,NA,NA,NA,0.953849853419946
RBBP9,11,0,0,0.824701443374759,NA,NA,NA,0.9539325373656
RAB29,6,0,0,0.825219829998747,NA,NA,NA,0.954546912052984
GOSR1,7,0,0,0.825271991655565,NA,NA,NA,0.954578000237642
TOMM7,5,0,0,0.825352776845786,NA,NA,NA,0.954604048714671
POMK,16,0,0,0.825432962392229,NA,NA,NA,0.954742610965642
FBXO18,2,0,0,0.825219829998747,NA,NA,NA,0.954779070114348
REPS2,6,0,0,0.825352776845786,NA,NA,NA,0.954806053126026
STIM2,8,0,0,0.825352776845786,NA,NA,NA,0.954839804689214
CHFR,12,0,0,0.825352776845786,NA,NA,NA,0.954996400609814
ENY2,10,0,0,0.826069399928934,NA,NA,NA,0.95523440133307
SELENOP,5,0,0,0.826034265691687,NA,NA,NA,0.955319449043079
ACSL3,15,0,0,0.826386247824791,NA,NA,NA,0.95563623409472
ATPAF2,7,0,0,0.82654651597368,NA,NA,NA,0.9556407039816
IFI30,3,0,0,0.826386247824791,NA,NA,NA,0.955725426689149
CREB3L4,6,0,0,0.826885284616997,NA,NA,NA,0.955745571308487
RPS25,6,0,0,0.826735981953683,NA,NA,NA,0.955774211401516
AKAP7,3,0,0,0.826885284616997,NA,NA,NA,0.955920993714841
KANK4,3,0,0,0.826386247824791,NA,NA,NA,0.955934123837652
RPA3,4,0,0,0.827221230113089,NA,NA,NA,0.955976495582758
MARCKS,13,0,0,0.827221230113089,NA,NA,NA,0.956125391675415
XXYLT1,5,0,0,0.827678378187093,NA,NA,NA,0.956331815568948
PIN1,2,0,0,0.828759950191589,NA,NA,NA,0.957309320928808
FAM151B,6,0,0,0.829422796430847,NA,NA,NA,0.957939012209419
ETFDH,6,0,0,0.830417376716777,NA,NA,NA,0.958947612048227
GPN3,7,0,0,0.831102569940678,NA,NA,NA,0.959073502971073
NOV,4,0,0,0.831266089596871,NA,NA,NA,0.959210027767127
AC233723.1,2,0,0,0.831266089596871,NA,NA,NA,0.959232883362625
FAM126B,11,0,0,0.831102569940678,NA,NA,NA,0.959274402740533
PTPA,6,0,0,0.830684199134,NA,NA,NA,0.959335077168622
KLHL9,9,0,0,0.831266089596871,NA,NA,NA,0.959413593665553
MARCH2,2,0,0,0.831102569940678,NA,NA,NA,0.959455303641498
SCAP,3,0,0,0.831102569940678,NA,NA,NA,0.95946518866081
FNIP2,5,0,0,0.830684199134,NA,NA,NA,0.959524539231978
TSG101,7,0,0,0.830684199134,NA,NA,NA,0.959559039375682
NDUFB11,3,0,0,0.830684199134,NA,NA,NA,0.959574325489906
MTPN,9,0,0,0.831027770296433,NA,NA,NA,0.959579130196432
PHKA2,13,0,0,0.830931450148537,NA,NA,NA,0.959586729160299
PTDSS1,7,0,0,0.831102569940678,NA,NA,NA,0.959606036076491
ZMYM6,4,0,0,0.830684199134,NA,NA,NA,0.959622650388428
GTF2F1,12,0,0,0.830684199134,NA,NA,NA,0.959629912015623
MKLN1,14,0,0,0.830684199134,NA,NA,NA,0.959651433769647
MMS22L,5,0,0,0.830960092486116,NA,NA,NA,0.959652283485961
PMS1,5,0,0,0.830931450148537,NA,NA,NA,0.959716781780352
OCIAD1,8,0,0,0.830960092486116,NA,NA,NA,0.959721157012537
MCCC2,3,0,0,0.831700768435809,NA,NA,NA,0.959723722159974
WASF1,6,0,0,0.830931450148537,NA,NA,NA,0.959732407353896
CCDC59,5,0,0,0.830928800165997,NA,NA,NA,0.959764957842547
LYSMD1,5,0,0,0.830960092486116,NA,NA,NA,0.959782077251738
PRMT9,6,0,0,0.830960092486116,NA,NA,NA,0.959787594679571
CHD6,13,0,0,0.831102569940678,NA,NA,NA,0.959836646510777
DOT1L,6,0,0,0.830928800165997,NA,NA,NA,0.959931677805107
SERPINH1,6,0,0,0.831700768435809,NA,NA,NA,0.9599454120542
CXCL5,3,0,0,0.830931450148537,NA,NA,NA,0.959947145673654
SH2D4A,11,0,0,0.830931450148537,NA,NA,NA,0.959988473822793
TGM2,4,0,0,0.830931450148537,NA,NA,NA,0.960022515435052
COQ7,20,0,0,0.831747136823735,NA,NA,NA,0.960027429476661
DNPEP,14,0,0,0.830931450148537,NA,NA,NA,0.960040947962467
LYPD5,5,0,0,0.830928800165997,NA,NA,NA,0.9600707973484
MCTP2,11,0,0,0.830928800165997,NA,NA,NA,0.960094220580121
OAT,2,0,0,0.830931450148537,NA,NA,NA,0.960105400944151
HMGN2,5,0,0,0.830931450148537,NA,NA,NA,0.960134896657741
SNRPN,2,0,0,0.830928800165997,NA,NA,NA,0.960166902080632
PTS,7,0,0,0.830931450148537,NA,NA,NA,0.96017979291719
SGO1,8,0,0,0.830931450148537,NA,NA,NA,0.960213071516064
RAD21,3,0,0,0.830928800165997,NA,NA,NA,0.960252666674775
F8,3,0,0,0.832045019152267,NA,NA,NA,0.960255500069234
COL18A1,4,0,0,0.830928800165997,NA,NA,NA,0.960282987124877
SLC30A6,21,0,0,0.830931450148537,NA,NA,NA,0.960319913575315
KIAA2026,10,0,0,0.830928800165997,NA,NA,NA,0.96033437201667
CBLB,5,0,0,0.832307299599884,NA,NA,NA,0.960376556040626
C4orf19,4,0,0,0.832307299599884,NA,NA,NA,0.960394413005139
ULK4,3,0,0,0.830931450148537,NA,NA,NA,0.960409776503803
EEF1B2,3,0,0,0.830928800165997,NA,NA,NA,0.960461570776617
CCT5,8,0,0,0.832045019152267,NA,NA,NA,0.960466665599678
MCRIP1,3,0,0,0.830928800165997,NA,NA,NA,0.960515808226999
KDM6A,9,0,0,0.832577737091964,NA,NA,NA,0.960614166950846
TROVE2,3,0,0,0.830928800165997,NA,NA,NA,0.960636524759762
PRR16,4,0,0,0.832718280833761,NA,NA,NA,0.960997203489502
CDC42SE1,11,0,0,0.832718280833761,NA,NA,NA,0.961022718147621
WRN,7,0,0,0.832718280833761,NA,NA,NA,0.961167953326442
CDK9,12,0,0,0.832718280833761,NA,NA,NA,0.961184197137788
PTMS,4,0,0,0.832718280833761,NA,NA,NA,0.961227904600533
LIG3,14,0,0,0.833095127825589,NA,NA,NA,0.961260645173056
PSMC6,7,0,0,0.832718280833761,NA,NA,NA,0.961297075731068
UBE2D3,18,0,0,0.834130644352247,NA,NA,NA,0.961721025012267
STAT5B,7,0,0,0.834130644352247,NA,NA,NA,0.961878241379854
CNOT8,5,0,0,0.834130644352247,NA,NA,NA,0.961948324012459
UBALD2,5,0,0,0.834228365892052,NA,NA,NA,0.962048790964984
NIPSNAP1,3,0,0,0.834130644352247,NA,NA,NA,0.962070466651388
HELZ,18,0,0,0.834130644352247,NA,NA,NA,0.962072973284684
PYROXD1,9,0,0,0.834118681629051,NA,NA,NA,0.962074294021994
ANXA2,9,0,0,0.834738243430929,NA,NA,NA,0.96237189604524
CENPA,12,0,0,0.834660665282912,NA,NA,NA,0.962375562600947
NUDCD1,9,0,0,0.834660665282912,NA,NA,NA,0.962544147131922
NECAP1,3,0,0,0.834575488218428,NA,NA,NA,0.962544205389298
PDCL3,7,0,0,0.834989626482601,NA,NA,NA,0.962763945083663
CEP164,4,0,0,0.835013389736376,NA,NA,NA,0.962954266789433
CENPC,11,0,0,0.835758093281417,NA,NA,NA,0.964100440535786
NEIL3,18,0,0,0.836482787623868,NA,NA,NA,0.965705917157375
SSH2,8,0,0,0.836482787623868,NA,NA,NA,0.965790239643644
SP4,10,0,0,0.836482787623868,NA,NA,NA,0.965870369885932
ITGA1,19,0,0,0.836482787623868,NA,NA,NA,0.965944267598064
SYNE2,9,0,0,0.836482787623868,NA,NA,NA,0.966010723532818
TMTC3,11,0,0,0.836482787623868,NA,NA,NA,0.966012313361174
TACC1,11,0,0,0.836482787623868,NA,NA,NA,0.966217977769421
USP37,6,0,0,0.837366545783313,NA,NA,NA,0.966358694331535
AHCYL2,4,0,0,0.837235092838115,NA,NA,NA,0.966456026733373
SYT7,7,0,0,0.837366545783313,NA,NA,NA,0.966578996809372
GRPEL1,13,0,0,0.837530146677687,NA,NA,NA,0.966652843095219
BICD2,5,0,0,0.837366545783313,NA,NA,NA,0.966768891231194
CEP89,3,0,0,0.837530146677687,NA,NA,NA,0.966830411082803
CHST15,14,0,0,0.837530146677687,NA,NA,NA,0.966830589957092
LETM2,10,0,0,0.837599619003612,NA,NA,NA,0.966842912333888
VPS39,9,0,0,0.837366545783313,NA,NA,NA,0.966933190155016
ELP2,15,0,0,0.837530146677687,NA,NA,NA,0.966974902514358
PDE7A,12,0,0,0.837599619003612,NA,NA,NA,0.96698334867309
DIABLO,12,0,0,0.837599619003612,NA,NA,NA,0.967002698032029
HIST1H4E,3,0,0,0.837530146677687,NA,NA,NA,0.967030785710511
ESCO1,4,0,0,0.837530146677687,NA,NA,NA,0.967058516830307
SCD5,7,0,0,0.837530146677687,NA,NA,NA,0.9671690068851
SYNC,12,0,0,0.837530146677687,NA,NA,NA,0.967240317913521
TOPBP1,7,0,0,0.837927483992218,NA,NA,NA,0.967783919569466
NOX4,3,0,0,0.837968156918818,NA,NA,NA,0.967857806955494
ZC3H13,9,0,0,0.837968156918818,NA,NA,NA,0.968042244397466
ZCCHC9,3,0,0,0.838172943242897,NA,NA,NA,0.968265783154797
ZNF558,4,0,0,0.83813098088055,NA,NA,NA,0.968269850005743
HNRNPR,16,0,0,0.838226703438174,NA,NA,NA,0.968379738513141
MEF2D,7,0,0,0.838327682987918,NA,NA,NA,0.968401896415355
ANP32E,10,0,0,0.83851391052857,NA,NA,NA,0.968423702783853
VAMP2,4,0,0,0.838302219857481,NA,NA,NA,0.968436266936093
MRM3,6,0,0,0.839437372492219,NA,NA,NA,0.969380719195781
KIF5B,20,0,0,0.839938166970718,NA,NA,NA,0.970560499434371
GID8,12,0,0,0.839938166970718,NA,NA,NA,0.970640035059474
ACAT2,15,0,0,0.839938166970718,NA,NA,NA,0.970641358347182
OFD1,6,0,0,0.839938166970718,NA,NA,NA,0.970648077485929
NONO,4,0,0,0.839938166970718,NA,NA,NA,0.971229645440323
IFT52,4,0,0,0.840731484632839,NA,NA,NA,0.971261228625856
CDK6,12,0,0,0.840076956776272,NA,NA,NA,0.971341056007326
P2RY11,4,0,0,0.839938166970718,NA,NA,NA,0.971408169209037
CA5B,10,0,0,0.839938166970718,NA,NA,NA,0.971431266047831
ITGA3,7,0,0,0.839938166970718,NA,NA,NA,0.971439463262494
ALG1L,2,0,0,0.839938166970718,NA,NA,NA,0.971445653144918
C12orf4,12,0,0,0.839938166970718,NA,NA,NA,0.971458706776386
C18orf21,10,0,0,0.840731484632839,NA,NA,NA,0.971466161029816
CDH13,6,0,0,0.840826578279083,NA,NA,NA,0.971475759985771
MTMR2,15,0,0,0.840907701897478,NA,NA,NA,0.971536913301246
FAM173A,2,0,0,0.839938166970718,NA,NA,NA,0.971545958445869
SH3D19,18,0,0,0.839938166970718,NA,NA,NA,0.971547774686463
C7orf55-LUC7L2,11,0,0,0.839938166970718,NA,NA,NA,0.971548421543479
KAT5,2,0,0,0.839938166970718,NA,NA,NA,0.971561114029184
POLE,4,0,0,0.840731484632839,NA,NA,NA,0.971628240728343
PAX9,11,0,0,0.839938166970718,NA,NA,NA,0.9716441081828
DPYSL3,5,0,0,0.839938166970718,NA,NA,NA,0.971672541556296
GAS8,3,0,0,0.841045420041898,NA,NA,NA,0.971714848842296
DNAJC10,25,0,0,0.840394233284094,NA,NA,NA,0.971733254859445
ANK3,8,0,0,0.840731484632839,NA,NA,NA,0.971754051668057
MOV10,9,0,0,0.839938166970718,NA,NA,NA,0.971754876545161
FDXACB1,6,0,0,0.839938166970718,NA,NA,NA,0.971770152860853
EVC,23,0,0,0.840622452167902,NA,NA,NA,0.971788178532041
TWSG1,11,0,0,0.840731484632839,NA,NA,NA,0.971847470892303
PLA2G4A,4,0,0,0.839938166970718,NA,NA,NA,0.971864954659719
NDRG1,6,0,0,0.840731484632839,NA,NA,NA,0.97188513391382
DNAJC13,5,0,0,0.839938166970718,NA,NA,NA,0.971894098975296
MITF,6,0,0,0.840394233284094,NA,NA,NA,0.971927258025576
ORC4,15,0,0,0.840731484632839,NA,NA,NA,0.97194474479874
SLC12A6,7,0,0,0.839938166970718,NA,NA,NA,0.971972449926333
METTL9,5,0,0,0.839938166970718,NA,NA,NA,0.971972728844014
ZNF226,5,0,0,0.840731484632839,NA,NA,NA,0.971983623671507
EEF1A1,11,0,0,0.840731484632839,NA,NA,NA,0.972056461382198
BRD3,8,0,0,0.840731484632839,NA,NA,NA,0.972080148184857
ARHGEF40,4,0,0,0.842007223384451,NA,NA,NA,0.972659655618488
CBARP,2,0,0,0.842099728012742,NA,NA,NA,0.972806363058694
ZCCHC8,7,0,0,0.842099728012742,NA,NA,NA,0.972818997248884
CORO6,3,0,0,0.842099728012742,NA,NA,NA,0.972909802221723
PINX1,4,0,0,0.842099728012742,NA,NA,NA,0.972964770625696
MYO1B,9,0,0,0.842144481324092,NA,NA,NA,0.972968153547807
WDR82,15,0,0,0.842144481324092,NA,NA,NA,0.973164545978511
EPHX4,3,0,0,0.842896685546523,NA,NA,NA,0.97334675153966
CDC14A,3,0,0,0.842581968606973,NA,NA,NA,0.97335328205163
IQCE,7,0,0,0.842581968606973,NA,NA,NA,0.973417704168232
KMT2A,12,0,0,0.842581968606973,NA,NA,NA,0.973493205695387
INCENP,21,0,0,0.842581968606973,NA,NA,NA,0.973559843240113
IRAK4,8,0,0,0.842896685546523,NA,NA,NA,0.97356684104607
N4BP1,6,0,0,0.843295902455025,NA,NA,NA,0.973580412189996
ALG6,10,0,0,0.843277952195564,NA,NA,NA,0.973612501293368
MAP6D1,5,0,0,0.842581968606973,NA,NA,NA,0.973636616151927
SOCS2,5,0,0,0.843362759626655,NA,NA,NA,0.97368905467809
FBXO44,2,0,0,0.842581968606973,NA,NA,NA,0.973719418151866
KDM4C,3,0,0,0.843353474007169,NA,NA,NA,0.973749158038327
LEPR,3,0,0,0.842581968606973,NA,NA,NA,0.973894001409919
FOXO1,11,0,0,0.842581968606973,NA,NA,NA,0.974063573085835
ZNF343,5,0,0,0.843692858766827,NA,NA,NA,0.974357251825711
POLG,9,0,0,0.843692858766827,NA,NA,NA,0.974437723868263
YKT6,7,0,0,0.843692858766827,NA,NA,NA,0.974558393971783
PTPN13,3,0,0,0.843748079488435,NA,NA,NA,0.974743419899661
PI4K2A,9,0,0,0.844324058688274,NA,NA,NA,0.97504439779353
GARS,3,0,0,0.845166174924055,NA,NA,NA,0.975106753032916
ZFP37,7,0,0,0.844355447268842,NA,NA,NA,0.975123866160133
MLPH,7,0,0,0.84430738994045,NA,NA,NA,0.975161866176388
TFE3,2,0,0,0.846295794092275,NA,NA,NA,0.975199397611302
LDHA,19,0,0,0.846295794092275,NA,NA,NA,0.975223739335976
A4GALT,7,0,0,0.845428693402064,NA,NA,NA,0.975230017411957
HNRNPD,13,0,0,0.845137876925513,NA,NA,NA,0.975266268456591
ARHGEF18,6,0,0,0.844985691295469,NA,NA,NA,0.975274315741734
KIAA0391,10,0,0,0.844624799143756,NA,NA,NA,0.975317038226958
PFDN5,3,0,0,0.845166174924055,NA,NA,NA,0.975332199171131
TMEM192,14,0,0,0.845428693402064,NA,NA,NA,0.975386284472078
POLR2L,7,0,0,0.844985691295469,NA,NA,NA,0.975416518017827
ANAPC16,19,0,0,0.846295794092275,NA,NA,NA,0.975422218322609
ESRP1,4,0,0,0.844716229793769,NA,NA,NA,0.975483428700559
APP,18,0,0,0.844935762531106,NA,NA,NA,0.975495755583096
CDC37,5,0,0,0.844808104114027,NA,NA,NA,0.975523647605224
RGS20,3,0,0,0.845428693402064,NA,NA,NA,0.975524202443725
IRF2,4,0,0,0.846503361576991,NA,NA,NA,0.975551550048024
ICE1,4,0,0,0.847199634082873,NA,NA,NA,0.97557990557678
HNRNPUL1,18,0,0,0.846295794092275,NA,NA,NA,0.975599940874747
DNAJC3,15,0,0,0.844716229793769,NA,NA,NA,0.975618248694886
NFU1,4,0,0,0.846295794092275,NA,NA,NA,0.975639407706519
SH3YL1,6,0,0,0.847162976642423,NA,NA,NA,0.975680703345503
CRIM1,15,0,0,0.846842570880549,NA,NA,NA,0.975681708676283
RIN2,5,0,0,0.846295794092275,NA,NA,NA,0.975706767974427
BCDIN3D,4,0,0,0.846503361576991,NA,NA,NA,0.975709266722285
USP13,15,0,0,0.846503361576991,NA,NA,NA,0.97574372001658
GRWD1,7,0,0,0.845904873796578,NA,NA,NA,0.975777065116
NKX3-2,2,0,0,0.846250729839585,NA,NA,NA,0.975794023173762
ATP6V1C1,14,0,0,0.846503361576991,NA,NA,NA,0.975808947243024
YTHDC2,7,0,0,0.846503361576991,NA,NA,NA,0.975808965566996
KLK7,6,0,0,0.846295794092275,NA,NA,NA,0.975825950075192
PCED1A,3,0,0,0.844716229793769,NA,NA,NA,0.975842782313137
GNB2,2,0,0,0.846842570880549,NA,NA,NA,0.975849930048433
HEY1,4,0,0,0.847162976642423,NA,NA,NA,0.975851080954693
NCAM1,2,0,0,0.84617099783799,NA,NA,NA,0.975860592677885
POLK,9,0,0,0.846295794092275,NA,NA,NA,0.975875297326435
TMEM92,6,0,0,0.846842570880549,NA,NA,NA,0.97589660091159
CREM,9,0,0,0.846295794092275,NA,NA,NA,0.975900343198646
EIF1,8,0,0,0.846503361576991,NA,NA,NA,0.975920091483882
TSTD3,15,0,0,0.846503361576991,NA,NA,NA,0.975920430648121
ARID4A,8,0,0,0.846503361576991,NA,NA,NA,0.975941987257757
RBM22,8,0,0,0.847013826627017,NA,NA,NA,0.975951954134322
RAB27B,11,0,0,0.846842570880549,NA,NA,NA,0.975953841636279
MRPL52,3,0,0,0.847162976642423,NA,NA,NA,0.976035115985727
TMEM128,4,0,0,0.846842570880549,NA,NA,NA,0.976048070075352
FBXO32,10,0,0,0.846295794092275,NA,NA,NA,0.976078277216353
CPEB4,12,0,0,0.846842570880549,NA,NA,NA,0.976082735336934
HNRNPH1,6,0,0,0.846842570880549,NA,NA,NA,0.976087062477432
CCDC171,4,0,0,0.846503361576991,NA,NA,NA,0.976094517663806
CYTH1,4,0,0,0.846842570880549,NA,NA,NA,0.976105059523708
OXSM,5,0,0,0.846842570880549,NA,NA,NA,0.976160694190845
FGD4,10,0,0,0.846842570880549,NA,NA,NA,0.976195300496248
PTPN1,10,0,0,0.846842570880549,NA,NA,NA,0.976257780595933
CBX8,3,0,0,0.846842570880549,NA,NA,NA,0.976300213668171
JUND,8,0,0,0.846842570880549,NA,NA,NA,0.976346438032171
SLC16A3,17,0,0,0.846842570880549,NA,NA,NA,0.976373792588491
C1D,4,0,0,0.846842570880549,NA,NA,NA,0.976377053189939
ABHD15,4,0,0,0.846842570880549,NA,NA,NA,0.976412687735612
COA4,12,0,0,0.846842570880549,NA,NA,NA,0.976416832229141
MOCOS,9,0,0,0.84892138696824,NA,NA,NA,0.976461212257015
INSIG2,8,0,0,0.846842570880549,NA,NA,NA,0.976461917941957
ANKMY1,5,0,0,0.847568769849234,NA,NA,NA,0.976493083369291
MAK16,8,0,0,0.849020279482305,NA,NA,NA,0.976503728776416
CNTLN,3,0,0,0.84793895858891,NA,NA,NA,0.976504731132196
SMAD2,39,0,0,0.84869086242108,NA,NA,NA,0.976537386537534
VBP1,7,0,0,0.849020279482305,NA,NA,NA,0.976542967376336
RAN,15,0,0,0.848869586417372,NA,NA,NA,0.976549951887532
TMEM183B,3,0,0,0.849020279482305,NA,NA,NA,0.976567756371202
RAET1G,3,0,0,0.848583784725498,NA,NA,NA,0.976582027345668
KTN1,6,0,0,0.848173403288295,NA,NA,NA,0.976621205460296
PPL,6,0,0,0.848045455824237,NA,NA,NA,0.976649193260255
UBXN6,3,0,0,0.84793895858891,NA,NA,NA,0.976709750326443
TAGLN2,4,0,0,0.84793895858891,NA,NA,NA,0.976726627111463
TFRC,11,0,0,0.848505729694819,NA,NA,NA,0.976756568391345
MRPS16,15,0,0,0.848583784725498,NA,NA,NA,0.976795763263777
MCOLN3,4,0,0,0.849172002605896,NA,NA,NA,0.976860412361877
AP5M1,14,0,0,0.848583784725498,NA,NA,NA,0.976956939470263
WNT10B,4,0,0,0.849172002605896,NA,NA,NA,0.976999965267834
SRSF10,14,0,0,0.848583784725498,NA,NA,NA,0.977011809022513
ZNF688,2,0,0,0.849729019620004,NA,NA,NA,0.977174424244302
PHF3,12,0,0,0.850795414243879,NA,NA,NA,0.977489842855368
STX16,16,0,0,0.850237615323504,NA,NA,NA,0.977543856239025
INPP5K,5,0,0,0.850795414243879,NA,NA,NA,0.977578618222
G3BP2,21,0,0,0.850611645051763,NA,NA,NA,0.977639718789894
PHLDA3,10,0,0,0.850611645051763,NA,NA,NA,0.97768315999321
MPPE1,10,0,0,0.850795414243879,NA,NA,NA,0.977737279789285
TLNRD1,8,0,0,0.850611645051763,NA,NA,NA,0.977880060828023
FERMT2,7,0,0,0.851606018542178,NA,NA,NA,0.97847489354362
UBE2L3,9,0,0,0.851806082224217,NA,NA,NA,0.978572329751053
RNF169,8,0,0,0.851806082224217,NA,NA,NA,0.978694070661097
GAN,6,0,0,0.85185441867407,NA,NA,NA,0.978751583313086
ZNHIT6,14,0,0,0.852046635698824,NA,NA,NA,0.978970238055275
ACKR2,4,0,0,0.852046635698824,NA,NA,NA,0.979065943605207
PCDHB12,4,0,0,0.852046635698824,NA,NA,NA,0.979076672576262
ZFP36L1,10,0,0,0.852589412334099,NA,NA,NA,0.979499431525654
MMAA,5,0,0,0.852589412334099,NA,NA,NA,0.979524784946594
GALT,4,0,0,0.852589412334099,NA,NA,NA,0.979528129719764
CEP57,18,0,0,0.852589412334099,NA,NA,NA,0.979537318200365
BCL7A,4,0,0,0.852589412334099,NA,NA,NA,0.979594083114717
COPS7A,4,0,0,0.852589412334099,NA,NA,NA,0.979616839836587
MCAM,3,0,0,0.853084587408906,NA,NA,NA,0.980171018630505
KIF23,5,0,0,0.853278430440762,NA,NA,NA,0.98022901611807
WISP1,4,0,0,0.853418884702517,NA,NA,NA,0.980229427460807
GSDME,3,0,0,0.854163123701745,NA,NA,NA,0.980277296993759
DROSHA,4,0,0,0.853317169085433,NA,NA,NA,0.980316250062678
ALOX5AP,2,0,0,0.853418884702517,NA,NA,NA,0.980379197369101
CCND1,17,0,0,0.854163123701745,NA,NA,NA,0.980482217480756
C8orf58,4,0,0,0.854163123701745,NA,NA,NA,0.980628233618236
UQCR10,6,0,0,0.854626948399337,NA,NA,NA,0.980645978029227
EDC3,5,0,0,0.854163123701745,NA,NA,NA,0.980737204888636
EDEM3,2,0,0,0.854626948399337,NA,NA,NA,0.980758316985115
INTS8,4,0,0,0.854163123701745,NA,NA,NA,0.980762787338558
BCAR1,6,0,0,0.854163123701745,NA,NA,NA,0.980800280457958
PTMA,4,0,0,0.853908717706948,NA,NA,NA,0.980823599355429
PTPN11,10,0,0,0.854626948399337,NA,NA,NA,0.980885136023727
GTF3C3,14,0,0,0.854163123701745,NA,NA,NA,0.980976884437
SHF,12,0,0,0.853908717706948,NA,NA,NA,0.980997523585832
CHMP4B,3,0,0,0.854626948399337,NA,NA,NA,0.981073511555129
HK1,4,0,0,0.854626948399337,NA,NA,NA,0.981117296374379
TRIM28,4,0,0,0.854163123701745,NA,NA,NA,0.981124549588914
UTP3,10,0,0,0.854163123701745,NA,NA,NA,0.98121662791537
ZFHX3,7,0,0,0.854626948399337,NA,NA,NA,0.981271561906488
TRIM23,14,0,0,0.855564636696475,NA,NA,NA,0.982003535700663
HMOX1,2,0,0,0.85588863339089,NA,NA,NA,0.982539313178736
TMCO1,14,0,0,0.856111562469416,NA,NA,NA,0.982928243716827
ACSF3,5,0,0,0.856111562469416,NA,NA,NA,0.982975217128233
WDR75,9,0,0,0.856111562469416,NA,NA,NA,0.982977847752842
RPS6KA2,5,0,0,0.856111562469416,NA,NA,NA,0.982989729520934
PHB,8,0,0,0.856111562469416,NA,NA,NA,0.983030235237243
PECAM1,5,0,0,0.856111562469416,NA,NA,NA,0.983058366480315
GLYCTK,3,0,0,0.856111562469416,NA,NA,NA,0.983119246057305
NUDT9,4,0,0,0.856111562469416,NA,NA,NA,0.983134885398931
RECQL,8,0,0,0.856111562469416,NA,NA,NA,0.983171640673342
STARD13,10,0,0,0.856111562469416,NA,NA,NA,0.983194125684949
KCNK5,4,0,0,0.856111562469416,NA,NA,NA,0.983265812348991
NUMB,11,0,0,0.856111562469416,NA,NA,NA,0.983293506156518
NSMF,5,0,0,0.856354346675023,NA,NA,NA,0.983502197500963
GSPT1,15,0,0,0.856693571117295,NA,NA,NA,0.983585095928253
GNE,5,0,0,0.85727236688775,NA,NA,NA,0.983596695464415
SLC33A1,6,0,0,0.857466837739822,NA,NA,NA,0.983618210866744
FBXO10,2,0,0,0.85727236688775,NA,NA,NA,0.983636855135986
ZNF264,8,0,0,0.85727236688775,NA,NA,NA,0.983645843085034
GABARAPL1,2,0,0,0.857142418860303,NA,NA,NA,0.983668421270364
TMEM156,2,0,0,0.857466837739822,NA,NA,NA,0.98367825670918
ARHGEF7,6,0,0,0.856354346675023,NA,NA,NA,0.983707878640077
EFNB2,6,0,0,0.857466837739822,NA,NA,NA,0.983715026409786
POLR1E,28,0,0,0.856683913971941,NA,NA,NA,0.983724168899204
CIAO1,16,0,0,0.856354346675023,NA,NA,NA,0.983725631531005
ZNF641,8,0,0,0.857142418860303,NA,NA,NA,0.983762859033009
DERL1,12,0,0,0.856693571117295,NA,NA,NA,0.983777939932356
ARL4D,5,0,0,0.856455146935745,NA,NA,NA,0.983805468465799
TMEM127,20,0,0,0.857466837739822,NA,NA,NA,0.983809325327951
HSPA9,12,0,0,0.85727236688775,NA,NA,NA,0.98382890894821
FAM50B,2,0,0,0.856693571117295,NA,NA,NA,0.983837666302988
MRS2,8,0,0,0.856666071508542,NA,NA,NA,0.983840928640966
PDZD8,18,0,0,0.857466837739822,NA,NA,NA,0.983926295721832
TAF8,6,0,0,0.857466837739822,NA,NA,NA,0.983936996215941
BAP1,4,0,0,0.857142418860303,NA,NA,NA,0.983970193417444
ATP1B3,10,0,0,0.857944961138827,NA,NA,NA,0.983986991781622
GLT8D2,3,0,0,0.857466837739822,NA,NA,NA,0.983994783143838
SKI,13,0,0,0.857944961138827,NA,NA,NA,0.984057627605793
SOAT1,19,0,0,0.858494721001394,NA,NA,NA,0.984788481660176
TMCC3,10,0,0,0.858494721001394,NA,NA,NA,0.98486031523081
ID3,6,0,0,0.858599681574408,NA,NA,NA,0.984873367576303
C12orf73,9,0,0,0.858701899194292,NA,NA,NA,0.984879746612467
COMMD5,7,0,0,0.858494721001394,NA,NA,NA,0.984882164332282
SMC1A,16,0,0,0.858911381430017,NA,NA,NA,0.984969980776637
TTC39C,10,0,0,0.858494721001394,NA,NA,NA,0.984992180985923
HPRT1,12,0,0,0.858747498231818,NA,NA,NA,0.984998624611227
MSANTD3,6,0,0,0.858911381430017,NA,NA,NA,0.98504245650514
DNAJA1,13,0,0,0.858911381430017,NA,NA,NA,0.985155010943035
ANKRD10,4,0,0,0.858911381430017,NA,NA,NA,0.985256568508425
ARSI,2,0,0,0.858911381430017,NA,NA,NA,0.985350490006685
CARS2,2,0,0,0.858911381430017,NA,NA,NA,0.985361251905654
NDUFS4,2,0,0,0.858911381430017,NA,NA,NA,0.985417167249608
ECI1,5,0,0,0.859095970349691,NA,NA,NA,0.985507309933667
RHEB,5,0,0,0.858911381430017,NA,NA,NA,0.98552901596789
DDX5,6,0,0,0.858911381430017,NA,NA,NA,0.985588547625739
GPATCH2L,28,0,0,0.858911381430017,NA,NA,NA,0.985628149522835
FMNL2,4,0,0,0.859229951630937,NA,NA,NA,0.985722557253019
ADA,3,0,0,0.859473148077806,NA,NA,NA,0.986014398384461
SNX11,8,0,0,0.8604080952688,NA,NA,NA,0.986434775513634
UTP14C,5,0,0,0.8604080952688,NA,NA,NA,0.986555497047505
TMEM131,4,0,0,0.8604080952688,NA,NA,NA,0.986688059519914
GALC,4,0,0,0.8604080952688,NA,NA,NA,0.986728818674468
PRDM1,4,0,0,0.860758833008112,NA,NA,NA,0.986735005608668
PLOD1,8,0,0,0.860841235012653,NA,NA,NA,0.986744220110715
FAM110B,6,0,0,0.8604080952688,NA,NA,NA,0.986803316094754
SPOPL,16,0,0,0.860758833008112,NA,NA,NA,0.98683116455973
TMEM99,2,0,0,0.8604080952688,NA,NA,NA,0.986854504225932
MSL1,8,0,0,0.861068235954867,NA,NA,NA,0.986883717608447
NR2C1,5,0,0,0.8604080952688,NA,NA,NA,0.986888055989839
UEVLD,5,0,0,0.8604080952688,NA,NA,NA,0.986894649407418
COX7C,12,0,0,0.860758833008112,NA,NA,NA,0.986901500675511
CCDC14,6,0,0,0.860841235012653,NA,NA,NA,0.986950744121774
ANGEL2,11,0,0,0.8604080952688,NA,NA,NA,0.986982007045145
NUP98,3,0,0,0.8604080952688,NA,NA,NA,0.987085420319784
NRGN,7,0,0,0.861671336529892,NA,NA,NA,0.987758435075142
SAPCD2,2,0,0,0.862402853775671,NA,NA,NA,0.988673532093101
MED14,9,0,0,0.862402853775671,NA,NA,NA,0.988884921793058
P4HA3,2,0,0,0.862649729892722,NA,NA,NA,0.989121809596323
MRPS34,2,0,0,0.862706584272393,NA,NA,NA,0.989214411168061
MAD2L1,16,0,0,0.862858776390127,NA,NA,NA,0.989687795244751
CTBP2,13,0,0,0.863062836865006,NA,NA,NA,0.989938938118864
BPTF,6,0,0,0.863062836865006,NA,NA,NA,0.989994787069044
ADNP,9,0,0,0.863604975497426,NA,NA,NA,0.990884359670112
AGPAT4,5,0,0,0.863806512451668,NA,NA,NA,0.990901135108748
SAP30BP,8,0,0,0.863647286902355,NA,NA,NA,0.990908699574517
EGR1,8,0,0,0.864615096634582,NA,NA,NA,0.990992250380729
CAST,19,0,0,0.864621388468248,NA,NA,NA,0.990999073546959
SHROOM1,4,0,0,0.863604975497426,NA,NA,NA,0.991016150134933
BLVRA,6,0,0,0.863604975497426,NA,NA,NA,0.991033169277967
LRPPRC,5,0,0,0.864615096634582,NA,NA,NA,0.99106211900299
HIST1H2AJ,2,0,0,0.864621388468248,NA,NA,NA,0.991112482089659
CUEDC1,6,0,0,0.864325956438594,NA,NA,NA,0.991136544426342
CD151,9,0,0,0.864225599216368,NA,NA,NA,0.991190026607334
WDR1,5,0,0,0.864621388468248,NA,NA,NA,0.991207129881811
MIDN,7,0,0,0.864615096634582,NA,NA,NA,0.991213091687948
SPTY2D1,8,0,0,0.864615096634582,NA,NA,NA,0.991217694734515
PCTP,2,0,0,0.864136548438112,NA,NA,NA,0.991252329381015
LRP8,13,0,0,0.864615096634582,NA,NA,NA,0.991363705801072
PUS7L,19,0,0,0.864136548438112,NA,NA,NA,0.991388289359948
TMEM150A,5,0,0,0.864615096634582,NA,NA,NA,0.99139534378098
MID2,5,0,0,0.864615096634582,NA,NA,NA,0.991398256829532
ZFAND1,21,0,0,0.864615096634582,NA,NA,NA,0.991409601772272
RAB9A,11,0,0,0.865102743012327,NA,NA,NA,0.99203231335586
ZMYM4,11,0,0,0.865720654319994,NA,NA,NA,0.992405464554586
NAT1,5,0,0,0.865720654319994,NA,NA,NA,0.992622332614512
FOXD1,4,0,0,0.866608495426618,NA,NA,NA,0.994008784277535
GNPDA2,17,0,0,0.866604458828452,NA,NA,NA,0.994102066202185
USP47,13,0,0,0.866604458828452,NA,NA,NA,0.994137664365748
TMEM245,10,0,0,0.866604458828452,NA,NA,NA,0.994208870915342
DNAJC25,4,0,0,0.866604458828452,NA,NA,NA,0.994228880537692
CDKN2AIP,6,0,0,0.866604458828452,NA,NA,NA,0.994305872579579
RNF10,6,0,0,0.866604458828452,NA,NA,NA,0.994323970543599
DSE,9,0,0,0.866604458828452,NA,NA,NA,0.994426333098909
MARS2,10,0,0,0.866627982978353,NA,NA,NA,0.994457340245614
UBE2H,12,0,0,0.866604458828452,NA,NA,NA,0.994481546311398
LRRC8A,5,0,0,0.866604458828452,NA,NA,NA,0.994604494552765
ITGAV,17,0,0,0.867546511718223,NA,NA,NA,0.995309797876969
RIPK4,2,0,0,0.867477827343443,NA,NA,NA,0.995453990713122
LPIN3,3,0,0,0.867546511718223,NA,NA,NA,0.995474940198938
LRCH1,6,0,0,0.867546511718223,NA,NA,NA,0.995494601563068
UTP6,10,0,0,0.86780891962878,NA,NA,NA,0.995521034575547
STT3A,10,0,0,0.867477827343443,NA,NA,NA,0.995608568930506
IGF2R,11,0,0,0.86780891962878,NA,NA,NA,0.995637423705975
SRGAP2B,2,0,0,0.86780891962878,NA,NA,NA,0.995672173036154
RUNX1,9,0,0,0.86780891962878,NA,NA,NA,0.995691753635994
CCNT2,13,0,0,0.867477827343443,NA,NA,NA,0.995787736950335
MAML1,10,0,0,0.86780891962878,NA,NA,NA,0.996481360814587
TRAPPC4,3,0,0,0.86780891962878,NA,NA,NA,0.996486518149938
ZNF787,2,0,0,0.86780891962878,NA,NA,NA,0.996633703034699
CKAP2,12,0,0,0.86780891962878,NA,NA,NA,0.996712278362164
XKR6,3,0,0,0.868016587478162,NA,NA,NA,0.996722600924466
ZNF778,13,0,0,0.86780891962878,NA,NA,NA,0.996786675102112
CPS1,8,0,0,0.86780891962878,NA,NA,NA,0.996802534395234
FAM120C,4,0,0,0.86780891962878,NA,NA,NA,0.996824823341661
ZBED8,3,0,0,0.86780891962878,NA,NA,NA,0.996886230514734
FXYD5,4,0,0,0.86780891962878,NA,NA,NA,0.996902634626402
SF3A3,6,0,0,0.868443696912183,NA,NA,NA,0.997084079426501
BSDC1,6,0,0,0.868449426799486,NA,NA,NA,0.997119305209218
RIOX2,12,0,0,0.868443696912183,NA,NA,NA,0.997219927706137
CASK,11,0,0,0.868552216646067,NA,NA,NA,0.99729833628865
CYP1B1,13,0,0,0.868582658180654,NA,NA,NA,0.997318463325758
CERS5,5,0,0,0.868582658180654,NA,NA,NA,0.997404231481635
CMTM6,7,0,0,0.86910875441466,NA,NA,NA,0.997648917282467
PRPSAP1,10,0,0,0.86910875441466,NA,NA,NA,0.997673186754307
NRAS,13,0,0,0.868902548651652,NA,NA,NA,0.997706688784013
SWI5,2,0,0,0.86946669793849,NA,NA,NA,0.997715605395811
MSANTD2,7,0,0,0.86910875441466,NA,NA,NA,0.997756864754867
SEC22A,15,0,0,0.869409331936877,NA,NA,NA,0.997803847617134
HINT1,8,0,0,0.868902548651652,NA,NA,NA,0.997823242449369
SELENON,4,0,0,0.869104050295162,NA,NA,NA,0.997846192475338
SELENBP1,3,0,0,0.86910875441466,NA,NA,NA,0.997862237428511
FUT11,11,0,0,0.86910875441466,NA,NA,NA,0.997872509804284
ZNHIT2,3,0,0,0.86910875441466,NA,NA,NA,0.997972390692575
FAM214A,3,0,0,0.869777100680397,NA,NA,NA,0.997995898155364
SLITRK4,6,0,0,0.869897286959412,NA,NA,NA,0.99812947423274
AP1M1,4,0,0,0.86910875441466,NA,NA,NA,0.998150704038395
CDS1,8,0,0,0.870498984247589,NA,NA,NA,0.998195370560221
ANKRD28,4,0,0,0.870346275330313,NA,NA,NA,0.998210276254845
EIF3I,4,0,0,0.870218084426568,NA,NA,NA,0.99824405770194
BCL2L2,6,0,0,0.871670022272634,NA,NA,NA,0.999016593577981
QRICH1,8,0,0,0.871570500823797,NA,NA,NA,0.999033769214132
ZEB1,6,0,0,0.871570500823797,NA,NA,NA,0.99911725830126
MAP3K7,9,0,0,0.871570500823797,NA,NA,NA,0.999127608548048
HASPIN,7,0,0,0.871670022272634,NA,NA,NA,0.999149545365792
AMD1,11,0,0,0.87188528788251,NA,NA,NA,0.999188011950201
SP140L,2,0,0,0.872100756407137,NA,NA,NA,0.999226513985207
ARNT2,4,0,0,0.871570500823797,NA,NA,NA,0.99923960285676
CD164,6,0,0,0.871570500823797,NA,NA,NA,0.999247994413042
PPP1R13B,5,0,0,0.872153076810917,NA,NA,NA,0.9993469108402
INPPL1,3,0,0,0.871570500823797,NA,NA,NA,0.99943872193256
DCAF10,20,0,0,0.872153076810917,NA,NA,NA,0.99950537937513
CENPQ,6,0,0,0.872190910412364,NA,NA,NA,0.999734730852273
ALCAM,11,0,0,0.872190910412364,NA,NA,NA,1
ANKEF1,12,0,0,0.872190910412364,NA,NA,NA,1
BICRAL,5,0,0,0.872190910412364,NA,NA,NA,1
CCDC167,2,0,0,0.872190910412364,NA,NA,NA,1
CNOT6L,8,0,0,0.872190910412364,NA,NA,NA,1
EPS8,7,0,0,0.872190910412364,NA,NA,NA,1
GNAI2,6,0,0,0.872190910412364,NA,NA,NA,1
GNG10,5,0,0,0.872190910412364,NA,NA,NA,1
MEF2A,14,0,0,0.872190910412364,NA,NA,NA,1
PCDHB15,8,0,0,0.872190910412364,NA,NA,NA,1
PRICKLE2,4,0,0,0.872190910412364,NA,NA,NA,1
RBCK1,3,0,0,0.872190910412364,NA,NA,NA,1
SKIV2L2,11,0,0,0.872190910412364,NA,NA,NA,1
TCAIM,3,0,0,0.872190910412364,NA,NA,NA,1
TMEM45A,4,0,0,0.872190910412364,NA,NA,NA,1
UBTD2,16,0,0,0.872190910412364,NA,NA,NA,1
USP25,10,0,0,0.872190910412364,NA,NA,NA,1
TOLLIP,13,0,0,0.872197239410892,NA,NA,NA,1
ZNF532,4,0,0,0.872197239410892,NA,NA,NA,1
PGBD5,5,0,0,0.872278168321859,NA,NA,NA,1
PIGN,6,0,0,0.872278168321859,NA,NA,NA,1
PDP2,12,0,0,0.872428760338311,NA,NA,NA,1
BCL11A,4,0,0,0.872588897506162,NA,NA,NA,1
MIER3,10,0,0,0.872588897506162,NA,NA,NA,1
NDUFS2,3,0,0,0.872588897506162,NA,NA,NA,1
PC,15,0,0,0.872588897506162,NA,NA,NA,1
C1orf123,7,0,0,0.872635993583862,NA,NA,NA,1
DDX39A,2,0,0,0.873370831217374,NA,NA,NA,1
GFER,4,0,0,0.873593339968185,NA,NA,NA,1
AUTS2,9,0,0,0.873718495624848,NA,NA,NA,1
WDR90,2,0,0,0.873718495624848,NA,NA,NA,1
FAM84B,10,0,0,0.874030836767824,NA,NA,NA,1
GEMIN8,5,0,0,0.874030836767824,NA,NA,NA,1
PRSS21,7,0,0,0.874030836767824,NA,NA,NA,1
SAP130,3,0,0,0.874030836767824,NA,NA,NA,1
SEPT8,5,0,0,0.874030836767824,NA,NA,NA,1
VAT1L,3,0,0,0.874030836767824,NA,NA,NA,1
TLR6,9,0,0,0.874161789186265,NA,NA,NA,1
ASL,5,0,0,0.874263816169986,NA,NA,NA,1
ATP5G3,11,0,0,0.874570014137088,NA,NA,NA,1
AURKA,4,0,0,0.874570014137088,NA,NA,NA,1
DDX49,2,0,0,0.874570014137088,NA,NA,NA,1
PQLC1,9,0,0,0.874570014137088,NA,NA,NA,1
RALGPS1,3,0,0,0.874570014137088,NA,NA,NA,1
HOXA7,3,0,0,0.874673513835369,NA,NA,NA,1
ARRDC2,4,0,0,0.874932539656582,NA,NA,NA,1
ARL8A,9,0,0,0.875135919305275,NA,NA,NA,1
FOXP4,5,0,0,0.875135919305275,NA,NA,NA,1
CISD2,8,0,0,0.875550226815641,NA,NA,NA,1
MLEC,9,0,0,0.875720258956199,NA,NA,NA,1
DNAJC24,9,0,0,0.875814943735914,NA,NA,NA,1
ACTN1,13,0,0,0.876032813303077,NA,NA,NA,1
FURIN,3,0,0,0.876592113911482,NA,NA,NA,1
KIAA1456,6,0,0,0.876592113911482,NA,NA,NA,1
NLK,8,0,0,0.876592113911482,NA,NA,NA,1
STON1,2,0,0,0.876592113911482,NA,NA,NA,1
TXNDC17,8,0,0,0.876592113911482,NA,NA,NA,1
EIF2AK3,2,0,0,0.877026061010464,NA,NA,NA,1
CHST10,2,0,0,0.877041550162044,NA,NA,NA,1
HNRNPA3,9,0,0,0.877900627597576,NA,NA,NA,1
LAPTM5,2,0,0,0.877900627597576,NA,NA,NA,1
ZSWIM6,4,0,0,0.878105308184997,NA,NA,NA,1
C1orf53,2,0,0,0.878194965681076,NA,NA,NA,1
CHURC1-FNTB,3,0,0,0.878194965681076,NA,NA,NA,1
DR1,27,0,0,0.878194965681076,NA,NA,NA,1
RUFY3,6,0,0,0.878194965681076,NA,NA,NA,1
UGGT1,21,0,0,0.878505641959251,NA,NA,NA,1
CSAD,4,0,0,0.878891493912561,NA,NA,NA,1
NOL6,9,0,0,0.878891493912561,NA,NA,NA,1
VIM,9,0,0,0.87891143903949,NA,NA,NA,1
RBMS3,7,0,0,0.880390394653769,NA,NA,NA,1
AP1B1,4,0,0,0.880426631404655,NA,NA,NA,1
PMPCA,5,0,0,0.880426631404655,NA,NA,NA,1
ADAT1,16,0,0,0.880631078990774,NA,NA,NA,1
ANAPC13,11,0,0,0.880631078990774,NA,NA,NA,1
C2orf49,10,0,0,0.880631078990774,NA,NA,NA,1
CD24,3,0,0,0.880631078990774,NA,NA,NA,1
CIB1,4,0,0,0.880631078990774,NA,NA,NA,1
CST3,3,0,0,0.880631078990774,NA,NA,NA,1
CTNNA1,7,0,0,0.880631078990774,NA,NA,NA,1
DTNBP1,3,0,0,0.880631078990774,NA,NA,NA,1
EFNA4,3,0,0,0.880631078990774,NA,NA,NA,1
FLRT3,6,0,0,0.880631078990774,NA,NA,NA,1
PTPN3,7,0,0,0.880631078990774,NA,NA,NA,1
RBM14,2,0,0,0.880631078990774,NA,NA,NA,1
RNF139,13,0,0,0.880631078990774,NA,NA,NA,1
SEC61G,7,0,0,0.880631078990774,NA,NA,NA,1
SLC19A2,6,0,0,0.880631078990774,NA,NA,NA,1
SMC5,7,0,0,0.880631078990774,NA,NA,NA,1
SPSB1,4,0,0,0.880631078990774,NA,NA,NA,1
USP16,3,0,0,0.880631078990774,NA,NA,NA,1
ZMAT3,20,0,0,0.880631078990774,NA,NA,NA,1
ZNF500,7,0,0,0.880631078990774,NA,NA,NA,1
AUP1,2,0,0,0.881072361677197,NA,NA,NA,1
GNG4,8,0,0,0.881072361677197,NA,NA,NA,1
PTPRD,3,0,0,0.881072361677197,NA,NA,NA,1
TOMM22,12,0,0,0.881072361677197,NA,NA,NA,1
CANT1,8,0,0,0.881308137370696,NA,NA,NA,1
CTSH,2,0,0,0.881308137370696,NA,NA,NA,1
FZD7,6,0,0,0.881308137370696,NA,NA,NA,1
GALNT10,7,0,0,0.881308137370696,NA,NA,NA,1
GPN1,12,0,0,0.881308137370696,NA,NA,NA,1
LAMB3,5,0,0,0.881308137370696,NA,NA,NA,1
NFAT5,10,0,0,0.881308137370696,NA,NA,NA,1
NIP7,21,0,0,0.881308137370696,NA,NA,NA,1
POLD3,5,0,0,0.881308137370696,NA,NA,NA,1
PPM1F,9,0,0,0.881308137370696,NA,NA,NA,1
PSMD1,4,0,0,0.881308137370696,NA,NA,NA,1
RBM43,8,0,0,0.881308137370696,NA,NA,NA,1
RBM5,3,0,0,0.881308137370696,NA,NA,NA,1
TRMO,8,0,0,0.881308137370696,NA,NA,NA,1
TXN2,5,0,0,0.881308137370696,NA,NA,NA,1
MND1,4,0,0,0.881321257855358,NA,NA,NA,1
ASAH2B,4,0,0,0.88172947200121,NA,NA,NA,1
ATP8A1,5,0,0,0.88172947200121,NA,NA,NA,1
C1orf131,3,0,0,0.88172947200121,NA,NA,NA,1
C9orf78,5,0,0,0.88172947200121,NA,NA,NA,1
CHD8,3,0,0,0.88172947200121,NA,NA,NA,1
FAM220A,2,0,0,0.88172947200121,NA,NA,NA,1
HACE1,7,0,0,0.88172947200121,NA,NA,NA,1
HOXA9,4,0,0,0.88172947200121,NA,NA,NA,1
IFT22,10,0,0,0.88172947200121,NA,NA,NA,1
IGFBP3,4,0,0,0.88172947200121,NA,NA,NA,1
MCL1,18,0,0,0.88172947200121,NA,NA,NA,1
MFNG,2,0,0,0.88172947200121,NA,NA,NA,1
NUP133,11,0,0,0.88172947200121,NA,NA,NA,1
PGM2L1,7,0,0,0.88172947200121,NA,NA,NA,1
PKD2,3,0,0,0.88172947200121,NA,NA,NA,1
RASA3,2,0,0,0.88172947200121,NA,NA,NA,1
SMOC1,6,0,0,0.88172947200121,NA,NA,NA,1
TIMP2,14,0,0,0.88172947200121,NA,NA,NA,1
TRAK2,10,0,0,0.88172947200121,NA,NA,NA,1
TWNK,2,0,0,0.88172947200121,NA,NA,NA,1
ZCCHC4,4,0,0,0.88172947200121,NA,NA,NA,1
ZHX1,9,0,0,0.88172947200121,NA,NA,NA,1
ZNF703,4,0,0,0.88172947200121,NA,NA,NA,1
CCT2,3,0,0,0.882145722829669,NA,NA,NA,1
AUNIP,2,0,0,0.88219187300503,NA,NA,NA,1
DOCK5,13,0,0,0.88219187300503,NA,NA,NA,1
RIPK1,5,0,0,0.88219187300503,NA,NA,NA,1
TMEM185B,18,0,0,0.88219187300503,NA,NA,NA,1
KCNMB4,3,0,0,0.882806435371537,NA,NA,NA,1
CTPS1,11,0,0,0.882957739781396,NA,NA,NA,1
PSMG2,2,0,0,0.882957739781396,NA,NA,NA,1
PRTG,3,0,0,0.883127608833502,NA,NA,NA,1
WDR98,2,0,0,0.883350256145663,NA,NA,NA,1
VMA21,14,0,0,0.883408996703814,NA,NA,NA,1
DHRS7,5,0,0,0.883413088861439,NA,NA,NA,1
SETD3,7,0,0,0.883465948158786,NA,NA,NA,1
CD99L2,4,0,0,0.884132014309325,NA,NA,NA,1
TMEM97,13,0,0,0.884293276997804,NA,NA,NA,1
SLK,15,0,0,0.884321890404409,NA,NA,NA,1
CLU,4,0,0,0.884333537400717,NA,NA,NA,1
CTTNBP2NL,17,0,0,0.884333537400717,NA,NA,NA,1
ERG28,9,0,0,0.884333537400717,NA,NA,NA,1
FRYL,8,0,0,0.884333537400717,NA,NA,NA,1
HSPB8,3,0,0,0.884333537400717,NA,NA,NA,1
PCDHAC2,5,0,0,0.884333537400717,NA,NA,NA,1
SNX33,4,0,0,0.884333537400717,NA,NA,NA,1
TMEM161B,6,0,0,0.884333537400717,NA,NA,NA,1
TMEM9B,6,0,0,0.884333537400717,NA,NA,NA,1
ZBTB41,6,0,0,0.884333537400717,NA,NA,NA,1
ALG10B,4,0,0,0.884375451975792,NA,NA,NA,1
ASIC1,2,0,0,0.884375451975792,NA,NA,NA,1
GUCY1A2,4,0,0,0.885362580283393,NA,NA,NA,1
CNDP2,3,0,0,0.885386083621802,NA,NA,NA,1
SLC37A2,6,0,0,0.885386083621802,NA,NA,NA,1
TRMT5,5,0,0,0.885386083621802,NA,NA,NA,1
VDAC1,4,0,0,0.885386083621802,NA,NA,NA,1
ASPHD1,3,0,0,0.885439919185403,NA,NA,NA,1
ZNF639,16,0,0,0.885439919185403,NA,NA,NA,1
LRRC3,4,0,0,0.885607383663932,NA,NA,NA,1
ZYG11A,3,0,0,0.885607383663932,NA,NA,NA,1
NMNAT2,8,0,0,0.885792250954359,NA,NA,NA,1
P2RY2,6,0,0,0.885792250954359,NA,NA,NA,1
TMEM129,2,0,0,0.885792250954359,NA,NA,NA,1
ARSK,7,0,0,0.885946239871858,NA,NA,NA,1
ATP5J,7,0,0,0.886236649431991,NA,NA,NA,1
DHRS2,2,0,0,0.886236649431991,NA,NA,NA,1
EMG1,4,0,0,0.886236649431991,NA,NA,NA,1
GEMIN6,5,0,0,0.886236649431991,NA,NA,NA,1
MTRNR2L10,2,0,0,0.886236649431991,NA,NA,NA,1
ACIN1,2,0,0,0.886496616642226,NA,NA,NA,1
DDA1,6,0,0,0.886496616642226,NA,NA,NA,1
RPS5,2,0,0,0.886496616642226,NA,NA,NA,1
SCYL3,6,0,0,0.886496616642226,NA,NA,NA,1
AEN,2,0,0,0.886635136963794,NA,NA,NA,1
SETDB2,5,0,0,0.886635136963794,NA,NA,NA,1
GDPD1,5,0,0,0.886665049239952,NA,NA,NA,1
MAPK1,18,0,0,0.886665049239952,NA,NA,NA,1
NCOA2,5,0,0,0.886665049239952,NA,NA,NA,1
SS18L2,5,0,0,0.886665049239952,NA,NA,NA,1
UBAP2L,3,0,0,0.886665049239952,NA,NA,NA,1
USP43,2,0,0,0.886665049239952,NA,NA,NA,1
ZNF720,4,0,0,0.886665049239952,NA,NA,NA,1
RPL18A,6,0,0,0.886973750790752,NA,NA,NA,1
EWSR1,4,0,0,0.887007781383833,NA,NA,NA,1
AMPD3,10,0,0,0.887013326901775,NA,NA,NA,1
STN1,14,0,0,0.887013326901775,NA,NA,NA,1
MMACHC,15,0,0,0.887044102678797,NA,NA,NA,1
COMT,6,0,0,0.88791789139591,NA,NA,NA,1
SFXN5,5,0,0,0.88791789139591,NA,NA,NA,1
TAB3,6,0,0,0.88791789139591,NA,NA,NA,1
FAM53C,6,0,0,0.888117667391937,NA,NA,NA,1
HIPK2,8,0,0,0.88839006852755,NA,NA,NA,1
FBXO45,8,0,0,0.888868193411754,NA,NA,NA,1
ORC5,2,0,0,0.889196906137341,NA,NA,NA,1
CDK5,4,0,0,0.889247565890267,NA,NA,NA,1
LAPTM4B,7,0,0,0.889247565890267,NA,NA,NA,1
PAN3,4,0,0,0.889247565890267,NA,NA,NA,1
B3GALNT2,11,0,0,0.88953152201146,NA,NA,NA,1
C3orf58,2,0,0,0.88953152201146,NA,NA,NA,1
GPR19,2,0,0,0.88953152201146,NA,NA,NA,1
HNRNPA0,18,0,0,0.88953152201146,NA,NA,NA,1
JAK1,7,0,0,0.88953152201146,NA,NA,NA,1
KDM6B,4,0,0,0.88953152201146,NA,NA,NA,1
LYPLAL1,12,0,0,0.88953152201146,NA,NA,NA,1
PROSER2,6,0,0,0.88953152201146,NA,NA,NA,1
SEMA3A,16,0,0,0.88953152201146,NA,NA,NA,1
ATG13,7,0,0,0.890141087514087,NA,NA,NA,1
CHAC1,2,0,0,0.890141087514087,NA,NA,NA,1
DCUN1D4,23,0,0,0.890141087514087,NA,NA,NA,1
FAM162A,5,0,0,0.890141087514087,NA,NA,NA,1
GLMN,6,0,0,0.890141087514087,NA,NA,NA,1
H3F3C,2,0,0,0.890141087514087,NA,NA,NA,1
IBA57,5,0,0,0.890141087514087,NA,NA,NA,1
IK,2,0,0,0.890141087514087,NA,NA,NA,1
PDCL,9,0,0,0.890141087514087,NA,NA,NA,1
PGAM5,7,0,0,0.890141087514087,NA,NA,NA,1
SAAL1,3,0,0,0.890141087514087,NA,NA,NA,1
TOMM6,10,0,0,0.890141087514087,NA,NA,NA,1
MICU2,2,0,0,0.890242016008556,NA,NA,NA,1
ACSS2,3,0,0,0.890423417690857,NA,NA,NA,1
ATM,5,0,0,0.890423417690857,NA,NA,NA,1
CDKN3,6,0,0,0.890423417690857,NA,NA,NA,1
CLK4,11,0,0,0.890423417690857,NA,NA,NA,1
DNAJB4,14,0,0,0.890423417690857,NA,NA,NA,1
EHD2,7,0,0,0.890423417690857,NA,NA,NA,1
EPB41L5,2,0,0,0.890423417690857,NA,NA,NA,1
GTF2F2,9,0,0,0.890423417690857,NA,NA,NA,1
H1F0,12,0,0,0.890423417690857,NA,NA,NA,1
HOOK2,3,0,0,0.890423417690857,NA,NA,NA,1
HOXB4,2,0,0,0.890423417690857,NA,NA,NA,1
LYPLA2,2,0,0,0.890423417690857,NA,NA,NA,1
MSANTD3-TMEFF1,4,0,0,0.890423417690857,NA,NA,NA,1
NDUFB6,7,0,0,0.890423417690857,NA,NA,NA,1
PRKAB2,9,0,0,0.890423417690857,NA,NA,NA,1
PRKCD,4,0,0,0.890423417690857,NA,NA,NA,1
RACK1,10,0,0,0.890423417690857,NA,NA,NA,1
RPL24,6,0,0,0.890423417690857,NA,NA,NA,1
RPL31,13,0,0,0.890423417690857,NA,NA,NA,1
SEC61B,7,0,0,0.890423417690857,NA,NA,NA,1
TBC1D30,6,0,0,0.890423417690857,NA,NA,NA,1
TFDP1,9,0,0,0.890423417690857,NA,NA,NA,1
UBA3,11,0,0,0.890423417690857,NA,NA,NA,1
VPS72,4,0,0,0.890423417690857,NA,NA,NA,1
ZFP2,2,0,0,0.890423417690857,NA,NA,NA,1
ZNF276,9,0,0,0.890423417690857,NA,NA,NA,1
ZNF583,6,0,0,0.890423417690857,NA,NA,NA,1
ZNF592,9,0,0,0.890423417690857,NA,NA,NA,1
GEN1,13,0,0,0.890581231860037,NA,NA,NA,1
TTK,3,0,0,0.890581231860037,NA,NA,NA,1
B3GNT2,3,0,0,0.890660710796084,NA,NA,NA,1
SH3BGRL3,7,0,0,0.890693840987092,NA,NA,NA,1
GTF3A,4,0,0,0.890712924508841,NA,NA,NA,1
KATNAL1,13,0,0,0.890712924508841,NA,NA,NA,1
LACTB2,6,0,0,0.890712924508841,NA,NA,NA,1
PDLIM7,2,0,0,0.890712924508841,NA,NA,NA,1
HINFP,2,0,0,0.890859438808522,NA,NA,NA,1
IRX3,6,0,0,0.890859438808522,NA,NA,NA,1
PCGF3,11,0,0,0.890905033344664,NA,NA,NA,1
TMEM140,8,0,0,0.890905033344664,NA,NA,NA,1
FAM212A,3,0,0,0.891671305602019,NA,NA,NA,1
H2AFJ,4,0,0,0.891671305602019,NA,NA,NA,1
MED17,7,0,0,0.891671305602019,NA,NA,NA,1
CHST7,7,0,0,0.891736317499488,NA,NA,NA,1
GTDC1,7,0,0,0.891736317499488,NA,NA,NA,1
PGM3,5,0,0,0.891736317499488,NA,NA,NA,1
BCAS4,6,0,0,0.892080009900795,NA,NA,NA,1
CHN1,8,0,0,0.892080009900795,NA,NA,NA,1
DIP2A,5,0,0,0.892080009900795,NA,NA,NA,1
FER,6,0,0,0.892080009900795,NA,NA,NA,1
HMGN5,5,0,0,0.892080009900795,NA,NA,NA,1
STK25,14,0,0,0.892080009900795,NA,NA,NA,1
SUMO3,14,0,0,0.892080009900795,NA,NA,NA,1
FBXL20,7,0,0,0.892153721390095,NA,NA,NA,1
LAPTM4A,6,0,0,0.892153721390095,NA,NA,NA,1
PDE5A,5,0,0,0.892153721390095,NA,NA,NA,1
TIMM50,13,0,0,0.892153721390095,NA,NA,NA,1
URM1,3,0,0,0.892153721390095,NA,NA,NA,1
FTH1,13,0,0,0.892283902889855,NA,NA,NA,1
ZNF189,6,0,0,0.892302164786815,NA,NA,NA,1
CHSY1,11,0,0,0.892314722814204,NA,NA,NA,1
LIAS,4,0,0,0.89256036180448,NA,NA,NA,1
SMYD5,3,0,0,0.89256036180448,NA,NA,NA,1
FAM219A,2,0,0,0.892726713896429,NA,NA,NA,1
EXT2,10,0,0,0.893192786354414,NA,NA,NA,1
PLEKHG5,2,0,0,0.893192786354414,NA,NA,NA,1
ARHGAP35,6,0,0,0.893688839631172,NA,NA,NA,1
P2RX5,3,0,0,0.893883763671287,NA,NA,NA,1
ALKBH1,5,0,0,0.894338052750065,NA,NA,NA,1
DSTYK,8,0,0,0.894338052750065,NA,NA,NA,1
FEM1C,9,0,0,0.894338052750065,NA,NA,NA,1
MTG1,12,0,0,0.894338052750065,NA,NA,NA,1
NTPCR,17,0,0,0.894338052750065,NA,NA,NA,1
PCDHB2,7,0,0,0.894338052750065,NA,NA,NA,1
PTGES3,7,0,0,0.894338052750065,NA,NA,NA,1
HERC4,6,0,0,0.894376071617731,NA,NA,NA,1
RANBP1,6,0,0,0.894741076562962,NA,NA,NA,1
GPATCH1,6,0,0,0.894745153842585,NA,NA,NA,1
PSRC1,4,0,0,0.894896404175112,NA,NA,NA,1
ZNF84,3,0,0,0.895273407427477,NA,NA,NA,1
PPP1R2,6,0,0,0.895374636634888,NA,NA,NA,1
C15orf39,4,0,0,0.895389246524024,NA,NA,NA,1
GANC,7,0,0,0.895389246524024,NA,NA,NA,1
HARS2,2,0,0,0.895389246524024,NA,NA,NA,1
HLX,3,0,0,0.895389246524024,NA,NA,NA,1
SOS1,6,0,0,0.895389246524024,NA,NA,NA,1
AARS2,6,0,0,0.895577459722538,NA,NA,NA,1
BRCC3,12,0,0,0.895577459722538,NA,NA,NA,1
PAG1,8,0,0,0.895577459722538,NA,NA,NA,1
ZNF709,4,0,0,0.895577459722538,NA,NA,NA,1
ARFIP1,9,0,0,0.895607628340739,NA,NA,NA,1
CHRNA9,5,0,0,0.895607628340739,NA,NA,NA,1
FMC1,2,0,0,0.895607628340739,NA,NA,NA,1
LRRC8E,3,0,0,0.895607628340739,NA,NA,NA,1
CCDC43,7,0,0,0.895740497950723,NA,NA,NA,1
ATP5A1,7,0,0,0.896320341515783,NA,NA,NA,1
EHF,10,0,0,0.896320341515783,NA,NA,NA,1
GPALPP1,3,0,0,0.896320341515783,NA,NA,NA,1
KAT6B,5,0,0,0.896320341515783,NA,NA,NA,1
KIF13A,9,0,0,0.896320341515783,NA,NA,NA,1
KIF18A,3,0,0,0.896320341515783,NA,NA,NA,1
OSGEP,2,0,0,0.896320341515783,NA,NA,NA,1
SOWAHC,9,0,0,0.896320341515783,NA,NA,NA,1
TXNDC5,8,0,0,0.896320341515783,NA,NA,NA,1
VTI1B,14,0,0,0.896320341515783,NA,NA,NA,1
WIPI1,6,0,0,0.896320341515783,NA,NA,NA,1
ZNF614,6,0,0,0.896320341515783,NA,NA,NA,1
ATE1,6,0,0,0.89671242756821,NA,NA,NA,1
CENPH,8,0,0,0.89671242756821,NA,NA,NA,1
DET1,2,0,0,0.89671242756821,NA,NA,NA,1
WBP11,10,0,0,0.89671242756821,NA,NA,NA,1
ZER1,2,0,0,0.896861718556535,NA,NA,NA,1
IQSEC1,3,0,0,0.896945559585151,NA,NA,NA,1
SAMD4B,6,0,0,0.896945559585151,NA,NA,NA,1
ZNF425,2,0,0,0.897324825499256,NA,NA,NA,1
BHLHE40,4,0,0,0.89752540562959,NA,NA,NA,1
DPH7,3,0,0,0.89752540562959,NA,NA,NA,1
MBD3,4,0,0,0.89752540562959,NA,NA,NA,1
ZRSR2,2,0,0,0.89752540562959,NA,NA,NA,1
B3GLCT,5,0,0,0.897649064609753,NA,NA,NA,1
FAM47E-STBD1,5,0,0,0.897649064609753,NA,NA,NA,1
HADHB,5,0,0,0.897649064609753,NA,NA,NA,1
NDUFA9,6,0,0,0.897649064609753,NA,NA,NA,1
RPL26,3,0,0,0.897649064609753,NA,NA,NA,1
ANKRD29,6,0,0,0.897659124426056,NA,NA,NA,1
ATP6AP1L,3,0,0,0.897659124426056,NA,NA,NA,1
BAK1,5,0,0,0.897659124426056,NA,NA,NA,1
CHSY3,3,0,0,0.897659124426056,NA,NA,NA,1
CTSC,7,0,0,0.897659124426056,NA,NA,NA,1
CYB5D1,8,0,0,0.897659124426056,NA,NA,NA,1
DECR1,9,0,0,0.897659124426056,NA,NA,NA,1
HFE,7,0,0,0.897659124426056,NA,NA,NA,1
HIPK4,2,0,0,0.897659124426056,NA,NA,NA,1
ICE2,12,0,0,0.897659124426056,NA,NA,NA,1
KCNB1,7,0,0,0.897659124426056,NA,NA,NA,1
MMP2,6,0,0,0.897659124426056,NA,NA,NA,1
PCDHB7,3,0,0,0.897659124426056,NA,NA,NA,1
PPP2R5D,2,0,0,0.897659124426056,NA,NA,NA,1
STRAP,5,0,0,0.897659124426056,NA,NA,NA,1
SUCLG1,2,0,0,0.897659124426056,NA,NA,NA,1
TBC1D25,6,0,0,0.897659124426056,NA,NA,NA,1
TERF2IP,5,0,0,0.897659124426056,NA,NA,NA,1
TRAF6,17,0,0,0.897659124426056,NA,NA,NA,1
UST,10,0,0,0.897659124426056,NA,NA,NA,1
ZNF527,10,0,0,0.897659124426056,NA,NA,NA,1
ZNF595,3,0,0,0.897659124426056,NA,NA,NA,1
POGK,13,0,0,0.897705486495383,NA,NA,NA,1
PPP6C,12,0,0,0.898137440371622,NA,NA,NA,1
CUL3,12,0,0,0.898138991596243,NA,NA,NA,1
ARAP1,3,0,0,0.898467015506955,NA,NA,NA,1
ACTN4,9,0,0,0.898529199096908,NA,NA,NA,1
ADCK5,4,0,0,0.898529199096908,NA,NA,NA,1
ALG5,5,0,0,0.898529199096908,NA,NA,NA,1
ARPIN,9,0,0,0.898529199096908,NA,NA,NA,1
C6orf132,15,0,0,0.898529199096908,NA,NA,NA,1
CDR2L,2,0,0,0.898529199096908,NA,NA,NA,1
COL4A1,13,0,0,0.898529199096908,NA,NA,NA,1
DDX58,5,0,0,0.898529199096908,NA,NA,NA,1
EMB,11,0,0,0.898529199096908,NA,NA,NA,1
EP400,7,0,0,0.898529199096908,NA,NA,NA,1
ERFE,2,0,0,0.898529199096908,NA,NA,NA,1
FOXL2,2,0,0,0.898529199096908,NA,NA,NA,1
FUOM,6,0,0,0.898529199096908,NA,NA,NA,1
LIN54,10,0,0,0.898529199096908,NA,NA,NA,1
MCEE,5,0,0,0.898529199096908,NA,NA,NA,1
MCUR1,6,0,0,0.898529199096908,NA,NA,NA,1
NACA,2,0,0,0.898529199096908,NA,NA,NA,1
NFIX,8,0,0,0.898529199096908,NA,NA,NA,1
RASSF6,2,0,0,0.898529199096908,NA,NA,NA,1
SLITRK6,9,0,0,0.898529199096908,NA,NA,NA,1
SOD2,2,0,0,0.898529199096908,NA,NA,NA,1
SPACA6,5,0,0,0.898529199096908,NA,NA,NA,1
SPRYD7,10,0,0,0.898529199096908,NA,NA,NA,1
TENM3,3,0,0,0.898529199096908,NA,NA,NA,1
UBR5,8,0,0,0.898529199096908,NA,NA,NA,1
WDFY1,3,0,0,0.898529199096908,NA,NA,NA,1
ZNF319,3,0,0,0.898529199096908,NA,NA,NA,1
REEP4,3,0,0,0.898566869477794,NA,NA,NA,1
RNF216,6,0,0,0.898643165257903,NA,NA,NA,1
UBP1,8,0,0,0.898643165257903,NA,NA,NA,1
YIPF3,8,0,0,0.898643165257903,NA,NA,NA,1
CETN2,12,0,0,0.898683136632881,NA,NA,NA,1
DDX19A,13,0,0,0.898683136632881,NA,NA,NA,1
QTRT2,5,0,0,0.898683136632881,NA,NA,NA,1
DPP8,10,0,0,0.898790095271593,NA,NA,NA,1
RFX3,8,0,0,0.898790095271593,NA,NA,NA,1
ZNF611,11,0,0,0.898909886773946,NA,NA,NA,1
ATG16L1,2,0,0,0.899432511108271,NA,NA,NA,1
EFHD2,6,0,0,0.899432511108271,NA,NA,NA,1
EID2B,5,0,0,0.899432511108271,NA,NA,NA,1
PSMC3IP,3,0,0,0.899432511108271,NA,NA,NA,1
RNASET2,7,0,0,0.899432511108271,NA,NA,NA,1
RXRA,14,0,0,0.899432511108271,NA,NA,NA,1
RYK,9,0,0,0.899432511108271,NA,NA,NA,1
TSPAN31,7,0,0,0.899432511108271,NA,NA,NA,1
ZBTB10,17,0,0,0.899432511108271,NA,NA,NA,1
ALAS1,4,0,0,0.899522342264175,NA,NA,NA,1
CEBPA,5,0,0,0.899522342264175,NA,NA,NA,1
SAP30L,5,0,0,0.899580721287769,NA,NA,NA,1
HECTD3,4,0,0,0.899764084626751,NA,NA,NA,1
PTPRF,8,0,0,0.900336850152113,NA,NA,NA,1
PDPK1,10,0,0,0.900382840822801,NA,NA,NA,1
USP20,2,0,0,0.900382840822801,NA,NA,NA,1
RNF138,10,0,0,0.900635510213924,NA,NA,NA,1
ADAP1,3,0,0,0.900699855157674,NA,NA,NA,1
AK3,9,0,0,0.900699855157674,NA,NA,NA,1
ANKRD37,2,0,0,0.900699855157674,NA,NA,NA,1
BEX3,8,0,0,0.900699855157674,NA,NA,NA,1
BST2,2,0,0,0.900699855157674,NA,NA,NA,1
C16orf95,2,0,0,0.900699855157674,NA,NA,NA,1
CADM3,12,0,0,0.900699855157674,NA,NA,NA,1
CCNC,9,0,0,0.900699855157674,NA,NA,NA,1
CDC7,8,0,0,0.900699855157674,NA,NA,NA,1
CDK14,4,0,0,0.900699855157674,NA,NA,NA,1
COL6A1,4,0,0,0.900699855157674,NA,NA,NA,1
COX17,6,0,0,0.900699855157674,NA,NA,NA,1
CUTC,2,0,0,0.900699855157674,NA,NA,NA,1
DBT,13,0,0,0.900699855157674,NA,NA,NA,1
DCLRE1A,2,0,0,0.900699855157674,NA,NA,NA,1
DHODH,7,0,0,0.900699855157674,NA,NA,NA,1
DIP2B,10,0,0,0.900699855157674,NA,NA,NA,1
DMD,6,0,0,0.900699855157674,NA,NA,NA,1
DNAJC1,6,0,0,0.900699855157674,NA,NA,NA,1
EFEMP1,8,0,0,0.900699855157674,NA,NA,NA,1
EHBP1L1,4,0,0,0.900699855157674,NA,NA,NA,1
EIF2AK4,3,0,0,0.900699855157674,NA,NA,NA,1
ENC1,6,0,0,0.900699855157674,NA,NA,NA,1
ENDOV,7,0,0,0.900699855157674,NA,NA,NA,1
EPM2A,3,0,0,0.900699855157674,NA,NA,NA,1
EXOSC8,4,0,0,0.900699855157674,NA,NA,NA,1
FASTKD3,2,0,0,0.900699855157674,NA,NA,NA,1
FEN1,3,0,0,0.900699855157674,NA,NA,NA,1
GCNT1,10,0,0,0.900699855157674,NA,NA,NA,1
GCNT4,4,0,0,0.900699855157674,NA,NA,NA,1
GNS,8,0,0,0.900699855157674,NA,NA,NA,1
GPBP1L1,8,0,0,0.900699855157674,NA,NA,NA,1
H2AFV,8,0,0,0.900699855157674,NA,NA,NA,1
HECA,8,0,0,0.900699855157674,NA,NA,NA,1
HELQ,3,0,0,0.900699855157674,NA,NA,NA,1
HMGXB4,6,0,0,0.900699855157674,NA,NA,NA,1
IFNK,3,0,0,0.900699855157674,NA,NA,NA,1
IL18,3,0,0,0.900699855157674,NA,NA,NA,1
ITGB8,15,0,0,0.900699855157674,NA,NA,NA,1
KLC3,2,0,0,0.900699855157674,NA,NA,NA,1
LAD1,9,0,0,0.900699855157674,NA,NA,NA,1
LTBP2,4,0,0,0.900699855157674,NA,NA,NA,1
MLH1,6,0,0,0.900699855157674,NA,NA,NA,1
MOB3C,6,0,0,0.900699855157674,NA,NA,NA,1
MRPL57,10,0,0,0.900699855157674,NA,NA,NA,1
N4BP2L1,5,0,0,0.900699855157674,NA,NA,NA,1
NDUFAF4,5,0,0,0.900699855157674,NA,NA,NA,1
NFATC2,2,0,0,0.900699855157674,NA,NA,NA,1
NFE2L2,19,0,0,0.900699855157674,NA,NA,NA,1
NOB1,4,0,0,0.900699855157674,NA,NA,NA,1
OTUD6B,11,0,0,0.900699855157674,NA,NA,NA,1
PARP2,2,0,0,0.900699855157674,NA,NA,NA,1
PEX12,3,0,0,0.900699855157674,NA,NA,NA,1
PGAM1,4,0,0,0.900699855157674,NA,NA,NA,1
PHF21A,8,0,0,0.900699855157674,NA,NA,NA,1
PLEKHB2,8,0,0,0.900699855157674,NA,NA,NA,1
POLD4,2,0,0,0.900699855157674,NA,NA,NA,1
PPP1R15B,23,0,0,0.900699855157674,NA,NA,NA,1
PRMT1,5,0,0,0.900699855157674,NA,NA,NA,1
PTBP3,11,0,0,0.900699855157674,NA,NA,NA,1
QRSL1,10,0,0,0.900699855157674,NA,NA,NA,1
RAB35,5,0,0,0.900699855157674,NA,NA,NA,1
RBM15,12,0,0,0.900699855157674,NA,NA,NA,1
REPS1,13,0,0,0.900699855157674,NA,NA,NA,1
SAMD10,3,0,0,0.900699855157674,NA,NA,NA,1
SAP18,14,0,0,0.900699855157674,NA,NA,NA,1
SCO1,17,0,0,0.900699855157674,NA,NA,NA,1
SH3GLB2,8,0,0,0.900699855157674,NA,NA,NA,1
SLC39A10,4,0,0,0.900699855157674,NA,NA,NA,1
SNAI2,6,0,0,0.900699855157674,NA,NA,NA,1
SPINT1,6,0,0,0.900699855157674,NA,NA,NA,1
STAG2,7,0,0,0.900699855157674,NA,NA,NA,1
TACO1,6,0,0,0.900699855157674,NA,NA,NA,1
TBC1D23,6,0,0,0.900699855157674,NA,NA,NA,1
TCTA,2,0,0,0.900699855157674,NA,NA,NA,1
TMBIM6,10,0,0,0.900699855157674,NA,NA,NA,1
TNFSF10,2,0,0,0.900699855157674,NA,NA,NA,1
TNFSF9,9,0,0,0.900699855157674,NA,NA,NA,1
TRPS1,12,0,0,0.900699855157674,NA,NA,NA,1
UBE2Z,9,0,0,0.900699855157674,NA,NA,NA,1
VGLL4,11,0,0,0.900699855157674,NA,NA,NA,1
ZMYND19,6,0,0,0.900699855157674,NA,NA,NA,1
ZMYND8,4,0,0,0.900699855157674,NA,NA,NA,1
ZNF22,3,0,0,0.900699855157674,NA,NA,NA,1
ZNF697,9,0,0,0.900699855157674,NA,NA,NA,1
ZZEF1,5,0,0,0.900699855157674,NA,NA,NA,1
C6orf89,12,0,0,0.900974397411925,NA,NA,NA,1
CBX6,8,0,0,0.900974397411925,NA,NA,NA,1
IRX5,6,0,0,0.900974397411925,NA,NA,NA,1
NAA10,6,0,0,0.900974397411925,NA,NA,NA,1
BLZF1,7,0,0,0.901255745772717,NA,NA,NA,1
ZNF3,9,0,0,0.901255745772717,NA,NA,NA,1
PIGP,9,0,0,0.901533702147578,NA,NA,NA,1
SGPP2,2,0,0,0.901533702147578,NA,NA,NA,1
SRP68,7,0,0,0.901533702147578,NA,NA,NA,1
CLCC1,17,0,0,0.901549724511388,NA,NA,NA,1
ELAC1,8,0,0,0.901549724511388,NA,NA,NA,1
INPP5F,2,0,0,0.901549724511388,NA,NA,NA,1
NACC2,7,0,0,0.901549724511388,NA,NA,NA,1
RALB,2,0,0,0.901549724511388,NA,NA,NA,1
RALGAPA1,2,0,0,0.901549724511388,NA,NA,NA,1
TAF12,6,0,0,0.901549724511388,NA,NA,NA,1
BBS7,4,0,0,0.902027947681949,NA,NA,NA,1
SLC25A20,2,0,0,0.902118898613639,NA,NA,NA,1
USP48,5,0,0,0.902118898613639,NA,NA,NA,1
ACAA1,4,0,0,0.90232123229296,NA,NA,NA,1
ISCA2,13,0,0,0.902513870626208,NA,NA,NA,1
NADK,2,0,0,0.902513870626208,NA,NA,NA,1
SPPL2A,11,0,0,0.902513870626208,NA,NA,NA,1
SVIL,5,0,0,0.902513870626208,NA,NA,NA,1
BASP1,7,0,0,0.902520627198274,NA,NA,NA,1
FAM241A,11,0,0,0.902520627198274,NA,NA,NA,1
IL13RA1,10,0,0,0.902921173956587,NA,NA,NA,1
FASTK,3,0,0,0.903264739632197,NA,NA,NA,1
TIRAP,9,0,0,0.903651256858624,NA,NA,NA,1
ATF6,14,0,0,0.903722253387047,NA,NA,NA,1
CCDC122,2,0,0,0.904090672621226,NA,NA,NA,1
SYDE1,5,0,0,0.904440529384902,NA,NA,NA,1
MAN1A2,15,0,0,0.904571043111392,NA,NA,NA,1
ASNSD1,2,0,0,0.904604607038611,NA,NA,NA,1
ATP8B2,7,0,0,0.904604607038611,NA,NA,NA,1
BOLA3,3,0,0,0.904604607038611,NA,NA,NA,1
CMTR2,4,0,0,0.904604607038611,NA,NA,NA,1
CPD,22,0,0,0.904604607038611,NA,NA,NA,1
DNASE1L1,5,0,0,0.904604607038611,NA,NA,NA,1
GNPNAT1,20,0,0,0.904604607038611,NA,NA,NA,1
HMGB1,19,0,0,0.904604607038611,NA,NA,NA,1
MIOS,9,0,0,0.904604607038611,NA,NA,NA,1
MKNK2,2,0,0,0.904604607038611,NA,NA,NA,1
MLLT11,5,0,0,0.904604607038611,NA,NA,NA,1
NCOA6,4,0,0,0.904604607038611,NA,NA,NA,1
NNT,15,0,0,0.904604607038611,NA,NA,NA,1
RAD50,17,0,0,0.904604607038611,NA,NA,NA,1
RWDD1,6,0,0,0.904604607038611,NA,NA,NA,1
TCF7,4,0,0,0.904604607038611,NA,NA,NA,1
SMIM10L2B,2,0,0,0.904699001220366,NA,NA,NA,1
ABCA1,4,0,0,0.905614415108437,NA,NA,NA,1
CDKL3,2,0,0,0.905614415108437,NA,NA,NA,1
MST1L,2,0,0,0.905614415108437,NA,NA,NA,1
MED30,4,0,0,0.905719218386896,NA,NA,NA,1
LRIF1,10,0,0,0.905770904864111,NA,NA,NA,1
ARMCX3,6,0,0,0.906008123073488,NA,NA,NA,1
B3GAT3,3,0,0,0.906008123073488,NA,NA,NA,1
MAPK8IP2,2,0,0,0.906008123073488,NA,NA,NA,1
TRIM25,10,0,0,0.906008123073488,NA,NA,NA,1
ZNF141,2,0,0,0.906008123073488,NA,NA,NA,1
WTAP,3,0,0,0.906322173865478,NA,NA,NA,1
SLC25A4,6,0,0,0.906737800374219,NA,NA,NA,1
BSG,7,0,0,0.907039393773191,NA,NA,NA,1
CWC15,4,0,0,0.907039393773191,NA,NA,NA,1
WAC,5,0,0,0.907039393773191,NA,NA,NA,1
ZSCAN20,6,0,0,0.907039393773191,NA,NA,NA,1
ANKRD11,2,0,0,0.907052561794616,NA,NA,NA,1
ACAA2,7,0,0,0.907099508064936,NA,NA,NA,1
HOGA1,5,0,0,0.907099508064936,NA,NA,NA,1
SERPINA3,2,0,0,0.907099508064936,NA,NA,NA,1
CEBPZ,3,0,0,0.90713059262678,NA,NA,NA,1
METTL6,11,0,0,0.90713059262678,NA,NA,NA,1
TRAK1,8,0,0,0.90713059262678,NA,NA,NA,1
HCCS,5,0,0,0.90723419672969,NA,NA,NA,1
PICALM,14,0,0,0.90723419672969,NA,NA,NA,1
ARMC9,4,0,0,0.90724522320573,NA,NA,NA,1
SGPL1,8,0,0,0.907332332945718,NA,NA,NA,1
ZBTB37,10,0,0,0.907332332945718,NA,NA,NA,1
ABCC3,4,0,0,0.907334024718052,NA,NA,NA,1
AP2M1,2,0,0,0.907334024718052,NA,NA,NA,1
C5orf30,7,0,0,0.907334024718052,NA,NA,NA,1
COPS6,7,0,0,0.907334024718052,NA,NA,NA,1
NCSTN,4,0,0,0.907334024718052,NA,NA,NA,1
NDUFB8,3,0,0,0.907334024718052,NA,NA,NA,1
SNAP47,13,0,0,0.907334024718052,NA,NA,NA,1
TRIM14,14,0,0,0.907334024718052,NA,NA,NA,1
HDHD2,9,0,0,0.907352580547727,NA,NA,NA,1
USP38,20,0,0,0.907493699640879,NA,NA,NA,1
TGFB1,9,0,0,0.907570616605895,NA,NA,NA,1
EIF5A2,18,0,0,0.907730156534103,NA,NA,NA,1
SIX5,3,0,0,0.907812355636101,NA,NA,NA,1
CYB5A,7,0,0,0.908046550795791,NA,NA,NA,1
RTF1,8,0,0,0.908046550795791,NA,NA,NA,1
PTPN2,2,0,0,0.908338116423605,NA,NA,NA,1
DAB2IP,2,0,0,0.908365131179772,NA,NA,NA,1
TSPYL4,5,0,0,0.908523781192914,NA,NA,NA,1
RPS6KB1,7,0,0,0.908792584640643,NA,NA,NA,1
TRIM5,5,0,0,0.908792584640643,NA,NA,NA,1
ADAMTSL5,5,0,0,0.909223878189734,NA,NA,NA,1
ADTRP,4,0,0,0.909223878189734,NA,NA,NA,1
C1orf159,2,0,0,0.909223878189734,NA,NA,NA,1
C7orf50,4,0,0,0.909223878189734,NA,NA,NA,1
CD81,7,0,0,0.909223878189734,NA,NA,NA,1
DOCK6,3,0,0,0.909223878189734,NA,NA,NA,1
EDRF1,4,0,0,0.909223878189734,NA,NA,NA,1
GTF2B,5,0,0,0.909223878189734,NA,NA,NA,1
IVNS1ABP,24,0,0,0.909223878189734,NA,NA,NA,1
KLHL26,7,0,0,0.909223878189734,NA,NA,NA,1
NANS,4,0,0,0.909223878189734,NA,NA,NA,1
NDUFC1,3,0,0,0.909223878189734,NA,NA,NA,1
POFUT2,3,0,0,0.909223878189734,NA,NA,NA,1
PURB,10,0,0,0.909223878189734,NA,NA,NA,1
RAB40C,2,0,0,0.909223878189734,NA,NA,NA,1
SH3TC1,2,0,0,0.909223878189734,NA,NA,NA,1
SLC7A1,11,0,0,0.909223878189734,NA,NA,NA,1
SLCO1B3,8,0,0,0.909223878189734,NA,NA,NA,1
STX4,4,0,0,0.909223878189734,NA,NA,NA,1
TOR1B,9,0,0,0.909223878189734,NA,NA,NA,1
ZMPSTE24,10,0,0,0.909223878189734,NA,NA,NA,1
ARFGAP1,4,0,0,0.909262012433356,NA,NA,NA,1
FUT1,2,0,0,0.909262012433356,NA,NA,NA,1
STT3B,9,0,0,0.909262012433356,NA,NA,NA,1
TM9SF4,11,0,0,0.909262012433356,NA,NA,NA,1
YPEL3,2,0,0,0.909396524198752,NA,NA,NA,1
ARPP19,16,0,0,0.909677587525259,NA,NA,NA,1
EED,8,0,0,0.910299369883573,NA,NA,NA,1
EEF2KMT,7,0,0,0.910299369883573,NA,NA,NA,1
SH2B1,2,0,0,0.910299369883573,NA,NA,NA,1
SESN1,3,0,0,0.910325439769417,NA,NA,NA,1
KCTD2,4,0,0,0.91035653146936,NA,NA,NA,1
SMG9,9,0,0,0.91035653146936,NA,NA,NA,1
UFSP1,5,0,0,0.91035653146936,NA,NA,NA,1
CEACAM1,2,0,0,0.910517458185612,NA,NA,NA,1
SMURF1,5,0,0,0.910517458185612,NA,NA,NA,1
MACF1,9,0,0,0.910741226932613,NA,NA,NA,1
PPIH,4,0,0,0.910924752743029,NA,NA,NA,1
DDX21,11,0,0,0.911278017366822,NA,NA,NA,1
FGFBP1,8,0,0,0.911278017366822,NA,NA,NA,1
SFI1,2,0,0,0.911278017366822,NA,NA,NA,1
TMED9,6,0,0,0.911278017366822,NA,NA,NA,1
ITLN2,2,0,0,0.91131539803101,NA,NA,NA,1
ZNF613,4,0,0,0.911481229732448,NA,NA,NA,1
ADIPOR2,8,0,0,0.911730311030345,NA,NA,NA,1
BAG4,6,0,0,0.911730311030345,NA,NA,NA,1
CCM2,3,0,0,0.911730311030345,NA,NA,NA,1
CD44,9,0,0,0.911730311030345,NA,NA,NA,1
CRISPLD2,2,0,0,0.911730311030345,NA,NA,NA,1
KLF5,5,0,0,0.911730311030345,NA,NA,NA,1
MLX,13,0,0,0.911730311030345,NA,NA,NA,1
MTHFD1,7,0,0,0.911730311030345,NA,NA,NA,1
NADK2,13,0,0,0.911730311030345,NA,NA,NA,1
SEL1L3,3,0,0,0.911730311030345,NA,NA,NA,1
TUSC2,4,0,0,0.911730311030345,NA,NA,NA,1
CNOT11,5,0,0,0.911856755950601,NA,NA,NA,1
ZNF175,6,0,0,0.911856755950601,NA,NA,NA,1
MCM9,4,0,0,0.912132438489092,NA,NA,NA,1
ZW10,4,0,0,0.912173779793973,NA,NA,NA,1
CHCHD2,4,0,0,0.912347053526671,NA,NA,NA,1
RPS19,4,0,0,0.912347053526671,NA,NA,NA,1
SEC63,7,0,0,0.912347053526671,NA,NA,NA,1
SEMA3C,7,0,0,0.912347053526671,NA,NA,NA,1
ZNF704,14,0,0,0.912347053526671,NA,NA,NA,1
CHD3,2,0,0,0.912437307657086,NA,NA,NA,1
KATNB1,3,0,0,0.912437307657086,NA,NA,NA,1
MBD5,7,0,0,0.912437307657086,NA,NA,NA,1
MBNL2,9,0,0,0.912437307657086,NA,NA,NA,1
MCFD2,7,0,0,0.912437307657086,NA,NA,NA,1
MOCS1,7,0,0,0.912437307657086,NA,NA,NA,1
MTERF3,2,0,0,0.912437307657086,NA,NA,NA,1
N4BP2L2,5,0,0,0.912437307657086,NA,NA,NA,1
NDUFAB1,5,0,0,0.912437307657086,NA,NA,NA,1
PAX8,3,0,0,0.912437307657086,NA,NA,NA,1
PRKD2,3,0,0,0.912437307657086,NA,NA,NA,1
PRR14L,4,0,0,0.912437307657086,NA,NA,NA,1
PTPN18,4,0,0,0.912437307657086,NA,NA,NA,1
PTRHD1,8,0,0,0.912437307657086,NA,NA,NA,1
RARA,3,0,0,0.912437307657086,NA,NA,NA,1
RBBP4,15,0,0,0.912437307657086,NA,NA,NA,1
SLC1A4,12,0,0,0.912437307657086,NA,NA,NA,1
SLC25A10,5,0,0,0.912437307657086,NA,NA,NA,1
SNRPD2,2,0,0,0.912437307657086,NA,NA,NA,1
STYK1,5,0,0,0.912437307657086,NA,NA,NA,1
TAZ,2,0,0,0.912437307657086,NA,NA,NA,1
THOC2,3,0,0,0.912437307657086,NA,NA,NA,1
TIMM21,6,0,0,0.912437307657086,NA,NA,NA,1
TPMT,8,0,0,0.912437307657086,NA,NA,NA,1
USF2,4,0,0,0.912437307657086,NA,NA,NA,1
GORASP2,12,0,0,0.912627667911293,NA,NA,NA,1
GTPBP3,3,0,0,0.912627667911293,NA,NA,NA,1
MGAT2,10,0,0,0.912627667911293,NA,NA,NA,1
SERPINE1,9,0,0,0.912627667911293,NA,NA,NA,1
TUSC3,19,0,0,0.913069906186648,NA,NA,NA,1
GPR63,5,0,0,0.913379139437547,NA,NA,NA,1
ZNF638,6,0,0,0.913414443846487,NA,NA,NA,1
RPLP0,2,0,0,0.913674084798198,NA,NA,NA,1
SCEL,5,0,0,0.913674084798198,NA,NA,NA,1
GALK2,8,0,0,0.913916183672647,NA,NA,NA,1
TM2D1,3,0,0,0.914241831434393,NA,NA,NA,1
AMACR,4,0,0,0.91435420904245,NA,NA,NA,1
ARL2BP,12,0,0,0.91435420904245,NA,NA,NA,1
DENND5A,4,0,0,0.91435420904245,NA,NA,NA,1
DYRK4,4,0,0,0.91435420904245,NA,NA,NA,1
FAM46B,2,0,0,0.91435420904245,NA,NA,NA,1
GPX8,11,0,0,0.91435420904245,NA,NA,NA,1
GMDS,3,0,0,0.914759127025665,NA,NA,NA,1
DPY19L4,8,0,0,0.915133654963182,NA,NA,NA,1
KLF2,2,0,0,0.915983463897766,NA,NA,NA,1
APOBEC3F,3,0,0,0.916790479787241,NA,NA,NA,1
TNFSF12-TNFSF13,2,0,0,0.917167136976941,NA,NA,NA,1
PODNL1,3,0,0,0.917258592117885,NA,NA,NA,1
RAB12,5,0,0,0.917258592117885,NA,NA,NA,1
SNCA,6,0,0,0.917258592117885,NA,NA,NA,1
SNRNP48,16,0,0,0.917258592117885,NA,NA,NA,1
STK38L,15,0,0,0.917258592117885,NA,NA,NA,1
TMEM231,6,0,0,0.917258592117885,NA,NA,NA,1
TNIP1,6,0,0,0.917258592117885,NA,NA,NA,1
VPS13D,7,0,0,0.917258592117885,NA,NA,NA,1
ACSL4,12,0,0,0.917941796220312,NA,NA,NA,1
FZD6,5,0,0,0.917941796220312,NA,NA,NA,1
PODXL,6,0,0,0.917941796220312,NA,NA,NA,1
RRP12,2,0,0,0.917941796220312,NA,NA,NA,1
YBX1,6,0,0,0.917941796220312,NA,NA,NA,1
ZNF281,5,0,0,0.917941796220312,NA,NA,NA,1
ZNF283,12,0,0,0.917941796220312,NA,NA,NA,1
MAVS,16,0,0,0.917995751169827,NA,NA,NA,1
CABLES1,7,0,0,0.918094749667662,NA,NA,NA,1
CDYL,4,0,0,0.918101623306766,NA,NA,NA,1
IRF9,2,0,0,0.918101623306766,NA,NA,NA,1
SF3B5,4,0,0,0.918101623306766,NA,NA,NA,1
ZNF253,10,0,0,0.918448058816357,NA,NA,NA,1
ZNF564,9,0,0,0.918448058816357,NA,NA,NA,1
ADAMTS6,2,0,0,0.918481522722003,NA,NA,NA,1
FAM171A1,4,0,0,0.918503834034871,NA,NA,NA,1
FUNDC1,3,0,0,0.918503834034871,NA,NA,NA,1
SC5D,9,0,0,0.918503834034871,NA,NA,NA,1
STC1,7,0,0,0.918503834034871,NA,NA,NA,1
POPDC3,4,0,0,0.918867321569488,NA,NA,NA,1
FAM161B,8,0,0,0.919055553183763,NA,NA,NA,1
CCNG2,6,0,0,0.919090750865984,NA,NA,NA,1
RGP1,17,0,0,0.919090750865984,NA,NA,NA,1
CELF1,10,0,0,0.919345630805625,NA,NA,NA,1
MRPS21,7,0,0,0.919345630805625,NA,NA,NA,1
P3H4,2,0,0,0.919345630805625,NA,NA,NA,1
PKIA,12,0,0,0.919345630805625,NA,NA,NA,1
PTRH1,5,0,0,0.919345630805625,NA,NA,NA,1
ZNF747,10,0,0,0.919345630805625,NA,NA,NA,1
INSR,11,0,0,0.919514254137602,NA,NA,NA,1
CDK4,11,0,0,0.919582377083401,NA,NA,NA,1
AGO1,17,0,0,0.919595276009473,NA,NA,NA,1
AP5B1,4,0,0,0.919595276009473,NA,NA,NA,1
CD276,4,0,0,0.919658002662691,NA,NA,NA,1
MRPS28,5,0,0,0.919658002662691,NA,NA,NA,1
PPP2R2A,7,0,0,0.919658002662691,NA,NA,NA,1
SHTN1,13,0,0,0.919658002662691,NA,NA,NA,1
HECTD4,3,0,0,0.919794952584551,NA,NA,NA,1
MZF1,2,0,0,0.919794952584551,NA,NA,NA,1
JARID2,6,0,0,0.919890183720733,NA,NA,NA,1
MYL12B,12,0,0,0.919890183720733,NA,NA,NA,1
RAB23,6,0,0,0.919890183720733,NA,NA,NA,1
KDR,3,0,0,0.919901718404518,NA,NA,NA,1
TCF7L2,4,0,0,0.91995646528918,NA,NA,NA,1
ETS1,6,0,0,0.920113863081558,NA,NA,NA,1
KIAA0100,3,0,0,0.920113863081558,NA,NA,NA,1
MAP3K8,2,0,0,0.920113863081558,NA,NA,NA,1
MED18,2,0,0,0.920113863081558,NA,NA,NA,1
MKL1,4,0,0,0.920113863081558,NA,NA,NA,1
PTGES2,2,0,0,0.920113863081558,NA,NA,NA,1
VAPB,12,0,0,0.920113863081558,NA,NA,NA,1
TMEM139,3,0,0,0.920253653768663,NA,NA,NA,1
ANKRD49,7,0,0,0.920778433241188,NA,NA,NA,1
RNF40,5,0,0,0.920778433241188,NA,NA,NA,1
TSEN54,2,0,0,0.920778433241188,NA,NA,NA,1
FAS,10,0,0,0.920974257470811,NA,NA,NA,1
FRS3,3,0,0,0.920974257470811,NA,NA,NA,1
DENND3,4,0,0,0.921034063412733,NA,NA,NA,1
FNDC3A,9,0,0,0.921034063412733,NA,NA,NA,1
NRL,5,0,0,0.921034063412733,NA,NA,NA,1
RPL10A,6,0,0,0.921034063412733,NA,NA,NA,1
TDP1,6,0,0,0.921034063412733,NA,NA,NA,1
ZNF181,4,0,0,0.921112757140912,NA,NA,NA,1
KIFC3,2,0,0,0.921346973961197,NA,NA,NA,1
MAFG,5,0,0,0.921346973961197,NA,NA,NA,1
MOSPD2,6,0,0,0.921346973961197,NA,NA,NA,1
SPOUT1,2,0,0,0.921346973961197,NA,NA,NA,1
TRPC1,4,0,0,0.921346973961197,NA,NA,NA,1
ZNF654,10,0,0,0.921407770437037,NA,NA,NA,1
BRPF1,2,0,0,0.921434932447612,NA,NA,NA,1
DDX47,7,0,0,0.921434932447612,NA,NA,NA,1
CUEDC2,3,0,0,0.921599257681923,NA,NA,NA,1
PARP14,5,0,0,0.921599257681923,NA,NA,NA,1
RPS2,7,0,0,0.921599257681923,NA,NA,NA,1
OSBPL9,19,0,0,0.92200726662234,NA,NA,NA,1
PCGF6,3,0,0,0.92200726662234,NA,NA,NA,1
PLA2G4B,5,0,0,0.92200726662234,NA,NA,NA,1
RPS27A,4,0,0,0.92200726662234,NA,NA,NA,1
TMEM115,7,0,0,0.92200726662234,NA,NA,NA,1
TPRA1,7,0,0,0.92200726662234,NA,NA,NA,1
UBE2S,9,0,0,0.92200726662234,NA,NA,NA,1
VASP,12,0,0,0.92200726662234,NA,NA,NA,1
CABLES2,10,0,0,0.922243185632559,NA,NA,NA,1
PLRG1,6,0,0,0.922243185632559,NA,NA,NA,1
SIM2,8,0,0,0.922243185632559,NA,NA,NA,1
CEBPB,5,0,0,0.922413664967456,NA,NA,NA,1
TIMP3,14,0,0,0.922413664967456,NA,NA,NA,1
EIF3M,9,0,0,0.922962343061675,NA,NA,NA,1
TRAPPC13,8,0,0,0.922962343061675,NA,NA,NA,1
PRPF38B,15,0,0,0.922983883768639,NA,NA,NA,1
MYO1D,2,0,0,0.923032218801724,NA,NA,NA,1
HSPA4,10,0,0,0.923078133478949,NA,NA,NA,1
KCNK2,2,0,0,0.923078133478949,NA,NA,NA,1
RHOC,4,0,0,0.923078133478949,NA,NA,NA,1
KIN,6,0,0,0.92337314670297,NA,NA,NA,1
MYORG,5,0,0,0.92337314670297,NA,NA,NA,1
RBM19,3,0,0,0.92337314670297,NA,NA,NA,1
TMEM248,9,0,0,0.92337314670297,NA,NA,NA,1
LIN9,6,0,0,0.923794792934142,NA,NA,NA,1
TMEM160,2,0,0,0.923794792934142,NA,NA,NA,1
AGAP5,3,0,0,0.924100700872112,NA,NA,NA,1
BRK1,8,0,0,0.924100700872112,NA,NA,NA,1
GRK2,5,0,0,0.924100700872112,NA,NA,NA,1
MICALCL,4,0,0,0.924100700872112,NA,NA,NA,1
MYO18A,5,0,0,0.924100700872112,NA,NA,NA,1
SLC26A11,2,0,0,0.924100700872112,NA,NA,NA,1
SUB1,14,0,0,0.924139123685524,NA,NA,NA,1
ZNF836,2,0,0,0.924139123685524,NA,NA,NA,1
PPT1,10,0,0,0.924325575624457,NA,NA,NA,1
CDK8,3,0,0,0.924339109161731,NA,NA,NA,1
API5,7,0,0,0.924451212392427,NA,NA,NA,1
SETDB2-PHF11,2,0,0,0.924519700922454,NA,NA,NA,1
SLC37A1,3,0,0,0.924540588740658,NA,NA,NA,1
H2AFY,6,0,0,0.924548710749314,NA,NA,NA,1
ZNF669,7,0,0,0.924683302984337,NA,NA,NA,1
GRB10,5,0,0,0.9248304988368,NA,NA,NA,1
OSBPL2,14,0,0,0.9248304988368,NA,NA,NA,1
PCSK1,6,0,0,0.924914714214887,NA,NA,NA,1
TMEM189-UBE2V1,7,0,0,0.924914714214887,NA,NA,NA,1
CLASP2,5,0,0,0.925205988852441,NA,NA,NA,1
IFI44L,4,0,0,0.925328548701997,NA,NA,NA,1
EXOSC5,4,0,0,0.92542696146434,NA,NA,NA,1
MPP5,5,0,0,0.92542696146434,NA,NA,NA,1
PPP1CA,3,0,0,0.92542696146434,NA,NA,NA,1
GEMIN7,3,0,0,0.925858673300732,NA,NA,NA,1
ATG5,10,0,0,0.926325531585219,NA,NA,NA,1
KIF4A,4,0,0,0.926325531585219,NA,NA,NA,1
PPP1R7,5,0,0,0.926325531585219,NA,NA,NA,1
R3HCC1L,3,0,0,0.926325531585219,NA,NA,NA,1
RGMB,8,0,0,0.926325531585219,NA,NA,NA,1
RREB1,7,0,0,0.926325531585219,NA,NA,NA,1
ZNF326,15,0,0,0.926325531585219,NA,NA,NA,1
TRAM1,13,0,0,0.926326545308288,NA,NA,NA,1
AFAP1L2,6,0,0,0.92635424956238,NA,NA,NA,1
ARIH2,4,0,0,0.92635424956238,NA,NA,NA,1
KANK2,4,0,0,0.92635424956238,NA,NA,NA,1
ZCCHC10,7,0,0,0.92635424956238,NA,NA,NA,1
GPAT4,9,0,0,0.926737535834765,NA,NA,NA,1
TLN1,6,0,0,0.926737535834765,NA,NA,NA,1
TRMT2A,4,0,0,0.926737535834765,NA,NA,NA,1
ACTRT3,7,0,0,0.927348250650246,NA,NA,NA,1
EDN1,2,0,0,0.927442117840029,NA,NA,NA,1
FAM124A,3,0,0,0.927442117840029,NA,NA,NA,1
MCIDAS,11,0,0,0.927442117840029,NA,NA,NA,1
ZNF718,2,0,0,0.927442117840029,NA,NA,NA,1
TNNT1,4,0,0,0.927550188723579,NA,NA,NA,1
EPRS,3,0,0,0.927678667359191,NA,NA,NA,1
FLII,3,0,0,0.927678667359191,NA,NA,NA,1
MRPL47,14,0,0,0.927678667359191,NA,NA,NA,1
FTSJ3,5,0,0,0.927736483919662,NA,NA,NA,1
MORF4L2,9,0,0,0.927811576684329,NA,NA,NA,1
RRP1B,7,0,0,0.927933519647596,NA,NA,NA,1
SEC14L1,2,0,0,0.927933519647596,NA,NA,NA,1
PXN,6,0,0,0.927937747467935,NA,NA,NA,1
CAMSAP1,4,0,0,0.928176188006396,NA,NA,NA,1
PLSCR1,13,0,0,0.928176188006396,NA,NA,NA,1
ZNF25,5,0,0,0.928176188006396,NA,NA,NA,1
NHSL1,4,0,0,0.928335234323133,NA,NA,NA,1
GADD45A,5,0,0,0.928337623243369,NA,NA,NA,1
XPC,2,0,0,0.928337623243369,NA,NA,NA,1
USF3,2,0,0,0.928653564117108,NA,NA,NA,1
BABAM2,5,0,0,0.928726612781237,NA,NA,NA,1
DLAT,13,0,0,0.928726612781237,NA,NA,NA,1
KATNBL1,5,0,0,0.928726612781237,NA,NA,NA,1
GCN1,5,0,0,0.929349829218631,NA,NA,NA,1
CYP26B1,2,0,0,0.92999863172893,NA,NA,NA,1
CDC42BPA,14,0,0,0.930498020768795,NA,NA,NA,1
DKC1,3,0,0,0.930498020768795,NA,NA,NA,1
EDF1,6,0,0,0.930498020768795,NA,NA,NA,1
GATA3,8,0,0,0.930498020768795,NA,NA,NA,1
IFIH1,3,0,0,0.930498020768795,NA,NA,NA,1
MKKS,5,0,0,0.930498020768795,NA,NA,NA,1
PPIL3,7,0,0,0.930498020768795,NA,NA,NA,1
TCTN3,6,0,0,0.930498020768795,NA,NA,NA,1
CIT,6,0,0,0.930526818697175,NA,NA,NA,1
NPDC1,3,0,0,0.930526818697175,NA,NA,NA,1
INTU,6,0,0,0.930723723812831,NA,NA,NA,1
KHDRBS3,3,0,0,0.931163055151996,NA,NA,NA,1
MANSC1,5,0,0,0.931163055151996,NA,NA,NA,1
NFIC,9,0,0,0.931163055151996,NA,NA,NA,1
PPP2R5C,11,0,0,0.931207119512916,NA,NA,NA,1
CLTCL1,2,0,0,0.931213920547999,NA,NA,NA,1
MAGOH,2,0,0,0.931213920547999,NA,NA,NA,1
TRIM41,2,0,0,0.931213920547999,NA,NA,NA,1
ALG9,6,0,0,0.931237076001661,NA,NA,NA,1
ANGEL1,3,0,0,0.931237076001661,NA,NA,NA,1
ITGAE,2,0,0,0.931237076001661,NA,NA,NA,1
TMEM106B,11,0,0,0.931237076001661,NA,NA,NA,1
FBXL19,5,0,0,0.931534208499878,NA,NA,NA,1
NPAT,18,0,0,0.931534208499878,NA,NA,NA,1
DNAL1,9,0,0,0.931548169219518,NA,NA,NA,1
KIAA1107,2,0,0,0.931548169219518,NA,NA,NA,1
GON4L,8,0,0,0.931581961968871,NA,NA,NA,1
LRRFIP2,9,0,0,0.931581961968871,NA,NA,NA,1
ZNF525,3,0,0,0.931581961968871,NA,NA,NA,1
HSPE1-MOB4,11,0,0,0.931706081230292,NA,NA,NA,1
MAML3,3,0,0,0.931706081230292,NA,NA,NA,1
PARP1,11,0,0,0.931706081230292,NA,NA,NA,1
SEC13,4,0,0,0.931706081230292,NA,NA,NA,1
SLC35B4,17,0,0,0.931706081230292,NA,NA,NA,1
WNK1,8,0,0,0.931706081230292,NA,NA,NA,1
ZNF324B,12,0,0,0.93174564653805,NA,NA,NA,1
DGKQ,5,0,0,0.932108315266979,NA,NA,NA,1
DUS4L,6,0,0,0.932108315266979,NA,NA,NA,1
DVL2,2,0,0,0.932108315266979,NA,NA,NA,1
HOXC13,2,0,0,0.932108315266979,NA,NA,NA,1
ILF2,8,0,0,0.932108315266979,NA,NA,NA,1
ITGA2,5,0,0,0.932108315266979,NA,NA,NA,1
ITGB5,4,0,0,0.932108315266979,NA,NA,NA,1
LRIG2,6,0,0,0.932108315266979,NA,NA,NA,1
POP1,7,0,0,0.932108315266979,NA,NA,NA,1
PPP2R3C,2,0,0,0.932108315266979,NA,NA,NA,1
ROBO3,2,0,0,0.932108315266979,NA,NA,NA,1
TMEM14B,4,0,0,0.932108315266979,NA,NA,NA,1
ZNF574,3,0,0,0.932108315266979,NA,NA,NA,1
ZNF880,4,0,0,0.932108315266979,NA,NA,NA,1
BHLHE41,2,0,0,0.932224426285985,NA,NA,NA,1
FBN1,10,0,0,0.932360118527315,NA,NA,NA,1
CASP3,4,0,0,0.932375163197309,NA,NA,NA,1
TRIQK,9,0,0,0.932375163197309,NA,NA,NA,1
ZNF45,12,0,0,0.932375163197309,NA,NA,NA,1
SDCCAG3,5,0,0,0.932556200004624,NA,NA,NA,1
TP63,2,0,0,0.932582521034478,NA,NA,NA,1
BAG5,10,0,0,0.932630752935617,NA,NA,NA,1
CWC22,4,0,0,0.932630752935617,NA,NA,NA,1
DUSP19,5,0,0,0.932630752935617,NA,NA,NA,1
ELF4,2,0,0,0.932630752935617,NA,NA,NA,1
FLVCR2,2,0,0,0.932630752935617,NA,NA,NA,1
IGFBP4,5,0,0,0.932630752935617,NA,NA,NA,1
MPHOSPH6,8,0,0,0.932630752935617,NA,NA,NA,1
RFC1,6,0,0,0.932630752935617,NA,NA,NA,1
RSBN1L,10,0,0,0.932630752935617,NA,NA,NA,1
TRPM2,3,0,0,0.932630752935617,NA,NA,NA,1
TGM5,2,0,0,0.932652575693018,NA,NA,NA,1
CD2AP,15,0,0,0.932678005737822,NA,NA,NA,1
FNDC3B,15,0,0,0.932678005737822,NA,NA,NA,1
METTL7A,6,0,0,0.932678005737822,NA,NA,NA,1
MTSS1,4,0,0,0.932678005737822,NA,NA,NA,1
SLC25A29,3,0,0,0.932678005737822,NA,NA,NA,1
TMEM206,4,0,0,0.932678005737822,NA,NA,NA,1
DMKN,2,0,0,0.932905473716854,NA,NA,NA,1
DDX54,4,0,0,0.93324642337589,NA,NA,NA,1
UBASH3B,8,0,0,0.933468615587436,NA,NA,NA,1
CCDC71,4,0,0,0.93379391666396,NA,NA,NA,1
FAM198B,9,0,0,0.93379391666396,NA,NA,NA,1
IWS1,5,0,0,0.93379391666396,NA,NA,NA,1
OSER1,6,0,0,0.93379391666396,NA,NA,NA,1
PITPNC1,13,0,0,0.93379391666396,NA,NA,NA,1
SPA17,5,0,0,0.93379391666396,NA,NA,NA,1
TAOK3,3,0,0,0.93379391666396,NA,NA,NA,1
ZNF48,5,0,0,0.93379391666396,NA,NA,NA,1
ZNRF1,3,0,0,0.93379391666396,NA,NA,NA,1
SPRY2,3,0,0,0.933839131173017,NA,NA,NA,1
CRYBG2,2,0,0,0.933896462163191,NA,NA,NA,1
PLCD3,6,0,0,0.933896462163191,NA,NA,NA,1
TIMM9,14,0,0,0.933896462163191,NA,NA,NA,1
PARP8,7,0,0,0.933919051498152,NA,NA,NA,1
PRKRIP1,4,0,0,0.934256902470198,NA,NA,NA,1
RAB11FIP2,9,0,0,0.93433050842195,NA,NA,NA,1
SLAIN2,10,0,0,0.93433050842195,NA,NA,NA,1
PDF,16,0,0,0.9348149938613,NA,NA,NA,1
RIOK1,4,0,0,0.9348149938613,NA,NA,NA,1
ARSD,5,0,0,0.934856911717812,NA,NA,NA,1
ICA1L,5,0,0,0.934856911717812,NA,NA,NA,1
CRTC3,3,0,0,0.934912388603437,NA,NA,NA,1
IER5,10,0,0,0.935205754465695,NA,NA,NA,1
TMEM100,3,0,0,0.935205754465695,NA,NA,NA,1
ANXA6,7,0,0,0.935388906656255,NA,NA,NA,1
ATG4D,3,0,0,0.935388906656255,NA,NA,NA,1
DNAJC19,10,0,0,0.935388906656255,NA,NA,NA,1
HECTD2,7,0,0,0.935388906656255,NA,NA,NA,1
LRRC49,5,0,0,0.935388906656255,NA,NA,NA,1
MYLK,2,0,0,0.935388906656255,NA,NA,NA,1
SDC4,9,0,0,0.935388906656255,NA,NA,NA,1
SIAH1,8,0,0,0.935388906656255,NA,NA,NA,1
SLC19A1,7,0,0,0.935388906656255,NA,NA,NA,1
SLC22A23,5,0,0,0.935388906656255,NA,NA,NA,1
SMG1,9,0,0,0.935388906656255,NA,NA,NA,1
SIRT2,2,0,0,0.935642926444417,NA,NA,NA,1
DNAAF2,5,0,0,0.936215401399392,NA,NA,NA,1
NECTIN4,2,0,0,0.936215401399392,NA,NA,NA,1
PEX26,25,0,0,0.936215401399392,NA,NA,NA,1
ZNF467,2,0,0,0.936215401399392,NA,NA,NA,1
RPAP3,7,0,0,0.936301633104482,NA,NA,NA,1
CLDN12,5,0,0,0.936318978598581,NA,NA,NA,1
HAUS3,2,0,0,0.936318978598581,NA,NA,NA,1
PNPLA8,7,0,0,0.936318978598581,NA,NA,NA,1
RBM4,3,0,0,0.936318978598581,NA,NA,NA,1
TSGA10,2,0,0,0.936318978598581,NA,NA,NA,1
ZCWPW2,5,0,0,0.936318978598581,NA,NA,NA,1
C9orf40,5,0,0,0.936372783662316,NA,NA,NA,1
EBAG9,6,0,0,0.936372783662316,NA,NA,NA,1
PDLIM4,7,0,0,0.936372783662316,NA,NA,NA,1
RHBDD1,11,0,0,0.936372783662316,NA,NA,NA,1
SDK2,2,0,0,0.936372783662316,NA,NA,NA,1
SH2B3,3,0,0,0.936372783662316,NA,NA,NA,1
SIPA1L1,5,0,0,0.936372783662316,NA,NA,NA,1
SLC7A6,12,0,0,0.936372783662316,NA,NA,NA,1
UHRF1BP1L,14,0,0,0.936372783662316,NA,NA,NA,1
DMAC1,9,0,0,0.936633868968127,NA,NA,NA,1
TCN2,2,0,0,0.936633868968127,NA,NA,NA,1
TYW1,2,0,0,0.936633868968127,NA,NA,NA,1
ZNF106,10,0,0,0.936633868968127,NA,NA,NA,1
CNN2,2,0,0,0.936804819273196,NA,NA,NA,1
DBR1,5,0,0,0.936897989617279,NA,NA,NA,1
ACTR10,9,0,0,0.937089759436779,NA,NA,NA,1
NDUFA2,3,0,0,0.937191333681815,NA,NA,NA,1
SNRPA1,2,0,0,0.937191333681815,NA,NA,NA,1
ADGRG6,8,0,0,0.937266636211641,NA,NA,NA,1
CBY1,3,0,0,0.937266636211641,NA,NA,NA,1
GLG1,7,0,0,0.937266636211641,NA,NA,NA,1
PCDH1,4,0,0,0.937266636211641,NA,NA,NA,1
SYNGR2,7,0,0,0.937266636211641,NA,NA,NA,1
CCDC91,7,0,0,0.937391193370348,NA,NA,NA,1
ATP5I,3,0,0,0.937803717720497,NA,NA,NA,1
ABCB10,6,0,0,0.937924629828882,NA,NA,NA,1
C2orf76,2,0,0,0.937924629828882,NA,NA,NA,1
CPOX,7,0,0,0.938116033206497,NA,NA,NA,1
SLC2A3,4,0,0,0.938116033206497,NA,NA,NA,1
MEGF9,5,0,0,0.938217343588064,NA,NA,NA,1
PTGFRN,8,0,0,0.938217343588064,NA,NA,NA,1
B4GALT2,2,0,0,0.938322797756185,NA,NA,NA,1
ZNF432,4,0,0,0.938322797756185,NA,NA,NA,1
ELK3,5,0,0,0.938856651414618,NA,NA,NA,1
CDC42EP1,7,0,0,0.939142829436133,NA,NA,NA,1
RAD23A,5,0,0,0.939142829436133,NA,NA,NA,1
TRAPPC2,5,0,0,0.939142829436133,NA,NA,NA,1
CMBL,6,0,0,0.939260860167709,NA,NA,NA,1
EIF3H,10,0,0,0.939260860167709,NA,NA,NA,1
HABP4,5,0,0,0.939260860167709,NA,NA,NA,1
IQCH,3,0,0,0.939260860167709,NA,NA,NA,1
MEA1,8,0,0,0.939260860167709,NA,NA,NA,1
PITPNM3,3,0,0,0.939260860167709,NA,NA,NA,1
SETBP1,3,0,0,0.939260860167709,NA,NA,NA,1
TRAPPC5,3,0,0,0.939260860167709,NA,NA,NA,1
FAM110C,4,0,0,0.939362629003886,NA,NA,NA,1
NRF1,6,0,0,0.939727182367004,NA,NA,NA,1
SEMA5A,7,0,0,0.939727182367004,NA,NA,NA,1
CCDC88C,3,0,0,0.940574204157474,NA,NA,NA,1
PIGZ,3,0,0,0.940574204157474,NA,NA,NA,1
CCDC82,5,0,0,0.940646696664257,NA,NA,NA,1
DDX23,5,0,0,0.940646696664257,NA,NA,NA,1
DDX46,14,0,0,0.940646696664257,NA,NA,NA,1
DGCR2,10,0,0,0.940646696664257,NA,NA,NA,1
DNAJC12,5,0,0,0.940646696664257,NA,NA,NA,1
WDTC1,10,0,0,0.940646696664257,NA,NA,NA,1
ZCCHC11,2,0,0,0.940646696664257,NA,NA,NA,1
ZNF414,2,0,0,0.940646696664257,NA,NA,NA,1
RPS6KA5,8,0,0,0.940830431685043,NA,NA,NA,1
ASPM,3,0,0,0.940856010260989,NA,NA,NA,1
CALCOCO2,18,0,0,0.940856010260989,NA,NA,NA,1
DUSP22,5,0,0,0.940856010260989,NA,NA,NA,1
FOXA2,3,0,0,0.940856010260989,NA,NA,NA,1
MIS18A,4,0,0,0.940856010260989,NA,NA,NA,1
PLOD3,2,0,0,0.940856010260989,NA,NA,NA,1
PRAG1,3,0,0,0.940856010260989,NA,NA,NA,1
RGS17,13,0,0,0.940856010260989,NA,NA,NA,1
TMED5,13,0,0,0.940856010260989,NA,NA,NA,1
ZDHHC18,3,0,0,0.940856010260989,NA,NA,NA,1
CAPN5,7,0,0,0.9409319321702,NA,NA,NA,1
RAB3D,13,0,0,0.941108166849166,NA,NA,NA,1
RSL1D1,9,0,0,0.941108166849166,NA,NA,NA,1
MSH3,8,0,0,0.94120841954163,NA,NA,NA,1
ZMAT2,11,0,0,0.94120841954163,NA,NA,NA,1
ILVBL,2,0,0,0.94124769946112,NA,NA,NA,1
UBA5,26,0,0,0.94124769946112,NA,NA,NA,1
UBE2Q2,7,0,0,0.94124769946112,NA,NA,NA,1
ACADSB,13,0,0,0.941447859011862,NA,NA,NA,1
ADCY3,5,0,0,0.941447859011862,NA,NA,NA,1
LCOR,17,0,0,0.941447859011862,NA,NA,NA,1
C15orf40,2,0,0,0.94151360786709,NA,NA,NA,1
CARF,10,0,0,0.94151360786709,NA,NA,NA,1
CEP250,3,0,0,0.94151360786709,NA,NA,NA,1
DMTF1,7,0,0,0.94151360786709,NA,NA,NA,1
FAM196B,5,0,0,0.94151360786709,NA,NA,NA,1
GMCL1,11,0,0,0.94151360786709,NA,NA,NA,1
HIST3H2A,3,0,0,0.94151360786709,NA,NA,NA,1
HMGXB3,3,0,0,0.94151360786709,NA,NA,NA,1
NSG1,13,0,0,0.94151360786709,NA,NA,NA,1
NSMCE2,7,0,0,0.94151360786709,NA,NA,NA,1
OLA1,6,0,0,0.94151360786709,NA,NA,NA,1
RERE,5,0,0,0.94151360786709,NA,NA,NA,1
RRM1,7,0,0,0.94151360786709,NA,NA,NA,1
SAMD11,2,0,0,0.94151360786709,NA,NA,NA,1
SLC20A1,5,0,0,0.94151360786709,NA,NA,NA,1
ST6GAL2,3,0,0,0.94151360786709,NA,NA,NA,1
TEX30,5,0,0,0.94151360786709,NA,NA,NA,1
WDFY3,13,0,0,0.94151360786709,NA,NA,NA,1
YY1,15,0,0,0.94151360786709,NA,NA,NA,1
ZDHHC9,15,0,0,0.94151360786709,NA,NA,NA,1
ZMYM1,10,0,0,0.94151360786709,NA,NA,NA,1
PDCD5,3,0,0,0.941776139806553,NA,NA,NA,1
CNST,8,0,0,0.941951580884507,NA,NA,NA,1
BNIP3L,7,0,0,0.942110755324867,NA,NA,NA,1
IMMT,5,0,0,0.942110755324867,NA,NA,NA,1
PRKACB,7,0,0,0.942110755324867,NA,NA,NA,1
VPS37B,6,0,0,0.942110755324867,NA,NA,NA,1
PIM1,5,0,0,0.942170963202942,NA,NA,NA,1
KCTD17,3,0,0,0.942206870892638,NA,NA,NA,1
ZBTB7B,4,0,0,0.942206870892638,NA,NA,NA,1
LETM1,10,0,0,0.942373516169823,NA,NA,NA,1
IGBP1,4,0,0,0.942458154398154,NA,NA,NA,1
SKIL,9,0,0,0.942656500985979,NA,NA,NA,1
ABCC2,14,0,0,0.94305251861301,NA,NA,NA,1
APMAP,2,0,0,0.94305251861301,NA,NA,NA,1
CD40,9,0,0,0.94305251861301,NA,NA,NA,1
DDX1,4,0,0,0.94305251861301,NA,NA,NA,1
FZD4,3,0,0,0.94305251861301,NA,NA,NA,1
INHBA,9,0,0,0.94305251861301,NA,NA,NA,1
RBFA,10,0,0,0.94305251861301,NA,NA,NA,1
SENP5,14,0,0,0.94305251861301,NA,NA,NA,1
ZNF586,7,0,0,0.94305251861301,NA,NA,NA,1
ARPC4,2,0,0,0.943444015114483,NA,NA,NA,1
C21orf2,3,0,0,0.943444015114483,NA,NA,NA,1
CFAP69,4,0,0,0.943444015114483,NA,NA,NA,1
FAM133B,8,0,0,0.943444015114483,NA,NA,NA,1
GALNS,3,0,0,0.943444015114483,NA,NA,NA,1
GDE1,6,0,0,0.943444015114483,NA,NA,NA,1
KMT2C,12,0,0,0.943444015114483,NA,NA,NA,1
MTX3,7,0,0,0.943444015114483,NA,NA,NA,1
OSBPL6,6,0,0,0.943444015114483,NA,NA,NA,1
PAPD5,8,0,0,0.943444015114483,NA,NA,NA,1
PVR,5,0,0,0.943444015114483,NA,NA,NA,1
SMCO3,4,0,0,0.943444015114483,NA,NA,NA,1
TNS4,11,0,0,0.943444015114483,NA,NA,NA,1
C11orf45,4,0,0,0.943462650736059,NA,NA,NA,1
TXLNG,10,0,0,0.943462650736059,NA,NA,NA,1
ACADM,10,0,0,0.943487920335985,NA,NA,NA,1
ANKRD18A,4,0,0,0.943487920335985,NA,NA,NA,1
DKK3,5,0,0,0.943487920335985,NA,NA,NA,1
EIF2B2,5,0,0,0.943487920335985,NA,NA,NA,1
FAM126A,10,0,0,0.943487920335985,NA,NA,NA,1
HIST1H2AL,5,0,0,0.943487920335985,NA,NA,NA,1
ING5,5,0,0,0.943487920335985,NA,NA,NA,1
KLF7,7,0,0,0.943487920335985,NA,NA,NA,1
PPP4R2,7,0,0,0.943487920335985,NA,NA,NA,1
YTHDF1,4,0,0,0.943487920335985,NA,NA,NA,1
ZNF593,2,0,0,0.943487920335985,NA,NA,NA,1
RPL13,32,0,0,0.943595402071979,NA,NA,NA,1
CAPN7,7,0,0,0.943832980301283,NA,NA,NA,1
KIF18B,3,0,0,0.943832980301283,NA,NA,NA,1
MTMR12,5,0,0,0.943832980301283,NA,NA,NA,1
DDX6,13,0,0,0.943855986965588,NA,NA,NA,1
FAM76B,8,0,0,0.943855986965588,NA,NA,NA,1
KCNK7,2,0,0,0.943855986965588,NA,NA,NA,1
MPC2,11,0,0,0.943855986965588,NA,NA,NA,1
ADAMTS1,6,0,0,0.94390233493896,NA,NA,NA,1
PPIL4,9,0,0,0.94390233493896,NA,NA,NA,1
RAI14,4,0,0,0.94390233493896,NA,NA,NA,1
SOX9,7,0,0,0.943912173852808,NA,NA,NA,1
MSS51,4,0,0,0.943935536383064,NA,NA,NA,1
SLC25A37,9,0,0,0.944108051504079,NA,NA,NA,1
NOL10,10,0,0,0.944143092383628,NA,NA,NA,1
ATG2A,2,0,0,0.944188162538342,NA,NA,NA,1
COQ3,3,0,0,0.944188162538342,NA,NA,NA,1
FAM83D,4,0,0,0.944188162538342,NA,NA,NA,1
FBN2,2,0,0,0.944188162538342,NA,NA,NA,1
FXR2,3,0,0,0.944188162538342,NA,NA,NA,1
GLA,7,0,0,0.944188162538342,NA,NA,NA,1
GLOD4,10,0,0,0.944188162538342,NA,NA,NA,1
INTS2,6,0,0,0.944188162538342,NA,NA,NA,1
KDM8,2,0,0,0.944188162538342,NA,NA,NA,1
KIF1C,10,0,0,0.944188162538342,NA,NA,NA,1
MSX2,7,0,0,0.944188162538342,NA,NA,NA,1
NOTCH3,4,0,0,0.944188162538342,NA,NA,NA,1
SMIM1,5,0,0,0.944188162538342,NA,NA,NA,1
TAF1D,4,0,0,0.944188162538342,NA,NA,NA,1
CNIH2,3,0,0,0.9443503384394,NA,NA,NA,1
DNAJC22,8,0,0,0.9443503384394,NA,NA,NA,1
EGFLAM,9,0,0,0.9443503384394,NA,NA,NA,1
EIF4EBP1,4,0,0,0.9443503384394,NA,NA,NA,1
NTHL1,2,0,0,0.9443503384394,NA,NA,NA,1
REC8,3,0,0,0.9443503384394,NA,NA,NA,1
SETDB1,6,0,0,0.9443503384394,NA,NA,NA,1
VAV2,5,0,0,0.9443503384394,NA,NA,NA,1
WNT5A,8,0,0,0.9443503384394,NA,NA,NA,1
ZNF180,4,0,0,0.9443503384394,NA,NA,NA,1
DBN1,7,0,0,0.944495473150881,NA,NA,NA,1
FGF5,9,0,0,0.944495473150881,NA,NA,NA,1
LCA5,4,0,0,0.944495473150881,NA,NA,NA,1
SEMA3F,2,0,0,0.944495473150881,NA,NA,NA,1
SFT2D2,18,0,0,0.944495473150881,NA,NA,NA,1
STK10,3,0,0,0.944495473150881,NA,NA,NA,1
BIVM,6,0,0,0.944555057292391,NA,NA,NA,1
PSMG1,7,0,0,0.944650464779042,NA,NA,NA,1
TIAM1,2,0,0,0.944653654038335,NA,NA,NA,1
ZNF580,3,0,0,0.944721705262786,NA,NA,NA,1
SEC23IP,8,0,0,0.945038067201853,NA,NA,NA,1
LEMD2,3,0,0,0.945122923469578,NA,NA,NA,1
PABPC4,4,0,0,0.945122923469578,NA,NA,NA,1
ERN1,3,0,0,0.945185657796629,NA,NA,NA,1
RNF146,9,0,0,0.945264997456318,NA,NA,NA,1
ZC3H4,3,0,0,0.945264997456318,NA,NA,NA,1
DDX19B,8,0,0,0.945306691829849,NA,NA,NA,1
HS3ST3A1,11,0,0,0.945349134776304,NA,NA,NA,1
TROAP,2,0,0,0.945927891357072,NA,NA,NA,1
DDX20,8,0,0,0.946192389040723,NA,NA,NA,1
IMP4,16,0,0,0.946297756861065,NA,NA,NA,1
ARFGAP2,7,0,0,0.946361264337908,NA,NA,NA,1
BORA,2,0,0,0.946361264337908,NA,NA,NA,1
CCDC125,2,0,0,0.946361264337908,NA,NA,NA,1
DCP1B,2,0,0,0.946361264337908,NA,NA,NA,1
ORC3,6,0,0,0.946361264337908,NA,NA,NA,1
PAPD7,3,0,0,0.946361264337908,NA,NA,NA,1
UTP20,3,0,0,0.946361264337908,NA,NA,NA,1
WBP4,5,0,0,0.946361264337908,NA,NA,NA,1
C19orf47,8,0,0,0.946539392703026,NA,NA,NA,1
CRKL,11,0,0,0.946539392703026,NA,NA,NA,1
DIO2,2,0,0,0.946539392703026,NA,NA,NA,1
GAREM2,3,0,0,0.946539392703026,NA,NA,NA,1
MIA3,18,0,0,0.946539392703026,NA,NA,NA,1
PTPRG,7,0,0,0.946539392703026,NA,NA,NA,1
TUBGCP2,6,0,0,0.946539392703026,NA,NA,NA,1
COPRS,3,0,0,0.946688705255594,NA,NA,NA,1
TMEM8A,4,0,0,0.946688705255594,NA,NA,NA,1
TNPO1,19,0,0,0.946688705255594,NA,NA,NA,1
CLGN,6,0,0,0.946730353021333,NA,NA,NA,1
STX17,16,0,0,0.946730353021333,NA,NA,NA,1
ZNF142,12,0,0,0.946730353021333,NA,NA,NA,1
SGSM2,2,0,0,0.946955475639803,NA,NA,NA,1
SELENOM,2,0,0,0.946979288135577,NA,NA,NA,1
APLF,5,0,0,0.947029070865851,NA,NA,NA,1
AVPI1,6,0,0,0.947029070865851,NA,NA,NA,1
CASP8AP2,2,0,0,0.947029070865851,NA,NA,NA,1
EPCAM,4,0,0,0.947029070865851,NA,NA,NA,1
SEMA3B,3,0,0,0.947029070865851,NA,NA,NA,1
SLC7A5,6,0,0,0.947029070865851,NA,NA,NA,1
SMIM7,11,0,0,0.947029070865851,NA,NA,NA,1
TRMT44,6,0,0,0.947029070865851,NA,NA,NA,1
ELP6,6,0,0,0.94704064591146,NA,NA,NA,1
LTA4H,7,0,0,0.94704064591146,NA,NA,NA,1
MYL6,8,0,0,0.94704064591146,NA,NA,NA,1
ZNF710,2,0,0,0.94704064591146,NA,NA,NA,1
AMMECR1L,7,0,0,0.947502356984579,NA,NA,NA,1
AVL9,9,0,0,0.947502356984579,NA,NA,NA,1
C4orf33,3,0,0,0.947502356984579,NA,NA,NA,1
EPB41L4A,3,0,0,0.947502356984579,NA,NA,NA,1
IL31RA,2,0,0,0.947502356984579,NA,NA,NA,1
PPP1R3D,5,0,0,0.947502356984579,NA,NA,NA,1
RNASE4,2,0,0,0.947502356984579,NA,NA,NA,1
SF3A2,2,0,0,0.947502356984579,NA,NA,NA,1
SLC25A46,12,0,0,0.947502356984579,NA,NA,NA,1
STMN3,3,0,0,0.947502356984579,NA,NA,NA,1
VAV3,4,0,0,0.947502356984579,NA,NA,NA,1
ZNF146,7,0,0,0.947502356984579,NA,NA,NA,1
ZNF462,9,0,0,0.947502356984579,NA,NA,NA,1
SARM1,6,0,0,0.9476007886198,NA,NA,NA,1
TRIM35,11,0,0,0.94768808790699,NA,NA,NA,1
NEK4,7,0,0,0.947779700662538,NA,NA,NA,1
SPART,12,0,0,0.947779700662538,NA,NA,NA,1
SRC,3,0,0,0.948071169997404,NA,NA,NA,1
PJVK,2,0,0,0.948129449761976,NA,NA,NA,1
ACTR6,3,0,0,0.948562677816151,NA,NA,NA,1
ANKRD12,8,0,0,0.948562677816151,NA,NA,NA,1
CEP170B,2,0,0,0.948562677816151,NA,NA,NA,1
CHMP4A,6,0,0,0.948562677816151,NA,NA,NA,1
CLHC1,4,0,0,0.948562677816151,NA,NA,NA,1
CMIP,6,0,0,0.948562677816151,NA,NA,NA,1
DDX42,6,0,0,0.948562677816151,NA,NA,NA,1
GNG5,6,0,0,0.948562677816151,NA,NA,NA,1
GPR137B,16,0,0,0.948562677816151,NA,NA,NA,1
HSD17B1,2,0,0,0.948562677816151,NA,NA,NA,1
KCNS3,2,0,0,0.948562677816151,NA,NA,NA,1
KLHL11,4,0,0,0.948562677816151,NA,NA,NA,1
LMBR1L,4,0,0,0.948562677816151,NA,NA,NA,1
LMBRD2,13,0,0,0.948562677816151,NA,NA,NA,1
MED16,3,0,0,0.948562677816151,NA,NA,NA,1
MRPL11,2,0,0,0.948562677816151,NA,NA,NA,1
NEDD4L,17,0,0,0.948562677816151,NA,NA,NA,1
NSD2,10,0,0,0.948562677816151,NA,NA,NA,1
PIGG,4,0,0,0.948562677816151,NA,NA,NA,1
PLK2,5,0,0,0.948562677816151,NA,NA,NA,1
POLR3H,12,0,0,0.948562677816151,NA,NA,NA,1
PRDX3,8,0,0,0.948562677816151,NA,NA,NA,1
RAB7A,13,0,0,0.948562677816151,NA,NA,NA,1
RHBDF1,4,0,0,0.948562677816151,NA,NA,NA,1
RPL35A,6,0,0,0.948562677816151,NA,NA,NA,1
SLC2A1,20,0,0,0.948562677816151,NA,NA,NA,1
SNW1,4,0,0,0.948562677816151,NA,NA,NA,1
TET3,5,0,0,0.948562677816151,NA,NA,NA,1
THOC3,2,0,0,0.948562677816151,NA,NA,NA,1
TMEM121,2,0,0,0.948562677816151,NA,NA,NA,1
TMX3,10,0,0,0.948562677816151,NA,NA,NA,1
TNK1,2,0,0,0.948562677816151,NA,NA,NA,1
TRAF2,11,0,0,0.948562677816151,NA,NA,NA,1
TSC2,2,0,0,0.948562677816151,NA,NA,NA,1
TSEN2,5,0,0,0.948562677816151,NA,NA,NA,1
ZNF354C,5,0,0,0.948562677816151,NA,NA,NA,1
BOD1L1,5,0,0,0.948874176662175,NA,NA,NA,1
RPS23,13,0,0,0.948927985497976,NA,NA,NA,1
CNOT4,2,0,0,0.949049527701011,NA,NA,NA,1
RRP9,3,0,0,0.949049527701011,NA,NA,NA,1
MOB1A,13,0,0,0.949208416340818,NA,NA,NA,1
NCAPH,5,0,0,0.949208416340818,NA,NA,NA,1
ALG14,9,0,0,0.949212976467271,NA,NA,NA,1
BBS4,3,0,0,0.949212976467271,NA,NA,NA,1
C2orf15,4,0,0,0.949212976467271,NA,NA,NA,1
CHTF18,2,0,0,0.949212976467271,NA,NA,NA,1
CS,5,0,0,0.949212976467271,NA,NA,NA,1
FAM8A1,13,0,0,0.949212976467271,NA,NA,NA,1
FBLIM1,3,0,0,0.949212976467271,NA,NA,NA,1
GALNT12,3,0,0,0.949212976467271,NA,NA,NA,1
HIST1H2BL,4,0,0,0.949212976467271,NA,NA,NA,1
KCNQ3,5,0,0,0.949212976467271,NA,NA,NA,1
KIRREL1,8,0,0,0.949212976467271,NA,NA,NA,1
KMT5A,4,0,0,0.949212976467271,NA,NA,NA,1
LDAH,9,0,0,0.949212976467271,NA,NA,NA,1
MECR,2,0,0,0.949212976467271,NA,NA,NA,1
MYPN,3,0,0,0.949212976467271,NA,NA,NA,1
NOL11,6,0,0,0.949212976467271,NA,NA,NA,1
NOP56,2,0,0,0.949212976467271,NA,NA,NA,1
NPTN,6,0,0,0.949212976467271,NA,NA,NA,1
PAPSS1,3,0,0,0.949212976467271,NA,NA,NA,1
PDE4A,2,0,0,0.949212976467271,NA,NA,NA,1
PLEKHA2,2,0,0,0.949212976467271,NA,NA,NA,1
PTGES,2,0,0,0.949212976467271,NA,NA,NA,1
SDF4,4,0,0,0.949212976467271,NA,NA,NA,1
SLC8B1,2,0,0,0.949212976467271,NA,NA,NA,1
SNRK,6,0,0,0.949212976467271,NA,NA,NA,1
TFB2M,2,0,0,0.949212976467271,NA,NA,NA,1
TMEM14A,3,0,0,0.949212976467271,NA,NA,NA,1
TMUB2,2,0,0,0.949212976467271,NA,NA,NA,1
TRNP1,13,0,0,0.949212976467271,NA,NA,NA,1
TWIST2,3,0,0,0.949212976467271,NA,NA,NA,1
UGT8,8,0,0,0.949212976467271,NA,NA,NA,1
ZFAND3,5,0,0,0.949212976467271,NA,NA,NA,1
ZNF516,8,0,0,0.949212976467271,NA,NA,NA,1
TBC1D4,9,0,0,0.94953513752335,NA,NA,NA,1
ARSJ,8,0,0,0.94978309065466,NA,NA,NA,1
LYAR,5,0,0,0.949969685433806,NA,NA,NA,1
NAPG,11,0,0,0.949969685433806,NA,NA,NA,1
AGO4,4,0,0,0.950062605337625,NA,NA,NA,1
DENND6A,4,0,0,0.950075020741297,NA,NA,NA,1
NT5C2,14,0,0,0.950278328037529,NA,NA,NA,1
PHLDB1,4,0,0,0.950278328037529,NA,NA,NA,1
FN1,14,0,0,0.950280638003827,NA,NA,NA,1
KIAA1191,5,0,0,0.950280638003827,NA,NA,NA,1
MED26,2,0,0,0.950280638003827,NA,NA,NA,1
NDUFAF7,7,0,0,0.950280638003827,NA,NA,NA,1
POLG2,3,0,0,0.950280638003827,NA,NA,NA,1
SNAPC1,10,0,0,0.950280638003827,NA,NA,NA,1
SS18,18,0,0,0.950280638003827,NA,NA,NA,1
STK39,8,0,0,0.950280638003827,NA,NA,NA,1
USP30,4,0,0,0.950280638003827,NA,NA,NA,1
NECTIN3,6,0,0,0.950377670842183,NA,NA,NA,1
ACTG1,14,0,0,0.95040757956115,NA,NA,NA,1
CREG1,10,0,0,0.95040757956115,NA,NA,NA,1
CTXN1,3,0,0,0.95040757956115,NA,NA,NA,1
ZNF792,9,0,0,0.95040757956115,NA,NA,NA,1
AP4E1,4,0,0,0.950459320423596,NA,NA,NA,1
ATXN1,11,0,0,0.950459320423596,NA,NA,NA,1
B4GALT6,6,0,0,0.950459320423596,NA,NA,NA,1
CCDC85C,13,0,0,0.950459320423596,NA,NA,NA,1
CELSR2,7,0,0,0.950459320423596,NA,NA,NA,1
CHD1,6,0,0,0.950459320423596,NA,NA,NA,1
CRTC1,5,0,0,0.950459320423596,NA,NA,NA,1
GALNT6,3,0,0,0.950459320423596,NA,NA,NA,1
HADH,6,0,0,0.950459320423596,NA,NA,NA,1
HERPUD2,5,0,0,0.950459320423596,NA,NA,NA,1
LSM6,10,0,0,0.950459320423596,NA,NA,NA,1
MAGED2,3,0,0,0.950459320423596,NA,NA,NA,1
MDH1,3,0,0,0.950459320423596,NA,NA,NA,1
NIPAL2,6,0,0,0.950459320423596,NA,NA,NA,1
SAE1,2,0,0,0.950459320423596,NA,NA,NA,1
SETD2,4,0,0,0.950459320423596,NA,NA,NA,1
SLC16A1,15,0,0,0.950459320423596,NA,NA,NA,1
ZNF770,4,0,0,0.950459320423596,NA,NA,NA,1
ZNF416,2,0,0,0.951003286995875,NA,NA,NA,1
CHIC1,7,0,0,0.951189884339134,NA,NA,NA,1
FAM171B,3,0,0,0.951213717011704,NA,NA,NA,1
DNAJB5,7,0,0,0.951555754604186,NA,NA,NA,1
LGALS1,3,0,0,0.951589756292367,NA,NA,NA,1
ANK2,5,0,0,0.951714609977443,NA,NA,NA,1
ARID3B,4,0,0,0.951714609977443,NA,NA,NA,1
C17orf80,4,0,0,0.951714609977443,NA,NA,NA,1
FAXDC2,2,0,0,0.951714609977443,NA,NA,NA,1
MAP4,6,0,0,0.951714609977443,NA,NA,NA,1
MNT,6,0,0,0.951714609977443,NA,NA,NA,1
PLAGL2,3,0,0,0.951714609977443,NA,NA,NA,1
SORT1,9,0,0,0.951714609977443,NA,NA,NA,1
USP19,3,0,0,0.951714609977443,NA,NA,NA,1
ASPSCR1,2,0,0,0.95209549564305,NA,NA,NA,1
LSM5,15,0,0,0.95209549564305,NA,NA,NA,1
TMEM184A,5,0,0,0.95209549564305,NA,NA,NA,1
S100A6,4,0,0,0.952680679174717,NA,NA,NA,1
HSF1,3,0,0,0.953064402429514,NA,NA,NA,1
CEP126,3,0,0,0.953511686125831,NA,NA,NA,1
SUGP2,2,0,0,0.953669893090294,NA,NA,NA,1
ACOT2,2,0,0,0.953705859342976,NA,NA,NA,1
C16orf87,12,0,0,0.953749320398288,NA,NA,NA,1
CENPI,14,0,0,0.953749320398288,NA,NA,NA,1
ZBTB17,4,0,0,0.953749320398288,NA,NA,NA,1
IFNAR2,7,0,0,0.954068374856135,NA,NA,NA,1
ZSCAN31,4,0,0,0.954068374856135,NA,NA,NA,1
ZXDB,5,0,0,0.954068374856135,NA,NA,NA,1
CDC42EP4,8,0,0,0.954100644951429,NA,NA,NA,1
FMO4,3,0,0,0.954100644951429,NA,NA,NA,1
FPGS,5,0,0,0.954100644951429,NA,NA,NA,1
GOLGA8B,8,0,0,0.954100644951429,NA,NA,NA,1
KCTD9,8,0,0,0.954100644951429,NA,NA,NA,1
TBC1D15,11,0,0,0.954100644951429,NA,NA,NA,1
ABCD3,7,0,0,0.954172134563511,NA,NA,NA,1
AKIRIN2,7,0,0,0.954172134563511,NA,NA,NA,1
AURKB,3,0,0,0.954172134563511,NA,NA,NA,1
NHLRC3,12,0,0,0.954172134563511,NA,NA,NA,1
PIGL,6,0,0,0.954172134563511,NA,NA,NA,1
RNF8,6,0,0,0.954172134563511,NA,NA,NA,1
SIRPA,6,0,0,0.954172134563511,NA,NA,NA,1
SKIDA1,3,0,0,0.954172134563511,NA,NA,NA,1
WNT9A,2,0,0,0.954172134563511,NA,NA,NA,1
ACOT7,3,0,0,0.954236220067584,NA,NA,NA,1
ATP2A2,3,0,0,0.954236220067584,NA,NA,NA,1
MRPL51,8,0,0,0.954236220067584,NA,NA,NA,1
PJA1,3,0,0,0.954236220067584,NA,NA,NA,1
ALDH9A1,4,0,0,0.954457430900867,NA,NA,NA,1
SLC23A2,10,0,0,0.954457430900867,NA,NA,NA,1
C18orf65,2,0,0,0.954491561460435,NA,NA,NA,1
PSD4,6,0,0,0.954491561460435,NA,NA,NA,1
RAD51C,7,0,0,0.954491561460435,NA,NA,NA,1
RIOK2,4,0,0,0.95450014238161,NA,NA,NA,1
PCNA,5,0,0,0.954599951198714,NA,NA,NA,1
SMAD3,5,0,0,0.95490005814165,NA,NA,NA,1
PPP1R14C,3,0,0,0.954930211289956,NA,NA,NA,1
ASAH1,9,0,0,0.954989726142768,NA,NA,NA,1
BTBD11,3,0,0,0.954989726142768,NA,NA,NA,1
ZNF799,2,0,0,0.954989726142768,NA,NA,NA,1
POLR2E,13,0,0,0.955048320256436,NA,NA,NA,1
CCDC94,3,0,0,0.955085164255036,NA,NA,NA,1
COMMD9,4,0,0,0.955085164255036,NA,NA,NA,1
DNAJC30,14,0,0,0.955085164255036,NA,NA,NA,1
FSIP1,5,0,0,0.955085164255036,NA,NA,NA,1
PET100,2,0,0,0.955085164255036,NA,NA,NA,1
PILRB,5,0,0,0.955085164255036,NA,NA,NA,1
VSIG10L,7,0,0,0.955085164255036,NA,NA,NA,1
ZNF618,5,0,0,0.955085164255036,NA,NA,NA,1
ALKBH3,8,0,0,0.955266678192475,NA,NA,NA,1
CEP41,12,0,0,0.955579627184341,NA,NA,NA,1
ZNF765-ZNF761,2,0,0,0.955812765462548,NA,NA,NA,1
PLPP4,5,0,0,0.955866207682619,NA,NA,NA,1
TMED10,13,0,0,0.955866207682619,NA,NA,NA,1
HDAC5,2,0,0,0.956322952243609,NA,NA,NA,1
MIIP,2,0,0,0.956476611436668,NA,NA,NA,1
AFG1L,11,0,0,0.956514784468436,NA,NA,NA,1
CAPZA2,18,0,0,0.956514784468436,NA,NA,NA,1
EPHB2,5,0,0,0.956514784468436,NA,NA,NA,1
LRP3,2,0,0,0.956514784468436,NA,NA,NA,1
ERMAP,3,0,0,0.956626900741167,NA,NA,NA,1
CERK,7,0,0,0.956667765093179,NA,NA,NA,1
MUL1,3,0,0,0.956667765093179,NA,NA,NA,1
GPR156,5,0,0,0.956745308300291,NA,NA,NA,1
HLA-B,3,0,0,0.956745308300291,NA,NA,NA,1
NBPF20,2,0,0,0.956745308300291,NA,NA,NA,1
BICC1,5,0,0,0.956822100744735,NA,NA,NA,1
E2F2,2,0,0,0.956832902873337,NA,NA,NA,1
ARFRP1,6,0,0,0.956839784338995,NA,NA,NA,1
BOD1,6,0,0,0.956839784338995,NA,NA,NA,1
EBP,3,0,0,0.956839784338995,NA,NA,NA,1
MAIP1,8,0,0,0.956839784338995,NA,NA,NA,1
MEST,8,0,0,0.956839784338995,NA,NA,NA,1
NAAA,2,0,0,0.956839784338995,NA,NA,NA,1
NBDY,13,0,0,0.956839784338995,NA,NA,NA,1
NUDT2,3,0,0,0.956839784338995,NA,NA,NA,1
TMEM123,10,0,0,0.956839784338995,NA,NA,NA,1
ARHGAP39,3,0,0,0.956886890578389,NA,NA,NA,1
CNOT1,21,0,0,0.956886890578389,NA,NA,NA,1
COTL1,3,0,0,0.956886890578389,NA,NA,NA,1
EHBP1,4,0,0,0.956886890578389,NA,NA,NA,1
FBF1,3,0,0,0.956886890578389,NA,NA,NA,1
FLI1,2,0,0,0.956886890578389,NA,NA,NA,1
FST,4,0,0,0.956886890578389,NA,NA,NA,1
GCHFR,2,0,0,0.956886890578389,NA,NA,NA,1
HMGCL,2,0,0,0.956886890578389,NA,NA,NA,1
ISM1,3,0,0,0.956886890578389,NA,NA,NA,1
KAT2B,3,0,0,0.956886890578389,NA,NA,NA,1
L1CAM,5,0,0,0.956886890578389,NA,NA,NA,1
MAT2B,7,0,0,0.956886890578389,NA,NA,NA,1
MIPOL1,12,0,0,0.956886890578389,NA,NA,NA,1
MRPL22,3,0,0,0.956886890578389,NA,NA,NA,1
NCAPD2,4,0,0,0.956886890578389,NA,NA,NA,1
NKIRAS2,2,0,0,0.956886890578389,NA,NA,NA,1
PLPP1,6,0,0,0.956886890578389,NA,NA,NA,1
PPM1N,7,0,0,0.956886890578389,NA,NA,NA,1
RMI1,4,0,0,0.956886890578389,NA,NA,NA,1
RTL8A,4,0,0,0.956886890578389,NA,NA,NA,1
RTN1,7,0,0,0.956886890578389,NA,NA,NA,1
TMEM186,6,0,0,0.956886890578389,NA,NA,NA,1
ZFYVE19,2,0,0,0.956886890578389,NA,NA,NA,1
COL22A1,2,0,0,0.956946477597099,NA,NA,NA,1
CYP27B1,3,0,0,0.956946477597099,NA,NA,NA,1
EIF2B1,4,0,0,0.956946477597099,NA,NA,NA,1
EIF4A1,5,0,0,0.956946477597099,NA,NA,NA,1
EPHA5,3,0,0,0.956946477597099,NA,NA,NA,1
EPN2,9,0,0,0.956946477597099,NA,NA,NA,1
ETFB,2,0,0,0.956946477597099,NA,NA,NA,1
IFRD1,7,0,0,0.956946477597099,NA,NA,NA,1
JMJD8,4,0,0,0.956946477597099,NA,NA,NA,1
ORMDL1,15,0,0,0.956946477597099,NA,NA,NA,1
PKM,2,0,0,0.956946477597099,NA,NA,NA,1
PLS1,6,0,0,0.956946477597099,NA,NA,NA,1
PSENEN,5,0,0,0.956946477597099,NA,NA,NA,1
RAPGEF2,2,0,0,0.956946477597099,NA,NA,NA,1
RASSF3,4,0,0,0.956946477597099,NA,NA,NA,1
RIPK2,11,0,0,0.956946477597099,NA,NA,NA,1
TNS3,5,0,0,0.956946477597099,NA,NA,NA,1
TYRO3,2,0,0,0.956946477597099,NA,NA,NA,1
ZNF561,11,0,0,0.956946477597099,NA,NA,NA,1
CDC37L1,5,0,0,0.95702051699998,NA,NA,NA,1
EIF4ENIF1,5,0,0,0.95702051699998,NA,NA,NA,1
CXCL1,7,0,0,0.957101897384037,NA,NA,NA,1
PRKD1,3,0,0,0.9573865441272,NA,NA,NA,1
HELB,4,0,0,0.958005255823565,NA,NA,NA,1
ABRAXAS2,6,0,0,0.958359806556833,NA,NA,NA,1
ACOT8,3,0,0,0.958359806556833,NA,NA,NA,1
CEP85L,3,0,0,0.958359806556833,NA,NA,NA,1
DEPTOR,9,0,0,0.958359806556833,NA,NA,NA,1
GALE,2,0,0,0.958359806556833,NA,NA,NA,1
GPR137C,4,0,0,0.958359806556833,NA,NA,NA,1
MRPS17,4,0,0,0.958359806556833,NA,NA,NA,1
MRPS22,7,0,0,0.958359806556833,NA,NA,NA,1
NEO1,5,0,0,0.958359806556833,NA,NA,NA,1
PHYHIP,2,0,0,0.958359806556833,NA,NA,NA,1
CLCN4,9,0,0,0.958611190701767,NA,NA,NA,1
RPTOR,11,0,0,0.958763782950871,NA,NA,NA,1
RAB31,5,0,0,0.959488942277542,NA,NA,NA,1
ARHGAP17,3,0,0,0.959738261573335,NA,NA,NA,1
ATIC,14,0,0,0.959738261573335,NA,NA,NA,1
CCP110,4,0,0,0.959738261573335,NA,NA,NA,1
CDC42,6,0,0,0.959738261573335,NA,NA,NA,1
CNBP,17,0,0,0.959738261573335,NA,NA,NA,1
ENSA,14,0,0,0.959738261573335,NA,NA,NA,1
FAXC,15,0,0,0.959738261573335,NA,NA,NA,1
FGF2,9,0,0,0.959738261573335,NA,NA,NA,1
GPAM,3,0,0,0.959738261573335,NA,NA,NA,1
GPKOW,6,0,0,0.959738261573335,NA,NA,NA,1
GSTZ1,6,0,0,0.959738261573335,NA,NA,NA,1
INPP1,3,0,0,0.959738261573335,NA,NA,NA,1
MAP3K13,5,0,0,0.959738261573335,NA,NA,NA,1
MC1R,2,0,0,0.959738261573335,NA,NA,NA,1
PPP1R12C,3,0,0,0.959738261573335,NA,NA,NA,1
PRAF2,5,0,0,0.959738261573335,NA,NA,NA,1
RMDN3,3,0,0,0.959738261573335,NA,NA,NA,1
S100A2,4,0,0,0.959738261573335,NA,NA,NA,1
SLC26A2,3,0,0,0.959738261573335,NA,NA,NA,1
SNX24,8,0,0,0.959738261573335,NA,NA,NA,1
SORL1,8,0,0,0.959738261573335,NA,NA,NA,1
TEAD3,7,0,0,0.959738261573335,NA,NA,NA,1
THAP5,11,0,0,0.959738261573335,NA,NA,NA,1
TNFRSF10B,10,0,0,0.959738261573335,NA,NA,NA,1
TPR,12,0,0,0.959738261573335,NA,NA,NA,1
MARC1,9,0,0,0.959777334891108,NA,NA,NA,1
SNRPE,7,0,0,0.960113672281302,NA,NA,NA,1
ABCA6,2,0,0,0.960243053825859,NA,NA,NA,1
AHSA1,2,0,0,0.960243053825859,NA,NA,NA,1
CBL,6,0,0,0.960243053825859,NA,NA,NA,1
DNTTIP2,12,0,0,0.960243053825859,NA,NA,NA,1
HERC3,6,0,0,0.960243053825859,NA,NA,NA,1
LYPD1,7,0,0,0.960243053825859,NA,NA,NA,1
MARC2,2,0,0,0.960243053825859,NA,NA,NA,1
MAZ,3,0,0,0.960243053825859,NA,NA,NA,1
PPRC1,2,0,0,0.960243053825859,NA,NA,NA,1
TRMT61A,5,0,0,0.960243053825859,NA,NA,NA,1
TUB,2,0,0,0.960243053825859,NA,NA,NA,1
ZBTB20,4,0,0,0.960243053825859,NA,NA,NA,1
ACACB,2,0,0,0.960269319739528,NA,NA,NA,1
AKAP2,8,0,0,0.960269319739528,NA,NA,NA,1
AP4B1,3,0,0,0.960269319739528,NA,NA,NA,1
ATG10,13,0,0,0.960269319739528,NA,NA,NA,1
CSRP1,4,0,0,0.960269319739528,NA,NA,NA,1
ELK1,3,0,0,0.960269319739528,NA,NA,NA,1
FAM174A,4,0,0,0.960269319739528,NA,NA,NA,1
HPS5,11,0,0,0.960269319739528,NA,NA,NA,1
JDP2,4,0,0,0.960269319739528,NA,NA,NA,1
LPXN,3,0,0,0.960269319739528,NA,NA,NA,1
ONECUT2,7,0,0,0.960269319739528,NA,NA,NA,1
PARD6G,4,0,0,0.960269319739528,NA,NA,NA,1
PPIP5K2,10,0,0,0.960269319739528,NA,NA,NA,1
QSOX2,8,0,0,0.960269319739528,NA,NA,NA,1
RNF165,4,0,0,0.960269319739528,NA,NA,NA,1
SEC16A,6,0,0,0.960269319739528,NA,NA,NA,1
SEPT10,5,0,0,0.960269319739528,NA,NA,NA,1
SHROOM3,10,0,0,0.960269319739528,NA,NA,NA,1
SLC35B2,3,0,0,0.960269319739528,NA,NA,NA,1
SLC44A2,3,0,0,0.960269319739528,NA,NA,NA,1
SLC6A15,11,0,0,0.960269319739528,NA,NA,NA,1
SPPL2B,6,0,0,0.960269319739528,NA,NA,NA,1
SZRD1,8,0,0,0.960269319739528,NA,NA,NA,1
ULBP2,2,0,0,0.960269319739528,NA,NA,NA,1
UPF3B,6,0,0,0.960269319739528,NA,NA,NA,1
METAP1,14,0,0,0.960343572982565,NA,NA,NA,1
MRPS12,10,0,0,0.960343572982565,NA,NA,NA,1
PLSCR4,4,0,0,0.960343572982565,NA,NA,NA,1
ZNF250,9,0,0,0.960343572982565,NA,NA,NA,1
EFNA5,6,0,0,0.960602046863864,NA,NA,NA,1
IQCK,6,0,0,0.960602046863864,NA,NA,NA,1
NCAPD3,7,0,0,0.960602046863864,NA,NA,NA,1
PSMD6,9,0,0,0.960602046863864,NA,NA,NA,1
PTBP2,8,0,0,0.960602046863864,NA,NA,NA,1
RSC1A1,5,0,0,0.960602046863864,NA,NA,NA,1
ZNF385D,2,0,0,0.960602046863864,NA,NA,NA,1
ZSCAN9,3,0,0,0.960602046863864,NA,NA,NA,1
C8orf44,2,0,0,0.960742893201311,NA,NA,NA,1
LYRM1,2,0,0,0.96102597208826,NA,NA,NA,1
ATP7A,5,0,0,0.961259743747689,NA,NA,NA,1
RMND5A,9,0,0,0.961259743747689,NA,NA,NA,1
STAMBPL1,4,0,0,0.961530771605354,NA,NA,NA,1
OSBPL10,8,0,0,0.961569908144864,NA,NA,NA,1
ANKRD18B,2,0,0,0.96162477997564,NA,NA,NA,1
ATN1,4,0,0,0.96162477997564,NA,NA,NA,1
BAZ2B,9,0,0,0.96162477997564,NA,NA,NA,1
CDKN1A,9,0,0,0.96162477997564,NA,NA,NA,1
DCUN1D3,11,0,0,0.96162477997564,NA,NA,NA,1
DRAM2,10,0,0,0.96162477997564,NA,NA,NA,1
ECHDC3,2,0,0,0.96162477997564,NA,NA,NA,1
ELF3,7,0,0,0.96162477997564,NA,NA,NA,1
ELMOD2,7,0,0,0.96162477997564,NA,NA,NA,1
KLF10,5,0,0,0.96162477997564,NA,NA,NA,1
KLRC4-KLRK1,2,0,0,0.96162477997564,NA,NA,NA,1
LAMP2,4,0,0,0.96162477997564,NA,NA,NA,1
LMO7,7,0,0,0.96162477997564,NA,NA,NA,1
MARCH7,18,0,0,0.96162477997564,NA,NA,NA,1
NFKBID,6,0,0,0.96162477997564,NA,NA,NA,1
NQO1,9,0,0,0.96162477997564,NA,NA,NA,1
NXT1,3,0,0,0.96162477997564,NA,NA,NA,1
PAK1IP1,3,0,0,0.96162477997564,NA,NA,NA,1
PITHD1,4,0,0,0.96162477997564,NA,NA,NA,1
PLEKHM3,3,0,0,0.96162477997564,NA,NA,NA,1
PLXNA2,5,0,0,0.96162477997564,NA,NA,NA,1
PWP1,4,0,0,0.96162477997564,NA,NA,NA,1
RAB11FIP5,2,0,0,0.96162477997564,NA,NA,NA,1
RCN2,8,0,0,0.96162477997564,NA,NA,NA,1
RFTN1,5,0,0,0.96162477997564,NA,NA,NA,1
RNF126,4,0,0,0.96162477997564,NA,NA,NA,1
SPC25,2,0,0,0.96162477997564,NA,NA,NA,1
SRSF3,14,0,0,0.96162477997564,NA,NA,NA,1
UQCRFS1,8,0,0,0.96162477997564,NA,NA,NA,1
WDR83OS,2,0,0,0.96162477997564,NA,NA,NA,1
ECI2,4,0,0,0.961690696084491,NA,NA,NA,1
TTC32,5,0,0,0.961690696084491,NA,NA,NA,1
ZBTB16,3,0,0,0.961690696084491,NA,NA,NA,1
KNL1,4,0,0,0.961747512186147,NA,NA,NA,1
HMGN4,7,0,0,0.961815693631212,NA,NA,NA,1
SMIM8,5,0,0,0.961815777623497,NA,NA,NA,1
BCL2L2-PABPN1,5,0,0,0.962030224613038,NA,NA,NA,1
BRWD1,9,0,0,0.962030224613038,NA,NA,NA,1
CARMIL1,2,0,0,0.962030224613038,NA,NA,NA,1
FAM160B2,4,0,0,0.962030224613038,NA,NA,NA,1
GRK6,6,0,0,0.962030224613038,NA,NA,NA,1
HAUS2,7,0,0,0.962030224613038,NA,NA,NA,1
KPNA3,9,0,0,0.962030224613038,NA,NA,NA,1
MCRS1,2,0,0,0.962030224613038,NA,NA,NA,1
PNPT1,12,0,0,0.962030224613038,NA,NA,NA,1
PSMA7,5,0,0,0.962030224613038,NA,NA,NA,1
ANP32B,10,0,0,0.962252366861685,NA,NA,NA,1
ADGRG1,5,0,0,0.962526733196058,NA,NA,NA,1
ATP6V0C,4,0,0,0.962526733196058,NA,NA,NA,1
EXO5,5,0,0,0.962526733196058,NA,NA,NA,1
GNAQ,14,0,0,0.962526733196058,NA,NA,NA,1
KANSL2,6,0,0,0.962526733196058,NA,NA,NA,1
PRICKLE1,7,0,0,0.962526733196058,NA,NA,NA,1
PUS3,3,0,0,0.962526733196058,NA,NA,NA,1
PXMP2,3,0,0,0.962526733196058,NA,NA,NA,1
SNRNP40,3,0,0,0.962526733196058,NA,NA,NA,1
STOML1,3,0,0,0.962526733196058,NA,NA,NA,1
TMEM39A,14,0,0,0.962526733196058,NA,NA,NA,1
ZNF35,5,0,0,0.962526733196058,NA,NA,NA,1
ZNF584,9,0,0,0.962526733196058,NA,NA,NA,1
HSPA5,8,0,0,0.962568299584596,NA,NA,NA,1
HSF2,7,0,0,0.962886872223712,NA,NA,NA,1
AMIGO2,6,0,0,0.962948954425796,NA,NA,NA,1
APEX2,5,0,0,0.962948954425796,NA,NA,NA,1
ARCN1,7,0,0,0.962948954425796,NA,NA,NA,1
C10orf88,3,0,0,0.962948954425796,NA,NA,NA,1
CCNL2,11,0,0,0.962948954425796,NA,NA,NA,1
CDAN1,5,0,0,0.962948954425796,NA,NA,NA,1
CDK5R1,3,0,0,0.962948954425796,NA,NA,NA,1
CDT1,7,0,0,0.962948954425796,NA,NA,NA,1
CEP192,2,0,0,0.962948954425796,NA,NA,NA,1
CREB3L1,2,0,0,0.962948954425796,NA,NA,NA,1
DAG1,7,0,0,0.962948954425796,NA,NA,NA,1
DHCR7,4,0,0,0.962948954425796,NA,NA,NA,1
DYNC1LI1,9,0,0,0.962948954425796,NA,NA,NA,1
EIF4E2,10,0,0,0.962948954425796,NA,NA,NA,1
ENKUR,2,0,0,0.962948954425796,NA,NA,NA,1
ENOSF1,7,0,0,0.962948954425796,NA,NA,NA,1
FAM71F2,3,0,0,0.962948954425796,NA,NA,NA,1
FBXW5,2,0,0,0.962948954425796,NA,NA,NA,1
FBXW7,8,0,0,0.962948954425796,NA,NA,NA,1
GSTO1,6,0,0,0.962948954425796,NA,NA,NA,1
HAT1,8,0,0,0.962948954425796,NA,NA,NA,1
HBS1L,5,0,0,0.962948954425796,NA,NA,NA,1
HOXB2,2,0,0,0.962948954425796,NA,NA,NA,1
HS3ST2,2,0,0,0.962948954425796,NA,NA,NA,1
IL1R1,2,0,0,0.962948954425796,NA,NA,NA,1
IPO13,2,0,0,0.962948954425796,NA,NA,NA,1
KDM1A,2,0,0,0.962948954425796,NA,NA,NA,1
KIAA1755,2,0,0,0.962948954425796,NA,NA,NA,1
LDLR,11,0,0,0.962948954425796,NA,NA,NA,1
LIPT2,10,0,0,0.962948954425796,NA,NA,NA,1
MED31,11,0,0,0.962948954425796,NA,NA,NA,1
MGAT1,4,0,0,0.962948954425796,NA,NA,NA,1
MGEA5,8,0,0,0.962948954425796,NA,NA,NA,1
MRPL27,3,0,0,0.962948954425796,NA,NA,NA,1
MTMR6,13,0,0,0.962948954425796,NA,NA,NA,1
NRARP,7,0,0,0.962948954425796,NA,NA,NA,1
NUDT15,3,0,0,0.962948954425796,NA,NA,NA,1
PPA1,12,0,0,0.962948954425796,NA,NA,NA,1
PRIMPOL,3,0,0,0.962948954425796,NA,NA,NA,1
RAB36,5,0,0,0.962948954425796,NA,NA,NA,1
RFX2,5,0,0,0.962948954425796,NA,NA,NA,1
RPL15,3,0,0,0.962948954425796,NA,NA,NA,1
RPL36,7,0,0,0.962948954425796,NA,NA,NA,1
RPP40,4,0,0,0.962948954425796,NA,NA,NA,1
SBNO1,9,0,0,0.962948954425796,NA,NA,NA,1
SERPINE2,8,0,0,0.962948954425796,NA,NA,NA,1
SIX1,5,0,0,0.962948954425796,NA,NA,NA,1
SLC25A12,9,0,0,0.962948954425796,NA,NA,NA,1
SLC35E2B,5,0,0,0.962948954425796,NA,NA,NA,1
SMYD4,11,0,0,0.962948954425796,NA,NA,NA,1
SPATA32,6,0,0,0.962948954425796,NA,NA,NA,1
SPRYD4,11,0,0,0.962948954425796,NA,NA,NA,1
SRP14,9,0,0,0.962948954425796,NA,NA,NA,1
TBC1D14,5,0,0,0.962948954425796,NA,NA,NA,1
TBRG4,10,0,0,0.962948954425796,NA,NA,NA,1
TELO2,4,0,0,0.962948954425796,NA,NA,NA,1
TMEM132B,6,0,0,0.962948954425796,NA,NA,NA,1
TMEM150C,4,0,0,0.962948954425796,NA,NA,NA,1
TMEM165,9,0,0,0.962948954425796,NA,NA,NA,1
TMEM181,10,0,0,0.962948954425796,NA,NA,NA,1
TNS2,2,0,0,0.962948954425796,NA,NA,NA,1
TPRG1,2,0,0,0.962948954425796,NA,NA,NA,1
TRMT2B,9,0,0,0.962948954425796,NA,NA,NA,1
VPS4B,9,0,0,0.962948954425796,NA,NA,NA,1
ZBTB42,5,0,0,0.962948954425796,NA,NA,NA,1
ZFP91,11,0,0,0.962948954425796,NA,NA,NA,1
ZNF215,3,0,0,0.962948954425796,NA,NA,NA,1
ZNF428,4,0,0,0.962948954425796,NA,NA,NA,1
CFL1,8,0,0,0.963025816109178,NA,NA,NA,1
EBPL,5,0,0,0.963393078048615,NA,NA,NA,1
MYO5A,7,0,0,0.963393078048615,NA,NA,NA,1
TCF19,3,0,0,0.963393078048615,NA,NA,NA,1
UBOX5,2,0,0,0.963393078048615,NA,NA,NA,1
GABPB1,8,0,0,0.963647551641028,NA,NA,NA,1
AP1G1,12,0,0,0.963755829152047,NA,NA,NA,1
APOLD1,7,0,0,0.963755829152047,NA,NA,NA,1
CMTM3,9,0,0,0.963755829152047,NA,NA,NA,1
FAM20C,9,0,0,0.963755829152047,NA,NA,NA,1
FSCN1,3,0,0,0.963755829152047,NA,NA,NA,1
LGALSL,5,0,0,0.963755829152047,NA,NA,NA,1
SCNN1A,4,0,0,0.963755829152047,NA,NA,NA,1
ZNF107,8,0,0,0.963755829152047,NA,NA,NA,1
ZSCAN2,2,0,0,0.963755829152047,NA,NA,NA,1
RHOT1,5,0,0,0.964188490414025,NA,NA,NA,1
AKAP10,11,0,0,0.964191752451301,NA,NA,NA,1
GLUD1,13,0,0,0.964191752451301,NA,NA,NA,1
IARS2,10,0,0,0.964191752451301,NA,NA,NA,1
MSRA,2,0,0,0.964191752451301,NA,NA,NA,1
TMC7,16,0,0,0.964191752451301,NA,NA,NA,1
XYLT1,3,0,0,0.964633745672412,NA,NA,NA,1
SLC25A23,2,0,0,0.964656301372726,NA,NA,NA,1
AAGAB,9,0,0,0.964741774160631,NA,NA,NA,1
C18orf25,9,0,0,0.964741774160631,NA,NA,NA,1
WWC1,8,0,0,0.964741774160631,NA,NA,NA,1
ZNF507,8,0,0,0.964741774160631,NA,NA,NA,1
H2AFY2,5,0,0,0.964890098912955,NA,NA,NA,1
PTPRM,3,0,0,0.964978872520346,NA,NA,NA,1
ZNF497,3,0,0,0.964978872520346,NA,NA,NA,1
APH1B,3,0,0,0.965643908410289,NA,NA,NA,1
HOXA3,5,0,0,0.965643908410289,NA,NA,NA,1
SLC8A1,5,0,0,0.965643908410289,NA,NA,NA,1
UGGT2,3,0,0,0.965643908410289,NA,NA,NA,1
ACYP1,4,0,0,0.965845649057523,NA,NA,NA,1
COPG1,5,0,0,0.965845649057523,NA,NA,NA,1
PIP4K2C,4,0,0,0.965845649057523,NA,NA,NA,1
IL15,4,0,0,0.965934518963668,NA,NA,NA,1
MTX2,4,0,0,0.965934518963668,NA,NA,NA,1
RANBP3,7,0,0,0.965934518963668,NA,NA,NA,1
CDC34,4,0,0,0.965951968630761,NA,NA,NA,1
FARSB,9,0,0,0.965974944522343,NA,NA,NA,1
SARS,9,0,0,0.965974944522343,NA,NA,NA,1
SLC43A1,2,0,0,0.965974944522343,NA,NA,NA,1
SUPT6H,5,0,0,0.965994426182043,NA,NA,NA,1
DIS3L,5,0,0,0.966248024938158,NA,NA,NA,1
CACFD1,2,0,0,0.966458526165668,NA,NA,NA,1
MTUS1,3,0,0,0.966458526165668,NA,NA,NA,1
RPS3,5,0,0,0.966458526165668,NA,NA,NA,1
C12orf65,4,0,0,0.966580942197445,NA,NA,NA,1
ABCA9,2,0,0,0.966589454933022,NA,NA,NA,1
SELENOF,10,0,0,0.966589454933022,NA,NA,NA,1
MRRF,10,0,0,0.966778338611332,NA,NA,NA,1
MTHFSD,7,0,0,0.966778338611332,NA,NA,NA,1
PGP,10,0,0,0.966778338611332,NA,NA,NA,1
REPIN1,3,0,0,0.966778338611332,NA,NA,NA,1
ZNF620,6,0,0,0.966778338611332,NA,NA,NA,1
EIF4G2,11,0,0,0.96694509231434,NA,NA,NA,1
MVP,2,0,0,0.96694509231434,NA,NA,NA,1
PRSS16,7,0,0,0.96694509231434,NA,NA,NA,1
RMND5B,12,0,0,0.96694509231434,NA,NA,NA,1
SESN3,12,0,0,0.96694509231434,NA,NA,NA,1
STON2,3,0,0,0.96694509231434,NA,NA,NA,1
PCM1,4,0,0,0.966997912587135,NA,NA,NA,1
PRELID3A,2,0,0,0.966997912587135,NA,NA,NA,1
TNFSF15,2,0,0,0.967482512854978,NA,NA,NA,1
NUDT16L1,4,0,0,0.96768136062183,NA,NA,NA,1
ADORA2B,5,0,0,0.967803634503624,NA,NA,NA,1
AP5S1,7,0,0,0.967803634503624,NA,NA,NA,1
C17orf62,5,0,0,0.967803634503624,NA,NA,NA,1
LDB1,4,0,0,0.967803634503624,NA,NA,NA,1
LRRC17,4,0,0,0.967803634503624,NA,NA,NA,1
NCLN,6,0,0,0.967803634503624,NA,NA,NA,1
RPS15,3,0,0,0.967803634503624,NA,NA,NA,1
SLC16A5,5,0,0,0.967803634503624,NA,NA,NA,1
SLC39A9,4,0,0,0.967803634503624,NA,NA,NA,1
ZNF384,7,0,0,0.967803634503624,NA,NA,NA,1
ZNF575,3,0,0,0.967902454114392,NA,NA,NA,1
PCF11,4,0,0,0.967934821397153,NA,NA,NA,1
ESCO2,10,0,0,0.968045013841195,NA,NA,NA,1
FAM102B,3,0,0,0.968045013841195,NA,NA,NA,1
HIST1H2AE,3,0,0,0.968045013841195,NA,NA,NA,1
HLTF,3,0,0,0.968045013841195,NA,NA,NA,1
KLHDC2,9,0,0,0.968045013841195,NA,NA,NA,1
LMF1,2,0,0,0.968045013841195,NA,NA,NA,1
NSFL1C,9,0,0,0.968045013841195,NA,NA,NA,1
RAB8A,4,0,0,0.968045013841195,NA,NA,NA,1
RNGTT,9,0,0,0.968045013841195,NA,NA,NA,1
TOPORS,6,0,0,0.968045013841195,NA,NA,NA,1
YTHDF2,5,0,0,0.968045013841195,NA,NA,NA,1
ZFP30,6,0,0,0.968045013841195,NA,NA,NA,1
ZNF644,11,0,0,0.968045013841195,NA,NA,NA,1
AARD,5,0,0,0.968422981459064,NA,NA,NA,1
DNAJA2,12,0,0,0.968422981459064,NA,NA,NA,1
DSCR3,7,0,0,0.968422981459064,NA,NA,NA,1
HCFC2,7,0,0,0.968422981459064,NA,NA,NA,1
MRPL14,6,0,0,0.968422981459064,NA,NA,NA,1
NOA1,7,0,0,0.968422981459064,NA,NA,NA,1
PAGR1,11,0,0,0.968422981459064,NA,NA,NA,1
PCOLCE2,3,0,0,0.968422981459064,NA,NA,NA,1
PDPR,8,0,0,0.968422981459064,NA,NA,NA,1
RNF166,4,0,0,0.968422981459064,NA,NA,NA,1
TBCB,2,0,0,0.968422981459064,NA,NA,NA,1
TESK1,4,0,0,0.968422981459064,NA,NA,NA,1
ANKAR,4,0,0,0.968550474237798,NA,NA,NA,1
BCL9L,5,0,0,0.968550474237798,NA,NA,NA,1
CCDC80,7,0,0,0.968550474237798,NA,NA,NA,1
CCDC84,2,0,0,0.968550474237798,NA,NA,NA,1
CTC1,13,0,0,0.968550474237798,NA,NA,NA,1
ITPR1,3,0,0,0.968550474237798,NA,NA,NA,1
KIDINS220,3,0,0,0.968550474237798,NA,NA,NA,1
LEMD3,8,0,0,0.968550474237798,NA,NA,NA,1
MMP14,5,0,0,0.968550474237798,NA,NA,NA,1
MYC,4,0,0,0.968550474237798,NA,NA,NA,1
NAV2,5,0,0,0.968550474237798,NA,NA,NA,1
PASK,2,0,0,0.968550474237798,NA,NA,NA,1
PEAK1,2,0,0,0.968550474237798,NA,NA,NA,1
RP2,2,0,0,0.968550474237798,NA,NA,NA,1
SHC2,2,0,0,0.968550474237798,NA,NA,NA,1
TFAP4,2,0,0,0.968550474237798,NA,NA,NA,1
TINF2,12,0,0,0.968550474237798,NA,NA,NA,1
TUBB4B,7,0,0,0.968550474237798,NA,NA,NA,1
ZBTB2,5,0,0,0.968550474237798,NA,NA,NA,1
ZBTB26,6,0,0,0.968550474237798,NA,NA,NA,1
ZNF664,6,0,0,0.968550474237798,NA,NA,NA,1
SPATA24,2,0,0,0.968593971199951,NA,NA,NA,1
CEP97,11,0,0,0.968731617975067,NA,NA,NA,1
GCSH,5,0,0,0.968731617975067,NA,NA,NA,1
SPX,4,0,0,0.968731617975067,NA,NA,NA,1
B4GALNT1,3,0,0,0.968799494517219,NA,NA,NA,1
CYBRD1,9,0,0,0.968799494517219,NA,NA,NA,1
FUBP3,10,0,0,0.968799494517219,NA,NA,NA,1
MAFK,4,0,0,0.968799494517219,NA,NA,NA,1
NEIL1,6,0,0,0.968799494517219,NA,NA,NA,1
PLAGL1,3,0,0,0.968799494517219,NA,NA,NA,1
SMARCD1,8,0,0,0.968799494517219,NA,NA,NA,1
EGR2,2,0,0,0.968857080166868,NA,NA,NA,1
LMCD1,4,0,0,0.968857080166868,NA,NA,NA,1
MRC2,2,0,0,0.968857080166868,NA,NA,NA,1
POLR2J3,2,0,0,0.968857080166868,NA,NA,NA,1
SF3B2,2,0,0,0.968857080166868,NA,NA,NA,1
CTNND1,14,0,0,0.969093164160292,NA,NA,NA,1
NF2,7,0,0,0.969388969796352,NA,NA,NA,1
FBXL5,8,0,0,0.969608243550274,NA,NA,NA,1
ZNF267,4,0,0,0.969632406468118,NA,NA,NA,1
CMC2,6,0,0,0.96974800636954,NA,NA,NA,1
CCDC115,3,0,0,0.969992421663904,NA,NA,NA,1
FAM136A,9,0,0,0.970001142722125,NA,NA,NA,1
ZNF28,4,0,0,0.970001142722125,NA,NA,NA,1
DDX52,2,0,0,0.970176065137147,NA,NA,NA,1
ZNF785,6,0,0,0.970176065137147,NA,NA,NA,1
ELAC2,9,0,0,0.97029485485684,NA,NA,NA,1
KLHL38,2,0,0,0.97029485485684,NA,NA,NA,1
RETREG1,6,0,0,0.970378577623454,NA,NA,NA,1
ZC3H10,6,0,0,0.970378577623454,NA,NA,NA,1
DDX28,5,0,0,0.970502224841589,NA,NA,NA,1
HARS,3,0,0,0.970502224841589,NA,NA,NA,1
ARHGAP1,3,0,0,0.970535554959289,NA,NA,NA,1
ARRDC1,5,0,0,0.970535554959289,NA,NA,NA,1
FAIM,2,0,0,0.970535554959289,NA,NA,NA,1
KBTBD6,2,0,0,0.970535554959289,NA,NA,NA,1
NARFL,2,0,0,0.970535554959289,NA,NA,NA,1
PTGER4,2,0,0,0.970535554959289,NA,NA,NA,1
SENP3,3,0,0,0.970535554959289,NA,NA,NA,1
SETD7,2,0,0,0.970535554959289,NA,NA,NA,1
VPS37C,3,0,0,0.970535554959289,NA,NA,NA,1
WASHC5,2,0,0,0.970535554959289,NA,NA,NA,1
ZNF121,3,0,0,0.970535554959289,NA,NA,NA,1
ZNF274,5,0,0,0.970535554959289,NA,NA,NA,1
ZNF468,3,0,0,0.970535554959289,NA,NA,NA,1
A1BG,5,0,0,0.970903406913874,NA,NA,NA,1
ACBD4,2,0,0,0.970903406913874,NA,NA,NA,1
ADD2,10,0,0,0.970903406913874,NA,NA,NA,1
AK2,8,0,0,0.970903406913874,NA,NA,NA,1
ALS2,2,0,0,0.970903406913874,NA,NA,NA,1
ARHGEF10L,2,0,0,0.970903406913874,NA,NA,NA,1
ARPC1A,5,0,0,0.970903406913874,NA,NA,NA,1
ATOX1,9,0,0,0.970903406913874,NA,NA,NA,1
ATP5B,4,0,0,0.970903406913874,NA,NA,NA,1
B9D2,3,0,0,0.970903406913874,NA,NA,NA,1
BCL2L13,9,0,0,0.970903406913874,NA,NA,NA,1
BTD,10,0,0,0.970903406913874,NA,NA,NA,1
C11orf24,4,0,0,0.970903406913874,NA,NA,NA,1
C12orf76,4,0,0,0.970903406913874,NA,NA,NA,1
C1orf115,3,0,0,0.970903406913874,NA,NA,NA,1
C3orf62,5,0,0,0.970903406913874,NA,NA,NA,1
C9orf66,2,0,0,0.970903406913874,NA,NA,NA,1
CC2D1B,10,0,0,0.970903406913874,NA,NA,NA,1
CCDC189,3,0,0,0.970903406913874,NA,NA,NA,1
CDC42BPB,2,0,0,0.970903406913874,NA,NA,NA,1
CDH1,7,0,0,0.970903406913874,NA,NA,NA,1
CENPN,3,0,0,0.970903406913874,NA,NA,NA,1
CENPP,7,0,0,0.970903406913874,NA,NA,NA,1
CEP112,2,0,0,0.970903406913874,NA,NA,NA,1
CFL2,16,0,0,0.970903406913874,NA,NA,NA,1
CLCF1,2,0,0,0.970903406913874,NA,NA,NA,1
CNN3,3,0,0,0.970903406913874,NA,NA,NA,1
COMMD4,5,0,0,0.970903406913874,NA,NA,NA,1
CPNE8,3,0,0,0.970903406913874,NA,NA,NA,1
CRIP2,2,0,0,0.970903406913874,NA,NA,NA,1
CTNNAL1,2,0,0,0.970903406913874,NA,NA,NA,1
DCAF6,3,0,0,0.970903406913874,NA,NA,NA,1
DCAF8,6,0,0,0.970903406913874,NA,NA,NA,1
DDOST,11,0,0,0.970903406913874,NA,NA,NA,1
DDR2,3,0,0,0.970903406913874,NA,NA,NA,1
DDX51,7,0,0,0.970903406913874,NA,NA,NA,1
DDX59,2,0,0,0.970903406913874,NA,NA,NA,1
DESI2,5,0,0,0.970903406913874,NA,NA,NA,1
DGAT1,4,0,0,0.970903406913874,NA,NA,NA,1
DGKZ,2,0,0,0.970903406913874,NA,NA,NA,1
E2F4,2,0,0,0.970903406913874,NA,NA,NA,1
ERCC8,7,0,0,0.970903406913874,NA,NA,NA,1
ERP29,7,0,0,0.970903406913874,NA,NA,NA,1
FAF1,8,0,0,0.970903406913874,NA,NA,NA,1
FAHD1,4,0,0,0.970903406913874,NA,NA,NA,1
FAM172A,9,0,0,0.970903406913874,NA,NA,NA,1
FAM199X,13,0,0,0.970903406913874,NA,NA,NA,1
FAM208A,6,0,0,0.970903406913874,NA,NA,NA,1
FKBP1A,4,0,0,0.970903406913874,NA,NA,NA,1
FKBP7,5,0,0,0.970903406913874,NA,NA,NA,1
FYN,5,0,0,0.970903406913874,NA,NA,NA,1
GALK1,2,0,0,0.970903406913874,NA,NA,NA,1
GCFC2,13,0,0,0.970903406913874,NA,NA,NA,1
GLI2,3,0,0,0.970903406913874,NA,NA,NA,1
GLRX2,9,0,0,0.970903406913874,NA,NA,NA,1
GNPTG,9,0,0,0.970903406913874,NA,NA,NA,1
GRAMD1B,2,0,0,0.970903406913874,NA,NA,NA,1
GRIP1,2,0,0,0.970903406913874,NA,NA,NA,1
GTF2H1,9,0,0,0.970903406913874,NA,NA,NA,1
GTF2H5,5,0,0,0.970903406913874,NA,NA,NA,1
HIRIP3,3,0,0,0.970903406913874,NA,NA,NA,1
HNRNPLL,12,0,0,0.970903406913874,NA,NA,NA,1
HUS1,5,0,0,0.970903406913874,NA,NA,NA,1
ICAM1,4,0,0,0.970903406913874,NA,NA,NA,1
IP6K1,5,0,0,0.970903406913874,NA,NA,NA,1
KAT14,5,0,0,0.970903406913874,NA,NA,NA,1
KCNQ5,5,0,0,0.970903406913874,NA,NA,NA,1
KDM2A,7,0,0,0.970903406913874,NA,NA,NA,1
KHSRP,9,0,0,0.970903406913874,NA,NA,NA,1
LAMB1,5,0,0,0.970903406913874,NA,NA,NA,1
LARP4B,21,0,0,0.970903406913874,NA,NA,NA,1
LRRC27,2,0,0,0.970903406913874,NA,NA,NA,1
MARS,3,0,0,0.970903406913874,NA,NA,NA,1
MFSD13A,5,0,0,0.970903406913874,NA,NA,NA,1
MFSD3,4,0,0,0.970903406913874,NA,NA,NA,1
MID1IP1,3,0,0,0.970903406913874,NA,NA,NA,1
MTSS1L,3,0,0,0.970903406913874,NA,NA,NA,1
MUM1,6,0,0,0.970903406913874,NA,NA,NA,1
NCK2,5,0,0,0.970903406913874,NA,NA,NA,1
NDUFAF2,3,0,0,0.970903406913874,NA,NA,NA,1
NECAB3,6,0,0,0.970903406913874,NA,NA,NA,1
NEMP1,7,0,0,0.970903406913874,NA,NA,NA,1
NFYA,10,0,0,0.970903406913874,NA,NA,NA,1
NR3C1,6,0,0,0.970903406913874,NA,NA,NA,1
NT5C3A,5,0,0,0.970903406913874,NA,NA,NA,1
NT5C3B,6,0,0,0.970903406913874,NA,NA,NA,1
NUP188,2,0,0,0.970903406913874,NA,NA,NA,1
NXF1,2,0,0,0.970903406913874,NA,NA,NA,1
OGFRL1,23,0,0,0.970903406913874,NA,NA,NA,1
OPHN1,4,0,0,0.970903406913874,NA,NA,NA,1
OTUD4,7,0,0,0.970903406913874,NA,NA,NA,1
PAAF1,4,0,0,0.970903406913874,NA,NA,NA,1
PAPOLA,6,0,0,0.970903406913874,NA,NA,NA,1
PDPN,10,0,0,0.970903406913874,NA,NA,NA,1
PELI3,5,0,0,0.970903406913874,NA,NA,NA,1
PEX3,8,0,0,0.970903406913874,NA,NA,NA,1
PJA2,12,0,0,0.970903406913874,NA,NA,NA,1
PLAU,2,0,0,0.970903406913874,NA,NA,NA,1
PLK4,6,0,0,0.970903406913874,NA,NA,NA,1
PLPP3,5,0,0,0.970903406913874,NA,NA,NA,1
PLSCR3,6,0,0,0.970903406913874,NA,NA,NA,1
POLR1D,3,0,0,0.970903406913874,NA,NA,NA,1
POLR2D,7,0,0,0.970903406913874,NA,NA,NA,1
PON2,7,0,0,0.970903406913874,NA,NA,NA,1
PPP2CB,4,0,0,0.970903406913874,NA,NA,NA,1
PTPRR,2,0,0,0.970903406913874,NA,NA,NA,1
RAD52,14,0,0,0.970903406913874,NA,NA,NA,1
REEP1,4,0,0,0.970903406913874,NA,NA,NA,1
RNF207,6,0,0,0.970903406913874,NA,NA,NA,1
RPA2,3,0,0,0.970903406913874,NA,NA,NA,1
RPL32,11,0,0,0.970903406913874,NA,NA,NA,1
RPS27,3,0,0,0.970903406913874,NA,NA,NA,1
SH3BP5,7,0,0,0.970903406913874,NA,NA,NA,1
SHC3,5,0,0,0.970903406913874,NA,NA,NA,1
SIL1,6,0,0,0.970903406913874,NA,NA,NA,1
SLC2A13,5,0,0,0.970903406913874,NA,NA,NA,1
SLC30A9,9,0,0,0.970903406913874,NA,NA,NA,1
SLC43A3,5,0,0,0.970903406913874,NA,NA,NA,1
SLIT2,7,0,0,0.970903406913874,NA,NA,NA,1
SLPI,3,0,0,0.970903406913874,NA,NA,NA,1
SMARCA1,4,0,0,0.970903406913874,NA,NA,NA,1
SMARCAD1,4,0,0,0.970903406913874,NA,NA,NA,1
SNAPC5,3,0,0,0.970903406913874,NA,NA,NA,1
SNRPF,6,0,0,0.970903406913874,NA,NA,NA,1
SNX27,2,0,0,0.970903406913874,NA,NA,NA,1
SNX29,5,0,0,0.970903406913874,NA,NA,NA,1
SPATA2L,5,0,0,0.970903406913874,NA,NA,NA,1
SPCS1,9,0,0,0.970903406913874,NA,NA,NA,1
SPIRE2,3,0,0,0.970903406913874,NA,NA,NA,1
SSPN,2,0,0,0.970903406913874,NA,NA,NA,1
SSU72,5,0,0,0.970903406913874,NA,NA,NA,1
SULF1,4,0,0,0.970903406913874,NA,NA,NA,1
TCP11L2,2,0,0,0.970903406913874,NA,NA,NA,1
TES,5,0,0,0.970903406913874,NA,NA,NA,1
TM4SF19,4,0,0,0.970903406913874,NA,NA,NA,1
TMEM116,4,0,0,0.970903406913874,NA,NA,NA,1
TOE1,5,0,0,0.970903406913874,NA,NA,NA,1
TRIP6,3,0,0,0.970903406913874,NA,NA,NA,1
TSHZ2,5,0,0,0.970903406913874,NA,NA,NA,1
TSR1,22,0,0,0.970903406913874,NA,NA,NA,1
TTF1,4,0,0,0.970903406913874,NA,NA,NA,1
TTLL4,14,0,0,0.970903406913874,NA,NA,NA,1
USP39,2,0,0,0.970903406913874,NA,NA,NA,1
WDR35,4,0,0,0.970903406913874,NA,NA,NA,1
ZFP36L2,6,0,0,0.970903406913874,NA,NA,NA,1
ZMIZ2,12,0,0,0.970903406913874,NA,NA,NA,1
ZNF2,2,0,0,0.970903406913874,NA,NA,NA,1
ZNF473,4,0,0,0.970903406913874,NA,NA,NA,1
ZNF510,5,0,0,0.970903406913874,NA,NA,NA,1
ZNF71,8,0,0,0.970903406913874,NA,NA,NA,1
ZNF850,2,0,0,0.970903406913874,NA,NA,NA,1
COQ8A,4,0,0,0.97090479974479,NA,NA,NA,1
GEMIN5,11,0,0,0.97090479974479,NA,NA,NA,1
KANK1,4,0,0,0.97090479974479,NA,NA,NA,1
LHFPL2,9,0,0,0.97090479974479,NA,NA,NA,1
POGZ,5,0,0,0.97090479974479,NA,NA,NA,1
PTPN22,2,0,0,0.97090479974479,NA,NA,NA,1
RPS24,3,0,0,0.97090479974479,NA,NA,NA,1
TNFAIP1,6,0,0,0.97090479974479,NA,NA,NA,1
VRK1,8,0,0,0.97090479974479,NA,NA,NA,1
COL1A1,6,0,0,0.97095692943011,NA,NA,NA,1
DNAJC8,4,0,0,0.97095692943011,NA,NA,NA,1
HNRNPA1L2,6,0,0,0.97095692943011,NA,NA,NA,1
IFIT5,16,0,0,0.97095692943011,NA,NA,NA,1
METTL16,5,0,0,0.97095692943011,NA,NA,NA,1
OTUB1,7,0,0,0.97095692943011,NA,NA,NA,1
ZKSCAN5,7,0,0,0.970991799652413,NA,NA,NA,1
CCNH,24,0,0,0.971169655163954,NA,NA,NA,1
ALG10,12,0,0,0.971233123410202,NA,NA,NA,1
LRRC46,2,0,0,0.971233123410202,NA,NA,NA,1
ATP2B4,6,0,0,0.97141615406357,NA,NA,NA,1
CAB39L,5,0,0,0.97141615406357,NA,NA,NA,1
CHMP1B,12,0,0,0.97141615406357,NA,NA,NA,1
CROCC,3,0,0,0.97141615406357,NA,NA,NA,1
CWF19L1,4,0,0,0.97141615406357,NA,NA,NA,1
DEF6,2,0,0,0.97141615406357,NA,NA,NA,1
ERC1,6,0,0,0.97141615406357,NA,NA,NA,1
PPARG,3,0,0,0.97141615406357,NA,NA,NA,1
TAF1A,5,0,0,0.97141615406357,NA,NA,NA,1
TANC1,6,0,0,0.97141615406357,NA,NA,NA,1
ARHGEF39,5,0,0,0.971418123146872,NA,NA,NA,1
GJB2,4,0,0,0.971418123146872,NA,NA,NA,1
HDLBP,2,0,0,0.971418123146872,NA,NA,NA,1
TUBA4A,3,0,0,0.971589789861207,NA,NA,NA,1
CWF19L2,8,0,0,0.971857877855763,NA,NA,NA,1
MTHFD1L,5,0,0,0.971857877855763,NA,NA,NA,1
PIK3CD,2,0,0,0.971857877855763,NA,NA,NA,1
SERINC3,7,0,0,0.971857877855763,NA,NA,NA,1
EFR3A,8,0,0,0.972204240193769,NA,NA,NA,1
CASP2,8,0,0,0.972778561805869,NA,NA,NA,1
CKS2,5,0,0,0.97279266939441,NA,NA,NA,1
PRKCE,5,0,0,0.97279266939441,NA,NA,NA,1
BMT2,7,0,0,0.972968611493669,NA,NA,NA,1
CDKN2AIPNL,9,0,0,0.972968611493669,NA,NA,NA,1
CIR1,5,0,0,0.972968611493669,NA,NA,NA,1
FBXW9,2,0,0,0.972968611493669,NA,NA,NA,1
FOXA1,5,0,0,0.972968611493669,NA,NA,NA,1
GOLT1B,7,0,0,0.972968611493669,NA,NA,NA,1
LPCAT2,9,0,0,0.972968611493669,NA,NA,NA,1
MBNL1,4,0,0,0.972968611493669,NA,NA,NA,1
MED29,7,0,0,0.972968611493669,NA,NA,NA,1
OSBPL1A,10,0,0,0.972968611493669,NA,NA,NA,1
TAGLN,3,0,0,0.972968611493669,NA,NA,NA,1
SCOC,6,0,0,0.973047278779835,NA,NA,NA,1
STOX2,6,0,0,0.973151094277926,NA,NA,NA,1
CHCHD1,3,0,0,0.973200460283724,NA,NA,NA,1
RNASEH2B,5,0,0,0.973200460283724,NA,NA,NA,1
SLC35A4,2,0,0,0.973200460283724,NA,NA,NA,1
EYA3,3,0,0,0.973212354172177,NA,NA,NA,1
WDR91,6,0,0,0.973212354172177,NA,NA,NA,1
AAAS,7,0,0,0.973250142175886,NA,NA,NA,1
AADAT,6,0,0,0.973250142175886,NA,NA,NA,1
ABCC5,2,0,0,0.973250142175886,NA,NA,NA,1
ABHD12,2,0,0,0.973250142175886,NA,NA,NA,1
ABHD14A-ACY1,2,0,0,0.973250142175886,NA,NA,NA,1
ABHD6,5,0,0,0.973250142175886,NA,NA,NA,1
ACAD10,4,0,0,0.973250142175886,NA,NA,NA,1
ACAP2,5,0,0,0.973250142175886,NA,NA,NA,1
ACOT9,5,0,0,0.973250142175886,NA,NA,NA,1
ADAM15,2,0,0,0.973250142175886,NA,NA,NA,1
ADAMTS2,2,0,0,0.973250142175886,NA,NA,NA,1
ADGRF4,2,0,0,0.973250142175886,NA,NA,NA,1
ADHFE1,2,0,0,0.973250142175886,NA,NA,NA,1
ADM,4,0,0,0.973250142175886,NA,NA,NA,1
ADO,12,0,0,0.973250142175886,NA,NA,NA,1
AGR2,2,0,0,0.973250142175886,NA,NA,NA,1
AHCY,16,0,0,0.973250142175886,NA,NA,NA,1
AK4,6,0,0,0.973250142175886,NA,NA,NA,1
AKAP12,4,0,0,0.973250142175886,NA,NA,NA,1
AKAP8,5,0,0,0.973250142175886,NA,NA,NA,1
AKIP1,7,0,0,0.973250142175886,NA,NA,NA,1
AKR1B1,3,0,0,0.973250142175886,NA,NA,NA,1
AKT1,2,0,0,0.973250142175886,NA,NA,NA,1
ALDH16A1,4,0,0,0.973250142175886,NA,NA,NA,1
ALDH7A1,9,0,0,0.973250142175886,NA,NA,NA,1
ALDOA,3,0,0,0.973250142175886,NA,NA,NA,1
ALS2CL,6,0,0,0.973250142175886,NA,NA,NA,1
ANAPC11,4,0,0,0.973250142175886,NA,NA,NA,1
ANKDD1A,2,0,0,0.973250142175886,NA,NA,NA,1
ANKRD13A,3,0,0,0.973250142175886,NA,NA,NA,1
ANKRD33B,3,0,0,0.973250142175886,NA,NA,NA,1
ANKRD9,6,0,0,0.973250142175886,NA,NA,NA,1
ANKS6,8,0,0,0.973250142175886,NA,NA,NA,1
ANO1,3,0,0,0.973250142175886,NA,NA,NA,1
ANXA1,5,0,0,0.973250142175886,NA,NA,NA,1
ANXA4,8,0,0,0.973250142175886,NA,NA,NA,1
AP1AR,7,0,0,0.973250142175886,NA,NA,NA,1
AP1S1,4,0,0,0.973250142175886,NA,NA,NA,1
AP3B1,11,0,0,0.973250142175886,NA,NA,NA,1
AP4S1,5,0,0,0.973250142175886,NA,NA,NA,1
APIP,6,0,0,0.973250142175886,NA,NA,NA,1
APPL2,3,0,0,0.973250142175886,NA,NA,NA,1
ARAP3,3,0,0,0.973250142175886,NA,NA,NA,1
ARHGAP22,2,0,0,0.973250142175886,NA,NA,NA,1
ARHGAP45,2,0,0,0.973250142175886,NA,NA,NA,1
ARHGEF17,8,0,0,0.973250142175886,NA,NA,NA,1
ARHGEF19,2,0,0,0.973250142175886,NA,NA,NA,1
ARID2,6,0,0,0.973250142175886,NA,NA,NA,1
ARV1,3,0,0,0.973250142175886,NA,NA,NA,1
ASB9,4,0,0,0.973250142175886,NA,NA,NA,1
ASDURF,3,0,0,0.973250142175886,NA,NA,NA,1
ASH1L,8,0,0,0.973250142175886,NA,NA,NA,1
ASS1,5,0,0,0.973250142175886,NA,NA,NA,1
ASTN2,6,0,0,0.973250142175886,NA,NA,NA,1
ATG4B,4,0,0,0.973250142175886,NA,NA,NA,1
ATP10D,5,0,0,0.973250142175886,NA,NA,NA,1
ATP1A1,5,0,0,0.973250142175886,NA,NA,NA,1
ATP2C1,10,0,0,0.973250142175886,NA,NA,NA,1
ATP5J2-PTCD1,4,0,0,0.973250142175886,NA,NA,NA,1
ATP6V0E1,7,0,0,0.973250142175886,NA,NA,NA,1
ATP6V1F,4,0,0,0.973250142175886,NA,NA,NA,1
ATXN7,7,0,0,0.973250142175886,NA,NA,NA,1
ATXN7L2,2,0,0,0.973250142175886,NA,NA,NA,1
AXIN2,3,0,0,0.973250142175886,NA,NA,NA,1
AZI2,8,0,0,0.973250142175886,NA,NA,NA,1
B2M,4,0,0,0.973250142175886,NA,NA,NA,1
BAMBI,9,0,0,0.973250142175886,NA,NA,NA,1
BARD1,5,0,0,0.973250142175886,NA,NA,NA,1
BAZ2A,8,0,0,0.973250142175886,NA,NA,NA,1
BBOF1,4,0,0,0.973250142175886,NA,NA,NA,1
BBS1,8,0,0,0.973250142175886,NA,NA,NA,1
BCL2L1,2,0,0,0.973250142175886,NA,NA,NA,1
BCL7C,10,0,0,0.973250142175886,NA,NA,NA,1
BDH1,4,0,0,0.973250142175886,NA,NA,NA,1
BDKRB2,6,0,0,0.973250142175886,NA,NA,NA,1
BDNF,7,0,0,0.973250142175886,NA,NA,NA,1
BEND6,3,0,0,0.973250142175886,NA,NA,NA,1
BIRC2,3,0,0,0.973250142175886,NA,NA,NA,1
BIRC6,5,0,0,0.973250142175886,NA,NA,NA,1
BLVRB,3,0,0,0.973250142175886,NA,NA,NA,1
BMS1,5,0,0,0.973250142175886,NA,NA,NA,1
BNIP2,9,0,0,0.973250142175886,NA,NA,NA,1
BPGM,3,0,0,0.973250142175886,NA,NA,NA,1
BPHL,11,0,0,0.973250142175886,NA,NA,NA,1
BRAT1,2,0,0,0.973250142175886,NA,NA,NA,1
BROX,8,0,0,0.973250142175886,NA,NA,NA,1
BTBD10,6,0,0,0.973250142175886,NA,NA,NA,1
BTBD19,3,0,0,0.973250142175886,NA,NA,NA,1
BTN3A1,2,0,0,0.973250142175886,NA,NA,NA,1
BUB3,4,0,0,0.973250142175886,NA,NA,NA,1
C11orf70,4,0,0,0.973250142175886,NA,NA,NA,1
C11orf74,2,0,0,0.973250142175886,NA,NA,NA,1
C11orf84,2,0,0,0.973250142175886,NA,NA,NA,1
C12orf10,2,0,0,0.973250142175886,NA,NA,NA,1
C12orf75,5,0,0,0.973250142175886,NA,NA,NA,1
C14orf2,5,0,0,0.973250142175886,NA,NA,NA,1
C16orf52,6,0,0,0.973250142175886,NA,NA,NA,1
C17orf53,2,0,0,0.973250142175886,NA,NA,NA,1
C17orf97,6,0,0,0.973250142175886,NA,NA,NA,1
C19orf12,11,0,0,0.973250142175886,NA,NA,NA,1
C19orf24,5,0,0,0.973250142175886,NA,NA,NA,1
C19orf44,2,0,0,0.973250142175886,NA,NA,NA,1
C1R,3,0,0,0.973250142175886,NA,NA,NA,1
C1orf112,10,0,0,0.973250142175886,NA,NA,NA,1
C1orf198,10,0,0,0.973250142175886,NA,NA,NA,1
C20orf196,2,0,0,0.973250142175886,NA,NA,NA,1
C3,3,0,0,0.973250142175886,NA,NA,NA,1
C3orf52,4,0,0,0.973250142175886,NA,NA,NA,1
C7orf25,5,0,0,0.973250142175886,NA,NA,NA,1
C7orf26,2,0,0,0.973250142175886,NA,NA,NA,1
CA13,7,0,0,0.973250142175886,NA,NA,NA,1
CAB39,6,0,0,0.973250142175886,NA,NA,NA,1
CADM4,4,0,0,0.973250142175886,NA,NA,NA,1
CAMK2D,7,0,0,0.973250142175886,NA,NA,NA,1
CAPS,3,0,0,0.973250142175886,NA,NA,NA,1
CAV1,5,0,0,0.973250142175886,NA,NA,NA,1
CAVIN1,2,0,0,0.973250142175886,NA,NA,NA,1
CBR1,5,0,0,0.973250142175886,NA,NA,NA,1
CBX2,4,0,0,0.973250142175886,NA,NA,NA,1
CBX3,12,0,0,0.973250142175886,NA,NA,NA,1
CC2D1A,3,0,0,0.973250142175886,NA,NA,NA,1
CCAR2,4,0,0,0.973250142175886,NA,NA,NA,1
CCDC112,2,0,0,0.973250142175886,NA,NA,NA,1
CCDC124,2,0,0,0.973250142175886,NA,NA,NA,1
CCDC28A,2,0,0,0.973250142175886,NA,NA,NA,1
CCDC32,6,0,0,0.973250142175886,NA,NA,NA,1
CCDC68,4,0,0,0.973250142175886,NA,NA,NA,1
CCPG1,5,0,0,0.973250142175886,NA,NA,NA,1
CD109,10,0,0,0.973250142175886,NA,NA,NA,1
CD14,3,0,0,0.973250142175886,NA,NA,NA,1
CD274,3,0,0,0.973250142175886,NA,NA,NA,1
CD47,12,0,0,0.973250142175886,NA,NA,NA,1
CDC14B,5,0,0,0.973250142175886,NA,NA,NA,1
CDC26,3,0,0,0.973250142175886,NA,NA,NA,1
CDCA7L,10,0,0,0.973250142175886,NA,NA,NA,1
CDCA8,4,0,0,0.973250142175886,NA,NA,NA,1
CDH3,3,0,0,0.973250142175886,NA,NA,NA,1
CDK2,4,0,0,0.973250142175886,NA,NA,NA,1
CDKN1B,8,0,0,0.973250142175886,NA,NA,NA,1
CDON,12,0,0,0.973250142175886,NA,NA,NA,1
CDR2,2,0,0,0.973250142175886,NA,NA,NA,1
CEBPG,11,0,0,0.973250142175886,NA,NA,NA,1
CENPS-CORT,5,0,0,0.973250142175886,NA,NA,NA,1
CEP128,10,0,0,0.973250142175886,NA,NA,NA,1
CEP295,2,0,0,0.973250142175886,NA,NA,NA,1
CEP95,2,0,0,0.973250142175886,NA,NA,NA,1
CFLAR,17,0,0,0.973250142175886,NA,NA,NA,1
CGGBP1,12,0,0,0.973250142175886,NA,NA,NA,1
CHCHD5,6,0,0,0.973250142175886,NA,NA,NA,1
CHD2,4,0,0,0.973250142175886,NA,NA,NA,1
CHD7,13,0,0,0.973250142175886,NA,NA,NA,1
CHID1,10,0,0,0.973250142175886,NA,NA,NA,1
CHMP2B,5,0,0,0.973250142175886,NA,NA,NA,1
CHMP5,12,0,0,0.973250142175886,NA,NA,NA,1
CHRNA10,2,0,0,0.973250142175886,NA,NA,NA,1
CHST11,10,0,0,0.973250142175886,NA,NA,NA,1
CIAPIN1,3,0,0,0.973250142175886,NA,NA,NA,1
CIB2,3,0,0,0.973250142175886,NA,NA,NA,1
CISH,3,0,0,0.973250142175886,NA,NA,NA,1
CLDN10,5,0,0,0.973250142175886,NA,NA,NA,1
CLK1,4,0,0,0.973250142175886,NA,NA,NA,1
CLN5,8,0,0,0.973250142175886,NA,NA,NA,1
CLP1,2,0,0,0.973250142175886,NA,NA,NA,1
CLSTN1,5,0,0,0.973250142175886,NA,NA,NA,1
CMTM8,3,0,0,0.973250142175886,NA,NA,NA,1
CNKSR3,8,0,0,0.973250142175886,NA,NA,NA,1
CNOT10,3,0,0,0.973250142175886,NA,NA,NA,1
CNPY2,6,0,0,0.973250142175886,NA,NA,NA,1
CNTRL,2,0,0,0.973250142175886,NA,NA,NA,1
COA5,12,0,0,0.973250142175886,NA,NA,NA,1
COBL,5,0,0,0.973250142175886,NA,NA,NA,1
COG3,4,0,0,0.973250142175886,NA,NA,NA,1
COL17A1,4,0,0,0.973250142175886,NA,NA,NA,1
COMMD8,5,0,0,0.973250142175886,NA,NA,NA,1
COX5B,7,0,0,0.973250142175886,NA,NA,NA,1
CPSF1,3,0,0,0.973250142175886,NA,NA,NA,1
CPSF3,4,0,0,0.973250142175886,NA,NA,NA,1
CREB5,6,0,0,0.973250142175886,NA,NA,NA,1
CRYBB3,2,0,0,0.973250142175886,NA,NA,NA,1
CRYZ,7,0,0,0.973250142175886,NA,NA,NA,1
CSF1,3,0,0,0.973250142175886,NA,NA,NA,1
CSF3,2,0,0,0.973250142175886,NA,NA,NA,1
CSGALNACT2,4,0,0,0.973250142175886,NA,NA,NA,1
CSRNP1,5,0,0,0.973250142175886,NA,NA,NA,1
CSRNP2,6,0,0,0.973250142175886,NA,NA,NA,1
CTDSP2,5,0,0,0.973250142175886,NA,NA,NA,1
CTDSPL,11,0,0,0.973250142175886,NA,NA,NA,1
CTSS,4,0,0,0.973250142175886,NA,NA,NA,1
CUL5,9,0,0,0.973250142175886,NA,NA,NA,1
CUX2,2,0,0,0.973250142175886,NA,NA,NA,1
CWC27,2,0,0,0.973250142175886,NA,NA,NA,1
CXCR1,2,0,0,0.973250142175886,NA,NA,NA,1
CXXC4,3,0,0,0.973250142175886,NA,NA,NA,1
CYB561,8,0,0,0.973250142175886,NA,NA,NA,1
CYB5RL,4,0,0,0.973250142175886,NA,NA,NA,1
DAGLB,2,0,0,0.973250142175886,NA,NA,NA,1
DAPP1,5,0,0,0.973250142175886,NA,NA,NA,1
DARS,7,0,0,0.973250142175886,NA,NA,NA,1
DCAF5,10,0,0,0.973250142175886,NA,NA,NA,1
DCK,8,0,0,0.973250142175886,NA,NA,NA,1
DCT,2,0,0,0.973250142175886,NA,NA,NA,1
DDX10,3,0,0,0.973250142175886,NA,NA,NA,1
DDX27,6,0,0,0.973250142175886,NA,NA,NA,1
DEPDC1B,6,0,0,0.973250142175886,NA,NA,NA,1
DEPP1,4,0,0,0.973250142175886,NA,NA,NA,1
DHCR24,12,0,0,0.973250142175886,NA,NA,NA,1
DHFR,2,0,0,0.973250142175886,NA,NA,NA,1
DHX34,7,0,0,0.973250142175886,NA,NA,NA,1
DHX37,5,0,0,0.973250142175886,NA,NA,NA,1
DIXDC1,9,0,0,0.973250142175886,NA,NA,NA,1
DLC1,4,0,0,0.973250142175886,NA,NA,NA,1
DNA2,4,0,0,0.973250142175886,NA,NA,NA,1
DNAAF5,2,0,0,0.973250142175886,NA,NA,NA,1
DNAJC5,10,0,0,0.973250142175886,NA,NA,NA,1
DNER,2,0,0,0.973250142175886,NA,NA,NA,1
DNMBP,3,0,0,0.973250142175886,NA,NA,NA,1
DNMT1,2,0,0,0.973250142175886,NA,NA,NA,1
DOCK1,2,0,0,0.973250142175886,NA,NA,NA,1
DOK1,2,0,0,0.973250142175886,NA,NA,NA,1
DPH6,8,0,0,0.973250142175886,NA,NA,NA,1
DSG3,3,0,0,0.973250142175886,NA,NA,NA,1
DTWD1,11,0,0,0.973250142175886,NA,NA,NA,1
DUS1L,2,0,0,0.973250142175886,NA,NA,NA,1
DUSP6,4,0,0,0.973250142175886,NA,NA,NA,1
DUSP7,4,0,0,0.973250142175886,NA,NA,NA,1
DYNLL1,9,0,0,0.973250142175886,NA,NA,NA,1
ECHDC2,4,0,0,0.973250142175886,NA,NA,NA,1
EEF1G,5,0,0,0.973250142175886,NA,NA,NA,1
EFEMP2,2,0,0,0.973250142175886,NA,NA,NA,1
EGR3,3,0,0,0.973250142175886,NA,NA,NA,1
EHD1,7,0,0,0.973250142175886,NA,NA,NA,1
EIF2A,12,0,0,0.973250142175886,NA,NA,NA,1
EIF2AK1,15,0,0,0.973250142175886,NA,NA,NA,1
EIF2B4,3,0,0,0.973250142175886,NA,NA,NA,1
EIF3A,8,0,0,0.973250142175886,NA,NA,NA,1
EIF4B,9,0,0,0.973250142175886,NA,NA,NA,1
ELOVL5,9,0,0,0.973250142175886,NA,NA,NA,1
ELP3,3,0,0,0.973250142175886,NA,NA,NA,1
EMC2,11,0,0,0.973250142175886,NA,NA,NA,1
EMC6,7,0,0,0.973250142175886,NA,NA,NA,1
ENO2,3,0,0,0.973250142175886,NA,NA,NA,1
ENPP4,6,0,0,0.973250142175886,NA,NA,NA,1
EOGT,7,0,0,0.973250142175886,NA,NA,NA,1
EP300,7,0,0,0.973250142175886,NA,NA,NA,1
EPHA4,4,0,0,0.973250142175886,NA,NA,NA,1
EPHB4,6,0,0,0.973250142175886,NA,NA,NA,1
EPS8L2,2,0,0,0.973250142175886,NA,NA,NA,1
ERAL1,2,0,0,0.973250142175886,NA,NA,NA,1
ERBB2,7,0,0,0.973250142175886,NA,NA,NA,1
ERCC6L2,6,0,0,0.973250142175886,NA,NA,NA,1
ERF,3,0,0,0.973250142175886,NA,NA,NA,1
ERP44,9,0,0,0.973250142175886,NA,NA,NA,1
ESF1,5,0,0,0.973250142175886,NA,NA,NA,1
ESRRA,3,0,0,0.973250142175886,NA,NA,NA,1
ESYT1,7,0,0,0.973250142175886,NA,NA,NA,1
ETF1,13,0,0,0.973250142175886,NA,NA,NA,1
ETS2,7,0,0,0.973250142175886,NA,NA,NA,1
EVI2B,3,0,0,0.973250142175886,NA,NA,NA,1
EVPL,4,0,0,0.973250142175886,NA,NA,NA,1
EXOC4,4,0,0,0.973250142175886,NA,NA,NA,1
EXOC7,8,0,0,0.973250142175886,NA,NA,NA,1
EXTL2,8,0,0,0.973250142175886,NA,NA,NA,1
FAAP20,3,0,0,0.973250142175886,NA,NA,NA,1
FAAP24,3,0,0,0.973250142175886,NA,NA,NA,1
FAHD2A,4,0,0,0.973250142175886,NA,NA,NA,1
FAM107B,8,0,0,0.973250142175886,NA,NA,NA,1
FAM13A,7,0,0,0.973250142175886,NA,NA,NA,1
FAM149B1,7,0,0,0.973250142175886,NA,NA,NA,1
FAM167A,2,0,0,0.973250142175886,NA,NA,NA,1
FAM206A,5,0,0,0.973250142175886,NA,NA,NA,1
FAM214B,3,0,0,0.973250142175886,NA,NA,NA,1
FAM219B,2,0,0,0.973250142175886,NA,NA,NA,1
FAM222B,9,0,0,0.973250142175886,NA,NA,NA,1
FAM45A,7,0,0,0.973250142175886,NA,NA,NA,1
FAM50A,7,0,0,0.973250142175886,NA,NA,NA,1
FAM78B,3,0,0,0.973250142175886,NA,NA,NA,1
FAR2,3,0,0,0.973250142175886,NA,NA,NA,1
FASTKD2,14,0,0,0.973250142175886,NA,NA,NA,1
FAT3,2,0,0,0.973250142175886,NA,NA,NA,1
FBRS,2,0,0,0.973250142175886,NA,NA,NA,1
FBXL17,8,0,0,0.973250142175886,NA,NA,NA,1
FCHSD1,3,0,0,0.973250142175886,NA,NA,NA,1
FCMR,11,0,0,0.973250142175886,NA,NA,NA,1
FGF11,2,0,0,0.973250142175886,NA,NA,NA,1
FGFR1,12,0,0,0.973250142175886,NA,NA,NA,1
FGFR4,2,0,0,0.973250142175886,NA,NA,NA,1
FHDC1,3,0,0,0.973250142175886,NA,NA,NA,1
FIGNL1,10,0,0,0.973250142175886,NA,NA,NA,1
FKBP2,3,0,0,0.973250142175886,NA,NA,NA,1
FKBP3,6,0,0,0.973250142175886,NA,NA,NA,1
FMN2,2,0,0,0.973250142175886,NA,NA,NA,1
FNBP4,3,0,0,0.973250142175886,NA,NA,NA,1
FOXK2,6,0,0,0.973250142175886,NA,NA,NA,1
FRMD4B,9,0,0,0.973250142175886,NA,NA,NA,1
FSTL3,5,0,0,0.973250142175886,NA,NA,NA,1
FZD1,12,0,0,0.973250142175886,NA,NA,NA,1
G6PC3,4,0,0,0.973250142175886,NA,NA,NA,1
GABARAP,8,0,0,0.973250142175886,NA,NA,NA,1
GABRQ,2,0,0,0.973250142175886,NA,NA,NA,1
GAMT,4,0,0,0.973250142175886,NA,NA,NA,1
GANAB,4,0,0,0.973250142175886,NA,NA,NA,1
GAR1,5,0,0,0.973250142175886,NA,NA,NA,1
GAS7,5,0,0,0.973250142175886,NA,NA,NA,1
GATAD2A,5,0,0,0.973250142175886,NA,NA,NA,1
GBA2,4,0,0,0.973250142175886,NA,NA,NA,1
GBE1,6,0,0,0.973250142175886,NA,NA,NA,1
GBP3,3,0,0,0.973250142175886,NA,NA,NA,1
GCAT,2,0,0,0.973250142175886,NA,NA,NA,1
GCC1,9,0,0,0.973250142175886,NA,NA,NA,1
GCDH,9,0,0,0.973250142175886,NA,NA,NA,1
GCH1,4,0,0,0.973250142175886,NA,NA,NA,1
GDAP1,5,0,0,0.973250142175886,NA,NA,NA,1
GGA3,4,0,0,0.973250142175886,NA,NA,NA,1
GJA5,3,0,0,0.973250142175886,NA,NA,NA,1
GK,6,0,0,0.973250142175886,NA,NA,NA,1
GLB1,5,0,0,0.973250142175886,NA,NA,NA,1
GLCCI1,10,0,0,0.973250142175886,NA,NA,NA,1
GMPPB,5,0,0,0.973250142175886,NA,NA,NA,1
GNAZ,4,0,0,0.973250142175886,NA,NA,NA,1
GNG2,4,0,0,0.973250142175886,NA,NA,NA,1
GNL2,5,0,0,0.973250142175886,NA,NA,NA,1
GNPDA1,7,0,0,0.973250142175886,NA,NA,NA,1
GNPTAB,8,0,0,0.973250142175886,NA,NA,NA,1
GOLGA1,6,0,0,0.973250142175886,NA,NA,NA,1
GOLGA8A,7,0,0,0.973250142175886,NA,NA,NA,1
GPC1,5,0,0,0.973250142175886,NA,NA,NA,1
GPM6B,7,0,0,0.973250142175886,NA,NA,NA,1
GPR176,5,0,0,0.973250142175886,NA,NA,NA,1
GPR39,4,0,0,0.973250142175886,NA,NA,NA,1
GPRASP2,3,0,0,0.973250142175886,NA,NA,NA,1
GPS1,3,0,0,0.973250142175886,NA,NA,NA,1
GRAMD1C,2,0,0,0.973250142175886,NA,NA,NA,1
GRHPR,7,0,0,0.973250142175886,NA,NA,NA,1
GRIPAP1,2,0,0,0.973250142175886,NA,NA,NA,1
GSTP1,3,0,0,0.973250142175886,NA,NA,NA,1
GTF2E1,5,0,0,0.973250142175886,NA,NA,NA,1
GTF3C1,2,0,0,0.973250142175886,NA,NA,NA,1
GYG1,5,0,0,0.973250142175886,NA,NA,NA,1
HACD1,5,0,0,0.973250142175886,NA,NA,NA,1
HAS2,4,0,0,0.973250142175886,NA,NA,NA,1
HDAC4,6,0,0,0.973250142175886,NA,NA,NA,1
HDAC7,2,0,0,0.973250142175886,NA,NA,NA,1
HDGF,7,0,0,0.973250142175886,NA,NA,NA,1
HDX,2,0,0,0.973250142175886,NA,NA,NA,1
HEATR3,6,0,0,0.973250142175886,NA,NA,NA,1
HEATR5B,4,0,0,0.973250142175886,NA,NA,NA,1
HEATR6,2,0,0,0.973250142175886,NA,NA,NA,1
HERC1,2,0,0,0.973250142175886,NA,NA,NA,1
HERC5,2,0,0,0.973250142175886,NA,NA,NA,1
HHAT,6,0,0,0.973250142175886,NA,NA,NA,1
HHIP,3,0,0,0.973250142175886,NA,NA,NA,1
HIGD2A,5,0,0,0.973250142175886,NA,NA,NA,1
HIST1H1C,4,0,0,0.973250142175886,NA,NA,NA,1
HIST1H2BC,7,0,0,0.973250142175886,NA,NA,NA,1
HIST1H2BD,6,0,0,0.973250142175886,NA,NA,NA,1
HIST1H2BK,8,0,0,0.973250142175886,NA,NA,NA,1
HIST1H2BN,6,0,0,0.973250142175886,NA,NA,NA,1
HIST1H3H,7,0,0,0.973250142175886,NA,NA,NA,1
HIST1H4K,3,0,0,0.973250142175886,NA,NA,NA,1
HIVEP2,6,0,0,0.973250142175886,NA,NA,NA,1
HKR1,2,0,0,0.973250142175886,NA,NA,NA,1
HMGA2,4,0,0,0.973250142175886,NA,NA,NA,1
HMGN3,7,0,0,0.973250142175886,NA,NA,NA,1
HNRNPC,11,0,0,0.973250142175886,NA,NA,NA,1
HNRNPH3,7,0,0,0.973250142175886,NA,NA,NA,1
HNRNPL,7,0,0,0.973250142175886,NA,NA,NA,1
HNRNPUL2,7,0,0,0.973250142175886,NA,NA,NA,1
HOXA2,5,0,0,0.973250142175886,NA,NA,NA,1
HOXA4,2,0,0,0.973250142175886,NA,NA,NA,1
HOXC6,2,0,0,0.973250142175886,NA,NA,NA,1
HOXC8,2,0,0,0.973250142175886,NA,NA,NA,1
HPGD,9,0,0,0.973250142175886,NA,NA,NA,1
HPSE,3,0,0,0.973250142175886,NA,NA,NA,1
HR,5,0,0,0.973250142175886,NA,NA,NA,1
HS6ST1,5,0,0,0.973250142175886,NA,NA,NA,1
HSD11B1,2,0,0,0.973250142175886,NA,NA,NA,1
HSD17B7,2,0,0,0.973250142175886,NA,NA,NA,1
HSPBAP1,3,0,0,0.973250142175886,NA,NA,NA,1
HTR7,5,0,0,0.973250142175886,NA,NA,NA,1
HYPK,6,0,0,0.973250142175886,NA,NA,NA,1
ICK,6,0,0,0.973250142175886,NA,NA,NA,1
IDH3B,3,0,0,0.973250142175886,NA,NA,NA,1
IER2,3,0,0,0.973250142175886,NA,NA,NA,1
IL11,3,0,0,0.973250142175886,NA,NA,NA,1
IMMP2L,6,0,0,0.973250142175886,NA,NA,NA,1
INAFM1,4,0,0,0.973250142175886,NA,NA,NA,1
ING4,3,0,0,0.973250142175886,NA,NA,NA,1
INPP4A,13,0,0,0.973250142175886,NA,NA,NA,1
INPP4B,3,0,0,0.973250142175886,NA,NA,NA,1
INTS12,3,0,0,0.973250142175886,NA,NA,NA,1
INTS6,15,0,0,0.973250142175886,NA,NA,NA,1
INTS6L,3,0,0,0.973250142175886,NA,NA,NA,1
IQCD,3,0,0,0.973250142175886,NA,NA,NA,1
IRX1,3,0,0,0.973250142175886,NA,NA,NA,1
ISL1,4,0,0,0.973250142175886,NA,NA,NA,1
ISOC1,8,0,0,0.973250142175886,NA,NA,NA,1
ISPD,4,0,0,0.973250142175886,NA,NA,NA,1
IST1,6,0,0,0.973250142175886,NA,NA,NA,1
ISY1,2,0,0,0.973250142175886,NA,NA,NA,1
ISYNA1,6,0,0,0.973250142175886,NA,NA,NA,1
ITM2B,13,0,0,0.973250142175886,NA,NA,NA,1
ITPKB,3,0,0,0.973250142175886,NA,NA,NA,1
ITPR2,13,0,0,0.973250142175886,NA,NA,NA,1
JPT1,4,0,0,0.973250142175886,NA,NA,NA,1
KCNAB3,3,0,0,0.973250142175886,NA,NA,NA,1
KCTD1,5,0,0,0.973250142175886,NA,NA,NA,1
KCTD10,5,0,0,0.973250142175886,NA,NA,NA,1
KCTD13,2,0,0,0.973250142175886,NA,NA,NA,1
KCTD15,5,0,0,0.973250142175886,NA,NA,NA,1
KCTD20,11,0,0,0.973250142175886,NA,NA,NA,1
KDELR1,4,0,0,0.973250142175886,NA,NA,NA,1
KHDRBS1,4,0,0,0.973250142175886,NA,NA,NA,1
KIAA0232,5,0,0,0.973250142175886,NA,NA,NA,1
KIAA0319L,2,0,0,0.973250142175886,NA,NA,NA,1
KIAA0513,9,0,0,0.973250142175886,NA,NA,NA,1
KIAA1614,5,0,0,0.973250142175886,NA,NA,NA,1
KIF1BP,2,0,0,0.973250142175886,NA,NA,NA,1
KIF21A,5,0,0,0.973250142175886,NA,NA,NA,1
KIFAP3,5,0,0,0.973250142175886,NA,NA,NA,1
KLF6,8,0,0,0.973250142175886,NA,NA,NA,1
KLF9,4,0,0,0.973250142175886,NA,NA,NA,1
KLHDC4,9,0,0,0.973250142175886,NA,NA,NA,1
KMT2D,5,0,0,0.973250142175886,NA,NA,NA,1
KRBA1,6,0,0,0.973250142175886,NA,NA,NA,1
KREMEN2,2,0,0,0.973250142175886,NA,NA,NA,1
LAMC1,13,0,0,0.973250142175886,NA,NA,NA,1
LAMTOR4,2,0,0,0.973250142175886,NA,NA,NA,1
LARGE1,3,0,0,0.973250142175886,NA,NA,NA,1
LAT,2,0,0,0.973250142175886,NA,NA,NA,1
LCP1,2,0,0,0.973250142175886,NA,NA,NA,1
LDLRAP1,5,0,0,0.973250142175886,NA,NA,NA,1
LGR4,9,0,0,0.973250142175886,NA,NA,NA,1
LIG1,2,0,0,0.973250142175886,NA,NA,NA,1
LIMD2,3,0,0,0.973250142175886,NA,NA,NA,1
LIMS1,6,0,0,0.973250142175886,NA,NA,NA,1
LLPH,14,0,0,0.973250142175886,NA,NA,NA,1
LMAN2,5,0,0,0.973250142175886,NA,NA,NA,1
LMBRD1,7,0,0,0.973250142175886,NA,NA,NA,1
LNP1,3,0,0,0.973250142175886,NA,NA,NA,1
LOC100996842,4,0,0,0.973250142175886,NA,NA,NA,1
LOC101928120,5,0,0,0.973250142175886,NA,NA,NA,1
LOC101928841,2,0,0,0.973250142175886,NA,NA,NA,1
LPAR2,5,0,0,0.973250142175886,NA,NA,NA,1
LPCAT3,7,0,0,0.973250142175886,NA,NA,NA,1
LPP,10,0,0,0.973250142175886,NA,NA,NA,1
LRBA,8,0,0,0.973250142175886,NA,NA,NA,1
LRP1,4,0,0,0.973250142175886,NA,NA,NA,1
LRR1,5,0,0,0.973250142175886,NA,NA,NA,1
LRRC59,11,0,0,0.973250142175886,NA,NA,NA,1
LRRC8C,5,0,0,0.973250142175886,NA,NA,NA,1
LRWD1,2,0,0,0.973250142175886,NA,NA,NA,1
LSM11,8,0,0,0.973250142175886,NA,NA,NA,1
LSM4,4,0,0,0.973250142175886,NA,NA,NA,1
LTN1,6,0,0,0.973250142175886,NA,NA,NA,1
LUC7L,4,0,0,0.973250142175886,NA,NA,NA,1
LURAP1L,5,0,0,0.973250142175886,NA,NA,NA,1
LXN,6,0,0,0.973250142175886,NA,NA,NA,1
LYPD6,4,0,0,0.973250142175886,NA,NA,NA,1
MAFB,5,0,0,0.973250142175886,NA,NA,NA,1
MAGEF1,11,0,0,0.973250142175886,NA,NA,NA,1
MALSU1,4,0,0,0.973250142175886,NA,NA,NA,1
MAMLD1,3,0,0,0.973250142175886,NA,NA,NA,1
MAN2B1,4,0,0,0.973250142175886,NA,NA,NA,1
MANEAL,13,0,0,0.973250142175886,NA,NA,NA,1
MAP10,3,0,0,0.973250142175886,NA,NA,NA,1
MAP2K3,2,0,0,0.973250142175886,NA,NA,NA,1
MAP3K21,8,0,0,0.973250142175886,NA,NA,NA,1
MAPK12,2,0,0,0.973250142175886,NA,NA,NA,1
MAPRE3,2,0,0,0.973250142175886,NA,NA,NA,1
MAST4,4,0,0,0.973250142175886,NA,NA,NA,1
MASTL,4,0,0,0.973250142175886,NA,NA,NA,1
MBTD1,5,0,0,0.973250142175886,NA,NA,NA,1
MBTPS2,12,0,0,0.973250142175886,NA,NA,NA,1
MCM6,3,0,0,0.973250142175886,NA,NA,NA,1
MCU,4,0,0,0.973250142175886,NA,NA,NA,1
MEGF8,2,0,0,0.973250142175886,NA,NA,NA,1
METTL25,2,0,0,0.973250142175886,NA,NA,NA,1
METTL2A,7,0,0,0.973250142175886,NA,NA,NA,1
METTL3,2,0,0,0.973250142175886,NA,NA,NA,1
MFN1,18,0,0,0.973250142175886,NA,NA,NA,1
MFSD12,7,0,0,0.973250142175886,NA,NA,NA,1
MFSD2A,2,0,0,0.973250142175886,NA,NA,NA,1
MFSD6,7,0,0,0.973250142175886,NA,NA,NA,1
MGLL,5,0,0,0.973250142175886,NA,NA,NA,1
MGP,5,0,0,0.973250142175886,NA,NA,NA,1
MICALL2,2,0,0,0.973250142175886,NA,NA,NA,1
MINDY1,6,0,0,0.973250142175886,NA,NA,NA,1
MIS18BP1,6,0,0,0.973250142175886,NA,NA,NA,1
MMP16,9,0,0,0.973250142175886,NA,NA,NA,1
MMP17,2,0,0,0.973250142175886,NA,NA,NA,1
MMRN2,2,0,0,0.973250142175886,NA,NA,NA,1
MOB1B,9,0,0,0.973250142175886,NA,NA,NA,1
MPI,8,0,0,0.973250142175886,NA,NA,NA,1
MPP3,5,0,0,0.973250142175886,NA,NA,NA,1
MPV17,4,0,0,0.973250142175886,NA,NA,NA,1
MPZL3,5,0,0,0.973250142175886,NA,NA,NA,1
MRAS,5,0,0,0.973250142175886,NA,NA,NA,1
MRFAP1L1,5,0,0,0.973250142175886,NA,NA,NA,1
MRPL12,6,0,0,0.973250142175886,NA,NA,NA,1
MRPL20,3,0,0,0.973250142175886,NA,NA,NA,1
MRPL32,3,0,0,0.973250142175886,NA,NA,NA,1
MRPS15,4,0,0,0.973250142175886,NA,NA,NA,1
MRPS2,2,0,0,0.973250142175886,NA,NA,NA,1
MRPS26,2,0,0,0.973250142175886,NA,NA,NA,1
MRPS36,5,0,0,0.973250142175886,NA,NA,NA,1
MRPS5,8,0,0,0.973250142175886,NA,NA,NA,1
MRPS6,3,0,0,0.973250142175886,NA,NA,NA,1
MRPS7,11,0,0,0.973250142175886,NA,NA,NA,1
MSRB3,5,0,0,0.973250142175886,NA,NA,NA,1
MT1F,2,0,0,0.973250142175886,NA,NA,NA,1
MTERF1,9,0,0,0.973250142175886,NA,NA,NA,1
MVK,3,0,0,0.973250142175886,NA,NA,NA,1
MXD1,5,0,0,0.973250142175886,NA,NA,NA,1
MXI1,11,0,0,0.973250142175886,NA,NA,NA,1
MYL9,2,0,0,0.973250142175886,NA,NA,NA,1
MYO1C,6,0,0,0.973250142175886,NA,NA,NA,1
MYO9B,3,0,0,0.973250142175886,NA,NA,NA,1
NAALADL2,6,0,0,0.973250142175886,NA,NA,NA,1
NAT8L,4,0,0,0.973250142175886,NA,NA,NA,1
NAXD,7,0,0,0.973250142175886,NA,NA,NA,1
NCDN,2,0,0,0.973250142175886,NA,NA,NA,1
NCOA5,4,0,0,0.973250142175886,NA,NA,NA,1
NCOR2,4,0,0,0.973250142175886,NA,NA,NA,1
NDUFS5,5,0,0,0.973250142175886,NA,NA,NA,1
NEK1,3,0,0,0.973250142175886,NA,NA,NA,1
NEK7,11,0,0,0.973250142175886,NA,NA,NA,1
NICN1,3,0,0,0.973250142175886,NA,NA,NA,1
NINJ1,2,0,0,0.973250142175886,NA,NA,NA,1
NIPA2,7,0,0,0.973250142175886,NA,NA,NA,1
NIPSNAP3A,8,0,0,0.973250142175886,NA,NA,NA,1
NKX3-1,2,0,0,0.973250142175886,NA,NA,NA,1
NME3,4,0,0,0.973250142175886,NA,NA,NA,1
NME7,2,0,0,0.973250142175886,NA,NA,NA,1
NOL3,6,0,0,0.973250142175886,NA,NA,NA,1
NPRL3,8,0,0,0.973250142175886,NA,NA,NA,1
NR1H2,5,0,0,0.973250142175886,NA,NA,NA,1
NRIP1,8,0,0,0.973250142175886,NA,NA,NA,1
NSDHL,9,0,0,0.973250142175886,NA,NA,NA,1
NSMAF,9,0,0,0.973250142175886,NA,NA,NA,1
NSMCE4A,3,0,0,0.973250142175886,NA,NA,NA,1
NT5C1B-RDH14,3,0,0,0.973250142175886,NA,NA,NA,1
NUBP1,2,0,0,0.973250142175886,NA,NA,NA,1
NUCB2,5,0,0,0.973250142175886,NA,NA,NA,1
NUDT12,5,0,0,0.973250142175886,NA,NA,NA,1
NUDT18,3,0,0,0.973250142175886,NA,NA,NA,1
NUDT6,3,0,0,0.973250142175886,NA,NA,NA,1
NUF2,5,0,0,0.973250142175886,NA,NA,NA,1
NUP107,4,0,0,0.973250142175886,NA,NA,NA,1
NUP37,8,0,0,0.973250142175886,NA,NA,NA,1
NUP58,8,0,0,0.973250142175886,NA,NA,NA,1
NUP62CL,9,0,0,0.973250142175886,NA,NA,NA,1
NUS1,9,0,0,0.973250142175886,NA,NA,NA,1
OAS3,4,0,0,0.973250142175886,NA,NA,NA,1
ODC1,5,0,0,0.973250142175886,NA,NA,NA,1
ODR4,4,0,0,0.973250142175886,NA,NA,NA,1
OGFOD1,9,0,0,0.973250142175886,NA,NA,NA,1
OLAH,2,0,0,0.973250142175886,NA,NA,NA,1
ORAI1,2,0,0,0.973250142175886,NA,NA,NA,1
OSBPL11,5,0,0,0.973250142175886,NA,NA,NA,1
OSMR,9,0,0,0.973250142175886,NA,NA,NA,1
OSTC,5,0,0,0.973250142175886,NA,NA,NA,1
OVOL2,6,0,0,0.973250142175886,NA,NA,NA,1
OXCT1,10,0,0,0.973250142175886,NA,NA,NA,1
P4HB,9,0,0,0.973250142175886,NA,NA,NA,1
PAIP1,3,0,0,0.973250142175886,NA,NA,NA,1
PALLD,8,0,0,0.973250142175886,NA,NA,NA,1
PALM2,3,0,0,0.973250142175886,NA,NA,NA,1
PAPSS2,5,0,0,0.973250142175886,NA,NA,NA,1
PAQR3,4,0,0,0.973250142175886,NA,NA,NA,1
PAQR5,10,0,0,0.973250142175886,NA,NA,NA,1
PARD6B,7,0,0,0.973250142175886,NA,NA,NA,1
PARP11,5,0,0,0.973250142175886,NA,NA,NA,1
PARVB,4,0,0,0.973250142175886,NA,NA,NA,1
PATL1,6,0,0,0.973250142175886,NA,NA,NA,1
PAXBP1,9,0,0,0.973250142175886,NA,NA,NA,1
PBK,6,0,0,0.973250142175886,NA,NA,NA,1
PCDH18,5,0,0,0.973250142175886,NA,NA,NA,1
PCDH19,2,0,0,0.973250142175886,NA,NA,NA,1
PCID2,5,0,0,0.973250142175886,NA,NA,NA,1
PCMT1,6,0,0,0.973250142175886,NA,NA,NA,1
PDCD1LG2,5,0,0,0.973250142175886,NA,NA,NA,1
PDE4B,5,0,0,0.973250142175886,NA,NA,NA,1
PDE7B,7,0,0,0.973250142175886,NA,NA,NA,1
PDGFRL,2,0,0,0.973250142175886,NA,NA,NA,1
PDHX,10,0,0,0.973250142175886,NA,NA,NA,1
PDK2,5,0,0,0.973250142175886,NA,NA,NA,1
PDK3,6,0,0,0.973250142175886,NA,NA,NA,1
PDLIM3,2,0,0,0.973250142175886,NA,NA,NA,1
PDZK1IP1,2,0,0,0.973250142175886,NA,NA,NA,1
PEG10,3,0,0,0.973250142175886,NA,NA,NA,1
PELO,5,0,0,0.973250142175886,NA,NA,NA,1
PER2,6,0,0,0.973250142175886,NA,NA,NA,1
PFDN1,3,0,0,0.973250142175886,NA,NA,NA,1
PGBD4,5,0,0,0.973250142175886,NA,NA,NA,1
PGS1,5,0,0,0.973250142175886,NA,NA,NA,1
PHKB,14,0,0,0.973250142175886,NA,NA,NA,1
PHYH,4,0,0,0.973250142175886,NA,NA,NA,1
PI15,3,0,0,0.973250142175886,NA,NA,NA,1
PIFO,3,0,0,0.973250142175886,NA,NA,NA,1
PIGBOS1,5,0,0,0.973250142175886,NA,NA,NA,1
PIK3C2A,7,0,0,0.973250142175886,NA,NA,NA,1
PIKFYVE,7,0,0,0.973250142175886,NA,NA,NA,1
PIM3,3,0,0,0.973250142175886,NA,NA,NA,1
PITPNM1,2,0,0,0.973250142175886,NA,NA,NA,1
PITRM1,5,0,0,0.973250142175886,NA,NA,NA,1
PKD1,2,0,0,0.973250142175886,NA,NA,NA,1
PLA2G15,2,0,0,0.973250142175886,NA,NA,NA,1
PLA2G5,2,0,0,0.973250142175886,NA,NA,NA,1
PLCB3,7,0,0,0.973250142175886,NA,NA,NA,1
PLCE1,3,0,0,0.973250142175886,NA,NA,NA,1
PLEKHG1,3,0,0,0.973250142175886,NA,NA,NA,1
PLEKHG3,9,0,0,0.973250142175886,NA,NA,NA,1
PLEKHN1,3,0,0,0.973250142175886,NA,NA,NA,1
PLEKHO1,2,0,0,0.973250142175886,NA,NA,NA,1
PLK1,2,0,0,0.973250142175886,NA,NA,NA,1
PLP2,3,0,0,0.973250142175886,NA,NA,NA,1
PLPPR2,2,0,0,0.973250142175886,NA,NA,NA,1
PLXNA1,4,0,0,0.973250142175886,NA,NA,NA,1
PML,3,0,0,0.973250142175886,NA,NA,NA,1
PNLIPRP3,4,0,0,0.973250142175886,NA,NA,NA,1
POLE3,2,0,0,0.973250142175886,NA,NA,NA,1
POLR2C,4,0,0,0.973250142175886,NA,NA,NA,1
POLR2G,5,0,0,0.973250142175886,NA,NA,NA,1
POLR3E,6,0,0,0.973250142175886,NA,NA,NA,1
POMT2,4,0,0,0.973250142175886,NA,NA,NA,1
POP4,6,0,0,0.973250142175886,NA,NA,NA,1
PPM1L,10,0,0,0.973250142175886,NA,NA,NA,1
PPP1R35,3,0,0,0.973250142175886,NA,NA,NA,1
PPP1R3C,5,0,0,0.973250142175886,NA,NA,NA,1
PPP1R3F,4,0,0,0.973250142175886,NA,NA,NA,1
PPP2R1A,7,0,0,0.973250142175886,NA,NA,NA,1
PPTC7,7,0,0,0.973250142175886,NA,NA,NA,1
PRICKLE3,8,0,0,0.973250142175886,NA,NA,NA,1
PRKCZ,8,0,0,0.973250142175886,NA,NA,NA,1
PROS1,6,0,0,0.973250142175886,NA,NA,NA,1
PROX1,4,0,0,0.973250142175886,NA,NA,NA,1
PRPSAP2,5,0,0,0.973250142175886,NA,NA,NA,1
PRR15,4,0,0,0.973250142175886,NA,NA,NA,1
PRTFDC1,2,0,0,0.973250142175886,NA,NA,NA,1
PSAP,13,0,0,0.973250142175886,NA,NA,NA,1
PSD3,7,0,0,0.973250142175886,NA,NA,NA,1
PSIP1,11,0,0,0.973250142175886,NA,NA,NA,1
PSMA6,4,0,0,0.973250142175886,NA,NA,NA,1
PSMB5,4,0,0,0.973250142175886,NA,NA,NA,1
PSMC4,5,0,0,0.973250142175886,NA,NA,NA,1
PSMD14,3,0,0,0.973250142175886,NA,NA,NA,1
PSMD3,2,0,0,0.973250142175886,NA,NA,NA,1
PSMD5,9,0,0,0.973250142175886,NA,NA,NA,1
PTGFR,6,0,0,0.973250142175886,NA,NA,NA,1
PTK2B,2,0,0,0.973250142175886,NA,NA,NA,1
PTK7,2,0,0,0.973250142175886,NA,NA,NA,1
PTPN9,9,0,0,0.973250142175886,NA,NA,NA,1
PTPRN2,2,0,0,0.973250142175886,NA,NA,NA,1
PUS10,7,0,0,0.973250142175886,NA,NA,NA,1
PUSL1,8,0,0,0.973250142175886,NA,NA,NA,1
PXK,5,0,0,0.973250142175886,NA,NA,NA,1
PXMP4,8,0,0,0.973250142175886,NA,NA,NA,1
PYCARD,2,0,0,0.973250142175886,NA,NA,NA,1
PYGO2,3,0,0,0.973250142175886,NA,NA,NA,1
QARS,2,0,0,0.973250142175886,NA,NA,NA,1
RAB11FIP1,10,0,0,0.973250142175886,NA,NA,NA,1
RAB17,3,0,0,0.973250142175886,NA,NA,NA,1
RAB40A,2,0,0,0.973250142175886,NA,NA,NA,1
RAB5B,6,0,0,0.973250142175886,NA,NA,NA,1
RABEP1,6,0,0,0.973250142175886,NA,NA,NA,1
RAD51D,6,0,0,0.973250142175886,NA,NA,NA,1
RAD9B,3,0,0,0.973250142175886,NA,NA,NA,1
RAET1E,4,0,0,0.973250142175886,NA,NA,NA,1
RANGAP1,5,0,0,0.973250142175886,NA,NA,NA,1
RAP1GDS1,4,0,0,0.973250142175886,NA,NA,NA,1
RAPGEF6,4,0,0,0.973250142175886,NA,NA,NA,1
RASA2,4,0,0,0.973250142175886,NA,NA,NA,1
RASSF9,3,0,0,0.973250142175886,NA,NA,NA,1
RBL2,4,0,0,0.973250142175886,NA,NA,NA,1
RBX1,7,0,0,0.973250142175886,NA,NA,NA,1
RCAN3,5,0,0,0.973250142175886,NA,NA,NA,1
RCCD1,7,0,0,0.973250142175886,NA,NA,NA,1
RECQL5,2,0,0,0.973250142175886,NA,NA,NA,1
REEP6,2,0,0,0.973250142175886,NA,NA,NA,1
RFK,6,0,0,0.973250142175886,NA,NA,NA,1
RFWD3,5,0,0,0.973250142175886,NA,NA,NA,1
RFX1,3,0,0,0.973250142175886,NA,NA,NA,1
RGS7,2,0,0,0.973250142175886,NA,NA,NA,1
RHOT2,3,0,0,0.973250142175886,NA,NA,NA,1
RILPL1,6,0,0,0.973250142175886,NA,NA,NA,1
RIN1,3,0,0,0.973250142175886,NA,NA,NA,1
RLF,3,0,0,0.973250142175886,NA,NA,NA,1
RNF130,3,0,0,0.973250142175886,NA,NA,NA,1
RNF152,7,0,0,0.973250142175886,NA,NA,NA,1
RNF214,9,0,0,0.973250142175886,NA,NA,NA,1
RNF4,5,0,0,0.973250142175886,NA,NA,NA,1
RPF1,4,0,0,0.973250142175886,NA,NA,NA,1
RPL19,6,0,0,0.973250142175886,NA,NA,NA,1
RPL28,3,0,0,0.973250142175886,NA,NA,NA,1
RPL35,2,0,0,0.973250142175886,NA,NA,NA,1
RPL39,4,0,0,0.973250142175886,NA,NA,NA,1
RPL7L1,8,0,0,0.973250142175886,NA,NA,NA,1
RPP30,6,0,0,0.973250142175886,NA,NA,NA,1
RPS10-NUDT3,8,0,0,0.973250142175886,NA,NA,NA,1
RPS21,4,0,0,0.973250142175886,NA,NA,NA,1
RPS6KA3,10,0,0,0.973250142175886,NA,NA,NA,1
RPS6KL1,3,0,0,0.973250142175886,NA,NA,NA,1
RRP15,9,0,0,0.973250142175886,NA,NA,NA,1
RSG1,6,0,0,0.973250142175886,NA,NA,NA,1
RSRP1,3,0,0,0.973250142175886,NA,NA,NA,1
RTCA,7,0,0,0.973250142175886,NA,NA,NA,1
RTFDC1,9,0,0,0.973250142175886,NA,NA,NA,1
RTL8C,7,0,0,0.973250142175886,NA,NA,NA,1
RUFY1,4,0,0,0.973250142175886,NA,NA,NA,1
RUSC2,2,0,0,0.973250142175886,NA,NA,NA,1
RWDD2A,4,0,0,0.973250142175886,NA,NA,NA,1
SAMD15,6,0,0,0.973250142175886,NA,NA,NA,1
SAP30,4,0,0,0.973250142175886,NA,NA,NA,1
SAYSD1,4,0,0,0.973250142175886,NA,NA,NA,1
SBDS,5,0,0,0.973250142175886,NA,NA,NA,1
SCAF4,6,0,0,0.973250142175886,NA,NA,NA,1
SCAF8,10,0,0,0.973250142175886,NA,NA,NA,1
SCCPDH,10,0,0,0.973250142175886,NA,NA,NA,1
SCLT1,3,0,0,0.973250142175886,NA,NA,NA,1
SCMH1,3,0,0,0.973250142175886,NA,NA,NA,1
SCPEP1,3,0,0,0.973250142175886,NA,NA,NA,1
SCYL2,6,0,0,0.973250142175886,NA,NA,NA,1
SDF2L1,2,0,0,0.973250142175886,NA,NA,NA,1
SDHA,14,0,0,0.973250142175886,NA,NA,NA,1
SDHAF1,4,0,0,0.973250142175886,NA,NA,NA,1
SDSL,2,0,0,0.973250142175886,NA,NA,NA,1
SECISBP2,8,0,0,0.973250142175886,NA,NA,NA,1
SEH1L,2,0,0,0.973250142175886,NA,NA,NA,1
SELENOW,2,0,0,0.973250142175886,NA,NA,NA,1
SEMA7A,3,0,0,0.973250142175886,NA,NA,NA,1
SENP8,5,0,0,0.973250142175886,NA,NA,NA,1
SFR1,4,0,0,0.973250142175886,NA,NA,NA,1
SGK494,4,0,0,0.973250142175886,NA,NA,NA,1
SGPP1,2,0,0,0.973250142175886,NA,NA,NA,1
SH3D21,8,0,0,0.973250142175886,NA,NA,NA,1
SH3KBP1,7,0,0,0.973250142175886,NA,NA,NA,1
SH3RF1,5,0,0,0.973250142175886,NA,NA,NA,1
SH3RF3,5,0,0,0.973250142175886,NA,NA,NA,1
SHANK3,2,0,0,0.973250142175886,NA,NA,NA,1
SHISA5,7,0,0,0.973250142175886,NA,NA,NA,1
SHISA9,4,0,0,0.973250142175886,NA,NA,NA,1
SIRT5,10,0,0,0.973250142175886,NA,NA,NA,1
SLC12A4,2,0,0,0.973250142175886,NA,NA,NA,1
SLC12A8,3,0,0,0.973250142175886,NA,NA,NA,1
SLC22A4,4,0,0,0.973250142175886,NA,NA,NA,1
SLC25A1,3,0,0,0.973250142175886,NA,NA,NA,1
SLC25A19,2,0,0,0.973250142175886,NA,NA,NA,1
SLC25A26,9,0,0,0.973250142175886,NA,NA,NA,1
SLC25A30,4,0,0,0.973250142175886,NA,NA,NA,1
SLC27A6,4,0,0,0.973250142175886,NA,NA,NA,1
SLC30A1,7,0,0,0.973250142175886,NA,NA,NA,1
SLC35E3,12,0,0,0.973250142175886,NA,NA,NA,1
SLC35F3,3,0,0,0.973250142175886,NA,NA,NA,1
SLC36A1,8,0,0,0.973250142175886,NA,NA,NA,1
SLC38A10,3,0,0,0.973250142175886,NA,NA,NA,1
SLC45A4,3,0,0,0.973250142175886,NA,NA,NA,1
SLC4A11,2,0,0,0.973250142175886,NA,NA,NA,1
SLC7A11,8,0,0,0.973250142175886,NA,NA,NA,1
SLC9A3R2,3,0,0,0.973250142175886,NA,NA,NA,1
SLU7,3,0,0,0.973250142175886,NA,NA,NA,1
SLX4,5,0,0,0.973250142175886,NA,NA,NA,1
SMAD6,6,0,0,0.973250142175886,NA,NA,NA,1
SMC3,3,0,0,0.973250142175886,NA,NA,NA,1
SMG6,2,0,0,0.973250142175886,NA,NA,NA,1
SMPD4,3,0,0,0.973250142175886,NA,NA,NA,1
SNCAIP,3,0,0,0.973250142175886,NA,NA,NA,1
SNED1,4,0,0,0.973250142175886,NA,NA,NA,1
SNRNP25,4,0,0,0.973250142175886,NA,NA,NA,1
SNX4,3,0,0,0.973250142175886,NA,NA,NA,1
SOCS3,2,0,0,0.973250142175886,NA,NA,NA,1
SP6,2,0,0,0.973250142175886,NA,NA,NA,1
SPATA5,10,0,0,0.973250142175886,NA,NA,NA,1
SPG11,4,0,0,0.973250142175886,NA,NA,NA,1
SPINT2,7,0,0,0.973250142175886,NA,NA,NA,1
SPTLC2,8,0,0,0.973250142175886,NA,NA,NA,1
SRF,4,0,0,0.973250142175886,NA,NA,NA,1
SRM,8,0,0,0.973250142175886,NA,NA,NA,1
SRP19,6,0,0,0.973250142175886,NA,NA,NA,1
SRP54,5,0,0,0.973250142175886,NA,NA,NA,1
SRRM2,3,0,0,0.973250142175886,NA,NA,NA,1
SRSF11,8,0,0,0.973250142175886,NA,NA,NA,1
SSR2,3,0,0,0.973250142175886,NA,NA,NA,1
STK35,3,0,0,0.973250142175886,NA,NA,NA,1
STK36,4,0,0,0.973250142175886,NA,NA,NA,1
STRA6,2,0,0,0.973250142175886,NA,NA,NA,1
SULT1E1,4,0,0,0.973250142175886,NA,NA,NA,1
SUMF1,3,0,0,0.973250142175886,NA,NA,NA,1
SV2B,2,0,0,0.973250142175886,NA,NA,NA,1
SYCE2,2,0,0,0.973250142175886,NA,NA,NA,1
SYT5,2,0,0,0.973250142175886,NA,NA,NA,1
TAB2,5,0,0,0.973250142175886,NA,NA,NA,1
TACSTD2,4,0,0,0.973250142175886,NA,NA,NA,1
TAF11,8,0,0,0.973250142175886,NA,NA,NA,1
TAF13,3,0,0,0.973250142175886,NA,NA,NA,1
TAF5L,3,0,0,0.973250142175886,NA,NA,NA,1
TANGO6,8,0,0,0.973250142175886,NA,NA,NA,1
TATDN2,4,0,0,0.973250142175886,NA,NA,NA,1
TBC1D1,6,0,0,0.973250142175886,NA,NA,NA,1
TBC1D10A,2,0,0,0.973250142175886,NA,NA,NA,1
TBC1D22B,3,0,0,0.973250142175886,NA,NA,NA,1
TCAF2,6,0,0,0.973250142175886,NA,NA,NA,1
TCOF1,5,0,0,0.973250142175886,NA,NA,NA,1
TCP1,8,0,0,0.973250142175886,NA,NA,NA,1
TDRD9,2,0,0,0.973250142175886,NA,NA,NA,1
TEFM,4,0,0,0.973250142175886,NA,NA,NA,1
TERF2,12,0,0,0.973250142175886,NA,NA,NA,1
TEX22,3,0,0,0.973250142175886,NA,NA,NA,1
TGFBR3,4,0,0,0.973250142175886,NA,NA,NA,1
TGIF1,4,0,0,0.973250142175886,NA,NA,NA,1
TGS1,7,0,0,0.973250142175886,NA,NA,NA,1
THEM4,7,0,0,0.973250142175886,NA,NA,NA,1
THG1L,7,0,0,0.973250142175886,NA,NA,NA,1
THOC1,5,0,0,0.973250142175886,NA,NA,NA,1
THRAP3,6,0,0,0.973250142175886,NA,NA,NA,1
THRB,9,0,0,0.973250142175886,NA,NA,NA,1
THUMPD1,6,0,0,0.973250142175886,NA,NA,NA,1
TKFC,3,0,0,0.973250142175886,NA,NA,NA,1
TKT,8,0,0,0.973250142175886,NA,NA,NA,1
TLCD1,6,0,0,0.973250142175886,NA,NA,NA,1
TLR1,7,0,0,0.973250142175886,NA,NA,NA,1
TM2D3,2,0,0,0.973250142175886,NA,NA,NA,1
TMCC1,4,0,0,0.973250142175886,NA,NA,NA,1
TMCO3,6,0,0,0.973250142175886,NA,NA,NA,1
TMEM120A,4,0,0,0.973250142175886,NA,NA,NA,1
TMEM125,2,0,0,0.973250142175886,NA,NA,NA,1
TMEM173,3,0,0,0.973250142175886,NA,NA,NA,1
TMEM179B,9,0,0,0.973250142175886,NA,NA,NA,1
TMEM201,4,0,0,0.973250142175886,NA,NA,NA,1
TMEM209,7,0,0,0.973250142175886,NA,NA,NA,1
TMEM219,2,0,0,0.973250142175886,NA,NA,NA,1
TMEM234,6,0,0,0.973250142175886,NA,NA,NA,1
TMEM246,10,0,0,0.973250142175886,NA,NA,NA,1
TMEM265,6,0,0,0.973250142175886,NA,NA,NA,1
TMEM35B,4,0,0,0.973250142175886,NA,NA,NA,1
TMEM40,3,0,0,0.973250142175886,NA,NA,NA,1
TMEM70,4,0,0,0.973250142175886,NA,NA,NA,1
TMEM87A,10,0,0,0.973250142175886,NA,NA,NA,1
TMEM9,10,0,0,0.973250142175886,NA,NA,NA,1
TMIE,2,0,0,0.973250142175886,NA,NA,NA,1
TMOD2,9,0,0,0.973250142175886,NA,NA,NA,1
TMSB10,5,0,0,0.973250142175886,NA,NA,NA,1
TNFAIP8L2-SCNM1,4,0,0,0.973250142175886,NA,NA,NA,1
TNFAIP8L3,2,0,0,0.973250142175886,NA,NA,NA,1
TNFRSF12A,2,0,0,0.973250142175886,NA,NA,NA,1
TNS1,3,0,0,0.973250142175886,NA,NA,NA,1
TOP1,5,0,0,0.973250142175886,NA,NA,NA,1
TP73,2,0,0,0.973250142175886,NA,NA,NA,1
TPBG,11,0,0,0.973250142175886,NA,NA,NA,1
TPI1,9,0,0,0.973250142175886,NA,NA,NA,1
TPM1,3,0,0,0.973250142175886,NA,NA,NA,1
TPRKB,10,0,0,0.973250142175886,NA,NA,NA,1
TRADD,4,0,0,0.973250142175886,NA,NA,NA,1
TRAPPC9,5,0,0,0.973250142175886,NA,NA,NA,1
TRIB1,5,0,0,0.973250142175886,NA,NA,NA,1
TRIB3,3,0,0,0.973250142175886,NA,NA,NA,1
TRIM22,3,0,0,0.973250142175886,NA,NA,NA,1
TRIM45,4,0,0,0.973250142175886,NA,NA,NA,1
TRIM8,9,0,0,0.973250142175886,NA,NA,NA,1
TRIP12,7,0,0,0.973250142175886,NA,NA,NA,1
TSC22D1,8,0,0,0.973250142175886,NA,NA,NA,1
TSC22D2,7,0,0,0.973250142175886,NA,NA,NA,1
TSFM,6,0,0,0.973250142175886,NA,NA,NA,1
TSPAN5,4,0,0,0.973250142175886,NA,NA,NA,1
TSR2,9,0,0,0.973250142175886,NA,NA,NA,1
TTC13,9,0,0,0.973250142175886,NA,NA,NA,1
TTC26,5,0,0,0.973250142175886,NA,NA,NA,1
TTC30A,16,0,0,0.973250142175886,NA,NA,NA,1
TUBA1C,3,0,0,0.973250142175886,NA,NA,NA,1
TULP3,2,0,0,0.973250142175886,NA,NA,NA,1
TULP4,9,0,0,0.973250142175886,NA,NA,NA,1
TVP23C-CDRT4,3,0,0,0.973250142175886,NA,NA,NA,1
TXN,5,0,0,0.973250142175886,NA,NA,NA,1
TXNDC12,5,0,0,0.973250142175886,NA,NA,NA,1
TXNRD3,5,0,0,0.973250142175886,NA,NA,NA,1
TYSND1,2,0,0,0.973250142175886,NA,NA,NA,1
UBE2C,3,0,0,0.973250142175886,NA,NA,NA,1
UBE2G1,12,0,0,0.973250142175886,NA,NA,NA,1
UBL5,5,0,0,0.973250142175886,NA,NA,NA,1
UBLCP1,7,0,0,0.973250142175886,NA,NA,NA,1
UBR2,5,0,0,0.973250142175886,NA,NA,NA,1
UCN2,4,0,0,0.973250142175886,NA,NA,NA,1
UQCR11,11,0,0,0.973250142175886,NA,NA,NA,1
UQCRC2,6,0,0,0.973250142175886,NA,NA,NA,1
UQCRH,4,0,0,0.973250142175886,NA,NA,NA,1
UTP23,13,0,0,0.973250142175886,NA,NA,NA,1
UTRN,8,0,0,0.973250142175886,NA,NA,NA,1
VAMP1,4,0,0,0.973250142175886,NA,NA,NA,1
VANGL2,3,0,0,0.973250142175886,NA,NA,NA,1
VCPKMT,2,0,0,0.973250142175886,NA,NA,NA,1
VDAC2,3,0,0,0.973250142175886,NA,NA,NA,1
VNN1,5,0,0,0.973250142175886,NA,NA,NA,1
VPS25,3,0,0,0.973250142175886,NA,NA,NA,1
VPS28,2,0,0,0.973250142175886,NA,NA,NA,1
VPS35,10,0,0,0.973250142175886,NA,NA,NA,1
VPS50,11,0,0,0.973250142175886,NA,NA,NA,1
VPS8,5,0,0,0.973250142175886,NA,NA,NA,1
WASHC4,11,0,0,0.973250142175886,NA,NA,NA,1
WDR13,4,0,0,0.973250142175886,NA,NA,NA,1
WDR20,3,0,0,0.973250142175886,NA,NA,NA,1
WDR34,7,0,0,0.973250142175886,NA,NA,NA,1
WDR43,9,0,0,0.973250142175886,NA,NA,NA,1
WDR44,6,0,0,0.973250142175886,NA,NA,NA,1
WDR6,4,0,0,0.973250142175886,NA,NA,NA,1
WDR70,2,0,0,0.973250142175886,NA,NA,NA,1
WISP2,4,0,0,0.973250142175886,NA,NA,NA,1
WLS,5,0,0,0.973250142175886,NA,NA,NA,1
WNT4,5,0,0,0.973250142175886,NA,NA,NA,1
WNT5B,4,0,0,0.973250142175886,NA,NA,NA,1
XBP1,11,0,0,0.973250142175886,NA,NA,NA,1
XRN2,3,0,0,0.973250142175886,NA,NA,NA,1
XRRA1,8,0,0,0.973250142175886,NA,NA,NA,1
XYLB,4,0,0,0.973250142175886,NA,NA,NA,1
YRDC,6,0,0,0.973250142175886,NA,NA,NA,1
ZBTB14,12,0,0,0.973250142175886,NA,NA,NA,1
ZBTB21,7,0,0,0.973250142175886,NA,NA,NA,1
ZBTB46,2,0,0,0.973250142175886,NA,NA,NA,1
ZDHHC5,6,0,0,0.973250142175886,NA,NA,NA,1
ZDHHC6,5,0,0,0.973250142175886,NA,NA,NA,1
ZFP41,4,0,0,0.973250142175886,NA,NA,NA,1
ZFP64,9,0,0,0.973250142175886,NA,NA,NA,1
ZFP69B,7,0,0,0.973250142175886,NA,NA,NA,1
ZFR,5,0,0,0.973250142175886,NA,NA,NA,1
ZKSCAN2,4,0,0,0.973250142175886,NA,NA,NA,1
ZKSCAN4,5,0,0,0.973250142175886,NA,NA,NA,1
ZMIZ1,8,0,0,0.973250142175886,NA,NA,NA,1
ZNF14,5,0,0,0.973250142175886,NA,NA,NA,1
ZNF140,2,0,0,0.973250142175886,NA,NA,NA,1
ZNF16,6,0,0,0.973250142175886,NA,NA,NA,1
ZNF169,3,0,0,0.973250142175886,NA,NA,NA,1
ZNF260,7,0,0,0.973250142175886,NA,NA,NA,1
ZNF273,6,0,0,0.973250142175886,NA,NA,NA,1
ZNF275,4,0,0,0.973250142175886,NA,NA,NA,1
ZNF286A,2,0,0,0.973250142175886,NA,NA,NA,1
ZNF300,4,0,0,0.973250142175886,NA,NA,NA,1
ZNF329,3,0,0,0.973250142175886,NA,NA,NA,1
ZNF354A,2,0,0,0.973250142175886,NA,NA,NA,1
ZNF443,6,0,0,0.973250142175886,NA,NA,NA,1
ZNF550,5,0,0,0.973250142175886,NA,NA,NA,1
ZNF552,15,0,0,0.973250142175886,NA,NA,NA,1
ZNF557,8,0,0,0.973250142175886,NA,NA,NA,1
ZNF579,2,0,0,0.973250142175886,NA,NA,NA,1
ZNF587B,3,0,0,0.973250142175886,NA,NA,NA,1
ZNF597,7,0,0,0.973250142175886,NA,NA,NA,1
ZNF598,2,0,0,0.973250142175886,NA,NA,NA,1
ZNF687,4,0,0,0.973250142175886,NA,NA,NA,1
ZNF691,4,0,0,0.973250142175886,NA,NA,NA,1
ZNF77,3,0,0,0.973250142175886,NA,NA,NA,1
ZNF782,6,0,0,0.973250142175886,NA,NA,NA,1
ZNF83,10,0,0,0.973250142175886,NA,NA,NA,1
ZNF830,11,0,0,0.973250142175886,NA,NA,NA,1
ZNF839,5,0,0,0.973250142175886,NA,NA,NA,1
ZNF93,4,0,0,0.973250142175886,NA,NA,NA,1
ZSCAN23,2,0,0,0.973250142175886,NA,NA,NA,1
ZYG11B,5,0,0,0.973250142175886,NA,NA,NA,1
PCIF1,4,0,0,0.973301209077459,NA,NA,NA,1
STEAP4,3,0,0,0.973301209077459,NA,NA,NA,1
TP53INP1,4,0,0,0.973301209077459,NA,NA,NA,1
PARK7,6,0,0,0.973310782501728,NA,NA,NA,1
ZNF714,3,0,0,0.973310782501728,NA,NA,NA,1
COA3,8,0,0,0.973853344776425,NA,NA,NA,1
HAGH,7,0,0,0.973869600373495,NA,NA,NA,1
ZCCHC7,4,0,0,0.973959909086442,NA,NA,NA,1
ATP11C,5,0,0,0.973989387312272,NA,NA,NA,1
C22orf46,2,0,0,0.973989387312272,NA,NA,NA,1
C8orf88,5,0,0,0.973989387312272,NA,NA,NA,1
CSE1L,11,0,0,0.973989387312272,NA,NA,NA,1
CXCL3,3,0,0,0.973989387312272,NA,NA,NA,1
EME1,3,0,0,0.973989387312272,NA,NA,NA,1
EXOSC9,3,0,0,0.973989387312272,NA,NA,NA,1
FBXL18,2,0,0,0.973989387312272,NA,NA,NA,1
HIST2H2AC,3,0,0,0.973989387312272,NA,NA,NA,1
HIST4H4,8,0,0,0.973989387312272,NA,NA,NA,1
LOXL3,4,0,0,0.973989387312272,NA,NA,NA,1
MEIS1,6,0,0,0.973989387312272,NA,NA,NA,1
METTL13,4,0,0,0.973989387312272,NA,NA,NA,1
MEX3A,4,0,0,0.973989387312272,NA,NA,NA,1
MRPL48,3,0,0,0.973989387312272,NA,NA,NA,1
MSRB2,6,0,0,0.973989387312272,NA,NA,NA,1
NDUFAF8,8,0,0,0.973989387312272,NA,NA,NA,1
NIPSNAP2,6,0,0,0.973989387312272,NA,NA,NA,1
PAM,6,0,0,0.973989387312272,NA,NA,NA,1
PEX5L,3,0,0,0.973989387312272,NA,NA,NA,1
PIK3IP1,5,0,0,0.973989387312272,NA,NA,NA,1
POLD2,5,0,0,0.973989387312272,NA,NA,NA,1
POLR2H,4,0,0,0.973989387312272,NA,NA,NA,1
POLR2K,4,0,0,0.973989387312272,NA,NA,NA,1
PRRX2,2,0,0,0.973989387312272,NA,NA,NA,1
RGS2,3,0,0,0.973989387312272,NA,NA,NA,1
RMND1,4,0,0,0.973989387312272,NA,NA,NA,1
SLC18B1,3,0,0,0.973989387312272,NA,NA,NA,1
SUMO2,10,0,0,0.973989387312272,NA,NA,NA,1
TMEM120B,9,0,0,0.973989387312272,NA,NA,NA,1
TRAPPC8,4,0,0,0.973989387312272,NA,NA,NA,1
UBAC1,5,0,0,0.973989387312272,NA,NA,NA,1
UGP2,5,0,0,0.973989387312272,NA,NA,NA,1
ZNF429,3,0,0,0.973989387312272,NA,NA,NA,1
ZSCAN16,2,0,0,0.973989387312272,NA,NA,NA,1
CDIPT,5,0,0,0.974052522022403,NA,NA,NA,1
ITFG2,2,0,0,0.974052522022403,NA,NA,NA,1
PIGQ,3,0,0,0.974052522022403,NA,NA,NA,1
ATXN2L,3,0,0,0.974070440033419,NA,NA,NA,1
ZNF131,7,0,0,0.97408548699829,NA,NA,NA,1
H2AFZ,8,0,0,0.974109803946008,NA,NA,NA,1
TMEM56,9,0,0,0.974144933572831,NA,NA,NA,1
C1orf56,4,0,0,0.974148682701466,NA,NA,NA,1
HES4,2,0,0,0.974208588911595,NA,NA,NA,1
KIAA1328,2,0,0,0.974208588911595,NA,NA,NA,1
LATS2,6,0,0,0.974208588911595,NA,NA,NA,1
PDLIM1,3,0,0,0.974208588911595,NA,NA,NA,1
PKP2,9,0,0,0.974208588911595,NA,NA,NA,1
PABPC1L,2,0,0,0.974388755813405,NA,NA,NA,1
AC073610.3,2,0,0,0.974523413208209,NA,NA,NA,1
CAPG,7,0,0,0.974523413208209,NA,NA,NA,1
CASC10,6,0,0,0.974523413208209,NA,NA,NA,1
CCDC134,4,0,0,0.974523413208209,NA,NA,NA,1
CKS1B,4,0,0,0.974523413208209,NA,NA,NA,1
DMAP1,2,0,0,0.974523413208209,NA,NA,NA,1
FBXO5,5,0,0,0.974523413208209,NA,NA,NA,1
INTS9,3,0,0,0.974523413208209,NA,NA,NA,1
KIF14,4,0,0,0.974523413208209,NA,NA,NA,1
PCDHB14,4,0,0,0.974523413208209,NA,NA,NA,1
RBM14-RBM4,14,0,0,0.974523413208209,NA,NA,NA,1
SYBU,3,0,0,0.974523413208209,NA,NA,NA,1
THNSL2,2,0,0,0.974523413208209,NA,NA,NA,1
TSSK4,3,0,0,0.974523413208209,NA,NA,NA,1
VTI1A,9,0,0,0.974523413208209,NA,NA,NA,1
WARS2,10,0,0,0.974523413208209,NA,NA,NA,1
MRPL21,2,0,0,0.974579398013905,NA,NA,NA,1
ABT1,7,0,0,0.974599043122463,NA,NA,NA,1
ACVR1B,8,0,0,0.974599043122463,NA,NA,NA,1
ANKRD40,10,0,0,0.974599043122463,NA,NA,NA,1
ARPC5,9,0,0,0.974599043122463,NA,NA,NA,1
ASAP1,6,0,0,0.974599043122463,NA,NA,NA,1
ATP5O,4,0,0,0.974599043122463,NA,NA,NA,1
BAHD1,3,0,0,0.974599043122463,NA,NA,NA,1
CAVIN4,3,0,0,0.974599043122463,NA,NA,NA,1
CDC25B,6,0,0,0.974599043122463,NA,NA,NA,1
CES4A,3,0,0,0.974599043122463,NA,NA,NA,1
CHCHD4,3,0,0,0.974599043122463,NA,NA,NA,1
COX5A,6,0,0,0.974599043122463,NA,NA,NA,1
CUL2,9,0,0,0.974599043122463,NA,NA,NA,1
EEF2K,10,0,0,0.974599043122463,NA,NA,NA,1
FAM105A,7,0,0,0.974599043122463,NA,NA,NA,1
FBXO34,7,0,0,0.974599043122463,NA,NA,NA,1
FYCO1,5,0,0,0.974599043122463,NA,NA,NA,1
GALNT11,2,0,0,0.974599043122463,NA,NA,NA,1
GLIPR2,6,0,0,0.974599043122463,NA,NA,NA,1
GPT2,5,0,0,0.974599043122463,NA,NA,NA,1
GSS,3,0,0,0.974599043122463,NA,NA,NA,1
HERPUD1,4,0,0,0.974599043122463,NA,NA,NA,1
HIST1H2AG,4,0,0,0.974599043122463,NA,NA,NA,1
ICA1,2,0,0,0.974599043122463,NA,NA,NA,1
IMPACT,4,0,0,0.974599043122463,NA,NA,NA,1
KMO,2,0,0,0.974599043122463,NA,NA,NA,1
MACROD2,2,0,0,0.974599043122463,NA,NA,NA,1
MARVELD1,6,0,0,0.974599043122463,NA,NA,NA,1
MLF1,5,0,0,0.974599043122463,NA,NA,NA,1
MLLT1,5,0,0,0.974599043122463,NA,NA,NA,1
MRPL46,3,0,0,0.974599043122463,NA,NA,NA,1
MRPL53,4,0,0,0.974599043122463,NA,NA,NA,1
NCCRP1,2,0,0,0.974599043122463,NA,NA,NA,1
NRP2,4,0,0,0.974599043122463,NA,NA,NA,1
NUBP2,2,0,0,0.974599043122463,NA,NA,NA,1
NUDT7,3,0,0,0.974599043122463,NA,NA,NA,1
NUP43,6,0,0,0.974599043122463,NA,NA,NA,1
PCBP1,7,0,0,0.974599043122463,NA,NA,NA,1
POLRMT,3,0,0,0.974599043122463,NA,NA,NA,1
RAB8B,6,0,0,0.974599043122463,NA,NA,NA,1
RAD9A,2,0,0,0.974599043122463,NA,NA,NA,1
SAFB,2,0,0,0.974599043122463,NA,NA,NA,1
SPEN,5,0,0,0.974599043122463,NA,NA,NA,1
STUB1,10,0,0,0.974599043122463,NA,NA,NA,1
SVEP1,4,0,0,0.974599043122463,NA,NA,NA,1
TARSL2,6,0,0,0.974599043122463,NA,NA,NA,1
TMBIM1,4,0,0,0.974599043122463,NA,NA,NA,1
TTYH3,5,0,0,0.974599043122463,NA,NA,NA,1
UAP1,10,0,0,0.974599043122463,NA,NA,NA,1
UCHL3,6,0,0,0.974599043122463,NA,NA,NA,1
USP45,5,0,0,0.974599043122463,NA,NA,NA,1
ZFP62,9,0,0,0.974599043122463,NA,NA,NA,1
ZNF211,3,0,0,0.974599043122463,NA,NA,NA,1
ZNF324,6,0,0,0.974599043122463,NA,NA,NA,1
ZSCAN25,3,0,0,0.974599043122463,NA,NA,NA,1
JHY,4,0,0,0.974624283726143,NA,NA,NA,1
PCDHB10,2,0,0,0.974624283726143,NA,NA,NA,1
HEXB,4,0,0,0.974740346642912,NA,NA,NA,1
MRPL50,9,0,0,0.974795132869504,NA,NA,NA,1
PRDM4,6,0,0,0.974795132869504,NA,NA,NA,1
GADD45B,3,0,0,0.974946675627516,NA,NA,NA,1
BLM,4,0,0,0.975392853385954,NA,NA,NA,1
CDC20,4,0,0,0.975392853385954,NA,NA,NA,1
DPH5,3,0,0,0.975392853385954,NA,NA,NA,1
PAQR4,4,0,0,0.975392853385954,NA,NA,NA,1
POLA1,3,0,0,0.975392853385954,NA,NA,NA,1
PRPS1,6,0,0,0.975392853385954,NA,NA,NA,1
SNPH,2,0,0,0.975392853385954,NA,NA,NA,1
TMCO4,3,0,0,0.975392853385954,NA,NA,NA,1
ZFP1,4,0,0,0.975392853385954,NA,NA,NA,1
FBXL6,2,0,0,0.975491973977686,NA,NA,NA,1
IL7R,5,0,0,0.975632202082786,NA,NA,NA,1
MCOLN2,3,0,0,0.975632202082786,NA,NA,NA,1
SIRT1,5,0,0,0.975661040489976,NA,NA,NA,1
RPS28,4,0,0,0.975733139191733,NA,NA,NA,1
ALG2,6,0,0,0.975735922652494,NA,NA,NA,1
CARD14,3,0,0,0.975735922652494,NA,NA,NA,1
CHAF1A,6,0,0,0.975735922652494,NA,NA,NA,1
COL5A1,6,0,0,0.975735922652494,NA,NA,NA,1
COPB1,6,0,0,0.975735922652494,NA,NA,NA,1
HIRA,3,0,0,0.975735922652494,NA,NA,NA,1
JPH1,4,0,0,0.975735922652494,NA,NA,NA,1
RPL30,3,0,0,0.975735922652494,NA,NA,NA,1
SELENOS,5,0,0,0.975735922652494,NA,NA,NA,1
SUSD4,4,0,0,0.975735922652494,NA,NA,NA,1
TFDP2,13,0,0,0.975735922652494,NA,NA,NA,1
TMEM258,6,0,0,0.975735922652494,NA,NA,NA,1
UBAP1,5,0,0,0.975735922652494,NA,NA,NA,1
UBR1,3,0,0,0.975735922652494,NA,NA,NA,1
UQCRQ,6,0,0,0.975735922652494,NA,NA,NA,1
ZBTB18,3,0,0,0.975735922652494,NA,NA,NA,1
ENGASE,3,0,0,0.975906675775837,NA,NA,NA,1
TBPL1,5,0,0,0.975906675775837,NA,NA,NA,1
CEP70,4,0,0,0.975972940842898,NA,NA,NA,1
EHD3,6,0,0,0.975972940842898,NA,NA,NA,1
LYSMD2,2,0,0,0.975972940842898,NA,NA,NA,1
SHARPIN,6,0,0,0.975972940842898,NA,NA,NA,1
SIMC1,4,0,0,0.975972940842898,NA,NA,NA,1
TMEM106C,3,0,0,0.975972940842898,NA,NA,NA,1
MAP4K3,4,0,0,0.975986070009763,NA,NA,NA,1
MTFR1L,7,0,0,0.97615803803209,NA,NA,NA,1
INTS14,2,0,0,0.976230622668721,NA,NA,NA,1
KIF13B,3,0,0,0.976250743475301,NA,NA,NA,1
ZNF385A,3,0,0,0.976250743475301,NA,NA,NA,1
CPPED1,10,0,0,0.976498737003536,NA,NA,NA,1
PNPLA2,2,0,0,0.976632623254409,NA,NA,NA,1
TAF5,9,0,0,0.976632623254409,NA,NA,NA,1
TICRR,5,0,0,0.976632623254409,NA,NA,NA,1
TPST1,3,0,0,0.976695591408845,NA,NA,NA,1
HNRNPM,5,0,0,0.976801513188413,NA,NA,NA,1
DBNDD2,2,0,0,0.976804566495395,NA,NA,NA,1
FAM83G,2,0,0,0.976804566495395,NA,NA,NA,1
MRPL44,2,0,0,0.976808592605254,NA,NA,NA,1
DIMT1,11,0,0,0.977126945001601,NA,NA,NA,1
AAR2,3,0,0,0.977170447266006,NA,NA,NA,1
ADPRHL1,4,0,0,0.977170447266006,NA,NA,NA,1
AKR7A3,3,0,0,0.977170447266006,NA,NA,NA,1
CCND3,2,0,0,0.977170447266006,NA,NA,NA,1
CD68,2,0,0,0.977170447266006,NA,NA,NA,1
CDC5L,11,0,0,0.977170447266006,NA,NA,NA,1
EIF1AD,6,0,0,0.977170447266006,NA,NA,NA,1
EIF4G3,7,0,0,0.977170447266006,NA,NA,NA,1
FAM92A,9,0,0,0.977170447266006,NA,NA,NA,1
GTF3C6,8,0,0,0.977170447266006,NA,NA,NA,1
H2AFX,7,0,0,0.977170447266006,NA,NA,NA,1
TMEM131L,3,0,0,0.977170447266006,NA,NA,NA,1
ZCCHC6,3,0,0,0.977170447266006,NA,NA,NA,1
ZNF367,5,0,0,0.977170447266006,NA,NA,NA,1
AASDH,5,0,0,0.977240342838319,NA,NA,NA,1
ACSF2,4,0,0,0.977240342838319,NA,NA,NA,1
ADAM21,3,0,0,0.977240342838319,NA,NA,NA,1
ARPC4-TTLL3,2,0,0,0.977240342838319,NA,NA,NA,1
ASB8,6,0,0,0.977240342838319,NA,NA,NA,1
AUH,3,0,0,0.977240342838319,NA,NA,NA,1
C12orf29,3,0,0,0.977240342838319,NA,NA,NA,1
C19orf25,2,0,0,0.977240342838319,NA,NA,NA,1
C1QTNF1,2,0,0,0.977240342838319,NA,NA,NA,1
C5orf38,2,0,0,0.977240342838319,NA,NA,NA,1
CENPX,5,0,0,0.977240342838319,NA,NA,NA,1
CNTROB,2,0,0,0.977240342838319,NA,NA,NA,1
COX7B,7,0,0,0.977240342838319,NA,NA,NA,1
CPNE2,2,0,0,0.977240342838319,NA,NA,NA,1
CYB561D1,4,0,0,0.977240342838319,NA,NA,NA,1
CYFIP2,3,0,0,0.977240342838319,NA,NA,NA,1
CYP2U1,3,0,0,0.977240342838319,NA,NA,NA,1
DAD1,4,0,0,0.977240342838319,NA,NA,NA,1
ELOA,6,0,0,0.977240342838319,NA,NA,NA,1
ERCC6L,2,0,0,0.977240342838319,NA,NA,NA,1
FAM174B,3,0,0,0.977240342838319,NA,NA,NA,1
FCHSD2,12,0,0,0.977240342838319,NA,NA,NA,1
FGFR1OP2,5,0,0,0.977240342838319,NA,NA,NA,1
FMR1,4,0,0,0.977240342838319,NA,NA,NA,1
FOXM1,3,0,0,0.977240342838319,NA,NA,NA,1
FTSJ1,4,0,0,0.977240342838319,NA,NA,NA,1
GJA3,3,0,0,0.977240342838319,NA,NA,NA,1
IQCB1,6,0,0,0.977240342838319,NA,NA,NA,1
KANSL3,4,0,0,0.977240342838319,NA,NA,NA,1
KDELC2,6,0,0,0.977240342838319,NA,NA,NA,1
KIAA1324,4,0,0,0.977240342838319,NA,NA,NA,1
KIF3C,3,0,0,0.977240342838319,NA,NA,NA,1
KLRG2,4,0,0,0.977240342838319,NA,NA,NA,1
MAMSTR,5,0,0,0.977240342838319,NA,NA,NA,1
MRPL1,2,0,0,0.977240342838319,NA,NA,NA,1
MT1E,2,0,0,0.977240342838319,NA,NA,NA,1
MTCP1,2,0,0,0.977240342838319,NA,NA,NA,1
MTIF3,3,0,0,0.977240342838319,NA,NA,NA,1
NDST1,10,0,0,0.977240342838319,NA,NA,NA,1
NEURL1B,4,0,0,0.977240342838319,NA,NA,NA,1
ODF2L,9,0,0,0.977240342838319,NA,NA,NA,1
PACRGL,2,0,0,0.977240342838319,NA,NA,NA,1
PAIP2,6,0,0,0.977240342838319,NA,NA,NA,1
PAPOLG,9,0,0,0.977240342838319,NA,NA,NA,1
PFN4,6,0,0,0.977240342838319,NA,NA,NA,1
PPARA,7,0,0,0.977240342838319,NA,NA,NA,1
PPP2R2B,3,0,0,0.977240342838319,NA,NA,NA,1
PRDX2,6,0,0,0.977240342838319,NA,NA,NA,1
PTPRJ,4,0,0,0.977240342838319,NA,NA,NA,1
RAB5A,9,0,0,0.977240342838319,NA,NA,NA,1
RBM33,7,0,0,0.977240342838319,NA,NA,NA,1
RBMX,6,0,0,0.977240342838319,NA,NA,NA,1
RNF19B,9,0,0,0.977240342838319,NA,NA,NA,1
ROR1,8,0,0,0.977240342838319,NA,NA,NA,1
RORA,4,0,0,0.977240342838319,NA,NA,NA,1
RTL6,4,0,0,0.977240342838319,NA,NA,NA,1
SDHAF3,5,0,0,0.977240342838319,NA,NA,NA,1
SHKBP1,2,0,0,0.977240342838319,NA,NA,NA,1
SLTM,4,0,0,0.977240342838319,NA,NA,NA,1
SMIM30,5,0,0,0.977240342838319,NA,NA,NA,1
SPRED3,3,0,0,0.977240342838319,NA,NA,NA,1
ST8SIA1,2,0,0,0.977240342838319,NA,NA,NA,1
SYNE3,8,0,0,0.977240342838319,NA,NA,NA,1
TCEANC,5,0,0,0.977240342838319,NA,NA,NA,1
TDRP,8,0,0,0.977240342838319,NA,NA,NA,1
TIMM17B,2,0,0,0.977240342838319,NA,NA,NA,1
TMEM106A,3,0,0,0.977240342838319,NA,NA,NA,1
TMEM182,8,0,0,0.977240342838319,NA,NA,NA,1
TMTC4,4,0,0,0.977240342838319,NA,NA,NA,1
TSPAN1,4,0,0,0.977240342838319,NA,NA,NA,1
TUBB6,5,0,0,0.977240342838319,NA,NA,NA,1
UBB,5,0,0,0.977240342838319,NA,NA,NA,1
VPS33A,7,0,0,0.977240342838319,NA,NA,NA,1
ZNF20,7,0,0,0.977240342838319,NA,NA,NA,1
ZNF266,3,0,0,0.977240342838319,NA,NA,NA,1
ZNF330,4,0,0,0.977240342838319,NA,NA,NA,1
AMFR,7,0,0,0.97724887234295,NA,NA,NA,1
OSBPL5,3,0,0,0.97724887234295,NA,NA,NA,1
TRIT1,3,0,0,0.97724887234295,NA,NA,NA,1
C2orf69,4,0,0,0.977503419904633,NA,NA,NA,1
FAM53B,4,0,0,0.977503419904633,NA,NA,NA,1
MRM2,2,0,0,0.977503419904633,NA,NA,NA,1
TBC1D24,7,0,0,0.977503419904633,NA,NA,NA,1
TMEM86B,4,0,0,0.977503419904633,NA,NA,NA,1
TEX10,2,0,0,0.977558721317223,NA,NA,NA,1
BUD23,7,0,0,0.977775506472524,NA,NA,NA,1
CCDC127,6,0,0,0.977775506472524,NA,NA,NA,1
ELAVL2,4,0,0,0.977775506472524,NA,NA,NA,1
EMC7,5,0,0,0.977775506472524,NA,NA,NA,1
FAM131B,3,0,0,0.977775506472524,NA,NA,NA,1
HDAC3,4,0,0,0.977775506472524,NA,NA,NA,1
IGFLR1,2,0,0,0.977775506472524,NA,NA,NA,1
KRT18,2,0,0,0.977775506472524,NA,NA,NA,1
RPSA,3,0,0,0.977775506472524,NA,NA,NA,1
SSC5D,4,0,0,0.977775506472524,NA,NA,NA,1
TRIM11,3,0,0,0.977775506472524,NA,NA,NA,1
ZNF57,2,0,0,0.977775506472524,NA,NA,NA,1
DGAT2,4,0,0,0.977826746737148,NA,NA,NA,1
VPS51,2,0,0,0.977826746737148,NA,NA,NA,1
VWA5A,2,0,0,0.977826746737148,NA,NA,NA,1
ABHD17A,4,0,0,0.978133534382085,NA,NA,NA,1
BMP2,8,0,0,0.978133534382085,NA,NA,NA,1
CRELD1,2,0,0,0.978133534382085,NA,NA,NA,1
DERL2,5,0,0,0.978133534382085,NA,NA,NA,1
FAM103A1,3,0,0,0.978133534382085,NA,NA,NA,1
HOXA11,2,0,0,0.978133534382085,NA,NA,NA,1
IGSF9B,3,0,0,0.978133534382085,NA,NA,NA,1
IQSEC2,5,0,0,0.978133534382085,NA,NA,NA,1
KLHDC8A,3,0,0,0.978133534382085,NA,NA,NA,1
LEO1,3,0,0,0.978133534382085,NA,NA,NA,1
LOC100129484,3,0,0,0.978133534382085,NA,NA,NA,1
ME1,6,0,0,0.978133534382085,NA,NA,NA,1
METTL4,5,0,0,0.978133534382085,NA,NA,NA,1
MORN2,4,0,0,0.978133534382085,NA,NA,NA,1
NR1H3,3,0,0,0.978133534382085,NA,NA,NA,1
NUBPL,2,0,0,0.978133534382085,NA,NA,NA,1
NXT2,2,0,0,0.978133534382085,NA,NA,NA,1
OGG1,3,0,0,0.978133534382085,NA,NA,NA,1
RPUSD3,7,0,0,0.978133534382085,NA,NA,NA,1
SMCO4,3,0,0,0.978133534382085,NA,NA,NA,1
TMCO6,5,0,0,0.978133534382085,NA,NA,NA,1
TMEM218,9,0,0,0.978133534382085,NA,NA,NA,1
TSNAX,4,0,0,0.978133534382085,NA,NA,NA,1
VPS33B,3,0,0,0.978133534382085,NA,NA,NA,1
ZC3HAV1L,9,0,0,0.978133534382085,NA,NA,NA,1
ZNF34,7,0,0,0.978133534382085,NA,NA,NA,1
CLMN,5,0,0,0.978238956334775,NA,NA,NA,1
SSH3,3,0,0,0.978238956334775,NA,NA,NA,1
ERLIN1,5,0,0,0.978341287001616,NA,NA,NA,1
PSEN2,5,0,0,0.978462901323591,NA,NA,NA,1
STARD7,7,0,0,0.978462901323591,NA,NA,NA,1
C2orf74,4,0,0,0.978555687056598,NA,NA,NA,1
HDGFL2,2,0,0,0.97876025301568,NA,NA,NA,1
EIF6,2,0,0,0.978832483036518,NA,NA,NA,1
SMARCD2,4,0,0,0.978962260949234,NA,NA,NA,1
TEX2,8,0,0,0.978962260949234,NA,NA,NA,1
UBXN4,8,0,0,0.978962260949234,NA,NA,NA,1
CEBPD,4,0,0,0.97901572873701,NA,NA,NA,1
THOC5,7,0,0,0.97901572873701,NA,NA,NA,1
ZNF202,4,0,0,0.979122643575534,NA,NA,NA,1
CORO1B,3,0,0,0.97920390972722,NA,NA,NA,1
PSMD7,3,0,0,0.97920390972722,NA,NA,NA,1
TMEM94,4,0,0,0.97920390972722,NA,NA,NA,1
LAGE3,2,0,0,0.979215932824268,NA,NA,NA,1
SNX5,5,0,0,0.979217082877722,NA,NA,NA,1
TLE1,2,0,0,0.979325545425538,NA,NA,NA,1
ADSSL1,2,0,0,0.979567666368299,NA,NA,NA,1
ANOS1,2,0,0,0.979567666368299,NA,NA,NA,1
ATOH8,2,0,0,0.979567666368299,NA,NA,NA,1
BTBD6,4,0,0,0.979567666368299,NA,NA,NA,1
CAMK2G,4,0,0,0.979567666368299,NA,NA,NA,1
CHN2,7,0,0,0.979567666368299,NA,NA,NA,1
CHST14,4,0,0,0.979567666368299,NA,NA,NA,1
CYHR1,3,0,0,0.979567666368299,NA,NA,NA,1
GLYR1,4,0,0,0.979567666368299,NA,NA,NA,1
GPR143,2,0,0,0.979567666368299,NA,NA,NA,1
MGAT5B,2,0,0,0.979567666368299,NA,NA,NA,1
RBM38,4,0,0,0.979567666368299,NA,NA,NA,1
RPA1,5,0,0,0.979567666368299,NA,NA,NA,1
SLC25A25,3,0,0,0.979567666368299,NA,NA,NA,1
SMCR8,7,0,0,0.979567666368299,NA,NA,NA,1
ST14,3,0,0,0.979567666368299,NA,NA,NA,1
TBCCD1,4,0,0,0.979567666368299,NA,NA,NA,1
ZNF44,2,0,0,0.979567666368299,NA,NA,NA,1
HIST1H2AC,7,0,0,0.97963229057316,NA,NA,NA,1
ZNF585B,6,0,0,0.97963229057316,NA,NA,NA,1
RNASEL,2,0,0,0.979934261684043,NA,NA,NA,1
ASTE1,2,0,0,0.98006982710233,NA,NA,NA,1
GPR27,2,0,0,0.980220027276164,NA,NA,NA,1
PPBP,2,0,0,0.980220027276164,NA,NA,NA,1
WNT7A,6,0,0,0.980220027276164,NA,NA,NA,1
MRPL15,3,0,0,0.980257926867664,NA,NA,NA,1
TPD52L1,4,0,0,0.980257926867664,NA,NA,NA,1
ABHD4,4,0,0,0.980272467512175,NA,NA,NA,1
EAF2,2,0,0,0.980272467512175,NA,NA,NA,1
HCFC1,3,0,0,0.980272467512175,NA,NA,NA,1
MAN1C1,3,0,0,0.980272467512175,NA,NA,NA,1
POF1B,2,0,0,0.980272467512175,NA,NA,NA,1
RAB3A,4,0,0,0.980272467512175,NA,NA,NA,1
NOTCH1,6,0,0,0.9803028905388,NA,NA,NA,1
SDR39U1,3,0,0,0.980315559588136,NA,NA,NA,1
NAF1,9,0,0,0.980738467250363,NA,NA,NA,1
ARHGAP42,11,0,0,0.980985402350552,NA,NA,NA,1
IGFBP7,7,0,0,0.980985402350552,NA,NA,NA,1
USO1,6,0,0,0.980985402350552,NA,NA,NA,1
CDC16,2,0,0,0.981071541488746,NA,NA,NA,1
CPT2,2,0,0,0.981071541488746,NA,NA,NA,1
HSPA14,3,0,0,0.981071541488746,NA,NA,NA,1
MTA1,2,0,0,0.981071541488746,NA,NA,NA,1
CTSF,2,0,0,0.981077188822213,NA,NA,NA,1
GREB1L,2,0,0,0.981077188822213,NA,NA,NA,1
PRDM10,3,0,0,0.981077188822213,NA,NA,NA,1
SOX6,4,0,0,0.981077188822213,NA,NA,NA,1
TGFB3,2,0,0,0.981077188822213,NA,NA,NA,1
TMEM214,10,0,0,0.981077188822213,NA,NA,NA,1
TMPRSS15,3,0,0,0.981077188822213,NA,NA,NA,1
VWA8,3,0,0,0.981139465446466,NA,NA,NA,1
ZNF512,6,0,0,0.981227137225285,NA,NA,NA,1
ABHD17B,3,0,0,0.981470897448488,NA,NA,NA,1
CNOT7,7,0,0,0.98197670749772,NA,NA,NA,1
DDX50,2,0,0,0.98197670749772,NA,NA,NA,1
ZNF75A,5,0,0,0.982017107737874,NA,NA,NA,1
BABAM1,3,0,0,0.982077257440075,NA,NA,NA,1
BNIP1,2,0,0,0.982077257440075,NA,NA,NA,1
SLC9A3R1,8,0,0,0.982266735050609,NA,NA,NA,1
MEIS2,6,0,0,0.982301435000059,NA,NA,NA,1
TBC1D32,2,0,0,0.98233063858465,NA,NA,NA,1
ZFHX4,2,0,0,0.98244249282105,NA,NA,NA,1
ABI3BP,2,0,0,0.982470359134488,NA,NA,NA,1
DUSP2,2,0,0,0.982470359134488,NA,NA,NA,1
HERC2,4,0,0,0.982470359134488,NA,NA,NA,1
LRP10,5,0,0,0.982470359134488,NA,NA,NA,1
MLF2,2,0,0,0.982470359134488,NA,NA,NA,1
PFDN2,3,0,0,0.982470359134488,NA,NA,NA,1
S1PR1,4,0,0,0.982470359134488,NA,NA,NA,1
SLC50A1,2,0,0,0.982470359134488,NA,NA,NA,1
TUBB2B,2,0,0,0.982470359134488,NA,NA,NA,1
UPF2,3,0,0,0.982470359134488,NA,NA,NA,1
ZIC2,4,0,0,0.982470359134488,NA,NA,NA,1
ZNF774,5,0,0,0.982470359134488,NA,NA,NA,1
NDUFV2,2,0,0,0.982490982061623,NA,NA,NA,1
BEND3,4,0,0,0.982508310488233,NA,NA,NA,1
CYP39A1,3,0,0,0.982508310488233,NA,NA,NA,1
DYRK1B,2,0,0,0.982508310488233,NA,NA,NA,1
EFNB3,3,0,0,0.982508310488233,NA,NA,NA,1
FRRS1,4,0,0,0.982508310488233,NA,NA,NA,1
GMEB2,2,0,0,0.982508310488233,NA,NA,NA,1
GPR85,5,0,0,0.982508310488233,NA,NA,NA,1
GPRC5A,7,0,0,0.982508310488233,NA,NA,NA,1
GUSB,2,0,0,0.982508310488233,NA,NA,NA,1
HIST1H2BH,5,0,0,0.982508310488233,NA,NA,NA,1
JMY,4,0,0,0.982508310488233,NA,NA,NA,1
JTB,3,0,0,0.982508310488233,NA,NA,NA,1
KSR1,4,0,0,0.982508310488233,NA,NA,NA,1
MAF1,2,0,0,0.982508310488233,NA,NA,NA,1
MELTF,3,0,0,0.982508310488233,NA,NA,NA,1
MIEN1,4,0,0,0.982508310488233,NA,NA,NA,1
MRPL18,5,0,0,0.982508310488233,NA,NA,NA,1
MRPL24,2,0,0,0.982508310488233,NA,NA,NA,1
NELFA,5,0,0,0.982508310488233,NA,NA,NA,1
PPP1R15A,2,0,0,0.982508310488233,NA,NA,NA,1
PPP6R2,3,0,0,0.982508310488233,NA,NA,NA,1
RAB5C,8,0,0,0.982508310488233,NA,NA,NA,1
RANBP10,3,0,0,0.982508310488233,NA,NA,NA,1
RPL41,6,0,0,0.982508310488233,NA,NA,NA,1
RPUSD1,2,0,0,0.982508310488233,NA,NA,NA,1
SBF1,8,0,0,0.982508310488233,NA,NA,NA,1
SETMAR,5,0,0,0.982508310488233,NA,NA,NA,1
SGMS1,7,0,0,0.982508310488233,NA,NA,NA,1
SNORC,3,0,0,0.982508310488233,NA,NA,NA,1
SPRED2,8,0,0,0.982508310488233,NA,NA,NA,1
ST5,3,0,0,0.982508310488233,NA,NA,NA,1
SUPT20H,4,0,0,0.982508310488233,NA,NA,NA,1
THOP1,2,0,0,0.982508310488233,NA,NA,NA,1
TMA7,3,0,0,0.982508310488233,NA,NA,NA,1
TNFRSF21,5,0,0,0.982508310488233,NA,NA,NA,1
TRIM65,5,0,0,0.982508310488233,NA,NA,NA,1
TUBE1,7,0,0,0.982508310488233,NA,NA,NA,1
USP31,9,0,0,0.982508310488233,NA,NA,NA,1
WDR59,4,0,0,0.982508310488233,NA,NA,NA,1
ZBTB39,4,0,0,0.982508310488233,NA,NA,NA,1
ZNF230,8,0,0,0.982508310488233,NA,NA,NA,1
ZNF358,2,0,0,0.982508310488233,NA,NA,NA,1
ZNF546,8,0,0,0.982508310488233,NA,NA,NA,1
ZNF581,5,0,0,0.982508310488233,NA,NA,NA,1
CCDC9,3,0,0,0.982581317310875,NA,NA,NA,1
CPVL,3,0,0,0.982581317310875,NA,NA,NA,1
CTCF,3,0,0,0.982581317310875,NA,NA,NA,1
ELOVL7,5,0,0,0.982581317310875,NA,NA,NA,1
EPS8L1,5,0,0,0.982581317310875,NA,NA,NA,1
FKBP1B,3,0,0,0.982581317310875,NA,NA,NA,1
GPR161,6,0,0,0.982581317310875,NA,NA,NA,1
HIBADH,4,0,0,0.982581317310875,NA,NA,NA,1
IFITM1,2,0,0,0.982581317310875,NA,NA,NA,1
INTS1,6,0,0,0.982581317310875,NA,NA,NA,1
KPNA2,6,0,0,0.982581317310875,NA,NA,NA,1
LRRC42,4,0,0,0.982581317310875,NA,NA,NA,1
MUTYH,4,0,0,0.982581317310875,NA,NA,NA,1
NME5,4,0,0,0.982581317310875,NA,NA,NA,1
OXSR1,3,0,0,0.982581317310875,NA,NA,NA,1
PDCD6,7,0,0,0.982581317310875,NA,NA,NA,1
PMS2,3,0,0,0.982581317310875,NA,NA,NA,1
SDHB,2,0,0,0.982581317310875,NA,NA,NA,1
SLC35C2,10,0,0,0.982581317310875,NA,NA,NA,1
SMCHD1,9,0,0,0.982581317310875,NA,NA,NA,1
SPOP,6,0,0,0.982581317310875,NA,NA,NA,1
STAC2,2,0,0,0.982581317310875,NA,NA,NA,1
TBC1D8,6,0,0,0.982581317310875,NA,NA,NA,1
USF1,2,0,0,0.982581317310875,NA,NA,NA,1
ZBTB33,5,0,0,0.982581317310875,NA,NA,NA,1
ZFYVE21,4,0,0,0.982581317310875,NA,NA,NA,1
ZNF565,4,0,0,0.982581317310875,NA,NA,NA,1
SLC1A5,2,0,0,0.98262864807354,NA,NA,NA,1
ADAMTSL4,3,0,0,0.982718208818427,NA,NA,NA,1
ADGRE5,5,0,0,0.982718208818427,NA,NA,NA,1
ATP6V0D1,2,0,0,0.982718208818427,NA,NA,NA,1
CDC42BPG,4,0,0,0.982718208818427,NA,NA,NA,1
CENPK,3,0,0,0.982718208818427,NA,NA,NA,1
CLIP2,3,0,0,0.982718208818427,NA,NA,NA,1
CREB3,7,0,0,0.982718208818427,NA,NA,NA,1
CTNNBIP1,7,0,0,0.982718208818427,NA,NA,NA,1
E2F1,4,0,0,0.982718208818427,NA,NA,NA,1
FIG4,4,0,0,0.982718208818427,NA,NA,NA,1
GPC6,12,0,0,0.982718208818427,NA,NA,NA,1
GPR155,5,0,0,0.982718208818427,NA,NA,NA,1
HOXA5,4,0,0,0.982718208818427,NA,NA,NA,1
HSPG2,3,0,0,0.982718208818427,NA,NA,NA,1
IL27RA,2,0,0,0.982718208818427,NA,NA,NA,1
MPP7,5,0,0,0.982718208818427,NA,NA,NA,1
MRGBP,7,0,0,0.982718208818427,NA,NA,NA,1
MTFMT,3,0,0,0.982718208818427,NA,NA,NA,1
NANP,10,0,0,0.982718208818427,NA,NA,NA,1
NIF3L1,7,0,0,0.982718208818427,NA,NA,NA,1
NUP35,8,0,0,0.982718208818427,NA,NA,NA,1
PIM2,2,0,0,0.982718208818427,NA,NA,NA,1
PPP1CC,7,0,0,0.982718208818427,NA,NA,NA,1
RABGAP1,4,0,0,0.982718208818427,NA,NA,NA,1
RIMS3,3,0,0,0.982718208818427,NA,NA,NA,1
RPAIN,5,0,0,0.982718208818427,NA,NA,NA,1
RSRC1,6,0,0,0.982718208818427,NA,NA,NA,1
SDR16C5,4,0,0,0.982718208818427,NA,NA,NA,1
SF3B6,5,0,0,0.982718208818427,NA,NA,NA,1
SPECC1,6,0,0,0.982718208818427,NA,NA,NA,1
SZT2,12,0,0,0.982718208818427,NA,NA,NA,1
TMEM5,4,0,0,0.982718208818427,NA,NA,NA,1
TXLNA,4,0,0,0.982718208818427,NA,NA,NA,1
UVSSA,6,0,0,0.982718208818427,NA,NA,NA,1
XRCC6,2,0,0,0.982718208818427,NA,NA,NA,1
ZBTB43,3,0,0,0.982718208818427,NA,NA,NA,1
ZDHHC7,3,0,0,0.982718208818427,NA,NA,NA,1
ZNF493,6,0,0,0.982718208818427,NA,NA,NA,1
AFTPH,2,0,0,0.982914749875846,NA,NA,NA,1
DCAF11,3,0,0,0.982914749875846,NA,NA,NA,1
FAM229A,2,0,0,0.982914749875846,NA,NA,NA,1
FNBP1L,9,0,0,0.982914749875846,NA,NA,NA,1
GDI1,3,0,0,0.982914749875846,NA,NA,NA,1
RNPEP,3,0,0,0.982914749875846,NA,NA,NA,1
SLC46A3,4,0,0,0.982914749875846,NA,NA,NA,1
TRPT1,4,0,0,0.982914749875846,NA,NA,NA,1
APOBEC3C,3,0,0,0.982923533156703,NA,NA,NA,1
CASZ1,2,0,0,0.982923533156703,NA,NA,NA,1
COX4I1,2,0,0,0.982923533156703,NA,NA,NA,1
CXCL16,4,0,0,0.982923533156703,NA,NA,NA,1
EIF2D,3,0,0,0.982923533156703,NA,NA,NA,1
HSD17B11,5,0,0,0.982923533156703,NA,NA,NA,1
PRR7,2,0,0,0.982923533156703,NA,NA,NA,1
RAB3GAP2,8,0,0,0.982923533156703,NA,NA,NA,1
RPL5,6,0,0,0.982923533156703,NA,NA,NA,1
TJP1,3,0,0,0.982923533156703,NA,NA,NA,1
TMEM136,4,0,0,0.982923533156703,NA,NA,NA,1
TP53INP2,2,0,0,0.982923533156703,NA,NA,NA,1
TST,2,0,0,0.982923533156703,NA,NA,NA,1
YWHAH,4,0,0,0.982923533156703,NA,NA,NA,1
C9orf64,3,0,0,0.98325074069933,NA,NA,NA,1
MEX3C,5,0,0,0.983319906332242,NA,NA,NA,1
PLXNB2,2,0,0,0.983399911755524,NA,NA,NA,1
CCDC126,3,0,0,0.983417455883386,NA,NA,NA,1
KRT10,5,0,0,0.983521351257943,NA,NA,NA,1
RBFOX2,3,0,0,0.983521351257943,NA,NA,NA,1
TRIP4,2,0,0,0.98360443803999,NA,NA,NA,1
BCCIP,3,0,0,0.983676122468257,NA,NA,NA,1
BCORL1,9,0,0,0.983676122468257,NA,NA,NA,1
CD226,4,0,0,0.983676122468257,NA,NA,NA,1
CNIH4,5,0,0,0.983676122468257,NA,NA,NA,1
COL8A1,7,0,0,0.983676122468257,NA,NA,NA,1
DNAJB11,5,0,0,0.983676122468257,NA,NA,NA,1
GRAMD4,4,0,0,0.983676122468257,NA,NA,NA,1
IFITM3,5,0,0,0.983676122468257,NA,NA,NA,1
KCNC4,5,0,0,0.983676122468257,NA,NA,NA,1
KCTD7,6,0,0,0.983676122468257,NA,NA,NA,1
KIF7,6,0,0,0.983676122468257,NA,NA,NA,1
MAN1B1,4,0,0,0.983676122468257,NA,NA,NA,1
MISP,4,0,0,0.983676122468257,NA,NA,NA,1
NAPB,8,0,0,0.983676122468257,NA,NA,NA,1
PGLS,3,0,0,0.983676122468257,NA,NA,NA,1
SLC6A17,3,0,0,0.983676122468257,NA,NA,NA,1
STOML2,6,0,0,0.983676122468257,NA,NA,NA,1
STRADB,3,0,0,0.983676122468257,NA,NA,NA,1
TMEM143,3,0,0,0.983676122468257,NA,NA,NA,1
TMEM144,4,0,0,0.983676122468257,NA,NA,NA,1
ZDHHC4,6,0,0,0.983676122468257,NA,NA,NA,1
ASB13,3,0,0,0.983693671895253,NA,NA,NA,1
HPDL,5,0,0,0.983693671895253,NA,NA,NA,1
LIPT1,2,0,0,0.983693671895253,NA,NA,NA,1
MESD,4,0,0,0.983693671895253,NA,NA,NA,1
MORC4,5,0,0,0.983693671895253,NA,NA,NA,1
MRPL4,2,0,0,0.983693671895253,NA,NA,NA,1
REEP2,2,0,0,0.983693671895253,NA,NA,NA,1
ZFYVE26,8,0,0,0.983693671895253,NA,NA,NA,1
ZNF891,13,0,0,0.983693671895253,NA,NA,NA,1
TMEM2,5,0,0,0.983773311044082,NA,NA,NA,1
AC020915.2,7,0,0,0.98381708404502,NA,NA,NA,1
NOL12,6,0,0,0.98381708404502,NA,NA,NA,1
ARID1A,3,0,0,0.983979122522215,NA,NA,NA,1
BAZ1A,2,0,0,0.983979122522215,NA,NA,NA,1
C15orf65,2,0,0,0.983979122522215,NA,NA,NA,1
CBLN3,7,0,0,0.983979122522215,NA,NA,NA,1
CEP162,5,0,0,0.983979122522215,NA,NA,NA,1
CLCN5,6,0,0,0.983979122522215,NA,NA,NA,1
EXOC1,3,0,0,0.983979122522215,NA,NA,NA,1
FAM109A,2,0,0,0.983979122522215,NA,NA,NA,1
FBXO46,3,0,0,0.983979122522215,NA,NA,NA,1
GRK5,5,0,0,0.983979122522215,NA,NA,NA,1
KAT8,2,0,0,0.983979122522215,NA,NA,NA,1
KIAA1551,6,0,0,0.983979122522215,NA,NA,NA,1
KIF2C,5,0,0,0.983979122522215,NA,NA,NA,1
L3MBTL3,2,0,0,0.983979122522215,NA,NA,NA,1
MAD2L1BP,2,0,0,0.983979122522215,NA,NA,NA,1
NFKBIE,3,0,0,0.983979122522215,NA,NA,NA,1
OAZ1,5,0,0,0.983979122522215,NA,NA,NA,1
PDXP,2,0,0,0.983979122522215,NA,NA,NA,1
PPP2R3A,4,0,0,0.983979122522215,NA,NA,NA,1
RBM34,2,0,0,0.983979122522215,NA,NA,NA,1
ROCK1,5,0,0,0.983979122522215,NA,NA,NA,1
SEMA6C,3,0,0,0.983979122522215,NA,NA,NA,1
SNRNP200,6,0,0,0.983979122522215,NA,NA,NA,1
SNX9,3,0,0,0.983979122522215,NA,NA,NA,1
SPIDR,5,0,0,0.983979122522215,NA,NA,NA,1
SQLE,5,0,0,0.983979122522215,NA,NA,NA,1
SSB,3,0,0,0.983979122522215,NA,NA,NA,1
STEAP2,4,0,0,0.983979122522215,NA,NA,NA,1
TLR3,6,0,0,0.983979122522215,NA,NA,NA,1
ZBTB24,10,0,0,0.983979122522215,NA,NA,NA,1
FKRP,5,0,0,0.984158768932243,NA,NA,NA,1
C9orf106,2,0,0,0.984312477825489,NA,NA,NA,1
ERICH1,3,0,0,0.984312477825489,NA,NA,NA,1
AGAP6,2,0,0,0.984328858848936,NA,NA,NA,1
ANAPC5,3,0,0,0.984328858848936,NA,NA,NA,1
ANO7,9,0,0,0.984328858848936,NA,NA,NA,1
BRAP,4,0,0,0.984328858848936,NA,NA,NA,1
CROT,4,0,0,0.984328858848936,NA,NA,NA,1
DHX57,4,0,0,0.984328858848936,NA,NA,NA,1
DLK2,3,0,0,0.984328858848936,NA,NA,NA,1
PECR,6,0,0,0.984328858848936,NA,NA,NA,1
SLC27A4,3,0,0,0.984328858848936,NA,NA,NA,1
TPST2,5,0,0,0.984328858848936,NA,NA,NA,1
TRA2A,5,0,0,0.984328858848936,NA,NA,NA,1
VEZF1,4,0,0,0.984328858848936,NA,NA,NA,1
COX6B2,4,0,0,0.984401782115139,NA,NA,NA,1
APOO,2,0,0,0.984506256181417,NA,NA,NA,1
FBXO31,6,0,0,0.984506256181417,NA,NA,NA,1
GPRIN1,7,0,0,0.984506256181417,NA,NA,NA,1
INAFM2,4,0,0,0.984506256181417,NA,NA,NA,1
TRAM2,7,0,0,0.984506256181417,NA,NA,NA,1
ZNF841,3,0,0,0.984506256181417,NA,NA,NA,1
JMJD1C,6,0,0,0.984713060112786,NA,NA,NA,1
PARD6A,2,0,0,0.984929505320626,NA,NA,NA,1
SPATA6,7,0,0,0.984929505320626,NA,NA,NA,1
PCNX2,3,0,0,0.985105023925798,NA,NA,NA,1
IKBKE,6,0,0,0.985182345678022,NA,NA,NA,1
CARM1,4,0,0,0.985317553991984,NA,NA,NA,1
S1PR3,4,0,0,0.985317553991984,NA,NA,NA,1
SLC25A45,2,0,0,0.985317553991984,NA,NA,NA,1
TMEM208,2,0,0,0.985317553991984,NA,NA,NA,1
AGL,2,0,0,0.985327624156671,NA,NA,NA,1
ARSB,6,0,0,0.985327624156671,NA,NA,NA,1
CDKL2,2,0,0,0.985327624156671,NA,NA,NA,1
PIP4P1,3,0,0,0.985327624156671,NA,NA,NA,1
SYTL3,3,0,0,0.985327624156671,NA,NA,NA,1
YEATS2,4,0,0,0.985327624156671,NA,NA,NA,1
EBF4,2,0,0,0.985360906293283,NA,NA,NA,1
POSTN,2,0,0,0.985527450953654,NA,NA,NA,1
SYTL2,2,0,0,0.985527450953654,NA,NA,NA,1
UBE3B,2,0,0,0.985527450953654,NA,NA,NA,1
AACS,4,0,0,0.985669779827477,NA,NA,NA,1
CCDC66,6,0,0,0.985669779827477,NA,NA,NA,1
EAPP,3,0,0,0.985669779827477,NA,NA,NA,1
EMP2,9,0,0,0.985669779827477,NA,NA,NA,1
FAM120AOS,11,0,0,0.985669779827477,NA,NA,NA,1
HIKESHI,5,0,0,0.985669779827477,NA,NA,NA,1
SCARB1,3,0,0,0.985669779827477,NA,NA,NA,1
SERPINB5,2,0,0,0.985669779827477,NA,NA,NA,1
SLC37A3,3,0,0,0.985669779827477,NA,NA,NA,1
SLC39A8,4,0,0,0.985669779827477,NA,NA,NA,1
STK16,3,0,0,0.985669779827477,NA,NA,NA,1
YARS,7,0,0,0.985669779827477,NA,NA,NA,1
CCNB2,6,0,0,0.985815455334357,NA,NA,NA,1
CDCA7,7,0,0,0.985815455334357,NA,NA,NA,1
CFAP53,2,0,0,0.985815455334357,NA,NA,NA,1
CHAMP1,2,0,0,0.985815455334357,NA,NA,NA,1
HIST1H3A,4,0,0,0.985815455334357,NA,NA,NA,1
IGLV1-51,2,0,0,0.985815455334357,NA,NA,NA,1
INSC,3,0,0,0.985815455334357,NA,NA,NA,1
NRIP3,4,0,0,0.985815455334357,NA,NA,NA,1
SCARA3,2,0,0,0.985815455334357,NA,NA,NA,1
SYNM,3,0,0,0.985815455334357,NA,NA,NA,1
FGGY,2,0,0,0.985825535576825,NA,NA,NA,1
SNU13,7,0,0,0.985825535576825,NA,NA,NA,1
ANXA7,7,0,0,0.985907458664458,NA,NA,NA,1
AOX1,3,0,0,0.985907458664458,NA,NA,NA,1
NOD1,4,0,0,0.985907458664458,NA,NA,NA,1
SPIRE1,10,0,0,0.985907458664458,NA,NA,NA,1
SULT1A4,2,0,0,0.985907458664458,NA,NA,NA,1
XPO6,2,0,0,0.985907458664458,NA,NA,NA,1
GRPEL2,8,0,0,0.985912110114829,NA,NA,NA,1
ST6GALNAC5,4,0,0,0.985921951976138,NA,NA,NA,1
SUGP1,5,0,0,0.985921951976138,NA,NA,NA,1
CNTNAP1,3,0,0,0.986228913024197,NA,NA,NA,1
SIN3B,2,0,0,0.986228913024197,NA,NA,NA,1
AK1,4,0,0,0.986246604505963,NA,NA,NA,1
ATL2,5,0,0,0.986246604505963,NA,NA,NA,1
BBOX1,2,0,0,0.986246604505963,NA,NA,NA,1
C2CD2L,4,0,0,0.986246604505963,NA,NA,NA,1
CEPT1,9,0,0,0.986246604505963,NA,NA,NA,1
COL12A1,5,0,0,0.986246604505963,NA,NA,NA,1
COX15,3,0,0,0.986246604505963,NA,NA,NA,1
CTTN,2,0,0,0.986246604505963,NA,NA,NA,1
CTU1,5,0,0,0.986246604505963,NA,NA,NA,1
CUX1,2,0,0,0.986246604505963,NA,NA,NA,1
FAAP100,4,0,0,0.986246604505963,NA,NA,NA,1
FANCG,3,0,0,0.986246604505963,NA,NA,NA,1
FRMD6,3,0,0,0.986246604505963,NA,NA,NA,1
IFT122,2,0,0,0.986246604505963,NA,NA,NA,1
JAM2,6,0,0,0.986246604505963,NA,NA,NA,1
KIF27,4,0,0,0.986246604505963,NA,NA,NA,1
LARP6,6,0,0,0.986246604505963,NA,NA,NA,1
LRRC37B,2,0,0,0.986246604505963,NA,NA,NA,1
MAPKAP1,3,0,0,0.986246604505963,NA,NA,NA,1
MREG,8,0,0,0.986246604505963,NA,NA,NA,1
NFATC4,2,0,0,0.986246604505963,NA,NA,NA,1
PARD3,3,0,0,0.986246604505963,NA,NA,NA,1
PDE8A,4,0,0,0.986246604505963,NA,NA,NA,1
PID1,2,0,0,0.986246604505963,NA,NA,NA,1
PIP5KL1,4,0,0,0.986246604505963,NA,NA,NA,1
PKP3,2,0,0,0.986246604505963,NA,NA,NA,1
SEC11A,6,0,0,0.986246604505963,NA,NA,NA,1
SERTAD2,5,0,0,0.986246604505963,NA,NA,NA,1
SLC2A5,3,0,0,0.986246604505963,NA,NA,NA,1
SMIM25,3,0,0,0.986246604505963,NA,NA,NA,1
SURF1,3,0,0,0.986246604505963,NA,NA,NA,1
TARBP1,3,0,0,0.986246604505963,NA,NA,NA,1
TEX37,3,0,0,0.986246604505963,NA,NA,NA,1
TFAP2C,5,0,0,0.986246604505963,NA,NA,NA,1
THBD,2,0,0,0.986246604505963,NA,NA,NA,1
TNFAIP2,2,0,0,0.986246604505963,NA,NA,NA,1
TRIML2,2,0,0,0.986246604505963,NA,NA,NA,1
UBAC2,4,0,0,0.986246604505963,NA,NA,NA,1
UBE2T,4,0,0,0.986246604505963,NA,NA,NA,1
WASF3,4,0,0,0.986246604505963,NA,NA,NA,1
YLPM1,15,0,0,0.986246604505963,NA,NA,NA,1
ZGRF1,3,0,0,0.986246604505963,NA,NA,NA,1
ZNF528,3,0,0,0.986246604505963,NA,NA,NA,1
ZSCAN21,5,0,0,0.986246604505963,NA,NA,NA,1
CTDP1,2,0,0,0.986286988351948,NA,NA,NA,1
LAMA5,3,0,0,0.986286988351948,NA,NA,NA,1
LINS1,3,0,0,0.986286988351948,NA,NA,NA,1
MCM3,3,0,0,0.986286988351948,NA,NA,NA,1
NOS1AP,5,0,0,0.986286988351948,NA,NA,NA,1
PPWD1,4,0,0,0.986286988351948,NA,NA,NA,1
RUVBL2,4,0,0,0.986286988351948,NA,NA,NA,1
LEAP2,5,0,0,0.986499973127416,NA,NA,NA,1
METTL22,7,0,0,0.986499973127416,NA,NA,NA,1
UCKL1,2,0,0,0.986499973127416,NA,NA,NA,1
ANKRD13B,2,0,0,0.986560721168032,NA,NA,NA,1
RND2,2,0,0,0.986590748921213,NA,NA,NA,1
GKAP1,3,0,0,0.986811400735873,NA,NA,NA,1
C2orf48,3,0,0,0.98705138633964,NA,NA,NA,1
CNP,4,0,0,0.987129426796047,NA,NA,NA,1
SLC37A4,5,0,0,0.987129426796047,NA,NA,NA,1
MFSD14A,4,0,0,0.987214961252739,NA,NA,NA,1
KCNMA1,2,0,0,0.987399328465063,NA,NA,NA,1
C15orf41,3,0,0,0.987510597041979,NA,NA,NA,1
OXTR,4,0,0,0.987510597041979,NA,NA,NA,1
SEC22C,4,0,0,0.988109042122661,NA,NA,NA,1
SIRT3,7,0,0,0.988221845343138,NA,NA,NA,1
ZDHHC23,3,0,0,0.988221845343138,NA,NA,NA,1
CSK,6,0,0,0.988236913020624,NA,NA,NA,1
DUSP16,4,0,0,0.988236913020624,NA,NA,NA,1
KCNN4,2,0,0,0.988236913020624,NA,NA,NA,1
M6PR,5,0,0,0.988236913020624,NA,NA,NA,1
YOD1,8,0,0,0.988236913020624,NA,NA,NA,1
ATPAF1,5,0,0,0.988267382048954,NA,NA,NA,1
DOPEY1,6,0,0,0.988294061371789,NA,NA,NA,1
VIRMA,5,0,0,0.988294061371789,NA,NA,NA,1
ZNF845,6,0,0,0.988294061371789,NA,NA,NA,1
TECPR1,2,0,0,0.988345478936168,NA,NA,NA,1
CCT4,7,0,0,0.988448976042473,NA,NA,NA,1
ALKBH7,3,0,0,0.988536040850769,NA,NA,NA,1
GDPD3,2,0,0,0.988718683418184,NA,NA,NA,1
SRBD1,6,0,0,0.988718683418184,NA,NA,NA,1
STARD3,3,0,0,0.988718683418184,NA,NA,NA,1
ERCC1,3,0,0,0.988775940675217,NA,NA,NA,1
FAM133A,2,0,0,0.988775940675217,NA,NA,NA,1
PNKD,2,0,0,0.988775940675217,NA,NA,NA,1
BCO2,5,0,0,0.988885989782785,NA,NA,NA,1
SLC35G2,4,0,0,0.988885989782785,NA,NA,NA,1
RPS11,5,0,0,0.98892606724176,NA,NA,NA,1
ARL10,3,0,0,0.988978757300931,NA,NA,NA,1
ATR,6,0,0,0.989124248029486,NA,NA,NA,1
BBS2,4,0,0,0.989253577449926,NA,NA,NA,1
PATJ,8,0,0,0.989253577449926,NA,NA,NA,1
CASC4,5,0,0,0.989297100188989,NA,NA,NA,1
DCXR,4,0,0,0.989297100188989,NA,NA,NA,1
FANCD2,2,0,0,0.989489477417285,NA,NA,NA,1
ENTPD6,6,0,0,0.989545430443618,NA,NA,NA,1
HECW2,3,0,0,0.989545430443618,NA,NA,NA,1
NLRP1,2,0,0,0.989545430443618,NA,NA,NA,1
SASH1,4,0,0,0.989545430443618,NA,NA,NA,1
SLC22A3,3,0,0,0.989545430443618,NA,NA,NA,1
ATP5H,4,0,0,0.989552262479912,NA,NA,NA,1
DOCK3,4,0,0,0.989552262479912,NA,NA,NA,1
HDAC9,4,0,0,0.989552262479912,NA,NA,NA,1
HTRA1,3,0,0,0.989552262479912,NA,NA,NA,1
KLHL18,3,0,0,0.989552262479912,NA,NA,NA,1
MAP3K6,3,0,0,0.989552262479912,NA,NA,NA,1
MEGF6,5,0,0,0.989552262479912,NA,NA,NA,1
MTRNR2L8,4,0,0,0.989552262479912,NA,NA,NA,1
RPS13,3,0,0,0.989552262479912,NA,NA,NA,1
SRRT,2,0,0,0.989552262479912,NA,NA,NA,1
STC2,9,0,0,0.989552262479912,NA,NA,NA,1
TMEM132A,2,0,0,0.989552262479912,NA,NA,NA,1
TMEM203,5,0,0,0.989552262479912,NA,NA,NA,1
TRAF1,4,0,0,0.989552262479912,NA,NA,NA,1
ZNF304,2,0,0,0.989745216708962,NA,NA,NA,1
CNGB1,2,0,0,0.990028545388875,NA,NA,NA,1
PDSS2,4,0,0,0.990028545388875,NA,NA,NA,1
MKS1,2,0,0,0.990550185959607,NA,NA,NA,1
NELFCD,10,0,0,0.990550185959607,NA,NA,NA,1
PSMB1,3,0,0,0.990550185959607,NA,NA,NA,1
SGTB,6,0,0,0.990550185959607,NA,NA,NA,1
STARD9,7,0,0,0.990550185959607,NA,NA,NA,1
STK26,3,0,0,0.990550185959607,NA,NA,NA,1
TOB1,4,0,0,0.990550185959607,NA,NA,NA,1
CUL1,4,0,0,0.990581940892199,NA,NA,NA,1
DHDDS,15,0,0,0.990581940892199,NA,NA,NA,1
FARSA,3,0,0,0.990581940892199,NA,NA,NA,1
RPL12,5,0,0,0.990581940892199,NA,NA,NA,1
CAVIN3,6,0,0,0.990584940577399,NA,NA,NA,1
CXCL8,5,0,0,0.990584940577399,NA,NA,NA,1
MFAP3L,9,0,0,0.990584940577399,NA,NA,NA,1
NSUN2,3,0,0,0.990616882083282,NA,NA,NA,1
C15orf61,2,0,0,0.990921623084488,NA,NA,NA,1
ISG20L2,7,0,0,0.990921623084488,NA,NA,NA,1
JADE1,5,0,0,0.990921623084488,NA,NA,NA,1
MKRN1,3,0,0,0.990921623084488,NA,NA,NA,1
PIGV,4,0,0,0.990921623084488,NA,NA,NA,1
SLC7A8,2,0,0,0.990921623084488,NA,NA,NA,1
TNFAIP8L1,7,0,0,0.990921623084488,NA,NA,NA,1
ZNF670,3,0,0,0.990921623084488,NA,NA,NA,1
AQP11,4,0,0,0.990982833397515,NA,NA,NA,1
CYFIP1,2,0,0,0.990998568250476,NA,NA,NA,1
AKR1C3,3,0,0,0.991061873300382,NA,NA,NA,1
NACC1,4,0,0,0.991061873300382,NA,NA,NA,1
TUBA1B,4,0,0,0.991061873300382,NA,NA,NA,1
ZNF655,5,0,0,0.991061873300382,NA,NA,NA,1
RLN2,3,0,0,0.991074345800562,NA,NA,NA,1
SAMM50,2,0,0,0.991074345800562,NA,NA,NA,1
NAGS,3,0,0,0.991205443041369,NA,NA,NA,1
AIFM2,6,0,0,0.9912274778076,NA,NA,NA,1
MLYCD,7,0,0,0.99124673334149,NA,NA,NA,1
GSDMA,2,0,0,0.991313604850094,NA,NA,NA,1
BTBD3,13,0,0,0.991425354007846,NA,NA,NA,1
BTF3,8,0,0,0.991425354007846,NA,NA,NA,1
KRTCAP2,2,0,0,0.991425354007846,NA,NA,NA,1
PREP,5,0,0,0.991425354007846,NA,NA,NA,1
ZFPM1,2,0,0,0.991425354007846,NA,NA,NA,1
ADAM23,2,0,0,0.991464472965034,NA,NA,NA,1
ATG3,4,0,0,0.991464472965034,NA,NA,NA,1
ATP5C1,3,0,0,0.991464472965034,NA,NA,NA,1
BCLAF3,6,0,0,0.991464472965034,NA,NA,NA,1
BRPF3,4,0,0,0.991464472965034,NA,NA,NA,1
BTN2A2,2,0,0,0.991464472965034,NA,NA,NA,1
C11orf68,2,0,0,0.991464472965034,NA,NA,NA,1
C11orf98,6,0,0,0.991464472965034,NA,NA,NA,1
C19orf53,4,0,0,0.991464472965034,NA,NA,NA,1
C1QBP,7,0,0,0.991464472965034,NA,NA,NA,1
C8orf34,2,0,0,0.991464472965034,NA,NA,NA,1
CABIN1,2,0,0,0.991464472965034,NA,NA,NA,1
CAPN1,4,0,0,0.991464472965034,NA,NA,NA,1
CASP8,2,0,0,0.991464472965034,NA,NA,NA,1
CBLC,6,0,0,0.991464472965034,NA,NA,NA,1
CBY3,2,0,0,0.991464472965034,NA,NA,NA,1
CCDC85A,3,0,0,0.991464472965034,NA,NA,NA,1
CCDC85B,3,0,0,0.991464472965034,NA,NA,NA,1
CELSR3,2,0,0,0.991464472965034,NA,NA,NA,1
COL8A2,2,0,0,0.991464472965034,NA,NA,NA,1
COX6B1,2,0,0,0.991464472965034,NA,NA,NA,1
COX7A2,5,0,0,0.991464472965034,NA,NA,NA,1
CRYAB,2,0,0,0.991464472965034,NA,NA,NA,1
CYP4X1,2,0,0,0.991464472965034,NA,NA,NA,1
DCP1A,3,0,0,0.991464472965034,NA,NA,NA,1
DENND4B,4,0,0,0.991464472965034,NA,NA,NA,1
DENND6B,4,0,0,0.991464472965034,NA,NA,NA,1
E2F7,3,0,0,0.991464472965034,NA,NA,NA,1
EIF3D,5,0,0,0.991464472965034,NA,NA,NA,1
EPN3,4,0,0,0.991464472965034,NA,NA,NA,1
EZR,6,0,0,0.991464472965034,NA,NA,NA,1
FAM122C,3,0,0,0.991464472965034,NA,NA,NA,1
FAM160A1,6,0,0,0.991464472965034,NA,NA,NA,1
FBXO36,4,0,0,0.991464472965034,NA,NA,NA,1
FBXO6,2,0,0,0.991464472965034,NA,NA,NA,1
FGD1,3,0,0,0.991464472965034,NA,NA,NA,1
FOXRED2,10,0,0,0.991464472965034,NA,NA,NA,1
GAREM1,4,0,0,0.991464472965034,NA,NA,NA,1
GATM,2,0,0,0.991464472965034,NA,NA,NA,1
GFOD1,4,0,0,0.991464472965034,NA,NA,NA,1
GORAB,3,0,0,0.991464472965034,NA,NA,NA,1
HAUS6,7,0,0,0.991464472965034,NA,NA,NA,1
HIST1H3G,6,0,0,0.991464472965034,NA,NA,NA,1
IARS,5,0,0,0.991464472965034,NA,NA,NA,1
ID2,4,0,0,0.991464472965034,NA,NA,NA,1
ITPRIP,8,0,0,0.991464472965034,NA,NA,NA,1
KBTBD3,2,0,0,0.991464472965034,NA,NA,NA,1
KLHL20,10,0,0,0.991464472965034,NA,NA,NA,1
LIMD1,3,0,0,0.991464472965034,NA,NA,NA,1
LMO3,2,0,0,0.991464472965034,NA,NA,NA,1
LOC100505549,4,0,0,0.991464472965034,NA,NA,NA,1
MAGEH1,4,0,0,0.991464472965034,NA,NA,NA,1
MCM7,4,0,0,0.991464472965034,NA,NA,NA,1
MLST8,3,0,0,0.991464472965034,NA,NA,NA,1
MRPL13,4,0,0,0.991464472965034,NA,NA,NA,1
MRPS11,3,0,0,0.991464472965034,NA,NA,NA,1
MSH2,5,0,0,0.991464472965034,NA,NA,NA,1
MVB12A,4,0,0,0.991464472965034,NA,NA,NA,1
NCF2,2,0,0,0.991464472965034,NA,NA,NA,1
NDOR1,2,0,0,0.991464472965034,NA,NA,NA,1
NT5C,2,0,0,0.991464472965034,NA,NA,NA,1
PCDHB6,2,0,0,0.991464472965034,NA,NA,NA,1
PDK1,4,0,0,0.991464472965034,NA,NA,NA,1
PFKFB3,4,0,0,0.991464472965034,NA,NA,NA,1
PIEZO1,2,0,0,0.991464472965034,NA,NA,NA,1
PLPBP,2,0,0,0.991464472965034,NA,NA,NA,1
PLTP,2,0,0,0.991464472965034,NA,NA,NA,1
POLQ,3,0,0,0.991464472965034,NA,NA,NA,1
POP5,5,0,0,0.991464472965034,NA,NA,NA,1
PPIL1,7,0,0,0.991464472965034,NA,NA,NA,1
PRKACA,2,0,0,0.991464472965034,NA,NA,NA,1
PRKAR1B,3,0,0,0.991464472965034,NA,NA,NA,1
PRKDC,3,0,0,0.991464472965034,NA,NA,NA,1
PRMT7,4,0,0,0.991464472965034,NA,NA,NA,1
PRR14,2,0,0,0.991464472965034,NA,NA,NA,1
PSMD8,5,0,0,0.991464472965034,NA,NA,NA,1
PTGS1,3,0,0,0.991464472965034,NA,NA,NA,1
RABGGTA,2,0,0,0.991464472965034,NA,NA,NA,1
RAC2,3,0,0,0.991464472965034,NA,NA,NA,1
RDX,3,0,0,0.991464472965034,NA,NA,NA,1
RIC8A,6,0,0,0.991464472965034,NA,NA,NA,1
RMI2,4,0,0,0.991464472965034,NA,NA,NA,1
SACS,2,0,0,0.991464472965034,NA,NA,NA,1
SCAPER,3,0,0,0.991464472965034,NA,NA,NA,1
SCG2,3,0,0,0.991464472965034,NA,NA,NA,1
SCNN1G,3,0,0,0.991464472965034,NA,NA,NA,1
SELENOH,3,0,0,0.991464472965034,NA,NA,NA,1
SERF2,5,0,0,0.991464472965034,NA,NA,NA,1
SERTAD3,2,0,0,0.991464472965034,NA,NA,NA,1
SESN2,3,0,0,0.991464472965034,NA,NA,NA,1
SEZ6L2,2,0,0,0.991464472965034,NA,NA,NA,1
SFRP1,6,0,0,0.991464472965034,NA,NA,NA,1
SGCA,2,0,0,0.991464472965034,NA,NA,NA,1
SLC15A4,3,0,0,0.991464472965034,NA,NA,NA,1
SLC16A9,4,0,0,0.991464472965034,NA,NA,NA,1
SLC25A44,3,0,0,0.991464472965034,NA,NA,NA,1
SPATA20,5,0,0,0.991464472965034,NA,NA,NA,1
SUSD6,3,0,0,0.991464472965034,NA,NA,NA,1
TAPBPL,3,0,0,0.991464472965034,NA,NA,NA,1
TEAD4,2,0,0,0.991464472965034,NA,NA,NA,1
TIMM13,5,0,0,0.991464472965034,NA,NA,NA,1
TIMM8B,6,0,0,0.991464472965034,NA,NA,NA,1
TMEM104,2,0,0,0.991464472965034,NA,NA,NA,1
TMEM159,5,0,0,0.991464472965034,NA,NA,NA,1
TMEM254,5,0,0,0.991464472965034,NA,NA,NA,1
TMEM255B,3,0,0,0.991464472965034,NA,NA,NA,1
TRAPPC3,2,0,0,0.991464472965034,NA,NA,NA,1
TRIM6,3,0,0,0.991464472965034,NA,NA,NA,1
TRMU,2,0,0,0.991464472965034,NA,NA,NA,1
TYMSOS,5,0,0,0.991464472965034,NA,NA,NA,1
VAT1,5,0,0,0.991464472965034,NA,NA,NA,1
WAPL,4,0,0,0.991464472965034,NA,NA,NA,1
WDR53,4,0,0,0.991464472965034,NA,NA,NA,1
XPO7,9,0,0,0.991464472965034,NA,NA,NA,1
YIPF1,5,0,0,0.991464472965034,NA,NA,NA,1
ZCWPW1,2,0,0,0.991464472965034,NA,NA,NA,1
ZDHHC12,2,0,0,0.991464472965034,NA,NA,NA,1
ZNF700,4,0,0,0.991464472965034,NA,NA,NA,1
ZNF773,3,0,0,0.991464472965034,NA,NA,NA,1
ZNF888,3,0,0,0.991464472965034,NA,NA,NA,1
ZYX,5,0,0,0.991464472965034,NA,NA,NA,1
IKBIP,3,0,0,0.991526775499534,NA,NA,NA,1
PQLC3,2,0,0,0.991526775499534,NA,NA,NA,1
SHMT1,4,0,0,0.991526775499534,NA,NA,NA,1
SIK1B,2,0,0,0.991526775499534,NA,NA,NA,1
NUP85,3,0,0,0.99163371214042,NA,NA,NA,1
SMYD2,3,0,0,0.991720066719843,NA,NA,NA,1
STAT6,8,0,0,0.991720066719843,NA,NA,NA,1
BRF2,6,0,0,0.991761263182342,NA,NA,NA,1
FAM78A,5,0,0,0.991761263182342,NA,NA,NA,1
GRAMD1A,2,0,0,0.991761263182342,NA,NA,NA,1
TNC,4,0,0,0.991761263182342,NA,NA,NA,1
TNKS1BP1,3,0,0,0.991761263182342,NA,NA,NA,1
ZNF317,3,0,0,0.991761263182342,NA,NA,NA,1
ZNF426,5,0,0,0.991761263182342,NA,NA,NA,1
ZNF441,5,0,0,0.991761263182342,NA,NA,NA,1
B9D1,2,0,0,0.991941164856259,NA,NA,NA,1
PRKD3,7,0,0,0.992068440329744,NA,NA,NA,1
AHSA2,5,0,0,0.9921846632312,NA,NA,NA,1
AIF1L,6,0,0,0.9921846632312,NA,NA,NA,1
AP3M2,4,0,0,0.9921846632312,NA,NA,NA,1
ASXL1,9,0,0,0.9921846632312,NA,NA,NA,1
BAHCC1,6,0,0,0.9921846632312,NA,NA,NA,1
CELSR1,9,0,0,0.9921846632312,NA,NA,NA,1
EI24,9,0,0,0.9921846632312,NA,NA,NA,1
IRX4,2,0,0,0.9921846632312,NA,NA,NA,1
PPAN,3,0,0,0.9921846632312,NA,NA,NA,1
PRKAG1,3,0,0,0.9921846632312,NA,NA,NA,1
RNF150,4,0,0,0.9921846632312,NA,NA,NA,1
SHQ1,3,0,0,0.9921846632312,NA,NA,NA,1
SLC35C1,3,0,0,0.9921846632312,NA,NA,NA,1
SUOX,5,0,0,0.9921846632312,NA,NA,NA,1
UFD1,5,0,0,0.9921846632312,NA,NA,NA,1
TSC1,7,0,0,0.992250643315941,NA,NA,NA,1
ATXN2,2,0,0,0.99226151841587,NA,NA,NA,1
NEU3,4,0,0,0.99226151841587,NA,NA,NA,1
QTRT1,7,0,0,0.99226151841587,NA,NA,NA,1
GCA,6,0,0,0.992360062064573,NA,NA,NA,1
ING1,7,0,0,0.992360062064573,NA,NA,NA,1
PRDX1,5,0,0,0.992360062064573,NA,NA,NA,1
RBM11,5,0,0,0.992360062064573,NA,NA,NA,1
SATB2,4,0,0,0.992360062064573,NA,NA,NA,1
SYTL4,3,0,0,0.992360062064573,NA,NA,NA,1
VWA1,2,0,0,0.992360062064573,NA,NA,NA,1
ARFIP2,4,0,0,0.992504679042035,NA,NA,NA,1
B4GALNT4,2,0,0,0.992619585569979,NA,NA,NA,1
PTK2,8,0,0,0.992814733985572,NA,NA,NA,1
GAPDH,3,0,0,0.992962272215689,NA,NA,NA,1
AKAP11,10,0,0,0.99301271473652,NA,NA,NA,1
CCNO,3,0,0,0.993177170144603,NA,NA,NA,1
LRFN1,2,0,0,0.993177170144603,NA,NA,NA,1
SLC2A12,8,0,0,0.993177170144603,NA,NA,NA,1
UBE2E2,6,0,0,0.993177170144603,NA,NA,NA,1
CTSL,3,0,0,0.993205987892804,NA,NA,NA,1
DHX58,2,0,0,0.993205987892804,NA,NA,NA,1
ITPR3,3,0,0,0.993205987892804,NA,NA,NA,1
MAPK8IP3,2,0,0,0.993231684478588,NA,NA,NA,1
NAIF1,3,0,0,0.993231684478588,NA,NA,NA,1
OTUD3,4,0,0,0.993231684478588,NA,NA,NA,1
PELI1,3,0,0,0.993231684478588,NA,NA,NA,1
PLEKHG4,3,0,0,0.993231684478588,NA,NA,NA,1
PSMD13,2,0,0,0.993231684478588,NA,NA,NA,1
THNSL1,3,0,0,0.993231684478588,NA,NA,NA,1
AAK1,16,0,0,0.993400535243915,NA,NA,NA,1
C11orf1,2,0,0,0.993400535243915,NA,NA,NA,1
CA2,4,0,0,0.993400535243915,NA,NA,NA,1
CEACAM19,3,0,0,0.993400535243915,NA,NA,NA,1
FAM49B,7,0,0,0.993400535243915,NA,NA,NA,1
GJA1,3,0,0,0.993400535243915,NA,NA,NA,1
HOXC10,2,0,0,0.993400535243915,NA,NA,NA,1
KIF6,2,0,0,0.993400535243915,NA,NA,NA,1
MGAT5,4,0,0,0.993400535243915,NA,NA,NA,1
MYH10,6,0,0,0.993400535243915,NA,NA,NA,1
PI4KB,4,0,0,0.993400535243915,NA,NA,NA,1
RNF103,4,0,0,0.993400535243915,NA,NA,NA,1
SART1,3,0,0,0.993400535243915,NA,NA,NA,1
SP100,4,0,0,0.993400535243915,NA,NA,NA,1
TEK,4,0,0,0.993400535243915,NA,NA,NA,1
TMEM175,5,0,0,0.993400535243915,NA,NA,NA,1
TRIM4,4,0,0,0.993400535243915,NA,NA,NA,1
TRIO,4,0,0,0.993400535243915,NA,NA,NA,1
VPS13B,3,0,0,0.993400535243915,NA,NA,NA,1
LACTB,3,0,0,0.993414848899567,NA,NA,NA,1
ORAI3,4,0,0,0.993414848899567,NA,NA,NA,1
CLPX,7,0,0,0.993479131104333,NA,NA,NA,1
H3F3A,5,0,0,0.993500235634234,NA,NA,NA,1
PBXIP1,6,0,0,0.993500235634234,NA,NA,NA,1
TRIM13,2,0,0,0.993504405307675,NA,NA,NA,1
GPR1,2,0,0,0.993729047002101,NA,NA,NA,1
MAP7D3,2,0,0,0.993747245273961,NA,NA,NA,1
IMMP1L,3,0,0,0.993794459419091,NA,NA,NA,1
ALS2CR12,4,0,0,0.993885916579719,NA,NA,NA,1
APCDD1L,3,0,0,0.993885916579719,NA,NA,NA,1
C2CD4C,2,0,0,0.993885916579719,NA,NA,NA,1
DCTN1,4,0,0,0.993885916579719,NA,NA,NA,1
G6PD,3,0,0,0.993885916579719,NA,NA,NA,1
GLI4,5,0,0,0.993885916579719,NA,NA,NA,1
PXDC1,3,0,0,0.993885916579719,NA,NA,NA,1
RAB1B,4,0,0,0.993885916579719,NA,NA,NA,1
SP2,9,0,0,0.993885916579719,NA,NA,NA,1
SYCE1L,3,0,0,0.993885916579719,NA,NA,NA,1
DCAF4,4,0,0,0.993992264671469,NA,NA,NA,1
DCTN3,2,0,0,0.993992264671469,NA,NA,NA,1
ANKRD16,5,0,0,0.994340681824783,NA,NA,NA,1
FAM122B,6,0,0,0.994340681824783,NA,NA,NA,1
LASP1,5,0,0,0.994340681824783,NA,NA,NA,1
MGST3,5,0,0,0.994340681824783,NA,NA,NA,1
MYBBP1A,4,0,0,0.994340681824783,NA,NA,NA,1
TCF25,8,0,0,0.994340681824783,NA,NA,NA,1
USP42,6,0,0,0.994340681824783,NA,NA,NA,1
MYLK3,3,0,0,0.994391160763017,NA,NA,NA,1
ABHD17C,3,0,0,0.994399133865842,NA,NA,NA,1
METAP1D,4,0,0,0.994545016308501,NA,NA,NA,1
ZDHHC13,4,0,0,0.994882782520882,NA,NA,NA,1
CAPRIN2,2,0,0,0.99492339587064,NA,NA,NA,1
CPEB2,3,0,0,0.99492339587064,NA,NA,NA,1
FLYWCH1,2,0,0,0.99492339587064,NA,NA,NA,1
MON1B,2,0,0,0.99492339587064,NA,NA,NA,1
NKPD1,7,0,0,0.99492339587064,NA,NA,NA,1
QPCTL,5,0,0,0.99492339587064,NA,NA,NA,1
TNPO3,7,0,0,0.99492339587064,NA,NA,NA,1
MED25,4,0,0,0.994952210950301,NA,NA,NA,1
PM20D2,9,0,0,0.994952210950301,NA,NA,NA,1
RNF157,2,0,0,0.994952210950301,NA,NA,NA,1
SNUPN,3,0,0,0.994952210950301,NA,NA,NA,1
TBCA,3,0,0,0.994952210950301,NA,NA,NA,1
C5,2,0,0,0.995263499251009,NA,NA,NA,1
CARHSP1,4,0,0,0.995263499251009,NA,NA,NA,1
CLUH,2,0,0,0.995263499251009,NA,NA,NA,1
EHHADH,3,0,0,0.995263499251009,NA,NA,NA,1
SENP7,3,0,0,0.995263499251009,NA,NA,NA,1
SLBP,7,0,0,0.995263499251009,NA,NA,NA,1
STK32A,2,0,0,0.995263499251009,NA,NA,NA,1
TOX,3,0,0,0.995263499251009,NA,NA,NA,1
CATSPER2,2,0,0,0.995400570091902,NA,NA,NA,1
ZNF766,3,0,0,0.995400570091902,NA,NA,NA,1
DTD1,2,0,0,0.995500302075751,NA,NA,NA,1
DRAXIN,3,0,0,0.995655943028562,NA,NA,NA,1
IFFO2,4,0,0,0.995655943028562,NA,NA,NA,1
NPEPL1,5,0,0,0.995655943028562,NA,NA,NA,1
PPA2,3,0,0,0.995655943028562,NA,NA,NA,1
SCAF1,2,0,0,0.995655943028562,NA,NA,NA,1
ZNF600,2,0,0,0.995655943028562,NA,NA,NA,1
TSPAN4,2,0,0,0.995664033246936,NA,NA,NA,1
DVL1,6,0,0,0.995725793139747,NA,NA,NA,1
AHRR,8,0,0,0.995773181794009,NA,NA,NA,1
BORCS8,3,0,0,0.995773181794009,NA,NA,NA,1
COL3A1,2,0,0,0.995773181794009,NA,NA,NA,1
MPDZ,5,0,0,0.995773181794009,NA,NA,NA,1
SGIP1,2,0,0,0.995773181794009,NA,NA,NA,1
PITX2,2,0,0,0.99617328189294,NA,NA,NA,1
ARMT1,4,0,0,0.996323319822648,NA,NA,NA,1
C2orf92,2,0,0,0.996382024736391,NA,NA,NA,1
CUL7,2,0,0,0.996382024736391,NA,NA,NA,1
DPF2,7,0,0,0.996382024736391,NA,NA,NA,1
E2F8,4,0,0,0.996382024736391,NA,NA,NA,1
HK2,6,0,0,0.996382024736391,NA,NA,NA,1
HYI,3,0,0,0.996382024736391,NA,NA,NA,1
OCRL,8,0,0,0.996382024736391,NA,NA,NA,1
PDGFD,4,0,0,0.996382024736391,NA,NA,NA,1
POLR2J,5,0,0,0.996382024736391,NA,NA,NA,1
PRDM6,2,0,0,0.996382024736391,NA,NA,NA,1
S100A14,3,0,0,0.996382024736391,NA,NA,NA,1
SECISBP2L,14,0,0,0.996382024736391,NA,NA,NA,1
SLC2A14,2,0,0,0.996382024736391,NA,NA,NA,1
SYDE2,6,0,0,0.996382024736391,NA,NA,NA,1
TEP1,3,0,0,0.996382024736391,NA,NA,NA,1
TMEM243,7,0,0,0.996382024736391,NA,NA,NA,1
TRIM37,2,0,0,0.996382024736391,NA,NA,NA,1
VSIG1,2,0,0,0.996382024736391,NA,NA,NA,1
SETD1B,3,0,0,0.996401329652203,NA,NA,NA,1
STK3,4,0,0,0.996401329652203,NA,NA,NA,1
USP33,5,0,0,0.996401329652203,NA,NA,NA,1
CASC3,3,0,0,0.996452040366883,NA,NA,NA,1
PKNOX2,2,0,0,0.996452040366883,NA,NA,NA,1
SLC6A8,2,0,0,0.996452040366883,NA,NA,NA,1
TBC1D8B,5,0,0,0.996452040366883,NA,NA,NA,1
CGREF1,2,0,0,0.996603446325898,NA,NA,NA,1
NDC1,9,0,0,0.996665836609145,NA,NA,NA,1
SEC24C,2,0,0,0.996665836609145,NA,NA,NA,1
UBE2A,6,0,0,0.996665836609145,NA,NA,NA,1
VAMP4,4,0,0,0.996665836609145,NA,NA,NA,1
FNTA,2,0,0,0.996693244332129,NA,NA,NA,1
AHDC1,3,0,0,0.996915410515756,NA,NA,NA,1
CYP2E1,2,0,0,0.996915410515756,NA,NA,NA,1
HMGA1,5,0,0,0.996915410515756,NA,NA,NA,1
IFI16,3,0,0,0.996915410515756,NA,NA,NA,1
MRPL28,4,0,0,0.996915410515756,NA,NA,NA,1
REX1BD,2,0,0,0.996915410515756,NA,NA,NA,1
RRBP1,6,0,0,0.996915410515756,NA,NA,NA,1
SATB1,5,0,0,0.996915410515756,NA,NA,NA,1
TBCE,4,0,0,0.996915410515756,NA,NA,NA,1
IMPG2,2,0,0,0.997123455057201,NA,NA,NA,1
LCMT2,5,0,0,0.997123455057201,NA,NA,NA,1
LNX2,4,0,0,0.997123455057201,NA,NA,NA,1
EPHA1,4,0,0,0.997310489774101,NA,NA,NA,1
MCAT,10,0,0,0.997434240807377,NA,NA,NA,1
MRPL9,2,0,0,0.997434240807377,NA,NA,NA,1
PRCC,3,0,0,0.997434240807377,NA,NA,NA,1
SGCD,2,0,0,0.997434240807377,NA,NA,NA,1
ZNF608,3,0,0,0.997434240807377,NA,NA,NA,1
COPG2,3,0,0,0.997440888203605,NA,NA,NA,1
ADGRF1,5,0,0,0.997479584159702,NA,NA,NA,1
BRAF,8,0,0,0.997479584159702,NA,NA,NA,1
C15orf48,2,0,0,0.997479584159702,NA,NA,NA,1
CDCA3,5,0,0,0.997479584159702,NA,NA,NA,1
CDK16,2,0,0,0.997479584159702,NA,NA,NA,1
CEMIP,2,0,0,0.997479584159702,NA,NA,NA,1
CSGALNACT1,4,0,0,0.997479584159702,NA,NA,NA,1
CSKMT,7,0,0,0.997479584159702,NA,NA,NA,1
FAM110A,4,0,0,0.997479584159702,NA,NA,NA,1
FKBP11,2,0,0,0.997479584159702,NA,NA,NA,1
HPS4,2,0,0,0.997479584159702,NA,NA,NA,1
IDH2,4,0,0,0.997479584159702,NA,NA,NA,1
MAST3,5,0,0,0.997479584159702,NA,NA,NA,1
MGAT4A,4,0,0,0.997479584159702,NA,NA,NA,1
ORC6,2,0,0,0.997479584159702,NA,NA,NA,1
PSTPIP2,6,0,0,0.997479584159702,NA,NA,NA,1
RBKS,4,0,0,0.997479584159702,NA,NA,NA,1
SDR42E1,11,0,0,0.997479584159702,NA,NA,NA,1
SHMT2,5,0,0,0.997479584159702,NA,NA,NA,1
SLC22A5,4,0,0,0.997479584159702,NA,NA,NA,1
SLC25A42,2,0,0,0.997479584159702,NA,NA,NA,1
SRD5A3,8,0,0,0.997479584159702,NA,NA,NA,1
STAT2,4,0,0,0.997479584159702,NA,NA,NA,1
TLL1,8,0,0,0.997479584159702,NA,NA,NA,1
TMEM161A,4,0,0,0.997479584159702,NA,NA,NA,1
TMEM216,4,0,0,0.997479584159702,NA,NA,NA,1
ZBTB34,5,0,0,0.997479584159702,NA,NA,NA,1
ZDHHC16,11,0,0,0.997479584159702,NA,NA,NA,1
ZNF219,3,0,0,0.997479584159702,NA,NA,NA,1
ZNF391,4,0,0,0.997479584159702,NA,NA,NA,1
ZNF397,2,0,0,0.997479584159702,NA,NA,NA,1
ZNF506,14,0,0,0.997479584159702,NA,NA,NA,1
SGSH,4,0,0,0.997502374576928,NA,NA,NA,1
MAP7D1,3,0,0,0.997509607937449,NA,NA,NA,1
RNPS1,3,0,0,0.997509607937449,NA,NA,NA,1
WBP2,3,0,0,0.997509607937449,NA,NA,NA,1
ZNF331,5,0,0,0.997509607937449,NA,NA,NA,1
BICDL2,3,0,0,0.997536423655463,NA,NA,NA,1
CNEP1R1,3,0,0,0.997536423655463,NA,NA,NA,1
EFCAB2,4,0,0,0.997536423655463,NA,NA,NA,1
NRDC,8,0,0,0.997536423655463,NA,NA,NA,1
NUP214,3,0,0,0.997536423655463,NA,NA,NA,1
STX18,3,0,0,0.997536423655463,NA,NA,NA,1
TEX9,5,0,0,0.997536423655463,NA,NA,NA,1
ZNF10,6,0,0,0.997536423655463,NA,NA,NA,1
ZNF596,5,0,0,0.997536423655463,NA,NA,NA,1
CHMP1A,4,0,0,0.997634561318669,NA,NA,NA,1
PHTF2,4,0,0,0.997696143133661,NA,NA,NA,1
KIAA2013,4,0,0,0.997741896450025,NA,NA,NA,1
TMEM102,2,0,0,0.997789005765844,NA,NA,NA,1
EPPK1,12,0,0,0.997944110427934,NA,NA,NA,1
APPBP2,4,0,0,0.998160459984381,NA,NA,NA,1
C7orf49,5,0,0,0.998160459984381,NA,NA,NA,1
DNAJC7,6,0,0,0.998160459984381,NA,NA,NA,1
DPH2,4,0,0,0.998160459984381,NA,NA,NA,1
EDA2R,3,0,0,0.998160459984381,NA,NA,NA,1
HDAC11,4,0,0,0.998160459984381,NA,NA,NA,1
IGFL1,2,0,0,0.998160459984381,NA,NA,NA,1
KCNJ14,4,0,0,0.998160459984381,NA,NA,NA,1
KCNRG,2,0,0,0.998160459984381,NA,NA,NA,1
KLHL7,3,0,0,0.998160459984381,NA,NA,NA,1
NTMT1,3,0,0,0.998160459984381,NA,NA,NA,1
PELI2,4,0,0,0.998160459984381,NA,NA,NA,1
SHPRH,2,0,0,0.998160459984381,NA,NA,NA,1
SSBP1,5,0,0,0.998160459984381,NA,NA,NA,1
TMEM86A,6,0,0,0.998160459984381,NA,NA,NA,1
TRABD2B,2,0,0,0.998160459984381,NA,NA,NA,1
TRIM52,5,0,0,0.998160459984381,NA,NA,NA,1
ZNF559-ZNF177,2,0,0,0.998160459984381,NA,NA,NA,1
PDCD7,5,0,0,0.998363171724179,NA,NA,NA,1
BCL2,4,0,0,0.998537051649161,NA,NA,NA,1
HMMR,5,0,0,0.998541170656649,NA,NA,NA,1
ABHD2,8,0,0,0.998568871803489,NA,NA,NA,1
CCDC102A,2,0,0,0.998568871803489,NA,NA,NA,1
CYB561A3,3,0,0,0.998568871803489,NA,NA,NA,1
EEF2,8,0,0,0.998568871803489,NA,NA,NA,1
EIF2S2,5,0,0,0.998568871803489,NA,NA,NA,1
FAF2,6,0,0,0.998568871803489,NA,NA,NA,1
FAM81A,7,0,0,0.998568871803489,NA,NA,NA,1
MPND,4,0,0,0.998568871803489,NA,NA,NA,1
RRN3,4,0,0,0.998568871803489,NA,NA,NA,1
SYK,4,0,0,0.998568871803489,NA,NA,NA,1
TMX2,2,0,0,0.998568871803489,NA,NA,NA,1
WDR76,11,0,0,0.998568871803489,NA,NA,NA,1
CHP1,4,0,0,0.998705509751966,NA,NA,NA,1
SLC9A1,2,0,0,0.998930773363169,NA,NA,NA,1
THAP8,2,0,0,0.998930773363169,NA,NA,NA,1
LPCAT4,3,0,0,0.998998553096367,NA,NA,NA,1
ATXN7L3B,2,0,0,0.999031937084366,NA,NA,NA,1
IFT74,4,0,0,0.999427118840621,NA,NA,NA,1
CDK5R2,2,0,0,0.999450893244058,NA,NA,NA,1
COX18,5,0,0,0.999450893244058,NA,NA,NA,1
MAP2,4,0,0,0.999450893244058,NA,NA,NA,1
SRSF12,4,0,0,0.999558025155486,NA,NA,NA,1
BMP8B,4,0,0,0.999647194361172,NA,NA,NA,1
PRDM5,3,0,0,0.999716486286997,NA,NA,NA,1
TBK1,4,0,0,0.999716486286997,NA,NA,NA,1
CTDSP1,4,0,0,0.99971786264319,NA,NA,NA,1
DNAJC17,5,0,0,0.99971786264319,NA,NA,NA,1
GMPR2,8,0,0,0.99971786264319,NA,NA,NA,1
GOLIM4,4,0,0,0.99971786264319,NA,NA,NA,1
H6PD,7,0,0,0.99971786264319,NA,NA,NA,1
LYST,2,0,0,0.99971786264319,NA,NA,NA,1
PPP2R2C,3,0,0,0.99971786264319,NA,NA,NA,1
S100PBP,7,0,0,0.99971786264319,NA,NA,NA,1
TEX261,3,0,0,0.99971786264319,NA,NA,NA,1
TRAPPC2L,3,0,0,0.99971786264319,NA,NA,NA,1
ZNF585A,3,0,0,0.99971786264319,NA,NA,NA,1
ZXDC,5,0,0,0.99971786264319,NA,NA,NA,1
DAP,3,0,0,0.999760967257867,NA,NA,NA,1
BCL6,2,0,0,0.999781658839277,NA,NA,NA,1
CPQ,2,0,0,0.999781658839277,NA,NA,NA,1
MRNIP,5,0,0,0.999781658839277,NA,NA,NA,1
ZKSCAN3,8,0,0,0.999781658839277,NA,NA,NA,1
PICK1,6,0,0,0.999789127891874,NA,NA,NA,1
PIMREG,2,0,0,0.999789127891874,NA,NA,NA,1
ST7,4,0,0,0.999789127891874,NA,NA,NA,1
ABCB8,4,0,0,0.999826620080185,NA,NA,NA,1
ACLY,4,0,0,0.999826620080185,NA,NA,NA,1
ADD3,3,0,0,0.999826620080185,NA,NA,NA,1
ADGRA2,3,0,0,0.999826620080185,NA,NA,NA,1
AFF1,7,0,0,0.999826620080185,NA,NA,NA,1
AKNA,3,0,0,0.999826620080185,NA,NA,NA,1
ALDH18A1,3,0,0,0.999826620080185,NA,NA,NA,1
ANKIB1,6,0,0,0.999826620080185,NA,NA,NA,1
ANKRD44,2,0,0,0.999826620080185,NA,NA,NA,1
ANKRD52,8,0,0,0.999826620080185,NA,NA,NA,1
AP2A2,4,0,0,0.999826620080185,NA,NA,NA,1
APOE,2,0,0,0.999826620080185,NA,NA,NA,1
APOL2,2,0,0,0.999826620080185,NA,NA,NA,1
ARHGEF9,2,0,0,0.999826620080185,NA,NA,NA,1
ATF3,2,0,0,0.999826620080185,NA,NA,NA,1
ATMIN,7,0,0,0.999826620080185,NA,NA,NA,1
ATXN7L1,3,0,0,0.999826620080185,NA,NA,NA,1
BATF3,2,0,0,0.999826620080185,NA,NA,NA,1
BOK,6,0,0,0.999826620080185,NA,NA,NA,1
BRCA2,4,0,0,0.999826620080185,NA,NA,NA,1
BRSK1,2,0,0,0.999826620080185,NA,NA,NA,1
BSCL2,3,0,0,0.999826620080185,NA,NA,NA,1
C11orf49,5,0,0,0.999826620080185,NA,NA,NA,1
C14orf93,4,0,0,0.999826620080185,NA,NA,NA,1
C20orf194,4,0,0,0.999826620080185,NA,NA,NA,1
C6orf203,3,0,0,0.999826620080185,NA,NA,NA,1
CA11,2,0,0,0.999826620080185,NA,NA,NA,1
CACNB1,4,0,0,0.999826620080185,NA,NA,NA,1
CAPN12,2,0,0,0.999826620080185,NA,NA,NA,1
CASP9,3,0,0,0.999826620080185,NA,NA,NA,1
CBX4,5,0,0,0.999826620080185,NA,NA,NA,1
CENPM,8,0,0,0.999826620080185,NA,NA,NA,1
CERS4,4,0,0,0.999826620080185,NA,NA,NA,1
CHD1L,4,0,0,0.999826620080185,NA,NA,NA,1
COL13A1,4,0,0,0.999826620080185,NA,NA,NA,1
CTRL,3,0,0,0.999826620080185,NA,NA,NA,1
CXorf56,4,0,0,0.999826620080185,NA,NA,NA,1
DALRD3,3,0,0,0.999826620080185,NA,NA,NA,1
DCTN2,4,0,0,0.999826620080185,NA,NA,NA,1
DDN,2,0,0,0.999826620080185,NA,NA,NA,1
DERA,3,0,0,0.999826620080185,NA,NA,NA,1
DLG4,2,0,0,0.999826620080185,NA,NA,NA,1
DRAP1,2,0,0,0.999826620080185,NA,NA,NA,1
DSP,3,0,0,0.999826620080185,NA,NA,NA,1
DYNC1H1,5,0,0,0.999826620080185,NA,NA,NA,1
EAF1,5,0,0,0.999826620080185,NA,NA,NA,1
ELMO3,2,0,0,0.999826620080185,NA,NA,NA,1
ERAP1,2,0,0,0.999826620080185,NA,NA,NA,1
ESS2,4,0,0,0.999826620080185,NA,NA,NA,1
EXOC2,5,0,0,0.999826620080185,NA,NA,NA,1
EXPH5,5,0,0,0.999826620080185,NA,NA,NA,1
FOXJ2,4,0,0,0.999826620080185,NA,NA,NA,1
GAB2,7,0,0,0.999826620080185,NA,NA,NA,1
GDF15,2,0,0,0.999826620080185,NA,NA,NA,1
GINS3,3,0,0,0.999826620080185,NA,NA,NA,1
GNG7,3,0,0,0.999826620080185,NA,NA,NA,1
GOLGA5,4,0,0,0.999826620080185,NA,NA,NA,1
GPX1,3,0,0,0.999826620080185,NA,NA,NA,1
GTPBP2,4,0,0,0.999826620080185,NA,NA,NA,1
HIF1A,8,0,0,0.999826620080185,NA,NA,NA,1
HIST1H2AM,3,0,0,0.999826620080185,NA,NA,NA,1
HSPE1,5,0,0,0.999826620080185,NA,NA,NA,1
HYLS1,3,0,0,0.999826620080185,NA,NA,NA,1
IFT81,2,0,0,0.999826620080185,NA,NA,NA,1
IGIP,2,0,0,0.999826620080185,NA,NA,NA,1
INTS4,4,0,0,0.999826620080185,NA,NA,NA,1
ITGB2,2,0,0,0.999826620080185,NA,NA,NA,1
KIAA0368,5,0,0,0.999826620080185,NA,NA,NA,1
KLHL2,4,0,0,0.999826620080185,NA,NA,NA,1
KLHL24,6,0,0,0.999826620080185,NA,NA,NA,1
KLK5,2,0,0,0.999826620080185,NA,NA,NA,1
KPNA6,11,0,0,0.999826620080185,NA,NA,NA,1
LOC730098,2,0,0,0.999826620080185,NA,NA,NA,1
LRP2BP,6,0,0,0.999826620080185,NA,NA,NA,1
LSM10,5,0,0,0.999826620080185,NA,NA,NA,1
LTB4R,2,0,0,0.999826620080185,NA,NA,NA,1
MBD6,3,0,0,0.999826620080185,NA,NA,NA,1
MED12,3,0,0,0.999826620080185,NA,NA,NA,1
MED14OS,4,0,0,0.999826620080185,NA,NA,NA,1
MFSD10,2,0,0,0.999826620080185,NA,NA,NA,1
MGME1,3,0,0,0.999826620080185,NA,NA,NA,1
MIA2,2,0,0,0.999826620080185,NA,NA,NA,1
MINOS1-NBL1,3,0,0,0.999826620080185,NA,NA,NA,1
MMD,2,0,0,0.999826620080185,NA,NA,NA,1
MTRR,3,0,0,0.999826620080185,NA,NA,NA,1
MYADM,4,0,0,0.999826620080185,NA,NA,NA,1
NAXE,8,0,0,0.999826620080185,NA,NA,NA,1
NCOA4,4,0,0,0.999826620080185,NA,NA,NA,1
NMD3,7,0,0,0.999826620080185,NA,NA,NA,1
NOS3,3,0,0,0.999826620080185,NA,NA,NA,1
NOVA2,2,0,0,0.999826620080185,NA,NA,NA,1
NRBF2,4,0,0,0.999826620080185,NA,NA,NA,1
NT5DC3,6,0,0,0.999826620080185,NA,NA,NA,1
NUDT11,6,0,0,0.999826620080185,NA,NA,NA,1
OASL,4,0,0,0.999826620080185,NA,NA,NA,1
PARL,3,0,0,0.999826620080185,NA,NA,NA,1
PARS2,3,0,0,0.999826620080185,NA,NA,NA,1
PCNT,3,0,0,0.999826620080185,NA,NA,NA,1
PHLPP2,3,0,0,0.999826620080185,NA,NA,NA,1
PLCB2,2,0,0,0.999826620080185,NA,NA,NA,1
PPIA,3,0,0,0.999826620080185,NA,NA,NA,1
PPP1R14B,6,0,0,0.999826620080185,NA,NA,NA,1
PPP1R37,2,0,0,0.999826620080185,NA,NA,NA,1
PPP1R8,3,0,0,0.999826620080185,NA,NA,NA,1
PPP5C,3,0,0,0.999826620080185,NA,NA,NA,1
PPP6R1,2,0,0,0.999826620080185,NA,NA,NA,1
PRRG1,6,0,0,0.999826620080185,NA,NA,NA,1
PRUNE2,3,0,0,0.999826620080185,NA,NA,NA,1
PSMD10,3,0,0,0.999826620080185,NA,NA,NA,1
PSMD9,3,0,0,0.999826620080185,NA,NA,NA,1
PSME1,3,0,0,0.999826620080185,NA,NA,NA,1
PTPN21,3,0,0,0.999826620080185,NA,NA,NA,1
PTPRO,7,0,0,0.999826620080185,NA,NA,NA,1
PXYLP1,4,0,0,0.999826620080185,NA,NA,NA,1
PYCR1,2,0,0,0.999826620080185,NA,NA,NA,1
RBBP7,7,0,0,0.999826620080185,NA,NA,NA,1
RBPMS2,2,0,0,0.999826620080185,NA,NA,NA,1
RELB,2,0,0,0.999826620080185,NA,NA,NA,1
RHPN1,2,0,0,0.999826620080185,NA,NA,NA,1
RNF114,9,0,0,0.999826620080185,NA,NA,NA,1
RTCB,9,0,0,0.999826620080185,NA,NA,NA,1
S100A10,6,0,0,0.999826620080185,NA,NA,NA,1
SEC24B,4,0,0,0.999826620080185,NA,NA,NA,1
SFT2D1,5,0,0,0.999826620080185,NA,NA,NA,1
SIRT7,2,0,0,0.999826620080185,NA,NA,NA,1
SLC25A51,3,0,0,0.999826620080185,NA,NA,NA,1
SLC29A4,2,0,0,0.999826620080185,NA,NA,NA,1
SLC35B1,5,0,0,0.999826620080185,NA,NA,NA,1
SLC39A3,3,0,0,0.999826620080185,NA,NA,NA,1
SLC4A3,3,0,0,0.999826620080185,NA,NA,NA,1
SMAD9,8,0,0,0.999826620080185,NA,NA,NA,1
SMPD2,5,0,0,0.999826620080185,NA,NA,NA,1
SPECC1L,5,0,0,0.999826620080185,NA,NA,NA,1
SPG7,4,0,0,0.999826620080185,NA,NA,NA,1
SRGAP2,5,0,0,0.999826620080185,NA,NA,NA,1
TAS2R5,3,0,0,0.999826620080185,NA,NA,NA,1
TBXA2R,3,0,0,0.999826620080185,NA,NA,NA,1
TMEM126B,5,0,0,0.999826620080185,NA,NA,NA,1
TMEM170B,4,0,0,0.999826620080185,NA,NA,NA,1
TMEM238,3,0,0,0.999826620080185,NA,NA,NA,1
TMEM91,2,0,0,0.999826620080185,NA,NA,NA,1
TNFAIP3,5,0,0,0.999826620080185,NA,NA,NA,1
TP53BP1,3,0,0,0.999826620080185,NA,NA,NA,1
TRABD,2,0,0,0.999826620080185,NA,NA,NA,1
TRAF4,4,0,0,0.999826620080185,NA,NA,NA,1
TRMT6,8,0,0,0.999826620080185,NA,NA,NA,1
TSC22D4,2,0,0,0.999826620080185,NA,NA,NA,1
TSPAN15,3,0,0,0.999826620080185,NA,NA,NA,1
TUBGCP6,9,0,0,0.999826620080185,NA,NA,NA,1
UBALD1,4,0,0,0.999826620080185,NA,NA,NA,1
WDR11,3,0,0,0.999826620080185,NA,NA,NA,1
WFS1,2,0,0,0.999826620080185,NA,NA,NA,1
WTIP,6,0,0,0.999826620080185,NA,NA,NA,1
YBEY,3,0,0,0.999826620080185,NA,NA,NA,1
ZBTB7C,2,0,0,0.999826620080185,NA,NA,NA,1
ZBTB8OS,9,0,0,0.999826620080185,NA,NA,NA,1
ZC3H7B,5,0,0,0.999826620080185,NA,NA,NA,1
ZDBF2,4,0,0,0.999826620080185,NA,NA,NA,1
ZFYVE27,2,0,0,0.999826620080185,NA,NA,NA,1
ZNF124,2,0,0,0.999826620080185,NA,NA,NA,1
ZNF350,4,0,0,0.999826620080185,NA,NA,NA,1
ZNF485,7,0,0,0.999826620080185,NA,NA,NA,1
ZNF615,6,0,0,0.999826620080185,NA,NA,NA,1
BNC1,3,0,0,0.999892009402983,NA,NA,NA,1
CLK3,4,0,0,0.999892009402983,NA,NA,NA,1
HEATR5A,7,0,0,0.999892009402983,NA,NA,NA,1
MGMT,3,0,0,0.999892009402983,NA,NA,NA,1
TMEM187,3,0,0,0.999915693135523,NA,NA,NA,1
ARHGEF11,5,0,0,0.999919077623649,NA,NA,NA,1
FAM53A,3,0,0,0.999919077623649,NA,NA,NA,1
GOLGB1,3,0,0,0.999919077623649,NA,NA,NA,1
IL20RB,3,0,0,0.999919077623649,NA,NA,NA,1
SPATA18,5,0,0,0.999919077623649,NA,NA,NA,1
WHAMM,4,0,0,0.999919077623649,NA,NA,NA,1
C5orf24,3,0,0,0.999933422927287,NA,NA,NA,1
CSTA,2,0,0,0.999933422927287,NA,NA,NA,1
HTATSF1,8,0,0,0.999933422927287,NA,NA,NA,1
SREBF2,4,0,0,0.999933422927287,NA,NA,NA,1
AAED1,2,0,0,1,NA,NA,NA,1
AARS,2,0,0,1,NA,NA,NA,1
AATK,3,0,0,1,NA,NA,NA,1
ABCA10,2,0,0,1,NA,NA,NA,1
ABCA12,2,0,0,1,NA,NA,NA,1
ABCD1,3,0,0,1,NA,NA,NA,1
ABCD4,5,0,0,1,NA,NA,NA,1
ABHD11,2,0,0,1,NA,NA,NA,1
ABL1,4,0,0,1,NA,NA,NA,1
AC007040.2,2,0,0,1,NA,NA,NA,1
ACAP3,3,0,0,1,NA,NA,NA,1
ACCS,4,0,0,1,NA,NA,NA,1
ACKR1,2,0,0,1,NA,NA,NA,1
ACYP2,5,0,0,1,NA,NA,NA,1
ADCK2,3,0,0,1,NA,NA,NA,1
ADD1,5,0,0,1,NA,NA,NA,1
ADGRB2,2,0,0,1,NA,NA,NA,1
ADGRL4,2,0,0,1,NA,NA,NA,1
AGRN,3,0,0,1,NA,NA,NA,1
AHR,8,0,0,1,NA,NA,NA,1
AIP,2,0,0,1,NA,NA,NA,1
AKR1C1,3,0,0,1,NA,NA,NA,1
AKR1C2,2,0,0,1,NA,NA,NA,1
ALDH5A1,5,0,0,1,NA,NA,NA,1
ALDH8A1,2,0,0,1,NA,NA,NA,1
ALG3,4,0,0,1,NA,NA,NA,1
ALKBH6,2,0,0,1,NA,NA,NA,1
ALMS1,5,0,0,1,NA,NA,NA,1
ALPK1,3,0,0,1,NA,NA,NA,1
AMER1,2,0,0,1,NA,NA,NA,1
ANAPC1,3,0,0,1,NA,NA,NA,1
ANKRA2,3,0,0,1,NA,NA,NA,1
ANKRD39,4,0,0,1,NA,NA,NA,1
ANKRD42,3,0,0,1,NA,NA,NA,1
ANKRD6,4,0,0,1,NA,NA,NA,1
ANKZF1,2,0,0,1,NA,NA,NA,1
ANXA2R,2,0,0,1,NA,NA,NA,1
ANXA3,6,0,0,1,NA,NA,NA,1
AP1S2,5,0,0,1,NA,NA,NA,1
APEH,4,0,0,1,NA,NA,NA,1
ARAF,2,0,0,1,NA,NA,NA,1
ARF6,4,0,0,1,NA,NA,NA,1
ARHGEF1,2,0,0,1,NA,NA,NA,1
ARHGEF28,8,0,0,1,NA,NA,NA,1
ARHGEF6,4,0,0,1,NA,NA,NA,1
ARL13B,4,0,0,1,NA,NA,NA,1
ARVCF,3,0,0,1,NA,NA,NA,1
ASB3,3,0,0,1,NA,NA,NA,1
ASB7,5,0,0,1,NA,NA,NA,1
ATG2B,4,0,0,1,NA,NA,NA,1
ATP6V1H,3,0,0,1,NA,NA,NA,1
ATXN1L,3,0,0,1,NA,NA,NA,1
ATXN7L3,4,0,0,1,NA,NA,NA,1
AURKAIP1,2,0,0,1,NA,NA,NA,1
B3GALT5,3,0,0,1,NA,NA,NA,1
B3GNT7,2,0,0,1,NA,NA,NA,1
BACH1,3,0,0,1,NA,NA,NA,1
BANF1,4,0,0,1,NA,NA,NA,1
BBS10,7,0,0,1,NA,NA,NA,1
BBS5,3,0,0,1,NA,NA,NA,1
BCAP31,4,0,0,1,NA,NA,NA,1
BCAS3,2,0,0,1,NA,NA,NA,1
BCL11B,2,0,0,1,NA,NA,NA,1
BCL2L12,2,0,0,1,NA,NA,NA,1
BDKRB1,2,0,0,1,NA,NA,NA,1
BICDL1,2,0,0,1,NA,NA,NA,1
BLOC1S3,2,0,0,1,NA,NA,NA,1
BMF,4,0,0,1,NA,NA,NA,1
BRCA1,4,0,0,1,NA,NA,NA,1
BRIX1,4,0,0,1,NA,NA,NA,1
BST1,2,0,0,1,NA,NA,NA,1
BUB1B-PAK6,2,0,0,1,NA,NA,NA,1
BZW2,2,0,0,1,NA,NA,NA,1
C11orf52,3,0,0,1,NA,NA,NA,1
C12orf66,3,0,0,1,NA,NA,NA,1
C14orf37,3,0,0,1,NA,NA,NA,1
C16orf62,6,0,0,1,NA,NA,NA,1
C17orf75,3,0,0,1,NA,NA,NA,1
C18orf54,12,0,0,1,NA,NA,NA,1
C19orf33,3,0,0,1,NA,NA,NA,1
C19orf66,3,0,0,1,NA,NA,NA,1
C1orf174,5,0,0,1,NA,NA,NA,1
C1orf210,3,0,0,1,NA,NA,NA,1
C21orf58,4,0,0,1,NA,NA,NA,1
C2CD3,2,0,0,1,NA,NA,NA,1
C6orf163,2,0,0,1,NA,NA,NA,1
C8orf46,4,0,0,1,NA,NA,NA,1
C8orf76,2,0,0,1,NA,NA,NA,1
C9orf16,2,0,0,1,NA,NA,NA,1
CACNG7,3,0,0,1,NA,NA,NA,1
CALHM6,2,0,0,1,NA,NA,NA,1
CALM3,5,0,0,1,NA,NA,NA,1
CAMKMT,3,0,0,1,NA,NA,NA,1
CAPN3,2,0,0,1,NA,NA,NA,1
CCDC107,3,0,0,1,NA,NA,NA,1
CCDC12,5,0,0,1,NA,NA,NA,1
CCDC138,2,0,0,1,NA,NA,NA,1
CCDC146,2,0,0,1,NA,NA,NA,1
CCDC15,3,0,0,1,NA,NA,NA,1
CCDC157,2,0,0,1,NA,NA,NA,1
CCDC78,2,0,0,1,NA,NA,NA,1
CCDC86,4,0,0,1,NA,NA,NA,1
CCDC87,2,0,0,1,NA,NA,NA,1
CCDC97,3,0,0,1,NA,NA,NA,1
CCNL1,5,0,0,1,NA,NA,NA,1
CD3EAP,2,0,0,1,NA,NA,NA,1
CDC25A,3,0,0,1,NA,NA,NA,1
CDC25C,2,0,0,1,NA,NA,NA,1
CDC40,3,0,0,1,NA,NA,NA,1
CDK5RAP2,6,0,0,1,NA,NA,NA,1
CDNF,4,0,0,1,NA,NA,NA,1
CDPF1,3,0,0,1,NA,NA,NA,1
CELF5,2,0,0,1,NA,NA,NA,1
CELF6,2,0,0,1,NA,NA,NA,1
CENPB,3,0,0,1,NA,NA,NA,1
CEP152,3,0,0,1,NA,NA,NA,1
CEP290,3,0,0,1,NA,NA,NA,1
CEP350,3,0,0,1,NA,NA,NA,1
CEP85,3,0,0,1,NA,NA,NA,1
CFAP20,2,0,0,1,NA,NA,NA,1
CFDP1,5,0,0,1,NA,NA,NA,1
CFH,3,0,0,1,NA,NA,NA,1
CHEK2,2,0,0,1,NA,NA,NA,1
CHERP,5,0,0,1,NA,NA,NA,1
CHKA,2,0,0,1,NA,NA,NA,1
CHMP4C,4,0,0,1,NA,NA,NA,1
CHPF,4,0,0,1,NA,NA,NA,1
CITED2,7,0,0,1,NA,NA,NA,1
CLEC2B,3,0,0,1,NA,NA,NA,1
CLIP1,6,0,0,1,NA,NA,NA,1
CLN6,4,0,0,1,NA,NA,NA,1
CLPTM1L,5,0,0,1,NA,NA,NA,1
CMTR1,5,0,0,1,NA,NA,NA,1
CNPPD1,3,0,0,1,NA,NA,NA,1
CNTN3,2,0,0,1,NA,NA,NA,1
COCH,3,0,0,1,NA,NA,NA,1
COG6,2,0,0,1,NA,NA,NA,1
COPS4,2,0,0,1,NA,NA,NA,1
COPZ2,2,0,0,1,NA,NA,NA,1
COQ6,2,0,0,1,NA,NA,NA,1
CORO2B,2,0,0,1,NA,NA,NA,1
CPO,2,0,0,1,NA,NA,NA,1
CPSF7,3,0,0,1,NA,NA,NA,1
CRABP2,3,0,0,1,NA,NA,NA,1
CRAMP1,4,0,0,1,NA,NA,NA,1
CRELD2,3,0,0,1,NA,NA,NA,1
CRIP3,2,0,0,1,NA,NA,NA,1
CRLF1,3,0,0,1,NA,NA,NA,1
CRLF3,2,0,0,1,NA,NA,NA,1
CRYBG3,4,0,0,1,NA,NA,NA,1
CRYGS,2,0,0,1,NA,NA,NA,1
CSF1R,3,0,0,1,NA,NA,NA,1
CSNK1G1,3,0,0,1,NA,NA,NA,1
CSTF1,9,0,0,1,NA,NA,NA,1
CTR9,3,0,0,1,NA,NA,NA,1
CTSK,2,0,0,1,NA,NA,NA,1
CWC25,2,0,0,1,NA,NA,NA,1
CXCL2,2,0,0,1,NA,NA,NA,1
CYB5R2,2,0,0,1,NA,NA,NA,1
CYR61,4,0,0,1,NA,NA,NA,1
DACT3,2,0,0,1,NA,NA,NA,1
DBI,6,0,0,1,NA,NA,NA,1
DCLRE1C,3,0,0,1,NA,NA,NA,1
DDB1,4,0,0,1,NA,NA,NA,1
DDX41,2,0,0,1,NA,NA,NA,1
DDX56,4,0,0,1,NA,NA,NA,1
DEDD2,4,0,0,1,NA,NA,NA,1
DENND1A,2,0,0,1,NA,NA,NA,1
DENND2D,9,0,0,1,NA,NA,NA,1
DEXI,2,0,0,1,NA,NA,NA,1
DGKA,3,0,0,1,NA,NA,NA,1
DHX32,2,0,0,1,NA,NA,NA,1
DIRAS1,3,0,0,1,NA,NA,NA,1
DISC1,2,0,0,1,NA,NA,NA,1
DLL3,2,0,0,1,NA,NA,NA,1
DLST,5,0,0,1,NA,NA,NA,1
DLX1,3,0,0,1,NA,NA,NA,1
DMBX1,3,0,0,1,NA,NA,NA,1
DMRTA1,3,0,0,1,NA,NA,NA,1
DNAH1,2,0,0,1,NA,NA,NA,1
DNAH2,2,0,0,1,NA,NA,NA,1
DNAJC11,3,0,0,1,NA,NA,NA,1
DNAJC6,3,0,0,1,NA,NA,NA,1
DNASE1,3,0,0,1,NA,NA,NA,1
DND1,2,0,0,1,NA,NA,NA,1
DNLZ,3,0,0,1,NA,NA,NA,1
DOCK10,2,0,0,1,NA,NA,NA,1
DPAGT1,3,0,0,1,NA,NA,NA,1
DPCD,4,0,0,1,NA,NA,NA,1
DQX1,2,0,0,1,NA,NA,NA,1
DRP2,2,0,0,1,NA,NA,NA,1
DUS2,3,0,0,1,NA,NA,NA,1
DYNLRB2,2,0,0,1,NA,NA,NA,1
DYNLT1,3,0,0,1,NA,NA,NA,1
EBF1,3,0,0,1,NA,NA,NA,1
ECHS1,4,0,0,1,NA,NA,NA,1
ECM1,3,0,0,1,NA,NA,NA,1
EDARADD,4,0,0,1,NA,NA,NA,1
EDC4,2,0,0,1,NA,NA,NA,1
EEF1AKMT3,2,0,0,1,NA,NA,NA,1
EEPD1,2,0,0,1,NA,NA,NA,1
EFCAB11,5,0,0,1,NA,NA,NA,1
EFNB1,3,0,0,1,NA,NA,NA,1
EGF,2,0,0,1,NA,NA,NA,1
EID2,9,0,0,1,NA,NA,NA,1
EIF2B5,3,0,0,1,NA,NA,NA,1
ELL3,3,0,0,1,NA,NA,NA,1
ELN,2,0,0,1,NA,NA,NA,1
EME2,7,0,0,1,NA,NA,NA,1
ENTPD5,4,0,0,1,NA,NA,NA,1
EPB41,7,0,0,1,NA,NA,NA,1
EPB41L4B,5,0,0,1,NA,NA,NA,1
EPC1,7,0,0,1,NA,NA,NA,1
EPHA2,3,0,0,1,NA,NA,NA,1
EPHX3,2,0,0,1,NA,NA,NA,1
EPN1,7,0,0,1,NA,NA,NA,1
ERC2,2,0,0,1,NA,NA,NA,1
ERCC4,3,0,0,1,NA,NA,NA,1
ESAM,2,0,0,1,NA,NA,NA,1
EVA1B,3,0,0,1,NA,NA,NA,1
EVI5,2,0,0,1,NA,NA,NA,1
EXOSC7,5,0,0,1,NA,NA,NA,1
EZH1,2,0,0,1,NA,NA,NA,1
EZH2,2,0,0,1,NA,NA,NA,1
F2R,6,0,0,1,NA,NA,NA,1
FAAH,3,0,0,1,NA,NA,NA,1
FABP5,3,0,0,1,NA,NA,NA,1
FADD,8,0,0,1,NA,NA,NA,1
FAM129B,3,0,0,1,NA,NA,NA,1
FAM131A,5,0,0,1,NA,NA,NA,1
FAM160A2,3,0,0,1,NA,NA,NA,1
FAM185A,3,0,0,1,NA,NA,NA,1
FAM193A,4,0,0,1,NA,NA,NA,1
FAM200A,2,0,0,1,NA,NA,NA,1
FAM218A,6,0,0,1,NA,NA,NA,1
FAM222A,5,0,0,1,NA,NA,NA,1
FAM227B,2,0,0,1,NA,NA,NA,1
FAM234B,4,0,0,1,NA,NA,NA,1
FAM32A,6,0,0,1,NA,NA,NA,1
FAM43A,4,0,0,1,NA,NA,NA,1
FAM76A,4,0,0,1,NA,NA,NA,1
FAM96A,4,0,0,1,NA,NA,NA,1
FASN,5,0,0,1,NA,NA,NA,1
FBLN5,2,0,0,1,NA,NA,NA,1
FBXO2,3,0,0,1,NA,NA,NA,1
FBXO27,2,0,0,1,NA,NA,NA,1
FBXO38,3,0,0,1,NA,NA,NA,1
FBXO4,3,0,0,1,NA,NA,NA,1
FBXO41,5,0,0,1,NA,NA,NA,1
FBXO43,2,0,0,1,NA,NA,NA,1
FBXO48,3,0,0,1,NA,NA,NA,1
FCRLA,3,0,0,1,NA,NA,NA,1
FCRLB,3,0,0,1,NA,NA,NA,1
FGF12,3,0,0,1,NA,NA,NA,1
FHOD3,2,0,0,1,NA,NA,NA,1
FIBIN,4,0,0,1,NA,NA,NA,1
FIGN,5,0,0,1,NA,NA,NA,1
FIS1,3,0,0,1,NA,NA,NA,1
FKBP10,3,0,0,1,NA,NA,NA,1
FKBP9,2,0,0,1,NA,NA,NA,1
FLCN,3,0,0,1,NA,NA,NA,1
FLOT2,3,0,0,1,NA,NA,NA,1
FLYWCH2,4,0,0,1,NA,NA,NA,1
FNDC4,2,0,0,1,NA,NA,NA,1
FNIP1,4,0,0,1,NA,NA,NA,1
FOXC2,2,0,0,1,NA,NA,NA,1
FOXQ1,2,0,0,1,NA,NA,NA,1
FRK,8,0,0,1,NA,NA,NA,1
FRMD8,4,0,0,1,NA,NA,NA,1
FTL,4,0,0,1,NA,NA,NA,1
FUZ,2,0,0,1,NA,NA,NA,1
GARNL3,2,0,0,1,NA,NA,NA,1
GAS2L1,2,0,0,1,NA,NA,NA,1
GAS2L3,3,0,0,1,NA,NA,NA,1
GATA6,9,0,0,1,NA,NA,NA,1
GET4,3,0,0,1,NA,NA,NA,1
GFM2,4,0,0,1,NA,NA,NA,1
GFPT2,2,0,0,1,NA,NA,NA,1
GHDC,2,0,0,1,NA,NA,NA,1
GMIP,2,0,0,1,NA,NA,NA,1
GNL3,4,0,0,1,NA,NA,NA,1
GOLGA2,2,0,0,1,NA,NA,NA,1
GOLGA4,3,0,0,1,NA,NA,NA,1
GPNMB,2,0,0,1,NA,NA,NA,1
GPR108,2,0,0,1,NA,NA,NA,1
GPR160,9,0,0,1,NA,NA,NA,1
GPR173,2,0,0,1,NA,NA,NA,1
GPR37,5,0,0,1,NA,NA,NA,1
GPR4,2,0,0,1,NA,NA,NA,1
GPR75-ASB3,3,0,0,1,NA,NA,NA,1
GPS2,3,0,0,1,NA,NA,NA,1
GPSM1,7,0,0,1,NA,NA,NA,1
GPX4,2,0,0,1,NA,NA,NA,1
GREB1,4,0,0,1,NA,NA,NA,1
GREM2,2,0,0,1,NA,NA,NA,1
GRHL1,3,0,0,1,NA,NA,NA,1
GRID1,2,0,0,1,NA,NA,NA,1
GTF3C2,9,0,0,1,NA,NA,NA,1
GVQW2,3,0,0,1,NA,NA,NA,1
HCFC1R1,2,0,0,1,NA,NA,NA,1
HDAC1,3,0,0,1,NA,NA,NA,1
HDHD5,2,0,0,1,NA,NA,NA,1
HECTD1,4,0,0,1,NA,NA,NA,1
HIP1R,6,0,0,1,NA,NA,NA,1
HIST1H2AD,4,0,0,1,NA,NA,NA,1
HIST1H3E,3,0,0,1,NA,NA,NA,1
HIST1H4D,2,0,0,1,NA,NA,NA,1
HIST2H2BE,4,0,0,1,NA,NA,NA,1
HMG20A,3,0,0,1,NA,NA,NA,1
HOXB13,4,0,0,1,NA,NA,NA,1
HOXB5,2,0,0,1,NA,NA,NA,1
HOXB6,2,0,0,1,NA,NA,NA,1
HOXC9,3,0,0,1,NA,NA,NA,1
HPCAL1,4,0,0,1,NA,NA,NA,1
HS6ST3,2,0,0,1,NA,NA,NA,1
HSBP1L1,5,0,0,1,NA,NA,NA,1
HSD17B6,2,0,0,1,NA,NA,NA,1
HSPA6,2,0,0,1,NA,NA,NA,1
HSPBP1,2,0,0,1,NA,NA,NA,1
HYAL3,4,0,0,1,NA,NA,NA,1
IDH1,4,0,0,1,NA,NA,NA,1
IFIT1,2,0,0,1,NA,NA,NA,1
IFIT2,3,0,0,1,NA,NA,NA,1
IFT88,3,0,0,1,NA,NA,NA,1
IGF2,6,0,0,1,NA,NA,NA,1
IGFBP5,7,0,0,1,NA,NA,NA,1
IL15RA,2,0,0,1,NA,NA,NA,1
IL17RD,5,0,0,1,NA,NA,NA,1
IL1A,3,0,0,1,NA,NA,NA,1
IL1RN,2,0,0,1,NA,NA,NA,1
IL4R,2,0,0,1,NA,NA,NA,1
IL6,2,0,0,1,NA,NA,NA,1
INPP5B,3,0,0,1,NA,NA,NA,1
IP6K3,3,0,0,1,NA,NA,NA,1
IPO4,6,0,0,1,NA,NA,NA,1
IPP,4,0,0,1,NA,NA,NA,1
ISCA1,7,0,0,1,NA,NA,NA,1
ITGA4,6,0,0,1,NA,NA,NA,1
ITGA5,4,0,0,1,NA,NA,NA,1
ITPA,2,0,0,1,NA,NA,NA,1
JAZF1,2,0,0,1,NA,NA,NA,1
JUNB,5,0,0,1,NA,NA,NA,1
KAZALD1,2,0,0,1,NA,NA,NA,1
KCNJ6,4,0,0,1,NA,NA,NA,1
KCNK1,6,0,0,1,NA,NA,NA,1
KCNK15,5,0,0,1,NA,NA,NA,1
KCNQ1,2,0,0,1,NA,NA,NA,1
KDM3B,3,0,0,1,NA,NA,NA,1
KDM4A,3,0,0,1,NA,NA,NA,1
KDM5C,2,0,0,1,NA,NA,NA,1
KIAA0556,2,0,0,1,NA,NA,NA,1
KIAA0895,4,0,0,1,NA,NA,NA,1
KIF15,4,0,0,1,NA,NA,NA,1
KIF16B,2,0,0,1,NA,NA,NA,1
KIF26A,2,0,0,1,NA,NA,NA,1
KLHL35,2,0,0,1,NA,NA,NA,1
KRBA2,3,0,0,1,NA,NA,NA,1
KRT6A,2,0,0,1,NA,NA,NA,1
KYAT1,2,0,0,1,NA,NA,NA,1
L3MBTL1,4,0,0,1,NA,NA,NA,1
LAMA1,3,0,0,1,NA,NA,NA,1
LCAT,2,0,0,1,NA,NA,NA,1
LEPROTL1,2,0,0,1,NA,NA,NA,1
LIMK1,3,0,0,1,NA,NA,NA,1
LLGL1,2,0,0,1,NA,NA,NA,1
LMAN2L,4,0,0,1,NA,NA,NA,1
LMNA,2,0,0,1,NA,NA,NA,1
LOC100130705,2,0,0,1,NA,NA,NA,1
LOC150051,3,0,0,1,NA,NA,NA,1
LONP1,2,0,0,1,NA,NA,NA,1
LONRF3,3,0,0,1,NA,NA,NA,1
LPAR6,4,0,0,1,NA,NA,NA,1
LPIN2,3,0,0,1,NA,NA,NA,1
LRMDA,2,0,0,1,NA,NA,NA,1
LRRC6,5,0,0,1,NA,NA,NA,1
LSM1,2,0,0,1,NA,NA,NA,1
LTBP3,6,0,0,1,NA,NA,NA,1
LTBP4,2,0,0,1,NA,NA,NA,1
LY6K,3,0,0,1,NA,NA,NA,1
LZTR1,2,0,0,1,NA,NA,NA,1
MAEA,2,0,0,1,NA,NA,NA,1
MAFA,2,0,0,1,NA,NA,NA,1
MAFF,3,0,0,1,NA,NA,NA,1
MAGIX,3,0,0,1,NA,NA,NA,1
MAP3K1,2,0,0,1,NA,NA,NA,1
MAP3K9,2,0,0,1,NA,NA,NA,1
MAP9,12,0,0,1,NA,NA,NA,1
MAPKAPK2,3,0,0,1,NA,NA,NA,1
MAST2,2,0,0,1,NA,NA,NA,1
MATN3,5,0,0,1,NA,NA,NA,1
MBD1,3,0,0,1,NA,NA,NA,1
MCM4,7,0,0,1,NA,NA,NA,1
MDGA1,2,0,0,1,NA,NA,NA,1
MED8,2,0,0,1,NA,NA,NA,1
METRN,2,0,0,1,NA,NA,NA,1
METTL27,3,0,0,1,NA,NA,NA,1
MFSD14B,4,0,0,1,NA,NA,NA,1
MICAL3,4,0,0,1,NA,NA,NA,1
MINDY3,5,0,0,1,NA,NA,NA,1
MINOS1,2,0,0,1,NA,NA,NA,1
MIPEP,2,0,0,1,NA,NA,NA,1
MMP13,2,0,0,1,NA,NA,NA,1
MMP19,2,0,0,1,NA,NA,NA,1
MMP28,2,0,0,1,NA,NA,NA,1
MN1,3,0,0,1,NA,NA,NA,1
MNS1,4,0,0,1,NA,NA,NA,1
MPC1,3,0,0,1,NA,NA,NA,1
MPHOSPH10,2,0,0,1,NA,NA,NA,1
MPP2,2,0,0,1,NA,NA,NA,1
MRPL10,4,0,0,1,NA,NA,NA,1
MRPL2,2,0,0,1,NA,NA,NA,1
MRPL34,2,0,0,1,NA,NA,NA,1
MRPL36,8,0,0,1,NA,NA,NA,1
MSC,2,0,0,1,NA,NA,NA,1
MST1,3,0,0,1,NA,NA,NA,1
MTA2,4,0,0,1,NA,NA,NA,1
MTCL1,2,0,0,1,NA,NA,NA,1
MTM1,3,0,0,1,NA,NA,NA,1
MYD88,2,0,0,1,NA,NA,NA,1
MYLIP,7,0,0,1,NA,NA,NA,1
MYOF,2,0,0,1,NA,NA,NA,1
MYOM1,2,0,0,1,NA,NA,NA,1
MYPOP,2,0,0,1,NA,NA,NA,1
MZT2B,2,0,0,1,NA,NA,NA,1
N6AMT1,4,0,0,1,NA,NA,NA,1
NAGK,2,0,0,1,NA,NA,NA,1
NAP1L4,2,0,0,1,NA,NA,NA,1
NCAPH2,5,0,0,1,NA,NA,NA,1
NCEH1,9,0,0,1,NA,NA,NA,1
NCKAP5L,4,0,0,1,NA,NA,NA,1
NDRG2,3,0,0,1,NA,NA,NA,1
NDST2,2,0,0,1,NA,NA,NA,1
NDUFA1,2,0,0,1,NA,NA,NA,1
NDUFB1,2,0,0,1,NA,NA,NA,1
NDUFB2,2,0,0,1,NA,NA,NA,1
NDUFB3,3,0,0,1,NA,NA,NA,1
NDUFC2,4,0,0,1,NA,NA,NA,1
NDUFS7,2,0,0,1,NA,NA,NA,1
NFIL3,3,0,0,1,NA,NA,NA,1
NFKB1,3,0,0,1,NA,NA,NA,1
NFX1,6,0,0,1,NA,NA,NA,1
NGDN,3,0,0,1,NA,NA,NA,1
NLGN2,3,0,0,1,NA,NA,NA,1
NME1,2,0,0,1,NA,NA,NA,1
NME2,3,0,0,1,NA,NA,NA,1
NME4,5,0,0,1,NA,NA,NA,1
NMRK1,4,0,0,1,NA,NA,NA,1
NMT1,3,0,0,1,NA,NA,NA,1
NOCT,5,0,0,1,NA,NA,NA,1
NOG,2,0,0,1,NA,NA,NA,1
NOL4L,4,0,0,1,NA,NA,NA,1
NOP14,3,0,0,1,NA,NA,NA,1
NOP9,6,0,0,1,NA,NA,NA,1
NPL,2,0,0,1,NA,NA,NA,1
NQO2,4,0,0,1,NA,NA,NA,1
NR2F1,3,0,0,1,NA,NA,NA,1
NR2F6,3,0,0,1,NA,NA,NA,1
NR6A1,4,0,0,1,NA,NA,NA,1
NRCAM,5,0,0,1,NA,NA,NA,1
NRSN2,3,0,0,1,NA,NA,NA,1
NUAK1,2,0,0,1,NA,NA,NA,1
NUDT1,2,0,0,1,NA,NA,NA,1
NUDT13,2,0,0,1,NA,NA,NA,1
NUP205,3,0,0,1,NA,NA,NA,1
NUPR1,4,0,0,1,NA,NA,NA,1
NUTF2,3,0,0,1,NA,NA,NA,1
OGFOD2,2,0,0,1,NA,NA,NA,1
OTUD1,7,0,0,1,NA,NA,NA,1
OVOL1,2,0,0,1,NA,NA,NA,1
P3H1,2,0,0,1,NA,NA,NA,1
PABPC4L,2,0,0,1,NA,NA,NA,1
PAF1,4,0,0,1,NA,NA,NA,1
PAPLN,2,0,0,1,NA,NA,NA,1
PARM1,3,0,0,1,NA,NA,NA,1
PATZ1,2,0,0,1,NA,NA,NA,1
PAXIP1,3,0,0,1,NA,NA,NA,1
PCLO,2,0,0,1,NA,NA,NA,1
PCSK7,2,0,0,1,NA,NA,NA,1
PDE4C,2,0,0,1,NA,NA,NA,1
PDE6D,4,0,0,1,NA,NA,NA,1
PDRG1,2,0,0,1,NA,NA,NA,1
PDSS1,2,0,0,1,NA,NA,NA,1
PDZD2,5,0,0,1,NA,NA,NA,1
PEPD,3,0,0,1,NA,NA,NA,1
PEX6,3,0,0,1,NA,NA,NA,1
PFKFB2,2,0,0,1,NA,NA,NA,1
PHACTR3,2,0,0,1,NA,NA,NA,1
PHC1,2,0,0,1,NA,NA,NA,1
PHF13,4,0,0,1,NA,NA,NA,1
PHF5A,3,0,0,1,NA,NA,NA,1
PHKG1,2,0,0,1,NA,NA,NA,1
PIAS4,2,0,0,1,NA,NA,NA,1
PIK3R4,3,0,0,1,NA,NA,NA,1
PISD,3,0,0,1,NA,NA,NA,1
PITX1,4,0,0,1,NA,NA,NA,1
PKIB,3,0,0,1,NA,NA,NA,1
PKP1,2,0,0,1,NA,NA,NA,1
PLCL2,2,0,0,1,NA,NA,NA,1
PLD6,4,0,0,1,NA,NA,NA,1
PLEKHA8,2,0,0,1,NA,NA,NA,1
PLEKHH3,2,0,0,1,NA,NA,NA,1
PLP1,2,0,0,1,NA,NA,NA,1
POC1B,2,0,0,1,NA,NA,NA,1
POLDIP3,3,0,0,1,NA,NA,NA,1
POLR2B,4,0,0,1,NA,NA,NA,1
POLR2I,4,0,0,1,NA,NA,NA,1
POU2F2,2,0,0,1,NA,NA,NA,1
PPARD,3,0,0,1,NA,NA,NA,1
PPIB,3,0,0,1,NA,NA,NA,1
PPIG,7,0,0,1,NA,NA,NA,1
PPIL6,4,0,0,1,NA,NA,NA,1
PPM1K,3,0,0,1,NA,NA,NA,1
PPOX,2,0,0,1,NA,NA,NA,1
PPP5D1,3,0,0,1,NA,NA,NA,1
PRC1,3,0,0,1,NA,NA,NA,1
PRDM11,3,0,0,1,NA,NA,NA,1
PREX2,3,0,0,1,NA,NA,NA,1
PRKAA2,8,0,0,1,NA,NA,NA,1
PRNP,2,0,0,1,NA,NA,NA,1
PROC,2,0,0,1,NA,NA,NA,1
PROCR,5,0,0,1,NA,NA,NA,1
PRPF4B,2,0,0,1,NA,NA,NA,1
PRRC2C,4,0,0,1,NA,NA,NA,1
PSG5,2,0,0,1,NA,NA,NA,1
PSMB4,3,0,0,1,NA,NA,NA,1
PSMD4,3,0,0,1,NA,NA,NA,1
PTGES3L,2,0,0,1,NA,NA,NA,1
PTHLH,2,0,0,1,NA,NA,NA,1
PTN,3,0,0,1,NA,NA,NA,1
PTPRB,7,0,0,1,NA,NA,NA,1
PUS1,2,0,0,1,NA,NA,NA,1
RAB3B,2,0,0,1,NA,NA,NA,1
RAB3IL1,2,0,0,1,NA,NA,NA,1
RAB40B,9,0,0,1,NA,NA,NA,1
RABL2B,2,0,0,1,NA,NA,NA,1
RAE1,3,0,0,1,NA,NA,NA,1
RALGDS,2,0,0,1,NA,NA,NA,1
RAP1GAP2,4,0,0,1,NA,NA,NA,1
RARRES1,5,0,0,1,NA,NA,NA,1
RARS2,5,0,0,1,NA,NA,NA,1
RASSF4,2,0,0,1,NA,NA,NA,1
RAVER1,2,0,0,1,NA,NA,NA,1
RB1,3,0,0,1,NA,NA,NA,1
RDH5,3,0,0,1,NA,NA,NA,1
RECK,2,0,0,1,NA,NA,NA,1
RELA,4,0,0,1,NA,NA,NA,1
RERG,2,0,0,1,NA,NA,NA,1
REV1,4,0,0,1,NA,NA,NA,1
RFESD,6,0,0,1,NA,NA,NA,1
RFWD2,3,0,0,1,NA,NA,NA,1
RFXAP,7,0,0,1,NA,NA,NA,1
RGS4,2,0,0,1,NA,NA,NA,1
RHOU,4,0,0,1,NA,NA,NA,1
RIPPLY3,3,0,0,1,NA,NA,NA,1
RNF121,6,0,0,1,NA,NA,NA,1
RNF135,2,0,0,1,NA,NA,NA,1
RNF19A,3,0,0,1,NA,NA,NA,1
RNF215,2,0,0,1,NA,NA,NA,1
RNF219,2,0,0,1,NA,NA,NA,1
RNF32,2,0,0,1,NA,NA,NA,1
RNFT2,2,0,0,1,NA,NA,NA,1
ROBO4,2,0,0,1,NA,NA,NA,1
ROS1,2,0,0,1,NA,NA,NA,1
RPL27,3,0,0,1,NA,NA,NA,1
RPL29,3,0,0,1,NA,NA,NA,1
RPL36A,3,0,0,1,NA,NA,NA,1
RPL36A-HNRNPH2,4,0,0,1,NA,NA,NA,1
RPL6,3,0,0,1,NA,NA,NA,1
RPL7A,3,0,0,1,NA,NA,NA,1
RPLP2,2,0,0,1,NA,NA,NA,1
RPS15A,2,0,0,1,NA,NA,NA,1
RPS16,5,0,0,1,NA,NA,NA,1
RRAGC,4,0,0,1,NA,NA,NA,1
RRAGD,3,0,0,1,NA,NA,NA,1
RUNX1T1,2,0,0,1,NA,NA,NA,1
RUSC1,4,0,0,1,NA,NA,NA,1
RWDD4,2,0,0,1,NA,NA,NA,1
S100A13,3,0,0,1,NA,NA,NA,1
S1PR5,2,0,0,1,NA,NA,NA,1
SAA2-SAA4,2,0,0,1,NA,NA,NA,1
SAFB2,4,0,0,1,NA,NA,NA,1
SALL4,2,0,0,1,NA,NA,NA,1
SAMD1,3,0,0,1,NA,NA,NA,1
SAMD5,2,0,0,1,NA,NA,NA,1
SARS2,2,0,0,1,NA,NA,NA,1
SCFD1,4,0,0,1,NA,NA,NA,1
SCN8A,2,0,0,1,NA,NA,NA,1
SCYL1,2,0,0,1,NA,NA,NA,1
SERINC2,2,0,0,1,NA,NA,NA,1
SERTAD4,3,0,0,1,NA,NA,NA,1
SF1,5,0,0,1,NA,NA,NA,1
SFSWAP,2,0,0,1,NA,NA,NA,1
SGCE,2,0,0,1,NA,NA,NA,1
SH3PXD2B,3,0,0,1,NA,NA,NA,1
SHC4,2,0,0,1,NA,NA,NA,1
SHISA4,4,0,0,1,NA,NA,NA,1
SIAE,3,0,0,1,NA,NA,NA,1
SIAH2,2,0,0,1,NA,NA,NA,1
SLAMF7,3,0,0,1,NA,NA,NA,1
SLC11A2,5,0,0,1,NA,NA,NA,1
SLC15A2,4,0,0,1,NA,NA,NA,1
SLC1A1,3,0,0,1,NA,NA,NA,1
SLC1A3,4,0,0,1,NA,NA,NA,1
SLC25A13,2,0,0,1,NA,NA,NA,1
SLC25A22,2,0,0,1,NA,NA,NA,1
SLC27A1,3,0,0,1,NA,NA,NA,1
SLC2A9,2,0,0,1,NA,NA,NA,1
SLC39A4,5,0,0,1,NA,NA,NA,1
SLC43A2,2,0,0,1,NA,NA,NA,1
SLC48A1,4,0,0,1,NA,NA,NA,1
SLC52A2,3,0,0,1,NA,NA,NA,1
SLC5A3,7,0,0,1,NA,NA,NA,1
SLITRK5,3,0,0,1,NA,NA,NA,1
SMAD7,5,0,0,1,NA,NA,NA,1
SMAP2,4,0,0,1,NA,NA,NA,1
SMARCA2,2,0,0,1,NA,NA,NA,1
SMARCAL1,2,0,0,1,NA,NA,NA,1
SMG5,2,0,0,1,NA,NA,NA,1
SNX14,4,0,0,1,NA,NA,NA,1
SORBS1,3,0,0,1,NA,NA,NA,1
SOX18,3,0,0,1,NA,NA,NA,1
SOX7,3,0,0,1,NA,NA,NA,1
SP5,2,0,0,1,NA,NA,NA,1
SPATA5L1,3,0,0,1,NA,NA,NA,1
SPC24,6,0,0,1,NA,NA,NA,1
SPHK2,3,0,0,1,NA,NA,NA,1
SPON2,2,0,0,1,NA,NA,NA,1
SPP1,2,0,0,1,NA,NA,NA,1
SQOR,3,0,0,1,NA,NA,NA,1
SREBF1,4,0,0,1,NA,NA,NA,1
SRGN,2,0,0,1,NA,NA,NA,1
SSBP4,3,0,0,1,NA,NA,NA,1
SSUH2,2,0,0,1,NA,NA,NA,1
ST20,2,0,0,1,NA,NA,NA,1
ST6GAL1,5,0,0,1,NA,NA,NA,1
ST6GALNAC2,6,0,0,1,NA,NA,NA,1
STAT5A,2,0,0,1,NA,NA,NA,1
STIM1,2,0,0,1,NA,NA,NA,1
STK38,3,0,0,1,NA,NA,NA,1
SUMO1,5,0,0,1,NA,NA,NA,1
SYCP2,2,0,0,1,NA,NA,NA,1
SYS1,2,0,0,1,NA,NA,NA,1
TADA1,6,0,0,1,NA,NA,NA,1
TAF4B,2,0,0,1,NA,NA,NA,1
TAF9B,4,0,0,1,NA,NA,NA,1
TAOK2,2,0,0,1,NA,NA,NA,1
TATDN1,3,0,0,1,NA,NA,NA,1
TBC1D2B,6,0,0,1,NA,NA,NA,1
TBC1D9B,6,0,0,1,NA,NA,NA,1
TBCC,2,0,0,1,NA,NA,NA,1
TBL1X,3,0,0,1,NA,NA,NA,1
TCAF1,3,0,0,1,NA,NA,NA,1
TCEA3,4,0,0,1,NA,NA,NA,1
TCEAL3,2,0,0,1,NA,NA,NA,1
TCEAL9,5,0,0,1,NA,NA,NA,1
TEF,2,0,0,1,NA,NA,NA,1
TEPSIN,2,0,0,1,NA,NA,NA,1
TESK2,2,0,0,1,NA,NA,NA,1
TET2,2,0,0,1,NA,NA,NA,1
TFIP11,3,0,0,1,NA,NA,NA,1
THAP12,3,0,0,1,NA,NA,NA,1
THAP3,2,0,0,1,NA,NA,NA,1
THAP4,2,0,0,1,NA,NA,NA,1
TIAM2,2,0,0,1,NA,NA,NA,1
TICAM1,2,0,0,1,NA,NA,NA,1
TIGD1,3,0,0,1,NA,NA,NA,1
TIMM10,6,0,0,1,NA,NA,NA,1
TJP2,3,0,0,1,NA,NA,NA,1
TK1,7,0,0,1,NA,NA,NA,1
TLR4,5,0,0,1,NA,NA,NA,1
TM7SF2,8,0,0,1,NA,NA,NA,1
TMED1,3,0,0,1,NA,NA,NA,1
TMED3,4,0,0,1,NA,NA,NA,1
TMEM101,4,0,0,1,NA,NA,NA,1
TMEM109,3,0,0,1,NA,NA,NA,1
TMEM11,2,0,0,1,NA,NA,NA,1
TMEM141,3,0,0,1,NA,NA,NA,1
TMEM225B,2,0,0,1,NA,NA,NA,1
TMEM41B,3,0,0,1,NA,NA,NA,1
TMEM42,3,0,0,1,NA,NA,NA,1
TMEM47,4,0,0,1,NA,NA,NA,1
TMEM53,7,0,0,1,NA,NA,NA,1
TMEM56-RWDD3,4,0,0,1,NA,NA,NA,1
TMEM62,2,0,0,1,NA,NA,NA,1
TMEM69,3,0,0,1,NA,NA,NA,1
TMEM79,4,0,0,1,NA,NA,NA,1
TNFRSF10D,4,0,0,1,NA,NA,NA,1
TNFRSF19,2,0,0,1,NA,NA,NA,1
TNFRSF6B,4,0,0,1,NA,NA,NA,1
TNFSF13B,3,0,0,1,NA,NA,NA,1
TNFSF4,3,0,0,1,NA,NA,NA,1
TNIP3,2,0,0,1,NA,NA,NA,1
TNRC18,3,0,0,1,NA,NA,NA,1
TOM1,2,0,0,1,NA,NA,NA,1
TOM1L2,3,0,0,1,NA,NA,NA,1
TONSL,2,0,0,1,NA,NA,NA,1
TOR3A,2,0,0,1,NA,NA,NA,1
TOX2,2,0,0,1,NA,NA,NA,1
TPD52L2,5,0,0,1,NA,NA,NA,1
TRAF7,5,0,0,1,NA,NA,NA,1
TRMT10B,9,0,0,1,NA,NA,NA,1
TRMT11,3,0,0,1,NA,NA,NA,1
TRPC4AP,4,0,0,1,NA,NA,NA,1
TRRAP,3,0,0,1,NA,NA,NA,1
TSPO,2,0,0,1,NA,NA,NA,1
TSTD2,2,0,0,1,NA,NA,NA,1
TTC14,3,0,0,1,NA,NA,NA,1
TTC25,3,0,0,1,NA,NA,NA,1
TTC8,2,0,0,1,NA,NA,NA,1
TTYH2,2,0,0,1,NA,NA,NA,1
TUBA1A,3,0,0,1,NA,NA,NA,1
TUFM,2,0,0,1,NA,NA,NA,1
TUFT1,2,0,0,1,NA,NA,NA,1
TXNDC11,2,0,0,1,NA,NA,NA,1
TYK2,2,0,0,1,NA,NA,NA,1
UBE2O,4,0,0,1,NA,NA,NA,1
UBL7,2,0,0,1,NA,NA,NA,1
UBQLN4,3,0,0,1,NA,NA,NA,1
UFC1,2,0,0,1,NA,NA,NA,1
ULK3,4,0,0,1,NA,NA,NA,1
UNC119B,4,0,0,1,NA,NA,NA,1
UNC5B,7,0,0,1,NA,NA,NA,1
UNC5C,2,0,0,1,NA,NA,NA,1
UNK,4,0,0,1,NA,NA,NA,1
UPP1,2,0,0,1,NA,NA,NA,1
UQCRC1,2,0,0,1,NA,NA,NA,1
UQCRHL,2,0,0,1,NA,NA,NA,1
URGCP-MRPS24,3,0,0,1,NA,NA,NA,1
USMG5,2,0,0,1,NA,NA,NA,1
USP5,2,0,0,1,NA,NA,NA,1
USPL1,3,0,0,1,NA,NA,NA,1
VEGFB,3,0,0,1,NA,NA,NA,1
VPS26B,4,0,0,1,NA,NA,NA,1
WDR17,6,0,0,1,NA,NA,NA,1
WDR78,2,0,0,1,NA,NA,NA,1
WDR97,2,0,0,1,NA,NA,NA,1
WNT2B,5,0,0,1,NA,NA,NA,1
XDH,3,0,0,1,NA,NA,NA,1
XPNPEP1,2,0,0,1,NA,NA,NA,1
XRCC1,2,0,0,1,NA,NA,NA,1
YPEL1,6,0,0,1,NA,NA,NA,1
ZBTB11,3,0,0,1,NA,NA,NA,1
ZBTB3,3,0,0,1,NA,NA,NA,1
ZC2HC1C,2,0,0,1,NA,NA,NA,1
ZC3H18,4,0,0,1,NA,NA,NA,1
ZC3H7A,4,0,0,1,NA,NA,NA,1
ZDHHC14,4,0,0,1,NA,NA,NA,1
ZFAND6,6,0,0,1,NA,NA,NA,1
ZFP14,4,0,0,1,NA,NA,NA,1
ZFYVE1,5,0,0,1,NA,NA,NA,1
ZG16B,3,0,0,1,NA,NA,NA,1
ZNF101,3,0,0,1,NA,NA,NA,1
ZNF114,3,0,0,1,NA,NA,NA,1
ZNF155,2,0,0,1,NA,NA,NA,1
ZNF185,3,0,0,1,NA,NA,NA,1
ZNF222,2,0,0,1,NA,NA,NA,1
ZNF232,4,0,0,1,NA,NA,NA,1
ZNF256,3,0,0,1,NA,NA,NA,1
ZNF263,3,0,0,1,NA,NA,NA,1
ZNF316,3,0,0,1,NA,NA,NA,1
ZNF337,3,0,0,1,NA,NA,NA,1
ZNF404,2,0,0,1,NA,NA,NA,1
ZNF419,5,0,0,1,NA,NA,NA,1
ZNF430,6,0,0,1,NA,NA,NA,1
ZNF438,2,0,0,1,NA,NA,NA,1
ZNF461,5,0,0,1,NA,NA,NA,1
ZNF470,2,0,0,1,NA,NA,NA,1
ZNF524,6,0,0,1,NA,NA,NA,1
ZNF559,2,0,0,1,NA,NA,NA,1
ZNF570,4,0,0,1,NA,NA,NA,1
ZNF573,5,0,0,1,NA,NA,NA,1
ZNF589,10,0,0,1,NA,NA,NA,1
ZNF605,4,0,0,1,NA,NA,NA,1
ZNF606,4,0,0,1,NA,NA,NA,1
ZNF607,3,0,0,1,NA,NA,NA,1
ZNF622,3,0,0,1,NA,NA,NA,1
ZNF624,2,0,0,1,NA,NA,NA,1
ZNF630,3,0,0,1,NA,NA,NA,1
ZNF646,2,0,0,1,NA,NA,NA,1
ZNF653,2,0,0,1,NA,NA,NA,1
ZNF668,3,0,0,1,NA,NA,NA,1
ZNF777,2,0,0,1,NA,NA,NA,1
ZNF789,3,0,0,1,NA,NA,NA,1
ZNF814,9,0,0,1,NA,NA,NA,1
ZNFX1,2,0,0,1,NA,NA,NA,1
ZSWIM1,2,0,0,1,NA,NA,NA,1
A2ML1,2,0,0,NA,NA,NA,NA,NA
AAMP,2,0,0,NA,NA,NA,NA,NA
ABCC1,7,0,0,NA,NA,NA,NA,NA
ABCD2,4,0,0,NA,NA,NA,NA,NA
ACADVL,2,0,0,NA,NA,NA,NA,NA
ACPP,2,0,0,NA,NA,NA,NA,NA
ACSL5,4,0,0,NA,NA,NA,NA,NA
ACTBL2,2,0,0,NA,NA,NA,NA,NA
ADAP2,4,0,0,NA,NA,NA,NA,NA
ADM2,2,0,0,NA,NA,NA,NA,NA
AGPAT2,2,0,0,NA,NA,NA,NA,NA
AGT,2,0,0,NA,NA,NA,NA,NA
AKR1A1,2,0,0,NA,NA,NA,NA,NA
ALDH3B2,3,0,0,NA,NA,NA,NA,NA
ALDOC,2,0,0,NA,NA,NA,NA,NA
AMDHD1,2,0,0,NA,NA,NA,NA,NA
AMOT,2,0,0,NA,NA,NA,NA,NA
ANKRD27,2,0,0,NA,NA,NA,NA,NA
ANKS3,2,0,0,NA,NA,NA,NA,NA
AP002990.1,3,0,0,NA,NA,NA,NA,NA
AP2A1,2,0,0,NA,NA,NA,NA,NA
APLN,3,0,0,NA,NA,NA,NA,NA
APOBEC3G,2,0,0,NA,NA,NA,NA,NA
AQP3,2,0,0,NA,NA,NA,NA,NA
ARFGEF3,7,0,0,NA,NA,NA,NA,NA
ARHGAP10,2,0,0,NA,NA,NA,NA,NA
ARHGAP28,4,0,0,NA,NA,NA,NA,NA
ARHGEF16,2,0,0,NA,NA,NA,NA,NA
ARL9,2,0,0,NA,NA,NA,NA,NA
ATF7IP2,2,0,0,NA,NA,NA,NA,NA
ATP23,2,0,0,NA,NA,NA,NA,NA
ATP5EP2,2,0,0,NA,NA,NA,NA,NA
ATP6V0B,2,0,0,NA,NA,NA,NA,NA
ATP8B1,3,0,0,NA,NA,NA,NA,NA
BAIAP2,2,0,0,NA,NA,NA,NA,NA
BBC3,2,0,0,NA,NA,NA,NA,NA
BBS9,2,0,0,NA,NA,NA,NA,NA
BCL2A1,2,0,0,NA,NA,NA,NA,NA
BCR,2,0,0,NA,NA,NA,NA,NA
BEST4,2,0,0,NA,NA,NA,NA,NA
BICRA,2,0,0,NA,NA,NA,NA,NA
BIK,2,0,0,NA,NA,NA,NA,NA
BIVM-ERCC5,2,0,0,NA,NA,NA,NA,NA
BLOC1S5,2,0,0,NA,NA,NA,NA,NA
BMP8A,3,0,0,NA,NA,NA,NA,NA
BNIPL,2,0,0,NA,NA,NA,NA,NA
C10orf111,2,0,0,NA,NA,NA,NA,NA
C10orf90,3,0,0,NA,NA,NA,NA,NA
C10orf95,2,0,0,NA,NA,NA,NA,NA
C11orf94,3,0,0,NA,NA,NA,NA,NA
C12orf60,2,0,0,NA,NA,NA,NA,NA
C12orf80,2,0,0,NA,NA,NA,NA,NA
C17orf113,3,0,0,NA,NA,NA,NA,NA
C1orf109,3,0,0,NA,NA,NA,NA,NA
C1orf226,3,0,0,NA,NA,NA,NA,NA
C2CD5,3,0,0,NA,NA,NA,NA,NA
C2orf54,2,0,0,NA,NA,NA,NA,NA
C3orf80,4,0,0,NA,NA,NA,NA,NA
C4BPB,2,0,0,NA,NA,NA,NA,NA
C5orf34,2,0,0,NA,NA,NA,NA,NA
C8orf82,2,0,0,NA,NA,NA,NA,NA
CALHM5,6,0,0,NA,NA,NA,NA,NA
CAMSAP3,2,0,0,NA,NA,NA,NA,NA
CAPN15,3,0,0,NA,NA,NA,NA,NA
CARD8,4,0,0,NA,NA,NA,NA,NA
CBFA2T3,3,0,0,NA,NA,NA,NA,NA
CCDC120,3,0,0,NA,NA,NA,NA,NA
CCDC150,2,0,0,NA,NA,NA,NA,NA
CCDC17,2,0,0,NA,NA,NA,NA,NA
CCDC180,2,0,0,NA,NA,NA,NA,NA
CCDC188,2,0,0,NA,NA,NA,NA,NA
CCDC22,2,0,0,NA,NA,NA,NA,NA
CCDC57,2,0,0,NA,NA,NA,NA,NA
CCDC69,4,0,0,NA,NA,NA,NA,NA
CCNQ,2,0,0,NA,NA,NA,NA,NA
CCR3,2,0,0,NA,NA,NA,NA,NA
CDC45,2,0,0,NA,NA,NA,NA,NA
CDCA5,2,0,0,NA,NA,NA,NA,NA
CDK5RAP3,3,0,0,NA,NA,NA,NA,NA
CHDH,5,0,0,NA,NA,NA,NA,NA
CHM,3,0,0,NA,NA,NA,NA,NA
CHODL,3,0,0,NA,NA,NA,NA,NA
CHTF8,3,0,0,NA,NA,NA,NA,NA
CKMT1B,2,0,0,NA,NA,NA,NA,NA
CLBA1,2,0,0,NA,NA,NA,NA,NA
CLDN23,2,0,0,NA,NA,NA,NA,NA
CLIP3,2,0,0,NA,NA,NA,NA,NA
CLSTN3,2,0,0,NA,NA,NA,NA,NA
CLTA,2,0,0,NA,NA,NA,NA,NA
CNPY3-GNMT,2,0,0,NA,NA,NA,NA,NA
COL4A4,2,0,0,NA,NA,NA,NA,NA
COL9A3,2,0,0,NA,NA,NA,NA,NA
COX7A2L,4,0,0,NA,NA,NA,NA,NA
COX8A,2,0,0,NA,NA,NA,NA,NA
CPA4,2,0,0,NA,NA,NA,NA,NA
CRAT,2,0,0,NA,NA,NA,NA,NA
CTNNA3,2,0,0,NA,NA,NA,NA,NA
CTSW,2,0,0,NA,NA,NA,NA,NA
CTU2,2,0,0,NA,NA,NA,NA,NA
CXCL14,2,0,0,NA,NA,NA,NA,NA
CXorf57,2,0,0,NA,NA,NA,NA,NA
CYC1,2,0,0,NA,NA,NA,NA,NA
CYP27A1,2,0,0,NA,NA,NA,NA,NA
CYP4B1,2,0,0,NA,NA,NA,NA,NA
CYP4F12,3,0,0,NA,NA,NA,NA,NA
CYP4F3,4,0,0,NA,NA,NA,NA,NA
CYS1,4,0,0,NA,NA,NA,NA,NA
DAGLA,2,0,0,NA,NA,NA,NA,NA
DAPK2,2,0,0,NA,NA,NA,NA,NA
DBF4B,2,0,0,NA,NA,NA,NA,NA
DBNDD1,2,0,0,NA,NA,NA,NA,NA
DCAF4L1,2,0,0,NA,NA,NA,NA,NA
DCHS1,2,0,0,NA,NA,NA,NA,NA
DDIT3,2,0,0,NA,NA,NA,NA,NA
DDIT4L,2,0,0,NA,NA,NA,NA,NA
DDX60L,2,0,0,NA,NA,NA,NA,NA
DEF8,2,0,0,NA,NA,NA,NA,NA
DFFB,2,0,0,NA,NA,NA,NA,NA
DGKG,3,0,0,NA,NA,NA,NA,NA
DLX4,2,0,0,NA,NA,NA,NA,NA
DMAC2,2,0,0,NA,NA,NA,NA,NA
DMRT1,2,0,0,NA,NA,NA,NA,NA
DNASE1L2,2,0,0,NA,NA,NA,NA,NA
DNM1,3,0,0,NA,NA,NA,NA,NA
DNMT3B,2,0,0,NA,NA,NA,NA,NA
DTYMK,2,0,0,NA,NA,NA,NA,NA
DUSP12,2,0,0,NA,NA,NA,NA,NA
E2F5,3,0,0,NA,NA,NA,NA,NA
EBI3,2,0,0,NA,NA,NA,NA,NA
EDA,2,0,0,NA,NA,NA,NA,NA
EGLN3,7,0,0,NA,NA,NA,NA,NA
EIF3B,2,0,0,NA,NA,NA,NA,NA
EIF3G,2,0,0,NA,NA,NA,NA,NA
EML5,3,0,0,NA,NA,NA,NA,NA
EML6,2,0,0,NA,NA,NA,NA,NA
ENDOG,2,0,0,NA,NA,NA,NA,NA
EPHX2,2,0,0,NA,NA,NA,NA,NA
ERI1,2,0,0,NA,NA,NA,NA,NA
ERI2,2,0,0,NA,NA,NA,NA,NA
EVA1C,2,0,0,NA,NA,NA,NA,NA
EXOC6,2,0,0,NA,NA,NA,NA,NA
FAM19A2,2,0,0,NA,NA,NA,NA,NA
FBXL14,2,0,0,NA,NA,NA,NA,NA
FBXL16,2,0,0,NA,NA,NA,NA,NA
FBXL22,2,0,0,NA,NA,NA,NA,NA
FBXO16,2,0,0,NA,NA,NA,NA,NA
FHIT,2,0,0,NA,NA,NA,NA,NA
FOCAD,2,0,0,NA,NA,NA,NA,NA
FOS,8,0,0,NA,NA,NA,NA,NA
FOSB,2,0,0,NA,NA,NA,NA,NA
FOXO4,2,0,0,NA,NA,NA,NA,NA
FRAS1,2,0,0,NA,NA,NA,NA,NA
FRMD4A,3,0,0,NA,NA,NA,NA,NA
FRZB,3,0,0,NA,NA,NA,NA,NA
GALNT13,4,0,0,NA,NA,NA,NA,NA
GBA,2,0,0,NA,NA,NA,NA,NA
GHR,2,0,0,NA,NA,NA,NA,NA
GIGYF1,3,0,0,NA,NA,NA,NA,NA
GLDC,2,0,0,NA,NA,NA,NA,NA
GLTP,2,0,0,NA,NA,NA,NA,NA
GMPR,3,0,0,NA,NA,NA,NA,NA
GPAT3,2,0,0,NA,NA,NA,NA,NA
GPER1,2,0,0,NA,NA,NA,NA,NA
GPHN,2,0,0,NA,NA,NA,NA,NA
GPR153,3,0,0,NA,NA,NA,NA,NA
GPRC5B,2,0,0,NA,NA,NA,NA,NA
GRINA,2,0,0,NA,NA,NA,NA,NA
GRPR,4,0,0,NA,NA,NA,NA,NA
GSDMB,2,0,0,NA,NA,NA,NA,NA
GSK3A,2,0,0,NA,NA,NA,NA,NA
GUCY1A3,5,0,0,NA,NA,NA,NA,NA
HECW1,2,0,0,NA,NA,NA,NA,NA
HESX1,2,0,0,NA,NA,NA,NA,NA
HIST1H2BF,2,0,0,NA,NA,NA,NA,NA
HIST1H2BG,7,0,0,NA,NA,NA,NA,NA
HIST1H3C,3,0,0,NA,NA,NA,NA,NA
HIST1H4I,3,0,0,NA,NA,NA,NA,NA
HIST3H2BB,6,0,0,NA,NA,NA,NA,NA
HRK,5,0,0,NA,NA,NA,NA,NA
HS3ST1,5,0,0,NA,NA,NA,NA,NA
IFIT3,3,0,0,NA,NA,NA,NA,NA
IFITM10,2,0,0,NA,NA,NA,NA,NA
IFNLR1,2,0,0,NA,NA,NA,NA,NA
IFT172,3,0,0,NA,NA,NA,NA,NA
IGF2BP1,4,0,0,NA,NA,NA,NA,NA
IGSF11,2,0,0,NA,NA,NA,NA,NA
IL16,3,0,0,NA,NA,NA,NA,NA
IL24,2,0,0,NA,NA,NA,NA,NA
ILDR2,2,0,0,NA,NA,NA,NA,NA
ILKAP,2,0,0,NA,NA,NA,NA,NA
INPP5D,2,0,0,NA,NA,NA,NA,NA
INSL4,2,0,0,NA,NA,NA,NA,NA
ITM2C,2,0,0,NA,NA,NA,NA,NA
JUP,3,0,0,NA,NA,NA,NA,NA
KATNAL2,2,0,0,NA,NA,NA,NA,NA
KCNE5,2,0,0,NA,NA,NA,NA,NA
KCTD16,2,0,0,NA,NA,NA,NA,NA
KDM4D,2,0,0,NA,NA,NA,NA,NA
KIF21B,4,0,0,NA,NA,NA,NA,NA
KIZ,2,0,0,NA,NA,NA,NA,NA
KLF16,2,0,0,NA,NA,NA,NA,NA
KLHL13,4,0,0,NA,NA,NA,NA,NA
KLHL41,2,0,0,NA,NA,NA,NA,NA
KRT222,4,0,0,NA,NA,NA,NA,NA
KXD1,2,0,0,NA,NA,NA,NA,NA
LDB3,3,0,0,NA,NA,NA,NA,NA
LDHD,4,0,0,NA,NA,NA,NA,NA
LHPP,2,0,0,NA,NA,NA,NA,NA
LIPH,4,0,0,NA,NA,NA,NA,NA
LMF2,2,0,0,NA,NA,NA,NA,NA
LPAR3,4,0,0,NA,NA,NA,NA,NA
LRG1,2,0,0,NA,NA,NA,NA,NA
LRIG1,2,0,0,NA,NA,NA,NA,NA
LRRC37A3,2,0,0,NA,NA,NA,NA,NA
LRRC39,2,0,0,NA,NA,NA,NA,NA
LRRC73,2,0,0,NA,NA,NA,NA,NA
LRRN1,7,0,0,NA,NA,NA,NA,NA
LSM7,2,0,0,NA,NA,NA,NA,NA
LVRN,3,0,0,NA,NA,NA,NA,NA
LY75-CD302,5,0,0,NA,NA,NA,NA,NA
LYNX1,3,0,0,NA,NA,NA,NA,NA
MAMDC4,2,0,0,NA,NA,NA,NA,NA
MANBA,2,0,0,NA,NA,NA,NA,NA
MAP2K5,3,0,0,NA,NA,NA,NA,NA
MARVELD3,2,0,0,NA,NA,NA,NA,NA
MATN2,2,0,0,NA,NA,NA,NA,NA
MBTPS1,3,0,0,NA,NA,NA,NA,NA
MDN1,2,0,0,NA,NA,NA,NA,NA
MED11,2,0,0,NA,NA,NA,NA,NA
MED12L,5,0,0,NA,NA,NA,NA,NA
MEDAG,2,0,0,NA,NA,NA,NA,NA
MICAL2,2,0,0,NA,NA,NA,NA,NA
MLKL,2,0,0,NA,NA,NA,NA,NA
MNX1,2,0,0,NA,NA,NA,NA,NA
MOSPD3,2,0,0,NA,NA,NA,NA,NA
MPST,2,0,0,NA,NA,NA,NA,NA
MRGPRF,2,0,0,NA,NA,NA,NA,NA
MRPL16,2,0,0,NA,NA,NA,NA,NA
MRPL40,2,0,0,NA,NA,NA,NA,NA
MRPL55,2,0,0,NA,NA,NA,NA,NA
MRPS31,3,0,0,NA,NA,NA,NA,NA
MRVI1,2,0,0,NA,NA,NA,NA,NA
MTCH1,2,0,0,NA,NA,NA,NA,NA
MTERF2,6,0,0,NA,NA,NA,NA,NA
MTMR7,3,0,0,NA,NA,NA,NA,NA
MUC16,2,0,0,NA,NA,NA,NA,NA
MUC19,2,0,0,NA,NA,NA,NA,NA
MYCL,2,0,0,NA,NA,NA,NA,NA
MYO5C,2,0,0,NA,NA,NA,NA,NA
MYRF,2,0,0,NA,NA,NA,NA,NA
NAA16,2,0,0,NA,NA,NA,NA,NA
NAA38,3,0,0,NA,NA,NA,NA,NA
NAB2,2,0,0,NA,NA,NA,NA,NA
NCALD,2,0,0,NA,NA,NA,NA,NA
NCKAP1L,2,0,0,NA,NA,NA,NA,NA
NDUFA12,2,0,0,NA,NA,NA,NA,NA
NDUFB10,2,0,0,NA,NA,NA,NA,NA
NDUFB4,2,0,0,NA,NA,NA,NA,NA
NDUFC2-KCTD14,2,0,0,NA,NA,NA,NA,NA
NDUFS8,2,0,0,NA,NA,NA,NA,NA
NEK10,3,0,0,NA,NA,NA,NA,NA
NELFB,2,0,0,NA,NA,NA,NA,NA
NES,2,0,0,NA,NA,NA,NA,NA
NKX2-8,3,0,0,NA,NA,NA,NA,NA
NPNT,3,0,0,NA,NA,NA,NA,NA
NRG2,4,0,0,NA,NA,NA,NA,NA
NXPH3,2,0,0,NA,NA,NA,NA,NA
OLFML2B,2,0,0,NA,NA,NA,NA,NA
OMA1,3,0,0,NA,NA,NA,NA,NA
OSCP1,3,0,0,NA,NA,NA,NA,NA
OSR1,2,0,0,NA,NA,NA,NA,NA
OXNAD1,2,0,0,NA,NA,NA,NA,NA
P2RY1,5,0,0,NA,NA,NA,NA,NA
P4HTM,2,0,0,NA,NA,NA,NA,NA
PCDHB4,4,0,0,NA,NA,NA,NA,NA
PCP4L1,2,0,0,NA,NA,NA,NA,NA
PDGFB,2,0,0,NA,NA,NA,NA,NA
PDZD4,3,0,0,NA,NA,NA,NA,NA
PEAR1,2,0,0,NA,NA,NA,NA,NA
PEF1,2,0,0,NA,NA,NA,NA,NA
PER1,2,0,0,NA,NA,NA,NA,NA
PER3,3,0,0,NA,NA,NA,NA,NA
PES1,2,0,0,NA,NA,NA,NA,NA
PEX11G,2,0,0,NA,NA,NA,NA,NA
PEX16,2,0,0,NA,NA,NA,NA,NA
PGF,2,0,0,NA,NA,NA,NA,NA
PGM1,2,0,0,NA,NA,NA,NA,NA
PIGA,2,0,0,NA,NA,NA,NA,NA
PIK3R2,2,0,0,NA,NA,NA,NA,NA
PKN3,3,0,0,NA,NA,NA,NA,NA
PLCH1,4,0,0,NA,NA,NA,NA,NA
PLCL1,2,0,0,NA,NA,NA,NA,NA
PLEKHA3,2,0,0,NA,NA,NA,NA,NA
PLEKHJ1,2,0,0,NA,NA,NA,NA,NA
PLLP,3,0,0,NA,NA,NA,NA,NA
PLXDC1,2,0,0,NA,NA,NA,NA,NA
POU2F3,5,0,0,NA,NA,NA,NA,NA
PPEF1,2,0,0,NA,NA,NA,NA,NA
PPM1G,2,0,0,NA,NA,NA,NA,NA
PPM1H,2,0,0,NA,NA,NA,NA,NA
PPME1,2,0,0,NA,NA,NA,NA,NA
PPP1R9A,2,0,0,NA,NA,NA,NA,NA
PPP4C,2,0,0,NA,NA,NA,NA,NA
PRKCH,2,0,0,NA,NA,NA,NA,NA
PRKCSH,3,0,0,NA,NA,NA,NA,NA
PRMT5,2,0,0,NA,NA,NA,NA,NA
PROM2,2,0,0,NA,NA,NA,NA,NA
PRR15L,4,0,0,NA,NA,NA,NA,NA
PRSS53,2,0,0,NA,NA,NA,NA,NA
PRUNE1,2,0,0,NA,NA,NA,NA,NA
PTPN6,2,0,0,NA,NA,NA,NA,NA
PTTG1,2,0,0,NA,NA,NA,NA,NA
R3HDM1,2,0,0,NA,NA,NA,NA,NA
R3HDM4,2,0,0,NA,NA,NA,NA,NA
RAD54B,2,0,0,NA,NA,NA,NA,NA
RARRES3,2,0,0,NA,NA,NA,NA,NA
RASSF10,3,0,0,NA,NA,NA,NA,NA
RASSF5,2,0,0,NA,NA,NA,NA,NA
RBM44,2,0,0,NA,NA,NA,NA,NA
RBP4,2,0,0,NA,NA,NA,NA,NA
RELL1,4,0,0,NA,NA,NA,NA,NA
RETREG3,2,0,0,NA,NA,NA,NA,NA
REXO1,2,0,0,NA,NA,NA,NA,NA
RFC4,2,0,0,NA,NA,NA,NA,NA
RFNG,2,0,0,NA,NA,NA,NA,NA
RGS14,2,0,0,NA,NA,NA,NA,NA
RHBDF2,2,0,0,NA,NA,NA,NA,NA
RHBDL3,3,0,0,NA,NA,NA,NA,NA
RHOJ,4,0,0,NA,NA,NA,NA,NA
RIBC2,2,0,0,NA,NA,NA,NA,NA
RIPOR2,2,0,0,NA,NA,NA,NA,NA
RNF122,2,0,0,NA,NA,NA,NA,NA
RNF123,2,0,0,NA,NA,NA,NA,NA
RNF13,2,0,0,NA,NA,NA,NA,NA
RNF223,2,0,0,NA,NA,NA,NA,NA
RPL3,2,0,0,NA,NA,NA,NA,NA
RPL36AL,2,0,0,NA,NA,NA,NA,NA
RPS19BP1,3,0,0,NA,NA,NA,NA,NA
RPS6KA1,2,0,0,NA,NA,NA,NA,NA
RUVBL1,2,0,0,NA,NA,NA,NA,NA
RWDD3,2,0,0,NA,NA,NA,NA,NA
S100A11,2,0,0,NA,NA,NA,NA,NA
SBSPON,6,0,0,NA,NA,NA,NA,NA
SCLY,3,0,0,NA,NA,NA,NA,NA
SDHD,2,0,0,NA,NA,NA,NA,NA
SEC61A2,3,0,0,NA,NA,NA,NA,NA
SERTAD1,2,0,0,NA,NA,NA,NA,NA
SFN,2,0,0,NA,NA,NA,NA,NA
SGSM3,2,0,0,NA,NA,NA,NA,NA
SKP2,2,0,0,NA,NA,NA,NA,NA
SLC10A5,2,0,0,NA,NA,NA,NA,NA
SLC12A3,4,0,0,NA,NA,NA,NA,NA
SLC13A3,2,0,0,NA,NA,NA,NA,NA
SLC16A4,2,0,0,NA,NA,NA,NA,NA
SLC16A6,3,0,0,NA,NA,NA,NA,NA
SLC25A21,2,0,0,NA,NA,NA,NA,NA
SLC27A5,2,0,0,NA,NA,NA,NA,NA
SLC28A3,5,0,0,NA,NA,NA,NA,NA
SLC29A2,3,0,0,NA,NA,NA,NA,NA
SLC35G1,2,0,0,NA,NA,NA,NA,NA
SLC41A1,3,0,0,NA,NA,NA,NA,NA
SLC45A3,2,0,0,NA,NA,NA,NA,NA
SLC4A2,2,0,0,NA,NA,NA,NA,NA
SLC6A14,3,0,0,NA,NA,NA,NA,NA
SMIM22,2,0,0,NA,NA,NA,NA,NA
SNRNP70,2,0,0,NA,NA,NA,NA,NA
SNRPB,2,0,0,NA,NA,NA,NA,NA
SP8,3,0,0,NA,NA,NA,NA,NA
SPACA9,2,0,0,NA,NA,NA,NA,NA
SPAG4,2,0,0,NA,NA,NA,NA,NA
SPATA25,2,0,0,NA,NA,NA,NA,NA
SPIN3,2,0,0,NA,NA,NA,NA,NA
SPINK5,3,0,0,NA,NA,NA,NA,NA
SPRY1,4,0,0,NA,NA,NA,NA,NA
SSRP1,2,0,0,NA,NA,NA,NA,NA
ST6GALNAC4,2,0,0,NA,NA,NA,NA,NA
STIP1,2,0,0,NA,NA,NA,NA,NA
STMN1,2,0,0,NA,NA,NA,NA,NA
STRADA,2,0,0,NA,NA,NA,NA,NA
STRN4,2,0,0,NA,NA,NA,NA,NA
STX8,2,0,0,NA,NA,NA,NA,NA
SUSD2,2,0,0,NA,NA,NA,NA,NA
SYVN1,2,0,0,NA,NA,NA,NA,NA
TAF7,2,0,0,NA,NA,NA,NA,NA
TAMM41,2,0,0,NA,NA,NA,NA,NA
TBC1D13,3,0,0,NA,NA,NA,NA,NA
TBX15,2,0,0,NA,NA,NA,NA,NA
TBXAS1,2,0,0,NA,NA,NA,NA,NA
TDRD3,2,0,0,NA,NA,NA,NA,NA
TGM1,2,0,0,NA,NA,NA,NA,NA
THBS2,2,0,0,NA,NA,NA,NA,NA
THEM6,2,0,0,NA,NA,NA,NA,NA
TMEM110-MUSTN1,2,0,0,NA,NA,NA,NA,NA
TMEM178B,2,0,0,NA,NA,NA,NA,NA
TMEM256,2,0,0,NA,NA,NA,NA,NA
TMEM30B,2,0,0,NA,NA,NA,NA,NA
TMEM63B,2,0,0,NA,NA,NA,NA,NA
TNFRSF9,5,0,0,NA,NA,NA,NA,NA
TP53I13,2,0,0,NA,NA,NA,NA,NA
TRIL,3,0,0,NA,NA,NA,NA,NA
TRIR,2,0,0,NA,NA,NA,NA,NA
TRMT61B,2,0,0,NA,NA,NA,NA,NA
TRPM6,2,0,0,NA,NA,NA,NA,NA
TRUB1,2,0,0,NA,NA,NA,NA,NA
TSC22D3,2,0,0,NA,NA,NA,NA,NA
TSLP,2,0,0,NA,NA,NA,NA,NA
TSNAXIP1,2,0,0,NA,NA,NA,NA,NA
TSPYL2,2,0,0,NA,NA,NA,NA,NA
TTC12,4,0,0,NA,NA,NA,NA,NA
TTI1,2,0,0,NA,NA,NA,NA,NA
UNC13B,4,0,0,NA,NA,NA,NA,NA
UNC5CL,2,0,0,NA,NA,NA,NA,NA
UNG,2,0,0,NA,NA,NA,NA,NA
UPK1B,2,0,0,NA,NA,NA,NA,NA
USP54,2,0,0,NA,NA,NA,NA,NA
UTP4,2,0,0,NA,NA,NA,NA,NA
VAC14,3,0,0,NA,NA,NA,NA,NA
VGF,2,0,0,NA,NA,NA,NA,NA
VLDLR,4,0,0,NA,NA,NA,NA,NA
VPS18,3,0,0,NA,NA,NA,NA,NA
VSIG2,3,0,0,NA,NA,NA,NA,NA
WDSUB1,2,0,0,NA,NA,NA,NA,NA
WNT7B,2,0,0,NA,NA,NA,NA,NA
XK,2,0,0,NA,NA,NA,NA,NA
XYLT2,2,0,0,NA,NA,NA,NA,NA
ZBED6CL,2,0,0,NA,NA,NA,NA,NA
ZCCHC3,2,0,0,NA,NA,NA,NA,NA
ZNF229,2,0,0,NA,NA,NA,NA,NA
ZNF37A,2,0,0,NA,NA,NA,NA,NA
ZNF483,2,0,0,NA,NA,NA,NA,NA
ZNF501,4,0,0,NA,NA,NA,NA,NA
ZNF563,3,0,0,NA,NA,NA,NA,NA
ZNF567,2,0,0,NA,NA,NA,NA,NA
ZNF569,2,0,0,NA,NA,NA,NA,NA
ZNF572,2,0,0,NA,NA,NA,NA,NA
ZNF577,2,0,0,NA,NA,NA,NA,NA
ZNF594,2,0,0,NA,NA,NA,NA,NA
ZNF672,3,0,0,NA,NA,NA,NA,NA
ZNF674,2,0,0,NA,NA,NA,NA,NA
ZNF69,2,0,0,NA,NA,NA,NA,NA
ZNF783,2,0,0,NA,NA,NA,NA,NA
ZNHIT1,2,0,0,NA,NA,NA,NA,NA
