gene_id,Ctrl3d_count_IPAS_count,Ctrl3d_count_UPAS_count,Ctrl3d_count_iPUI,Ctrl3d_count_RE,Treat3d_count_IPAS_count,Treat3d_count_UPAS_count,Treat3d_count_iPUI,Treat3d_count_RE,Ctrl5d_count_IPAS_count,Ctrl5d_count_UPAS_count,Ctrl5d_count_iPUI,Ctrl5d_count_RE,Treat5d_count_IPAS_count,Treat5d_count_UPAS_count,Treat5d_count_iPUI,Treat5d_count_RE
A2ML1,13,60,0.178082191780822,0.216666666666667,7,12,0.368421052631579,0.583333333333333,23,180,0.113300492610837,0.127777777777778,0,65,0,0
AADAT,27,84,0.243243243243243,0.321428571428571,55,144,0.276381909547739,0.381944444444444,29,81,0.263636363636364,0.358024691358025,45,129,0.258620689655172,0.348837209302326
AASDH,65,549,0.10586319218241,0.1183970856102,43,456,0.0861723446893788,0.0942982456140351,24,554,0.041522491349481,0.0433212996389892,32,588,0.0516129032258065,0.054421768707483
ABCA6,136,237,0.364611260053619,0.573839662447257,34,207,0.141078838174274,0.164251207729469,80,232,0.256410256410256,0.344827586206897,124,367,0.252545824847251,0.337874659400545
ABCA7,9,82,0.0989010989010989,0.109756097560976,38,88,0.301587301587302,0.431818181818182,19,134,0.124183006535948,0.141791044776119,49,205,0.192913385826772,0.239024390243902
ABCA8,0,11,0,0,0,17,0,0,0,4,0,0,1,0,1,Inf
ABCB8,120,76,0.612244897959184,1.57894736842105,205,80,0.719298245614035,2.5625,167,58,0.742222222222222,2.87931034482759,117,146,0.444866920152091,0.801369863013699
ABCC1,1,5,0.166666666666667,0.2,1,6,0.142857142857143,0.166666666666667,0,1,0,0,0,0,NA,NA
ABCC11,0,15,0,0,5,8,0.384615384615385,0.625,4,44,0.0833333333333333,0.0909090909090909,1,1,0.5,1
ABCC4,52,1262,0.0395738203957382,0.0412044374009509,62,939,0.0619380619380619,0.0660276890308839,92,1268,0.0676470588235294,0.0725552050473186,46,1223,0.0362490149724192,0.0376124284546198
ABCC5,296,973,0.233254531126872,0.304213771839671,360,1281,0.219378427787934,0.281030444964871,449,1037,0.302153432032301,0.43297974927676,537,1940,0.216794509487283,0.27680412371134
ABCD1,58,5,0.920634920634921,11.6,94,25,0.789915966386555,3.76,86,17,0.83495145631068,5.05882352941176,172,125,0.579124579124579,1.376
ABCD3,102,708,0.125925925925926,0.14406779661017,93,588,0.136563876651982,0.158163265306122,72,764,0.0861244019138756,0.0942408376963351,70,859,0.0753498385360603,0.0814901047729918
ABHD12,544,170,0.761904761904762,3.2,802,156,0.837160751565762,5.14102564102564,694,215,0.763476347634763,3.22790697674419,1281,199,0.86554054054054,6.43718592964824
ABHD14A-ACY1,555,1309,0.29774678111588,0.423987776928953,751,1005,0.427676537585421,0.74726368159204,639,1516,0.296519721577726,0.421503957783641,897,1360,0.397430217102348,0.659558823529412
ABHD18,104,337,0.235827664399093,0.308605341246291,71,328,0.177944862155388,0.216463414634146,30,436,0.0643776824034335,0.0688073394495413,53,351,0.131188118811881,0.150997150997151
ABHD3,46,242,0.159722222222222,0.190082644628099,27,171,0.136363636363636,0.157894736842105,48,262,0.154838709677419,0.183206106870229,70,252,0.217391304347826,0.277777777777778
ABI3BP,5,0,1,Inf,2,128,0.0153846153846154,0.015625,10,0,1,Inf,7,50,0.12280701754386,0.14
ABLIM2,24,21,0.533333333333333,1.14285714285714,31,2,0.93939393939394,15.5,29,14,0.674418604651163,2.07142857142857,25,15,0.625,1.66666666666667
ABRAXAS1,64,176,0.266666666666667,0.363636363636364,37,156,0.191709844559585,0.237179487179487,48,202,0.192,0.237623762376238,36,244,0.128571428571429,0.147540983606557
ABTB2,9,159,0.0535714285714286,0.0566037735849057,29,603,0.0458860759493671,0.0480928689883914,13,90,0.12621359223301,0.144444444444444,13,820,0.0156062424969988,0.0158536585365854
AC003002.2,189,569,0.24934036939314,0.332161687170475,223,498,0.309292649098474,0.447791164658635,149,494,0.231726283048211,0.301619433198381,243,480,0.336099585062241,0.50625
AC005520.1,278,954,0.225649350649351,0.291404612159329,211,1420,0.129368485591662,0.148591549295775,414,775,0.348191757779647,0.534193548387097,236,1491,0.136653155761436,0.158283031522468
AC006254.1,0,3,0,0,5,9,0.357142857142857,0.555555555555556,0,12,0,0,29,24,0.547169811320755,1.20833333333333
AC010422.6,76,110,0.408602150537634,0.690909090909091,151,135,0.527972027972028,1.11851851851852,72,87,0.452830188679245,0.827586206896552,130,219,0.372492836676218,0.593607305936073
AC048338.1,248,225,0.52431289640592,1.10222222222222,396,333,0.54320987654321,1.18918918918919,332,387,0.461752433936022,0.857881136950904,458,362,0.558536585365854,1.26519337016575
AC068775.2,239,111,0.682857142857143,2.15315315315315,31,57,0.352272727272727,0.543859649122807,273,122,0.691139240506329,2.23770491803279,36,28,0.5625,1.28571428571429
AC107871.1,741,555,0.571759259259259,1.33513513513514,762,216,0.779141104294479,3.52777777777778,898,342,0.724193548387097,2.62573099415205,1259,310,0.802421924792862,4.06129032258065
AC114490.2,113,644,0.149273447820343,0.175465838509317,197,849,0.188336520076482,0.232037691401649,191,604,0.240251572327044,0.316225165562914,308,1303,0.191185599006828,0.236377590176516
AC138393.1,94,98,0.489583333333333,0.959183673469388,41,64,0.39047619047619,0.640625,45,64,0.412844036697248,0.703125,55,66,0.454545454545455,0.833333333333333
AC138409.2,33,3,0.916666666666667,11,33,0,1,Inf,3,6,0.333333333333333,0.5,66,1,0.985074626865672,66
ACACB,68,34,0.666666666666667,2,18,133,0.119205298013245,0.135338345864662,14,50,0.21875,0.28,55,82,0.401459854014599,0.670731707317073
ACAD10,145,316,0.314533622559653,0.458860759493671,127,264,0.324808184143222,0.481060606060606,170,318,0.348360655737705,0.534591194968553,137,442,0.236614853195164,0.309954751131222
ACBD3,1099,1742,0.38683562126012,0.630884041331803,2596,2530,0.506437768240343,1.02608695652174,1095,2033,0.350063938618926,0.538612887358583,3140,3798,0.45257999423465,0.826750921537651
ACBD4,16,58,0.216216216216216,0.275862068965517,15,68,0.180722891566265,0.220588235294118,32,133,0.193939393939394,0.240601503759398,20,89,0.18348623853211,0.224719101123595
ACER3,74,581,0.112977099236641,0.12736660929432,77,523,0.128333333333333,0.147227533460803,90,618,0.127118644067797,0.145631067961165,98,503,0.1630615640599,0.194831013916501
ACKR2,0,0,NA,NA,19,76,0.2,0.25,10,13,0.434782608695652,0.769230769230769,31,356,0.0801033591731266,0.0870786516853933
ACOT9,622,1058,0.370238095238095,0.587901701323251,674,1977,0.254243681629574,0.340920586747597,378,872,0.3024,0.43348623853211,502,2029,0.198340576847096,0.247412518482011
ACOXL,0,1,0,0,0,0,NA,NA,1,12,0.0769230769230769,0.0833333333333333,0,0,NA,NA
ACPP,17,4,0.80952380952381,4.25,0,26,0,0,17,15,0.53125,1.13333333333333,1,9,0.1,0.111111111111111
ACSBG2,1,4,0.2,0.25,0,0,NA,NA,1,0,1,Inf,3,5,0.375,0.6
ACSF2,14,348,0.0386740331491713,0.0402298850574713,17,210,0.0748898678414097,0.080952380952381,3,476,0.00626304801670146,0.00630252100840336,21,294,0.0666666666666667,0.0714285714285714
ACSF3,28,124,0.184210526315789,0.225806451612903,18,123,0.127659574468085,0.146341463414634,19,218,0.080168776371308,0.0871559633027523,7,161,0.0416666666666667,0.0434782608695652
ACSM3,38,33,0.535211267605634,1.15151515151515,6,4,0.6,1.5,20,50,0.285714285714286,0.4,9,1,0.9,9
ACSS1,22,87,0.201834862385321,0.252873563218391,10,70,0.125,0.142857142857143,0,58,0,0,0,97,0,0
ACSS2,104,820,0.112554112554113,0.126829268292683,56,553,0.0919540229885057,0.10126582278481,227,1306,0.148075668623614,0.173813169984686,241,940,0.204064352243861,0.256382978723404
ACTR3C,8,0,1,Inf,7,0,1,Inf,11,4,0.733333333333333,2.75,5,11,0.3125,0.454545454545455
AD000671.1,1354,217,0.86187141947804,6.23963133640553,2528,329,0.88484424221211,7.6838905775076,1680,216,0.886075949367089,7.77777777777778,4110,565,0.879144385026738,7.27433628318584
ADAL,72,120,0.375,0.6,73,174,0.295546558704453,0.419540229885057,72,179,0.286852589641434,0.402234636871508,86,187,0.315018315018315,0.459893048128342
ADAM20,0,8,0,0,0,16,0,0,2,0,1,Inf,0,1,0,0
ADAMTS12,9,0,1,Inf,0,2,0,0,0,0,NA,NA,1,15,0.0625,0.0666666666666667
ADAMTS2,0,0,NA,NA,104,144,0.419354838709677,0.722222222222222,10,3,0.769230769230769,3.33333333333333,132,223,0.371830985915493,0.591928251121076
ADAMTS3,9,0,1,Inf,0,0,NA,NA,0,0,NA,NA,0,6,0,0
ADAMTS5,1,0,1,Inf,0,14,0,0,0,0,NA,NA,0,36,0,0
ADAMTS6,8,9,0.470588235294118,0.888888888888889,113,411,0.215648854961832,0.274939172749392,5,22,0.185185185185185,0.227272727272727,115,403,0.222007722007722,0.285359801488834
ADAMTS7,21,60,0.259259259259259,0.35,23,344,0.0626702997275204,0.0668604651162791,40,87,0.31496062992126,0.459770114942529,140,694,0.167865707434053,0.201729106628242
ADAMTS9,0,4,0,0,0,7,0,0,2,2,0.5,1,54,53,0.504672897196262,1.0188679245283
ADAMTSL4,54,87,0.382978723404255,0.620689655172414,29,21,0.58,1.38095238095238,111,134,0.453061224489796,0.828358208955224,56,19,0.746666666666667,2.94736842105263
ADAP1,13,83,0.135416666666667,0.156626506024096,4,27,0.129032258064516,0.148148148148148,39,212,0.155378486055777,0.183962264150943,14,81,0.147368421052632,0.17283950617284
ADARB1,48,281,0.145896656534954,0.170818505338078,57,379,0.130733944954128,0.150395778364116,65,395,0.141304347826087,0.164556962025316,96,323,0.229116945107399,0.297213622291022
ADCY1,3,0,1,Inf,5,0,1,Inf,4,16,0.2,0.25,3,0,1,Inf
ADCY10P1,153,52,0.746341463414634,2.94230769230769,519,127,0.803405572755418,4.08661417322835,224,76,0.746666666666667,2.94736842105263,829,200,0.805636540330418,4.145
ADCY7,62,346,0.151960784313725,0.179190751445087,29,855,0.0328054298642534,0.0339181286549708,90,327,0.215827338129496,0.275229357798165,24,1272,0.0185185185185185,0.0188679245283019
ADGRD1,0,0,NA,NA,0,2,0,0,0,3,0,0,1,6,0.142857142857143,0.166666666666667
ADGRF1,47,49,0.489583333333333,0.959183673469388,0,2,0,0,53,160,0.248826291079812,0.33125,0,11,0,0
ADGRF2,0,0,NA,NA,2,0,1,Inf,0,0,NA,NA,4,6,0.4,0.666666666666667
ADHFE1,9,28,0.243243243243243,0.321428571428571,0,41,0,0,2,70,0.0277777777777778,0.0285714285714286,2,34,0.0555555555555556,0.0588235294117647
ADI1,1,8,0.111111111111111,0.125,6,0,1,Inf,0,0,NA,NA,0,2,0,0
ADPRM,37,400,0.0846681922196796,0.0925,12,286,0.0402684563758389,0.041958041958042,6,423,0.013986013986014,0.0141843971631206,125,511,0.196540880503145,0.244618395303327
ADRA1B,20,21,0.48780487804878,0.952380952380952,0,149,0,0,3,18,0.142857142857143,0.166666666666667,5,85,0.0555555555555556,0.0588235294117647
AFAP1L1,82,443,0.156190476190476,0.18510158013544,43,426,0.0916844349680171,0.10093896713615,31,341,0.0833333333333333,0.0909090909090909,28,431,0.0610021786492375,0.0649651972157773
AFF1,69,973,0.0662188099808061,0.0709146968139774,53,1137,0.0445378151260504,0.0466138962181179,83,750,0.099639855942377,0.110666666666667,76,1285,0.0558412931667891,0.0591439688715953
AFF4,619,5102,0.108197867505681,0.121324970599765,1011,7113,0.124446085672083,0.142134120624209,513,4839,0.0958520179372197,0.106013639181649,1334,9854,0.119234894529853,0.135376496854069
AFMID,127,499,0.202875399361022,0.254509018036072,56,425,0.116424116424116,0.131764705882353,75,555,0.119047619047619,0.135135135135135,33,796,0.0398069963811821,0.0414572864321608
AGAP1,55,355,0.134146341463415,0.154929577464789,68,371,0.154897494305239,0.183288409703504,132,341,0.27906976744186,0.387096774193548,100,391,0.203665987780041,0.255754475703325
AGAP3,948,3265,0.225017802041301,0.290352220520674,931,5247,0.150696018128844,0.177434724604536,964,3437,0.219041127016587,0.280477160314228,1046,6374,0.140970350404313,0.16410417320364
AGBL2,3,0,1,Inf,0,3,0,0,0,0,NA,NA,5,1,0.833333333333333,5
AGO4,39,154,0.202072538860104,0.253246753246753,134,335,0.285714285714286,0.4,44,88,0.333333333333333,0.5,115,292,0.282555282555283,0.393835616438356
AGPAT4,54,312,0.147540983606557,0.173076923076923,56,376,0.12962962962963,0.148936170212766,26,304,0.0787878787878788,0.0855263157894737,57,791,0.0672169811320755,0.0720606826801517
AHCTF1,239,2874,0.0767748152907164,0.0831593597773139,109,2562,0.0408086858854362,0.0425448868071819,181,2485,0.0678919729932483,0.0728370221327968,889,3108,0.222416812609457,0.286036036036036
AHSA2,734,119,0.860492379835873,6.16806722689076,962,205,0.824335904027421,4.69268292682927,933,219,0.809895833333333,4.26027397260274,1356,152,0.89920424403183,8.92105263157895
AIG1,288,1230,0.189723320158103,0.234146341463415,138,689,0.166868198307134,0.200290275761974,238,1829,0.115142718916304,0.130125751776927,138,1185,0.104308390022676,0.116455696202532
AK2,5468,5285,0.508509253231656,1.03462630085147,3793,3300,0.534752572959256,1.14939393939394,5711,5633,0.503437940761636,1.01384697319368,4155,2401,0.633770591824283,1.73052894627239
AK5,0,0,NA,NA,14,6,0.7,2.33333333333333,0,0,NA,NA,0,1,0,0
AK7,11,0,1,Inf,3,0,1,Inf,0,2,0,0,0,1,0,0
AK8,4,0,1,Inf,13,0,1,Inf,5,0,1,Inf,17,6,0.739130434782609,2.83333333333333
AKAP13,893,1760,0.336600075386355,0.507386363636364,1674,2980,0.359690588740868,0.561744966442953,1129,1956,0.365964343598055,0.57719836400818,3053,3699,0.452162322274882,0.825358204920249
AKAP6,8,33,0.195121951219512,0.242424242424242,3,47,0.06,0.0638297872340425,3,33,0.0833333333333333,0.0909090909090909,1,16,0.0588235294117647,0.0625
AKIRIN2,157,676,0.188475390156062,0.232248520710059,154,656,0.190123456790123,0.234756097560976,143,749,0.160313901345291,0.190921228304406,143,762,0.158011049723757,0.187664041994751
AKNAD1,57,17,0.77027027027027,3.35294117647059,59,36,0.621052631578947,1.63888888888889,49,24,0.671232876712329,2.04166666666667,61,72,0.458646616541353,0.847222222222222
AKR1E2,13,21,0.382352941176471,0.619047619047619,11,20,0.354838709677419,0.55,7,11,0.388888888888889,0.636363636363636,0,17,0,0
AL138752.2,911,11382,0.0741072154884894,0.0800386575294324,1722,7718,0.182415254237288,0.223114796579425,1358,10420,0.115299711326201,0.130326295585413,2575,7686,0.250950199785596,0.335024720270622
AL139300.1,834,490,0.629909365558912,1.70204081632653,1093,594,0.647895672791938,1.84006734006734,723,382,0.654298642533937,1.89267015706806,1619,755,0.681971356360573,2.14437086092715
AL163636.2,92,16,0.851851851851852,5.75,190,15,0.926829268292683,12.6666666666667,216,6,0.972972972972973,36,224,40,0.848484848484849,5.6
AL360181.3,200,687,0.225479143179256,0.291120815138282,72,732,0.0895522388059701,0.0983606557377049,122,808,0.131182795698925,0.150990099009901,172,967,0.151009657594381,0.177869700103413
AL390879.2,4,24,0.142857142857143,0.166666666666667,13,29,0.30952380952381,0.448275862068966,4,7,0.363636363636364,0.571428571428571,5,40,0.111111111111111,0.125
AL591806.3,891,366,0.708830548926014,2.4344262295082,1033,224,0.821797931583134,4.61160714285714,1332,381,0.777583187390543,3.49606299212598,1568,342,0.820942408376963,4.58479532163743
ALDH1A1,0,11,0,0,0,0,NA,NA,0,7,0,0,1,0,1,Inf
ALDH1A2,3,3,0.5,1,0,0,NA,NA,0,45,0,0,0,0,NA,NA
ALDH1L1,4,3,0.571428571428571,1.33333333333333,0,7,0,0,3,7,0.3,0.428571428571429,0,0,NA,NA
ALDH3B1,102,1337,0.0708825573314802,0.0762902019446522,123,1156,0.0961688819390148,0.106401384083045,61,1901,0.0310907237512742,0.0320883745397159,82,1860,0.0422245108135942,0.0440860215053763
ALDH4A1,100,159,0.386100386100386,0.628930817610063,90,242,0.271084337349398,0.371900826446281,148,262,0.360975609756098,0.564885496183206,131,405,0.244402985074627,0.323456790123457
ALG10B,43,97,0.307142857142857,0.443298969072165,40,41,0.493827160493827,0.975609756097561,71,101,0.412790697674419,0.702970297029703,61,129,0.321052631578947,0.472868217054264
ALG11,47,121,0.279761904761905,0.388429752066116,86,168,0.338582677165354,0.511904761904762,35,143,0.196629213483146,0.244755244755245,72,285,0.201680672268908,0.252631578947368
ALG13,316,213,0.597353497164461,1.48356807511737,285,286,0.499124343257443,0.996503496503496,266,282,0.485401459854015,0.943262411347518,348,300,0.537037037037037,1.16
ALG9,1728,257,0.870528967254408,6.72373540856031,1982,285,0.874283193647993,6.95438596491228,2269,275,0.89190251572327,8.25090909090909,2007,435,0.821867321867322,4.61379310344828
ALOX12P2,15,9,0.625,1.66666666666667,7,21,0.25,0.333333333333333,0,10,0,0,0,34,0,0
ALOX15B,52,1599,0.031496062992126,0.032520325203252,14,539,0.0253164556962025,0.025974025974026,123,3502,0.0339310344827586,0.0351227869788692,140,827,0.144777662874871,0.169286577992745
ALPK1,20,149,0.118343195266272,0.134228187919463,2,144,0.0136986301369863,0.0138888888888889,18,77,0.189473684210526,0.233766233766234,30,194,0.133928571428571,0.154639175257732
ALPK2,12,10,0.545454545454545,1.2,26,312,0.0769230769230769,0.0833333333333333,7,3,0.7,2.33333333333333,2,992,0.00201207243460765,0.00201612903225806
ALS2,117,536,0.179173047473201,0.218283582089552,130,757,0.146561443066516,0.171730515191546,83,642,0.11448275862069,0.129283489096573,83,1010,0.0759377859103385,0.0821782178217822
AMACR,317,121,0.723744292237443,2.6198347107438,289,147,0.662844036697248,1.96598639455782,231,98,0.702127659574468,2.35714285714286,450,230,0.661764705882353,1.95652173913043
AMBRA1,4386,575,0.8840959483975,7.62782608695652,4072,668,0.859071729957806,6.09580838323353,5755,435,0.929725363489499,13.2298850574713,7366,911,0.889935967137852,8.08562019758507
AMDHD1,13,9,0.590909090909091,1.44444444444444,12,7,0.631578947368421,1.71428571428571,0,19,0,0,2,4,0.333333333333333,0.5
AMDHD2,9,257,0.0338345864661654,0.0350194552529183,25,339,0.0686813186813187,0.0737463126843658,24,320,0.0697674418604651,0.075,71,671,0.0956873315363881,0.105812220566319
AMY2B,550,114,0.828313253012048,4.82456140350877,305,104,0.745721271393643,2.93269230769231,502,275,0.646074646074646,1.82545454545455,743,271,0.732741617357002,2.74169741697417
ANAPC1,203,361,0.359929078014184,0.562326869806094,79,283,0.218232044198895,0.279151943462898,147,435,0.252577319587629,0.337931034482759,148,247,0.374683544303797,0.59919028340081
ANAPC16,286,1672,0.146067415730337,0.171052631578947,283,1747,0.139408866995074,0.161991986262164,368,2002,0.155274261603376,0.183816183816184,268,2111,0.112652374947457,0.126954050213169
ANAPC2,8,51,0.135593220338983,0.156862745098039,13,46,0.220338983050847,0.282608695652174,0,50,0,0,0,161,0,0
ANAPC7,199,1348,0.12863606981254,0.147626112759644,140,1457,0.0876643706950532,0.0960878517501716,261,1494,0.148717948717949,0.174698795180723,357,1628,0.179848866498741,0.219287469287469
ANK1,11,31,0.261904761904762,0.354838709677419,0,42,0,0,0,18,0,0,0,122,0,0
ANKDD1A,6,16,0.272727272727273,0.375,6,30,0.166666666666667,0.2,7,5,0.583333333333333,1.4,3,23,0.115384615384615,0.130434782608696
ANKDD1B,0,6,0,0,7,0,1,Inf,3,2,0.6,1.5,0,19,0,0
ANKEF1,361,309,0.538805970149254,1.16828478964401,308,206,0.599221789883268,1.49514563106796,359,445,0.446517412935323,0.806741573033708,331,221,0.59963768115942,1.49773755656109
ANKH,681,990,0.40754039497307,0.687878787878788,639,1597,0.285778175313059,0.400125234815279,797,943,0.458045977011494,0.845174973488865,1119,2475,0.31135225375626,0.452121212121212
ANKHD1,611,1324,0.315762273901809,0.461480362537764,318,1056,0.231441048034935,0.301136363636364,481,1240,0.279488669378268,0.387903225806452,249,1342,0.156505342551854,0.185543964232489
ANKHD1-EIF4EBP3,1324,1850,0.417139256458727,0.715675675675676,1056,1491,0.414605418138987,0.708249496981891,1240,2957,0.295449130331189,0.419343929658438,1342,1948,0.40790273556231,0.688911704312115
ANKLE1,4,7,0.363636363636364,0.571428571428571,0,9,0,0,0,6,0,0,9,28,0.243243243243243,0.321428571428571
ANKMY1,245,92,0.72700296735905,2.66304347826087,166,104,0.614814814814815,1.59615384615385,188,167,0.529577464788732,1.12574850299401,147,233,0.386842105263158,0.630901287553648
ANKRD10,2021,1208,0.62589036853515,1.67301324503311,1787,1534,0.53809093646492,1.16492829204694,1948,1226,0.613736609955892,1.58890701468189,2521,2482,0.503897661403158,1.0157131345689
ANKRD11,778,2738,0.22127417519909,0.284149013878744,793,2790,0.221322913759419,0.284229390681004,451,1884,0.193147751605996,0.239384288747346,1291,2481,0.342258748674443,0.520354695687223
ANKRD18A,33,18,0.647058823529412,1.83333333333333,32,10,0.761904761904762,3.2,25,10,0.714285714285714,2.5,64,1,0.984615384615385,64
ANKRD18B,35,25,0.583333333333333,1.4,15,23,0.394736842105263,0.652173913043478,5,15,0.25,0.333333333333333,17,6,0.739130434782609,2.83333333333333
ANKRD2,29,141,0.170588235294118,0.205673758865248,45,110,0.290322580645161,0.409090909090909,38,100,0.27536231884058,0.38,23,83,0.216981132075472,0.27710843373494
ANKRD28,1583,873,0.644543973941368,1.81328751431844,1916,1034,0.649491525423729,1.85299806576402,1003,910,0.52430737062206,1.1021978021978,1684,1838,0.478137421919364,0.916213275299238
ANKRD29,168,65,0.721030042918455,2.58461538461538,54,36,0.6,1.5,241,124,0.66027397260274,1.94354838709677,106,29,0.785185185185185,3.6551724137931
ANKRD31,3,0,1,Inf,0,0,NA,NA,4,9,0.307692307692308,0.444444444444444,0,0,NA,NA
ANKRD42,352,70,0.834123222748815,5.02857142857143,294,125,0.701670644391408,2.352,341,38,0.899736147757256,8.97368421052632,278,161,0.633257403189066,1.72670807453416
ANKRD44,32,76,0.296296296296296,0.421052631578947,18,146,0.109756097560976,0.123287671232877,24,41,0.369230769230769,0.585365853658537,17,133,0.113333333333333,0.12781954887218
ANKRD6,3,5,0.375,0.6,0,16,0,0,5,3,0.625,1.66666666666667,0,11,0,0
ANKS6,433,515,0.456751054852321,0.840776699029126,347,444,0.438685208596713,0.781531531531532,396,370,0.516971279373368,1.07027027027027,289,370,0.438543247344461,0.781081081081081
ANKZF1,116,920,0.111969111969112,0.126086956521739,83,818,0.0921198668146504,0.101466992665037,89,1219,0.0680428134556575,0.0730106644790812,140,1112,0.111821086261981,0.12589928057554
ANO1,0,63,0,0,0,106,0,0,1,13,0.0714285714285714,0.0769230769230769,0,203,0,0
ANO10,40,306,0.115606936416185,0.130718954248366,71,651,0.0983379501385042,0.109062980030722,71,538,0.116584564860427,0.131970260223048,105,783,0.118243243243243,0.134099616858238
ANO7,3,9,0.25,0.333333333333333,50,12,0.806451612903226,4.16666666666667,13,13,0.5,1,23,8,0.741935483870968,2.875
ANO9,86,472,0.154121863799283,0.182203389830508,248,548,0.311557788944724,0.452554744525547,284,1137,0.199859254046446,0.249780123131047,349,1027,0.253633720930233,0.339824732229796
ANTXR1,81,750,0.0974729241877256,0.108,194,1067,0.153846153846154,0.181818181818182,68,608,0.100591715976331,0.111842105263158,118,1722,0.0641304347826087,0.0685249709639954
AOC2,13,2,0.866666666666667,6.5,1,8,0.111111111111111,0.125,5,26,0.161290322580645,0.192307692307692,0,9,0,0
AP000347.1,28,7,0.8,4,28,15,0.651162790697674,1.86666666666667,11,6,0.647058823529412,1.83333333333333,3,12,0.2,0.25
AP002495.1,55,38,0.591397849462366,1.44736842105263,135,37,0.784883720930233,3.64864864864865,79,55,0.58955223880597,1.43636363636364,194,35,0.847161572052402,5.54285714285714
AP002748.4,2021,269,0.882532751091703,7.51301115241636,2236,365,0.859669357939254,6.12602739726027,2451,517,0.825808625336927,4.74081237911025,2541,823,0.755350772889417,3.08748481166464
AP1S2,220,408,0.35031847133758,0.53921568627451,258,970,0.210097719869707,0.265979381443299,210,527,0.28493894165536,0.398481973434535,336,1174,0.222516556291391,0.286201022146508
AP2B1,161,949,0.145045045045045,0.169652265542677,140,1408,0.0904392764857881,0.0994318181818182,192,904,0.175182481751825,0.212389380530973,116,1470,0.073139974779319,0.0789115646258503
AP3B2,18,32,0.36,0.5625,9,17,0.346153846153846,0.529411764705882,21,62,0.253012048192771,0.338709677419355,4,82,0.0465116279069767,0.048780487804878
AP3M2,141,654,0.177358490566038,0.215596330275229,52,585,0.0816326530612245,0.0888888888888889,120,663,0.153256704980843,0.180995475113122,94,667,0.123521681997372,0.140929535232384
APAF1,63,465,0.119318181818182,0.135483870967742,108,795,0.119601328903654,0.135849056603774,49,409,0.106986899563319,0.119804400977995,120,701,0.146163215590743,0.171184022824536
APBA3,41,433,0.0864978902953586,0.0946882217090069,55,695,0.0733333333333333,0.079136690647482,48,505,0.0867992766726944,0.095049504950495,88,911,0.0880880880880881,0.0965971459934138
APBB1,0,16,0,0,12,43,0.218181818181818,0.27906976744186,4,11,0.266666666666667,0.363636363636364,5,45,0.1,0.111111111111111
APC2,4,5,0.444444444444444,0.8,12,55,0.17910447761194,0.218181818181818,1,34,0.0285714285714286,0.0294117647058824,21,131,0.138157894736842,0.16030534351145
APCDD1L,6,46,0.115384615384615,0.130434782608696,0,721,0,0,0,14,0,0,0,1207,0,0
APLF,11,74,0.129411764705882,0.148648648648649,19,69,0.215909090909091,0.27536231884058,25,41,0.378787878787879,0.609756097560976,10,64,0.135135135135135,0.15625
APOBEC3F,24,44,0.352941176470588,0.545454545454545,56,41,0.577319587628866,1.36585365853659,19,72,0.208791208791209,0.263888888888889,57,10,0.850746268656716,5.7
APOBEC3H,0,20,0,0,0,6,0,0,10,2,0.833333333333333,5,0,20,0,0
APOO,763,1490,0.338659565024412,0.512080536912752,644,1257,0.338769068911099,0.512330946698488,1180,1609,0.42309071351739,0.733374766935985,931,1541,0.376618122977346,0.604153147306944
AQP11,0,2,0,0,5,4,0.555555555555556,1.25,9,7,0.5625,1.28571428571429,1,1,0.5,1
ARFGEF3,4,23,0.148148148148148,0.173913043478261,1,0,1,Inf,0,3,0,0,0,4,0,0
ARHGAP24,11,23,0.323529411764706,0.478260869565217,3,35,0.0789473684210526,0.0857142857142857,4,20,0.166666666666667,0.2,5,22,0.185185185185185,0.227272727272727
ARHGAP26,13,73,0.151162790697674,0.178082191780822,36,54,0.4,0.666666666666667,8,149,0.0509554140127389,0.0536912751677852,23,53,0.302631578947368,0.433962264150943
ARHGAP27P1-BPTFP1-KPNA2P3,137,254,0.350383631713555,0.539370078740158,146,362,0.28740157480315,0.403314917127072,185,290,0.389473684210526,0.637931034482759,352,310,0.531722054380665,1.13548387096774
ARHGAP28,10,4,0.714285714285714,2.5,7,0,1,Inf,16,11,0.592592592592593,1.45454545454545,1,9,0.1,0.111111111111111
ARHGAP44,26,30,0.464285714285714,0.866666666666667,0,38,0,0,4,18,0.181818181818182,0.222222222222222,31,68,0.313131313131313,0.455882352941176
ARHGEF18,355,1396,0.202741290691034,0.254297994269341,1236,4955,0.199644645453077,0.249445005045409,368,1585,0.188428059395801,0.23217665615142,1321,6095,0.178128371089536,0.216735028712059
ARHGEF28,57,168,0.253333333333333,0.339285714285714,59,181,0.245833333333333,0.325966850828729,65,191,0.25390625,0.340314136125654,176,296,0.372881355932203,0.594594594594595
ARHGEF4,153,779,0.164163090128755,0.196405648267009,108,307,0.260240963855422,0.351791530944625,252,1238,0.169127516778524,0.203554119547658,152,693,0.179881656804734,0.219336219336219
ARHGEF6,7,13,0.35,0.538461538461538,0,21,0,0,3,43,0.0652173913043478,0.0697674418604651,0,120,0,0
ARIH2,906,2845,0.241535590509198,0.318453427065026,479,2927,0.14063417498532,0.163648787154083,482,2824,0.145795523290986,0.170679886685552,379,2839,0.117775015537601,0.13349771046143
ARL13B,58,317,0.154666666666667,0.182965299684543,73,287,0.202777777777778,0.254355400696864,51,173,0.227678571428571,0.294797687861272,294,344,0.460815047021944,0.854651162790698
ARL6,84,99,0.459016393442623,0.848484848484849,146,103,0.586345381526104,1.41747572815534,101,120,0.457013574660633,0.841666666666667,87,187,0.317518248175182,0.46524064171123
ARL9,8,45,0.150943396226415,0.177777777777778,1,15,0.0625,0.0666666666666667,2,11,0.153846153846154,0.181818181818182,0,20,0,0
ARMC7,46,67,0.407079646017699,0.686567164179104,37,79,0.318965517241379,0.468354430379747,49,123,0.284883720930233,0.398373983739837,50,199,0.200803212851406,0.251256281407035
ARMC8,168,792,0.175,0.212121212121212,236,1388,0.145320197044335,0.170028818443804,95,795,0.106741573033708,0.119496855345912,245,1405,0.148484848484848,0.174377224199288
ARPIN,62,413,0.130526315789474,0.150121065375303,110,570,0.161764705882353,0.192982456140351,81,471,0.146739130434783,0.171974522292994,156,542,0.223495702005731,0.287822878228782
ARSE,1,13,0.0714285714285714,0.0769230769230769,0,5,0,0,0,7,0,0,61,79,0.435714285714286,0.772151898734177
ARVCF,13,48,0.213114754098361,0.270833333333333,23,45,0.338235294117647,0.511111111111111,1,20,0.0476190476190476,0.05,2,65,0.0298507462686567,0.0307692307692308
AS3MT,5,0,1,Inf,1,0,1,Inf,0,4,0,0,5,19,0.208333333333333,0.263157894736842
ASAH1,1035,1292,0.444778685002149,0.801083591331269,934,1172,0.44349477682811,0.796928327645051,1087,1351,0.445857260049221,0.80458919319023,1002,1930,0.341746248294679,0.519170984455959
ASB3,28,323,0.0797720797720798,0.086687306501548,50,415,0.10752688172043,0.120481927710843,33,219,0.130952380952381,0.150684931506849,73,453,0.138783269961977,0.161147902869757
ASB7,152,542,0.219020172910663,0.280442804428044,90,757,0.106257378984652,0.11889035667107,84,854,0.0895522388059701,0.0983606557377049,93,1128,0.0761670761670762,0.0824468085106383
ASCC3,298,2878,0.0938287153652393,0.103544127866574,302,2650,0.10230352303523,0.113962264150943,218,2470,0.0811011904761905,0.0882591093117409,238,3409,0.0652591170825336,0.0698151950718686
ASH1L,174,1788,0.0886850152905199,0.0973154362416107,177,1806,0.0892586989409985,0.0980066445182724,184,1569,0.104962920707359,0.117272147864882,294,2667,0.099290780141844,0.110236220472441
ASPH,8344,2082,0.800306924995204,4.00768491834774,9556,1822,0.839866408859202,5.24478594950604,6270,1853,0.771882309491567,3.38370210469509,10140,2669,0.791630884534312,3.79917572124391
ASPSCR1,169,63,0.728448275862069,2.68253968253968,174,99,0.637362637362637,1.75757575757576,182,144,0.558282208588957,1.26388888888889,103,431,0.192883895131086,0.238979118329466
ASRGL1,37,1,0.973684210526316,37,7,14,0.333333333333333,0.5,20,11,0.645161290322581,1.81818181818182,18,9,0.666666666666667,2
ASXL1,573,1881,0.233496332518337,0.304625199362041,510,1705,0.230248306997743,0.299120234604106,470,1763,0.210479175996417,0.266591038003403,463,2249,0.170722713864307,0.205869275233437
ATAD5,90,253,0.262390670553936,0.355731225296443,76,243,0.238244514106583,0.312757201646091,68,332,0.17,0.204819277108434,86,170,0.3359375,0.505882352941176
ATF3,15,226,0.0622406639004149,0.0663716814159292,15,109,0.120967741935484,0.137614678899083,20,46,0.303030303030303,0.434782608695652,16,70,0.186046511627907,0.228571428571429
ATF7IP2,192,132,0.592592592592593,1.45454545454545,73,144,0.336405529953917,0.506944444444444,159,150,0.514563106796116,1.06,96,130,0.424778761061947,0.738461538461539
ATL1,10,32,0.238095238095238,0.3125,2,218,0.00909090909090909,0.0091743119266055,7,83,0.0777777777777778,0.0843373493975904,26,291,0.082018927444795,0.0893470790378007
ATM,83,1142,0.0677551020408163,0.0726795096322242,33,1087,0.0294642857142857,0.0303587856485741,85,1116,0.070774354704413,0.0761648745519713,124,1378,0.0825565912117177,0.0899854862119013
ATP11B,127,422,0.231329690346084,0.300947867298578,142,425,0.250440917107584,0.334117647058824,104,422,0.197718631178707,0.246445497630332,104,406,0.203921568627451,0.25615763546798
ATP2A1,0,4,0,0,0,0,NA,NA,1,0,1,Inf,0,34,0,0
ATP2A2,14301,2328,0.860003608154429,6.1430412371134,18140,2989,0.858535661886507,6.0689193710271,15101,2297,0.867973330267847,6.57422725293862,16053,3129,0.836878323428214,5.13039309683605
ATP2A3,0,0,NA,NA,0,5,0,0,0,0,NA,NA,8,7,0.533333333333333,1.14285714285714
ATP2B2,0,14,0,0,0,0,NA,NA,3,33,0.0833333333333333,0.0909090909090909,0,0,NA,NA
ATP2C1,906,314,0.742622950819672,2.88535031847134,937,406,0.697691734921817,2.30788177339901,1138,226,0.834310850439883,5.0353982300885,1439,456,0.759366754617414,3.15570175438596
ATP2C2,3,1,0.75,3,0,1,0,0,19,4,0.826086956521739,4.75,0,0,NA,NA
ATP5S,90,106,0.459183673469388,0.849056603773585,91,175,0.342105263157895,0.52,73,167,0.304166666666667,0.437125748502994,78,112,0.410526315789474,0.696428571428571
ATP6AP1L,10,61,0.140845070422535,0.163934426229508,4,37,0.0975609756097561,0.108108108108108,11,49,0.183333333333333,0.224489795918367,2,68,0.0285714285714286,0.0294117647058824
ATP6V1D,256,2022,0.112379280070237,0.126607319485658,398,3390,0.10506863780359,0.11740412979351,224,2248,0.0906148867313916,0.099644128113879,1316,3997,0.247694334650856,0.329246935201401
ATP6V1E2,88,186,0.321167883211679,0.473118279569892,30,138,0.178571428571429,0.217391304347826,22,206,0.0964912280701754,0.106796116504854,8,123,0.0610687022900763,0.0650406504065041
ATP8A2,0,23,0,0,0,107,0,0,6,2,0.75,3,0,141,0,0
ATP8B1,0,24,0,0,0,1,0,0,12,18,0.4,0.666666666666667,0,4,0,0
ATP9B,23,171,0.118556701030928,0.134502923976608,23,291,0.0732484076433121,0.0790378006872852,11,291,0.0364238410596026,0.0378006872852234,54,339,0.137404580152672,0.15929203539823
ATPAF1,266,1810,0.128131021194605,0.146961325966851,169,1362,0.110385369039843,0.124082232011747,304,1736,0.149019607843137,0.175115207373272,148,1355,0.0984697272122422,0.109225092250923
ATRX,328,1680,0.163346613545817,0.195238095238095,333,2256,0.128621089223638,0.147606382978723,289,1734,0.142857142857143,0.166666666666667,294,3106,0.0864705882352941,0.0946555054732775
ATXN1,30,134,0.182926829268293,0.223880597014925,59,636,0.0848920863309353,0.0927672955974843,29,123,0.190789473684211,0.235772357723577,60,795,0.0701754385964912,0.0754716981132075
ATXN7,9,183,0.046875,0.0491803278688525,31,142,0.179190751445087,0.21830985915493,29,97,0.23015873015873,0.298969072164948,138,138,0.5,1
AUH,100,342,0.226244343891403,0.292397660818713,104,192,0.351351351351351,0.541666666666667,142,393,0.265420560747664,0.361323155216285,150,199,0.429799426934097,0.753768844221106
AZI2,846,1032,0.450479233226837,0.819767441860465,568,482,0.540952380952381,1.17842323651452,800,746,0.517464424320828,1.07238605898123,639,825,0.436475409836066,0.774545454545455
B4GALNT1,14,24,0.368421052631579,0.583333333333333,62,43,0.59047619047619,1.44186046511628,0,14,0,0,45,50,0.473684210526316,0.9
B4GALNT3,22,0,1,Inf,16,14,0.533333333333333,1.14285714285714,33,5,0.868421052631579,6.6,32,4,0.888888888888889,8
B4GALT4,41,323,0.112637362637363,0.126934984520124,57,708,0.0745098039215686,0.0805084745762712,48,313,0.132963988919668,0.153354632587859,28,777,0.0347826086956522,0.036036036036036
B4GALT7,91,913,0.0906374501992032,0.099671412924425,244,1242,0.164199192462988,0.19645732689211,65,1024,0.0596877869605142,0.0634765625,238,1552,0.132960893854749,0.153350515463918
B9D2,123,351,0.259493670886076,0.35042735042735,29,533,0.0516014234875445,0.0544090056285178,86,470,0.154676258992806,0.182978723404255,14,901,0.0153005464480874,0.0155382907880133
BACH2,3,32,0.0857142857142857,0.09375,19,142,0.118012422360248,0.133802816901408,2,28,0.0666666666666667,0.0714285714285714,5,178,0.0273224043715847,0.0280898876404494
BAIAP2L1,1309,1305,0.500765110941086,1.00306513409962,1267,1976,0.390687634905951,0.641194331983806,2231,1384,0.617150760719225,1.61199421965318,2484,2210,0.529186195142735,1.12398190045249
BANP,174,488,0.262839879154079,0.35655737704918,141,762,0.156146179401993,0.18503937007874,177,508,0.258394160583942,0.348425196850394,171,960,0.151193633952255,0.178125
BAX,32,68,0.32,0.470588235294118,8,61,0.115942028985507,0.131147540983607,22,108,0.169230769230769,0.203703703703704,45,161,0.218446601941748,0.279503105590062
BAZ1A,135,1217,0.0998520710059172,0.110928512736237,205,1277,0.138326585695007,0.160532498042287,105,989,0.0959780621572212,0.106167846309403,494,1595,0.236476783149832,0.309717868338558
BAZ1B,115,1132,0.0922213311948677,0.101590106007067,119,939,0.112476370510397,0.126730564430245,110,1060,0.094017094017094,0.10377358490566,172,1348,0.113157894736842,0.127596439169139
BAZ2B,277,226,0.550695825049702,1.22566371681416,458,578,0.442084942084942,0.792387543252595,213,267,0.44375,0.797752808988764,1102,1007,0.522522522522523,1.09433962264151
BBOF1,23,23,0.5,1,24,47,0.338028169014085,0.51063829787234,12,34,0.260869565217391,0.352941176470588,37,93,0.284615384615385,0.397849462365591
BBS1,29,269,0.0973154362416107,0.107806691449814,18,365,0.0469973890339426,0.0493150684931507,53,517,0.0929824561403509,0.102514506769826,47,823,0.0540229885057471,0.0571081409477521
BCAM,0,13,0,0,0,12,0,0,0,22,0,0,2,11,0.153846153846154,0.181818181818182
BCAR3,1342,3621,0.270400967156961,0.370615851974593,733,5184,0.123880344769309,0.141396604938272,1409,2667,0.345682041216879,0.528308961379828,765,6388,0.106948133650217,0.119755792110207
BCAS3,143,180,0.442724458204334,0.794444444444444,147,304,0.325942350332594,0.483552631578947,230,271,0.459081836327345,0.848708487084871,727,731,0.498628257887517,0.99452804377565
BCCIP,4357,673,0.866202783300199,6.4739970282318,2400,532,0.818553888130969,4.51127819548872,2771,465,0.856304079110012,5.95913978494624,2022,578,0.777692307692308,3.49826989619377
BCL11A,97,378,0.204210526315789,0.256613756613757,154,970,0.137010676156584,0.158762886597938,148,788,0.158119658119658,0.187817258883249,358,2079,0.146901928600739,0.172198172198172
BCL2,19,86,0.180952380952381,0.22093023255814,21,125,0.143835616438356,0.168,1,63,0.015625,0.0158730158730159,8,129,0.0583941605839416,0.062015503875969
BCL2L13,452,710,0.388984509466437,0.636619718309859,283,929,0.233498349834983,0.304628632938644,477,832,0.364400305576776,0.573317307692308,259,842,0.235240690281562,0.307600950118765
BCL2L2-PABPN1,1186,5989,0.165296167247387,0.198029721155452,1281,6049,0.174761255115962,0.211770540585221,1164,5536,0.173731343283582,0.210260115606936,1607,11416,0.123397066728096,0.140767344078486
BCL9,19,136,0.12258064516129,0.139705882352941,17,323,0.05,0.0526315789473684,43,242,0.150877192982456,0.177685950413223,104,423,0.197343453510436,0.245862884160756
BCO2,0,12,0,0,11,3,0.785714285714286,3.66666666666667,9,8,0.529411764705882,1.125,0,12,0,0
BDH1,4,29,0.121212121212121,0.137931034482759,6,10,0.375,0.6,3,12,0.2,0.25,0,28,0,0
BEND6,31,70,0.306930693069307,0.442857142857143,32,207,0.133891213389121,0.154589371980676,30,50,0.375,0.6,20,363,0.0522193211488251,0.0550964187327824
BEX5,57,16,0.780821917808219,3.5625,86,27,0.761061946902655,3.18518518518519,35,33,0.514705882352941,1.06060606060606,159,83,0.65702479338843,1.91566265060241
BHLHB9,16,32,0.333333333333333,0.5,7,76,0.0843373493975904,0.0921052631578947,2,93,0.0210526315789474,0.021505376344086,14,98,0.125,0.142857142857143
BHLHE40,72,639,0.10126582278481,0.112676056338028,57,1290,0.0423162583518931,0.0441860465116279,70,733,0.087173100871731,0.0954979536152797,98,2024,0.0461828463713478,0.0484189723320158
BICD1,111,110,0.502262443438914,1.00909090909091,137,216,0.388101983002833,0.634259259259259,134,139,0.490842490842491,0.964028776978417,94,529,0.150882825040128,0.177693761814745
BICRAL,41,350,0.104859335038363,0.117142857142857,84,369,0.185430463576159,0.227642276422764,57,301,0.159217877094972,0.18936877076412,67,453,0.128846153846154,0.147902869757174
BIVM-ERCC5,2060,1883,0.52244483895511,1.09399893786511,1856,2345,0.441799571530588,0.791471215351812,1839,2647,0.409942041908159,0.694748772194938,3116,3944,0.441359773371105,0.790060851926978
BMP1,506,530,0.488416988416988,0.954716981132075,1592,2728,0.368518518518519,0.583577712609971,424,922,0.315007429420505,0.459869848156182,3320,5684,0.368725011106175,0.584095707248417
BMP2K,199,418,0.322528363047002,0.476076555023923,337,543,0.382954545454545,0.620626151012891,206,514,0.286111111111111,0.400778210116732,449,836,0.349416342412451,0.537081339712919
BMP8B,21,40,0.344262295081967,0.525,7,21,0.25,0.333333333333333,13,2,0.866666666666667,6.5,0,8,0,0
BMS1P4,13,2,0.866666666666667,6.5,8,1,0.888888888888889,8,36,17,0.679245283018868,2.11764705882353,14,6,0.7,2.33333333333333
BNIPL,5,22,0.185185185185185,0.227272727272727,13,16,0.448275862068966,0.8125,25,30,0.454545454545455,0.833333333333333,23,9,0.71875,2.55555555555556
BOC,3,14,0.176470588235294,0.214285714285714,15,59,0.202702702702703,0.254237288135593,5,13,0.277777777777778,0.384615384615385,0,131,0,0
BOD1L1,97,188,0.340350877192982,0.515957446808511,92,258,0.262857142857143,0.356589147286822,75,224,0.250836120401338,0.334821428571429,65,508,0.113438045375218,0.127952755905512
BORCS7,40,323,0.110192837465565,0.123839009287926,43,317,0.119444444444444,0.135646687697161,64,360,0.150943396226415,0.177777777777778,102,754,0.119158878504673,0.135278514588859
BORCS8,53,543,0.0889261744966443,0.0976058931860037,117,757,0.133867276887872,0.154557463672391,60,600,0.0909090909090909,0.1,109,1361,0.0741496598639456,0.0800881704628949
BPHL,9,78,0.103448275862069,0.115384615384615,7,130,0.0510948905109489,0.0538461538461538,17,65,0.207317073170732,0.261538461538462,33,99,0.25,0.333333333333333
BPTF,301,501,0.375311720698254,0.600798403193613,281,682,0.291796469366563,0.412023460410557,166,412,0.28719723183391,0.402912621359223,216,950,0.1852487135506,0.227368421052632
BRAF,49,334,0.127937336814621,0.146706586826347,35,367,0.0870646766169154,0.0953678474114441,52,302,0.146892655367232,0.172185430463576,52,498,0.0945454545454545,0.104417670682731
BRD4,790,2269,0.258254331480876,0.348171000440723,1027,2324,0.30647567890182,0.441910499139415,1060,2144,0.33083645443196,0.494402985074627,1503,3607,0.29412915851272,0.416689769891877
BRD7,861,2497,0.256402620607504,0.344813776531838,509,1997,0.203112529928172,0.254882323485228,543,2156,0.201185624305298,0.251855287569573,1143,2443,0.318739542665923,0.467867376176832
BRF1,70,135,0.341463414634146,0.518518518518518,57,206,0.216730038022814,0.276699029126214,43,202,0.175510204081633,0.212871287128713,58,459,0.112185686653772,0.12636165577342
BROX,347,4556,0.0707729961248215,0.0761633011413521,385,5632,0.0639853747714808,0.068359375,270,4403,0.0577787288679649,0.0613218260277084,303,6113,0.0472256857855362,0.0495664976280059
BRWD1,458,194,0.702453987730061,2.36082474226804,328,208,0.611940298507463,1.57692307692308,307,154,0.665943600867679,1.99350649350649,242,395,0.379905808477237,0.612658227848101
BSDC1,76,280,0.213483146067416,0.271428571428571,80,527,0.131795716639209,0.15180265654649,69,321,0.176923076923077,0.214953271028037,78,983,0.0735155513666352,0.0793489318413021
BSPRY,0,1,0,0,0,0,NA,NA,7,18,0.28,0.388888888888889,0,1,0,0
BTD,233,303,0.434701492537313,0.768976897689769,393,481,0.449656750572082,0.817047817047817,243,408,0.373271889400922,0.595588235294118,386,554,0.41063829787234,0.696750902527076
BTN2A3P,21,44,0.323076923076923,0.477272727272727,21,7,0.75,3,24,12,0.666666666666667,2,15,48,0.238095238095238,0.3125
BTN3A2,49,513,0.0871886120996441,0.0955165692007797,58,333,0.148337595907928,0.174174174174174,25,778,0.0311332503113325,0.032133676092545,25,447,0.0529661016949153,0.0559284116331096
BUB1B-PAK6,2835,612,0.822454308093995,4.63235294117647,2972,609,0.82993577213069,4.88013136288998,2321,1175,0.663901601830664,1.97531914893617,1857,885,0.677242888402626,2.09830508474576
BUB3,843,9988,0.0778321484627458,0.0844012815378454,792,11333,0.065319587628866,0.0698844083649519,678,11646,0.055014605647517,0.0582174137042761,2581,13529,0.160211049037865,0.190775371424348
C10orf143,37,103,0.264285714285714,0.359223300970874,47,97,0.326388888888889,0.484536082474227,50,118,0.297619047619048,0.423728813559322,101,116,0.465437788018433,0.870689655172414
C10orf76,133,649,0.170076726342711,0.204930662557781,110,919,0.10689990281827,0.119695321001088,98,725,0.119076549210207,0.135172413793103,103,1024,0.0913930789707187,0.1005859375
C10orf88,65,104,0.384615384615385,0.625,51,210,0.195402298850575,0.242857142857143,34,137,0.198830409356725,0.248175182481752,85,341,0.199530516431925,0.249266862170088
C11orf70,26,59,0.305882352941176,0.440677966101695,32,59,0.351648351648352,0.542372881355932,53,50,0.514563106796116,1.06,33,55,0.375,0.6
C11orf80,27,46,0.36986301369863,0.58695652173913,33,96,0.255813953488372,0.34375,15,175,0.0789473684210526,0.0857142857142857,21,185,0.101941747572816,0.113513513513514
C11orf84,91,298,0.233933161953728,0.305369127516779,104,604,0.146892655367232,0.172185430463576,42,282,0.12962962962963,0.148936170212766,135,719,0.15807962529274,0.187760778859527
C12orf54,0,17,0,0,0,24,0,0,1,0,1,Inf,5,77,0.0609756097560976,0.0649350649350649
C12orf60,0,172,0,0,0,157,0,0,21,69,0.233333333333333,0.304347826086957,4,107,0.036036036036036,0.0373831775700935
C12orf66,101,153,0.397637795275591,0.660130718954248,99,75,0.568965517241379,1.32,109,188,0.367003367003367,0.579787234042553,60,116,0.340909090909091,0.517241379310345
C15orf38-AP3S2,413,749,0.355421686746988,0.551401869158878,570,943,0.376734963648381,0.604453870625663,471,762,0.381995133819951,0.618110236220472,542,980,0.35611038107753,0.553061224489796
C15orf39,13,272,0.0456140350877193,0.0477941176470588,75,338,0.181598062953995,0.22189349112426,52,358,0.126829268292683,0.145251396648045,30,229,0.115830115830116,0.131004366812227
C15orf40,247,53,0.823333333333333,4.66037735849057,226,76,0.748344370860927,2.97368421052632,161,80,0.66804979253112,2.0125,256,147,0.635235732009926,1.74149659863946
C16orf46,10,106,0.0862068965517241,0.0943396226415094,7,33,0.175,0.212121212121212,4,113,0.0341880341880342,0.0353982300884956,13,109,0.10655737704918,0.119266055045872
C16orf52,64,99,0.392638036809816,0.646464646464647,67,216,0.236749116607774,0.310185185185185,18,185,0.0886699507389163,0.0972972972972973,52,287,0.153392330383481,0.181184668989547
C16orf62,160,846,0.159045725646123,0.189125295508274,330,1385,0.192419825072886,0.23826714801444,193,1138,0.145003756574004,0.169595782073814,276,1533,0.15257048092869,0.180039138943249
C16orf71,4,2,0.666666666666667,2,1,2,0.333333333333333,0.5,0,0,NA,NA,5,0,1,Inf
C16orf72,950,2078,0.313738441215324,0.457170356111646,1160,2273,0.337896883192543,0.510338759348878,868,1944,0.308677098150782,0.446502057613169,1460,2220,0.396739130434783,0.657657657657658
C17orf67,78,11,0.876404494382023,7.09090909090909,63,16,0.79746835443038,3.9375,92,14,0.867924528301887,6.57142857142857,95,112,0.458937198067633,0.848214285714286
C19orf44,132,92,0.589285714285714,1.43478260869565,78,102,0.433333333333333,0.764705882352941,117,101,0.536697247706422,1.15841584158416,108,142,0.432,0.76056338028169
C19orf57,1,30,0.032258064516129,0.0333333333333333,0,31,0,0,0,31,0,0,0,56,0,0
C1QTNF3,33,22,0.6,1.5,33,49,0.402439024390244,0.673469387755102,3,37,0.075,0.0810810810810811,66,153,0.301369863013699,0.431372549019608
C1QTNF6,0,43,0,0,7,71,0.0897435897435897,0.0985915492957746,2,31,0.0606060606060606,0.0645161290322581,16,70,0.186046511627907,0.228571428571429
C1RL,31,247,0.111510791366906,0.125506072874494,26,224,0.104,0.116071428571429,124,247,0.334231805929919,0.502024291497976,63,257,0.196875,0.245136186770428
C1orf112,129,1159,0.100155279503106,0.11130284728214,152,1409,0.0973734785393978,0.107877927608233,99,1052,0.0860121633362294,0.094106463878327,55,1203,0.0437201907790143,0.0457190357439734
C1orf56,33,72,0.314285714285714,0.458333333333333,11,91,0.107843137254902,0.120879120879121,27,95,0.221311475409836,0.28421052631579,12,82,0.127659574468085,0.146341463414634
C20orf194,27,91,0.228813559322034,0.296703296703297,41,315,0.115168539325843,0.13015873015873,55,173,0.241228070175439,0.317919075144509,69,283,0.196022727272727,0.243816254416961
C20orf196,68,75,0.475524475524476,0.906666666666667,39,74,0.345132743362832,0.527027027027027,58,96,0.376623376623377,0.604166666666667,130,117,0.526315789473684,1.11111111111111
C20orf197,72,33,0.685714285714286,2.18181818181818,42,7,0.857142857142857,6,88,25,0.778761061946903,3.52,68,27,0.71578947368421,2.51851851851852
C20orf96,37,172,0.177033492822967,0.215116279069767,114,218,0.343373493975904,0.522935779816514,74,232,0.241830065359477,0.318965517241379,95,341,0.217889908256881,0.278592375366569
C21orf2,22,215,0.0928270042194093,0.102325581395349,43,625,0.0643712574850299,0.0688,24,286,0.0774193548387097,0.0839160839160839,35,1149,0.0295608108108108,0.030461270670148
C21orf33,64,517,0.110154905335628,0.123791102514507,46,326,0.123655913978495,0.141104294478528,60,669,0.0823045267489712,0.0896860986547085,71,496,0.125220458553792,0.143145161290323
C22orf39,139,349,0.28483606557377,0.398280802292264,101,432,0.189493433395872,0.233796296296296,104,648,0.138297872340426,0.160493827160494,234,715,0.246575342465753,0.327272727272727
C2CD2,135,763,0.150334075723831,0.176933158584535,191,889,0.176851851851852,0.214848143982002,69,838,0.0760749724366042,0.0823389021479714,139,1054,0.116512992455993,0.131878557874763
C2orf48,65,73,0.471014492753623,0.89041095890411,40,24,0.625,1.66666666666667,38,56,0.404255319148936,0.678571428571429,48,27,0.64,1.77777777777778
C2orf68,107,407,0.208171206225681,0.262899262899263,204,342,0.373626373626374,0.596491228070175,62,489,0.112522686025408,0.12678936605317,208,162,0.562162162162162,1.28395061728395
C2orf70,11,5,0.6875,2.2,0,1,0,0,0,2,0,0,11,1,0.916666666666667,11
C2orf92,3,17,0.15,0.176470588235294,9,35,0.204545454545455,0.257142857142857,3,98,0.0297029702970297,0.0306122448979592,0,60,0,0
C3orf62,12,44,0.214285714285714,0.272727272727273,6,66,0.0833333333333333,0.0909090909090909,15,90,0.142857142857143,0.166666666666667,13,120,0.0977443609022556,0.108333333333333
C3orf67,48,58,0.452830188679245,0.827586206896552,96,171,0.359550561797753,0.56140350877193,68,78,0.465753424657534,0.871794871794872,52,168,0.236363636363636,0.30952380952381
C5,18,164,0.0989010989010989,0.109756097560976,4,108,0.0357142857142857,0.037037037037037,31,136,0.18562874251497,0.227941176470588,0,99,0,0
C5orf34,12,300,0.0384615384615385,0.04,0,190,0,0,7,166,0.0404624277456647,0.0421686746987952,9,209,0.0412844036697248,0.0430622009569378
C5orf38,605,571,0.514455782312925,1.05954465849387,474,725,0.395329441201001,0.653793103448276,1149,859,0.572211155378486,1.33760186263097,879,1459,0.375962360992301,0.602467443454421
C5orf63,167,98,0.630188679245283,1.70408163265306,74,75,0.496644295302013,0.986666666666667,216,242,0.471615720524017,0.892561983471074,148,73,0.669683257918552,2.02739726027397
C5orf66,31,100,0.236641221374046,0.31,0,49,0,0,49,75,0.395161290322581,0.653333333333333,24,52,0.31578947368421,0.461538461538462
C6orf132,244,342,0.416382252559727,0.713450292397661,153,208,0.42382271468144,0.735576923076923,170,399,0.298769771528998,0.426065162907268,114,257,0.307277628032345,0.443579766536965
C6orf141,77,272,0.220630372492837,0.283088235294118,61,178,0.255230125523013,0.342696629213483,94,204,0.315436241610738,0.46078431372549,68,288,0.191011235955056,0.236111111111111
C6orf203,461,1392,0.248785752833243,0.33117816091954,376,1090,0.256480218281037,0.344954128440367,380,1640,0.188118811881188,0.231707317073171,386,1776,0.178538390379278,0.217342342342342
C6orf52,24,114,0.173913043478261,0.210526315789474,12,117,0.0930232558139535,0.102564102564103,31,90,0.256198347107438,0.344444444444444,1,134,0.00740740740740741,0.00746268656716418
C6orf62,592,897,0.397582269979852,0.659977703455964,517,1068,0.326182965299685,0.484082397003745,313,808,0.27921498661909,0.387376237623762,459,1762,0.206663665015759,0.26049943246311
C7orf55-LUC7L2,2248,893,0.715695638331741,2.51735722284434,2831,1054,0.728700128700129,2.68595825426945,2119,784,0.729934550465036,2.70280612244898,3144,1075,0.74520028442759,2.9246511627907
C8orf34,0,50,0,0,0,30,0,0,19,12,0.612903225806452,1.58333333333333,0,53,0,0
C8orf44,51,31,0.621951219512195,1.64516129032258,63,29,0.684782608695652,2.17241379310345,41,17,0.706896551724138,2.41176470588235,57,33,0.633333333333333,1.72727272727273
C8orf44-SGK3,69,161,0.3,0.428571428571429,83,139,0.373873873873874,0.597122302158273,135,95,0.58695652173913,1.42105263157895,145,177,0.450310559006211,0.819209039548023
C8orf76,424,3077,0.121108254784347,0.137796555086123,427,3553,0.107286432160804,0.120180129468055,342,2499,0.120380147835269,0.136854741896759,436,3634,0.107125307125307,0.119977985690699
C9orf16,74,195,0.275092936802974,0.37948717948718,66,163,0.2882096069869,0.404907975460123,58,292,0.165714285714286,0.198630136986301,110,447,0.197486535008977,0.246085011185682
C9orf24,2,5,0.285714285714286,0.4,1,11,0.0833333333333333,0.0909090909090909,0,4,0,0,7,22,0.241379310344828,0.318181818181818
C9orf3,158,403,0.281639928698752,0.392059553349876,229,447,0.338757396449704,0.512304250559284,137,338,0.288421052631579,0.405325443786982,300,857,0.259291270527226,0.350058343057176
C9orf72,58,445,0.115308151093439,0.130337078651685,29,215,0.118852459016393,0.134883720930233,22,326,0.0632183908045977,0.0674846625766871,6,247,0.0237154150197628,0.0242914979757085
CA5BP1,85,655,0.114864864864865,0.129770992366412,131,714,0.155029585798817,0.183473389355742,34,711,0.0456375838926174,0.0478199718706048,104,717,0.126674786845311,0.145048814504881
CA8,36,61,0.371134020618557,0.59016393442623,126,463,0.213921901528014,0.272138228941685,3,23,0.115384615384615,0.130434782608696,88,489,0.152512998266898,0.179959100204499
CAB39L,35,37,0.486111111111111,0.945945945945946,42,99,0.297872340425532,0.424242424242424,80,98,0.449438202247191,0.816326530612245,151,125,0.547101449275362,1.208
CACNA1C,0,0,NA,NA,0,0,NA,NA,2,0,1,Inf,1,10,0.0909090909090909,0.1
CACNB1,1,60,0.0163934426229508,0.0166666666666667,20,102,0.163934426229508,0.196078431372549,3,132,0.0222222222222222,0.0227272727272727,15,198,0.0704225352112676,0.0757575757575758
CACNB2,14,34,0.291666666666667,0.411764705882353,0,5,0,0,12,66,0.153846153846154,0.181818181818182,9,12,0.428571428571429,0.75
CACNB4,0,3,0,0,2,0,1,Inf,0,5,0,0,0,2,0,0
CADM4,4,16,0.2,0.25,0,29,0,0,4,13,0.235294117647059,0.307692307692308,2,9,0.181818181818182,0.222222222222222
CAMK1D,4,22,0.153846153846154,0.181818181818182,5,80,0.0588235294117647,0.0625,7,21,0.25,0.333333333333333,33,194,0.145374449339207,0.170103092783505
CAMK2A,0,0,NA,NA,0,1,0,0,0,3,0,0,1,2,0.333333333333333,0.5
CAMK2B,375,152,0.71157495256167,2.46710526315789,3,1,0.75,3,1114,459,0.708200890019072,2.42701525054466,25,1,0.961538461538462,25
CAMK4,8,12,0.4,0.666666666666667,4,88,0.0434782608695652,0.0454545454545455,1,1,0.5,1,21,271,0.0719178082191781,0.0774907749077491
CAMKMT,42,313,0.11830985915493,0.134185303514377,19,185,0.0931372549019608,0.102702702702703,58,342,0.145,0.169590643274854,36,157,0.186528497409326,0.229299363057325
CAMSAP3,55,318,0.14745308310992,0.172955974842767,22,337,0.0612813370473538,0.0652818991097923,28,471,0.0561122244488978,0.059447983014862,6,535,0.011090573012939,0.011214953271028
CAMTA2,93,794,0.104847801578354,0.117128463476071,86,609,0.123741007194245,0.141215106732348,90,565,0.137404580152672,0.15929203539823,111,658,0.144343302990897,0.168693009118541
CAPN8,6,5,0.545454545454545,1.2,0,3,0,0,1,5,0.166666666666667,0.2,0,0,NA,NA
CAPRIN1,914,5363,0.145610960649992,0.170426999813537,577,4777,0.10776989166978,0.120787104877538,530,4645,0.102415458937198,0.114101184068891,769,6654,0.10359692846558,0.115569582206192
CAPS2,21,19,0.525,1.10526315789474,30,45,0.4,0.666666666666667,14,19,0.424242424242424,0.736842105263158,18,61,0.227848101265823,0.295081967213115
CARD11,1,0,1,Inf,0,5,0,0,0,0,NA,NA,0,2,0,0
CARD14,4,14,0.222222222222222,0.285714285714286,4,7,0.363636363636364,0.571428571428571,5,2,0.714285714285714,2.5,37,2,0.948717948717949,18.5
CARF,5,16,0.238095238095238,0.3125,21,11,0.65625,1.90909090909091,8,16,0.333333333333333,0.5,2,41,0.0465116279069767,0.048780487804878
CARS,27,35,0.435483870967742,0.771428571428571,28,31,0.474576271186441,0.903225806451613,66,33,0.666666666666667,2,4,11,0.266666666666667,0.363636363636364
CASK,48,498,0.0879120879120879,0.0963855421686747,74,585,0.112291350531108,0.126495726495726,60,472,0.112781954887218,0.127118644067797,148,610,0.195250659630607,0.242622950819672
CAST,1030,3616,0.221696082651743,0.284845132743363,717,2915,0.197411894273128,0.245969125214408,1492,4634,0.243552073130917,0.321968062149331,967,3631,0.210308829926055,0.266317818782704
CASZ1,187,61,0.754032258064516,3.0655737704918,276,57,0.828828828828829,4.8421052631579,197,66,0.749049429657795,2.98484848484848,430,59,0.879345603271984,7.28813559322034
CATG00000001164.1,27,92,0.226890756302521,0.293478260869565,0,84,0,0,5,120,0.04,0.0416666666666667,17,71,0.193181818181818,0.23943661971831
CATG00000001203.1,0,2,0,0,0,2,0,0,0,0,NA,NA,29,1,0.966666666666667,29
CATG00000002383.1,8,0,1,Inf,18,1,0.947368421052632,18,0,4,0,0,12,5,0.705882352941177,2.4
CATG00000002384.1,0,8,0,0,0,18,0,0,9,0,1,Inf,0,12,0,0
CATG00000002485.1,2,9,0.181818181818182,0.222222222222222,3,0,1,Inf,10,7,0.588235294117647,1.42857142857143,0,0,NA,NA
CATG00000002757.1,35,18,0.660377358490566,1.94444444444444,16,8,0.666666666666667,2,10,47,0.175438596491228,0.212765957446809,0,42,0,0
CATG00000003762.1,0,1,0,0,11,0,1,Inf,0,8,0,0,0,0,NA,NA
CATG00000004409.1,35,1,0.972222222222222,35,90,33,0.731707317073171,2.72727272727273,38,4,0.904761904761905,9.5,93,50,0.65034965034965,1.86
CATG00000004684.1,1,0,1,Inf,0,0,NA,NA,3,4,0.428571428571429,0.75,4,12,0.25,0.333333333333333
CATG00000005769.1,35,13,0.729166666666667,2.69230769230769,35,57,0.380434782608696,0.614035087719298,52,42,0.553191489361702,1.23809523809524,67,77,0.465277777777778,0.87012987012987
CATG00000006104.1,18,21,0.461538461538462,0.857142857142857,24,21,0.533333333333333,1.14285714285714,8,13,0.380952380952381,0.615384615384615,25,27,0.480769230769231,0.925925925925926
CATG00000007462.1,0,2,0,0,0,0,NA,NA,14,2,0.875,7,0,0,NA,NA
CATG00000010922.1,2,14,0.125,0.142857142857143,0,0,NA,NA,9,4,0.692307692307692,2.25,0,0,NA,NA
CATG00000011881.1,2,2,0.5,1,5,0,1,Inf,4,0,1,Inf,2,2,0.5,1
CATG00000013862.1,9,16,0.36,0.5625,13,0,1,Inf,6,7,0.461538461538462,0.857142857142857,8,1,0.888888888888889,8
CATG00000014387.1,0,0,NA,NA,105,23,0.8203125,4.56521739130435,0,2,0,0,130,54,0.706521739130435,2.40740740740741
CATG00000014483.1,22,10,0.6875,2.2,9,18,0.333333333333333,0.5,11,11,0.5,1,19,1,0.95,19
CATG00000015288.1,9,0,1,Inf,0,0,NA,NA,20,10,0.666666666666667,2,0,1,0,0
CATG00000015792.1,4,43,0.0851063829787234,0.0930232558139535,2,68,0.0285714285714286,0.0294117647058824,12,65,0.155844155844156,0.184615384615385,0,1,0,0
CATG00000016591.1,9,3,0.75,3,10,2,0.833333333333333,5,1,0,1,Inf,23,5,0.821428571428571,4.6
CATG00000016989.1,5,66,0.0704225352112676,0.0757575757575758,8,28,0.222222222222222,0.285714285714286,8,64,0.111111111111111,0.125,0,20,0,0
CATG00000018140.1,0,0,NA,NA,8,2,0.8,4,0,1,0,0,0,16,0,0
CATG00000020185.1,0,36,0,0,0,7,0,0,9,11,0.45,0.818181818181818,0,4,0,0
CATG00000022101.1,13,0,1,Inf,3,2,0.6,1.5,3,12,0.2,0.25,2,0,1,Inf
CATG00000023028.1,4,15,0.210526315789474,0.266666666666667,0,19,0,0,4,27,0.129032258064516,0.148148148148148,0,54,0,0
CATG00000023586.1,0,3,0,0,2,1,0.666666666666667,2,9,3,0.75,3,8,0,1,Inf
CATG00000023887.1,6,13,0.31578947368421,0.461538461538462,8,0,1,Inf,10,8,0.555555555555556,1.25,21,3,0.875,7
CATG00000025912.1,0,0,NA,NA,0,3,0,0,2,6,0.25,0.333333333333333,0,0,NA,NA
CATG00000030039.1,7,0,1,Inf,7,0,1,Inf,7,9,0.4375,0.777777777777778,4,12,0.25,0.333333333333333
CATG00000030283.1,1,0,1,Inf,0,4,0,0,3,0,1,Inf,0,25,0,0
CATG00000030837.1,2,0,1,Inf,0,0,NA,NA,0,1,0,0,0,1,0,0
CATG00000034064.1,35,0,1,Inf,10,3,0.769230769230769,3.33333333333333,9,4,0.692307692307692,2.25,2,0,1,Inf
CATG00000035504.1,2,9,0.181818181818182,0.222222222222222,0,2,0,0,2,0,1,Inf,4,10,0.285714285714286,0.4
CATG00000035584.1,2,5,0.285714285714286,0.4,16,0,1,Inf,0,0,NA,NA,0,6,0,0
CATG00000037549.1,21,0,1,Inf,7,11,0.388888888888889,0.636363636363636,15,0,1,Inf,0,0,NA,NA
CATG00000037789.1,7,5,0.583333333333333,1.4,0,25,0,0,1,6,0.142857142857143,0.166666666666667,0,0,NA,NA
CATG00000038435.1,2,0,1,Inf,0,0,NA,NA,0,1,0,0,0,6,0,0
CATG00000042652.1,0,2,0,0,0,0,NA,NA,8,4,0.666666666666667,2,1,1,0.5,1
CATG00000046365.1,0,7,0,0,1,1,0.5,1,0,2,0,0,0,1,0,0
CATG00000047337.1,0,0,NA,NA,0,0,NA,NA,0,11,0,0,2,4,0.333333333333333,0.5
CATG00000047487.1,0,12,0,0,0,12,0,0,0,29,0,0,6,20,0.230769230769231,0.3
CATG00000048453.1,6,14,0.3,0.428571428571429,8,40,0.166666666666667,0.2,0,17,0,0,0,24,0,0
CATG00000048580.1,19,84,0.184466019417476,0.226190476190476,10,64,0.135135135135135,0.15625,16,57,0.219178082191781,0.280701754385965,9,46,0.163636363636364,0.195652173913043
CATG00000050185.1,34,22,0.607142857142857,1.54545454545455,0,0,NA,NA,6,14,0.3,0.428571428571429,3,0,1,Inf
CATG00000052079.1,3,10,0.230769230769231,0.3,5,8,0.384615384615385,0.625,10,0,1,Inf,0,0,NA,NA
CATG00000052211.1,7,11,0.388888888888889,0.636363636363636,3,11,0.214285714285714,0.272727272727273,5,5,0.5,1,34,10,0.772727272727273,3.4
CATG00000052231.1,0,0,NA,NA,24,3,0.888888888888889,8,0,0,NA,NA,38,12,0.76,3.16666666666667
CATG00000053438.1,50,43,0.53763440860215,1.16279069767442,115,14,0.891472868217054,8.21428571428571,51,7,0.879310344827586,7.28571428571429,117,50,0.70059880239521,2.34
CATG00000055064.1,0,4,0,0,0,9,0,0,0,2,0,0,1,0,1,Inf
CATG00000055413.1,1,15,0.0625,0.0666666666666667,0,9,0,0,0,87,0,0,8,4,0.666666666666667,2
CATG00000057917.1,0,48,0,0,5,16,0.238095238095238,0.3125,0,29,0,0,31,48,0.392405063291139,0.645833333333333
CATG00000059277.1,15,3,0.833333333333333,5,13,3,0.8125,4.33333333333333,19,11,0.633333333333333,1.72727272727273,3,25,0.107142857142857,0.12
CATG00000059322.1,0,3,0,0,0,0,NA,NA,10,5,0.666666666666667,2,0,2,0,0
CATG00000062350.1,8,10,0.444444444444444,0.8,0,7,0,0,0,8,0,0,34,7,0.829268292682927,4.85714285714286
CATG00000062805.1,17,0,1,Inf,12,2,0.857142857142857,6,13,1,0.928571428571429,13,29,5,0.852941176470588,5.8
CATG00000063132.1,1,3,0.25,0.333333333333333,9,5,0.642857142857143,1.8,3,8,0.272727272727273,0.375,26,0,1,Inf
CATG00000063734.1,284,113,0.71536523929471,2.51327433628319,407,202,0.668308702791461,2.01485148514851,271,69,0.797058823529412,3.92753623188406,371,177,0.677007299270073,2.09604519774011
CATG00000064078.1,34,10,0.772727272727273,3.4,21,4,0.84,5.25,5,10,0.333333333333333,0.5,52,0,1,Inf
CATG00000064160.1,4,24,0.142857142857143,0.166666666666667,5,0,1,Inf,0,11,0,0,2,36,0.0526315789473684,0.0555555555555556
CATG00000065425.1,15,1,0.9375,15,1,0,1,Inf,22,1,0.956521739130435,22,4,0,1,Inf
CATG00000067155.1,1,6,0.142857142857143,0.166666666666667,0,2,0,0,4,16,0.2,0.25,0,0,NA,NA
CATG00000069999.1,7,0,1,Inf,2,1,0.666666666666667,2,4,1,0.8,4,22,18,0.55,1.22222222222222
CATG00000071420.1,0,0,NA,NA,0,5,0,0,0,8,0,0,7,0,1,Inf
CATG00000071573.1,0,10,0,0,0,0,NA,NA,0,0,NA,NA,1,3,0.25,0.333333333333333
CATG00000071765.1,0,6,0,0,8,6,0.571428571428571,1.33333333333333,5,14,0.263157894736842,0.357142857142857,1,0,1,Inf
CATG00000072127.1,0,24,0,0,0,26,0,0,4,44,0.0833333333333333,0.0909090909090909,1,1,0.5,1
CATG00000072866.1,49,1,0.98,49,32,4,0.888888888888889,8,29,23,0.557692307692308,1.26086956521739,60,22,0.731707317073171,2.72727272727273
CATG00000072877.1,14,1,0.933333333333333,14,21,2,0.91304347826087,10.5,0,4,0,0,1,5,0.166666666666667,0.2
CATG00000073068.1,0,0,NA,NA,6,0,1,Inf,0,2,0,0,0,29,0,0
CATG00000073077.1,3,5,0.375,0.6,11,0,1,Inf,4,0,1,Inf,0,2,0,0
CATG00000076016.1,76,149,0.337777777777778,0.51006711409396,162,238,0.405,0.680672268907563,164,111,0.596363636363636,1.47747747747748,198,399,0.331658291457286,0.496240601503759
CATG00000077150.1,0,1,0,0,12,0,1,Inf,8,6,0.571428571428571,1.33333333333333,0,1,0,0
CATG00000077249.1,0,2,0,0,0,0,NA,NA,0,8,0,0,1,0,1,Inf
CATG00000077434.1,6,2,0.75,3,0,2,0,0,1,1,0.5,1,0,0,NA,NA
CATG00000078680.1,5,3,0.625,1.66666666666667,10,12,0.454545454545455,0.833333333333333,0,6,0,0,0,8,0,0
CATG00000078979.1,4,4,0.5,1,0,0,NA,NA,0,0,NA,NA,0,4,0,0
CATG00000080151.1,32,8,0.8,4,6,0,1,Inf,16,22,0.421052631578947,0.727272727272727,8,21,0.275862068965517,0.380952380952381
CATG00000080944.1,0,17,0,0,7,41,0.145833333333333,0.170731707317073,1,15,0.0625,0.0666666666666667,31,11,0.738095238095238,2.81818181818182
CATG00000081813.1,6,7,0.461538461538462,0.857142857142857,16,0,1,Inf,0,5,0,0,5,0,1,Inf
CATG00000082600.1,1,4,0.2,0.25,0,32,0,0,0,0,NA,NA,0,21,0,0
CATG00000082855.1,0,0,NA,NA,3,0,1,Inf,0,22,0,0,0,0,NA,NA
CATG00000086393.1,4,28,0.125,0.142857142857143,0,14,0,0,0,13,0,0,0,0,NA,NA
CATG00000086622.1,0,29,0,0,0,14,0,0,0,28,0,0,19,21,0.475,0.904761904761905
CATG00000087066.1,17,5,0.772727272727273,3.4,5,3,0.625,1.66666666666667,18,0,1,Inf,10,5,0.666666666666667,2
CATG00000089732.1,12,10,0.545454545454545,1.2,6,7,0.461538461538462,0.857142857142857,8,12,0.4,0.666666666666667,1,7,0.125,0.142857142857143
CATG00000089740.1,3,7,0.3,0.428571428571429,10,0,1,Inf,2,6,0.25,0.333333333333333,12,15,0.444444444444444,0.8
CATG00000090200.1,11,1,0.916666666666667,11,12,9,0.571428571428571,1.33333333333333,5,4,0.555555555555556,1.25,1,3,0.25,0.333333333333333
CATG00000092477.1,9,4,0.692307692307692,2.25,5,1,0.833333333333333,5,0,8,0,0,0,9,0,0
CATG00000094365.1,0,5,0,0,8,11,0.421052631578947,0.727272727272727,0,17,0,0,17,29,0.369565217391304,0.586206896551724
CATG00000095417.1,1,20,0.0476190476190476,0.05,10,1,0.909090909090909,10,0,21,0,0,0,8,0,0
CATG00000095804.1,12,19,0.387096774193548,0.631578947368421,0,2,0,0,17,12,0.586206896551724,1.41666666666667,9,0,1,Inf
CATG00000096817.1,9,89,0.0918367346938776,0.101123595505618,0,40,0,0,6,72,0.0769230769230769,0.0833333333333333,3,23,0.115384615384615,0.130434782608696
CATG00000097441.1,7,4,0.636363636363636,1.75,0,7,0,0,2,0,1,Inf,0,0,NA,NA
CATG00000098023.1,0,1,0,0,9,0,1,Inf,8,13,0.380952380952381,0.615384615384615,1,14,0.0666666666666667,0.0714285714285714
CATG00000098381.1,0,7,0,0,4,6,0.4,0.666666666666667,1,0,1,Inf,0,11,0,0
CATG00000101216.1,4,4,0.5,1,0,3,0,0,2,6,0.25,0.333333333333333,13,19,0.40625,0.68421052631579
CATG00000103898.1,31,20,0.607843137254902,1.55,45,9,0.833333333333333,5,10,14,0.416666666666667,0.714285714285714,52,14,0.787878787878788,3.71428571428571
CATG00000104225.1,0,0,NA,NA,0,0,NA,NA,0,0,NA,NA,35,9,0.795454545454545,3.88888888888889
CATG00000106380.1,0,7,0,0,0,4,0,0,2,12,0.142857142857143,0.166666666666667,2,0,1,Inf
CATG00000106954.1,51,103,0.331168831168831,0.495145631067961,18,99,0.153846153846154,0.181818181818182,27,71,0.275510204081633,0.380281690140845,161,100,0.616858237547893,1.61
CATG00000107141.1,1,0,1,Inf,0,0,NA,NA,1,4,0.2,0.25,2,15,0.117647058823529,0.133333333333333
CATG00000108939.1,0,2,0,0,20,4,0.833333333333333,5,0,3,0,0,0,7,0,0
CATG00000111728.1,20,6,0.769230769230769,3.33333333333333,12,0,1,Inf,32,3,0.914285714285714,10.6666666666667,32,9,0.780487804878049,3.55555555555556
CATG00000113640.1,7,4,0.636363636363636,1.75,0,0,NA,NA,10,10,0.5,1,5,3,0.625,1.66666666666667
CATG00000115290.1,0,2,0,0,2,0,1,Inf,0,1,0,0,0,0,NA,NA
CATG00000116155.1,4,3,0.571428571428571,1.33333333333333,0,0,NA,NA,2,3,0.4,0.666666666666667,4,6,0.4,0.666666666666667
CATG00000116783.1,0,0,NA,NA,24,14,0.631578947368421,1.71428571428571,1,0,1,Inf,3,3,0.5,1
CATG00000116884.1,10,0,1,Inf,0,0,NA,NA,0,0,NA,NA,0,7,0,0
CATG00000117079.1,0,12,0,0,3,9,0.25,0.333333333333333,0,8,0,0,11,0,1,Inf
CATG00000117727.1,13,0,1,Inf,0,0,NA,NA,1,2,0.333333333333333,0.5,0,2,0,0
CATSPER2,23,14,0.621621621621622,1.64285714285714,10,8,0.555555555555556,1.25,23,29,0.442307692307692,0.793103448275862,29,30,0.491525423728814,0.966666666666667
CATSPERG,4,0,1,Inf,0,2,0,0,0,1,0,0,2,0,1,Inf
CBFA2T2,266,407,0.395245170876672,0.653562653562654,502,719,0.411138411138411,0.698191933240612,315,630,0.333333333333333,0.5,656,1047,0.385202583675866,0.626552053486151
CBL,114,673,0.144853875476493,0.169390787518574,116,1181,0.0894371626831149,0.0982218458933107,71,738,0.0877626699629172,0.0962059620596206,65,1317,0.0470332850940666,0.0493545937737282
CBLB,33,200,0.141630901287554,0.165,123,340,0.265658747300216,0.361764705882353,69,247,0.218354430379747,0.279352226720648,167,498,0.251127819548872,0.335341365461847
CBWD2,41,5,0.891304347826087,8.2,25,3,0.892857142857143,8.33333333333333,39,16,0.709090909090909,2.4375,47,0,1,Inf
CC2D1A,107,262,0.289972899728997,0.408396946564886,35,329,0.0961538461538462,0.106382978723404,37,344,0.0971128608923885,0.107558139534884,81,584,0.121804511278195,0.138698630136986
CC2D2A,66,482,0.12043795620438,0.136929460580913,49,258,0.159609120521173,0.189922480620155,95,464,0.16994633273703,0.204741379310345,192,189,0.503937007874016,1.01587301587302
CCAR1,253,3572,0.0661437908496732,0.0708286674132139,228,3655,0.0587174864795261,0.0623803009575923,211,2672,0.0731876517516476,0.0789670658682635,794,3904,0.169008088548318,0.203381147540984
CCDC102A,10,170,0.0555555555555556,0.0588235294117647,31,349,0.0815789473684211,0.0888252148997135,5,219,0.0223214285714286,0.0228310502283105,67,490,0.120287253141831,0.136734693877551
CCDC102B,45,40,0.529411764705882,1.125,40,17,0.701754385964912,2.35294117647059,40,53,0.43010752688172,0.754716981132076,31,20,0.607843137254902,1.55
CCDC122,38,77,0.330434782608696,0.493506493506494,40,126,0.240963855421687,0.317460317460317,37,70,0.345794392523364,0.528571428571429,99,222,0.308411214953271,0.445945945945946
CCDC126,58,57,0.504347826086956,1.01754385964912,63,157,0.286363636363636,0.401273885350318,56,90,0.383561643835616,0.622222222222222,91,271,0.251381215469613,0.335793357933579
CCDC136,2,33,0.0571428571428571,0.0606060606060606,17,76,0.182795698924731,0.223684210526316,6,18,0.25,0.333333333333333,9,112,0.0743801652892562,0.0803571428571429
CCDC138,443,83,0.842205323193916,5.33734939759036,342,56,0.85929648241206,6.10714285714286,322,129,0.713968957871397,2.49612403100775,263,87,0.751428571428571,3.02298850574713
CCDC146,11,83,0.117021276595745,0.132530120481928,0,25,0,0,4,118,0.0327868852459016,0.0338983050847458,1,88,0.0112359550561798,0.0113636363636364
CCDC148,0,0,NA,NA,8,17,0.32,0.470588235294118,6,6,0.5,1,1,0,1,Inf
CCDC153,5,13,0.277777777777778,0.384615384615385,1,34,0.0285714285714286,0.0294117647058824,0,31,0,0,0,51,0,0
CCDC169-SOHLH2,18,3,0.857142857142857,6,3,0,1,Inf,19,15,0.558823529411765,1.26666666666667,21,11,0.65625,1.90909090909091
CCDC170,0,0,NA,NA,2,0,1,Inf,0,2,0,0,1,7,0.125,0.142857142857143
CCDC171,10,40,0.2,0.25,21,23,0.477272727272727,0.91304347826087,11,20,0.354838709677419,0.55,17,49,0.257575757575758,0.346938775510204
CCDC173,37,0,1,Inf,83,11,0.882978723404255,7.54545454545455,23,5,0.821428571428571,4.6,64,27,0.703296703296703,2.37037037037037
CCDC18,104,141,0.424489795918367,0.73758865248227,147,228,0.392,0.644736842105263,60,153,0.28169014084507,0.392156862745098,111,156,0.415730337078652,0.711538461538462
CCDC180,0,55,0,0,15,79,0.159574468085106,0.189873417721519,6,52,0.103448275862069,0.115384615384615,1,113,0.0087719298245614,0.00884955752212389
CCDC186,10,158,0.0595238095238095,0.0632911392405063,17,314,0.0513595166163142,0.054140127388535,37,157,0.190721649484536,0.235668789808917,37,382,0.0883054892601432,0.0968586387434555
CCDC191,3,28,0.0967741935483871,0.107142857142857,6,85,0.0659340659340659,0.0705882352941176,0,34,0,0,6,70,0.0789473684210526,0.0857142857142857
CCDC3,0,6,0,0,2,32,0.0588235294117647,0.0625,0,13,0,0,82,60,0.577464788732394,1.36666666666667
CCDC34,251,970,0.205569205569206,0.258762886597938,256,1084,0.191044776119403,0.236162361623616,143,1043,0.120573355817875,0.137104506232023,309,952,0.245043616177637,0.324579831932773
CCDC57,39,145,0.21195652173913,0.268965517241379,41,115,0.262820512820513,0.356521739130435,90,224,0.286624203821656,0.401785714285714,101,192,0.344709897610922,0.526041666666667
CCDC66,62,372,0.142857142857143,0.166666666666667,37,269,0.120915032679739,0.137546468401487,45,308,0.127478753541076,0.146103896103896,77,276,0.218130311614731,0.278985507246377
CCDC7,17,2,0.894736842105263,8.5,29,10,0.743589743589744,2.9,33,13,0.717391304347826,2.53846153846154,40,44,0.476190476190476,0.909090909090909
CCDC82,81,396,0.169811320754717,0.204545454545455,85,627,0.11938202247191,0.135566188197767,88,338,0.206572769953052,0.260355029585799,107,629,0.145380434782609,0.170111287758347
CCDC88A,55,274,0.167173252279635,0.200729927007299,58,251,0.187702265372168,0.231075697211155,54,208,0.206106870229008,0.259615384615385,128,316,0.288288288288288,0.40506329113924
CCDC88C,675,753,0.472689075630252,0.896414342629482,708,455,0.608770421324162,1.55604395604396,796,958,0.45381984036488,0.83089770354906,651,582,0.527980535279805,1.11855670103093
CCL28,17,0,1,Inf,37,12,0.755102040816326,3.08333333333333,12,21,0.363636363636364,0.571428571428571,6,40,0.130434782608696,0.15
CCNE2,56,367,0.132387706855792,0.152588555858311,36,588,0.0576923076923077,0.0612244897959184,6,250,0.0234375,0.024,20,749,0.0260078023407022,0.0267022696929239
CCNL2,1077,2373,0.312173913043478,0.45385587863464,1219,2988,0.289755169954837,0.407965194109772,1507,3218,0.318941798941799,0.468303293971411,1677,4738,0.261418550272798,0.353946813001266
CCPG1,546,97,0.849144634525661,5.62886597938144,1150,270,0.809859154929577,4.25925925925926,441,118,0.788908765652952,3.73728813559322,1730,468,0.787079162875341,3.6965811965812
CD101,15,5,0.75,3,0,43,0,0,4,29,0.121212121212121,0.137931034482759,0,50,0,0
CD22,0,8,0,0,0,0,NA,NA,0,2,0,0,7,0,1,Inf
CD274,8,7,0.533333333333333,1.14285714285714,22,47,0.318840579710145,0.468085106382979,14,11,0.56,1.27272727272727,2,35,0.0540540540540541,0.0571428571428571
CD302,9,11,0.45,0.818181818181818,1,3,0.25,0.333333333333333,0,6,0,0,9,0,1,Inf
CD36,7,4,0.636363636363636,1.75,7,5,0.583333333333333,1.4,31,15,0.673913043478261,2.06666666666667,0,0,NA,NA
CD40,0,81,0,0,16,219,0.0680851063829787,0.0730593607305936,19,77,0.197916666666667,0.246753246753247,34,296,0.103030303030303,0.114864864864865
CD55,604,5411,0.100415627597672,0.111624468674921,349,2081,0.143621399176955,0.167707832772705,875,3026,0.224301461163804,0.28916060806345,340,1771,0.161061108479394,0.191981931112366
CD58,575,676,0.459632294164668,0.850591715976331,370,1163,0.241356816699282,0.318142734307825,382,884,0.30173775671406,0.432126696832579,519,1511,0.255665024630542,0.343481138318994
CD70,444,114,0.795698924731183,3.89473684210526,228,54,0.808510638297872,4.22222222222222,531,78,0.87192118226601,6.80769230769231,354,51,0.874074074074074,6.94117647058824
CDC14B,29,155,0.157608695652174,0.187096774193548,1,170,0.00584795321637427,0.00588235294117647,11,105,0.0948275862068965,0.104761904761905,0,234,0,0
CDC23,348,2122,0.140890688259109,0.163996229971725,152,2018,0.0700460829493088,0.0753221010901883,227,1647,0.121131270010672,0.137826350941105,254,2390,0.0960665658093797,0.106276150627615
CDC42BPA,143,1666,0.0790491984521835,0.0858343337334934,297,3576,0.0766847405112316,0.0830536912751678,153,1736,0.080995235574378,0.0881336405529954,344,4423,0.0721627858191735,0.077775265656794
CDC42EP4,117,1571,0.0693127962085308,0.0744748567791216,62,800,0.0719257540603248,0.0775,160,2871,0.0527878587924777,0.0557297109021247,90,897,0.0911854103343465,0.100334448160535
CDCA4,864,1758,0.329519450800915,0.491467576791809,809,2226,0.266556836902801,0.363432165318958,638,1686,0.274526678141136,0.37841043890866,1074,2192,0.32884262094305,0.489963503649635
CDCP1,1007,2841,0.261694386694387,0.35445265751496,777,2969,0.207421249332621,0.261704277534523,1193,4058,0.227194820034279,0.293987185805816,2320,2841,0.449525285797326,0.816613868356213
CDH11,10,6,0.625,1.66666666666667,12,284,0.0405405405405405,0.0422535211267606,0,0,NA,NA,1,1046,0.000955109837631328,0.000956022944550669
CDH23,0,1,0,0,0,0,NA,NA,3,4,0.428571428571429,0.75,0,0,NA,NA
CDH24,12,56,0.176470588235294,0.214285714285714,15,101,0.129310344827586,0.148514851485149,2,102,0.0192307692307692,0.0196078431372549,17,332,0.0487106017191977,0.0512048192771084
CDK13,110,1091,0.0915903413821815,0.100824931255729,145,1655,0.0805555555555556,0.0876132930513595,103,1234,0.0770381451009723,0.0834683954619125,203,2377,0.0786821705426357,0.085401766933109
CDK18,119,167,0.416083916083916,0.712574850299401,57,116,0.329479768786127,0.491379310344828,171,339,0.335294117647059,0.504424778761062,113,228,0.331378299120235,0.495614035087719
CDK6,352,2115,0.142683421159303,0.166430260047281,1064,3412,0.237712243074173,0.311840562719812,648,1402,0.31609756097561,0.462196861626248,1201,3411,0.26040763226366,0.352096159484022
CDKL1,18,216,0.0769230769230769,0.0833333333333333,14,82,0.145833333333333,0.170731707317073,61,114,0.348571428571429,0.535087719298246,16,54,0.228571428571429,0.296296296296296
CDKN2AIPNL,163,582,0.218791946308725,0.280068728522337,167,498,0.251127819548872,0.335341365461847,170,383,0.307414104882459,0.443864229765013,221,550,0.286640726329442,0.401818181818182
CDNF,1,9,0.1,0.111111111111111,0,1,0,0,14,17,0.451612903225806,0.823529411764706,5,5,0.5,1
CDON,7,93,0.07,0.0752688172043011,24,48,0.333333333333333,0.5,48,179,0.211453744493392,0.268156424581006,12,126,0.0869565217391304,0.0952380952380952
CDR2,81,713,0.102015113350126,0.113604488078541,79,1216,0.061003861003861,0.0649671052631579,27,498,0.0514285714285714,0.0542168674698795,46,852,0.0512249443207127,0.0539906103286385
CDV3,866,12286,0.065845498783455,0.0704867328666775,952,13810,0.0644899065167322,0.0689355539464156,930,10310,0.0827402135231317,0.0902036857419981,911,14769,0.0580994897959184,0.0616832554675333
CEACAM19,5,50,0.0909090909090909,0.1,11,26,0.297297297297297,0.423076923076923,0,49,0,0,0,46,0,0
CELF1,2633,4599,0.364076327433628,0.572515764296586,3116,5778,0.350348549583989,0.539286950501904,2570,4905,0.3438127090301,0.523955147808359,3978,5809,0.40645754572392,0.684799449130659
CELF5,3,2,0.6,1.5,2,0,1,Inf,1,4,0.2,0.25,5,49,0.0925925925925926,0.102040816326531
CELF6,0,4,0,0,0,6,0,0,0,0,NA,NA,5,19,0.208333333333333,0.263157894736842
CELSR1,164,1247,0.116229624379872,0.131515637530072,161,1706,0.0862346009641135,0.0943728018757327,93,1450,0.0602721970187946,0.0641379310344828,228,3317,0.0643159379407616,0.068736810370817
CEP104,113,331,0.254504504504505,0.341389728096677,52,263,0.165079365079365,0.197718631178707,52,281,0.156156156156156,0.185053380782918,30,249,0.10752688172043,0.120481927710843
CEP112,99,104,0.487684729064039,0.951923076923077,165,199,0.453296703296703,0.829145728643216,126,159,0.442105263157895,0.792452830188679,240,171,0.583941605839416,1.40350877192982
CEP135,40,193,0.171673819742489,0.207253886010363,41,262,0.135313531353135,0.156488549618321,30,148,0.168539325842697,0.202702702702703,56,356,0.135922330097087,0.157303370786517
CEP152,43,653,0.0617816091954023,0.0658499234303216,69,684,0.0916334661354582,0.100877192982456,49,556,0.0809917355371901,0.0881294964028777,65,599,0.0978915662650602,0.108514190317195
CEP290,2,191,0.0103626943005181,0.0104712041884817,34,147,0.187845303867403,0.231292517006803,19,114,0.142857142857143,0.166666666666667,15,207,0.0675675675675676,0.072463768115942
CEP295,165,486,0.253456221198157,0.339506172839506,263,574,0.314217443249701,0.458188153310105,174,447,0.280193236714976,0.389261744966443,406,675,0.375578168362627,0.601481481481482
CEP57,200,1116,0.151975683890578,0.17921146953405,156,961,0.139659803043867,0.162330905306972,155,1096,0.123900879296563,0.141423357664234,262,1510,0.147855530474041,0.173509933774834
CEP57L1,219,45,0.829545454545455,4.86666666666667,306,137,0.690744920993228,2.23357664233577,147,59,0.713592233009709,2.49152542372881,251,68,0.786833855799373,3.69117647058824
CEP63,809,201,0.800990099009901,4.02487562189055,865,208,0.806150978564772,4.15865384615385,683,140,0.829890643985419,4.87857142857143,1035,179,0.852553542009885,5.78212290502793
CEP68,26,174,0.13,0.149425287356322,45,289,0.134730538922156,0.155709342560554,37,278,0.117460317460317,0.133093525179856,99,338,0.226544622425629,0.292899408284024
CEP70,111,262,0.297587131367292,0.423664122137405,109,250,0.303621169916435,0.436,87,255,0.254385964912281,0.341176470588235,158,376,0.295880149812734,0.420212765957447
CEP78,522,138,0.790909090909091,3.78260869565217,491,151,0.764797507788162,3.25165562913907,315,93,0.772058823529412,3.38709677419355,472,148,0.761290322580645,3.18918918918919
CEP83,69,57,0.547619047619048,1.21052631578947,85,27,0.758928571428571,3.14814814814815,87,32,0.73109243697479,2.71875,126,51,0.711864406779661,2.47058823529412
CEP85L,0,101,0,0,46,153,0.231155778894472,0.300653594771242,3,69,0.0416666666666667,0.0434782608695652,19,179,0.095959595959596,0.106145251396648
CEP89,225,141,0.614754098360656,1.59574468085106,447,224,0.666169895678092,1.99553571428571,227,131,0.634078212290503,1.73282442748092,402,423,0.487272727272727,0.950354609929078
CERCAM,27,37,0.421875,0.72972972972973,93,314,0.228501228501229,0.296178343949045,5,22,0.185185185185185,0.227272727272727,62,650,0.0870786516853933,0.0953846153846154
CERS1,6,0,1,Inf,5,4,0.555555555555556,1.25,9,2,0.818181818181818,4.5,0,0,NA,NA
CES3,0,7,0,0,0,0,NA,NA,10,18,0.357142857142857,0.555555555555556,0,3,0,0
CFAP206,5,5,0.5,1,0,8,0,0,0,12,0,0,5,33,0.131578947368421,0.151515151515152
CFAP36,84,901,0.0852791878172589,0.0932297447280799,87,726,0.107011070110701,0.119834710743802,71,1011,0.0656192236598891,0.0702274975272008,137,1015,0.118923611111111,0.134975369458128
CFAP44,31,34,0.476923076923077,0.911764705882353,8,74,0.0975609756097561,0.108108108108108,29,110,0.20863309352518,0.263636363636364,21,71,0.228260869565217,0.295774647887324
CFAP57,0,1,0,0,1,0,1,Inf,0,10,0,0,0,0,NA,NA
CFAP61,0,0,NA,NA,3,0,1,Inf,14,8,0.636363636363636,1.75,0,1,0,0
CFAP70,0,1,0,0,13,10,0.565217391304348,1.3,10,5,0.666666666666667,2,0,10,0,0
CFH,213,1463,0.12708830548926,0.145591250854409,223,806,0.216715257531584,0.276674937965261,341,1430,0.192546583850932,0.238461538461538,299,1703,0.149350649350649,0.175572519083969
CFL1P1,8,4,0.666666666666667,2,21,8,0.724137931034483,2.625,28,2,0.933333333333333,14,11,6,0.647058823529412,1.83333333333333
CFLAR,943,189,0.833038869257951,4.98941798941799,704,354,0.665406427221172,1.98870056497175,844,506,0.625185185185185,1.66798418972332,777,755,0.507180156657963,1.02913907284768
CFP,2,13,0.133333333333333,0.153846153846154,0,1,0,0,1,2,0.333333333333333,0.5,0,2,0,0
CGNL1,0,15,0,0,0,0,NA,NA,5,9,0.357142857142857,0.555555555555556,0,0,NA,NA
CGREF1,276,79,0.777464788732394,3.49367088607595,146,38,0.793478260869565,3.8421052631579,292,121,0.707021791767555,2.41322314049587,184,28,0.867924528301887,6.57142857142857
CHADL,0,21,0,0,10,1,0.909090909090909,10,0,31,0,0,0,0,NA,NA
CHAF1B,172,1394,0.109833971902937,0.12338593974175,143,1086,0.116354759967453,0.131675874769797,152,971,0.135351736420303,0.15653964984552,44,668,0.0617977528089888,0.0658682634730539
CHAMP1,354,1929,0.155059132720105,0.183514774494557,285,2221,0.113727055067837,0.128320576316974,288,2020,0.124783362218371,0.142574257425743,255,2384,0.0966275104206139,0.106963087248322
CHD5,0,1,0,0,0,0,NA,NA,0,1,0,0,4,3,0.571428571428571,1.33333333333333
CHD6,60,228,0.208333333333333,0.263157894736842,11,326,0.0326409495548961,0.0337423312883436,24,291,0.0761904761904762,0.0824742268041237,34,300,0.101796407185629,0.113333333333333
CHEK1,1302,899,0.591549295774648,1.44827586206897,1373,927,0.59695652173913,1.48112189859763,985,909,0.520063357972545,1.08360836083608,1359,1090,0.554920375663536,1.24678899082569
CHID1,4319,2204,0.662118657059635,1.95961887477314,3341,2472,0.574746258386375,1.35153721682848,4174,3539,0.54116426811876,1.17942921729302,3356,4389,0.433311814073596,0.764638869902028
CHM,79,1236,0.0600760456273764,0.063915857605178,109,1740,0.0589507842076798,0.0626436781609195,83,977,0.0783018867924528,0.0849539406345957,103,1938,0.0504654581087702,0.0531475748194014
CHN2,33,31,0.515625,1.06451612903226,30,16,0.652173913043478,1.875,7,51,0.120689655172414,0.137254901960784,8,19,0.296296296296296,0.421052631578947
CHPF,234,1643,0.124667021843367,0.142422398052343,313,2206,0.124255657006749,0.141885766092475,295,2447,0.107585703865791,0.120555782590928,256,3361,0.0707768869228643,0.076167807200238
CHRM3,6,0,1,Inf,0,0,NA,NA,5,8,0.384615384615385,0.625,0,0,NA,NA
CHRNA10,0,9,0,0,0,37,0,0,0,49,0,0,7,29,0.194444444444444,0.241379310344828
CHRNA5,232,177,0.567237163814181,1.31073446327684,300,122,0.710900473933649,2.45901639344262,128,139,0.47940074906367,0.920863309352518,415,261,0.613905325443787,1.59003831417625
CHST10,25,183,0.120192307692308,0.136612021857924,6,224,0.0260869565217391,0.0267857142857143,6,123,0.0465116279069767,0.048780487804878,28,406,0.0645161290322581,0.0689655172413793
CHURC1-FNTB,3500,1118,0.75790385448246,3.13059033989267,3225,1004,0.762591629226768,3.21215139442231,3308,1249,0.725916172920781,2.64851881505204,3290,1020,0.763341067285383,3.22549019607843
CIR1,130,237,0.354223433242507,0.548523206751055,113,211,0.348765432098765,0.535545023696682,71,181,0.281746031746032,0.392265193370166,199,507,0.281869688385269,0.392504930966469
CKAP2,407,1038,0.281660899653979,0.392100192678227,313,1266,0.198226725775807,0.247235387045814,383,819,0.318635607321131,0.467643467643468,219,852,0.204481792717087,0.257042253521127
CLBA1,5,174,0.0279329608938547,0.028735632183908,27,195,0.121621621621622,0.138461538461538,11,234,0.0448979591836735,0.047008547008547,18,275,0.0614334470989761,0.0654545454545455
CLHC1,32,234,0.120300751879699,0.136752136752137,72,273,0.208695652173913,0.263736263736264,55,216,0.202952029520295,0.25462962962963,47,439,0.0967078189300412,0.107061503416856
CLIP4,160,478,0.250783699059561,0.334728033472803,128,449,0.221837088388215,0.285077951002227,87,471,0.155913978494624,0.184713375796178,72,913,0.0730964467005076,0.0788608981380066
CLN5,191,393,0.327054794520548,0.486005089058524,118,702,0.14390243902439,0.168091168091168,115,561,0.170118343195266,0.204991087344029,150,999,0.130548302872063,0.15015015015015
CLOCK,178,474,0.273006134969325,0.375527426160338,135,408,0.248618784530387,0.330882352941176,154,379,0.288930581613508,0.406332453825858,161,319,0.335416666666667,0.504702194357367
CLPB,201,754,0.210471204188482,0.26657824933687,119,685,0.148009950248756,0.173722627737226,180,683,0.208574739281576,0.263543191800878,113,739,0.132629107981221,0.152909336941813
CLSTN3,7,95,0.0686274509803922,0.0736842105263158,0,44,0,0,2,52,0.037037037037037,0.0384615384615385,20,97,0.170940170940171,0.206185567010309
CMAHP,12,32,0.272727272727273,0.375,14,38,0.269230769230769,0.368421052631579,29,4,0.878787878787879,7.25,12,12,0.5,1
CMYA5,0,0,NA,NA,0,0,NA,NA,1,4,0.2,0.25,0,1,0,0
CNBD2,4,0,1,Inf,6,0,1,Inf,1,5,0.166666666666667,0.2,6,0,1,Inf
CNGA1,0,7,0,0,0,0,NA,NA,4,0,1,Inf,9,1,0.9,9
CNGB1,0,2,0,0,0,18,0,0,7,6,0.538461538461538,1.16666666666667,1,5,0.166666666666667,0.2
CNIH3,35,55,0.388888888888889,0.636363636363636,23,19,0.547619047619048,1.21052631578947,49,13,0.790322580645161,3.76923076923077,13,36,0.26530612244898,0.361111111111111
CNNM2,8,22,0.266666666666667,0.363636363636364,12,95,0.11214953271028,0.126315789473684,16,58,0.216216216216216,0.275862068965517,6,22,0.214285714285714,0.272727272727273
CNOT4,34,493,0.0645161290322581,0.0689655172413793,61,720,0.0781049935979513,0.0847222222222222,49,499,0.0894160583941606,0.0981963927855711,54,895,0.0569020021074816,0.0603351955307263
CNOT7,5384,4290,0.556543311970229,1.25501165501166,4528,3873,0.538983454350673,1.16911954557191,4450,4100,0.52046783625731,1.08536585365854,7684,4782,0.616396598748596,1.60685905478879
CNOT9,436,3199,0.119944979367263,0.136292591434823,358,3026,0.105791962174941,0.118307997356246,280,2808,0.0906735751295337,0.0997150997150997,247,3463,0.0665768194070081,0.0713254403696217
CNPY2,651,5018,0.114835067913212,0.129732961339179,467,4759,0.0893608878683506,0.0981298592141206,437,5839,0.0696303377947737,0.0748415824627505,709,6300,0.101155657012413,0.112539682539683
CNPY3,182,644,0.220338983050847,0.282608695652174,207,798,0.205970149253731,0.259398496240602,227,739,0.234989648033126,0.307171853856563,194,1107,0.149116064565719,0.175248419150858
CNTLN,104,101,0.507317073170732,1.02970297029703,145,247,0.369897959183673,0.587044534412955,73,155,0.320175438596491,0.470967741935484,99,272,0.266846361185984,0.363970588235294
CNTN3,12,66,0.153846153846154,0.181818181818182,5,59,0.078125,0.0847457627118644,5,102,0.0467289719626168,0.0490196078431373,1,55,0.0178571428571429,0.0181818181818182
CNTNAP3,35,49,0.416666666666667,0.714285714285714,43,28,0.605633802816901,1.53571428571429,9,4,0.692307692307692,2.25,59,14,0.808219178082192,4.21428571428571
CNTRL,36,193,0.157205240174672,0.186528497409326,48,122,0.282352941176471,0.39344262295082,32,122,0.207792207792208,0.262295081967213,36,166,0.178217821782178,0.216867469879518
COBLL1,96,905,0.0959040959040959,0.106077348066298,76,528,0.125827814569536,0.143939393939394,149,1124,0.117046347211312,0.132562277580071,142,425,0.250440917107584,0.334117647058824
COG3,147,869,0.144685039370079,0.169159953970081,107,1062,0.0915312232677502,0.10075329566855,135,769,0.149336283185841,0.17555266579974,80,1204,0.0623052959501558,0.0664451827242525
COG8,322,2109,0.132455779514603,0.152678994784258,411,1300,0.24021040327294,0.316153846153846,326,1739,0.157869249394673,0.187464059804485,446,1676,0.210179076343073,0.266109785202864
COL22A1,0,2,0,0,143,474,0.231766612641815,0.30168776371308,6,0,1,Inf,231,837,0.216292134831461,0.275985663082437
COL4A4,0,9,0,0,0,19,0,0,0,0,NA,NA,19,27,0.41304347826087,0.703703703703704
COL5A1,4,0,1,Inf,17,28,0.377777777777778,0.607142857142857,4,0,1,Inf,12,15,0.444444444444444,0.8
COL5A3,17,4,0.80952380952381,4.25,49,121,0.288235294117647,0.40495867768595,22,76,0.224489795918367,0.289473684210526,38,569,0.0626029654036244,0.0667838312829526
COL6A2,17,12,0.586206896551724,1.41666666666667,47,31,0.602564102564103,1.51612903225806,5,4,0.555555555555556,1.25,69,127,0.352040816326531,0.543307086614173
COMMD3-BMI1,5625,789,0.876987839101964,7.12927756653992,5660,1179,0.827606375201053,4.80067854113656,5868,699,0.893558702603929,8.39484978540773,7214,1344,0.842953961205889,5.36755952380952
COQ4,974,1036,0.484577114427861,0.94015444015444,589,1183,0.332392776523702,0.497886728655959,1093,1151,0.487076648841355,0.949609035621199,549,1945,0.220128307939054,0.282262210796915
CORO2B,0,11,0,0,0,13,0,0,8,16,0.333333333333333,0.5,8,15,0.347826086956522,0.533333333333333
COX11,465,218,0.68081991215227,2.13302752293578,513,200,0.719495091164095,2.565,369,177,0.675824175824176,2.08474576271186,482,259,0.650472334682861,1.86100386100386
COX6B2,3,16,0.157894736842105,0.1875,10,26,0.277777777777778,0.384615384615385,0,0,NA,NA,29,32,0.475409836065574,0.90625
CPAMD8,5,42,0.106382978723404,0.119047619047619,0,69,0,0,35,50,0.411764705882353,0.7,4,135,0.0287769784172662,0.0296296296296296
CPNE1,1617,3260,0.331556284601189,0.49601226993865,1802,4414,0.28989703989704,0.408246488445854,1561,4117,0.27492074674181,0.379159582220063,2121,4648,0.313340227507756,0.456325301204819
CPNE4,0,2,0,0,8,0,1,Inf,0,5,0,0,0,5,0,0
CPNE5,0,5,0,0,14,2,0.875,7,7,0,1,Inf,19,2,0.904761904761905,9.5
CPNE7,199,414,0.32463295269168,0.480676328502415,157,615,0.203367875647668,0.255284552845528,163,950,0.146451033243486,0.171578947368421,104,1001,0.0941176470588235,0.103896103896104
CPO,0,0,NA,NA,10,10,0.5,1,12,2,0.857142857142857,6,3,5,0.375,0.6
CPQ,19,98,0.162393162393162,0.193877551020408,40,403,0.090293453724605,0.0992555831265509,19,134,0.124183006535948,0.141791044776119,13,647,0.0196969696969697,0.0200927357032458
CPT1B,20,268,0.0694444444444444,0.0746268656716418,41,247,0.142361111111111,0.165991902834008,25,454,0.0521920668058455,0.0550660792951542,19,334,0.0538243626062323,0.0568862275449102
CPZ,0,0,NA,NA,0,0,NA,NA,0,6,0,0,16,3,0.842105263157895,5.33333333333333
CRAT,159,492,0.244239631336406,0.323170731707317,251,594,0.297041420118343,0.422558922558923,183,873,0.173295454545455,0.209621993127148,231,1266,0.154308617234469,0.182464454976303
CRBN,386,439,0.467878787878788,0.879271070615034,228,401,0.36248012718601,0.56857855361596,228,461,0.330914368650218,0.494577006507592,134,544,0.1976401179941,0.246323529411765
CREB1,68,549,0.110210696920583,0.123861566484517,212,813,0.206829268292683,0.260762607626076,113,530,0.175738724727838,0.213207547169811,189,996,0.159493670886076,0.189759036144578
CREB5,22,518,0.0407407407407407,0.0424710424710425,12,308,0.0375,0.038961038961039,7,469,0.0147058823529412,0.0149253731343284,66,304,0.178378378378378,0.217105263157895
CREBRF,35,76,0.315315315315315,0.460526315789474,17,60,0.220779220779221,0.283333333333333,38,121,0.238993710691824,0.31404958677686,7,273,0.025,0.0256410256410256
CREBZF,1281,1356,0.485779294653015,0.944690265486726,820,1611,0.337309749074455,0.509000620732464,1292,1243,0.509664694280079,1.03942075623492,963,1810,0.347277316985215,0.532044198895028
CREG2,41,0,1,Inf,38,0,1,Inf,32,3,0.914285714285714,10.6666666666667,17,23,0.425,0.739130434782609
CRELD1,25,139,0.152439024390244,0.179856115107914,50,318,0.135869565217391,0.157232704402516,32,157,0.169312169312169,0.203821656050955,16,483,0.032064128256513,0.0331262939958592
CREM,216,269,0.445360824742268,0.802973977695167,273,396,0.408071748878924,0.68939393939394,99,201,0.33,0.492537313432836,291,435,0.400826446280992,0.668965517241379
CRK,0,2,0,0,5,0,1,Inf,0,0,NA,NA,0,0,NA,NA
CRLF3,31,566,0.0519262981574539,0.0547703180212014,23,555,0.0397923875432526,0.0414414414414414,45,505,0.0818181818181818,0.0891089108910891,26,645,0.0387481371087928,0.0403100775193798
CROCCP3,42,14,0.75,3,106,72,0.595505617977528,1.47222222222222,8,8,0.5,1,127,31,0.80379746835443,4.09677419354839
CROT,129,268,0.324937027707809,0.48134328358209,125,380,0.247524752475248,0.328947368421053,65,477,0.119926199261993,0.136268343815514,58,461,0.111753371868979,0.125813449023861
CRTC1,13,57,0.185714285714286,0.228070175438596,17,65,0.207317073170732,0.261538461538462,6,76,0.0731707317073171,0.0789473684210526,7,154,0.0434782608695652,0.0454545454545455
CRYBB2P1,242,95,0.718100890207715,2.54736842105263,277,160,0.633867276887872,1.73125,230,80,0.741935483870968,2.875,395,136,0.743879472693032,2.90441176470588
CRYZL1,113,160,0.413919413919414,0.70625,113,124,0.476793248945148,0.911290322580645,160,181,0.469208211143695,0.883977900552486,108,370,0.225941422594142,0.291891891891892
CSNK1E,2317,1803,0.562378640776699,1.28508042151969,3067,1949,0.611443381180223,1.57362750128271,3105,1304,0.704241324563393,2.38113496932515,4265,3407,0.555917622523462,1.25183445846786
CSNK1G1,60,418,0.125523012552301,0.143540669856459,71,483,0.128158844765343,0.146997929606625,55,509,0.0975177304964539,0.108055009823183,65,754,0.0793650793650794,0.0862068965517241
CSNK2A2,1876,1534,0.550146627565982,1.22294654498044,1865,1648,0.530885283233703,1.13167475728155,2107,1648,0.561118508655126,1.27851941747573,2374,2785,0.460166698972669,0.852423698384201
CSTF3,1400,1882,0.426569165143205,0.743889479277364,1089,2225,0.328605914302957,0.489438202247191,1144,2117,0.3508126341613,0.540387340576287,1283,2677,0.323989898989899,0.479267837131117
CTBP2,273,2481,0.0991285403050109,0.110036275695284,272,2130,0.113238967527061,0.127699530516432,375,2431,0.133642195295795,0.154257507198684,730,3148,0.18824136152656,0.231893265565438
CTNNA2,0,0,NA,NA,0,4,0,0,1,0,1,Inf,1,1,0.5,1
CTSC,3294,8805,0.272253905281428,0.374105621805792,4744,10824,0.304727646454265,0.438285291943829,2465,6811,0.265739542906425,0.361914549992659,7274,15395,0.320878733071596,0.472491068528743
CTTNBP2,0,0,NA,NA,27,165,0.140625,0.163636363636364,0,0,NA,NA,46,283,0.139817629179331,0.162544169611307
CUL4A,346,4906,0.0658796648895659,0.0705258866693844,443,4895,0.0829898838516298,0.0905005107252298,331,4242,0.0723813689044391,0.078029231494578,434,5027,0.0794726240615272,0.0863337974935349
CUL7,43,139,0.236263736263736,0.309352517985612,60,262,0.186335403726708,0.229007633587786,65,130,0.333333333333333,0.5,139,339,0.290794979079498,0.410029498525074
CUL9,104,117,0.470588235294118,0.888888888888889,93,218,0.29903536977492,0.426605504587156,90,308,0.226130653266332,0.292207792207792,102,282,0.265625,0.361702127659574
CUTC,97,927,0.0947265625,0.104638619201726,59,580,0.0923317683881064,0.101724137931034,93,857,0.0978947368421053,0.108518086347725,114,619,0.155525238744884,0.184168012924071
CUX1,1207,451,0.727985524728589,2.67627494456763,2221,646,0.774677363097314,3.43808049535604,1104,807,0.577708006279435,1.36802973977695,4160,1442,0.742591931453052,2.88488210818308
CUX2,0,1,0,0,23,239,0.0877862595419847,0.096234309623431,0,0,NA,NA,118,452,0.207017543859649,0.261061946902655
CWC25,0,10,0,0,2,6,0.25,0.333333333333333,0,6,0,0,3,13,0.1875,0.230769230769231
CWF19L1,42,613,0.0641221374045802,0.068515497553018,84,734,0.102689486552567,0.114441416893733,39,758,0.0489335006273526,0.0514511873350923,301,519,0.367073170731707,0.579961464354528
CXCL16,13,146,0.0817610062893082,0.089041095890411,4,121,0.032,0.0330578512396694,77,265,0.225146198830409,0.290566037735849,22,132,0.142857142857143,0.166666666666667
CXorf38,306,366,0.455357142857143,0.836065573770492,263,321,0.450342465753425,0.819314641744548,179,285,0.385775862068966,0.628070175438596,148,332,0.308333333333333,0.44578313253012
CXorf58,0,9,0,0,21,9,0.7,2.33333333333333,0,0,NA,NA,0,6,0,0
CYB5R4,34,665,0.0486409155937053,0.0511278195488722,35,489,0.066793893129771,0.0715746421267894,33,489,0.0632183908045977,0.0674846625766871,219,889,0.197653429602888,0.246344206974128
CYB5RL,75,54,0.581395348837209,1.38888888888889,71,64,0.525925925925926,1.109375,71,61,0.537878787878788,1.16393442622951,33,112,0.227586206896552,0.294642857142857
CYP19A1,7,10,0.411764705882353,0.7,2,0,1,Inf,9,0,1,Inf,3,5,0.375,0.6
CYP27A1,42,30,0.583333333333333,1.4,31,63,0.329787234042553,0.492063492063492,19,20,0.487179487179487,0.95,30,80,0.272727272727273,0.375
CYP2R1,481,794,0.377254901960784,0.605793450881612,364,801,0.31244635193133,0.454431960049938,545,876,0.383532723434201,0.622146118721461,679,1171,0.367027027027027,0.579846285226302
CYP39A1,20,33,0.377358490566038,0.606060606060606,28,46,0.378378378378378,0.608695652173913,26,80,0.245283018867925,0.325,50,43,0.53763440860215,1.16279069767442
CYP3A5,0,14,0,0,0,0,NA,NA,7,8,0.466666666666667,0.875,0,0,NA,NA
CYP4V2,80,183,0.304182509505703,0.437158469945355,42,320,0.116022099447514,0.13125,111,298,0.271393643031785,0.37248322147651,94,339,0.217090069284065,0.277286135693215
DAAM2,0,17,0,0,14,10,0.583333333333333,1.4,0,12,0,0,8,5,0.615384615384615,1.6
DAGLB,57,508,0.100884955752212,0.112204724409449,58,425,0.12008281573499,0.136470588235294,31,507,0.0576208178438662,0.0611439842209073,39,581,0.0629032258064516,0.0671256454388985
DAW1,3,37,0.075,0.0810810810810811,12,158,0.0705882352941176,0.0759493670886076,0,15,0,0,13,79,0.141304347826087,0.164556962025316
DCAF1,870,128,0.871743486973948,6.796875,585,134,0.813630041724618,4.36567164179105,668,136,0.830845771144279,4.91176470588235,745,133,0.848519362186788,5.6015037593985
DCAF7,1204,3529,0.254384111557152,0.341173136865968,1180,3240,0.266968325791855,0.364197530864198,1048,3436,0.233719892952721,0.30500582072177,2659,3899,0.405458981396767,0.6819697358297
DCAF8,466,1943,0.193441261934413,0.239835306227483,538,2261,0.19221150410861,0.237947810703229,318,2949,0.0973370064279155,0.107833163784334,970,3376,0.223193741371376,0.287322274881517
DCDC2,0,0,NA,NA,0,0,NA,NA,0,6,0,0,7,0,1,Inf
DCLK1,14,28,0.333333333333333,0.5,61,183,0.25,0.333333333333333,0,2,0,0,235,547,0.300511508951407,0.429616087751371
DCLRE1C,59,16,0.786666666666667,3.6875,62,22,0.738095238095238,2.81818181818182,27,6,0.818181818181818,4.5,108,40,0.72972972972973,2.7
DCP2,137,726,0.158748551564311,0.18870523415978,153,455,0.251644736842105,0.336263736263736,103,610,0.144460028050491,0.168852459016393,143,954,0.130355515041021,0.149895178197065
DCT,14,0,1,Inf,18,13,0.580645161290323,1.38461538461538,15,0,1,Inf,3,1,0.75,3
DDAH1,0,332,0,0,14,291,0.0459016393442623,0.0481099656357388,26,229,0.101960784313725,0.11353711790393,18,118,0.132352941176471,0.152542372881356
DDC,1,37,0.0263157894736842,0.027027027027027,0,28,0,0,2,29,0.0645161290322581,0.0689655172413793,0,60,0,0
DDIT3,44,776,0.0536585365853659,0.056701030927835,36,206,0.148760330578512,0.174757281553398,27,292,0.0846394984326019,0.0924657534246575,46,167,0.215962441314554,0.275449101796407
DDX11,53,623,0.0784023668639053,0.0850722311396469,53,447,0.106,0.118568232662192,10,653,0.0150829562594268,0.0153139356814701,19,741,0.025,0.0256410256410256
DDX49,98,1368,0.0668485675306958,0.0716374269005848,161,1042,0.13383208645054,0.154510556621881,107,1428,0.0697068403908795,0.0749299719887955,125,1721,0.0677139761646804,0.0726321905868681
DDX59,100,84,0.543478260869565,1.19047619047619,91,117,0.4375,0.777777777777778,71,58,0.550387596899225,1.22413793103448,98,195,0.334470989761092,0.502564102564103
DDX60L,78,55,0.586466165413534,1.41818181818182,65,133,0.328282828282828,0.488721804511278,59,67,0.468253968253968,0.880597014925373,69,153,0.310810810810811,0.450980392156863
DEF8,2349,190,0.925167388735723,12.3631578947368,3163,481,0.868002195389682,6.57588357588358,1883,247,0.884037558685446,7.62348178137652,3196,389,0.891492329149233,8.2159383033419
DENND1A,763,135,0.849665924276169,5.65185185185185,543,163,0.769121813031161,3.33128834355828,810,174,0.823170731707317,4.6551724137931,437,122,0.78175313059034,3.58196721311475
DENND1B,24,234,0.0930232558139535,0.102564102564103,33,290,0.102167182662539,0.113793103448276,20,230,0.08,0.0869565217391304,73,353,0.171361502347418,0.206798866855524
DENND4A,46,173,0.210045662100457,0.265895953757225,14,96,0.127272727272727,0.145833333333333,21,151,0.122093023255814,0.139072847682119,121,151,0.444852941176471,0.801324503311258
DENND5B,98,148,0.398373983739837,0.662162162162162,73,369,0.165158371040724,0.197831978319783,38,173,0.180094786729858,0.219653179190751,66,525,0.111675126903553,0.125714285714286
DEPDC5,40,238,0.143884892086331,0.168067226890756,35,223,0.135658914728682,0.15695067264574,35,414,0.0779510022271715,0.0845410628019324,18,361,0.0474934036939314,0.0498614958448753
DEPTOR,96,99,0.492307692307692,0.96969696969697,21,27,0.4375,0.777777777777778,134,239,0.359249329758713,0.560669456066946,13,10,0.565217391304348,1.3
DFFA,545,885,0.381118881118881,0.615819209039548,472,765,0.381568310428456,0.616993464052288,324,954,0.253521126760563,0.339622641509434,469,1169,0.286324786324786,0.401197604790419
DGCR6,0,2,0,0,0,3,0,0,0,1,0,0,7,6,0.538461538461538,1.16666666666667
DGKE,9,287,0.0304054054054054,0.0313588850174216,16,138,0.103896103896104,0.115942028985507,30,219,0.120481927710843,0.136986301369863,27,193,0.122727272727273,0.139896373056995
DGKZ,613,897,0.405960264900662,0.683389074693422,966,1004,0.490355329949239,0.962151394422311,737,878,0.456346749226006,0.839407744874715,1108,2172,0.33780487804878,0.510128913443831
DHDDS,77,876,0.080797481636936,0.0878995433789954,84,1294,0.0609579100145138,0.0649149922720247,60,995,0.0568720379146919,0.0603015075376884,90,1307,0.0644237652111668,0.0688599846977812
DHDH,16,27,0.372093023255814,0.592592592592593,0,0,NA,NA,12,27,0.307692307692308,0.444444444444444,20,25,0.444444444444444,0.8
DHFR2,38,124,0.234567901234568,0.306451612903226,16,132,0.108108108108108,0.121212121212121,24,116,0.171428571428571,0.206896551724138,12,148,0.075,0.0810810810810811
DHRS12,65,104,0.384615384615385,0.625,123,280,0.305210918114144,0.439285714285714,81,205,0.283216783216783,0.395121951219512,111,534,0.172093023255814,0.207865168539326
DHX15,606,7979,0.0705882352941176,0.0759493670886076,388,6261,0.058354639795458,0.0619709311611564,404,7329,0.0522436311909996,0.0551234820575795,333,6471,0.0489417989417989,0.0514603616133519
DHX30,233,3568,0.0612996579847409,0.0653026905829596,225,2894,0.0721385059313883,0.0777470628887353,176,2936,0.0565552699228792,0.0599455040871935,214,3202,0.0626463700234192,0.0668332292317302
DIAPH2,369,369,0.5,1,347,304,0.533026113671275,1.14144736842105,396,459,0.463157894736842,0.862745098039216,265,590,0.309941520467836,0.449152542372881
DIDO1,1033,799,0.563864628820961,1.29286608260325,890,797,0.52756372258447,1.11668757841907,767,740,0.508958195089582,1.03648648648649,711,1185,0.375,0.6
DIP2C,2,22,0.0833333333333333,0.0909090909090909,6,15,0.285714285714286,0.4,0,14,0,0,2,0,1,Inf
DIS3L,84,892,0.0860655737704918,0.0941704035874439,49,530,0.0846286701208981,0.0924528301886792,51,938,0.051567239635996,0.0543710021321962,29,841,0.0333333333333333,0.0344827586206897
DIS3L2,200,35,0.851063829787234,5.71428571428571,142,64,0.689320388349515,2.21875,194,32,0.858407079646018,6.0625,280,53,0.840840840840841,5.28301886792453
DISP1,392,312,0.556818181818182,1.25641025641026,673,298,0.693099897013388,2.25838926174497,473,433,0.522075055187638,1.09237875288684,530,394,0.573593073593074,1.34517766497462
DIXDC1,95,539,0.149842271293375,0.176252319109462,105,3289,0.030936947554508,0.0319245971419884,61,358,0.145584725536993,0.170391061452514,69,5234,0.0130115029228738,0.0131830340084066
DKK3,10,17,0.37037037037037,0.588235294117647,4,173,0.0225988700564972,0.023121387283237,0,10,0,0,3,167,0.0176470588235294,0.0179640718562874
DLGAP3,0,9,0,0,20,0,1,Inf,0,8,0,0,0,19,0,0
DMC1,38,8,0.826086956521739,4.75,31,34,0.476923076923077,0.911764705882353,33,6,0.846153846153846,5.5,28,15,0.651162790697674,1.86666666666667
DMKN,1781,1954,0.476840696117805,0.911463664278403,1480,2244,0.397422126745435,0.659536541889483,1769,3257,0.351969757262236,0.543137856923549,1238,1806,0.406701708278581,0.685492801771872
DMWD,224,259,0.463768115942029,0.864864864864865,129,305,0.297235023041475,0.422950819672131,131,273,0.324257425742574,0.47985347985348,162,380,0.298892988929889,0.426315789473684
DNA2,83,274,0.23249299719888,0.302919708029197,32,246,0.115107913669065,0.130081300813008,64,175,0.267782426778243,0.365714285714286,43,271,0.136942675159236,0.158671586715867
DNAAF2,126,394,0.242307692307692,0.319796954314721,11,262,0.0402930402930403,0.0419847328244275,74,309,0.193211488250653,0.239482200647249,23,418,0.0521541950113379,0.0550239234449761
DNAAF3,0,165,0,0,5,14,0.263157894736842,0.357142857142857,0,280,0,0,0,18,0,0
DNAAF5,149,2529,0.0556385362210605,0.058916567813365,160,2117,0.0702678963548529,0.0755786490316486,146,2690,0.0514809590973202,0.054275092936803,155,2752,0.0533195734434125,0.0563226744186047
DNAH1,34,8,0.80952380952381,4.25,28,21,0.571428571428571,1.33333333333333,28,29,0.491228070175439,0.96551724137931,44,51,0.463157894736842,0.862745098039216
DNAH2,6,21,0.222222222222222,0.285714285714286,24,6,0.8,4,0,33,0,0,0,2,0,0
DNAH5,12,6,0.666666666666667,2,23,0,1,Inf,1,5,0.166666666666667,0.2,24,10,0.705882352941177,2.4
DNAJB6,3048,1992,0.604761904761905,1.53012048192771,4651,5205,0.471895292207792,0.893563880883766,2447,2426,0.502154730145701,1.00865622423743,6080,6339,0.489572429342137,0.959141820476416
DNAJC12,0,189,0,0,20,151,0.116959064327485,0.132450331125828,13,96,0.119266055045872,0.135416666666667,36,258,0.122448979591837,0.13953488372093
DNAJC14,20,243,0.0760456273764259,0.0823045267489712,44,378,0.104265402843602,0.116402116402116,20,246,0.075187969924812,0.0813008130081301,51,351,0.126865671641791,0.145299145299145
DNAJC24,131,372,0.260437375745527,0.352150537634409,100,561,0.151285930408472,0.17825311942959,98,351,0.21826280623608,0.279202279202279,105,471,0.182291666666667,0.222929936305732
DNAJC25-GNG10,386,4054,0.0869369369369369,0.0952146028613715,284,3846,0.0687651331719128,0.0738429537181487,165,3256,0.0482315112540193,0.0506756756756757,193,4244,0.0434978589136804,0.0454759660697455
DNAJC27,18,172,0.0947368421052632,0.104651162790698,19,99,0.161016949152542,0.191919191919192,25,157,0.137362637362637,0.159235668789809,50,240,0.172413793103448,0.208333333333333
DNAJC4,4,87,0.043956043956044,0.0459770114942529,13,184,0.065989847715736,0.0706521739130435,16,205,0.0723981900452489,0.0780487804878049,32,455,0.0657084188911704,0.0703296703296703
DNHD1,32,16,0.666666666666667,2,38,30,0.558823529411765,1.26666666666667,58,27,0.682352941176471,2.14814814814815,53,28,0.654320987654321,1.89285714285714
DNM3,7,5,0.583333333333333,1.4,47,12,0.796610169491525,3.91666666666667,24,3,0.888888888888889,8,71,17,0.806818181818182,4.17647058823529
DNMT1,1804,10749,0.143710666772883,0.167829565540981,1483,9754,0.131974726350449,0.152040188640558,1147,9067,0.112296847464265,0.12650270210654,2901,7011,0.292675544794189,0.413778348309799
DNMT3A,4,168,0.0232558139534884,0.0238095238095238,16,82,0.163265306122449,0.195121951219512,9,83,0.0978260869565217,0.108433734939759,34,91,0.272,0.373626373626374
DOCK1,184,1337,0.120973044049967,0.137621540762902,131,1740,0.0700160342063068,0.0752873563218391,97,945,0.0930902111324376,0.102645502645503,90,2454,0.035377358490566,0.0366748166259169
DOCK10,1,62,0.0158730158730159,0.0161290322580645,0,295,0,0,21,42,0.333333333333333,0.5,0,185,0,0
DOCK2,8,1,0.888888888888889,8,85,97,0.467032967032967,0.876288659793814,0,10,0,0,40,127,0.239520958083832,0.31496062992126
DOCK3,0,13,0,0,0,9,0,0,6,9,0.4,0.666666666666667,0,5,0,0
DOCK7,106,870,0.108606557377049,0.12183908045977,102,786,0.114864864864865,0.129770992366412,134,638,0.173575129533679,0.210031347962382,125,1068,0.104777870913663,0.117041198501873
DOCK9,130,1045,0.11063829787234,0.124401913875598,203,1679,0.107863974495218,0.12090530077427,143,1129,0.112421383647799,0.12666076173605,159,2485,0.0601361573373676,0.0639839034205231
DOK1,8,118,0.0634920634920635,0.0677966101694915,13,265,0.0467625899280576,0.0490566037735849,26,90,0.224137931034483,0.288888888888889,19,288,0.0618892508143322,0.0659722222222222
DOK3,8,42,0.16,0.19047619047619,2,47,0.0408163265306122,0.0425531914893617,6,26,0.1875,0.230769230769231,13,79,0.141304347826087,0.164556962025316
DOPEY1,2,132,0.0149253731343284,0.0151515151515152,21,57,0.269230769230769,0.368421052631579,4,113,0.0341880341880342,0.0353982300884956,32,126,0.20253164556962,0.253968253968254
DOT1L,80,300,0.210526315789474,0.266666666666667,81,336,0.194244604316547,0.241071428571429,56,405,0.121475054229935,0.138271604938272,54,768,0.0656934306569343,0.0703125
DPF3,11,12,0.478260869565217,0.916666666666667,9,2,0.818181818181818,4.5,4,1,0.8,4,12,12,0.5,1
DPP8,172,776,0.181434599156118,0.221649484536082,106,1051,0.0916162489196197,0.100856327307326,197,899,0.179744525547445,0.219132369299221,81,1695,0.0456081081081081,0.047787610619469
DPP9,515,1535,0.251219512195122,0.335504885993485,534,2511,0.175369458128079,0.212664277180406,452,1600,0.220272904483431,0.2825,682,2906,0.190078037904125,0.234686854783207
DPY19L1P1,35,48,0.421686746987952,0.729166666666667,30,32,0.483870967741935,0.9375,8,44,0.153846153846154,0.181818181818182,15,72,0.172413793103448,0.208333333333333
DPYD,126,1139,0.099604743083004,0.11062335381914,40,476,0.0775193798449612,0.0840336134453782,117,1155,0.0919811320754717,0.101298701298701,90,941,0.0872938894277401,0.0956429330499469
DRAM1,71,438,0.139489194499018,0.162100456621005,65,754,0.0793650793650794,0.0862068965517241,30,384,0.072463768115942,0.078125,72,1124,0.0602006688963211,0.0640569395017794
DRC1,0,3,0,0,27,6,0.818181818181818,4.5,7,4,0.636363636363636,1.75,0,6,0,0
DRC3,0,0,NA,NA,5,2,0.714285714285714,2.5,0,3,0,0,0,0,NA,NA
DSCAM,0,13,0,0,4,0,1,Inf,0,2,0,0,0,4,0,0
DSCR3,193,689,0.218820861678005,0.28011611030479,132,731,0.152954808806489,0.180574555403557,200,491,0.289435600578871,0.407331975560081,230,1012,0.185185185185185,0.227272727272727
DST,4344,940,0.822104466313399,4.62127659574468,1177,978,0.546171693735499,1.20347648261759,6586,1179,0.848164842240824,5.58608990670059,1518,1054,0.590202177293935,1.44022770398482
DTNA,0,0,NA,NA,0,8,0,0,4,0,1,Inf,8,14,0.363636363636364,0.571428571428571
DTNB,34,175,0.162679425837321,0.194285714285714,14,252,0.0526315789473684,0.0555555555555556,30,197,0.13215859030837,0.152284263959391,36,597,0.0568720379146919,0.0603015075376884
DTWD1,190,849,0.182868142444658,0.22379269729093,144,327,0.305732484076433,0.440366972477064,96,703,0.120150187734668,0.136557610241821,202,632,0.24220623501199,0.319620253164557
DUS2,163,552,0.227972027972028,0.295289855072464,182,413,0.305882352941176,0.440677966101695,218,573,0.275600505689001,0.380453752181501,123,326,0.273942093541203,0.377300613496933
DUS4L,16,432,0.0357142857142857,0.037037037037037,65,193,0.251937984496124,0.336787564766839,27,314,0.0791788856304985,0.0859872611464968,2,250,0.00793650793650794,0.008
DUSP28,45,136,0.248618784530387,0.330882352941176,70,197,0.262172284644195,0.355329949238579,61,152,0.286384976525822,0.401315789473684,37,184,0.167420814479638,0.201086956521739
DYNC2H1,24,333,0.0672268907563025,0.0720720720720721,40,253,0.136518771331058,0.158102766798419,28,345,0.0750670241286863,0.0811594202898551,36,395,0.0835266821345708,0.0911392405063291
DZIP1,80,675,0.105960264900662,0.118518518518519,57,1099,0.0493079584775086,0.0518653321201092,72,614,0.104956268221574,0.117263843648208,419,1604,0.207118141374197,0.261221945137157
E2F8,4,154,0.0253164556962025,0.025974025974026,17,175,0.0885416666666667,0.0971428571428571,6,86,0.0652173913043478,0.0697674418604651,20,256,0.072463768115942,0.078125
EBF1,0,14,0,0,7,4,0.636363636363636,1.75,0,22,0,0,0,21,0,0
ECHDC3,423,993,0.298728813559322,0.425981873111782,228,916,0.199300699300699,0.248908296943231,288,1043,0.216378662659654,0.276126558005753,157,846,0.156530408773679,0.185579196217494
ECSCR,2,0,1,Inf,0,25,0,0,0,0,NA,NA,0,5,0,0
EDA,10,109,0.0840336134453782,0.091743119266055,12,103,0.104347826086957,0.116504854368932,25,195,0.113636363636364,0.128205128205128,3,69,0.0416666666666667,0.0434782608695652
EDARADD,0,26,0,0,28,31,0.474576271186441,0.903225806451613,7,12,0.368421052631579,0.583333333333333,2,38,0.05,0.0526315789473684
EDEM2,30,273,0.099009900990099,0.10989010989011,24,390,0.0579710144927536,0.0615384615384615,24,218,0.0991735537190083,0.110091743119266,40,490,0.0754716981132075,0.0816326530612245
EDNRA,0,0,NA,NA,0,0,NA,NA,0,3,0,0,2,1,0.666666666666667,2
EEFSEC,45,154,0.226130653266332,0.292207792207792,99,156,0.388235294117647,0.634615384615385,90,143,0.386266094420601,0.629370629370629,96,148,0.39344262295082,0.648648648648649
EFCAB2,277,214,0.564154786150713,1.29439252336449,621,273,0.694630872483222,2.27472527472527,311,224,0.581308411214953,1.38839285714286,580,236,0.71078431372549,2.45762711864407
EFCAB7,34,162,0.173469387755102,0.209876543209877,14,108,0.114754098360656,0.12962962962963,13,218,0.0562770562770563,0.0596330275229358,39,192,0.168831168831169,0.203125
EFEMP2,2,8,0.2,0.25,8,61,0.115942028985507,0.131147540983607,12,36,0.25,0.333333333333333,6,147,0.0392156862745098,0.0408163265306122
EFHB,19,8,0.703703703703704,2.375,25,0,1,Inf,17,3,0.85,5.66666666666667,14,6,0.7,2.33333333333333
EGLN3,0,10,0,0,0,0,NA,NA,6,234,0.025,0.0256410256410256,5,7,0.416666666666667,0.714285714285714
EIF2AK4,81,461,0.149446494464945,0.175704989154013,62,485,0.113345521023766,0.127835051546392,38,442,0.0791666666666667,0.085972850678733,64,510,0.111498257839721,0.125490196078431
EIF2B3,397,1106,0.264138389886893,0.358951175406872,296,756,0.281368821292776,0.391534391534392,322,1236,0.206675224646983,0.260517799352751,275,786,0.259189443920829,0.349872773536896
EIF2B5,440,1157,0.275516593613024,0.380293863439931,245,876,0.218554861730598,0.279680365296804,469,1011,0.316891891891892,0.463897131552918,201,1193,0.144189383070301,0.16848281642917
EIF4E2,4070,852,0.826899634295002,4.77699530516432,4852,1768,0.732930513595166,2.74434389140271,4271,859,0.832553606237817,4.9720605355064,4534,1948,0.699475470533786,2.32751540041068
EIF4G3,200,704,0.221238938053097,0.284090909090909,98,895,0.0986908358509567,0.109497206703911,142,770,0.155701754385965,0.184415584415584,145,1269,0.102545968882603,0.114263199369582
ELAVL3,6,2,0.75,3,5,3,0.625,1.66666666666667,9,3,0.75,3,12,6,0.666666666666667,2
ELF1,415,1823,0.185433422698838,0.227646736149205,473,2563,0.155797101449275,0.184549356223176,387,1157,0.250647668393782,0.334485738980121,1702,3559,0.323512640182475,0.478224220286597
ELF2,109,437,0.1996336996337,0.249427917620137,218,401,0.352180936995153,0.543640897755611,159,480,0.248826291079812,0.33125,328,591,0.356909684439608,0.554991539763113
ELMO1,9,3,0.75,3,2,11,0.153846153846154,0.181818181818182,2,1,0.666666666666667,2,0,0,NA,NA
ELMOD1,0,0,NA,NA,1,0,1,Inf,0,2,0,0,0,5,0,0
ELMOD3,40,150,0.210526315789474,0.266666666666667,27,283,0.0870967741935484,0.0954063604240283,14,143,0.089171974522293,0.0979020979020979,16,558,0.0278745644599303,0.028673835125448
ELP5,2622,599,0.814032909034461,4.37729549248748,2436,438,0.847599164926931,5.56164383561644,2542,460,0.846768820786143,5.52608695652174,2615,653,0.800183598531212,4.00459418070444
ELP6,369,1073,0.255894590846047,0.343895619757689,532,1346,0.283280085197018,0.395245170876672,283,1142,0.19859649122807,0.247810858143608,435,1571,0.216849451645065,0.276893698281349
EMBP1,0,2,0,0,0,2,0,0,1,2,0.333333333333333,0.5,0,12,0,0
EML5,3,0,1,Inf,0,8,0,0,0,1,0,0,3,0,1,Inf
EML6,9,28,0.243243243243243,0.321428571428571,0,25,0,0,0,121,0,0,1,6,0.142857142857143,0.166666666666667
EMSY,48,141,0.253968253968254,0.340425531914894,44,148,0.229166666666667,0.297297297297297,57,60,0.487179487179487,0.95,58,137,0.297435897435897,0.423357664233577
ENKUR,4,0,1,Inf,16,168,0.0869565217391304,0.0952380952380952,13,11,0.541666666666667,1.18181818181818,24,264,0.0833333333333333,0.0909090909090909
ENSA,1067,5940,0.152276295133438,0.17962962962963,593,4978,0.10644408544247,0.119124146243471,795,5819,0.120199576655579,0.136621412613851,617,6467,0.0870976849237719,0.0954074532240606
ENSG00000170919.11,27,26,0.509433962264151,1.03846153846154,24,53,0.311688311688312,0.452830188679245,31,52,0.373493975903614,0.596153846153846,5,190,0.0256410256410256,0.0263157894736842
ENSG00000177738.3,10,7,0.588235294117647,1.42857142857143,36,18,0.666666666666667,2,4,1,0.8,4,43,54,0.443298969072165,0.796296296296296
ENSG00000178947.8,28,6,0.823529411764706,4.66666666666667,0,0,NA,NA,26,9,0.742857142857143,2.88888888888889,12,2,0.857142857142857,6
ENSG00000179743.2,46,77,0.373983739837398,0.597402597402597,56,76,0.424242424242424,0.736842105263158,56,96,0.368421052631579,0.583333333333333,98,100,0.494949494949495,0.98
ENSG00000183308.6,8,7,0.533333333333333,1.14285714285714,7,1,0.875,7,4,4,0.5,1,25,0,1,Inf
ENSG00000185065.6,15,1,0.9375,15,6,3,0.666666666666667,2,19,20,0.487179487179487,0.95,17,1,0.944444444444444,17
ENSG00000186019.10,0,0,NA,NA,0,6,0,0,0,0,NA,NA,4,19,0.173913043478261,0.210526315789474
ENSG00000189223.9,23,0,1,Inf,20,0,1,Inf,5,7,0.416666666666667,0.714285714285714,20,0,1,Inf
ENSG00000196696.8,2,3,0.4,0.666666666666667,0,6,0,0,1,11,0.0833333333333333,0.0909090909090909,0,29,0,0
ENSG00000203441.2,11,0,1,Inf,0,0,NA,NA,1,8,0.111111111111111,0.125,0,5,0,0
ENSG00000203808.6,0,0,NA,NA,0,0,NA,NA,0,1,0,0,1,2,0.333333333333333,0.5
ENSG00000203897.3,0,1,0,0,2,0,1,Inf,0,4,0,0,0,5,0,0
ENSG00000203999.4,3,19,0.136363636363636,0.157894736842105,2,2,0.5,1,8,7,0.533333333333333,1.14285714285714,5,5,0.5,1
ENSG00000204584.1,34,12,0.739130434782609,2.83333333333333,13,3,0.8125,4.33333333333333,14,0,1,Inf,7,2,0.777777777777778,3.5
ENSG00000204685.5,37,38,0.493333333333333,0.973684210526316,64,42,0.60377358490566,1.52380952380952,65,21,0.755813953488372,3.0952380952381,67,29,0.697916666666667,2.31034482758621
ENSG00000204815.4,13,24,0.351351351351351,0.541666666666667,15,19,0.441176470588235,0.789473684210526,15,7,0.681818181818182,2.14285714285714,5,38,0.116279069767442,0.131578947368421
ENSG00000205488.4,3,13,0.1875,0.230769230769231,0,4,0,0,0,5,0,0,0,13,0,0
ENSG00000205562.1,0,18,0,0,16,20,0.444444444444444,0.8,7,3,0.7,2.33333333333333,52,6,0.896551724137931,8.66666666666667
ENSG00000205913.2,10,8,0.555555555555556,1.25,19,0,1,Inf,0,12,0,0,31,8,0.794871794871795,3.875
ENSG00000213742.2,46,62,0.425925925925926,0.741935483870968,25,70,0.263157894736842,0.357142857142857,124,56,0.688888888888889,2.21428571428571,127,217,0.369186046511628,0.585253456221198
ENSG00000213963.2,68,37,0.647619047619048,1.83783783783784,74,40,0.649122807017544,1.85,57,64,0.471074380165289,0.890625,68,93,0.422360248447205,0.731182795698925
ENSG00000214559.3,11,19,0.366666666666667,0.578947368421053,0,4,0,0,19,13,0.59375,1.46153846153846,7,30,0.189189189189189,0.233333333333333
ENSG00000214770.2,13,6,0.68421052631579,2.16666666666667,4,0,1,Inf,7,1,0.875,7,7,25,0.21875,0.28
ENSG00000215039.2,8,25,0.242424242424242,0.32,6,45,0.117647058823529,0.133333333333333,17,21,0.447368421052632,0.80952380952381,3,30,0.0909090909090909,0.1
ENSG00000215769.4,137,254,0.350383631713555,0.539370078740158,146,362,0.28740157480315,0.403314917127072,185,290,0.389473684210526,0.637931034482759,352,310,0.531722054380665,1.13548387096774
ENSG00000215866.3,2,0,1,Inf,5,8,0.384615384615385,0.625,9,0,1,Inf,0,18,0,0
ENSG00000223393.1,6,0,1,Inf,10,20,0.333333333333333,0.5,5,0,1,Inf,54,0,1,Inf
ENSG00000223473.1,6,54,0.1,0.111111111111111,19,59,0.243589743589744,0.322033898305085,18,69,0.206896551724138,0.260869565217391,34,147,0.187845303867403,0.231292517006803
ENSG00000223573.2,1683,202,0.892838196286472,8.33168316831683,1352,133,0.91043771043771,10.1654135338346,1998,438,0.820197044334975,4.56164383561644,1933,539,0.781957928802589,3.58627087198516
ENSG00000223725.2,2,16,0.111111111111111,0.125,17,36,0.320754716981132,0.472222222222222,6,11,0.352941176470588,0.545454545454545,7,36,0.162790697674419,0.194444444444444
ENSG00000223734.2,7,6,0.538461538461538,1.16666666666667,5,28,0.151515151515152,0.178571428571429,7,0,1,Inf,3,1,0.75,3
ENSG00000223813.2,14,30,0.318181818181818,0.466666666666667,11,15,0.423076923076923,0.733333333333333,14,46,0.233333333333333,0.304347826086957,18,56,0.243243243243243,0.321428571428571
ENSG00000223935.1,1,5,0.166666666666667,0.2,0,0,NA,NA,0,6,0,0,0,0,NA,NA
ENSG00000223969.1,1,62,0.0158730158730159,0.0161290322580645,7,486,0.0141987829614604,0.01440329218107,4,36,0.1,0.111111111111111,13,594,0.0214168039538715,0.0218855218855219
ENSG00000224269.1,21,0,1,Inf,6,3,0.666666666666667,2,3,0,1,Inf,35,2,0.945945945945946,17.5
ENSG00000224397.1,0,5,0,0,28,24,0.538461538461538,1.16666666666667,7,6,0.538461538461538,1.16666666666667,35,4,0.897435897435897,8.75
ENSG00000224536.1,243,77,0.759375,3.15584415584416,112,30,0.788732394366197,3.73333333333333,235,125,0.652777777777778,1.88,218,40,0.844961240310077,5.45
ENSG00000224577.1,0,10,0,0,14,12,0.538461538461538,1.16666666666667,22,8,0.733333333333333,2.75,38,9,0.808510638297872,4.22222222222222
ENSG00000224592.1,4,0,1,Inf,6,0,1,Inf,1,22,0.0434782608695652,0.0454545454545455,0,0,NA,NA
ENSG00000224660.1,12,55,0.17910447761194,0.218181818181818,8,135,0.0559440559440559,0.0592592592592593,8,157,0.0484848484848485,0.0509554140127389,0,296,0,0
ENSG00000224715.1,1,0,1,Inf,12,5,0.705882352941177,2.4,4,0,1,Inf,24,13,0.648648648648649,1.84615384615385
ENSG00000224738.1,2,8,0.2,0.25,21,4,0.84,5.25,0,20,0,0,0,4,0,0
ENSG00000224905.2,11,69,0.1375,0.159420289855072,21,41,0.338709677419355,0.51219512195122,16,47,0.253968253968254,0.340425531914894,47,138,0.254054054054054,0.340579710144928
ENSG00000224950.1,1,21,0.0454545454545455,0.0476190476190476,1,57,0.0172413793103448,0.0175438596491228,1,34,0.0285714285714286,0.0294117647058824,6,179,0.0324324324324324,0.0335195530726257
ENSG00000225205.1,23,26,0.469387755102041,0.884615384615385,17,7,0.708333333333333,2.42857142857143,13,17,0.433333333333333,0.764705882352941,5,47,0.0961538461538462,0.106382978723404
ENSG00000225643.1,0,4,0,0,1,5,0.166666666666667,0.2,0,13,0,0,1,9,0.1,0.111111111111111
ENSG00000225708.2,0,0,NA,NA,3,2,0.6,1.5,1,0,1,Inf,8,18,0.307692307692308,0.444444444444444
ENSG00000225969.1,0,4,0,0,13,22,0.371428571428571,0.590909090909091,0,27,0,0,0,82,0,0
ENSG00000226009.1,11,0,1,Inf,0,0,NA,NA,14,7,0.666666666666667,2,0,0,NA,NA
ENSG00000226237.1,39,31,0.557142857142857,1.25806451612903,9,10,0.473684210526316,0.9,98,16,0.859649122807018,6.125,66,35,0.653465346534653,1.88571428571429
ENSG00000226266.2,23,0,1,Inf,12,4,0.75,3,14,5,0.736842105263158,2.8,14,16,0.466666666666667,0.875
ENSG00000226328.2,45,272,0.141955835962145,0.165441176470588,9,249,0.0348837209302326,0.036144578313253,27,213,0.1125,0.126760563380282,1,269,0.0037037037037037,0.00371747211895911
ENSG00000226377.1,12,0,1,Inf,11,0,1,Inf,43,8,0.843137254901961,5.375,4,4,0.5,1
ENSG00000226471.2,19,10,0.655172413793103,1.9,2,0,1,Inf,3,11,0.214285714285714,0.272727272727273,34,1,0.971428571428571,34
ENSG00000226659.1,4,4,0.5,1,0,14,0,0,6,13,0.31578947368421,0.461538461538462,1,10,0.0909090909090909,0.1
ENSG00000226900.1,0,1,0,0,0,5,0,0,5,0,1,Inf,2,2,0.5,1
ENSG00000227014.1,12,0,1,Inf,5,26,0.161290322580645,0.192307692307692,2,7,0.222222222222222,0.285714285714286,13,0,1,Inf
ENSG00000227028.2,0,0,NA,NA,0,19,0,0,0,0,NA,NA,1,0,1,Inf
ENSG00000227210.1,0,7,0,0,0,7,0,0,5,0,1,Inf,0,8,0,0
ENSG00000227220.1,1,0,1,Inf,10,0,1,Inf,0,3,0,0,0,1,0,0
ENSG00000227292.1,0,1,0,0,0,1,0,0,8,2,0.8,4,0,0,NA,NA
ENSG00000227354.2,35,31,0.53030303030303,1.12903225806452,13,12,0.52,1.08333333333333,40,45,0.470588235294118,0.888888888888889,15,12,0.555555555555556,1.25
ENSG00000227403.1,18,72,0.2,0.25,1,36,0.027027027027027,0.0277777777777778,1,35,0.0277777777777778,0.0285714285714286,9,40,0.183673469387755,0.225
ENSG00000227467.3,0,2,0,0,7,2,0.777777777777778,3.5,0,0,NA,NA,6,40,0.130434782608696,0.15
ENSG00000227591.1,0,11,0,0,23,150,0.132947976878613,0.153333333333333,14,45,0.23728813559322,0.311111111111111,48,171,0.219178082191781,0.280701754385965
ENSG00000227744.4,0,18,0,0,29,19,0.604166666666667,1.52631578947368,13,17,0.433333333333333,0.764705882352941,6,32,0.157894736842105,0.1875
ENSG00000227764.1,0,15,0,0,0,6,0,0,5,0,1,Inf,1,68,0.0144927536231884,0.0147058823529412
ENSG00000227811.2,0,4,0,0,6,6,0.5,1,9,1,0.9,9,8,4,0.666666666666667,2
ENSG00000227959.1,8,0,1,Inf,3,0,1,Inf,5,9,0.357142857142857,0.555555555555556,2,24,0.0769230769230769,0.0833333333333333
ENSG00000228150.1,6,12,0.333333333333333,0.5,0,33,0,0,0,43,0,0,5,18,0.217391304347826,0.277777777777778
ENSG00000228192.3,107,16,0.869918699186992,6.6875,67,6,0.917808219178082,11.1666666666667,103,3,0.971698113207547,34.3333333333333,62,10,0.861111111111111,6.2
ENSG00000228216.1,3,12,0.2,0.25,26,40,0.393939393939394,0.65,15,8,0.652173913043478,1.875,60,50,0.545454545454545,1.2
ENSG00000228274.3,5,55,0.0833333333333333,0.0909090909090909,11,75,0.127906976744186,0.146666666666667,26,44,0.371428571428571,0.590909090909091,1,128,0.00775193798449612,0.0078125
ENSG00000228395.1,0,0,NA,NA,0,12,0,0,3,0,1,Inf,10,15,0.4,0.666666666666667
ENSG00000228436.2,20,11,0.645161290322581,1.81818181818182,21,21,0.5,1,7,13,0.35,0.538461538461538,47,26,0.643835616438356,1.80769230769231
ENSG00000228486.5,3,17,0.15,0.176470588235294,9,35,0.204545454545455,0.257142857142857,3,98,0.0297029702970297,0.0306122448979592,0,60,0,0
ENSG00000228544.1,6,9,0.4,0.666666666666667,13,20,0.393939393939394,0.65,7,15,0.318181818181818,0.466666666666667,2,21,0.0869565217391304,0.0952380952380952
ENSG00000228714.2,0,0,NA,NA,5,10,0.333333333333333,0.5,0,3,0,0,0,13,0,0
ENSG00000228801.5,111,89,0.555,1.24719101123595,44,148,0.229166666666667,0.297297297297297,30,136,0.180722891566265,0.220588235294118,24,100,0.193548387096774,0.24
ENSG00000228989.1,29,208,0.122362869198312,0.139423076923077,23,235,0.0891472868217054,0.0978723404255319,28,297,0.0861538461538462,0.0942760942760943,28,222,0.112,0.126126126126126
ENSG00000229043.2,93,32,0.744,2.90625,104,25,0.806201550387597,4.16,131,23,0.850649350649351,5.69565217391304,105,41,0.719178082191781,2.5609756097561
ENSG00000229109.1,2,0,1,Inf,4,3,0.571428571428571,1.33333333333333,6,0,1,Inf,0,17,0,0
ENSG00000229155.1,0,14,0,0,3,0,1,Inf,0,42,0,0,2,0,1,Inf
ENSG00000229278.1,0,7,0,0,7,2,0.777777777777778,3.5,0,0,NA,NA,4,1,0.8,4
ENSG00000229291.1,1,0,1,Inf,0,0,NA,NA,0,1,0,0,3,1,0.75,3
ENSG00000229334.1,10,29,0.256410256410256,0.344827586206897,15,122,0.109489051094891,0.122950819672131,0,96,0,0,10,193,0.0492610837438424,0.0518134715025907
ENSG00000229539.1,47,8,0.854545454545454,5.875,59,2,0.967213114754098,29.5,15,7,0.681818181818182,2.14285714285714,85,15,0.85,5.66666666666667
ENSG00000229694.2,0,47,0,0,7,10,0.411764705882353,0.7,0,27,0,0,0,33,0,0
ENSG00000229852.2,9,4,0.692307692307692,2.25,11,4,0.733333333333333,2.75,14,3,0.823529411764706,4.66666666666667,9,17,0.346153846153846,0.529411764705882
ENSG00000229950.1,27,22,0.551020408163265,1.22727272727273,7,8,0.466666666666667,0.875,9,2,0.818181818181818,4.5,16,12,0.571428571428571,1.33333333333333
ENSG00000229962.1,7,0,1,Inf,0,5,0,0,2,4,0.333333333333333,0.5,0,0,NA,NA
ENSG00000229989.3,6,5,0.545454545454545,1.2,26,11,0.702702702702703,2.36363636363636,3,0,1,Inf,34,70,0.326923076923077,0.485714285714286
ENSG00000230061.1,2,46,0.0416666666666667,0.0434782608695652,7,48,0.127272727272727,0.145833333333333,14,83,0.144329896907216,0.168674698795181,9,36,0.2,0.25
ENSG00000230082.1,4,231,0.0170212765957447,0.0173160173160173,2,155,0.0127388535031847,0.0129032258064516,5,311,0.0158227848101266,0.0160771704180064,25,75,0.25,0.333333333333333
ENSG00000230091.2,0,0,NA,NA,1,4,0.2,0.25,6,0,1,Inf,8,5,0.615384615384615,1.6
ENSG00000230177.1,100,20,0.833333333333333,5,68,28,0.708333333333333,2.42857142857143,55,42,0.56701030927835,1.30952380952381,56,91,0.380952380952381,0.615384615384615
ENSG00000230387.1,49,46,0.515789473684211,1.06521739130435,69,31,0.69,2.2258064516129,94,56,0.626666666666667,1.67857142857143,97,35,0.734848484848485,2.77142857142857
ENSG00000230424.1,120,14,0.895522388059702,8.57142857142857,98,32,0.753846153846154,3.0625,140,18,0.886075949367089,7.77777777777778,98,36,0.73134328358209,2.72222222222222
ENSG00000230439.2,348,1342,0.205917159763314,0.259314456035768,134,733,0.154555940023068,0.18281036834925,465,1409,0.248132337246531,0.330021291696238,178,765,0.188759278897137,0.232679738562092
ENSG00000230487.3,36,19,0.654545454545455,1.89473684210526,6,15,0.285714285714286,0.4,25,32,0.43859649122807,0.78125,18,43,0.295081967213115,0.418604651162791
ENSG00000230587.1,0,1,0,0,0,1,0,0,3,3,0.5,1,0,0,NA,NA
ENSG00000230615.2,11,3,0.785714285714286,3.66666666666667,36,82,0.305084745762712,0.439024390243902,0,0,NA,NA,28,14,0.666666666666667,2
ENSG00000230753.1,0,0,NA,NA,0,0,NA,NA,0,2,0,0,2,6,0.25,0.333333333333333
ENSG00000231054.1,38,58,0.395833333333333,0.655172413793103,4,22,0.153846153846154,0.181818181818182,47,21,0.691176470588235,2.23809523809524,51,35,0.593023255813954,1.45714285714286
ENSG00000231113.2,112,2,0.982456140350877,56,66,10,0.868421052631579,6.6,79,20,0.797979797979798,3.95,93,47,0.664285714285714,1.97872340425532
ENSG00000231336.1,0,7,0,0,0,22,0,0,0,29,0,0,5,4,0.555555555555556,1.25
ENSG00000231969.1,1,0,1,Inf,0,10,0,0,0,0,NA,NA,0,33,0,0
ENSG00000232104.2,39,6,0.866666666666667,6.5,11,7,0.611111111111111,1.57142857142857,44,1,0.977777777777778,44,0,27,0,0
ENSG00000232160.2,2,7,0.222222222222222,0.285714285714286,6,27,0.181818181818182,0.222222222222222,0,15,0,0,0,32,0,0
ENSG00000232461.1,0,0,NA,NA,6,5,0.545454545454545,1.2,0,1,0,0,0,6,0,0
ENSG00000232593.2,24,98,0.19672131147541,0.244897959183673,22,145,0.131736526946108,0.151724137931034,8,145,0.0522875816993464,0.0551724137931034,11,192,0.0541871921182266,0.0572916666666667
ENSG00000232656.3,0,8,0,0,0,0,NA,NA,5,0,1,Inf,0,0,NA,NA
ENSG00000232807.2,36,15,0.705882352941177,2.4,153,90,0.62962962962963,1.7,57,22,0.721518987341772,2.59090909090909,168,71,0.702928870292887,2.36619718309859
ENSG00000232931.1,5,69,0.0675675675675676,0.072463768115942,0,60,0,0,13,48,0.213114754098361,0.270833333333333,8,143,0.0529801324503311,0.0559440559440559
ENSG00000232995.3,25,94,0.210084033613445,0.265957446808511,31,56,0.35632183908046,0.553571428571429,69,81,0.46,0.851851851851852,9,46,0.163636363636364,0.195652173913043
ENSG00000233175.2,5,35,0.125,0.142857142857143,4,69,0.0547945205479452,0.0579710144927536,10,84,0.106382978723404,0.119047619047619,13,92,0.123809523809524,0.141304347826087
ENSG00000233452.2,10,6,0.625,1.66666666666667,50,70,0.416666666666667,0.714285714285714,4,2,0.666666666666667,2,43,65,0.398148148148148,0.661538461538462
ENSG00000233527.4,26,35,0.426229508196721,0.742857142857143,18,64,0.219512195121951,0.28125,30,23,0.566037735849057,1.30434782608696,141,139,0.503571428571429,1.01438848920863
ENSG00000233532.1,106,46,0.697368421052632,2.30434782608696,175,31,0.849514563106796,5.64516129032258,118,3,0.975206611570248,39.3333333333333,238,79,0.750788643533123,3.0126582278481
ENSG00000233593.2,48,0,1,Inf,17,16,0.515151515151515,1.0625,12,0,1,Inf,20,10,0.666666666666667,2
ENSG00000233723.3,0,4,0,0,0,0,NA,NA,4,0,1,Inf,2,0,1,Inf
ENSG00000234062.3,4,24,0.142857142857143,0.166666666666667,13,29,0.30952380952381,0.448275862068966,4,7,0.363636363636364,0.571428571428571,5,40,0.111111111111111,0.125
ENSG00000234129.3,0,17,0,0,7,6,0.538461538461538,1.16666666666667,1,12,0.0769230769230769,0.0833333333333333,0,38,0,0
ENSG00000234155.1,2,5,0.285714285714286,0.4,1,12,0.0769230769230769,0.0833333333333333,3,5,0.375,0.6,2,9,0.181818181818182,0.222222222222222
ENSG00000234171.1,252,42,0.857142857142857,6,243,22,0.916981132075472,11.0454545454545,295,9,0.970394736842105,32.7777777777778,309,27,0.919642857142857,11.4444444444444
ENSG00000234199.2,0,18,0,0,0,7,0,0,0,18,0,0,11,11,0.5,1
ENSG00000234350.1,10,6,0.625,1.66666666666667,18,0,1,Inf,13,0,1,Inf,0,6,0,0
ENSG00000234509.1,6,7,0.461538461538462,0.857142857142857,0,14,0,0,0,12,0,0,0,1,0,0
ENSG00000234614.1,6,0,1,Inf,0,0,NA,NA,11,12,0.478260869565217,0.916666666666667,2,3,0.4,0.666666666666667
ENSG00000234684.2,79,39,0.669491525423729,2.02564102564103,92,62,0.597402597402597,1.48387096774194,79,53,0.598484848484849,1.49056603773585,101,63,0.615853658536585,1.6031746031746
ENSG00000234699.1,6,0,1,Inf,0,0,NA,NA,0,0,NA,NA,3,32,0.0857142857142857,0.09375
ENSG00000234810.1,0,3,0,0,0,0,NA,NA,1,0,1,Inf,0,5,0,0
ENSG00000235078.1,9,8,0.529411764705882,1.125,0,0,NA,NA,0,20,0,0,0,3,0,0
ENSG00000235590.3,14,21,0.4,0.666666666666667,10,24,0.294117647058824,0.416666666666667,9,50,0.152542372881356,0.18,1,19,0.05,0.0526315789473684
ENSG00000235609.4,5,18,0.217391304347826,0.277777777777778,24,38,0.387096774193548,0.631578947368421,3,30,0.0909090909090909,0.1,7,58,0.107692307692308,0.120689655172414
ENSG00000235652.3,8,0,1,Inf,0,10,0,0,9,26,0.257142857142857,0.346153846153846,48,12,0.8,4
ENSG00000235770.1,0,8,0,0,0,121,0,0,8,1,0.888888888888889,8,35,93,0.2734375,0.376344086021505
ENSG00000235831.2,1,2,0.333333333333333,0.5,34,21,0.618181818181818,1.61904761904762,5,4,0.555555555555556,1.25,5,2,0.714285714285714,2.5
ENSG00000236064.1,6,4,0.6,1.5,3,9,0.25,0.333333333333333,0,8,0,0,0,0,NA,NA
ENSG00000236066.1,3,24,0.111111111111111,0.125,0,30,0,0,2,19,0.0952380952380952,0.105263157894737,0,68,0,0
ENSG00000236094.1,0,0,NA,NA,6,9,0.4,0.666666666666667,0,0,NA,NA,24,101,0.192,0.237623762376238
ENSG00000236137.1,6,20,0.230769230769231,0.3,0,13,0,0,18,18,0.5,1,0,2,0,0
ENSG00000236166.1,1,0,1,Inf,10,0,1,Inf,0,3,0,0,0,1,0,0
ENSG00000236204.1,10,3,0.769230769230769,3.33333333333333,3,33,0.0833333333333333,0.0909090909090909,22,9,0.709677419354839,2.44444444444444,31,4,0.885714285714286,7.75
ENSG00000236345.1,37,45,0.451219512195122,0.822222222222222,18,25,0.418604651162791,0.72,33,55,0.375,0.6,48,54,0.470588235294118,0.888888888888889
ENSG00000236347.1,0,3,0,0,0,6,0,0,0,7,0,0,4,0,1,Inf
ENSG00000236358.1,3,19,0.136363636363636,0.157894736842105,8,64,0.111111111111111,0.125,9,32,0.219512195121951,0.28125,1,55,0.0178571428571429,0.0181818181818182
ENSG00000236427.1,15,13,0.535714285714286,1.15384615384615,19,1,0.95,19,16,3,0.842105263157895,5.33333333333333,10,0,1,Inf
ENSG00000236810.1,9,65,0.121621621621622,0.138461538461538,11,105,0.0948275862068965,0.104761904761905,9,111,0.075,0.0810810810810811,0,122,0,0
ENSG00000236830.2,0,3,0,0,3,5,0.375,0.6,0,0,NA,NA,0,0,NA,NA
ENSG00000236908.2,0,0,NA,NA,0,12,0,0,3,1,0.75,3,6,0,1,Inf
ENSG00000236924.1,14,12,0.538461538461538,1.16666666666667,19,14,0.575757575757576,1.35714285714286,27,15,0.642857142857143,1.8,24,29,0.452830188679245,0.827586206896552
ENSG00000236947.1,0,19,0,0,9,42,0.176470588235294,0.214285714285714,2,34,0.0555555555555556,0.0588235294117647,21,45,0.318181818181818,0.466666666666667
ENSG00000237149.4,11,39,0.22,0.282051282051282,9,158,0.0538922155688623,0.0569620253164557,25,94,0.210084033613445,0.265957446808511,33,210,0.135802469135802,0.157142857142857
ENSG00000237352.2,7,10,0.411764705882353,0.7,4,4,0.5,1,11,0,1,Inf,16,9,0.64,1.77777777777778
ENSG00000237489.2,37,103,0.264285714285714,0.359223300970874,47,97,0.326388888888889,0.484536082474227,50,118,0.297619047619048,0.423728813559322,101,116,0.465437788018433,0.870689655172414
ENSG00000237813.3,0,4,0,0,14,5,0.736842105263158,2.8,3,7,0.3,0.428571428571429,6,0,1,Inf
ENSG00000237945.3,0,0,NA,NA,1,0,1,Inf,4,14,0.222222222222222,0.285714285714286,2,16,0.111111111111111,0.125
ENSG00000237975.2,58,79,0.423357664233577,0.734177215189873,56,103,0.352201257861635,0.54368932038835,37,128,0.224242424242424,0.2890625,26,61,0.298850574712644,0.426229508196721
ENSG00000237978.1,0,2,0,0,0,1,0,0,9,2,0.818181818181818,4.5,26,5,0.838709677419355,5.2
ENSG00000238005.2,4,3,0.571428571428571,1.33333333333333,18,6,0.75,3,8,7,0.533333333333333,1.14285714285714,81,26,0.757009345794392,3.11538461538462
ENSG00000238266.1,4,11,0.266666666666667,0.363636363636364,5,16,0.238095238095238,0.3125,4,8,0.333333333333333,0.5,7,4,0.636363636363636,1.75
ENSG00000238280.1,1,4,0.2,0.25,0,3,0,0,1,4,0.2,0.25,0,40,0,0
ENSG00000240211.1,0,2,0,0,12,0,1,Inf,3,9,0.25,0.333333333333333,2,0,1,Inf
ENSG00000240291.1,75,85,0.46875,0.88235294117647,132,80,0.622641509433962,1.65,98,109,0.473429951690821,0.89908256880734,110,63,0.635838150289017,1.74603174603175
ENSG00000240350.1,12,6,0.666666666666667,2,0,14,0,0,2,0,1,Inf,9,0,1,Inf
ENSG00000240449.1,16,2,0.888888888888889,8,0,0,NA,NA,1,4,0.2,0.25,0,0,NA,NA
ENSG00000240476.1,6,5,0.545454545454545,1.2,9,62,0.126760563380282,0.145161290322581,0,1,0,0,2,41,0.0465116279069767,0.048780487804878
ENSG00000240591.1,2,7,0.222222222222222,0.285714285714286,0,2,0,0,0,0,NA,NA,3,2,0.6,1.5
ENSG00000241014.1,644,193,0.769414575866189,3.33678756476684,849,234,0.78393351800554,3.62820512820513,604,160,0.790575916230366,3.775,1303,572,0.694933333333333,2.27797202797203
ENSG00000241155.1,0,6,0,0,0,8,0,0,1,0,1,Inf,7,5,0.583333333333333,1.4
ENSG00000241211.1,18,17,0.514285714285714,1.05882352941176,0,20,0,0,0,5,0,0,7,3,0.7,2.33333333333333
ENSG00000241280.1,0,0,NA,NA,10,11,0.476190476190476,0.909090909090909,9,0,1,Inf,16,21,0.432432432432432,0.761904761904762
ENSG00000241475.1,4,0,1,Inf,0,3,0,0,8,6,0.571428571428571,1.33333333333333,0,1,0,0
ENSG00000241770.1,0,12,0,0,8,3,0.727272727272727,2.66666666666667,25,29,0.462962962962963,0.862068965517241,29,60,0.325842696629214,0.483333333333333
ENSG00000242147.1,22,304,0.0674846625766871,0.0723684210526316,57,978,0.0550724637681159,0.058282208588957,86,354,0.195454545454545,0.242937853107345,108,793,0.119866814650388,0.136191677175284
ENSG00000242282.2,0,37,0,0,12,55,0.17910447761194,0.218181818181818,0,56,0,0,2,87,0.0224719101123595,0.0229885057471264
ENSG00000242861.1,57,46,0.553398058252427,1.23913043478261,110,66,0.625,1.66666666666667,65,107,0.377906976744186,0.607476635514019,148,167,0.46984126984127,0.88622754491018
ENSG00000243926.1,6,74,0.075,0.0810810810810811,11,37,0.229166666666667,0.297297297297297,0,49,0,0,3,30,0.0909090909090909,0.1
ENSG00000244041.3,17,18,0.485714285714286,0.944444444444444,27,18,0.6,1.5,38,4,0.904761904761905,9.5,52,26,0.666666666666667,2
ENSG00000244265.1,7,2,0.777777777777778,3.5,0,2,0,0,15,1,0.9375,15,0,0,NA,NA
ENSG00000244675.2,0,0,NA,NA,0,1,0,0,2,3,0.4,0.666666666666667,0,0,NA,NA
ENSG00000244879.3,156,458,0.254071661237785,0.34061135371179,60,294,0.169491525423729,0.204081632653061,124,444,0.21830985915493,0.279279279279279,130,426,0.233812949640288,0.305164319248826
ENSG00000245552.2,0,3,0,0,1,0,1,Inf,0,3,0,0,4,3,0.571428571428571,1.33333333333333
ENSG00000245571.2,31,19,0.62,1.63157894736842,47,30,0.61038961038961,1.56666666666667,55,61,0.474137931034483,0.901639344262295,89,27,0.767241379310345,3.2962962962963
ENSG00000245614.2,33,0,1,Inf,16,4,0.8,4,12,0,1,Inf,6,11,0.352941176470588,0.545454545454545
ENSG00000245750.3,0,12,0,0,0,0,NA,NA,1,0,1,Inf,1,2,0.333333333333333,0.5
ENSG00000246090.2,39,10,0.795918367346939,3.9,42,31,0.575342465753425,1.35483870967742,48,7,0.872727272727273,6.85714285714286,22,24,0.478260869565217,0.916666666666667
ENSG00000246145.1,0,6,0,0,13,11,0.541666666666667,1.18181818181818,4,20,0.166666666666667,0.2,3,17,0.15,0.176470588235294
ENSG00000246174.3,28,1,0.96551724137931,28,35,6,0.853658536585366,5.83333333333333,36,21,0.631578947368421,1.71428571428571,61,28,0.685393258426966,2.17857142857143
ENSG00000246523.3,8,0,1,Inf,0,7,0,0,0,0,NA,NA,0,2,0,0
ENSG00000246560.2,5,50,0.0909090909090909,0.1,12,96,0.111111111111111,0.125,6,78,0.0714285714285714,0.0769230769230769,1,100,0.0099009900990099,0.01
ENSG00000246582.2,252,696,0.265822784810127,0.362068965517241,130,390,0.25,0.333333333333333,223,650,0.255441008018328,0.343076923076923,119,452,0.208406304728546,0.263274336283186
ENSG00000246640.1,44,14,0.758620689655172,3.14285714285714,49,14,0.777777777777778,3.5,41,24,0.630769230769231,1.70833333333333,82,0,1,Inf
ENSG00000247199.3,0,0,NA,NA,1,5,0.166666666666667,0.2,0,0,NA,NA,2,10,0.166666666666667,0.2
ENSG00000247240.3,26,46,0.361111111111111,0.565217391304348,37,51,0.420454545454545,0.725490196078431,27,36,0.428571428571429,0.75,22,40,0.354838709677419,0.55
ENSG00000247498.5,59,23,0.719512195121951,2.56521739130435,106,19,0.848,5.57894736842105,162,41,0.798029556650246,3.95121951219512,230,41,0.848708487084871,5.60975609756098
ENSG00000247679.2,119,22,0.843971631205674,5.40909090909091,186,8,0.958762886597938,23.25,169,21,0.889473684210526,8.04761904761905,116,81,0.588832487309645,1.4320987654321
ENSG00000247828.3,305,384,0.44267053701016,0.794270833333333,237,214,0.52549889135255,1.10747663551402,309,323,0.488924050632911,0.956656346749226,470,159,0.747217806041335,2.9559748427673
ENSG00000247844.1,192,246,0.438356164383562,0.780487804878049,32,70,0.313725490196078,0.457142857142857,216,283,0.432865731462926,0.763250883392226,29,51,0.3625,0.568627450980392
ENSG00000247950.2,31,2,0.93939393939394,15.5,13,11,0.541666666666667,1.18181818181818,6,3,0.666666666666667,2,18,22,0.45,0.818181818181818
ENSG00000248092.3,85,285,0.22972972972973,0.298245614035088,105,234,0.309734513274336,0.448717948717949,120,199,0.376175548589342,0.603015075376884,189,408,0.316582914572864,0.463235294117647
ENSG00000248341.2,3,43,0.0652173913043478,0.0697674418604651,34,19,0.641509433962264,1.78947368421053,15,40,0.272727272727273,0.375,20,52,0.277777777777778,0.384615384615385
ENSG00000248429.1,28,77,0.266666666666667,0.363636363636364,1,63,0.015625,0.0158730158730159,22,117,0.158273381294964,0.188034188034188,11,84,0.115789473684211,0.130952380952381
ENSG00000248698.1,7,4,0.636363636363636,1.75,0,0,NA,NA,0,17,0,0,2,0,1,Inf
ENSG00000248964.2,16,17,0.484848484848485,0.941176470588235,15,11,0.576923076923077,1.36363636363636,46,34,0.575,1.35294117647059,22,8,0.733333333333333,2.75
ENSG00000249307.1,0,4,0,0,18,3,0.857142857142857,6,0,2,0,0,22,16,0.578947368421053,1.375
ENSG00000249379.1,0,3,0,0,2,0,1,Inf,0,0,NA,NA,0,7,0,0
ENSG00000250133.2,18,32,0.36,0.5625,0,46,0,0,10,44,0.185185185185185,0.227272727272727,24,86,0.218181818181818,0.27906976744186
ENSG00000250135.1,3775,3806,0.497955414852922,0.991854965843405,4121,3850,0.516999121816585,1.07038961038961,3750,3008,0.554897898786623,1.24667553191489,6176,4782,0.563606497536047,1.29150982852363
ENSG00000250331.1,3,0,1,Inf,0,3,0,0,2,0,1,Inf,0,15,0,0
ENSG00000250337.1,0,9,0,0,1,0,1,Inf,0,14,0,0,0,0,NA,NA
ENSG00000250365.2,9,0,1,Inf,0,5,0,0,0,2,0,0,14,0,1,Inf
ENSG00000250410.1,12,6,0.666666666666667,2,5,11,0.3125,0.454545454545455,14,10,0.583333333333333,1.4,49,26,0.653333333333333,1.88461538461538
ENSG00000250451.1,18,32,0.36,0.5625,0,46,0,0,10,44,0.185185185185185,0.227272727272727,24,86,0.218181818181818,0.27906976744186
ENSG00000250551.1,0,11,0,0,2,1,0.666666666666667,2,0,6,0,0,4,27,0.129032258064516,0.148148148148148
ENSG00000250608.1,0,1,0,0,4,2,0.666666666666667,2,5,0,1,Inf,0,1,0,0
ENSG00000250697.1,7,2,0.777777777777778,3.5,117,137,0.460629921259843,0.854014598540146,8,0,1,Inf,168,251,0.400954653937947,0.669322709163347
ENSG00000250999.1,5,33,0.131578947368421,0.151515151515152,26,31,0.456140350877193,0.838709677419355,10,32,0.238095238095238,0.3125,9,50,0.152542372881356,0.18
ENSG00000251141.1,58,25,0.698795180722892,2.32,81,22,0.786407766990291,3.68181818181818,84,19,0.815533980582524,4.42105263157895,113,57,0.664705882352941,1.98245614035088
ENSG00000251144.1,8,13,0.380952380952381,0.615384615384615,8,40,0.166666666666667,0.2,0,23,0,0,30,43,0.410958904109589,0.697674418604651
ENSG00000251331.2,0,101,0,0,17,173,0.0894736842105263,0.0982658959537572,8,116,0.0645161290322581,0.0689655172413793,9,281,0.0310344827586207,0.0320284697508897
ENSG00000251432.2,9,19,0.321428571428571,0.473684210526316,0,10,0,0,6,32,0.157894736842105,0.1875,12,23,0.342857142857143,0.521739130434783
ENSG00000251442.1,8,11,0.421052631578947,0.727272727272727,5,19,0.208333333333333,0.263157894736842,3,4,0.428571428571429,0.75,3,38,0.0731707317073171,0.0789473684210526
ENSG00000253161.1,63,26,0.707865168539326,2.42307692307692,330,107,0.755148741418764,3.08411214953271,91,29,0.758333333333333,3.13793103448276,390,177,0.687830687830688,2.20338983050847
ENSG00000253168.1,36,17,0.679245283018868,2.11764705882353,18,40,0.310344827586207,0.45,1,14,0.0666666666666667,0.0714285714285714,21,32,0.39622641509434,0.65625
ENSG00000253210.1,39,54,0.419354838709677,0.722222222222222,22,58,0.275,0.379310344827586,38,43,0.469135802469136,0.883720930232558,35,66,0.346534653465347,0.53030303030303
ENSG00000253559.1,0,15,0,0,7,6,0.538461538461538,1.16666666666667,0,9,0,0,11,34,0.244444444444444,0.323529411764706
ENSG00000253641.1,4,30,0.117647058823529,0.133333333333333,0,24,0,0,18,12,0.6,1.5,9,35,0.204545454545455,0.257142857142857
ENSG00000253741.1,14,21,0.4,0.666666666666667,0,15,0,0,9,9,0.5,1,0,0,NA,NA
ENSG00000254271.1,7,1,0.875,7,0,0,NA,NA,0,4,0,0,0,17,0,0
ENSG00000254414.1,0,15,0,0,3,23,0.115384615384615,0.130434782608696,2,5,0.285714285714286,0.4,2,52,0.037037037037037,0.0384615384615385
ENSG00000254418.1,1,29,0.0333333333333333,0.0344827586206897,4,36,0.1,0.111111111111111,9,21,0.3,0.428571428571429,30,60,0.333333333333333,0.5
ENSG00000254480.1,4,15,0.210526315789474,0.266666666666667,8,4,0.666666666666667,2,0,4,0,0,1,0,1,Inf
ENSG00000254602.1,0,0,NA,NA,0,4,0,0,0,0,NA,NA,3,1,0.75,3
ENSG00000254607.2,59,8,0.880597014925373,7.375,74,0,1,Inf,29,20,0.591836734693878,1.45,58,0,1,Inf
ENSG00000254733.1,1,0,1,Inf,0,23,0,0,0,0,NA,NA,0,36,0,0
ENSG00000254740.2,88,1,0.98876404494382,88,43,5,0.895833333333333,8.6,39,20,0.661016949152542,1.95,32,0,1,Inf
ENSG00000254854.1,2,6,0.25,0.333333333333333,0,11,0,0,0,40,0,0,0,20,0,0
ENSG00000254876.1,4,7,0.363636363636364,0.571428571428571,4,7,0.363636363636364,0.571428571428571,0,3,0,0,0,0,NA,NA
ENSG00000255020.1,3,0,1,Inf,14,0,1,Inf,25,6,0.806451612903226,4.16666666666667,25,8,0.757575757575758,3.125
ENSG00000255036.1,6,55,0.0983606557377049,0.109090909090909,10,79,0.112359550561798,0.126582278481013,3,52,0.0545454545454545,0.0576923076923077,5,113,0.0423728813559322,0.0442477876106195
ENSG00000255045.1,0,5,0,0,6,0,1,Inf,5,4,0.555555555555556,1.25,4,0,1,Inf
ENSG00000255108.1,0,0,NA,NA,0,0,NA,NA,0,3,0,0,1,5,0.166666666666667,0.2
ENSG00000255145.1,0,4,0,0,1,7,0.125,0.142857142857143,0,1,0,0,0,5,0,0
ENSG00000255992.1,3,2,0.6,1.5,7,13,0.35,0.538461538461538,0,5,0,0,17,15,0.53125,1.13333333333333
ENSG00000256164.1,0,0,NA,NA,0,11,0,0,3,8,0.272727272727273,0.375,4,8,0.333333333333333,0.5
ENSG00000257496.1,3,4,0.428571428571429,0.75,114,0,1,Inf,0,21,0,0,85,17,0.833333333333333,5
ENSG00000257497.1,0,48,0,0,0,22,0,0,0,30,0,0,4,32,0.111111111111111,0.125
ENSG00000257702.3,3,0,1,Inf,0,2,0,0,4,14,0.222222222222222,0.285714285714286,0,0,NA,NA
ENSG00000257718.1,4,29,0.121212121212121,0.137931034482759,2,14,0.125,0.142857142857143,0,31,0,0,0,27,0,0
ENSG00000257809.1,0,0,NA,NA,1,4,0.2,0.25,1,7,0.125,0.142857142857143,8,15,0.347826086956522,0.533333333333333
ENSG00000258101.1,9,11,0.45,0.818181818181818,5,39,0.113636363636364,0.128205128205128,4,17,0.19047619047619,0.235294117647059,19,64,0.228915662650602,0.296875
ENSG00000258199.1,93,444,0.173184357541899,0.209459459459459,148,457,0.244628099173554,0.323851203501094,185,516,0.263908701854494,0.358527131782946,150,727,0.171037628278221,0.206327372764787
ENSG00000258302.1,6,8,0.428571428571429,0.75,12,18,0.4,0.666666666666667,11,3,0.785714285714286,3.66666666666667,7,2,0.777777777777778,3.5
ENSG00000258303.1,0,2,0,0,13,10,0.565217391304348,1.3,3,20,0.130434782608696,0.15,0,39,0,0
ENSG00000258457.1,9,0,1,Inf,2,0,1,Inf,22,6,0.785714285714286,3.66666666666667,7,2,0.777777777777778,3.5
ENSG00000258461.1,147,28,0.84,5.25,195,64,0.752895752895753,3.046875,252,75,0.770642201834862,3.36,343,157,0.686,2.18471337579618
ENSG00000258644.1,558,2141,0.206743238236384,0.260625875758991,743,2280,0.245782335428382,0.325877192982456,676,2514,0.211912225705329,0.268894192521877,1153,3450,0.25048881164458,0.334202898550725
ENSG00000258689.1,0,1,0,0,0,2,0,0,2,0,1,Inf,0,1,0,0
ENSG00000258813.1,6,1,0.857142857142857,6,8,10,0.444444444444444,0.8,14,20,0.411764705882353,0.7,23,0,1,Inf
ENSG00000258938.1,12,24,0.333333333333333,0.5,1,0,1,Inf,6,21,0.222222222222222,0.285714285714286,1,39,0.025,0.0256410256410256
ENSG00000258982.1,24,10,0.705882352941177,2.4,41,13,0.759259259259259,3.15384615384615,36,1,0.972972972972973,36,34,1,0.971428571428571,34
ENSG00000259143.1,170,534,0.241477272727273,0.318352059925094,14,60,0.189189189189189,0.233333333333333,166,542,0.234463276836158,0.306273062730627,31,70,0.306930693069307,0.442857142857143
ENSG00000259146.2,26,20,0.565217391304348,1.3,16,42,0.275862068965517,0.380952380952381,13,26,0.333333333333333,0.5,22,55,0.285714285714286,0.4
ENSG00000259341.1,2,6,0.25,0.333333333333333,0,4,0,0,1,6,0.142857142857143,0.166666666666667,0,0,NA,NA
ENSG00000259520.1,0,3,0,0,13,2,0.866666666666667,6.5,3,4,0.428571428571429,0.75,8,21,0.275862068965517,0.380952380952381
ENSG00000259577.1,0,2,0,0,0,19,0,0,6,4,0.6,1.5,1,75,0.0131578947368421,0.0133333333333333
ENSG00000259621.1,2,0,1,Inf,0,1,0,0,1,0,1,Inf,1,1,0.5,1
ENSG00000259673.1,88,50,0.63768115942029,1.76,105,94,0.527638190954774,1.11702127659574,66,117,0.360655737704918,0.564102564102564,75,182,0.291828793774319,0.412087912087912
ENSG00000259799.1,0,4,0,0,0,0,NA,NA,3,0,1,Inf,8,12,0.4,0.666666666666667
ENSG00000259804.1,1,1,0.5,1,6,5,0.545454545454545,1.2,7,18,0.28,0.388888888888889,0,42,0,0
ENSG00000259863.1,18,4,0.818181818181818,4.5,22,0,1,Inf,23,25,0.479166666666667,0.92,8,48,0.142857142857143,0.166666666666667
ENSG00000259867.1,1,0,1,Inf,1,5,0.166666666666667,0.2,0,2,0,0,4,6,0.4,0.666666666666667
ENSG00000260030.1,0,0,NA,NA,0,1,0,0,0,0,NA,NA,1,2,0.333333333333333,0.5
ENSG00000260083.1,104,47,0.688741721854305,2.21276595744681,103,70,0.595375722543353,1.47142857142857,62,142,0.303921568627451,0.436619718309859,81,112,0.419689119170984,0.723214285714286
ENSG00000260088.1,19,12,0.612903225806452,1.58333333333333,38,0,1,Inf,10,8,0.555555555555556,1.25,21,0,1,Inf
ENSG00000260136.1,8,72,0.1,0.111111111111111,17,163,0.0944444444444444,0.104294478527607,12,80,0.130434782608696,0.15,45,165,0.214285714285714,0.272727272727273
ENSG00000260160.1,26,12,0.68421052631579,2.16666666666667,5,8,0.384615384615385,0.625,10,6,0.625,1.66666666666667,17,57,0.22972972972973,0.298245614035088
ENSG00000260183.1,1,12,0.0769230769230769,0.0833333333333333,1,4,0.2,0.25,0,0,NA,NA,4,0,1,Inf
ENSG00000260209.1,5,0,1,Inf,12,0,1,Inf,0,5,0,0,3,32,0.0857142857142857,0.09375
ENSG00000260352.1,17,6,0.739130434782609,2.83333333333333,1,3,0.25,0.333333333333333,15,18,0.454545454545455,0.833333333333333,43,2,0.955555555555556,21.5
ENSG00000260630.2,14,13,0.518518518518518,1.07692307692308,0,92,0,0,13,19,0.40625,0.68421052631579,4,118,0.0327868852459016,0.0338983050847458
ENSG00000260750.1,31,6,0.837837837837838,5.16666666666667,34,4,0.894736842105263,8.5,17,17,0.5,1,30,17,0.638297872340426,1.76470588235294
ENSG00000260796.1,10,1,0.909090909090909,10,5,18,0.217391304347826,0.277777777777778,1,4,0.2,0.25,0,6,0,0
ENSG00000261118.1,10,30,0.25,0.333333333333333,40,40,0.5,1,16,14,0.533333333333333,1.14285714285714,19,12,0.612903225806452,1.58333333333333
ENSG00000261253.1,0,6,0,0,25,54,0.316455696202532,0.462962962962963,0,0,NA,NA,20,64,0.238095238095238,0.3125
ENSG00000261267.1,2,6,0.25,0.333333333333333,0,4,0,0,0,3,0,0,4,5,0.444444444444444,0.8
ENSG00000261341.1,1,0,1,Inf,0,4,0,0,7,0,1,Inf,2,5,0.285714285714286,0.4
ENSG00000261351.1,15,27,0.357142857142857,0.555555555555556,0,29,0,0,21,30,0.411764705882353,0.7,5,87,0.0543478260869565,0.0574712643678161
ENSG00000261366.1,7,7,0.5,1,20,5,0.8,4,0,0,NA,NA,8,8,0.5,1
ENSG00000261408.1,418,149,0.73721340388007,2.80536912751678,613,303,0.669213973799127,2.02310231023102,404,310,0.565826330532213,1.30322580645161,999,471,0.679591836734694,2.12101910828025
ENSG00000261441.1,0,23,0,0,0,29,0,0,8,8,0.5,1,0,9,0,0
ENSG00000261487.1,415,380,0.522012578616352,1.09210526315789,594,479,0.55358807082945,1.24008350730689,736,628,0.539589442815249,1.17197452229299,1031,877,0.540356394129979,1.17559863169897
ENSG00000261798.1,9,16,0.36,0.5625,7,0,1,Inf,11,0,1,Inf,8,2,0.8,4
ENSG00000261962.1,21,5,0.807692307692308,4.2,0,1,0,0,5,29,0.147058823529412,0.172413793103448,4,1,0.8,4
ENSG00000262165.1,11,59,0.157142857142857,0.186440677966102,24,77,0.237623762376238,0.311688311688312,2,83,0.0235294117647059,0.0240963855421687,4,110,0.0350877192982456,0.0363636363636364
ENSG00000262222.1,9,15,0.375,0.6,0,9,0,0,6,7,0.461538461538462,0.857142857142857,0,0,NA,NA
ENSG00000262370.1,10,1,0.909090909090909,10,18,11,0.620689655172414,1.63636363636364,6,11,0.352941176470588,0.545454545454545,26,28,0.481481481481481,0.928571428571429
ENSG00000262766.1,2263,620,0.78494623655914,3.65,2907,688,0.808623087621697,4.22529069767442,2854,722,0.798098434004474,3.95290858725762,3371,624,0.843804755944931,5.40224358974359
ENSG00000263069.1,7,0,1,Inf,17,7,0.708333333333333,2.42857142857143,21,9,0.7,2.33333333333333,22,9,0.709677419354839,2.44444444444444
ENSG00000263171.1,0,0,NA,NA,6,10,0.375,0.6,3,0,1,Inf,6,4,0.6,1.5
ENSG00000263307.1,8,25,0.242424242424242,0.32,9,43,0.173076923076923,0.209302325581395,18,14,0.5625,1.28571428571429,20,17,0.540540540540541,1.17647058823529
ENSG00000263798.1,5755,1849,0.756838506049448,3.11249323958897,3640,1896,0.657514450867052,1.91983122362869,7484,2573,0.744158297703092,2.90866692576759,4545,3091,0.595206914614982,1.47039792947266
ENSG00000263917.1,197,1477,0.11768219832736,0.133378469871361,50,943,0.0503524672708963,0.0530222693531283,174,1191,0.127472527472527,0.146095717884131,106,1086,0.0889261744966443,0.0976058931860037
ENSG00000264672.1,9,5,0.642857142857143,1.8,0,4,0,0,10,28,0.263157894736842,0.357142857142857,17,23,0.425,0.739130434782609
ENSG00000264920.1,9,22,0.290322580645161,0.409090909090909,9,34,0.209302325581395,0.264705882352941,9,36,0.2,0.25,7,69,0.0921052631578947,0.101449275362319
ENSG00000265222.1,9,6,0.6,1.5,5,0,1,Inf,5,11,0.3125,0.454545454545455,2,0,1,Inf
ENSG00000265458.1,0,30,0,0,0,11,0,0,16,42,0.275862068965517,0.380952380952381,5,48,0.0943396226415094,0.104166666666667
ENSG00000266304.1,5,9,0.357142857142857,0.555555555555556,1,5,0.166666666666667,0.2,0,16,0,0,0,4,0,0
ENSG00000266411.1,8,4,0.666666666666667,2,1,9,0.1,0.111111111111111,0,4,0,0,34,24,0.586206896551724,1.41666666666667
ENSG00000266850.1,6,53,0.101694915254237,0.113207547169811,8,39,0.170212765957447,0.205128205128205,10,46,0.178571428571429,0.217391304347826,27,25,0.519230769230769,1.08
ENSG00000266903.1,0,14,0,0,1,10,0.0909090909090909,0.1,3,24,0.111111111111111,0.125,0,1,0,0
ENSG00000266905.1,2,0,1,Inf,0,1,0,0,0,0,NA,NA,0,2,0,0
ENSG00000266929.1,1130,875,0.56359102244389,1.29142857142857,1116,883,0.558279139569785,1.2638731596829,1274,912,0.582799634034767,1.3969298245614,1486,949,0.610266940451745,1.56585879873551
ENSG00000266933.1,7,2,0.777777777777778,3.5,0,5,0,0,0,2,0,0,25,4,0.862068965517241,6.25
ENSG00000266970.1,5,0,1,Inf,0,0,NA,NA,6,2,0.75,3,2,0,1,Inf
ENSG00000267002.1,57,40,0.587628865979381,1.425,33,38,0.464788732394366,0.868421052631579,49,77,0.388888888888889,0.636363636363636,61,93,0.396103896103896,0.655913978494624
ENSG00000267040.2,5,41,0.108695652173913,0.121951219512195,4,9,0.307692307692308,0.444444444444444,13,43,0.232142857142857,0.302325581395349,11,29,0.275,0.379310344827586
ENSG00000267169.1,13,12,0.52,1.08333333333333,8,23,0.258064516129032,0.347826086956522,17,27,0.386363636363636,0.62962962962963,6,34,0.15,0.176470588235294
ENSG00000267272.1,1,27,0.0357142857142857,0.037037037037037,0,6,0,0,0,2,0,0,0,13,0,0
ENSG00000267278.1,26,57,0.313253012048193,0.456140350877193,15,131,0.102739726027397,0.114503816793893,5,95,0.05,0.0526315789473684,40,261,0.132890365448505,0.153256704980843
ENSG00000267374.1,75,94,0.443786982248521,0.797872340425532,48,121,0.284023668639053,0.396694214876033,52,107,0.327044025157233,0.485981308411215,54,62,0.46551724137931,0.870967741935484
ENSG00000267390.1,5,29,0.147058823529412,0.172413793103448,0,56,0,0,0,43,0,0,30,104,0.223880597014925,0.288461538461538
ENSG00000267394.1,4,0,1,Inf,4,4,0.5,1,23,0,1,Inf,17,2,0.894736842105263,8.5
ENSG00000267395.1,21,4,0.84,5.25,14,22,0.388888888888889,0.636363636363636,51,19,0.728571428571429,2.68421052631579,40,9,0.816326530612245,4.44444444444444
ENSG00000267475.1,33,68,0.326732673267327,0.485294117647059,47,33,0.5875,1.42424242424242,22,129,0.145695364238411,0.170542635658915,65,37,0.637254901960784,1.75675675675676
ENSG00000267698.1,10,32,0.238095238095238,0.3125,39,3,0.928571428571429,13,11,34,0.244444444444444,0.323529411764706,13,20,0.393939393939394,0.65
ENSG00000267751.1,36,16,0.692307692307692,2.25,10,19,0.344827586206897,0.526315789473684,18,8,0.692307692307692,2.25,19,5,0.791666666666667,3.8
ENSG00000267764.1,11,3,0.785714285714286,3.66666666666667,19,55,0.256756756756757,0.345454545454545,19,5,0.791666666666667,3.8,42,111,0.274509803921569,0.378378378378378
ENSG00000267787.1,5,0,1,Inf,44,0,1,Inf,23,5,0.821428571428571,4.6,3,6,0.333333333333333,0.5
ENSG00000267852.1,0,1,0,0,16,24,0.4,0.666666666666667,2,1,0.666666666666667,2,16,9,0.64,1.77777777777778
ENSG00000267939.1,5,36,0.121951219512195,0.138888888888889,1,50,0.0196078431372549,0.02,0,61,0,0,23,30,0.433962264150943,0.766666666666667
ENSG00000268006.1,3,2,0.6,1.5,0,1,0,0,11,0,1,Inf,6,14,0.3,0.428571428571429
ENSG00000268066.1,15,9,0.625,1.66666666666667,0,0,NA,NA,1,5,0.166666666666667,0.2,0,0,NA,NA
ENSG00000268362.1,44,42,0.511627906976744,1.04761904761905,36,39,0.48,0.923076923076923,5,15,0.25,0.333333333333333,15,44,0.254237288135593,0.340909090909091
ENSG00000268364.1,1,0,1,Inf,0,1,0,0,0,7,0,0,18,2,0.9,9
ENSG00000268575.1,965,2552,0.274381575206142,0.378134796238245,1117,3636,0.235009467704608,0.307205720572057,1378,3016,0.313609467455621,0.456896551724138,1950,5734,0.253774076002082,0.340076735263341
ENSG00000268584.1,44,20,0.6875,2.2,0,22,0,0,16,15,0.516129032258065,1.06666666666667,28,15,0.651162790697674,1.86666666666667
ENSG00000268592.2,34,28,0.548387096774194,1.21428571428571,81,51,0.613636363636364,1.58823529411765,35,52,0.402298850574713,0.673076923076923,37,47,0.44047619047619,0.787234042553192
ENSG00000268621.1,46,40,0.534883720930233,1.15,284,358,0.442367601246106,0.793296089385475,42,86,0.328125,0.488372093023256,423,1181,0.263715710723192,0.358171041490262
ENSG00000268751.1,3,0,1,Inf,0,14,0,0,0,1,0,0,0,0,NA,NA
ENSG00000269019.1,20,0,1,Inf,2,6,0.25,0.333333333333333,14,0,1,Inf,16,0,1,Inf
ENSG00000269054.1,2,11,0.153846153846154,0.181818181818182,0,8,0,0,0,0,NA,NA,0,17,0,0
ENSG00000269107.1,24,70,0.25531914893617,0.342857142857143,39,78,0.333333333333333,0.5,6,31,0.162162162162162,0.193548387096774,34,141,0.194285714285714,0.24113475177305
ENSG00000269834.1,4,1,0.8,4,26,13,0.666666666666667,2,5,2,0.714285714285714,2.5,20,14,0.588235294117647,1.42857142857143
ENSG00000269946.1,854,80,0.914346895074946,10.675,929,170,0.845313921747043,5.46470588235294,744,173,0.8113413304253,4.30057803468208,1647,353,0.8235,4.6657223796034
ENSG00000270049.1,5,8,0.384615384615385,0.625,34,17,0.666666666666667,2,8,8,0.5,1,10,50,0.166666666666667,0.2
ENSG00000270681.1,0,7,0,0,4,0,1,Inf,21,21,0.5,1,6,15,0.285714285714286,0.4
ENSG00000270792.1,2,0,1,Inf,0,6,0,0,0,0,NA,NA,3,14,0.176470588235294,0.214285714285714
ENSG00000270933.1,61,21,0.74390243902439,2.9047619047619,84,4,0.954545454545455,21,77,3,0.9625,25.6666666666667,66,2,0.970588235294118,33
ENSG00000271555.1,39,0,1,Inf,2,3,0.4,0.666666666666667,14,2,0.875,7,27,57,0.321428571428571,0.473684210526316
ENSG00000271826.1,10,9,0.526315789473684,1.11111111111111,6,10,0.375,0.6,9,1,0.9,9,0,6,0,0
ENSG00000271966.1,11,1,0.916666666666667,11,10,0,1,Inf,7,0,1,Inf,8,4,0.666666666666667,2
ENSG00000271978.1,35,11,0.760869565217391,3.18181818181818,6,1,0.857142857142857,6,23,0,1,Inf,6,9,0.4,0.666666666666667
ENSG00000271993.1,10,0,1,Inf,19,0,1,Inf,9,10,0.473684210526316,0.9,13,26,0.333333333333333,0.5
ENSG00000272081.1,5,0,1,Inf,0,15,0,0,9,6,0.6,1.5,9,11,0.45,0.818181818181818
ENSG00000272209.1,3,0,1,Inf,7,2,0.777777777777778,3.5,0,4,0,0,11,3,0.785714285714286,3.66666666666667
ENSG00000272606.1,16,144,0.1,0.111111111111111,1,99,0.01,0.0101010101010101,24,129,0.156862745098039,0.186046511627907,10,88,0.102040816326531,0.113636363636364
ENSG00000272668.1,52,10,0.838709677419355,5.2,87,32,0.73109243697479,2.71875,93,16,0.853211009174312,5.8125,134,14,0.905405405405405,9.57142857142857
ENSG00000272677.1,102,27,0.790697674418605,3.77777777777778,76,34,0.690909090909091,2.23529411764706,61,28,0.685393258426966,2.17857142857143,239,74,0.763578274760383,3.22972972972973
ENSG00000272686.1,53,27,0.6625,1.96296296296296,38,23,0.622950819672131,1.65217391304348,69,11,0.8625,6.27272727272727,74,19,0.795698924731183,3.89473684210526
ENSG00000273004.1,9,11,0.45,0.818181818181818,46,195,0.190871369294606,0.235897435897436,5,32,0.135135135135135,0.15625,23,205,0.100877192982456,0.11219512195122
ENSG00000273061.1,2,119,0.0165289256198347,0.0168067226890756,26,125,0.172185430463576,0.208,16,216,0.0689655172413793,0.0740740740740741,1,327,0.00304878048780488,0.00305810397553517
ENSG00000273066.1,12,21,0.363636363636364,0.571428571428571,17,16,0.515151515151515,1.0625,33,21,0.611111111111111,1.57142857142857,36,41,0.467532467532468,0.878048780487805
ENSG00000273179.1,0,1,0,0,0,0,NA,NA,16,0,1,Inf,0,2,0,0
ENSG00000273311.1,32,10,0.761904761904762,3.2,30,7,0.810810810810811,4.28571428571429,22,1,0.956521739130435,22,41,0,1,Inf
ENSG00000273433.1,228,180,0.558823529411765,1.26666666666667,239,137,0.63563829787234,1.74452554744526,208,298,0.411067193675889,0.697986577181208,540,221,0.709592641261498,2.44343891402715
EP400NL,265,76,0.777126099706745,3.48684210526316,389,108,0.782696177062374,3.60185185185185,237,117,0.669491525423729,2.02564102564103,220,175,0.556962025316456,1.25714285714286
EPB41L5,158,210,0.429347826086957,0.752380952380952,141,335,0.296218487394958,0.42089552238806,95,176,0.350553505535055,0.539772727272727,144,545,0.20899854862119,0.264220183486239
EPGN,862,2302,0.2724399494311,0.374456993918332,207,712,0.225244831338411,0.290730337078652,709,1621,0.304291845493562,0.437384330660086,229,402,0.362916006339144,0.569651741293532
EPHA1,22,24,0.478260869565217,0.916666666666667,21,14,0.6,1.5,41,90,0.312977099236641,0.455555555555556,12,3,0.8,4
EPHA4,10,22,0.3125,0.454545454545455,16,46,0.258064516129032,0.347826086956522,0,57,0,0,0,147,0,0
EPHA5,0,0,NA,NA,39,14,0.735849056603774,2.78571428571429,1,0,1,Inf,3,27,0.1,0.111111111111111
EPHX2,52,361,0.12590799031477,0.14404432132964,49,269,0.154088050314465,0.182156133828996,57,553,0.0934426229508197,0.103074141048825,33,419,0.0730088495575221,0.0787589498806683
EPM2A,12,151,0.0736196319018405,0.0794701986754967,46,122,0.273809523809524,0.377049180327869,7,162,0.0414201183431953,0.0432098765432099,21,223,0.0860655737704918,0.0941704035874439
EPN2,121,282,0.300248138957816,0.429078014184397,184,514,0.263610315186246,0.357976653696498,115,444,0.205724508050089,0.259009009009009,175,803,0.178936605316973,0.217932752179328
EPS15,110,1436,0.0711513583441138,0.0766016713091922,168,1752,0.0875,0.0958904109589041,145,1387,0.0946475195822454,0.104542177361211,211,2195,0.0876974231088944,0.096127562642369
ERAP1,240,50,0.827586206896552,4.8,292,44,0.869047619047619,6.63636363636364,263,63,0.806748466257669,4.17460317460317,196,72,0.73134328358209,2.72222222222222
ERAP2,8,55,0.126984126984127,0.145454545454545,19,58,0.246753246753247,0.327586206896552,42,65,0.392523364485981,0.646153846153846,24,63,0.275862068965517,0.380952380952381
ERBB3,13,67,0.1625,0.194029850746269,0,38,0,0,0,100,0,0,5,45,0.1,0.111111111111111
ERC2,19,29,0.395833333333333,0.655172413793103,20,16,0.555555555555556,1.25,12,45,0.210526315789474,0.266666666666667,0,8,0,0
ERCC1,770,1468,0.344057193923146,0.524523160762943,658,1981,0.249336870026525,0.332155477031802,623,1680,0.270516717325228,0.370833333333333,857,2853,0.23099730458221,0.300385559060638
ERCC4,93,70,0.570552147239264,1.32857142857143,49,48,0.505154639175258,1.02083333333333,49,61,0.445454545454545,0.80327868852459,96,121,0.442396313364055,0.793388429752066
ERCC6,150,180,0.454545454545455,0.833333333333333,218,139,0.610644257703081,1.56834532374101,113,138,0.450199203187251,0.818840579710145,290,277,0.511463844797178,1.04693140794224
ERCC8,71,519,0.120338983050847,0.136801541425819,34,366,0.085,0.092896174863388,35,315,0.1,0.111111111111111,40,400,0.0909090909090909,0.1
ERGIC3,155,2323,0.0625504439063761,0.0667240637107189,156,2842,0.0520346897931955,0.0548909218859958,173,3550,0.0464679022293849,0.0487323943661972,227,5797,0.0376826029216467,0.0391581852682422
ERICH2,73,10,0.879518072289157,7.3,13,20,0.393939393939394,0.65,100,12,0.892857142857143,8.33333333333333,32,12,0.727272727272727,2.66666666666667
ERN1,214,1180,0.15351506456241,0.18135593220339,94,945,0.0904716073147257,0.0994708994708995,64,762,0.0774818401937046,0.083989501312336,87,969,0.0823863636363636,0.0897832817337461
ERV3-1,51,97,0.344594594594595,0.525773195876289,92,349,0.208616780045351,0.263610315186246,27,318,0.0782608695652174,0.0849056603773585,92,692,0.11734693877551,0.132947976878613
ERV3-1-ZNF117,97,40,0.708029197080292,2.425,349,112,0.75704989154013,3.11607142857143,318,19,0.943620178041543,16.7368421052632,692,249,0.73538788522848,2.77911646586345
ESD,394,5251,0.0697962798937112,0.0750333269853361,266,4317,0.0580405847698014,0.0616168635626593,387,4628,0.0771684945164507,0.0836214347450303,282,4366,0.060671256454389,0.0645900137425561
ESPN,0,4,0,0,0,0,NA,NA,8,17,0.32,0.470588235294118,4,1,0.8,4
ESRRB,1,0,1,Inf,0,2,0,0,2,1,0.666666666666667,2,5,0,1,Inf
ESRRG,1,5,0.166666666666667,0.2,2,0,1,Inf,0,0,NA,NA,1,6,0.142857142857143,0.166666666666667
ESYT3,1,0,1,Inf,0,2,0,0,1,0,1,Inf,0,0,NA,NA
ETFRF1,49,599,0.0756172839506173,0.0818030050083473,56,376,0.12962962962963,0.148936170212766,60,649,0.0846262341325811,0.0924499229583975,35,514,0.063752276867031,0.0680933852140078
ETV6,102,709,0.12577065351418,0.143864598025388,117,910,0.113924050632911,0.128571428571429,131,624,0.173509933774834,0.209935897435897,204,1417,0.125848241826033,0.143966125617502
ETV7,11,5,0.6875,2.2,10,3,0.769230769230769,3.33333333333333,11,2,0.846153846153846,5.5,16,0,1,Inf
EVA1A,114,138,0.452380952380952,0.826086956521739,158,602,0.207894736842105,0.262458471760797,98,93,0.513089005235602,1.05376344086022,177,531,0.25,0.333333333333333
EVC2,6,33,0.153846153846154,0.181818181818182,4,77,0.0493827160493827,0.051948051948052,1,54,0.0181818181818182,0.0185185185185185,11,70,0.135802469135802,0.157142857142857
EXOC2,236,943,0.200169635284139,0.250265111346766,275,1248,0.180564674983585,0.220352564102564,117,996,0.105121293800539,0.117469879518072,155,1408,0.0991682661548305,0.110085227272727
EXOC6,13,208,0.0588235294117647,0.0625,21,120,0.148936170212766,0.175,2,216,0.0091743119266055,0.00925925925925926,5,65,0.0714285714285714,0.0769230769230769
EXOSC9,272,1441,0.158785755983654,0.188757807078418,195,1241,0.135793871866295,0.15713134568896,152,858,0.15049504950495,0.177156177156177,393,1083,0.266260162601626,0.362880886426593
F8,19,149,0.113095238095238,0.12751677852349,20,158,0.112359550561798,0.126582278481013,8,270,0.0287769784172662,0.0296296296296296,55,296,0.156695156695157,0.185810810810811
FAAH2,21,157,0.117977528089888,0.133757961783439,12,82,0.127659574468085,0.146341463414634,14,293,0.0456026058631922,0.0477815699658703,7,66,0.0958904109589041,0.106060606060606
FAAP20,137,283,0.326190476190476,0.484098939929329,166,456,0.266881028938907,0.364035087719298,170,199,0.46070460704607,0.85427135678392,280,685,0.290155440414508,0.408759124087591
FADS2,37,337,0.0989304812834225,0.109792284866469,76,1012,0.0698529411764706,0.075098814229249,28,573,0.0465890183028286,0.0488656195462478,59,1483,0.0382619974059663,0.0397842211732974
FAH,86,1192,0.0672926447574335,0.0721476510067114,104,918,0.101761252446184,0.113289760348584,100,1768,0.0535331905781585,0.0565610859728507,50,1782,0.027292576419214,0.0280583613916947
FAHD2CP,11,4,0.733333333333333,2.75,6,19,0.24,0.31578947368421,8,39,0.170212765957447,0.205128205128205,4,29,0.121212121212121,0.137931034482759
FAM104B,814,204,0.799607072691552,3.99019607843137,936,193,0.829052258635961,4.84974093264249,987,199,0.83220910623946,4.95979899497487,1072,283,0.791143911439114,3.78798586572438
FAM114A1,173,365,0.321561338289963,0.473972602739726,160,2224,0.0671140939597315,0.0719424460431655,70,458,0.132575757575758,0.152838427947598,193,2509,0.0714285714285714,0.0769230769230769
FAM120C,53,285,0.156804733727811,0.185964912280702,2,421,0.00472813238770686,0.00475059382422803,92,258,0.262857142857143,0.356589147286822,13,426,0.0296127562642369,0.0305164319248826
FAM122B,292,689,0.297655453618756,0.423802612481858,297,867,0.255154639175258,0.342560553633218,220,651,0.252583237657865,0.337941628264209,233,915,0.202961672473868,0.254644808743169
FAM124A,17,13,0.566666666666667,1.30769230769231,9,7,0.5625,1.28571428571429,1,10,0.0909090909090909,0.1,36,12,0.75,3
FAM129A,0,13,0,0,0,1,0,0,0,2,0,0,1,0,1,Inf
FAM13A,94,132,0.415929203539823,0.712121212121212,38,79,0.324786324786325,0.481012658227848,111,193,0.365131578947368,0.575129533678757,67,123,0.352631578947368,0.544715447154472
FAM149A,15,0,1,Inf,54,25,0.683544303797468,2.16,11,9,0.55,1.22222222222222,48,0,1,Inf
FAM149B1,105,116,0.475113122171946,0.905172413793103,186,164,0.531428571428571,1.13414634146341,59,155,0.275700934579439,0.380645161290323,146,272,0.349282296650718,0.536764705882353
FAM151B,33,20,0.622641509433962,1.65,83,11,0.882978723404255,7.54545454545455,77,9,0.895348837209302,8.55555555555556,45,5,0.9,9
FAM155B,65,240,0.213114754098361,0.270833333333333,36,137,0.208092485549133,0.262773722627737,70,280,0.2,0.25,29,115,0.201388888888889,0.252173913043478
FAM171A2,0,11,0,0,0,125,0,0,5,5,0.5,1,0,124,0,0
FAM172A,567,307,0.648741418764302,1.84690553745928,446,567,0.440276406712734,0.786596119929453,493,405,0.548997772828508,1.21728395061728,640,655,0.494208494208494,0.977099236641221
FAM177A1,1044,779,0.572682391662095,1.34017971758665,2788,2336,0.544106167056987,1.19349315068493,723,827,0.466451612903226,0.874244256348247,5613,2715,0.673991354466859,2.06740331491713
FAM184A,15,61,0.197368421052632,0.245901639344262,0,17,0,0,15,68,0.180722891566265,0.220588235294118,0,8,0,0
FAM185BP,6,8,0.428571428571429,0.75,9,0,1,Inf,14,0,1,Inf,17,9,0.653846153846154,1.88888888888889
FAM20C,443,2763,0.138178415470992,0.16033297140789,216,3469,0.0586160108548168,0.0622657826462958,153,2120,0.0673119225692917,0.0721698113207547,142,4178,0.0328703703703704,0.0339875538535184
FAM219B,157,612,0.204161248374512,0.256535947712418,215,730,0.227513227513228,0.294520547945205,212,601,0.260762607626076,0.352745424292845,378,1161,0.245614035087719,0.325581395348837
FAM228A,0,7,0,0,0,4,0,0,2,0,1,Inf,0,15,0,0
FAM228B,55,97,0.361842105263158,0.56701030927835,12,451,0.0259179265658747,0.0266075388026608,29,127,0.185897435897436,0.228346456692913,48,622,0.0716417910447761,0.0771704180064309
FAM35DP,884,339,0.722812755519215,2.60766961651917,583,335,0.635076252723312,1.74029850746269,588,291,0.668941979522184,2.02061855670103,1034,414,0.714088397790055,2.4975845410628
FAM47E,25,12,0.675675675675676,2.08333333333333,12,19,0.387096774193548,0.631578947368421,3,27,0.1,0.111111111111111,2,33,0.0571428571428571,0.0606060606060606
FAM76A,11,208,0.0502283105022831,0.0528846153846154,16,247,0.0608365019011407,0.0647773279352227,55,271,0.168711656441718,0.202952029520295,98,488,0.167235494880546,0.200819672131148
FAM78B,29,25,0.537037037037037,1.16,61,7,0.897058823529412,8.71428571428571,78,11,0.876404494382023,7.09090909090909,23,7,0.766666666666667,3.28571428571429
FAM81A,52,73,0.416,0.712328767123288,23,24,0.48936170212766,0.958333333333333,26,72,0.26530612244898,0.361111111111111,9,43,0.173076923076923,0.209302325581395
FAM83A,647,2740,0.191024505462061,0.236131386861314,1088,5595,0.162801137213826,0.194459338695264,462,3095,0.12988473432668,0.149273021001616,960,7533,0.113034263511127,0.127439267224213
FAM83F,56,154,0.266666666666667,0.363636363636364,32,172,0.156862745098039,0.186046511627907,59,139,0.297979797979798,0.424460431654676,4,127,0.0305343511450382,0.031496062992126
FAM86B3P,45,162,0.217391304347826,0.277777777777778,14,63,0.181818181818182,0.222222222222222,24,150,0.137931034482759,0.16,4,93,0.0412371134020619,0.043010752688172
FANCA,449,275,0.620165745856354,1.63272727272727,310,339,0.477657935285054,0.914454277286136,407,257,0.612951807228916,1.58365758754864,275,273,0.501824817518248,1.00732600732601
FANCC,93,517,0.152459016393443,0.179883945841393,93,569,0.140483383685801,0.163444639718805,26,701,0.0357634112792297,0.0370898716119829,59,478,0.109869646182495,0.123430962343096
FANCM,34,94,0.265625,0.361702127659574,8,85,0.0860215053763441,0.0941176470588235,11,60,0.154929577464789,0.183333333333333,8,64,0.111111111111111,0.125
FAR2,8,54,0.129032258064516,0.148148148148148,9,38,0.191489361702128,0.236842105263158,6,15,0.285714285714286,0.4,15,42,0.263157894736842,0.357142857142857
FARP1,144,205,0.412607449856734,0.702439024390244,213,857,0.199065420560748,0.248541423570595,102,290,0.260204081632653,0.351724137931034,287,829,0.257168458781362,0.346200241254524
FAT2,75,209,0.264084507042254,0.358851674641148,49,81,0.376923076923077,0.604938271604938,107,200,0.348534201954397,0.535,67,272,0.1976401179941,0.246323529411765
FAT4,4,42,0.0869565217391304,0.0952380952380952,6,80,0.0697674418604651,0.075,9,51,0.15,0.176470588235294,4,136,0.0285714285714286,0.0294117647058824
FBLN1,3426,2610,0.567594433399602,1.31264367816092,7654,6028,0.559421137260634,1.26974120769741,3721,2587,0.589885859226379,1.43834557402397,9753,11277,0.46376604850214,0.864857674913541
FBRSL1,62,696,0.0817941952506596,0.089080459770115,36,397,0.0831408775981524,0.0906801007556675,79,653,0.10792349726776,0.120980091883614,122,405,0.231499051233397,0.301234567901235
FBXL18,91,800,0.102132435465769,0.11375,123,1260,0.0889370932754881,0.0976190476190476,84,912,0.0843373493975904,0.0921052631578947,85,1440,0.0557377049180328,0.0590277777777778
FBXL22,58,33,0.637362637362637,1.75757575757576,14,14,0.5,1,127,39,0.765060240963855,3.25641025641026,34,14,0.708333333333333,2.42857142857143
FBXL4,69,574,0.107309486780715,0.120209059233449,90,341,0.208816705336427,0.263929618768328,104,442,0.19047619047619,0.235294117647059,163,495,0.247720364741641,0.329292929292929
FBXO10,0,31,0,0,10,127,0.072992700729927,0.078740157480315,0,46,0,0,27,226,0.106719367588933,0.119469026548673
FBXO11,166,692,0.193473193473193,0.239884393063584,149,673,0.181265206812652,0.221396731054978,94,469,0.16696269982238,0.200426439232409,85,691,0.109536082474227,0.12301013024602
FBXO16,13,39,0.25,0.333333333333333,48,67,0.417391304347826,0.716417910447761,35,65,0.35,0.538461538461538,40,97,0.291970802919708,0.412371134020619
FBXO17,15,167,0.0824175824175824,0.0898203592814371,31,305,0.0922619047619048,0.101639344262295,11,198,0.0526315789473684,0.0555555555555556,55,484,0.102040816326531,0.113636363636364
FBXO27,0,7,0,0,0,14,0,0,0,5,0,0,6,3,0.666666666666667,2
FBXO3,424,291,0.593006993006993,1.45704467353952,412,454,0.475750577367206,0.907488986784141,323,261,0.553082191780822,1.23754789272031,327,446,0.423027166882277,0.733183856502242
FBXO31,61,1329,0.0438848920863309,0.0458991723100075,100,1206,0.0765696784073507,0.0829187396351575,119,1460,0.0753641545281824,0.0815068493150685,137,1584,0.0796048808832074,0.086489898989899
FBXO32,109,473,0.187285223367698,0.230443974630021,273,2241,0.108591885441527,0.121820615796519,67,637,0.0951704545454545,0.105180533751962,366,7058,0.0492995689655172,0.0518560498724851
FBXO34,193,419,0.315359477124183,0.460620525059666,260,453,0.364656381486676,0.573951434878587,321,465,0.408396946564886,0.690322580645161,665,712,0.482933914306463,0.933988764044944
FBXO36,5,30,0.142857142857143,0.166666666666667,3,40,0.0697674418604651,0.075,3,30,0.0909090909090909,0.1,11,23,0.323529411764706,0.478260869565217
FBXO43,114,23,0.832116788321168,4.95652173913043,45,56,0.445544554455446,0.803571428571429,55,15,0.785714285714286,3.66666666666667,41,68,0.376146788990826,0.602941176470588
FCHO1,8,120,0.0625,0.0666666666666667,4,29,0.121212121212121,0.137931034482759,14,91,0.133333333333333,0.153846153846154,4,37,0.0975609756097561,0.108108108108108
FCHSD2,28,280,0.0909090909090909,0.1,15,409,0.035377358490566,0.0366748166259169,18,231,0.072289156626506,0.0779220779220779,20,452,0.0423728813559322,0.0442477876106195
FER1L4,22,2,0.916666666666667,11,19,23,0.452380952380952,0.826086956521739,15,49,0.234375,0.306122448979592,21,20,0.51219512195122,1.05
FEZ1,28,107,0.207407407407407,0.261682242990654,18,110,0.140625,0.163636363636364,26,118,0.180555555555556,0.220338983050847,33,145,0.185393258426966,0.227586206896552
FGD3,0,0,NA,NA,0,0,NA,NA,2,3,0.4,0.666666666666667,1,1,0.5,1
FGD6,30,64,0.319148936170213,0.46875,16,196,0.0754716981132075,0.0816326530612245,6,88,0.0638297872340425,0.0681818181818182,22,184,0.106796116504854,0.119565217391304
FGF12,10,0,1,Inf,1,2,0.333333333333333,0.5,0,1,0,0,2,20,0.0909090909090909,0.1
FGFR1,135,68,0.665024630541872,1.98529411764706,393,228,0.632850241545894,1.72368421052632,129,117,0.524390243902439,1.1025641025641,469,374,0.556346381969158,1.25401069518717
FGFR1OP2,648,215,0.750869061413673,3.01395348837209,715,278,0.720040281973817,2.57194244604317,432,176,0.710526315789474,2.45454545454545,749,408,0.647363872082973,1.83578431372549
FHIT,38,177,0.176744186046512,0.214689265536723,8,130,0.0579710144927536,0.0615384615384615,20,446,0.0429184549356223,0.0448430493273543,21,265,0.0734265734265734,0.0792452830188679
FIBCD1,20,0,1,Inf,235,43,0.845323741007194,5.46511627906977,30,4,0.88235294117647,7.5,246,174,0.585714285714286,1.41379310344828
FIG4,51,329,0.134210526315789,0.155015197568389,18,234,0.0714285714285714,0.0769230769230769,27,465,0.0548780487804878,0.0580645161290323,16,495,0.0313111545988258,0.0323232323232323
FIGN,9,62,0.126760563380282,0.145161290322581,7,129,0.0514705882352941,0.0542635658914729,12,60,0.166666666666667,0.2,10,87,0.103092783505155,0.114942528735632
FKBP11,39,90,0.302325581395349,0.433333333333333,56,147,0.275862068965517,0.380952380952381,39,128,0.233532934131737,0.3046875,30,247,0.108303249097473,0.121457489878543
FKTN,206,585,0.260429835651075,0.352136752136752,263,469,0.359289617486339,0.560767590618337,156,439,0.26218487394958,0.355353075170843,181,674,0.211695906432749,0.268545994065282
FLAD1,1136,2002,0.362014021669853,0.567432567432567,756,2519,0.230839694656489,0.30011909487892,1183,2839,0.294132272501243,0.416696019725255,885,3063,0.224164133738602,0.288932419196866
FLCN,250,239,0.511247443762781,1.04602510460251,205,426,0.324881141045959,0.481220657276995,100,477,0.173310225303293,0.209643605870021,140,1012,0.121527777777778,0.138339920948617
FLRT2,77,689,0.100522193211488,0.111756168359942,404,2334,0.147552958363769,0.173093401885176,102,734,0.12200956937799,0.138964577656676,608,4151,0.127757932338727,0.146470729944592
FMN1,1,0,1,Inf,0,14,0,0,0,1,0,0,0,0,NA,NA
FMN2,10,32,0.238095238095238,0.3125,0,179,0,0,0,24,0,0,0,239,0,0
FMNL2,68,646,0.0952380952380952,0.105263157894737,145,666,0.178791615289766,0.217717717717718,159,981,0.139473684210526,0.162079510703364,138,1101,0.11138014527845,0.125340599455041
FMO4,21,60,0.259259259259259,0.35,75,57,0.568181818181818,1.31578947368421,15,25,0.375,0.6,7,127,0.0522388059701493,0.0551181102362205
FMO5,6,3,0.666666666666667,2,5,5,0.5,1,27,2,0.931034482758621,13.5,6,3,0.666666666666667,2
FN3K,4,0,1,Inf,3,0,1,Inf,0,5,0,0,0,0,NA,NA
FNBP1,561,520,0.518963922294172,1.07884615384615,345,649,0.347082494969819,0.531587057010786,434,735,0.37125748502994,0.59047619047619,382,972,0.282127031019202,0.393004115226337
FNBP4,211,2072,0.0924222514235655,0.101833976833977,178,2204,0.0747271200671704,0.0807622504537205,239,1706,0.122879177377892,0.140093786635404,174,3095,0.0532272866319976,0.0562197092084006
FRMD4A,0,0,NA,NA,20,0,1,Inf,0,2,0,0,0,0,NA,NA
FRMD4B,97,553,0.149230769230769,0.175406871609403,163,584,0.218206157965194,0.279109589041096,114,563,0.168389955686854,0.202486678507993,378,868,0.303370786516854,0.435483870967742
FSD1L,21,29,0.42,0.724137931034483,84,79,0.515337423312883,1.06329113924051,16,61,0.207792207792208,0.262295081967213,133,79,0.627358490566038,1.68354430379747
FTCDNL1,92,67,0.578616352201258,1.37313432835821,54,16,0.771428571428571,3.375,61,109,0.358823529411765,0.559633027522936,61,60,0.504132231404959,1.01666666666667
FTSJ1,710,1793,0.283659608469836,0.395984383714445,1163,2468,0.320297438722115,0.471231766612642,555,1419,0.281155015197568,0.391120507399577,1052,1976,0.347424042272127,0.532388663967611
FUBP1,3338,1046,0.761405109489051,3.19120458891013,2593,695,0.788625304136253,3.73093525179856,3413,970,0.778690394706822,3.51855670103093,3307,1092,0.751761764037281,3.02838827838828
FUT10,137,204,0.401759530791789,0.67156862745098,37,174,0.175355450236967,0.21264367816092,53,263,0.167721518987342,0.201520912547529,56,195,0.223107569721116,0.287179487179487
FXR1,429,2239,0.160794602698651,0.191603394372488,364,1947,0.157507572479446,0.186954288649204,292,2043,0.125053533190578,0.1429270680372,357,2433,0.127956989247312,0.146732429099877
GAA,31,341,0.0833333333333333,0.0909090909090909,21,380,0.0523690773067332,0.0552631578947368,88,690,0.113110539845758,0.127536231884058,104,1000,0.0942028985507246,0.104
GABPB1,1383,305,0.819312796208531,4.5344262295082,1190,514,0.698356807511737,2.31517509727626,1439,523,0.733435270132518,2.75143403441683,1597,679,0.701669595782074,2.3519882179676
GABPB2,60,643,0.085348506401138,0.0933125972006221,74,613,0.107714701601164,0.120717781402936,100,553,0.153139356814701,0.180831826401447,72,538,0.118032786885246,0.133828996282528
GABRA2,17,42,0.288135593220339,0.404761904761905,2,25,0.0740740740740741,0.08,28,64,0.304347826086957,0.4375,4,14,0.222222222222222,0.285714285714286
GABRA3,1,0,1,Inf,0,40,0,0,0,0,NA,NA,0,24,0,0
GABRE,2,127,0.0155038759689922,0.015748031496063,14,95,0.128440366972477,0.147368421052632,5,170,0.0285714285714286,0.0294117647058824,3,130,0.0225563909774436,0.0230769230769231
GAD1,51,2,0.962264150943396,25.5,40,0,1,Inf,35,8,0.813953488372093,4.375,19,9,0.678571428571429,2.11111111111111
GALNT13,3,4,0.428571428571429,0.75,2,0,1,Inf,1,0,1,Inf,6,9,0.4,0.666666666666667
GALNT6,11,144,0.0709677419354839,0.0763888888888889,20,270,0.0689655172413793,0.0740740740740741,6,157,0.0368098159509202,0.0382165605095541,3,285,0.0104166666666667,0.0105263157894737
GAMT,31,152,0.169398907103825,0.203947368421053,15,224,0.0627615062761506,0.0669642857142857,17,164,0.0939226519337017,0.103658536585366,22,289,0.0707395498392283,0.0761245674740484
GAN,2,17,0.105263157894737,0.117647058823529,3,31,0.0882352941176471,0.0967741935483871,16,68,0.19047619047619,0.235294117647059,2,21,0.0869565217391304,0.0952380952380952
GANC,156,147,0.514851485148515,1.06122448979592,229,195,0.540094339622642,1.17435897435897,184,252,0.422018348623853,0.73015873015873,150,343,0.304259634888438,0.43731778425656
GAREM2,27,0,1,Inf,14,9,0.608695652173913,1.55555555555556,22,4,0.846153846153846,5.5,12,13,0.48,0.923076923076923
GARNL3,24,21,0.533333333333333,1.14285714285714,30,46,0.394736842105263,0.652173913043478,28,58,0.325581395348837,0.482758620689655,18,13,0.580645161290323,1.38461538461538
GAS2,3,0,1,Inf,0,3,0,0,0,1,0,0,0,2,0,0
GATB,58,545,0.0961857379767828,0.106422018348624,34,607,0.0530421216848674,0.0560131795716639,23,731,0.0305039787798408,0.0314637482900137,63,745,0.077970297029703,0.0845637583892618
GATM,4,26,0.133333333333333,0.153846153846154,0,6,0,0,0,30,0,0,0,26,0,0
GCA,6,5,0.545454545454545,1.2,0,4,0,0,0,9,0,0,0,10,0,0
GCC2,8,18,0.307692307692308,0.444444444444444,17,45,0.274193548387097,0.377777777777778,19,30,0.387755102040816,0.633333333333333,33,27,0.55,1.22222222222222
GCDH,277,503,0.355128205128205,0.550695825049702,266,429,0.38273381294964,0.62004662004662,392,578,0.404123711340206,0.678200692041522,258,645,0.285714285714286,0.4
GCFC2,348,235,0.596912521440823,1.48085106382979,184,138,0.571428571428571,1.33333333333333,215,278,0.436105476673428,0.773381294964029,208,137,0.602898550724638,1.51824817518248
GCH1,50,525,0.0869565217391304,0.0952380952380952,23,233,0.08984375,0.0987124463519313,78,502,0.13448275862069,0.155378486055777,14,235,0.0562248995983936,0.0595744680851064
GCNT2,3,21,0.125,0.142857142857143,8,44,0.153846153846154,0.181818181818182,0,31,0,0,0,19,0,0
GCSH,87,171,0.337209302325581,0.508771929824561,32,72,0.307692307692308,0.444444444444444,121,140,0.46360153256705,0.864285714285714,19,41,0.316666666666667,0.463414634146341
GDAP2,57,107,0.347560975609756,0.532710280373832,38,94,0.287878787878788,0.404255319148936,57,51,0.527777777777778,1.11764705882353,37,111,0.25,0.333333333333333
GDF1,6,0,1,Inf,5,4,0.555555555555556,1.25,9,2,0.818181818181818,4.5,0,0,NA,NA
GDPD1,5,21,0.192307692307692,0.238095238095238,4,32,0.111111111111111,0.125,3,17,0.15,0.176470588235294,0,37,0,0
GDPGP1,16,41,0.280701754385965,0.390243902439024,5,38,0.116279069767442,0.131578947368421,17,63,0.2125,0.26984126984127,10,85,0.105263157894737,0.117647058823529
GEM,7,8,0.466666666666667,0.875,0,49,0,0,0,2,0,0,0,46,0,0
GFOD1,27,329,0.0758426966292135,0.0820668693009119,90,250,0.264705882352941,0.36,25,166,0.130890052356021,0.150602409638554,12,275,0.0418118466898955,0.0436363636363636
GFOD2,94,409,0.186878727634195,0.229828850855746,97,536,0.153238546603476,0.180970149253731,29,266,0.0983050847457627,0.109022556390977,75,453,0.142045454545455,0.165562913907285
GGCX,1551,314,0.831635388739946,4.93949044585987,1753,372,0.824941176470588,4.71236559139785,1408,315,0.81717933836332,4.46984126984127,1422,348,0.803389830508475,4.08620689655172
GGT7,22,38,0.366666666666667,0.578947368421053,24,37,0.39344262295082,0.648648648648649,3,33,0.0833333333333333,0.0909090909090909,27,137,0.164634146341463,0.197080291970803
GKAP1,0,51,0,0,6,53,0.101694915254237,0.113207547169811,4,75,0.0506329113924051,0.0533333333333333,0,52,0,0
GLB1,541,1725,0.238746690203001,0.313623188405797,648,1948,0.249614791987673,0.33264887063655,751,1898,0.283503208758022,0.39567966280295,929,2798,0.249262141132278,0.332022873481058
GLDC,42,152,0.216494845360825,0.276315789473684,28,20,0.583333333333333,1.4,26,129,0.167741935483871,0.201550387596899,45,8,0.849056603773585,5.625
GLI3,82,1076,0.0708117443868739,0.0762081784386617,115,1187,0.0883256528417819,0.096882898062342,146,1175,0.110522331566995,0.124255319148936,300,1927,0.134710372698698,0.155682407887909
GLIS1,0,48,0,0,2,174,0.0113636363636364,0.0114942528735632,7,18,0.28,0.388888888888889,16,435,0.0354767184035477,0.0367816091954023
GLIS3,21,6,0.777777777777778,3.5,0,30,0,0,0,3,0,0,2,47,0.0408163265306122,0.0425531914893617
GLP2R,0,0,NA,NA,9,13,0.409090909090909,0.692307692307692,0,0,NA,NA,0,16,0,0
GLRB,17,96,0.150442477876106,0.177083333333333,0,67,0,0,5,45,0.1,0.111111111111111,1,86,0.0114942528735632,0.0116279069767442
GLRX3,6410,1989,0.763186093582569,3.22272498743087,4621,2264,0.67116920842411,2.0410777385159,4973,2288,0.684891888169674,2.17351398601399,5185,2310,0.691794529686458,2.24458874458874
GLS,3430,1217,0.73811060899505,2.81840591618735,5475,4728,0.536606880329315,1.15799492385787,3316,1337,0.712658499892542,2.48017950635752,5946,6446,0.479825693996127,0.922432516289172
GLT8D2,3,53,0.0535714285714286,0.0566037735849057,14,114,0.109375,0.12280701754386,6,74,0.075,0.0810810810810811,9,105,0.0789473684210526,0.0857142857142857
GLYATL1,6,0,1,Inf,0,7,0,0,0,4,0,0,0,4,0,0
GNAO1,18,4,0.818181818181818,4.5,18,17,0.514285714285714,1.05882352941176,59,3,0.951612903225806,19.6666666666667,58,16,0.783783783783784,3.625
GNAZ,1,19,0.05,0.0526315789473684,3,60,0.0476190476190476,0.05,0,19,0,0,32,101,0.240601503759398,0.316831683168317
GNB1L,676,460,0.595070422535211,1.4695652173913,657,396,0.623931623931624,1.65909090909091,874,220,0.79890310786106,3.97272727272727,1124,326,0.775172413793103,3.4478527607362
GNPDA2,173,393,0.30565371024735,0.440203562340967,174,433,0.28665568369028,0.401847575057737,116,290,0.285714285714286,0.4,237,605,0.281472684085511,0.391735537190083
GNPTAB,54,914,0.0557851239669422,0.0590809628008753,57,1332,0.041036717062635,0.0427927927927928,100,882,0.10183299389002,0.113378684807256,64,1726,0.0357541899441341,0.0370799536500579
GOLGA2,92,683,0.118709677419355,0.134699853587116,75,1712,0.0419697817571349,0.0438084112149533,73,995,0.0683520599250936,0.0733668341708543,55,2521,0.0213509316770186,0.0218167393891313
GOLGA2P5,5,14,0.263157894736842,0.357142857142857,8,0,1,Inf,2,32,0.0588235294117647,0.0625,0,19,0,0
GOLGA4,230,1274,0.152925531914894,0.180533751962323,157,1050,0.130074565037283,0.14952380952381,202,1060,0.160063391442155,0.190566037735849,250,1184,0.174337517433752,0.211148648648649
GOLGA5,47,161,0.225961538461538,0.291925465838509,27,229,0.10546875,0.117903930131004,16,174,0.0842105263157895,0.0919540229885057,7,309,0.0221518987341772,0.0226537216828479
GON4L,31,38,0.449275362318841,0.81578947368421,35,58,0.376344086021505,0.603448275862069,12,17,0.413793103448276,0.705882352941177,16,54,0.228571428571429,0.296296296296296
GPALPP1,694,367,0.654099905749293,1.89100817438692,861,496,0.63448784082535,1.73588709677419,758,432,0.636974789915966,1.75462962962963,3043,920,0.767852636891244,3.30760869565217
GPATCH2,269,256,0.512380952380952,1.05078125,193,450,0.300155520995334,0.428888888888889,204,245,0.4543429844098,0.83265306122449,311,403,0.435574229691877,0.771712158808933
GPATCH2L,152,220,0.408602150537634,0.690909090909091,139,355,0.281376518218623,0.391549295774648,117,235,0.332386363636364,0.497872340425532,106,503,0.174055829228243,0.210735586481113
GPCPD1,273,1769,0.133692458374143,0.154324477105709,202,1428,0.123926380368098,0.141456582633053,218,1363,0.137887413029728,0.159941305942773,260,1757,0.128904313336639,0.147979510529311
GPLD1,6,1,0.857142857142857,6,0,0,NA,NA,0,23,0,0,0,0,NA,NA
GPM6B,692,474,0.593481989708405,1.45991561181435,167,76,0.68724279835391,2.19736842105263,755,545,0.580769230769231,1.38532110091743,134,108,0.553719008264463,1.24074074074074
GPNMB,0,6,0,0,9,54,0.142857142857143,0.166666666666667,3,36,0.0769230769230769,0.0833333333333333,11,65,0.144736842105263,0.169230769230769
GPR141,7,12,0.368421052631579,0.583333333333333,0,0,NA,NA,20,7,0.740740740740741,2.85714285714286,1,0,1,Inf
GPR146,2,14,0.125,0.142857142857143,0,5,0,0,5,70,0.0666666666666667,0.0714285714285714,1,12,0.0769230769230769,0.0833333333333333
GPR156,6,5,0.545454545454545,1.2,5,15,0.25,0.333333333333333,3,7,0.3,0.428571428571429,0,11,0,0
GPR161,116,238,0.327683615819209,0.487394957983193,146,636,0.186700767263427,0.229559748427673,116,197,0.370607028753994,0.588832487309645,64,966,0.0621359223300971,0.0662525879917184
GPR173,0,8,0,0,6,10,0.375,0.6,0,7,0,0,1,15,0.0625,0.0666666666666667
GPR19,4,8,0.333333333333333,0.5,0,31,0,0,12,50,0.193548387096774,0.24,9,50,0.152542372881356,0.18
GPR63,11,15,0.423076923076923,0.733333333333333,20,15,0.571428571428571,1.33333333333333,7,31,0.184210526315789,0.225806451612903,1,23,0.0416666666666667,0.0434782608695652
GPR75-ASB3,63,41,0.605769230769231,1.53658536585366,124,11,0.918518518518519,11.2727272727273,47,47,0.5,1,80,35,0.695652173913043,2.28571428571429
GPR83,0,7,0,0,0,1,0,0,0,6,0,0,2,0,1,Inf
GRAMD1A,476,1552,0.234714003944773,0.306701030927835,994,1784,0.357811375089993,0.557174887892377,655,1765,0.270661157024793,0.371104815864023,998,2539,0.282160022618038,0.393068137061835
GRAMD1C,31,18,0.63265306122449,1.72222222222222,31,36,0.462686567164179,0.861111111111111,41,50,0.450549450549451,0.82,64,31,0.673684210526316,2.06451612903226
GRB14,707,317,0.6904296875,2.23028391167192,511,370,0.580022701475596,1.38108108108108,745,338,0.687903970452447,2.20414201183432,875,346,0.716625716625717,2.52890173410405
GREB1,97,45,0.683098591549296,2.15555555555556,6,19,0.24,0.31578947368421,105,88,0.544041450777202,1.19318181818182,10,33,0.232558139534884,0.303030303030303
GREB1L,15,72,0.172413793103448,0.208333333333333,17,138,0.109677419354839,0.123188405797101,8,53,0.131147540983607,0.150943396226415,62,139,0.308457711442786,0.446043165467626
GRHPR,273,3653,0.0695364238410596,0.0747330960854092,337,2955,0.102369380315917,0.11404399323181,193,4611,0.0401748542880933,0.0418564302754283,381,4926,0.071791972866026,0.0773447015834348
GRIK2,10,5,0.666666666666667,2,16,74,0.177777777777778,0.216216216216216,3,0,1,Inf,29,174,0.142857142857143,0.166666666666667
GRK6,481,302,0.614303959131545,1.59271523178808,567,405,0.583333333333333,1.4,350,374,0.483425414364641,0.935828877005348,406,551,0.424242424242424,0.736842105263158
GRTP1,113,254,0.307901907356948,0.44488188976378,27,113,0.192857142857143,0.238938053097345,53,452,0.104950495049505,0.117256637168142,29,154,0.158469945355191,0.188311688311688
GSAP,34,168,0.168316831683168,0.202380952380952,3,61,0.046875,0.0491803278688525,16,148,0.0975609756097561,0.108108108108108,8,73,0.0987654320987654,0.10958904109589
GSDME,170,1502,0.101674641148325,0.113182423435419,209,2338,0.0820573223400079,0.0893926432848589,261,1810,0.126026074360212,0.144198895027624,272,3342,0.0752628666297731,0.0813883901855176
GSTCD,57,638,0.0820143884892086,0.0893416927899686,46,567,0.0750407830342577,0.0811287477954145,23,756,0.0295250320924262,0.0304232804232804,19,804,0.023086269744836,0.0236318407960199
GSTM4,274,81,0.771830985915493,3.38271604938272,267,42,0.864077669902913,6.35714285714286,365,92,0.798687089715536,3.96739130434783,323,31,0.912429378531073,10.4193548387097
GTDC1,106,150,0.4140625,0.706666666666667,41,184,0.182222222222222,0.222826086956522,37,192,0.161572052401747,0.192708333333333,24,249,0.0879120879120879,0.0963855421686747
GTF2IRD2,548,20,0.964788732394366,27.4,590,144,0.803814713896458,4.09722222222222,610,57,0.914542728635682,10.7017543859649,604,184,0.766497461928934,3.28260869565217
GUCA1B,16,55,0.225352112676056,0.290909090909091,9,9,0.5,1,16,22,0.421052631578947,0.727272727272727,6,41,0.127659574468085,0.146341463414634
GUCY1A2,14,2,0.875,7,30,18,0.625,1.66666666666667,31,0,1,Inf,34,44,0.435897435897436,0.772727272727273
GUCY1A3,14,20,0.411764705882353,0.7,0,7,0,0,9,11,0.45,0.818181818181818,6,3,0.666666666666667,2
GUCY2D,0,9,0,0,0,6,0,0,2,17,0.105263157894737,0.117647058823529,1,6,0.142857142857143,0.166666666666667
GUSBP11,71,84,0.458064516129032,0.845238095238095,86,91,0.485875706214689,0.945054945054945,116,118,0.495726495726496,0.983050847457627,184,205,0.473007712082262,0.897560975609756
GVQW2,11,1,0.916666666666667,11,12,9,0.571428571428571,1.33333333333333,5,4,0.555555555555556,1.25,1,3,0.25,0.333333333333333
H2AFJ,1297,209,0.861221779548473,6.20574162679426,1156,142,0.89060092449923,8.14084507042254,1220,202,0.857946554149086,6.03960396039604,1357,328,0.805341246290801,4.13719512195122
H2AFV,11112,1526,0.879253046368096,7.28178243774574,15520,2219,0.874908393934269,6.99414150518251,7514,1164,0.865867711454252,6.4553264604811,13416,2555,0.8400225408553,5.25088062622309
HACD1,584,558,0.51138353765324,1.04659498207885,651,958,0.404599129894344,0.679540709812109,379,443,0.461070559610706,0.855530474040632,648,1107,0.369230769230769,0.585365853658537
HAP1,0,0,NA,NA,0,10,0,0,1,2,0.333333333333333,0.5,0,6,0,0
HAUS4,182,2892,0.059206245933637,0.0629322268326418,151,2508,0.0567882662655134,0.060207336523126,233,3593,0.0608991113434396,0.0648483161703312,256,2521,0.0921858120273677,0.101547005156684
HDAC10,7,48,0.127272727272727,0.145833333333333,4,45,0.0816326530612245,0.0888888888888889,3,68,0.0422535211267606,0.0441176470588235,18,125,0.125874125874126,0.144
HDAC11,74,173,0.299595141700405,0.427745664739884,36,305,0.105571847507331,0.118032786885246,65,385,0.144444444444444,0.168831168831169,52,576,0.0828025477707006,0.0902777777777778
HDAC6,37,376,0.089588377723971,0.0984042553191489,57,687,0.0766129032258065,0.0829694323144105,37,555,0.0625,0.0666666666666667,23,1323,0.0170876671619614,0.017384731670446
HDAC8,176,778,0.184486373165618,0.226221079691517,144,1372,0.0949868073878628,0.104956268221574,84,1234,0.0637329286798179,0.0680713128038898,128,2382,0.050996015936255,0.0537363560033585
HDAC9,0,84,0,0,7,38,0.155555555555556,0.184210526315789,0,177,0,0,5,20,0.2,0.25
HDLBP,8761,2300,0.792062200524365,3.80913043478261,14539,3204,0.819421743786282,4.53776529338327,12110,1987,0.859048024402355,6.09461499748364,17740,3401,0.83912776122227,5.21611290796824
HDX,4,31,0.114285714285714,0.129032258064516,28,34,0.451612903225806,0.823529411764706,15,21,0.416666666666667,0.714285714285714,22,29,0.431372549019608,0.758620689655172
HEATR4,7,4,0.636363636363636,1.75,0,5,0,0,0,0,NA,NA,18,6,0.75,3
HEATR5A,124,197,0.386292834890966,0.629441624365482,106,178,0.373239436619718,0.595505617977528,87,149,0.36864406779661,0.583892617449664,143,229,0.384408602150538,0.624454148471616
HECTD2,85,38,0.691056910569106,2.23684210526316,60,158,0.275229357798165,0.379746835443038,47,34,0.580246913580247,1.38235294117647,48,218,0.180451127819549,0.220183486238532
HELB,5,108,0.0442477876106195,0.0462962962962963,13,41,0.240740740740741,0.317073170731707,0,86,0,0,0,42,0,0
HELQ,42,246,0.145833333333333,0.170731707317073,53,265,0.166666666666667,0.2,42,183,0.186666666666667,0.229508196721311,95,369,0.204741379310345,0.257452574525745
HERC2,73,17,0.811111111111111,4.29411764705882,21,16,0.567567567567568,1.3125,74,22,0.770833333333333,3.36363636363636,26,6,0.8125,4.33333333333333
HERC4,114,999,0.102425876010782,0.114114114114114,72,1278,0.0533333333333333,0.0563380281690141,144,1101,0.11566265060241,0.130790190735695,201,1439,0.122560975609756,0.139680333564976
HEXDC,37,156,0.191709844559585,0.237179487179487,34,139,0.196531791907514,0.244604316546763,43,189,0.185344827586207,0.227513227513228,18,292,0.0580645161290323,0.0616438356164384
HGD,0,2,0,0,9,0,1,Inf,0,7,0,0,3,3,0.5,1
HHIP,0,0,NA,NA,92,605,0.131994261119082,0.152066115702479,0,0,NA,NA,94,745,0.112038140643623,0.126174496644295
HIP1,52,1068,0.0464285714285714,0.048689138576779,343,3456,0.0902869176098973,0.0992476851851852,88,1093,0.0745131244707875,0.080512351326624,807,4819,0.143441166014931,0.167462129072422
HIVEP3,14,16,0.466666666666667,0.875,63,100,0.386503067484663,0.63,13,4,0.764705882352941,3.25,40,31,0.563380281690141,1.29032258064516
HKDC1,1,23,0.0416666666666667,0.0434782608695652,15,26,0.365853658536585,0.576923076923077,3,33,0.0833333333333333,0.0909090909090909,9,17,0.346153846153846,0.529411764705882
HKR1,131,387,0.252895752895753,0.338501291989664,170,575,0.228187919463087,0.295652173913043,162,683,0.191715976331361,0.237188872620791,106,854,0.110416666666667,0.124121779859485
HLF,9,20,0.310344827586207,0.45,0,2,0,0,0,2,0,0,0,2,0,0
HMGN2P46,7,9,0.4375,0.777777777777778,35,15,0.7,2.33333333333333,4,12,0.25,0.333333333333333,10,3,0.769230769230769,3.33333333333333
HNMT,0,18,0,0,0,14,0,0,11,11,0.5,1,4,6,0.4,0.666666666666667
HNRNPA1L2,129,309,0.294520547945205,0.41747572815534,120,388,0.236220472440945,0.309278350515464,93,279,0.25,0.333333333333333,83,585,0.124251497005988,0.141880341880342
HNRNPA3,2552,2167,0.540792540792541,1.17766497461929,2137,1720,0.554057557687322,1.24244186046512,2256,2325,0.492468893254748,0.970322580645161,2494,2117,0.540880503144654,1.17808219178082
HOGA1,9,95,0.0865384615384615,0.0947368421052632,4,43,0.0851063829787234,0.0930232558139535,0,60,0,0,17,95,0.151785714285714,0.178947368421053
HOMER1,97,164,0.371647509578544,0.591463414634146,67,122,0.354497354497354,0.549180327868853,15,93,0.138888888888889,0.161290322580645,102,204,0.333333333333333,0.5
HOMEZ,54,145,0.271356783919598,0.372413793103448,5,134,0.0359712230215827,0.0373134328358209,33,176,0.157894736842105,0.1875,24,257,0.0854092526690391,0.0933852140077821
HOXB3,162,34,0.826530612244898,4.76470588235294,355,104,0.773420479302832,3.41346153846154,123,97,0.559090909090909,1.2680412371134,289,301,0.489830508474576,0.960132890365448
HPF1,145,3097,0.0447254780999383,0.0468195027445915,134,2995,0.0428251837647811,0.0447412353923205,201,2386,0.0776961731735601,0.0842414082145851,319,3245,0.0895061728395062,0.0983050847457627
HPGDS,0,4,0,0,1,9,0.1,0.111111111111111,1,8,0.111111111111111,0.125,2,6,0.25,0.333333333333333
HPS1,251,611,0.291183294663573,0.410801963993453,220,1192,0.155807365439093,0.184563758389262,204,890,0.186471663619744,0.229213483146067,380,1738,0.179414542020774,0.218642117376295
HPS3,48,399,0.10738255033557,0.120300751879699,47,365,0.114077669902913,0.128767123287671,18,402,0.0428571428571429,0.0447761194029851,25,363,0.0644329896907216,0.068870523415978
HPSE,138,485,0.221508828250401,0.284536082474227,119,229,0.341954022988506,0.519650655021834,156,234,0.4,0.666666666666667,57,262,0.178683385579937,0.217557251908397
HRASLS2,2,84,0.0232558139534884,0.0238095238095238,1,14,0.0666666666666667,0.0714285714285714,1,72,0.0136986301369863,0.0138888888888889,4,18,0.181818181818182,0.222222222222222
HS1BP3,34,304,0.100591715976331,0.111842105263158,59,409,0.126068376068376,0.144254278728606,66,498,0.117021276595745,0.132530120481928,85,878,0.0882658359293873,0.0968109339407745
HS2ST1,78,458,0.145522388059701,0.170305676855895,85,405,0.173469387755102,0.209876543209877,108,424,0.203007518796992,0.254716981132075,72,579,0.110599078341014,0.124352331606218
HS3ST1,6,11,0.352941176470588,0.545454545454545,0,9,0,0,4,36,0.1,0.111111111111111,0,0,NA,NA
HS6ST2,50,1561,0.0310366232153942,0.0320307495195388,91,1235,0.0686274509803922,0.0736842105263158,110,1107,0.0903861955628595,0.0993676603432701,72,1215,0.0559440559440559,0.0592592592592593
HSDL1,15,348,0.0413223140495868,0.0431034482758621,72,456,0.136363636363636,0.157894736842105,22,491,0.0428849902534113,0.044806517311609,93,918,0.0919881305637982,0.101307189542484
HSF2BP,31,0,1,Inf,28,14,0.666666666666667,2,30,0,1,Inf,11,20,0.354838709677419,0.55
HSF4,56,17,0.767123287671233,3.29411764705882,62,16,0.794871794871795,3.875,65,47,0.580357142857143,1.38297872340426,144,29,0.832369942196532,4.96551724137931
HSPA12A,82,290,0.220430107526882,0.282758620689655,103,474,0.178509532062392,0.217299578059072,204,406,0.334426229508197,0.502463054187192,146,718,0.168981481481481,0.203342618384401
HSPA14,662,1249,0.346415489272632,0.530024019215372,680,762,0.471567267683773,0.89238845144357,765,785,0.493548387096774,0.974522292993631,794,564,0.584683357879234,1.40780141843972
HSPBAP1,24,276,0.08,0.0869565217391304,24,167,0.12565445026178,0.143712574850299,25,286,0.0803858520900322,0.0874125874125874,23,238,0.0881226053639847,0.0966386554621849
HTATIP2,262,1963,0.117752808988764,0.133469179826796,255,3081,0.0764388489208633,0.0827653359298929,268,2303,0.104239595488137,0.116369952236214,325,3322,0.0891143405538799,0.0978326309452137
HTRA3,0,0,NA,NA,5,22,0.185185185185185,0.227272727272727,0,0,NA,NA,34,6,0.85,5.66666666666667
HUS1,1070,334,0.762108262108262,3.20359281437126,1002,275,0.784651527016445,3.64363636363636,1187,342,0.776324395029431,3.47076023391813,1517,416,0.784790481117434,3.64663461538462
HYAL1,15,28,0.348837209302326,0.535714285714286,12,0,1,Inf,9,50,0.152542372881356,0.18,14,12,0.538461538461538,1.16666666666667
HYAL3,295,290,0.504273504273504,1.01724137931034,475,596,0.443510737628385,0.796979865771812,505,421,0.545356371490281,1.19952494061758,580,508,0.533088235294118,1.14173228346457
HYKK,72,26,0.73469387755102,2.76923076923077,52,33,0.611764705882353,1.57575757575758,40,13,0.754716981132076,3.07692307692308,38,66,0.365384615384615,0.575757575757576
IDS,178,504,0.26099706744868,0.353174603174603,264,771,0.255072463768116,0.342412451361868,164,500,0.246987951807229,0.328,236,1208,0.163434903047091,0.195364238410596
IFITM10,0,2,0,0,0,15,0,0,0,2,0,0,23,8,0.741935483870968,2.875
IFNAR1,115,243,0.32122905027933,0.473251028806584,57,477,0.106741573033708,0.119496855345912,74,328,0.18407960199005,0.225609756097561,79,557,0.124213836477987,0.141831238779174
IFNAR2,296,270,0.522968197879859,1.0962962962963,307,460,0.40026075619296,0.667391304347826,328,232,0.585714285714286,1.41379310344828,516,555,0.481792717086835,0.92972972972973
IFT140,52,159,0.246445497630332,0.327044025157233,27,235,0.103053435114504,0.114893617021277,43,270,0.137380191693291,0.159259259259259,24,503,0.0455407969639469,0.047713717693837
IFT172,34,386,0.080952380952381,0.0880829015544041,48,290,0.142011834319527,0.16551724137931,14,595,0.0229885057471264,0.0235294117647059,39,475,0.075875486381323,0.0821052631578947
IFT74,163,457,0.262903225806452,0.356673960612691,99,351,0.22,0.282051282051282,86,404,0.175510204081633,0.212871287128713,280,374,0.428134556574924,0.748663101604278
IFT88,113,425,0.21003717472119,0.265882352941176,79,369,0.176339285714286,0.214092140921409,60,227,0.209059233449477,0.26431718061674,22,274,0.0743243243243243,0.0802919708029197
IGDCC4,0,4,0,0,1,0,1,Inf,0,13,0,0,0,2,0,0
IGF2BP3,375,1552,0.194603009859886,0.241623711340206,714,4668,0.132664437012263,0.152956298200514,446,1161,0.277535780958307,0.384151593453919,1041,6720,0.134132199458833,0.154910714285714
IKBIP,426,569,0.428140703517588,0.748681898066784,713,981,0.420897284533648,0.726809378185525,396,544,0.421276595744681,0.727941176470588,680,778,0.46639231824417,0.874035989717224
IKBKE,265,644,0.291529152915292,0.411490683229814,283,617,0.314444444444444,0.458670988654781,265,845,0.238738738738739,0.313609467455621,405,970,0.294545454545455,0.417525773195876
IL18R1,52,83,0.385185185185185,0.626506024096386,25,52,0.324675324675325,0.480769230769231,51,22,0.698630136986301,2.31818181818182,34,86,0.283333333333333,0.395348837209302
IL1R1,55,623,0.0811209439528024,0.0882825040128411,80,2089,0.0368833563854311,0.0382958353279081,57,518,0.0991304347826087,0.11003861003861,173,3808,0.0434564179854308,0.0454306722689076
IL20RA,121,454,0.210434782608696,0.266519823788546,7,59,0.106060606060606,0.11864406779661,119,582,0.169757489300999,0.20446735395189,0,28,0,0
IL31RA,40,147,0.213903743315508,0.272108843537415,57,227,0.200704225352113,0.251101321585903,16,119,0.118518518518519,0.134453781512605,113,274,0.291989664082687,0.412408759124088
IL7,25,6,0.806451612903226,4.16666666666667,0,3,0,0,4,28,0.125,0.142857142857143,9,0,1,Inf
ILDR1,0,20,0,0,2,0,1,Inf,0,0,NA,NA,0,17,0,0
ILF3,4647,4525,0.506650675970345,1.02696132596685,3703,4135,0.472441949476907,0.89552599758162,4323,3474,0.554444016929588,1.24438687392055,3538,3236,0.522291113079421,1.09332509270705
INF2,906,225,0.80106100795756,4.02666666666667,1084,119,0.901080631753948,9.10924369747899,596,331,0.642934196332255,1.80060422960725,1485,147,0.909926470588235,10.1020408163265
ING3,95,104,0.477386934673367,0.913461538461538,69,98,0.413173652694611,0.704081632653061,51,94,0.351724137931034,0.542553191489362,288,167,0.632967032967033,1.72455089820359
ING5,208,472,0.305882352941176,0.440677966101695,235,483,0.327298050139276,0.486542443064182,297,507,0.369402985074627,0.585798816568047,222,361,0.380789022298456,0.614958448753463
INPP5E,88,732,0.107317073170732,0.120218579234973,117,1335,0.0805785123966942,0.0876404494382022,126,850,0.129098360655738,0.148235294117647,58,1048,0.0524412296564195,0.0553435114503817
INTS10,512,4966,0.0934647681635633,0.103101087394281,350,2838,0.109786700125471,0.123326286116984,412,5466,0.0700918679823069,0.075375045737285,294,2873,0.0928323334385854,0.102332057083188
INTS11,241,715,0.252092050209205,0.337062937062937,470,602,0.438432835820896,0.780730897009967,270,756,0.263157894736842,0.357142857142857,705,824,0.461085676913015,0.855582524271845
INTS6,85,844,0.0914962325080732,0.100710900473934,96,582,0.141592920353982,0.164948453608247,27,648,0.04,0.0416666666666667,177,738,0.19344262295082,0.239837398373984
IP6K2,1224,1283,0.48823294774631,0.954014029618083,1527,2694,0.361762615493959,0.566815144766147,2372,1983,0.544661308840413,1.19616742309632,1792,3707,0.325877432260411,0.483409765308875
IP6K3,6,1,0.857142857142857,6,26,12,0.68421052631579,2.16666666666667,7,0,1,Inf,86,28,0.754385964912281,3.07142857142857
IPO13,89,203,0.304794520547945,0.438423645320197,143,206,0.40974212034384,0.694174757281553,41,249,0.141379310344828,0.164658634538153,86,347,0.198614318706697,0.247838616714697
IPO5P1,0,70,0,0,21,78,0.212121212121212,0.269230769230769,15,31,0.326086956521739,0.483870967741935,8,141,0.0536912751677852,0.0567375886524823
IQCB1,346,598,0.366525423728814,0.578595317725752,241,424,0.362406015037594,0.568396226415094,544,447,0.548940464177598,1.21700223713647,539,513,0.512357414448669,1.05068226120858
IQCD,2,17,0.105263157894737,0.117647058823529,0,15,0,0,4,21,0.16,0.19047619047619,28,17,0.622222222222222,1.64705882352941
IQCE,87,303,0.223076923076923,0.287128712871287,67,989,0.0634469696969697,0.0677451971688574,47,651,0.0673352435530086,0.0721966205837174,68,1367,0.0473867595818815,0.049743964886613
IQCG,25,20,0.555555555555556,1.25,74,14,0.840909090909091,5.28571428571429,25,51,0.328947368421053,0.490196078431373,36,69,0.342857142857143,0.521739130434783
IQCH,0,7,0,0,17,10,0.62962962962963,1.7,4,4,0.5,1,5,54,0.0847457627118644,0.0925925925925926
IQSEC2,222,73,0.752542372881356,3.04109589041096,377,198,0.655652173913043,1.9040404040404,416,112,0.787878787878788,3.71428571428571,444,507,0.466876971608833,0.875739644970414
IRF2,153,254,0.375921375921376,0.60236220472441,186,186,0.5,1,120,277,0.302267002518892,0.433212996389892,571,510,0.528214616096207,1.11960784313725
IRS1,45,384,0.104895104895105,0.1171875,53,401,0.116740088105727,0.13216957605985,72,316,0.185567010309278,0.227848101265823,73,509,0.125429553264605,0.143418467583497
ISM1,6,73,0.0759493670886076,0.0821917808219178,0,58,0,0,22,47,0.318840579710145,0.468085106382979,0,61,0,0
ISPD,0,10,0,0,0,54,0,0,0,41,0,0,11,3,0.785714285714286,3.66666666666667
ITCH,57,153,0.271428571428571,0.372549019607843,105,274,0.277044854881267,0.383211678832117,84,158,0.347107438016529,0.531645569620253,284,238,0.544061302681992,1.19327731092437
ITGA1,1102,189,0.853601859024012,5.83068783068783,1308,700,0.651394422310757,1.86857142857143,1018,264,0.794071762870515,3.85606060606061,1260,759,0.62407132243685,1.6600790513834
ITGA2B,0,3,0,0,0,5,0,0,3,2,0.6,1.5,0,18,0,0
ITGA4,1,31,0.03125,0.032258064516129,1,15,0.0625,0.0666666666666667,0,8,0,0,0,0,NA,NA
ITGAX,0,2,0,0,2,2,0.5,1,1,6,0.142857142857143,0.166666666666667,2,5,0.285714285714286,0.4
ITGB3BP,255,1081,0.190868263473054,0.235892691951896,122,1031,0.105810928013877,0.118331716779825,191,1065,0.152070063694268,0.179342723004695,66,863,0.0710441334768568,0.0764774044032445
ITGB7,0,20,0,0,0,10,0,0,0,28,0,0,2,13,0.133333333333333,0.153846153846154
ITIH4,0,0,NA,NA,5,4,0.555555555555556,1.25,0,22,0,0,29,42,0.408450704225352,0.69047619047619
ITPKB,16,206,0.0720720720720721,0.0776699029126214,21,381,0.0522388059701493,0.0551181102362205,30,159,0.158730158730159,0.188679245283019,54,399,0.119205298013245,0.135338345864662
ITSN2,422,577,0.422422422422422,0.731369150779896,476,405,0.540295119182747,1.17530864197531,280,338,0.453074433656958,0.828402366863905,550,549,0.500454959053685,1.00182149362477
JADE1,76,549,0.1216,0.138433515482696,66,281,0.190201729106628,0.234875444839858,128,461,0.217317487266553,0.27765726681128,91,338,0.212121212121212,0.269230769230769
JAK2,444,132,0.770833333333333,3.36363636363636,513,181,0.739193083573487,2.83425414364641,521,98,0.841680129240711,5.31632653061224,1165,154,0.883244882486732,7.56493506493506
JHY,25,23,0.520833333333333,1.08695652173913,112,184,0.378378378378378,0.608695652173913,26,93,0.218487394957983,0.279569892473118,136,277,0.329297820823245,0.490974729241877
JMJD6,1007,103,0.907207207207207,9.77669902912621,1329,223,0.856314432989691,5.95964125560538,956,177,0.843777581641659,5.40112994350283,1599,275,0.853255069370331,5.81454545454545
JMJD7-PLA2G4B,689,122,0.849568434032059,5.64754098360656,610,130,0.824324324324324,4.69230769230769,847,250,0.772105742935278,3.388,861,137,0.862725450901804,6.28467153284672
JMY,65,764,0.0784077201447527,0.0850785340314136,61,404,0.131182795698925,0.150990099009901,47,686,0.0641200545702592,0.0685131195335277,272,627,0.302558398220245,0.433811802232855
JRK,359,586,0.37989417989418,0.612627986348123,219,417,0.344339622641509,0.525179856115108,360,556,0.393013100436681,0.647482014388489,696,492,0.585858585858586,1.41463414634146
KANK3,1,14,0.0666666666666667,0.0714285714285714,0,19,0,0,0,15,0,0,9,0,1,Inf
KANSL1L,102,28,0.784615384615385,3.64285714285714,136,44,0.755555555555556,3.09090909090909,95,15,0.863636363636364,6.33333333333333,115,182,0.387205387205387,0.631868131868132
KAT14,1135,1077,0.513110307414105,1.05385329619313,920,874,0.512820512820513,1.05263157894737,880,1114,0.441323971915747,0.789946140035907,822,1243,0.398062953995157,0.66130329847144
KAT2B,5,164,0.029585798816568,0.0304878048780488,8,150,0.0506329113924051,0.0533333333333333,24,182,0.116504854368932,0.131868131868132,9,364,0.0241286863270777,0.0247252747252747
KAT8,620,471,0.568285976168653,1.31634819532909,688,439,0.610470275066548,1.56719817767654,722,531,0.576217079010375,1.35969868173258,624,597,0.511056511056511,1.04522613065327
KATNAL2,62,14,0.81578947368421,4.42857142857143,13,21,0.382352941176471,0.619047619047619,50,32,0.609756097560976,1.5625,35,55,0.388888888888889,0.636363636363636
KCNAB2,8,85,0.0860215053763441,0.0941176470588235,28,78,0.264150943396226,0.358974358974359,37,121,0.234177215189873,0.305785123966942,4,230,0.0170940170940171,0.0173913043478261
KCNB1,21,68,0.235955056179775,0.308823529411765,12,99,0.108108108108108,0.121212121212121,21,187,0.100961538461538,0.112299465240642,13,423,0.0298165137614679,0.0307328605200946
KCNC4,14,49,0.222222222222222,0.285714285714286,17,44,0.278688524590164,0.386363636363636,12,38,0.24,0.31578947368421,3,54,0.0526315789473684,0.0555555555555556
KCNG1,253,285,0.470260223048327,0.887719298245614,60,160,0.272727272727273,0.375,93,205,0.312080536912752,0.453658536585366,41,150,0.214659685863874,0.273333333333333
KCNG3,0,8,0,0,0,1,0,0,1,0,1,Inf,0,0,NA,NA
KCNJ1,0,0,NA,NA,1,12,0.0769230769230769,0.0833333333333333,0,0,NA,NA,0,0,NA,NA
KCNJ6,0,0,NA,NA,2,14,0.125,0.142857142857143,0,0,NA,NA,7,6,0.538461538461538,1.16666666666667
KCNK15,33,5,0.868421052631579,6.6,4,1,0.8,4,60,24,0.714285714285714,2.5,4,5,0.444444444444444,0.8
KCNMB3,6,0,1,Inf,20,1,0.952380952380952,20,8,4,0.666666666666667,2,16,2,0.888888888888889,8
KCNQ3,48,140,0.25531914893617,0.342857142857143,88,74,0.54320987654321,1.18918918918919,16,89,0.152380952380952,0.179775280898876,46,92,0.333333333333333,0.5
KCNQ5,141,237,0.373015873015873,0.59493670886076,60,82,0.422535211267606,0.731707317073171,268,230,0.538152610441767,1.16521739130435,41,52,0.440860215053763,0.788461538461538
KCNT2,2,0,1,Inf,1,0,1,Inf,0,4,0,0,2,3,0.4,0.666666666666667
KCTD1,608,2141,0.22117133503092,0.283979448855675,288,1459,0.16485403548941,0.197395476353667,664,3142,0.174461376773516,0.211330362826225,280,1971,0.124389160373167,0.142059868087265
KCTD13,59,162,0.266968325791855,0.364197530864198,39,251,0.13448275862069,0.155378486055777,48,317,0.131506849315068,0.151419558359621,70,428,0.140562248995984,0.163551401869159
KCTD15,46,331,0.122015915119363,0.138972809667674,33,254,0.114982578397213,0.12992125984252,39,404,0.0880361173814898,0.0965346534653465,104,623,0.143053645116919,0.1669341894061
KCTD18,35,263,0.11744966442953,0.133079847908745,46,204,0.184,0.225490196078431,14,298,0.0448717948717949,0.0469798657718121,22,355,0.0583554376657825,0.0619718309859155
KDELR3,90,327,0.215827338129496,0.275229357798165,334,2773,0.107499195365304,0.120447169130905,41,355,0.103535353535354,0.115492957746479,369,2850,0.114631873252563,0.129473684210526
KDM4C,26,113,0.18705035971223,0.230088495575221,63,105,0.375,0.6,31,95,0.246031746031746,0.326315789473684,78,195,0.285714285714286,0.4
KDM4D,6,26,0.1875,0.230769230769231,5,43,0.104166666666667,0.116279069767442,0,33,0,0,3,50,0.0566037735849057,0.06
KDM5A,92,560,0.141104294478528,0.164285714285714,210,688,0.233853006681514,0.305232558139535,128,661,0.162230671736375,0.193645990922844,257,1145,0.183309557774608,0.224454148471616
KDM6A,87,341,0.203271028037383,0.255131964809384,95,285,0.25,0.333333333333333,84,238,0.260869565217391,0.352941176470588,119,345,0.256465517241379,0.344927536231884
KHDC1,42,36,0.538461538461538,1.16666666666667,53,83,0.389705882352941,0.63855421686747,40,41,0.493827160493827,0.975609756097561,39,66,0.371428571428571,0.590909090909091
KIAA0141,614,1723,0.26272999572101,0.356355194428323,575,2089,0.215840840840841,0.275251316419339,717,2409,0.22936660268714,0.297633872976339,701,2953,0.191844553913519,0.237385709448019
KIAA0232,10,281,0.0343642611683849,0.0355871886120996,32,331,0.0881542699724518,0.0966767371601208,9,237,0.0365853658536585,0.0379746835443038,44,481,0.0838095238095238,0.0914760914760915
KIAA0586,121,440,0.215686274509804,0.275,104,379,0.215320910973085,0.274406332453826,171,324,0.345454545454545,0.527777777777778,118,327,0.265168539325843,0.36085626911315
KIAA0825,163,45,0.783653846153846,3.62222222222222,183,60,0.753086419753086,3.05,229,52,0.814946619217082,4.40384615384615,282,32,0.898089171974522,8.8125
KIAA0895,19,287,0.0620915032679739,0.0662020905923345,30,216,0.121951219512195,0.138888888888889,17,260,0.0613718411552347,0.0653846153846154,49,175,0.21875,0.28
KIAA1107,5,44,0.102040816326531,0.113636363636364,12,33,0.266666666666667,0.363636363636364,11,38,0.224489795918367,0.289473684210526,37,42,0.468354430379747,0.880952380952381
KIAA1217,304,823,0.269742679680568,0.369380315917375,161,551,0.226123595505618,0.292196007259528,318,1073,0.228612508986341,0.29636533084809,174,1136,0.132824427480916,0.153169014084507
KIAA1257,0,2,0,0,0,1,0,0,1,1,0.5,1,2,1,0.666666666666667,2
KIAA1324L,25,156,0.138121546961326,0.16025641025641,27,105,0.204545454545455,0.257142857142857,2,161,0.0122699386503067,0.0124223602484472,9,209,0.0412844036697248,0.0430622009569378
KIAA1456,38,79,0.324786324786325,0.481012658227848,15,40,0.272727272727273,0.375,28,67,0.294736842105263,0.417910447761194,39,93,0.295454545454545,0.419354838709677
KIAA1549L,3,4,0.428571428571429,0.75,0,321,0,0,0,6,0,0,2,301,0.0066006600660066,0.00664451827242525
KIAA1958,120,139,0.463320463320463,0.863309352517986,46,98,0.319444444444444,0.469387755102041,119,104,0.533632286995516,1.14423076923077,61,126,0.32620320855615,0.484126984126984
KIF13A,154,744,0.171492204899777,0.206989247311828,244,1466,0.142690058479532,0.16643929058663,164,501,0.246616541353383,0.327345309381238,343,1768,0.162482235907153,0.194004524886878
KIF15,52,416,0.111111111111111,0.125,141,321,0.305194805194805,0.439252336448598,46,411,0.100656455142232,0.111922141119221,173,265,0.394977168949772,0.652830188679245
KIF16B,26,234,0.1,0.111111111111111,61,166,0.268722466960352,0.367469879518072,28,250,0.100719424460432,0.112,22,218,0.0916666666666667,0.100917431192661
KIF17,0,0,NA,NA,1,5,0.166666666666667,0.2,0,1,0,0,1,27,0.0357142857142857,0.037037037037037
KIF1B,729,479,0.603476821192053,1.52192066805846,945,691,0.577628361858191,1.36758321273517,683,618,0.524980784012298,1.10517799352751,1009,663,0.603468899521531,1.52187028657617
KIF21B,37,389,0.0868544600938967,0.0951156812339332,41,75,0.353448275862069,0.546666666666667,38,257,0.128813559322034,0.147859922178988,56,161,0.258064516129032,0.347826086956522
KIF27,76,22,0.775510204081633,3.45454545454545,22,42,0.34375,0.523809523809524,85,11,0.885416666666667,7.72727272727273,94,37,0.717557251908397,2.54054054054054
KIF3A,346,385,0.473324213406293,0.898701298701299,468,556,0.45703125,0.841726618705036,231,435,0.346846846846847,0.531034482758621,1157,702,0.622377622377622,1.64814814814815
KIF3C,15,80,0.157894736842105,0.1875,47,908,0.0492146596858639,0.0517621145374449,5,54,0.0847457627118644,0.0925925925925926,3,1055,0.00283553875236295,0.0028436018957346
KIF5A,0,0,NA,NA,2,28,0.0666666666666667,0.0714285714285714,1,4,0.2,0.25,1,12,0.0769230769230769,0.0833333333333333
KIF6,0,4,0,0,0,21,0,0,26,0,1,Inf,3,12,0.2,0.25
KIFC3,194,633,0.234582829504232,0.306477093206951,357,1842,0.162346521145975,0.193811074918567,110,844,0.115303983228512,0.130331753554502,359,2062,0.148285832300702,0.174102812803104
KIRREL1,7,300,0.0228013029315961,0.0233333333333333,55,433,0.112704918032787,0.1270207852194,37,252,0.1280276816609,0.146825396825397,147,454,0.24459234608985,0.323788546255507
KIZ,39,506,0.0715596330275229,0.0770750988142292,42,462,0.0833333333333333,0.0909090909090909,74,765,0.0882002383790226,0.0967320261437909,82,678,0.107894736842105,0.12094395280236
KLC1,1905,857,0.689717595944967,2.22287047841307,3328,2116,0.611315209404849,1.57277882797732,2093,1342,0.609315866084425,1.55961251862891,3702,2639,0.58381958681596,1.40280409245926
KLF12,4,270,0.0145985401459854,0.0148148148148148,103,641,0.138440860215054,0.160686427457098,54,214,0.201492537313433,0.252336448598131,271,1166,0.188587334725122,0.232418524871355
KLF3,88,435,0.168260038240918,0.202298850574713,29,448,0.0607966457023061,0.0647321428571429,133,479,0.217320261437909,0.277661795407098,51,500,0.0925589836660617,0.102
KLHDC1,7,1,0.875,7,13,12,0.52,1.08333333333333,1,5,0.166666666666667,0.2,0,4,0,0
KLHL18,420,595,0.413793103448276,0.705882352941177,275,546,0.334957369062119,0.503663003663004,414,447,0.480836236933798,0.926174496644295,332,521,0.389214536928488,0.637236084452975
KLHL28,43,398,0.0975056689342404,0.108040201005025,55,715,0.0714285714285714,0.0769230769230769,58,324,0.151832460732984,0.179012345679012,17,919,0.0181623931623932,0.0184983677910773
KLHL29,23,249,0.0845588235294118,0.0923694779116466,5,246,0.0199203187250996,0.0203252032520325,21,270,0.0721649484536082,0.0777777777777778,43,377,0.102380952380952,0.114058355437666
KLHL5,134,1033,0.114824335904027,0.1297192642788,320,2010,0.137339055793991,0.159203980099502,74,810,0.083710407239819,0.091358024691358,259,2843,0.0834945196647324,0.09110094970102
KLHL7,539,270,0.666254635352287,1.9962962962963,463,520,0.471007121057986,0.890384615384615,292,245,0.543761638733706,1.19183673469388,391,728,0.349419124218052,0.537087912087912
KLRC3,125,111,0.529661016949153,1.12612612612613,56,57,0.495575221238938,0.982456140350877,70,122,0.364583333333333,0.573770491803279,2,28,0.0666666666666667,0.0714285714285714
KLRC4-KLRK1,40,52,0.434782608695652,0.769230769230769,20,6,0.769230769230769,3.33333333333333,20,140,0.125,0.142857142857143,17,19,0.472222222222222,0.894736842105263
KLRG1,5,52,0.087719298245614,0.0961538461538462,2,22,0.0833333333333333,0.0909090909090909,10,30,0.25,0.333333333333333,9,22,0.290322580645161,0.409090909090909
KMT2A,126,347,0.266384778012685,0.363112391930836,159,513,0.236607142857143,0.309941520467836,115,244,0.32033426183844,0.471311475409836,570,857,0.399439383321654,0.665110851808635
KMT2E,100,667,0.130378096479791,0.149925037481259,156,812,0.161157024793388,0.192118226600985,86,556,0.133956386292835,0.154676258992806,114,1560,0.0681003584229391,0.0730769230769231
KMT5B,404,692,0.368613138686131,0.583815028901734,338,919,0.268894192521877,0.367791077257889,380,686,0.356472795497186,0.553935860058309,457,1338,0.254596100278552,0.341554559043348
KPNA3,44,938,0.044806517311609,0.046908315565032,75,1177,0.0599041533546326,0.0637213254035684,61,544,0.100826446280992,0.112132352941176,348,1243,0.218730358265242,0.279967819790829
KPNA5,207,49,0.80859375,4.22448979591837,157,42,0.78894472361809,3.73809523809524,258,42,0.86,6.14285714285714,411,91,0.818725099601594,4.51648351648352
KRBA1,51,323,0.136363636363636,0.157894736842105,37,530,0.0652557319223986,0.069811320754717,38,312,0.108571428571429,0.121794871794872,43,501,0.0790441176470588,0.0858283433133733
KRT8,231,1845,0.111271676300578,0.12520325203252,194,3099,0.0589128454296994,0.0626008389803162,246,2016,0.108753315649867,0.12202380952381,306,5280,0.0547798066595059,0.0579545454545455
KRTCAP3,308,31,0.908554572271386,9.93548387096774,150,17,0.898203592814371,8.82352941176471,478,91,0.840070298769772,5.25274725274725,134,55,0.708994708994709,2.43636363636364
L3MBTL1,7,68,0.0933333333333333,0.102941176470588,7,20,0.259259259259259,0.35,0,86,0,0,9,88,0.0927835051546392,0.102272727272727
LACTB,115,446,0.204991087344029,0.257847533632287,132,512,0.204968944099379,0.2578125,169,520,0.245283018867925,0.325,134,495,0.213036565977742,0.270707070707071
LAMA4,5,23,0.178571428571429,0.217391304347826,0,0,NA,NA,12,19,0.387096774193548,0.631578947368421,0,1,0,0
LANCL2,108,590,0.154727793696275,0.183050847457627,125,421,0.228937728937729,0.296912114014252,80,573,0.122511485451761,0.139616055846422,30,279,0.0970873786407767,0.10752688172043
LARGE1,19,181,0.095,0.104972375690608,25,311,0.0744047619047619,0.0803858520900322,26,187,0.122065727699531,0.13903743315508,20,519,0.0371057513914657,0.0385356454720617
LARP6,417,461,0.4749430523918,0.904555314533623,1224,2987,0.290667299928758,0.409775694676933,285,196,0.592515592515592,1.45408163265306,1471,2819,0.342890442890443,0.521816246896062
LATS1,62,1070,0.0547703180212014,0.0579439252336449,67,1015,0.0619223659889094,0.0660098522167488,93,999,0.0851648351648352,0.0930930930930931,100,1573,0.0597728631201435,0.0635727908455181
LCA5,35,20,0.636363636363636,1.75,20,10,0.666666666666667,2,17,4,0.80952380952381,4.25,14,54,0.205882352941176,0.259259259259259
LCOR,398,953,0.29459659511473,0.417628541448059,539,1112,0.326468806783767,0.484712230215827,431,856,0.334887334887335,0.503504672897196,958,1204,0.443108233117484,0.795681063122924
LCORL,111,71,0.60989010989011,1.56338028169014,196,136,0.590361445783133,1.44117647058824,145,97,0.599173553719008,1.49484536082474,187,106,0.638225255972696,1.76415094339623
LDHC,5,3,0.625,1.66666666666667,5,0,1,Inf,4,4,0.5,1,13,4,0.764705882352941,3.25
LDLRAD3,349,5774,0.0569982034950188,0.0604433668167648,277,3811,0.0677592954990215,0.0726843348202572,441,6565,0.0629460462460748,0.0671744097486672,560,5340,0.0949152542372881,0.104868913857678
LEF1,2,172,0.0114942528735632,0.0116279069767442,19,282,0.0631229235880399,0.0673758865248227,10,129,0.0719424460431655,0.0775193798449612,53,529,0.0910652920962199,0.100189035916824
LEMD3,151,785,0.161324786324786,0.192356687898089,200,1029,0.16273393002441,0.194363459669582,92,710,0.114713216957606,0.129577464788732,681,1308,0.342383107088989,0.520642201834862
LGI4,0,2,0,0,0,17,0,0,0,5,0,0,8,10,0.444444444444444,0.8
LGR6,14,10,0.583333333333333,1.4,5,42,0.106382978723404,0.119047619047619,0,3,0,0,15,116,0.114503816793893,0.129310344827586
LHPP,45,26,0.633802816901408,1.73076923076923,79,29,0.731481481481482,2.72413793103448,49,73,0.401639344262295,0.671232876712329,55,105,0.34375,0.523809523809524
LHX6,4,8,0.333333333333333,0.5,35,88,0.284552845528455,0.397727272727273,0,18,0,0,111,99,0.528571428571429,1.12121212121212
LIAS,108,102,0.514285714285714,1.05882352941176,108,32,0.771428571428571,3.375,129,104,0.553648068669528,1.24038461538462,115,100,0.534883720930233,1.15
LIG4,29,123,0.190789473684211,0.235772357723577,2,112,0.0175438596491228,0.0178571428571429,21,113,0.156716417910448,0.185840707964602,6,149,0.0387096774193548,0.0402684563758389
LIMK2,259,2669,0.0884562841530055,0.0970400899213189,268,4215,0.0597813963863484,0.063582443653618,301,3062,0.0895034195658638,0.0983017635532332,742,5809,0.113265150358724,0.127732828369771
LINGO2,5,16,0.238095238095238,0.3125,0,23,0,0,21,11,0.65625,1.90909090909091,0,16,0,0
LINS1,65,249,0.207006369426752,0.261044176706827,33,229,0.125954198473282,0.14410480349345,39,219,0.151162790697674,0.178082191780822,1,392,0.00254452926208651,0.00255102040816327
LIPH,0,7,0,0,1,3,0.25,0.333333333333333,5,4,0.555555555555556,1.25,0,11,0,0
LLGL2,154,764,0.167755991285403,0.201570680628272,158,672,0.190361445783133,0.235119047619048,200,1284,0.134770889487871,0.155763239875389,115,838,0.120671563483736,0.137231503579952
LMBR1,468,462,0.503225806451613,1.01298701298701,604,410,0.595660749506903,1.47317073170732,447,427,0.511441647597254,1.04683840749415,949,676,0.584,1.40384615384615
LMBRD1,1487,998,0.598390342052314,1.48997995991984,943,1082,0.465679012345679,0.871534195933457,1154,1034,0.527422303473492,1.11605415860735,1306,1403,0.482096714654854,0.930862437633642
LMF1,42,23,0.646153846153846,1.82608695652174,18,199,0.0829493087557604,0.0904522613065327,55,118,0.317919075144509,0.466101694915254,17,196,0.07981220657277,0.086734693877551
LMLN,21,98,0.176470588235294,0.214285714285714,2,117,0.0168067226890756,0.0170940170940171,22,43,0.338461538461538,0.511627906976744,2,139,0.0141843971631206,0.0143884892086331
LMNA,8198,2416,0.772376107028453,3.3932119205298,11905,2844,0.807173367685945,4.18600562587904,10903,3748,0.744181284553955,2.9090181430096,15905,5468,0.744163196556403,2.90874177029993
LMO7,44,500,0.0808823529411765,0.088,49,1018,0.0459231490159325,0.0481335952848723,41,671,0.0575842696629214,0.0611028315946349,75,1090,0.0643776824034335,0.0688073394495413
LMTK2,10,283,0.0341296928327645,0.0353356890459364,33,309,0.0964912280701754,0.106796116504854,17,224,0.0705394190871369,0.0758928571428571,26,427,0.0573951434878587,0.0608899297423888
LMTK3,3,98,0.0297029702970297,0.0306122448979592,9,25,0.264705882352941,0.36,2,263,0.00754716981132075,0.00760456273764259,14,121,0.103703703703704,0.115702479338843
LNP1,19,18,0.513513513513513,1.05555555555556,7,12,0.368421052631579,0.583333333333333,15,17,0.46875,0.88235294117647,45,33,0.576923076923077,1.36363636363636
LNPEP,98,1608,0.0574443141852286,0.0609452736318408,38,1675,0.0221833041447752,0.0226865671641791,110,1373,0.074173971679029,0.0801165331391114,131,1933,0.063468992248062,0.0677703052250388
LNX1,0,0,NA,NA,1,0,1,Inf,0,2,0,0,1,1,0.5,1
LOC100130357,27,0,1,Inf,41,4,0.911111111111111,10.25,13,0,1,Inf,31,30,0.508196721311475,1.03333333333333
LOC100133315,55,38,0.591397849462366,1.44736842105263,135,37,0.784883720930233,3.64864864864865,79,55,0.58955223880597,1.43636363636364,194,35,0.847161572052402,5.54285714285714
LOC100287036,0,6,0,0,25,54,0.316455696202532,0.462962962962963,0,0,NA,NA,20,64,0.238095238095238,0.3125
LOC100288637,8,17,0.32,0.470588235294118,10,9,0.526315789473684,1.11111111111111,5,13,0.277777777777778,0.384615384615385,8,7,0.533333333333333,1.14285714285714
LOC100289561,16,61,0.207792207792208,0.262295081967213,0,38,0,0,25,35,0.416666666666667,0.714285714285714,82,18,0.82,4.55555555555556
LOC100499484,4,7,0.363636363636364,0.571428571428571,4,7,0.363636363636364,0.571428571428571,0,3,0,0,0,0,NA,NA
LOC100505549,5,41,0.108695652173913,0.121951219512195,4,9,0.307692307692308,0.444444444444444,13,43,0.232142857142857,0.302325581395349,11,29,0.275,0.379310344827586
LOC100505841,0,1,0,0,10,0,1,Inf,0,16,0,0,5,17,0.227272727272727,0.294117647058824
LOC399815,37,66,0.359223300970874,0.560606060606061,34,39,0.465753424657534,0.871794871794872,37,83,0.308333333333333,0.44578313253012,9,46,0.163636363636364,0.195652173913043
LOC400927-CSNK1E,2317,1803,0.562378640776699,1.28508042151969,3067,1949,0.611443381180223,1.57362750128271,3105,1304,0.704241324563393,2.38113496932515,4265,3407,0.555917622523462,1.25183445846786
LOC441666,47,7,0.87037037037037,6.71428571428571,29,12,0.707317073170732,2.41666666666667,58,9,0.865671641791045,6.44444444444444,48,24,0.666666666666667,2
LOC643201,0,39,0,0,4,191,0.0205128205128205,0.0209424083769634,5,8,0.384615384615385,0.625,2,317,0.00626959247648903,0.00630914826498423
LOC645513,31,98,0.24031007751938,0.316326530612245,14,136,0.0933333333333333,0.102941176470588,8,84,0.0869565217391304,0.0952380952380952,7,161,0.0416666666666667,0.0434782608695652
LOC653712,9,64,0.123287671232877,0.140625,0,13,0,0,0,48,0,0,2,81,0.0240963855421687,0.0246913580246914
LOC654342,7,25,0.21875,0.28,11,54,0.169230769230769,0.203703703703704,6,22,0.214285714285714,0.272727272727273,5,57,0.0806451612903226,0.087719298245614
LPAR1,14,52,0.212121212121212,0.269230769230769,0,8,0,0,7,49,0.125,0.142857142857143,8,92,0.08,0.0869565217391304
LPCAT1,0,1,0,0,2,1,0.666666666666667,2,0,2,0,0,0,2,0,0
LPCAT2,168,1098,0.132701421800948,0.153005464480874,172,1753,0.0893506493506493,0.0981175128351398,132,1099,0.107229894394801,0.120109190172884,144,1180,0.108761329305136,0.122033898305085
LPCAT4,7,348,0.0197183098591549,0.0201149425287356,17,434,0.0376940133037694,0.0391705069124424,22,247,0.0817843866171004,0.0890688259109312,41,648,0.0595065312046444,0.0632716049382716
LRGUK,12,0,1,Inf,3,0,1,Inf,0,9,0,0,0,6,0,0
LRMDA,2,2,0.5,1,1,65,0.0151515151515152,0.0153846153846154,0,0,NA,NA,1,53,0.0185185185185185,0.0188679245283019
LRP1,21,9,0.7,2.33333333333333,34,33,0.507462686567164,1.03030303030303,28,42,0.4,0.666666666666667,0,66,0,0
LRP10,3201,516,0.861178369652946,6.20348837209302,6646,545,0.924210819079405,12.194495412844,4673,560,0.89298681444678,8.34464285714286,9138,1433,0.864440450288525,6.3768318213538
LRP2BP,7,1,0.875,7,0,0,NA,NA,6,3,0.666666666666667,2,0,1,0,0
LRP5,44,619,0.0663650075414781,0.0710823909531502,66,424,0.13469387755102,0.155660377358491,63,479,0.116236162361624,0.131524008350731,104,519,0.1669341894061,0.200385356454721
LRRC1,110,280,0.282051282051282,0.392857142857143,68,202,0.251851851851852,0.336633663366337,57,303,0.158333333333333,0.188118811881188,39,214,0.154150197628458,0.182242990654206
LRRC23,48,21,0.695652173913043,2.28571428571429,32,36,0.470588235294118,0.888888888888889,17,16,0.515151515151515,1.0625,23,77,0.23,0.298701298701299
LRRC27,31,7,0.81578947368421,4.42857142857143,77,16,0.827956989247312,4.8125,33,20,0.622641509433962,1.65,42,90,0.318181818181818,0.466666666666667
LRRC37A3,32,12,0.727272727272727,2.66666666666667,34,63,0.350515463917526,0.53968253968254,53,36,0.595505617977528,1.47222222222222,9,101,0.0818181818181818,0.0891089108910891
LRRC37B,7,55,0.112903225806452,0.127272727272727,13,86,0.131313131313131,0.151162790697674,32,49,0.395061728395062,0.653061224489796,19,104,0.154471544715447,0.182692307692308
LRRC39,118,4,0.967213114754098,29.5,65,20,0.764705882352941,3.25,99,7,0.933962264150943,14.1428571428571,80,13,0.860215053763441,6.15384615384615
LRRC6,7,14,0.333333333333333,0.5,0,8,0,0,6,9,0.4,0.666666666666667,0,36,0,0
LRRC61,146,99,0.595918367346939,1.47474747474747,119,66,0.643243243243243,1.8030303030303,296,172,0.632478632478632,1.72093023255814,168,114,0.595744680851064,1.47368421052632
LRRC66,0,3,0,0,0,11,0,0,0,3,0,0,29,28,0.508771929824561,1.03571428571429
LRRCC1,16,136,0.105263157894737,0.117647058823529,9,81,0.1,0.111111111111111,25,158,0.136612021857924,0.158227848101266,23,55,0.294871794871795,0.418181818181818
LRRFIP2,81,590,0.120715350223547,0.13728813559322,90,799,0.101237345331834,0.112640801001252,65,457,0.124521072796935,0.142231947483589,157,805,0.163201663201663,0.195031055900621
LRRK2,15,44,0.254237288135593,0.340909090909091,9,7,0.5625,1.28571428571429,39,194,0.167381974248927,0.201030927835052,9,74,0.108433734939759,0.121621621621622
LTB4R,361,854,0.297119341563786,0.42271662763466,52,246,0.174496644295302,0.211382113821138,399,1692,0.190817790530846,0.235815602836879,152,739,0.170594837261504,0.205683355886333
LUC7L,441,1386,0.241379310344828,0.318181818181818,663,1598,0.293233082706767,0.414893617021277,487,1415,0.256046267087277,0.34416961130742,664,2216,0.230555555555556,0.299638989169675
LUC7L2,2248,893,0.715695638331741,2.51735722284434,2831,1054,0.728700128700129,2.68595825426945,2119,784,0.729934550465036,2.70280612244898,3144,1075,0.74520028442759,2.9246511627907
LUC7L3,803,3377,0.192105263157895,0.237785016286645,669,3358,0.166128631735783,0.199225729600953,602,3506,0.146543330087634,0.171705647461495,1940,4616,0.295912141549725,0.420277296360485
LURAP1L,58,303,0.160664819944598,0.191419141914191,124,1020,0.108391608391608,0.12156862745098,53,307,0.147222222222222,0.172638436482085,187,2428,0.0715105162523901,0.0770181219110379
LY75,0,22,0,0,0,14,0,0,2,1,0.666666666666667,2,4,2,0.666666666666667,2
LY75-CD302,22,8,0.733333333333333,2.75,14,2,0.875,7,1,5,0.166666666666667,0.2,2,11,0.153846153846154,0.181818181818182
LY96,0,15,0,0,1,10,0.0909090909090909,0.1,0,3,0,0,0,2,0,0
LYPD6,0,19,0,0,15,55,0.214285714285714,0.272727272727273,9,3,0.75,3,2,14,0.125,0.142857142857143
LYST,175,218,0.44529262086514,0.802752293577982,66,188,0.259842519685039,0.351063829787234,192,223,0.462650602409639,0.860986547085202,126,317,0.284424379232506,0.397476340694006
MACROD1,336,153,0.687116564417178,2.19607843137255,124,72,0.63265306122449,1.72222222222222,346,325,0.515648286140089,1.06461538461538,336,161,0.676056338028169,2.08695652173913
MACROD2,32,7,0.82051282051282,4.57142857142857,26,41,0.388059701492537,0.634146341463415,24,34,0.413793103448276,0.705882352941177,11,66,0.142857142857143,0.166666666666667
MAF,1,10,0.0909090909090909,0.1,36,71,0.336448598130841,0.507042253521127,39,39,0.5,1,154,123,0.555956678700361,1.2520325203252
MAK16,155,1407,0.0992317541613316,0.110163468372424,39,763,0.0486284289276808,0.0511140235910878,57,1222,0.0445660672400313,0.0466448445171849,188,849,0.18129218900675,0.221436984687868
MAML2,189,1012,0.15736885928393,0.186758893280632,604,1411,0.299751861042184,0.428065201984408,390,701,0.357470210815765,0.556348074179743,754,1859,0.288557213930348,0.405594405594406
MANBA,57,416,0.120507399577167,0.137019230769231,74,555,0.117647058823529,0.133333333333333,54,604,0.0820668693009119,0.0894039735099338,39,965,0.0388446215139442,0.0404145077720207
MANEA,16,181,0.0812182741116751,0.0883977900552486,29,145,0.166666666666667,0.2,21,137,0.132911392405063,0.153284671532847,3,279,0.0106382978723404,0.010752688172043
MAP2K4,150,872,0.146771037181996,0.172018348623853,181,780,0.18834547346514,0.232051282051282,183,708,0.205387205387205,0.258474576271186,395,767,0.339931153184165,0.514993481095176
MAP2K4P1,4,10,0.285714285714286,0.4,0,17,0,0,2,14,0.125,0.142857142857143,0,5,0,0
MAP2K5,19,565,0.0325342465753425,0.0336283185840708,40,450,0.0816326530612245,0.0888888888888889,37,687,0.0511049723756906,0.0538573508005822,61,512,0.106457242582897,0.119140625
MAP3K20,4487,2833,0.612978142076503,1.58383339216378,3909,2522,0.607837039340694,1.54996034892942,3362,2988,0.529448818897638,1.12516733601071,5854,4092,0.588578322943897,1.430596285435
MAP3K5,170,1845,0.0843672456575682,0.0921409214092141,49,704,0.0650730411686587,0.0696022727272727,417,1471,0.220868644067797,0.283480625424881,61,722,0.0779054916985951,0.0844875346260388
MAP3K8,56,40,0.583333333333333,1.4,50,3,0.943396226415094,16.6666666666667,49,73,0.401639344262295,0.671232876712329,85,34,0.714285714285714,2.5
MAP6D1,110,62,0.63953488372093,1.7741935483871,165,80,0.673469387755102,2.0625,145,43,0.771276595744681,3.37209302325581,313,60,0.839142091152815,5.21666666666667
MAP7D2,0,5,0,0,0,0,NA,NA,13,4,0.764705882352941,3.25,0,0,NA,NA
MAPK1,364,2273,0.13803564656807,0.160140783106027,312,2122,0.128184059161873,0.14703110273327,325,1574,0.17114270668773,0.206480304955527,412,2293,0.152310536044362,0.179677278674226
MAPK12,132,606,0.178861788617886,0.217821782178218,123,577,0.175714285714286,0.21317157712305,98,503,0.1630615640599,0.194831013916501,159,681,0.189285714285714,0.233480176211454
MAPK4,4,4,0.5,1,0,11,0,0,0,14,0,0,0,31,0,0
MAPK8,44,207,0.175298804780877,0.21256038647343,98,263,0.271468144044321,0.372623574144487,66,253,0.206896551724138,0.260869565217391,136,327,0.293736501079914,0.415902140672783
MAPKBP1,62,469,0.116760828625235,0.132196162046908,105,450,0.189189189189189,0.233333333333333,45,513,0.0806451612903226,0.087719298245614,84,688,0.10880829015544,0.122093023255814
MARC1,123,464,0.20954003407155,0.265086206896552,6,65,0.0845070422535211,0.0923076923076923,67,637,0.0951704545454545,0.105180533751962,11,17,0.392857142857143,0.647058823529412
MARC2,41,191,0.176724137931034,0.214659685863874,45,153,0.227272727272727,0.294117647058824,42,128,0.247058823529412,0.328125,32,102,0.238805970149254,0.313725490196078
MARCH3,35,130,0.212121212121212,0.269230769230769,14,58,0.194444444444444,0.241379310344828,2,132,0.0149253731343284,0.0151515151515152,1,82,0.0120481927710843,0.0121951219512195
MARK1,172,234,0.423645320197044,0.735042735042735,120,334,0.26431718061674,0.359281437125749,87,190,0.314079422382672,0.457894736842105,210,597,0.260223048327138,0.351758793969849
MARVELD3,76,135,0.360189573459716,0.562962962962963,7,31,0.184210526315789,0.225806451612903,66,157,0.295964125560538,0.420382165605096,12,25,0.324324324324324,0.48
MATN1,4,11,0.266666666666667,0.363636363636364,4,28,0.125,0.142857142857143,0,0,NA,NA,6,5,0.545454545454545,1.2
MATR3,2577,4512,0.363520947947524,0.571143617021277,1340,3638,0.269184411410205,0.368334249587686,1387,3513,0.283061224489796,0.394819242812411,997,4713,0.174605954465849,0.211542541905368
MBD5,79,54,0.593984962406015,1.46296296296296,117,115,0.504310344827586,1.01739130434783,91,66,0.579617834394904,1.37878787878788,319,123,0.721719457013575,2.59349593495935
MBOAT1,54,310,0.148351648351648,0.174193548387097,76,348,0.179245283018868,0.218390804597701,50,306,0.140449438202247,0.163398692810458,45,402,0.100671140939597,0.111940298507463
MBTD1,38,307,0.110144927536232,0.123778501628664,13,255,0.0485074626865672,0.0509803921568627,15,244,0.0579150579150579,0.0614754098360656,11,415,0.0258215962441315,0.0265060240963855
MBTPS2,85,1055,0.0745614035087719,0.0805687203791469,47,1075,0.0418894830659537,0.0437209302325581,69,956,0.0673170731707317,0.0721757322175732,105,1201,0.0803981623277182,0.0874271440466278
MCCC1,71,1348,0.0500352360817477,0.0526706231454006,51,587,0.0799373040752351,0.0868824531516184,51,1595,0.0309842041312272,0.031974921630094,85,980,0.07981220657277,0.086734693877551
MCM3AP,155,1863,0.076808721506442,0.0831991411701557,161,2185,0.0686274509803922,0.0736842105263158,104,2010,0.0491958372753075,0.0517412935323383,102,3140,0.0314620604565083,0.032484076433121
MCM9,38,307,0.110144927536232,0.123778501628664,27,193,0.122727272727273,0.139896373056995,60,203,0.228136882129278,0.295566502463054,36,192,0.157894736842105,0.1875
MCPH1,234,332,0.413427561837456,0.704819277108434,188,416,0.311258278145695,0.451923076923077,179,336,0.347572815533981,0.532738095238095,174,514,0.252906976744186,0.33852140077821
MCTP1,45,290,0.134328358208955,0.155172413793103,36,175,0.170616113744076,0.205714285714286,62,201,0.23574144486692,0.308457711442786,30,283,0.0958466453674121,0.106007067137809
MCTP2,31,165,0.158163265306122,0.187878787878788,11,93,0.105769230769231,0.118279569892473,12,255,0.0449438202247191,0.0470588235294118,28,140,0.166666666666667,0.2
MDFI,41,271,0.131410256410256,0.151291512915129,65,715,0.0833333333333333,0.0909090909090909,48,561,0.0788177339901478,0.0855614973262032,22,1424,0.0152143845089903,0.0154494382022472
MDGA1,0,0,NA,NA,2,8,0.2,0.25,0,0,NA,NA,17,18,0.485714285714286,0.944444444444444
MDM1,39,450,0.0797546012269939,0.0866666666666667,54,432,0.111111111111111,0.125,34,363,0.0856423173803526,0.09366391184573,49,447,0.0987903225806452,0.109619686800895
MDN1,177,1535,0.10338785046729,0.115309446254072,117,895,0.115612648221344,0.13072625698324,203,1923,0.0954844778927564,0.105564222568903,200,1276,0.13550135501355,0.156739811912226
MECOM,53,496,0.0965391621129326,0.106854838709677,63,446,0.1237721021611,0.141255605381166,45,398,0.101580135440181,0.113065326633166,116,661,0.149292149292149,0.175491679273828
MECP2,250,719,0.257997936016512,0.347705146036161,126,877,0.125623130608175,0.143671607753706,155,601,0.205026455026455,0.257903494176373,109,1464,0.0692943420216147,0.0744535519125683
MED12L,0,20,0,0,4,5,0.444444444444444,0.8,0,0,NA,NA,39,3,0.928571428571429,13
MED31,423,2341,0.153039073806078,0.180692011960701,480,2581,0.156811499509964,0.185974428516079,326,2103,0.134211609715932,0.155016642891108,337,2658,0.112520868113523,0.126787057938299
MED8,722,601,0.54572940287226,1.20133111480865,743,562,0.569348659003831,1.3220640569395,556,647,0.462177888611804,0.85935085007728,594,736,0.446616541353383,0.807065217391304
MEF2B,0,23,0,0,7,10,0.411764705882353,0.7,7,16,0.304347826086957,0.4375,0,69,0,0
MEGF8,163,125,0.565972222222222,1.304,276,186,0.597402597402597,1.48387096774194,134,150,0.471830985915493,0.893333333333333,180,340,0.346153846153846,0.529411764705882
MEIS3,7,112,0.0588235294117647,0.0625,61,853,0.0667396061269147,0.0715123094958968,29,200,0.126637554585153,0.145,97,2081,0.0445362718089991,0.0466122056703508
MELTF,242,828,0.226168224299065,0.292270531400966,863,2248,0.277402764384442,0.383896797153025,113,639,0.150265957446809,0.176838810641628,732,2193,0.25025641025641,0.333789329685363
METAP1D,54,134,0.287234042553192,0.402985074626866,11,122,0.0827067669172932,0.0901639344262295,29,144,0.167630057803468,0.201388888888889,38,138,0.215909090909091,0.27536231884058
METTL13,170,1240,0.120567375886525,0.137096774193548,168,1641,0.0928689883913764,0.102376599634369,151,1438,0.0950283196979232,0.105006954102921,210,1712,0.109261186264308,0.122663551401869
METTL2B,101,187,0.350694444444444,0.540106951871658,55,291,0.158959537572254,0.189003436426117,55,200,0.215686274509804,0.275,74,388,0.16017316017316,0.190721649484536
METTL4,20,91,0.18018018018018,0.21978021978022,31,177,0.149038461538462,0.175141242937853,20,93,0.176991150442478,0.21505376344086,12,218,0.0521739130434783,0.055045871559633
METTL5,910,6720,0.119266055045872,0.135416666666667,569,4655,0.108920367534456,0.122234156820623,562,5351,0.0950448165060037,0.10502709773874,340,5396,0.0592747559274756,0.0630096367679763
METTL6,49,167,0.226851851851852,0.293413173652695,92,127,0.420091324200913,0.724409448818898,69,136,0.336585365853659,0.507352941176471,140,255,0.354430379746835,0.549019607843137
MFSD13A,215,382,0.360134003350084,0.56282722513089,155,325,0.322916666666667,0.476923076923077,204,493,0.292682926829268,0.413793103448276,132,323,0.29010989010989,0.408668730650155
MFSD14C,56,422,0.117154811715481,0.132701421800948,56,531,0.0954003407155026,0.105461393596987,61,505,0.107773851590106,0.120792079207921,46,826,0.0527522935779817,0.0556900726392252
MFSD9,19,158,0.107344632768362,0.120253164556962,15,148,0.0920245398773006,0.101351351351351,20,78,0.204081632653061,0.256410256410256,7,183,0.0368421052631579,0.0382513661202186
MGAT4A,13,3,0.8125,4.33333333333333,19,14,0.575757575757576,1.35714285714286,19,22,0.463414634146341,0.863636363636364,25,45,0.357142857142857,0.555555555555556
MGAT5B,9,20,0.310344827586207,0.45,11,76,0.126436781609195,0.144736842105263,4,22,0.153846153846154,0.181818181818182,11,52,0.174603174603175,0.211538461538462
MIB2,88,178,0.330827067669173,0.49438202247191,101,419,0.194230769230769,0.241050119331742,120,524,0.186335403726708,0.229007633587786,110,1024,0.0970017636684303,0.107421875
MICAL1,452,214,0.678678678678679,2.11214953271028,412,1002,0.291371994342291,0.411177644710579,422,250,0.62797619047619,1.688,448,1253,0.263374485596708,0.357541899441341
MICAL3,74,630,0.105113636363636,0.117460317460317,74,953,0.0720545277507303,0.0776495278069255,48,533,0.0826161790017212,0.0900562851782364,77,1213,0.0596899224806202,0.0634789777411377
MICALCL,25,55,0.3125,0.454545454545455,20,131,0.132450331125828,0.152671755725191,26,42,0.382352941176471,0.619047619047619,6,184,0.0315789473684211,0.0326086956521739
MICALL2,62,164,0.274336283185841,0.378048780487805,31,379,0.075609756097561,0.0817941952506596,44,393,0.100686498855835,0.111959287531807,52,1184,0.0420711974110032,0.0439189189189189
MID1,131,1053,0.110641891891892,0.124406457739791,97,1008,0.0877828054298642,0.0962301587301587,82,645,0.112792297111417,0.127131782945736,82,879,0.0853277835587929,0.093287827076223
MIER2,142,810,0.149159663865546,0.175308641975309,165,1119,0.128504672897196,0.14745308310992,115,840,0.120418848167539,0.136904761904762,78,1493,0.0496499045194144,0.0522438044206296
MIGA1,23,221,0.0942622950819672,0.104072398190045,12,278,0.0413793103448276,0.0431654676258993,37,165,0.183168316831683,0.224242424242424,30,346,0.0797872340425532,0.0867052023121387
MINDY4,265,82,0.763688760806916,3.23170731707317,177,64,0.734439834024896,2.765625,191,126,0.602523659305994,1.51587301587302,307,134,0.696145124716553,2.2910447761194
MINOS1,2036,30424,0.0627233518176217,0.0669208519589797,2043,29130,0.0655374843614667,0.0701338825952626,2959,24351,0.108348590259978,0.121514516857624,4199,24020,0.148800453595095,0.1748126561199
MINOS1-NBL1,30424,5713,0.841907186540111,5.32539821459828,29130,5365,0.844470213074359,5.42963653308481,24351,7083,0.77467073869059,3.43795002117747,24020,6538,0.786046207212514,3.67390639339247
MKL1,14,149,0.0858895705521472,0.0939597315436242,51,384,0.117241379310345,0.1328125,6,90,0.0625,0.0666666666666667,34,358,0.086734693877551,0.0949720670391061
MKLN1,182,815,0.182547642928786,0.223312883435583,277,649,0.299136069114471,0.426810477657935,251,735,0.254563894523327,0.341496598639456,504,1019,0.330925804333552,0.494602551521099
MKNK1,222,670,0.248878923766816,0.33134328358209,141,1052,0.118189438390612,0.134030418250951,119,842,0.123829344432882,0.141330166270784,108,1082,0.0907563025210084,0.099815157116451
MKRN1,485,3532,0.120736868309684,0.137315968289921,418,3612,0.103722084367246,0.115725359911406,411,3332,0.109804969275982,0.123349339735894,400,4733,0.0779271381258523,0.084512993872808
MKS1,100,298,0.251256281407035,0.335570469798658,114,295,0.278728606356968,0.386440677966102,157,362,0.302504816955684,0.433701657458564,148,323,0.314225053078556,0.458204334365325
MLH1,101,1737,0.0549510337323177,0.0581462291306851,127,1656,0.071228266965788,0.0766908212560386,85,1589,0.0507765830346475,0.0534927627438641,109,1756,0.0584450402144772,0.0620728929384966
MLLT10,441,495,0.471153846153846,0.890909090909091,438,388,0.530266343825666,1.12886597938144,406,261,0.608695652173913,1.55555555555556,347,585,0.372317596566524,0.593162393162393
MMP15,6,163,0.0355029585798817,0.0368098159509202,5,110,0.0434782608695652,0.0454545454545455,17,103,0.141666666666667,0.16504854368932,9,110,0.0756302521008403,0.0818181818181818
MMP16,0,2,0,0,2,29,0.0645161290322581,0.0689655172413793,0,19,0,0,0,37,0,0
MMP24-AS1-EDEM2,507,273,0.65,1.85714285714286,939,390,0.706546275395034,2.40769230769231,885,218,0.802357207615594,4.05963302752294,876,490,0.641288433382138,1.78775510204082
MMP24OS,371,507,0.42255125284738,0.731755424063116,834,939,0.470389170896785,0.888178913738019,663,885,0.428294573643411,0.749152542372881,1092,876,0.554878048780488,1.24657534246575
MMP28,61,394,0.134065934065934,0.154822335025381,42,230,0.154411764705882,0.182608695652174,122,1123,0.0979919678714859,0.108637577916296,140,657,0.175658720200753,0.213089802130898
MMS22L,191,171,0.527624309392265,1.11695906432749,77,221,0.258389261744966,0.34841628959276,87,103,0.457894736842105,0.844660194174757,86,213,0.287625418060201,0.403755868544601
MOB3B,3,194,0.0152284263959391,0.0154639175257732,66,510,0.114583333333333,0.129411764705882,47,159,0.228155339805825,0.29559748427673,70,491,0.124777183600713,0.142566191446029
MOCOS,604,1916,0.23968253968254,0.315240083507307,202,758,0.210416666666667,0.266490765171504,499,2021,0.198015873015873,0.246907471548738,139,957,0.126824817518248,0.145245559038662
MORN4,156,225,0.409448818897638,0.693333333333333,218,342,0.389285714285714,0.637426900584795,117,285,0.291044776119403,0.410526315789474,113,479,0.190878378378378,0.235908141962422
MOSPD2,97,235,0.292168674698795,0.412765957446808,28,307,0.0835820895522388,0.0912052117263844,40,213,0.158102766798419,0.187793427230047,61,485,0.111721611721612,0.125773195876289
MPHOSPH10,149,1420,0.0949649458253665,0.104929577464789,45,912,0.0470219435736677,0.0493421052631579,91,1093,0.0768581081081081,0.0832570905763952,131,998,0.116031886625332,0.1312625250501
MPHOSPH8,311,1136,0.214927436074637,0.273767605633803,266,1254,0.175,0.212121212121212,310,1599,0.162388685175485,0.193871169480926,388,1731,0.183105238319962,0.224147891392259
MPI,13,662,0.0192592592592593,0.0196374622356495,62,460,0.118773946360153,0.134782608695652,29,1031,0.0273584905660377,0.0281280310378274,123,576,0.175965665236052,0.213541666666667
MPND,79,117,0.403061224489796,0.675213675213675,53,200,0.209486166007905,0.265,77,132,0.368421052631579,0.583333333333333,72,285,0.201680672268908,0.252631578947368
MPP3,69,229,0.231543624161074,0.301310043668122,42,326,0.114130434782609,0.128834355828221,29,283,0.092948717948718,0.102473498233216,79,348,0.185011709601874,0.227011494252874
MPP4,0,0,NA,NA,0,30,0,0,0,0,NA,NA,5,27,0.15625,0.185185185185185
MPP7,22,53,0.293333333333333,0.415094339622642,0,30,0,0,9,202,0.042654028436019,0.0445544554455446,0,37,0,0
MROH8,42,6,0.875,7,19,10,0.655172413793103,1.9,24,4,0.857142857142857,6,6,9,0.4,0.666666666666667
MRPL2,174,1002,0.147959183673469,0.173652694610778,131,522,0.200612557427259,0.25095785440613,171,1136,0.130833970925784,0.150528169014085,246,767,0.24284304047384,0.320730117340287
MRPL23,1,2,0.333333333333333,0.5,0,1,0,0,1,0,1,Inf,0,3,0,0
MRPL30,592,2641,0.183111660995979,0.224157516092389,369,2345,0.135961680176861,0.157356076759062,426,2950,0.126184834123223,0.144406779661017,336,2764,0.108387096774194,0.121562952243126
MRPL35,2688,1313,0.671832041989503,2.04722010662605,1836,883,0.675248253034204,2.079275198188,2112,1315,0.616282462795448,1.60608365019011,1579,790,0.66652596032081,1.99873417721519
MRPL4,409,3264,0.111353117342772,0.12530637254902,411,2035,0.168029435813573,0.201965601965602,312,3844,0.0750721847930703,0.081165452653486,349,1988,0.14933675652546,0.175553319919517
MRPS11,324,1170,0.216867469879518,0.276923076923077,366,1370,0.210829493087558,0.267153284671533,312,1481,0.174010039040714,0.210668467251857,388,1442,0.212021857923497,0.269070735090153
MRPS25,176,2366,0.0692368214004721,0.0743871513102282,151,1610,0.0857467348097672,0.0937888198757764,203,2463,0.0761440360090023,0.0824198132358912,140,1620,0.0795454545454545,0.0864197530864197
MRPS31,364,2097,0.147907354733848,0.173581306628517,223,1199,0.156821378340366,0.185988323603002,255,1824,0.122655122655123,0.139802631578947,779,1425,0.353448275862069,0.546666666666667
MRPS6,610,7250,0.0776081424936387,0.0841379310344828,546,4899,0.100275482093664,0.111451316595224,844,9140,0.0845352564102564,0.0923413566739606,758,5083,0.129772299263825,0.149124532756246
MRS2,718,609,0.541070082893745,1.17898193760263,436,412,0.514150943396226,1.05825242718447,515,443,0.537578288100209,1.16252821670429,481,531,0.475296442687747,0.905838041431262
MSI2,98,574,0.145833333333333,0.170731707317073,143,571,0.200280112044818,0.250437828371278,225,661,0.253950338600451,0.340393343419062,192,1118,0.146564885496183,0.171735241502683
MSL1,1911,1483,0.563052445492045,1.28860418071477,2885,1946,0.597184847857586,1.4825282631038,2822,1264,0.690651003426334,2.23259493670886,3824,2965,0.563264103697157,1.28971332209106
MSL3,159,915,0.14804469273743,0.173770491803279,182,1111,0.140757927300851,0.163816381638164,179,904,0.16528162511542,0.198008849557522,182,1195,0.132171387073348,0.152301255230126
MSTO2P,17,146,0.104294478527607,0.116438356164384,6,194,0.03,0.0309278350515464,21,168,0.111111111111111,0.125,5,156,0.031055900621118,0.032051282051282
MTA3,335,103,0.764840182648402,3.25242718446602,229,225,0.504405286343612,1.01777777777778,284,262,0.52014652014652,1.08396946564885,304,334,0.476489028213166,0.910179640718563
MTBP,261,183,0.587837837837838,1.42622950819672,104,124,0.456140350877193,0.838709677419355,144,203,0.414985590778098,0.70935960591133,56,69,0.448,0.811594202898551
MTCL1,41,127,0.244047619047619,0.322834645669291,34,158,0.177083333333333,0.215189873417722,0,175,0,0,0,204,0,0
MTG1,200,687,0.225479143179256,0.291120815138282,72,732,0.0895522388059701,0.0983606557377049,122,808,0.131182795698925,0.150990099009901,172,967,0.151009657594381,0.177869700103413
MTHFD1L,577,2246,0.20439249025859,0.256901157613535,535,1555,0.255980861244019,0.344051446945338,405,1588,0.203211239337682,0.255037783375315,707,1372,0.34006734006734,0.51530612244898
MTHFD2L,1226,854,0.589423076923077,1.43559718969555,959,989,0.492299794661191,0.969666329625885,919,887,0.508859357696567,1.03607666290868,800,1360,0.37037037037037,0.588235294117647
MTHFSD,231,187,0.552631578947368,1.23529411764706,237,158,0.6,1.5,200,160,0.555555555555556,1.25,168,192,0.466666666666667,0.875
MTMR7,0,0,NA,NA,9,4,0.692307692307692,2.25,0,0,NA,NA,0,5,0,0
MTPAP,503,1408,0.263212977498692,0.357244318181818,161,862,0.157380254154448,0.18677494199536,341,1237,0.216096324461343,0.275666936135812,117,863,0.119387755102041,0.135573580533024
MTRF1,72,116,0.382978723404255,0.620689655172414,115,189,0.37828947368421,0.608465608465608,49,142,0.256544502617801,0.345070422535211,70,171,0.29045643153527,0.409356725146199
MTSS1,64,857,0.0694896851248643,0.0746791131855309,128,991,0.114387846291332,0.129162462159435,86,1031,0.0769919427036705,0.0834141610087294,93,1809,0.0488958990536278,0.0514096185737977
MTUS1,51,930,0.0519877675840979,0.0548387096774194,129,520,0.198767334360555,0.248076923076923,83,870,0.087093389296957,0.0954022988505747,77,1053,0.068141592920354,0.0731244064577398
MTUS2,3,0,1,Inf,2,42,0.0454545454545455,0.0476190476190476,1,0,1,Inf,2,26,0.0714285714285714,0.0769230769230769
MTX2,135,3115,0.0415384615384615,0.043338683788122,199,2165,0.0841793570219966,0.0919168591224018,198,2545,0.0721837404301859,0.0777996070726916,205,2137,0.087532023911187,0.0959288722508189
MUM1,161,853,0.158777120315582,0.188745603751465,283,1550,0.154391707583197,0.18258064516129,125,962,0.114995400183993,0.12993762993763,242,1892,0.11340206185567,0.127906976744186
MVB12B,39,193,0.168103448275862,0.202072538860104,85,340,0.2,0.25,101,307,0.247549019607843,0.328990228013029,84,504,0.142857142857143,0.166666666666667
MVD,409,234,0.636080870917574,1.74786324786325,331,448,0.424903722721438,0.738839285714286,517,586,0.468721668177697,0.882252559726962,244,726,0.251546391752577,0.336088154269972
MVP,411,1271,0.244351961950059,0.323367427222659,623,2206,0.220219158713326,0.282411604714415,572,1722,0.249346120313862,0.332171893147503,608,3834,0.136875281404773,0.158581116327595
MX1,0,9,0,0,10,10,0.5,1,6,24,0.2,0.25,0,12,0,0
MXD4,132,898,0.128155339805825,0.146993318485523,87,1219,0.0666156202143951,0.0713699753896637,172,1314,0.115746971736205,0.13089802130898,217,3514,0.0581613508442777,0.0617529880478088
MXRA7,139,157,0.469594594594595,0.885350318471338,310,380,0.449275362318841,0.81578947368421,169,146,0.536507936507936,1.15753424657534,331,518,0.389870435806832,0.638996138996139
MYCBPAP,0,0,NA,NA,5,12,0.294117647058824,0.416666666666667,0,6,0,0,0,0,NA,NA
MYEF2,5,129,0.0373134328358209,0.0387596899224806,29,54,0.349397590361446,0.537037037037037,2,31,0.0606060606060606,0.0645161290322581,9,44,0.169811320754717,0.204545454545455
MYH15,3,0,1,Inf,0,45,0,0,0,15,0,0,0,9,0,0
MYLK4,6,73,0.0759493670886076,0.0821917808219178,13,78,0.142857142857143,0.166666666666667,0,67,0,0,15,118,0.112781954887218,0.127118644067797
MYO15A,0,0,NA,NA,0,0,NA,NA,2,0,1,Inf,0,14,0,0
MYO5C,235,1065,0.180769230769231,0.220657276995305,89,293,0.232984293193717,0.303754266211604,176,1148,0.132930513595166,0.153310104529617,27,152,0.150837988826816,0.177631578947368
MYO9A,19,576,0.0319327731092437,0.0329861111111111,91,585,0.134615384615385,0.155555555555556,92,596,0.133720930232558,0.154362416107383,91,666,0.120211360634082,0.136636636636637
MYO9B,112,502,0.182410423452769,0.223107569721116,110,1202,0.0838414634146342,0.0915141430948419,192,631,0.233292831105711,0.304278922345483,67,1599,0.0402160864345738,0.0419011882426517
MYOM1,11,0,1,Inf,0,5,0,0,23,37,0.383333333333333,0.621621621621622,17,49,0.257575757575758,0.346938775510204
MYPN,5,7,0.416666666666667,0.714285714285714,10,23,0.303030303030303,0.434782608695652,1,14,0.0666666666666667,0.0714285714285714,5,21,0.192307692307692,0.238095238095238
MYSM1,69,458,0.130929791271347,0.150655021834061,55,593,0.0848765432098765,0.0927487352445194,19,380,0.0476190476190476,0.05,18,707,0.0248275862068966,0.0254596888260255
MYZAP,51,62,0.451327433628319,0.82258064516129,84,46,0.646153846153846,1.82608695652174,59,27,0.686046511627907,2.18518518518519,86,131,0.3963133640553,0.656488549618321
N4BP2L1,19,3,0.863636363636364,6.33333333333333,51,14,0.784615384615385,3.64285714285714,23,30,0.433962264150943,0.766666666666667,38,59,0.391752577319588,0.64406779661017
N6AMT1,164,87,0.653386454183267,1.88505747126437,190,83,0.695970695970696,2.28915662650602,130,140,0.481481481481481,0.928571428571429,144,118,0.549618320610687,1.22033898305085
NAA16,127,553,0.186764705882353,0.229656419529837,52,572,0.0833333333333333,0.0909090909090909,42,470,0.08203125,0.0893617021276596,15,681,0.021551724137931,0.0220264317180617
NAAA,717,145,0.831786542923434,4.9448275862069,374,72,0.838565022421525,5.19444444444444,575,146,0.79750346740638,3.93835616438356,480,151,0.760697305863708,3.17880794701987
NAALADL2,0,4,0,0,0,3,0,0,2,0,1,Inf,0,22,0,0
NADSYN1,544,953,0.363393453573814,0.570828961175236,294,1159,0.202339986235375,0.253666954270923,696,1499,0.317084282460137,0.464309539693129,464,1437,0.244082062072593,0.322894919972164
NAF1,261,1471,0.150692840646651,0.177430319510537,132,1062,0.110552763819095,0.124293785310734,183,1392,0.116190476190476,0.131465517241379,296,1452,0.169336384439359,0.203856749311295
NALCN,111,138,0.44578313253012,0.804347826086957,70,54,0.564516129032258,1.2962962962963,107,148,0.419607843137255,0.722972972972973,35,45,0.4375,0.777777777777778
NAP1L1,7511,12181,0.381423928498883,0.616616041375913,7462,11851,0.386371873867343,0.629651506202008,6776,9958,0.404924106609298,0.680457923277767,7985,12125,0.397066136250622,0.658556701030928
NAPEPLD,0,1,0,0,7,1,0.875,7,2,3,0.4,0.666666666666667,1,4,0.2,0.25
NASP,84,764,0.0990566037735849,0.109947643979058,119,396,0.231067961165049,0.30050505050505,41,560,0.0682196339434276,0.0732142857142857,255,384,0.39906103286385,0.6640625
NBEA,3,13,0.1875,0.230769230769231,6,27,0.181818181818182,0.222222222222222,9,8,0.529411764705882,1.125,49,21,0.7,2.33333333333333
NBEAL1,738,231,0.761609907120743,3.1948051948052,709,245,0.743186582809224,2.89387755102041,1135,152,0.881895881895882,7.4671052631579,1307,605,0.683577405857741,2.1603305785124
NBPF20,29,17,0.630434782608696,1.70588235294118,30,67,0.309278350515464,0.447761194029851,23,52,0.306666666666667,0.442307692307692,74,54,0.578125,1.37037037037037
NBPF25P,254,515,0.330299089726918,0.493203883495146,306,890,0.255852842809365,0.343820224719101,296,899,0.247698744769874,0.329254727474972,346,1601,0.177709296353364,0.216114928169894
NCAM1,3,10,0.230769230769231,0.3,0,17,0,0,0,2,0,0,5,44,0.102040816326531,0.113636363636364
NCAPH,63,1119,0.0532994923857868,0.0563002680965147,79,1309,0.0569164265129683,0.0603514132925898,58,808,0.0669745958429561,0.0717821782178218,62,737,0.0775969962453066,0.0841248303934871
NCAPH2,115,724,0.137067938021454,0.158839779005525,23,977,0.023,0.0235414534288639,116,621,0.157394843962008,0.186795491143317,63,941,0.0627490039840637,0.0669500531349628
NCBP3,90,480,0.157894736842105,0.1875,111,619,0.152054794520548,0.179321486268174,93,525,0.150485436893204,0.177142857142857,98,722,0.119512195121951,0.135734072022161
NCOA4,2,2,0.5,1,0,7,0,0,0,8,0,0,0,7,0,0
NCOA5,128,808,0.136752136752137,0.158415841584158,117,1126,0.0941271118262269,0.103907637655417,68,866,0.0728051391862955,0.0785219399538106,36,1685,0.020918070889018,0.0213649851632047
NDC80,370,1598,0.188008130081301,0.23153942428035,397,1915,0.171712802768166,0.207310704960836,191,1105,0.147376543209877,0.172850678733032,758,1394,0.352230483271375,0.543758967001435
NDST1,307,2613,0.10513698630137,0.117489475698431,226,8947,0.0246375231658127,0.0252598636414441,157,3605,0.0417331206804891,0.0435506241331484,303,15990,0.018596943472657,0.0189493433395872
NDST2,53,436,0.10838445807771,0.121559633027523,122,583,0.173049645390071,0.20926243567753,123,593,0.171787709497207,0.207419898819562,193,699,0.216367713004484,0.276108726752504
NDUFAF7,503,320,0.611178614823815,1.571875,273,152,0.642352941176471,1.79605263157895,382,206,0.649659863945578,1.85436893203884,381,176,0.684021543985637,2.16477272727273
NECAB3,13,113,0.103174603174603,0.115044247787611,0,181,0,0,29,226,0.113725490196078,0.128318584070796,3,211,0.014018691588785,0.014218009478673
NECTIN2,325,305,0.515873015873016,1.0655737704918,591,497,0.543198529411765,1.18913480885312,423,326,0.56475300400534,1.29754601226994,868,765,0.53153704837722,1.13464052287582
NECTIN3,89,206,0.301694915254237,0.432038834951456,226,314,0.418518518518519,0.719745222929936,104,132,0.440677966101695,0.787878787878788,245,455,0.35,0.538461538461538
NEDD4,118,457,0.205217391304348,0.258205689277899,308,664,0.316872427983539,0.463855421686747,154,196,0.44,0.785714285714286,607,753,0.446323529411765,0.806108897742364
NEDD9,30,33,0.476190476190476,0.909090909090909,385,2106,0.154556403050984,0.182811016144349,28,75,0.271844660194175,0.373333333333333,781,2791,0.218645016797312,0.279828018631315
NEIL3,100,237,0.29673590504451,0.421940928270042,31,80,0.279279279279279,0.3875,42,129,0.245614035087719,0.325581395348837,3,140,0.020979020979021,0.0214285714285714
NEK11,3,54,0.0526315789473684,0.0555555555555556,0,96,0,0,1,83,0.0119047619047619,0.0120481927710843,33,122,0.212903225806452,0.270491803278689
NEK8,0,27,0,0,0,24,0,0,0,24,0,0,7,27,0.205882352941176,0.259259259259259
NELFA,118,1333,0.0813232253618194,0.0885221305326332,63,827,0.0707865168539326,0.0761789600967352,175,1629,0.0970066518847007,0.107427869858809,100,1253,0.073909830007391,0.0798084596967279
NEPRO,232,2320,0.0909090909090909,0.1,195,2033,0.0875224416517056,0.0959173635022135,163,2732,0.0563039723661485,0.0596632503660322,477,2711,0.149623588456713,0.175949834009591
NFAM1,1,0,1,Inf,0,0,NA,NA,1,13,0.0714285714285714,0.0769230769230769,4,0,1,Inf
NFATC1,147,14,0.91304347826087,10.5,405,56,0.878524945770065,7.23214285714286,238,24,0.908396946564885,9.91666666666667,814,122,0.86965811965812,6.67213114754098
NFKBID,41,130,0.239766081871345,0.315384615384615,27,136,0.165644171779141,0.198529411764706,18,141,0.113207547169811,0.127659574468085,17,187,0.0833333333333333,0.0909090909090909
NFKBIZ,24,297,0.0747663551401869,0.0808080808080808,40,337,0.106100795755968,0.118694362017804,11,196,0.0531400966183575,0.0561224489795918,56,699,0.0741721854304636,0.0801144492131617
NFX1,604,513,0.540734109221128,1.17738791423002,331,289,0.533870967741935,1.14532871972318,618,353,0.636457260556128,1.75070821529745,392,272,0.590361445783133,1.44117647058824
NGF,0,0,NA,NA,0,0,NA,NA,1,0,1,Inf,0,36,0,0
NHEJ1,19,353,0.0510752688172043,0.0538243626062323,46,285,0.138972809667674,0.16140350877193,88,290,0.232804232804233,0.303448275862069,14,269,0.049469964664311,0.0520446096654275
NHLH1,0,0,NA,NA,6,4,0.6,1.5,1,0,1,Inf,0,5,0,0
NHLRC3,72,148,0.327272727272727,0.486486486486487,87,160,0.352226720647773,0.54375,43,202,0.175510204081633,0.212871287128713,101,264,0.276712328767123,0.382575757575758
NHS,2,166,0.0119047619047619,0.0120481927710843,16,176,0.0833333333333333,0.0909090909090909,9,77,0.104651162790698,0.116883116883117,33,169,0.163366336633663,0.195266272189349
NHSL1,52,346,0.130653266331658,0.15028901734104,99,242,0.290322580645161,0.409090909090909,84,244,0.25609756097561,0.344262295081967,134,360,0.271255060728745,0.372222222222222
NIM1K,7,2,0.777777777777778,3.5,3,0,1,Inf,5,3,0.625,1.66666666666667,8,19,0.296296296296296,0.421052631578947
NIN,328,946,0.2574568288854,0.346723044397463,328,1152,0.221621621621622,0.284722222222222,236,820,0.223484848484848,0.28780487804878,452,1308,0.256818181818182,0.345565749235474
NINL,2,9,0.181818181818182,0.222222222222222,0,30,0,0,1,0,1,Inf,0,44,0,0
NIPAL3,415,2052,0.168220510741792,0.20224171539961,154,3037,0.0482607333124412,0.0507079354626276,268,3183,0.0776586496667633,0.0841972981464028,154,4101,0.036192714453584,0.0375518166300902
NIPBL,322,287,0.528735632183908,1.1219512195122,325,234,0.581395348837209,1.38888888888889,245,268,0.477582846003899,0.914179104477612,462,440,0.51219512195122,1.05
NIPSNAP3B,1,4,0.2,0.25,6,14,0.3,0.428571428571429,14,0,1,Inf,15,44,0.254237288135593,0.340909090909091
NISCH,219,1144,0.160674981658107,0.191433566433566,114,1844,0.0582226762002043,0.061822125813449,202,1569,0.114059853190288,0.12874442319949,215,2672,0.0744717700034638,0.0804640718562874
NKAIN2,0,7,0,0,8,22,0.266666666666667,0.363636363636364,0,20,0,0,22,85,0.205607476635514,0.258823529411765
NKAPD1,98,317,0.236144578313253,0.309148264984227,90,387,0.188679245283019,0.232558139534884,112,401,0.218323586744639,0.27930174563591,142,548,0.205797101449275,0.259124087591241
NLK,43,541,0.0736301369863014,0.0794824399260629,28,600,0.0445859872611465,0.0466666666666667,36,460,0.0725806451612903,0.0782608695652174,45,1156,0.0374687760199834,0.0389273356401384
NLRC5,53,125,0.297752808988764,0.424,35,105,0.25,0.333333333333333,85,153,0.357142857142857,0.555555555555556,40,96,0.294117647058824,0.416666666666667
NLRP1,38,18,0.678571428571429,2.11111111111111,146,133,0.523297491039427,1.09774436090226,85,58,0.594405594405594,1.46551724137931,199,247,0.446188340807175,0.805668016194332
NME1-NME2,14188,105455,0.118586127061341,0.134540799393106,9538,110163,0.0796818740027234,0.0865807939144722,11810,136410,0.0796788557549588,0.0865772304083278,10941,125022,0.0804704221001302,0.0875125977827902
NMNAT3,5,22,0.185185185185185,0.227272727272727,0,3,0,0,10,22,0.3125,0.454545454545455,0,3,0,0
NMRAL2P,3,22,0.12,0.136363636363636,8,74,0.0975609756097561,0.108108108108108,0,18,0,0,0,61,0,0
NMRK1,69,419,0.141393442622951,0.164677804295943,12,579,0.0203045685279188,0.0207253886010363,36,455,0.0733197556008147,0.0791208791208791,57,569,0.0910543130990415,0.100175746924429
NMT1,96,418,0.186770428015564,0.229665071770335,118,437,0.212612612612613,0.270022883295195,132,396,0.25,0.333333333333333,89,580,0.133034379671151,0.153448275862069
NNT,146,966,0.131294964028777,0.151138716356108,190,858,0.181297709923664,0.221445221445221,187,1153,0.13955223880597,0.162185602775369,188,1486,0.112305854241338,0.126514131897712
NOD1,23,186,0.110047846889952,0.123655913978495,14,326,0.0411764705882353,0.0429447852760736,14,274,0.0486111111111111,0.0510948905109489,52,347,0.130325814536341,0.14985590778098
NOL4L,115,107,0.518018018018018,1.07476635514019,211,632,0.250296559905101,0.333860759493671,125,72,0.634517766497462,1.73611111111111,294,1114,0.208806818181818,0.263913824057451
NOM1,257,1416,0.153616258218769,0.181497175141243,154,1056,0.127272727272727,0.145833333333333,193,1226,0.136011275546159,0.15742251223491,249,916,0.213733905579399,0.271834061135371
NOS3,15,5,0.75,3,0,7,0,0,0,21,0,0,21,35,0.375,0.6
NOV,15,277,0.0513698630136986,0.0541516245487365,3,48,0.0588235294117647,0.0625,18,491,0.0353634577603143,0.0366598778004073,31,105,0.227941176470588,0.295238095238095
NOX5,1097,198,0.847104247104247,5.54040404040404,1085,1731,0.385298295454545,0.626805314846909,955,103,0.902646502835539,9.27184466019417,1159,2810,0.292013101536911,0.412455516014235
NOXA1,61,35,0.635416666666667,1.74285714285714,9,23,0.28125,0.391304347826087,50,167,0.230414746543779,0.29940119760479,5,5,0.5,1
NOXRED1,9,8,0.529411764705882,1.125,18,13,0.580645161290323,1.38461538461538,30,5,0.857142857142857,6,4,0,1,Inf
NPAS1,1,3,0.25,0.333333333333333,0,0,NA,NA,0,8,0,0,1,0,1,Inf
NPAS3,0,8,0,0,5,0,1,Inf,0,10,0,0,3,3,0.5,1
NPC1,65,893,0.0678496868475992,0.0727883538633819,87,1132,0.0713699753896637,0.0768551236749117,91,790,0.103291713961407,0.115189873417722,107,1182,0.0830100853374709,0.0905245346869712
NPEPL1,465,525,0.46969696969697,0.885714285714286,438,791,0.356387306753458,0.553729456384324,431,828,0.342335186656076,0.520531400966184,634,1297,0.328327291558778,0.488820354664611
NPHP1,95,20,0.826086956521739,4.75,109,10,0.915966386554622,10.9,73,30,0.70873786407767,2.43333333333333,123,106,0.537117903930131,1.16037735849057
NPL,28,90,0.23728813559322,0.311111111111111,51,104,0.329032258064516,0.490384615384615,21,158,0.11731843575419,0.132911392405063,29,93,0.237704918032787,0.311827956989247
NPM1,24898,132495,0.158190008450185,0.187916525151893,15462,84011,0.155439164396369,0.184047327135732,20621,101765,0.168491494125145,0.202633518400236,13118,88716,0.128817487283226,0.147865097614861
NPM2,0,0,NA,NA,0,1,0,0,3,0,1,Inf,0,4,0,0
NR1H3,0,272,0,0,10,119,0.0775193798449612,0.0840336134453782,4,483,0.0082135523613963,0.0082815734989648,48,184,0.206896551724138,0.260869565217391
NR2C1,91,602,0.131313131313131,0.151162790697674,57,852,0.0627062706270627,0.0669014084507042,81,643,0.111878453038674,0.12597200622084,97,927,0.0947265625,0.104638619201726
NR3C1,844,1179,0.417202174987642,0.715860899067006,1477,1533,0.490697674418605,0.963470319634703,710,1298,0.353585657370518,0.546995377503852,1256,1792,0.412073490813648,0.700892857142857
NR4A1,0,59,0,0,0,28,0,0,0,69,0,0,1,26,0.037037037037037,0.0384615384615385
NR6A1,9,55,0.140625,0.163636363636364,0,32,0,0,22,43,0.338461538461538,0.511627906976744,7,10,0.411764705882353,0.7
NRF1,82,303,0.212987012987013,0.270627062706271,106,232,0.313609467455621,0.456896551724138,76,278,0.214689265536723,0.273381294964029,152,400,0.27536231884058,0.38
NRG1,77,121,0.388888888888889,0.636363636363636,95,82,0.536723163841808,1.15853658536585,20,82,0.196078431372549,0.24390243902439,10,72,0.121951219512195,0.138888888888889
NRG2,4,3,0.571428571428571,1.33333333333333,0,3,0,0,7,19,0.269230769230769,0.368421052631579,0,13,0,0
NRG4,3,4,0.428571428571429,0.75,1,0,1,Inf,0,3,0,0,0,0,NA,NA
NRL,0,17,0,0,1,11,0.0833333333333333,0.0909090909090909,6,24,0.2,0.25,0,10,0,0
NRP1,448,448,0.5,1,540,741,0.421545667447307,0.728744939271255,380,373,0.50464807436919,1.01876675603217,412,1121,0.268754076973255,0.367528991971454
NRP2,496,1338,0.270447110141767,0.370702541106129,185,1025,0.152892561983471,0.180487804878049,438,1256,0.258559622195986,0.348726114649682,251,913,0.215635738831615,0.274917853231106
NRSN2,0,13,0,0,2,18,0.1,0.111111111111111,0,1,0,0,0,18,0,0
NRXN2,0,0,NA,NA,0,1,0,0,1,0,1,Inf,0,2,0,0
NRXN3,0,0,NA,NA,1,0,1,Inf,0,2,0,0,0,4,0,0
NSD1,179,493,0.266369047619048,0.363083164300203,164,432,0.275167785234899,0.37962962962963,50,643,0.0721500721500721,0.0777604976671851,145,664,0.179233621755253,0.218373493975904
NSD2,253,2020,0.111306643202816,0.125247524752475,384,2620,0.127829560585885,0.146564885496183,197,1599,0.109688195991091,0.123202001250782,261,1791,0.12719298245614,0.14572864321608
NSD3,1392,1982,0.412566686425608,0.702320887991927,1456,2521,0.366105104350013,0.577548591828639,1003,1626,0.381513883605934,0.616851168511685,1611,2778,0.367053998632946,0.579913606911447
NSUN6,22,109,0.16793893129771,0.201834862385321,21,105,0.166666666666667,0.2,16,105,0.132231404958678,0.152380952380952,8,262,0.0296296296296296,0.0305343511450382
NT5C1A,0,0,NA,NA,1,7,0.125,0.142857142857143,0,0,NA,NA,0,8,0,0
NT5E,739,5119,0.126152270399454,0.144364133619848,1719,20832,0.0762272183051749,0.0825172811059908,537,3628,0.128931572629052,0.148015435501654,1541,23751,0.0609283567926617,0.0648814786745821
NT5M,124,202,0.380368098159509,0.613861386138614,46,125,0.269005847953216,0.368,107,382,0.21881390593047,0.280104712041885,51,139,0.268421052631579,0.366906474820144
NUAK1,0,84,0,0,44,411,0.0967032967032967,0.10705596107056,14,198,0.0660377358490566,0.0707070707070707,72,505,0.124783362218371,0.142574257425743
NUB1,1388,785,0.638748274275196,1.76815286624204,1428,1153,0.553273924835335,1.23850823937554,1405,1098,0.561326408310028,1.27959927140255,1194,1820,0.396151293961513,0.656043956043956
NUDT13,19,20,0.487179487179487,0.95,17,39,0.303571428571429,0.435897435897436,14,40,0.259259259259259,0.35,21,35,0.375,0.6
NUDT6,124,996,0.110714285714286,0.124497991967871,120,535,0.183206106870229,0.224299065420561,108,894,0.107784431137725,0.120805369127517,138,444,0.237113402061856,0.310810810810811
NUP160,178,860,0.171483622350674,0.206976744186047,121,569,0.17536231884058,0.212653778558875,132,711,0.156583629893238,0.185654008438819,89,596,0.12992700729927,0.149328859060403
NUP210,12,638,0.0184615384615385,0.0188087774294671,0,119,0,0,0,521,0,0,3,17,0.15,0.176470588235294
NUP214,112,746,0.130536130536131,0.150134048257373,72,1074,0.06282722513089,0.0670391061452514,23,1095,0.0205724508050089,0.0210045662100457,101,1497,0.0632040050062578,0.0674682698730795
NUP58,315,2807,0.100896860986547,0.112219451371571,364,2508,0.126740947075209,0.145135566188198,126,1811,0.0650490449148167,0.0695748205411375,373,2774,0.118525579917382,0.134462869502523
NUP85,153,2780,0.0521650187521309,0.0550359712230216,128,2434,0.0499609679937549,0.0525883319638455,138,2355,0.0553549939831528,0.0585987261146497,835,3058,0.214487541741587,0.273054283845651
NUP98,1168,1793,0.394461330631543,0.651422197434467,874,1911,0.313824057450628,0.457352171637886,629,1421,0.306829268292683,0.442646023926812,676,1643,0.291504959034066,0.411442483262325
NUPL2,155,640,0.19496855345912,0.2421875,98,853,0.103049421661409,0.114888628370457,128,795,0.138678223185265,0.161006289308176,173,1020,0.14501257334451,0.169607843137255
NWD1,0,1,0,0,10,4,0.714285714285714,2.5,9,40,0.183673469387755,0.225,22,7,0.758620689655172,3.14285714285714
NXPE3,46,94,0.328571428571429,0.48936170212766,53,175,0.232456140350877,0.302857142857143,22,89,0.198198198198198,0.247191011235955,134,191,0.412307692307692,0.701570680628272
NYNRIN,0,0,NA,NA,5,20,0.2,0.25,5,3,0.625,1.66666666666667,6,9,0.4,0.666666666666667
OARD1,108,1385,0.072337575351641,0.0779783393501805,53,938,0.053481331987891,0.0565031982942431,88,1018,0.0795660036166365,0.0864440078585462,88,844,0.0944206008583691,0.104265402843602
OAS2,12,0,1,Inf,22,10,0.6875,2.2,52,66,0.440677966101695,0.787878787878788,11,16,0.407407407407407,0.6875
OAS3,309,494,0.38480697384807,0.625506072874494,210,295,0.415841584158416,0.711864406779661,345,802,0.300784655623365,0.430174563591022,152,195,0.438040345821326,0.77948717948718
ODF2,266,1008,0.208791208791209,0.263888888888889,254,1138,0.182471264367816,0.223198594024605,254,1291,0.164401294498382,0.196746707978311,262,1404,0.157262905162065,0.186609686609687
OGG1,344,159,0.68389662027833,2.16352201257862,364,163,0.690702087286527,2.23312883435583,441,99,0.816666666666667,4.45454545454545,561,144,0.795744680851064,3.89583333333333
OLFML2B,0,3,0,0,6,3,0.666666666666667,2,0,0,NA,NA,0,12,0,0
ONECUT2,5,12,0.294117647058824,0.416666666666667,15,12,0.555555555555556,1.25,0,33,0,0,0,39,0,0
OPHN1,52,26,0.666666666666667,2,0,45,0,0,4,27,0.129032258064516,0.148148148148148,0,30,0,0
OPN3,1178,3570,0.248104465037911,0.329971988795518,1331,10719,0.11045643153527,0.124172030973039,805,3926,0.170154301416191,0.205043301069791,1167,15928,0.0682655747294531,0.0732672024108488
ORAOV1,146,774,0.158695652173913,0.188630490956072,76,1174,0.0608,0.0647359454855196,71,832,0.0786267995570321,0.0853365384615385,59,1612,0.0353081986834231,0.0366004962779156
ORC3,62,755,0.0758873929008568,0.0821192052980132,70,562,0.110759493670886,0.124555160142349,61,670,0.0834473324213406,0.091044776119403,78,501,0.134715025906736,0.155688622754491
OSBPL10,186,1778,0.094704684317719,0.104611923509561,122,2001,0.0574658502119642,0.0609695152423788,200,1490,0.118343195266272,0.134228187919463,125,2023,0.0581936685288641,0.0617894216510133
OSBPL5,441,2627,0.14374185136897,0.167872097449562,377,2093,0.152631578947368,0.180124223602484,499,3975,0.111533303531515,0.125534591194969,759,3814,0.165974196369998,0.199003670686943
OSCP1,59,255,0.187898089171975,0.231372549019608,93,476,0.163444639718805,0.195378151260504,79,551,0.125396825396825,0.143375680580762,78,464,0.143911439114391,0.168103448275862
OXR1,837,643,0.565540540540541,1.30171073094868,654,722,0.475290697674419,0.905817174515235,770,540,0.587786259541985,1.42592592592593,1096,1059,0.508584686774942,1.03493862134089
P2RX4,1,62,0.0158730158730159,0.0161290322580645,9,26,0.257142857142857,0.346153846153846,16,50,0.242424242424242,0.32,7,57,0.109375,0.12280701754386
P2RY11,44,45,0.49438202247191,0.977777777777778,50,38,0.568181818181818,1.31578947368421,37,106,0.258741258741259,0.349056603773585,44,53,0.45360824742268,0.830188679245283
P3H1,72,768,0.0857142857142857,0.09375,45,1722,0.0254668930390492,0.0261324041811847,46,663,0.0648801128349788,0.0693815987933635,69,1924,0.0346211741093828,0.0358627858627859
PACRGL,411,284,0.59136690647482,1.44718309859155,366,188,0.660649819494585,1.9468085106383,310,358,0.464071856287425,0.865921787709497,529,166,0.761151079136691,3.18674698795181
PADI2,0,5,0,0,7,0,1,Inf,0,27,0,0,0,2,0,0
PADI3,18,3,0.857142857142857,6,0,3,0,0,2,3,0.4,0.666666666666667,0,1,0,0
PAK2,315,1610,0.163636363636364,0.195652173913043,343,1991,0.146958011996572,0.172275238573581,318,1537,0.171428571428571,0.206896551724138,1546,2606,0.372350674373796,0.593246354566385
PAK3,85,87,0.494186046511628,0.977011494252874,112,75,0.598930481283422,1.49333333333333,77,84,0.478260869565217,0.916666666666667,130,129,0.501930501930502,1.0077519379845
PANK1,91,523,0.148208469055375,0.173996175908222,39,524,0.0692717584369449,0.0744274809160305,37,613,0.0569230769230769,0.0603588907014682,8,657,0.0120300751879699,0.0121765601217656
PANK2,328,548,0.374429223744292,0.598540145985402,404,561,0.418652849740933,0.720142602495544,292,442,0.397820163487738,0.660633484162896,423,823,0.339486356340289,0.513973268529769
PANX2,39,6,0.866666666666667,6.5,156,36,0.8125,4.33333333333333,93,7,0.93,13.2857142857143,348,87,0.8,4
PAOX,9,71,0.1125,0.126760563380282,1,74,0.0133333333333333,0.0135135135135135,14,105,0.117647058823529,0.133333333333333,4,115,0.0336134453781513,0.0347826086956522
PAPOLA,1357,2862,0.321640199099313,0.474143955276031,1096,2713,0.287739564190076,0.40398083302617,1286,2828,0.312591152163345,0.454738330975955,1123,2690,0.294518751639129,0.417472118959108
PARD3,717,276,0.722054380664653,2.59782608695652,740,420,0.637931034482759,1.76190476190476,458,478,0.489316239316239,0.9581589958159,610,511,0.544157002676182,1.19373776908023
PARD3B,0,45,0,0,3,59,0.0483870967741935,0.0508474576271186,4,69,0.0547945205479452,0.0579710144927536,3,5,0.375,0.6
PARD6G,129,637,0.168407310704961,0.202511773940345,160,990,0.139130434782609,0.161616161616162,165,737,0.182926829268293,0.223880597014925,153,1728,0.0813397129186603,0.0885416666666667
PARP8,137,311,0.305803571428571,0.440514469453376,120,223,0.349854227405248,0.538116591928251,158,300,0.344978165938865,0.526666666666667,331,517,0.390330188679245,0.640232108317215
PARPBP,93,2104,0.0423304506144743,0.0442015209125475,116,1259,0.0843636363636364,0.0921366163621922,82,1386,0.055858310626703,0.0591630591630592,59,1235,0.0455950540958269,0.0477732793522267
PASK,50,247,0.168350168350168,0.202429149797571,38,320,0.106145251396648,0.11875,53,176,0.231441048034935,0.301136363636364,42,253,0.142372881355932,0.16600790513834
PATJ,99,141,0.4125,0.702127659574468,65,153,0.298165137614679,0.42483660130719,97,378,0.204210526315789,0.256613756613757,38,297,0.113432835820896,0.127946127946128
PATZ1,525,440,0.544041450777202,1.19318181818182,581,399,0.592857142857143,1.45614035087719,801,459,0.635714285714286,1.74509803921569,724,675,0.517512508934953,1.07259259259259
PAX8,2,10,0.166666666666667,0.2,8,102,0.0727272727272727,0.0784313725490196,2,21,0.0869565217391304,0.0952380952380952,0,104,0,0
PAXBP1,215,786,0.214785214785215,0.2735368956743,169,721,0.189887640449438,0.234396671289875,188,509,0.269727403156384,0.369351669941061,159,893,0.151140684410646,0.178051511758119
PBLD,7,52,0.11864406779661,0.134615384615385,16,145,0.0993788819875776,0.110344827586207,27,56,0.325301204819277,0.482142857142857,0,267,0,0
PBRM1,91,1039,0.0805309734513274,0.0875842155919153,171,1278,0.118012422360248,0.133802816901408,101,864,0.104663212435233,0.116898148148148,212,1697,0.111052907281299,0.124926340601061
PCBD2,334,392,0.460055096418733,0.852040816326531,216,439,0.329770992366412,0.492027334851936,304,715,0.298331697742885,0.425174825174825,254,579,0.304921968787515,0.438687392055268
PCBP3,39,5,0.886363636363636,7.8,74,17,0.813186813186813,4.35294117647059,30,28,0.517241379310345,1.07142857142857,58,19,0.753246753246753,3.05263157894737
PCDH7,51,51,0.5,1,53,80,0.398496240601504,0.6625,78,127,0.380487804878049,0.614173228346457,165,406,0.288966725043783,0.4064039408867
PCDH9,150,142,0.513698630136986,1.05633802816901,345,1060,0.245551601423488,0.325471698113208,121,187,0.392857142857143,0.647058823529412,925,3847,0.193839061190277,0.24044710163764
PCED1B,0,218,0,0,14,491,0.0277227722772277,0.0285132382892057,23,121,0.159722222222222,0.190082644628099,51,462,0.0994152046783626,0.11038961038961
PCF11,882,545,0.618079887876664,1.61834862385321,614,365,0.627170582226762,1.68219178082192,827,585,0.585694050991501,1.41367521367521,663,710,0.482884195193008,0.933802816901408
PCGF3,433,2035,0.175445705024311,0.212776412776413,609,3630,0.143665958952583,0.167768595041322,308,2447,0.111796733212341,0.125868410298324,764,4810,0.137064944384643,0.158835758835759
PCGF5,801,313,0.71903052064632,2.5591054313099,443,118,0.789661319073084,3.75423728813559,820,189,0.812685827552032,4.33862433862434,408,217,0.6528,1.88018433179724
PCIF1,172,249,0.40855106888361,0.690763052208835,230,200,0.534883720930233,1.15,188,247,0.432183908045977,0.761133603238866,132,417,0.240437158469945,0.316546762589928
PCLO,55,14,0.797101449275362,3.92857142857143,84,23,0.785046728971963,3.65217391304348,98,44,0.690140845070423,2.22727272727273,116,21,0.846715328467153,5.52380952380952
PCM1,176,1654,0.0961748633879781,0.106408706166868,159,1325,0.107142857142857,0.12,207,1591,0.115127919911012,0.130106851037084,199,1418,0.123067408781694,0.14033850493653
PCMT1,3807,4867,0.438897855660595,0.782206698171358,3635,4673,0.437530091478093,0.77787288679649,3246,4200,0.43593875906527,0.772857142857143,3317,4853,0.405997552019584,0.683494745518236
PCNX2,870,844,0.507584597432906,1.03080568720379,734,977,0.428988895382817,0.751279426816786,1060,951,0.52710094480358,1.11461619348055,1297,1590,0.449255282299965,0.815723270440252
PCNX3,11,411,0.0260663507109005,0.0267639902676399,49,471,0.0942307692307692,0.104033970276008,12,451,0.0259179265658747,0.0266075388026608,55,1012,0.0515463917525773,0.0543478260869565
PCNX4,241,1500,0.138426191843768,0.160666666666667,450,2126,0.174689440993789,0.211665098777046,275,1312,0.173282923755514,0.209603658536585,254,2196,0.103673469387755,0.115664845173042
PCOLCE2,146,687,0.175270108043217,0.212518195050946,195,604,0.244055068836045,0.322847682119205,252,572,0.305825242718447,0.440559440559441,388,931,0.294162244124337,0.416756176154672
PCSK6,50,592,0.0778816199376947,0.0844594594594595,35,315,0.1,0.111111111111111,56,682,0.0758807588075881,0.0821114369501466,11,286,0.037037037037037,0.0384615384615385
PDCD1LG2,4,22,0.153846153846154,0.181818181818182,19,100,0.159663865546218,0.19,0,5,0,0,5,93,0.0510204081632653,0.0537634408602151
PDCD2,1670,1360,0.551155115511551,1.22794117647059,1095,1133,0.491472172351885,0.966460723742277,1614,1564,0.507866582756451,1.03196930946292,1230,1751,0.412613217041261,0.702455739577384
PDE1C,0,0,NA,NA,1,3,0.25,0.333333333333333,0,13,0,0,1,6,0.142857142857143,0.166666666666667
PDE3B,86,131,0.3963133640553,0.656488549618321,8,69,0.103896103896104,0.115942028985507,46,149,0.235897435897436,0.308724832214765,8,89,0.0824742268041237,0.0898876404494382
PDE4D,80,902,0.0814663951120163,0.0886917960088692,208,929,0.182937554969217,0.223896663078579,83,700,0.106002554278416,0.118571428571429,597,1503,0.284285714285714,0.397205588822355
PDE5A,3,4,0.428571428571429,0.75,0,7,0,0,0,10,0,0,0,18,0,0
PDE8B,0,16,0,0,6,0,1,Inf,7,0,1,Inf,2,0,1,Inf
PDGFRA,0,0,NA,NA,13,9,0.590909090909091,1.44444444444444,0,1,0,0,6,2,0.75,3
PDGFRB,0,41,0,0,0,175,0,0,8,26,0.235294117647059,0.307692307692308,10,438,0.0223214285714286,0.0228310502283105
PDK2,247,64,0.794212218649518,3.859375,404,92,0.814516129032258,4.39130434782609,218,152,0.589189189189189,1.43421052631579,265,188,0.584988962472406,1.40957446808511
PDK3,66,225,0.22680412371134,0.293333333333333,84,203,0.292682926829268,0.413793103448276,82,311,0.208651399491094,0.263665594855305,22,231,0.0869565217391304,0.0952380952380952
PDLIM7,317,1566,0.168348380244291,0.20242656449553,1068,9411,0.101918121958202,0.113484220592923,303,1889,0.138229927007299,0.160402329274749,1752,13912,0.111848825331971,0.125934445083381
PDSS2,124,546,0.185074626865672,0.227106227106227,89,468,0.159784560143627,0.19017094017094,207,591,0.259398496240602,0.350253807106599,84,528,0.137254901960784,0.159090909090909
PDXDC2P-NPIPB14P,2,3,0.4,0.666666666666667,0,6,0,0,1,11,0.0833333333333333,0.0909090909090909,0,29,0,0
PDZD2,98,674,0.126943005181347,0.14540059347181,121,298,0.288782816229117,0.406040268456376,130,587,0.181311018131102,0.221465076660988,169,332,0.337325349301397,0.509036144578313
PDZD7,9,0,1,Inf,9,4,0.692307692307692,2.25,5,2,0.714285714285714,2.5,11,8,0.578947368421053,1.375
PDZRN3,0,2,0,0,0,1,0,0,0,0,NA,NA,6,0,1,Inf
PER3,19,2,0.904761904761905,9.5,0,8,0,0,2,9,0.181818181818182,0.222222222222222,8,2,0.8,4
PEX13,128,412,0.237037037037037,0.310679611650485,108,424,0.203007518796992,0.254716981132075,92,325,0.220623501199041,0.283076923076923,48,562,0.0786885245901639,0.0854092526690391
PEX14,205,960,0.175965665236052,0.213541666666667,257,850,0.232158988256549,0.302352941176471,310,904,0.255354200988468,0.342920353982301,215,1278,0.144005358338915,0.168231611893584
PEX6,74,534,0.121710526315789,0.138576779026217,83,498,0.142857142857143,0.166666666666667,45,589,0.0709779179810726,0.0764006791171477,46,863,0.0506050605060506,0.0533024333719583
PFN4,0,26,0,0,10,41,0.196078431372549,0.24390243902439,11,3,0.785714285714286,3.66666666666667,1,43,0.0227272727272727,0.0232558139534884
PGBD1,30,81,0.27027027027027,0.37037037037037,26,318,0.0755813953488372,0.0817610062893082,12,95,0.11214953271028,0.126315789473684,71,298,0.192411924119241,0.238255033557047
PGBD3,120,150,0.444444444444444,0.8,85,218,0.280528052805281,0.389908256880734,66,113,0.368715083798883,0.584070796460177,104,290,0.263959390862944,0.358620689655172
PGM3,447,126,0.780104712041885,3.54761904761905,726,373,0.660600545950864,1.94638069705094,348,149,0.700201207243461,2.33557046979866,685,425,0.617117117117117,1.61176470588235
PGPEP1,49,99,0.331081081081081,0.494949494949495,9,42,0.176470588235294,0.214285714285714,96,105,0.477611940298507,0.914285714285714,95,106,0.472636815920398,0.89622641509434
PHF10,630,1401,0.310192023633678,0.449678800856531,497,630,0.440993788819876,0.788888888888889,517,1147,0.310697115384615,0.450741063644289,889,807,0.524174528301887,1.10161090458488
PHF12,25,235,0.0961538461538462,0.106382978723404,19,284,0.0627062706270627,0.0669014084507042,20,299,0.0626959247648903,0.0668896321070234,65,406,0.138004246284501,0.160098522167488
PHF19,2020,1443,0.583309269419578,1.3998613998614,2360,2795,0.457807953443259,0.844364937388193,1743,2181,0.444189602446483,0.799174690508941,2205,2182,0.502621381354,1.01054078826764
PHF20,459,1408,0.245848955543653,0.325994318181818,471,2158,0.179155572461012,0.218257645968489,368,1232,0.23,0.298701298701299,376,1930,0.163052905464007,0.194818652849741
PHF20L1,127,462,0.215619694397284,0.274891774891775,118,803,0.128121606948969,0.146948941469489,86,397,0.178053830227743,0.216624685138539,97,851,0.102320675105485,0.113983548766157
PHF21B,0,2,0,0,4,0,1,Inf,0,6,0,0,0,0,NA,NA
PHF7,173,19,0.901041666666667,9.10526315789474,223,115,0.659763313609467,1.93913043478261,371,109,0.772916666666667,3.40366972477064,131,135,0.492481203007519,0.97037037037037
PHKA1,61,354,0.146987951807229,0.172316384180791,11,215,0.0486725663716814,0.0511627906976744,69,405,0.145569620253165,0.17037037037037,4,216,0.0181818181818182,0.0185185185185185
PHKA2,23,289,0.0737179487179487,0.0795847750865052,36,281,0.113564668769716,0.128113879003559,18,389,0.0442260442260442,0.0462724935732648,31,380,0.0754257907542579,0.0815789473684211
PHLDB3,57,9,0.863636363636364,6.33333333333333,50,15,0.769230769230769,3.33333333333333,85,44,0.65891472868217,1.93181818181818,49,57,0.462264150943396,0.859649122807018
PHLPP2,1,149,0.00666666666666667,0.00671140939597315,29,217,0.117886178861789,0.133640552995392,30,79,0.275229357798165,0.379746835443038,86,145,0.372294372294372,0.593103448275862
PHOSPHO2,38,134,0.22093023255814,0.283582089552239,22,102,0.17741935483871,0.215686274509804,32,156,0.170212765957447,0.205128205128205,11,268,0.039426523297491,0.041044776119403
PHOSPHO2-KLHL23,134,786,0.145652173913043,0.170483460559796,102,355,0.223194748358862,0.287323943661972,156,580,0.21195652173913,0.268965517241379,268,252,0.515384615384615,1.06349206349206
PHRF1,0,0,NA,NA,0,2,0,0,1,0,1,Inf,2,1,0.666666666666667,2
PHTF1,275,170,0.617977528089888,1.61764705882353,625,510,0.550660792951542,1.22549019607843,172,130,0.56953642384106,1.32307692307692,732,598,0.550375939849624,1.22408026755853
PHYKPL,64,108,0.372093023255814,0.592592592592593,94,94,0.5,1,68,131,0.341708542713568,0.519083969465649,61,289,0.174285714285714,0.211072664359862
PIAS2,64,126,0.336842105263158,0.507936507936508,60,131,0.31413612565445,0.458015267175573,102,157,0.393822393822394,0.64968152866242,105,222,0.321100917431193,0.472972972972973
PIEZO1,101,1324,0.0708771929824561,0.0762839879154079,157,3271,0.0457992998833139,0.0479975542647508,87,1840,0.0451478982874935,0.0472826086956522,274,4620,0.0559869227625664,0.0593073593073593
PIGG,278,1261,0.180636777128005,0.220459952418715,388,1364,0.221461187214612,0.284457478005865,250,1269,0.164581961816985,0.197005516154452,488,1463,0.250128139415684,0.333561175666439
PIGL,189,251,0.429545454545455,0.752988047808765,113,178,0.388316151202749,0.634831460674157,122,270,0.311224489795918,0.451851851851852,122,275,0.307304785894207,0.443636363636364
PIGQ,26,195,0.117647058823529,0.133333333333333,31,386,0.0743405275779376,0.0803108808290155,31,368,0.0776942355889724,0.0842391304347826,66,914,0.0673469387755102,0.0722100656455142
PIGX,445,993,0.309457579972184,0.448136958710977,319,983,0.245007680491551,0.324516785350966,374,962,0.279940119760479,0.388773388773389,355,1531,0.188229056203606,0.231874591770085
PIGZ,23,121,0.159722222222222,0.190082644628099,32,343,0.0853333333333333,0.0932944606413994,46,197,0.189300411522634,0.233502538071066,68,437,0.134653465346535,0.155606407322654
PIK3C2G,79,22,0.782178217821782,3.59090909090909,51,133,0.277173913043478,0.383458646616541,125,101,0.553097345132743,1.23762376237624,66,120,0.354838709677419,0.55
PIKFYVE,5,395,0.0125,0.0126582278481013,40,383,0.0945626477541371,0.10443864229765,49,410,0.106753812636166,0.119512195121951,182,739,0.197611292073833,0.246278755074425
PIR,35,126,0.217391304347826,0.277777777777778,13,12,0.52,1.08333333333333,52,86,0.376811594202899,0.604651162790698,24,7,0.774193548387097,3.42857142857143
PITPNM2,47,114,0.291925465838509,0.412280701754386,40,216,0.15625,0.185185185185185,31,141,0.180232558139535,0.219858156028369,31,550,0.0533562822719449,0.0563636363636364
PIWIL2,0,0,NA,NA,0,3,0,0,3,0,1,Inf,1,26,0.037037037037037,0.0384615384615385
PJVK,2,8,0.2,0.25,9,40,0.183673469387755,0.225,9,42,0.176470588235294,0.214285714285714,43,75,0.364406779661017,0.573333333333333
PKNOX2,1,0,1,Inf,0,35,0,0,0,0,NA,NA,0,13,0,0
PLA2R1,35,93,0.2734375,0.376344086021505,34,118,0.223684210526316,0.288135593220339,40,48,0.454545454545455,0.833333333333333,54,151,0.263414634146341,0.357615894039735
PLAA,339,1322,0.204093919325707,0.25642965204236,361,1031,0.25933908045977,0.350145489815713,275,1073,0.204005934718101,0.256290773532153,376,1331,0.220269478617458,0.282494365138993
PLAC8L1,3,27,0.1,0.111111111111111,14,27,0.341463414634146,0.518518518518518,2,33,0.0571428571428571,0.0606060606060606,11,55,0.166666666666667,0.2
PLCB1,0,26,0,0,5,18,0.217391304347826,0.277777777777778,6,28,0.176470588235294,0.214285714285714,0,29,0,0
PLCB4,4,2,0.666666666666667,2,6,150,0.0384615384615385,0.04,0,27,0,0,0,79,0,0
PLCH1,0,7,0,0,0,3,0,0,13,0,1,Inf,0,1,0,0
PLD1,82,108,0.431578947368421,0.759259259259259,25,160,0.135135135135135,0.15625,54,182,0.228813559322034,0.296703296703297,5,307,0.016025641025641,0.0162866449511401
PLD2,65,465,0.122641509433962,0.139784946236559,45,812,0.0525087514585764,0.0554187192118227,56,838,0.0626398210290828,0.0668257756563246,20,1085,0.0180995475113122,0.0184331797235023
PLD5,37,118,0.238709677419355,0.313559322033898,60,474,0.112359550561798,0.126582278481013,48,36,0.571428571428571,1.33333333333333,13,262,0.0472727272727273,0.049618320610687
PLEKHA6,78,729,0.0966542750929368,0.106995884773663,55,426,0.114345114345114,0.129107981220657,40,719,0.0527009222661397,0.0556328233657858,120,511,0.190174326465927,0.234833659491194
PLEKHA8,55,105,0.34375,0.523809523809524,152,76,0.666666666666667,2,122,89,0.578199052132701,1.37078651685393,148,91,0.619246861924686,1.62637362637363
PLEKHA8P1,2,16,0.111111111111111,0.125,11,43,0.203703703703704,0.255813953488372,2,16,0.111111111111111,0.125,38,49,0.436781609195402,0.775510204081633
PLEKHG1,2,18,0.1,0.111111111111111,26,56,0.317073170731707,0.464285714285714,9,27,0.25,0.333333333333333,26,164,0.136842105263158,0.158536585365854
PLEKHG4B,6,0,1,Inf,4,10,0.285714285714286,0.4,1,0,1,Inf,0,48,0,0
PLEKHH1,0,64,0,0,12,57,0.173913043478261,0.210526315789474,9,62,0.126760563380282,0.145161290322581,3,12,0.2,0.25
PLEKHH3,34,427,0.0737527114967462,0.0796252927400468,0,158,0,0,60,399,0.130718954248366,0.150375939849624,45,356,0.112219451371571,0.126404494382022
PLEKHM1P1,13,10,0.565217391304348,1.3,18,64,0.219512195121951,0.28125,22,17,0.564102564102564,1.29411764705882,7,64,0.0985915492957746,0.109375
PLPBP,82,1255,0.0613313388182498,0.0653386454183267,81,1023,0.0733695652173913,0.0791788856304985,110,1337,0.0760193503800967,0.0822737471952132,161,1276,0.112038970076548,0.126175548589342
PLPP4,0,30,0,0,27,661,0.0392441860465116,0.0408472012102874,1,9,0.1,0.111111111111111,29,1015,0.0277777777777778,0.0285714285714286
PLPP5,259,321,0.446551724137931,0.806853582554517,724,615,0.540702016430172,1.17723577235772,280,371,0.43010752688172,0.754716981132076,736,1047,0.412787436904094,0.702960840496657
PLXNC1,2,10,0.166666666666667,0.2,0,9,0,0,2,21,0.0869565217391304,0.0952380952380952,0,38,0,0
PLXND1,11,101,0.0982142857142857,0.108910891089109,16,128,0.111111111111111,0.125,15,201,0.0694444444444444,0.0746268656716418,37,270,0.120521172638436,0.137037037037037
PML,512,812,0.386706948640483,0.630541871921182,624,1409,0.306935563207083,0.442867281760114,552,1322,0.294557097118463,0.417549167927383,635,1964,0.244324740284725,0.323319755600815
PMS1,252,668,0.273913043478261,0.377245508982036,109,481,0.184745762711864,0.226611226611227,171,654,0.207272727272727,0.261467889908257,99,583,0.145161290322581,0.169811320754717
PMS2,6,95,0.0594059405940594,0.0631578947368421,24,62,0.27906976744186,0.387096774193548,0,83,0,0,10,59,0.144927536231884,0.169491525423729
PMS2P1,158,106,0.598484848484849,1.49056603773585,106,88,0.54639175257732,1.20454545454545,96,138,0.41025641025641,0.695652173913043,87,221,0.282467532467532,0.393665158371041
PNISR,2218,1142,0.660119047619048,1.94220665499124,2021,1038,0.660673422687153,1.94701348747592,2129,1429,0.598369870713884,1.48985304408677,4016,2520,0.614443084455324,1.59365079365079
PNKD,2054,722,0.739913544668588,2.84487534626039,1675,351,0.82675222112537,4.77207977207977,2405,927,0.721788715486194,2.59439050701187,2462,397,0.861140258831759,6.2015113350126
PNKP,117,1238,0.0863468634686347,0.0945072697899838,171,1583,0.0974914481185861,0.108022741629817,144,1316,0.0986301369863014,0.109422492401216,204,2124,0.0876288659793814,0.096045197740113
PNLDC1,5,0,1,Inf,0,1,0,0,0,3,0,0,2,4,0.333333333333333,0.5
PNPLA7,6,0,1,Inf,6,6,0.5,1,0,14,0,0,14,1,0.933333333333333,14
POC1B,254,1750,0.126746506986028,0.145142857142857,411,1136,0.265675500969619,0.361795774647887,402,1327,0.232504337767496,0.302938960060286,380,1220,0.2375,0.311475409836066
PODXL2,0,56,0,0,27,17,0.613636363636364,1.58823529411765,3,92,0.0315789473684211,0.0326086956521739,0,20,0,0
POLA2,134,1771,0.0703412073490814,0.0756634669678148,96,1776,0.0512820512820513,0.0540540540540541,99,1917,0.0491071428571429,0.0516431924882629,166,1590,0.0945330296127563,0.10440251572327
POLD3,120,503,0.192616372391653,0.238568588469185,169,486,0.258015267175572,0.347736625514403,169,386,0.304504504504505,0.437823834196891,202,824,0.196881091617934,0.245145631067961
POLE2,193,928,0.172167707404103,0.207974137931034,161,586,0.215528781793842,0.274744027303754,147,651,0.184210526315789,0.225806451612903,65,481,0.119047619047619,0.135135135135135
POLG2,227,721,0.239451476793249,0.314840499306519,105,423,0.198863636363636,0.24822695035461,146,563,0.205923836389281,0.259325044404973,137,430,0.241622574955908,0.318604651162791
POLH,181,108,0.626297577854671,1.67592592592593,134,208,0.391812865497076,0.644230769230769,176,183,0.49025069637883,0.961748633879781,94,502,0.157718120805369,0.187250996015936
POLR1D,6427,3047,0.678382942790796,2.10928782408927,5486,2383,0.697166094802389,2.30214015946286,7441,3178,0.700725115359262,2.34140969162996,7464,3493,0.681208359952542,2.13684511880905
POLR2J2,85,83,0.505952380952381,1.02409638554217,126,87,0.591549295774648,1.44827586206897,118,121,0.493723849372385,0.975206611570248,181,100,0.644128113879004,1.81
POLR2J3,349,196,0.640366972477064,1.78061224489796,389,276,0.584962406015038,1.40942028985507,294,384,0.433628318584071,0.765625,510,536,0.487571701720841,0.951492537313433
POLR3G,156,639,0.19622641509434,0.244131455399061,110,354,0.237068965517241,0.310734463276836,109,511,0.175806451612903,0.213307240704501,89,391,0.185416666666667,0.227621483375959
POMT1,33,417,0.0733333333333333,0.079136690647482,48,477,0.0914285714285714,0.10062893081761,73,337,0.178048780487805,0.216617210682493,8,741,0.0106809078771696,0.0107962213225371
POU2F3,7,3,0.7,2.33333333333333,13,6,0.68421052631579,2.16666666666667,0,17,0,0,0,2,0,0
PPA2,548,8741,0.0589945096350522,0.0626930557144492,458,6338,0.0673925838728664,0.0722625433890817,565,9058,0.0587134989088642,0.0623758003974387,472,7005,0.0631269225625251,0.0673804425410421
PPARA,45,199,0.184426229508197,0.226130653266332,15,240,0.0588235294117647,0.0625,34,106,0.242857142857143,0.320754716981132,27,343,0.072972972972973,0.0787172011661808
PPARD,34,472,0.0671936758893281,0.0720338983050847,44,1330,0.0320232896652111,0.0330827067669173,57,615,0.0848214285714286,0.0926829268292683,41,1388,0.0286913925822253,0.0295389048991354
PPARG,152,485,0.23861852433281,0.31340206185567,92,146,0.38655462184874,0.63013698630137,57,413,0.121276595744681,0.138014527845036,65,193,0.251937984496124,0.336787564766839
PPARGC1A,4,172,0.0227272727272727,0.0232558139534884,15,0,1,Inf,13,281,0.0442176870748299,0.0462633451957295,0,44,0,0
PPARGC1B,32,751,0.0408684546615581,0.0426098535286285,27,240,0.101123595505618,0.1125,64,850,0.0700218818380744,0.0752941176470588,52,281,0.156156156156156,0.185053380782918
PPCDC,21,142,0.128834355828221,0.147887323943662,2,124,0.0158730158730159,0.0161290322580645,23,177,0.115,0.129943502824859,16,195,0.0758293838862559,0.082051282051282
PPFIA2,0,13,0,0,15,0,1,Inf,9,17,0.346153846153846,0.529411764705882,0,3,0,0
PPFIA3,11,97,0.101851851851852,0.11340206185567,7,53,0.116666666666667,0.132075471698113,1,163,0.00609756097560976,0.00613496932515337,5,246,0.0199203187250996,0.0203252032520325
PPHLN1,2318,361,0.865248226950355,6.42105263157895,2352,309,0.883878241262683,7.61165048543689,2493,491,0.835455764075067,5.07739307535642,2949,573,0.837308347529813,5.14659685863874
PPIG,799,1280,0.384319384319384,0.62421875,688,821,0.455931080185553,0.838002436053593,576,1003,0.36478784040532,0.574277168494516,1540,1226,0.556760665220535,1.25611745513866
PPIL6,41,33,0.554054054054054,1.24242424242424,58,18,0.763157894736842,3.22222222222222,48,14,0.774193548387097,3.42857142857143,53,14,0.791044776119403,3.78571428571429
PPIP5K1P1-CATSPER2,23,14,0.621621621621622,1.64285714285714,10,8,0.555555555555556,1.25,23,29,0.442307692307692,0.793103448275862,29,30,0.491525423728814,0.966666666666667
PPM1A,356,1188,0.230569948186528,0.2996632996633,222,1859,0.106679481018741,0.119419042495966,291,1050,0.217002237136465,0.277142857142857,348,2026,0.146588037068239,0.171767028627838
PPM1B,1368,943,0.591951536131545,1.45068928950159,1596,1270,0.556873691556176,1.25669291338583,1255,655,0.657068062827225,1.91603053435115,1616,988,0.620583717357911,1.63562753036437
PPM1D,116,427,0.213627992633518,0.271662763466042,115,312,0.269320843091335,0.368589743589744,119,273,0.303571428571429,0.435897435897436,223,757,0.227551020408163,0.294583883751651
PPM1E,0,6,0,0,0,5,0,0,0,0,NA,NA,1,0,1,Inf
PPP1R13B,26,212,0.109243697478992,0.122641509433962,33,242,0.12,0.136363636363636,45,229,0.164233576642336,0.196506550218341,52,470,0.0996168582375479,0.11063829787234
PPP1R37,18,179,0.0913705583756345,0.100558659217877,33,441,0.069620253164557,0.0748299319727891,50,334,0.130208333333333,0.149700598802395,43,958,0.042957042957043,0.0448851774530271
PPP1R3E,4,36,0.1,0.111111111111111,0,75,0,0,9,44,0.169811320754717,0.204545454545455,42,54,0.4375,0.777777777777778
PPP1R3F,32,71,0.310679611650485,0.450704225352113,85,153,0.357142857142857,0.555555555555556,40,102,0.28169014084507,0.392156862745098,125,111,0.529661016949153,1.12612612612613
PPP1R7,2431,1533,0.613269424823411,1.58577951728637,2103,2226,0.485793485793486,0.944743935309973,2705,2643,0.505796559461481,1.02345819144911,3153,3029,0.510029116790683,1.04093760316936
PPP2R2C,3,317,0.009375,0.00946372239747634,49,564,0.0799347471451876,0.0868794326241135,31,228,0.11969111969112,0.135964912280702,0,700,0,0
PPP2R5C,2762,533,0.838239757207891,5.18198874296435,2895,651,0.816412859560068,4.44700460829493,2550,631,0.801634706067274,4.04120443740095,4043,638,0.863704336680197,6.33699059561128
PPP3CB,1363,918,0.59754493643139,1.48474945533769,1697,1317,0.563039150630392,1.28853454821564,1115,1146,0.493144626271561,0.972949389179756,1605,1569,0.505671077504726,1.02294455066922
PPP4R1L,21,6,0.777777777777778,3.5,60,22,0.731707317073171,2.72727272727273,19,13,0.59375,1.46153846153846,35,65,0.35,0.538461538461538
PPP4R3B,186,895,0.172062904717854,0.207821229050279,137,512,0.211093990755008,0.267578125,227,880,0.205058717253839,0.257954545454545,105,972,0.0974930362116992,0.108024691358025
PPP5D1,0,1,0,0,14,1,0.933333333333333,14,3,0,1,Inf,24,11,0.685714285714286,2.18181818181818
PPP6R3,808,4132,0.163562753036437,0.195546950629235,1129,5332,0.174740752205541,0.211740435108777,1000,4173,0.1933114247052,0.239635753654445,1616,5486,0.227541537595044,0.294567991250456
PQLC3,20,353,0.0536193029490617,0.056657223796034,80,732,0.0985221674876847,0.109289617486339,24,620,0.0372670807453416,0.0387096774193548,76,863,0.080937167199148,0.0880648899188876
PRDM10,18,210,0.0789473684210526,0.0857142857142857,29,356,0.0753246753246753,0.0814606741573034,48,167,0.223255813953488,0.287425149700599,40,398,0.091324200913242,0.100502512562814
PRDM11,102,13,0.88695652173913,7.84615384615385,84,39,0.682926829268293,2.15384615384615,99,0,1,Inf,228,18,0.926829268292683,12.6666666666667
PRDM15,36,519,0.0648648648648649,0.069364161849711,63,482,0.115596330275229,0.130705394190871,17,501,0.0328185328185328,0.0339321357285429,17,516,0.0318949343339587,0.0329457364341085
PRDM2,195,56,0.776892430278884,3.48214285714286,545,122,0.817091454272864,4.4672131147541,208,50,0.806201550387597,4.16,574,228,0.71571072319202,2.51754385964912
PRDM5,29,20,0.591836734693878,1.45,40,49,0.449438202247191,0.816326530612245,48,20,0.705882352941177,2.4,15,48,0.238095238095238,0.3125
PRELID3A,30,385,0.072289156626506,0.0779220779220779,30,426,0.0657894736842105,0.0704225352112676,12,293,0.039344262295082,0.0409556313993174,24,495,0.046242774566474,0.0484848484848485
PREP,286,1524,0.158011049723757,0.187664041994751,151,1651,0.083795782463929,0.0914597213809812,336,1611,0.172573189522342,0.208566108007449,254,1833,0.121705797795879,0.138570649208947
PREX2,5,4,0.555555555555556,1.25,8,11,0.421052631578947,0.727272727272727,10,12,0.454545454545455,0.833333333333333,2,41,0.0465116279069767,0.048780487804878
PRIMPOL,80,551,0.126782884310618,0.14519056261343,63,501,0.111702127659574,0.125748502994012,48,444,0.0975609756097561,0.108108108108108,34,661,0.0489208633093525,0.0514372163388805
PRKAR1B,101,884,0.10253807106599,0.114253393665158,88,533,0.14170692431562,0.165103189493433,144,885,0.139941690962099,0.16271186440678,80,535,0.130081300813008,0.149532710280374
PRKCA,28,277,0.0918032786885246,0.101083032490975,162,669,0.194945848375451,0.242152466367713,46,237,0.162544169611307,0.194092827004219,290,1258,0.18733850129199,0.230524642289348
PRKCE,34,95,0.263565891472868,0.357894736842105,50,78,0.390625,0.641025641025641,50,84,0.373134328358209,0.595238095238095,30,88,0.254237288135593,0.340909090909091
PRKCZ,62,284,0.179190751445087,0.21830985915493,94,504,0.157190635451505,0.186507936507937,113,687,0.14125,0.16448326055313,171,631,0.213216957605985,0.270998415213946
PRKG1,0,32,0,0,0,6,0,0,0,16,0,0,2,0,1,Inf
PRKRA,178,1697,0.0949333333333333,0.10489098408957,261,1354,0.161609907120743,0.192762186115214,130,1701,0.070999453850355,0.0764256319811875,175,1590,0.0991501416430595,0.110062893081761
PRKRIP1,82,523,0.135537190082645,0.15678776290631,62,729,0.0783817951959545,0.0850480109739369,95,712,0.117719950433705,0.133426966292135,61,1298,0.0448859455481972,0.0469953775038521
PRKX,543,1195,0.312428078250863,0.454393305439331,286,926,0.235973597359736,0.308855291576674,651,1447,0.310295519542421,0.449896337249482,432,1070,0.287616511318242,0.403738317757009
PRMT2,1376,515,0.727657324167107,2.67184466019417,2469,1171,0.678296703296703,2.10845431255337,1568,916,0.631239935587762,1.7117903930131,3285,1525,0.682952182952183,2.15409836065574
PROM2,93,186,0.333333333333333,0.5,25,85,0.227272727272727,0.294117647058824,101,433,0.189138576779026,0.233256351039261,37,100,0.27007299270073,0.37
PRPF4,181,941,0.161319073083779,0.192348565356004,58,841,0.0645161290322581,0.0689655172413793,77,978,0.0729857819905213,0.0787321063394683,167,1084,0.133493205435651,0.154059040590406
PRPF40A,389,2294,0.14498695490123,0.169572798605057,244,2020,0.107773851590106,0.120792079207921,358,2321,0.133631952220978,0.154243860404998,192,2573,0.0694394213381555,0.0746210649047804
PRPF40B,26,352,0.0687830687830688,0.0738636363636364,32,282,0.101910828025478,0.113475177304965,24,320,0.0697674418604651,0.075,39,410,0.0868596881959911,0.0951219512195122
PRPF4B,2005,712,0.737946264262054,2.81601123595506,1770,858,0.67351598173516,2.06293706293706,2064,757,0.731655441332861,2.72655217965654,1464,904,0.618243243243243,1.61946902654867
PRPSAP1,254,1664,0.132429614181439,0.152644230769231,442,2065,0.176306342241723,0.214043583535109,200,2094,0.0871839581517001,0.0955109837631328,321,2371,0.11924219910847,0.135385913116828
PRR12,120,639,0.158102766798419,0.187793427230047,60,1417,0.04062288422478,0.0423429781227946,97,1225,0.0733736762481089,0.0791836734693878,85,2350,0.0349075975359343,0.0361702127659574
PRR5-ARHGAP8,538,939,0.364251861882194,0.572949946751864,302,231,0.566604127579737,1.30735930735931,627,1100,0.363057324840764,0.57,283,345,0.450636942675159,0.820289855072464
PRRC1,317,3073,0.0935103244837758,0.103156524568825,571,5176,0.0993561858360884,0.11031684698609,235,2856,0.0760271756713038,0.0822829131652661,585,6394,0.0838228972632182,0.0914920237722865
PRRT4,0,0,NA,NA,0,0,NA,NA,3,11,0.214285714285714,0.272727272727273,0,9,0,0
PRRX1,0,1,0,0,0,36,0,0,5,0,1,Inf,0,53,0,0
PRSS36,0,8,0,0,7,4,0.636363636363636,1.75,0,33,0,0,0,6,0,0
PRTFDC1,29,9,0.763157894736842,3.22222222222222,13,5,0.722222222222222,2.6,19,0,1,Inf,26,8,0.764705882352941,3.25
PRTG,36,94,0.276923076923077,0.382978723404255,15,19,0.441176470588235,0.789473684210526,16,49,0.246153846153846,0.326530612244898,13,16,0.448275862068966,0.8125
PRUNE2,1,17,0.0555555555555556,0.0588235294117647,8,24,0.25,0.333333333333333,0,0,NA,NA,37,24,0.60655737704918,1.54166666666667
PSG4,1,6,0.142857142857143,0.166666666666667,28,11,0.717948717948718,2.54545454545455,0,0,NA,NA,30,31,0.491803278688525,0.967741935483871
PSMF1,2801,1090,0.719866358262657,2.5697247706422,3551,1010,0.778557333918,3.51584158415842,3590,1287,0.736108263276605,2.78943278943279,4593,1343,0.773753369272237,3.41995532390171
PSPC1,1883,318,0.85552021808269,5.92138364779874,1303,257,0.83525641025641,5.07003891050584,1273,247,0.8375,5.15384615384615,1487,410,0.783869267264101,3.62682926829268
PTBP3,567,2664,0.175487465181058,0.212837837837838,563,2503,0.183626875407697,0.224930083899321,383,2346,0.14034444851594,0.163256606990622,454,2908,0.135038667459845,0.156121045392022
PTCH2,0,41,0,0,5,72,0.0649350649350649,0.0694444444444444,10,15,0.4,0.666666666666667,1,78,0.0126582278481013,0.0128205128205128
PTCHD4,167,95,0.637404580152672,1.75789473684211,194,63,0.754863813229572,3.07936507936508,174,55,0.759825327510917,3.16363636363636,221,94,0.701587301587302,2.35106382978723
PTEN,308,1467,0.173521126760563,0.209952283571915,324,1155,0.219066937119675,0.28051948051948,389,1810,0.176898590268304,0.214917127071823,550,1612,0.254394079555967,0.341191066997519
PTGR2,54,278,0.162650602409639,0.194244604316547,26,211,0.109704641350211,0.123222748815166,29,414,0.0654627539503386,0.070048309178744,39,236,0.141818181818182,0.165254237288136
PTHLH,32,73,0.304761904761905,0.438356164383562,94,497,0.159052453468697,0.189134808853119,26,283,0.0841423948220065,0.0918727915194346,150,579,0.205761316872428,0.259067357512953
PTK7,160,1046,0.132669983416252,0.152963671128107,111,2281,0.0464046822742475,0.0486628671635248,75,1410,0.0505050505050505,0.0531914893617021,51,3519,0.0142857142857143,0.0144927536231884
PTPN14,634,3721,0.145579793340987,0.170384305294276,527,5079,0.0940064216910453,0.103760582791888,605,3605,0.143705463182898,0.167822468793343,962,7798,0.109817351598174,0.123364965375737
PTPN2,198,2755,0.0670504571622079,0.0718693284936479,135,1958,0.0645007166746297,0.0689479060265577,190,2452,0.0719152157456472,0.0774877650897227,237,2516,0.0860879041046131,0.0941971383147854
PTPN22,10,24,0.294117647058824,0.416666666666667,0,19,0,0,6,30,0.166666666666667,0.2,0,53,0,0
PTPRA,1545,783,0.663659793814433,1.97318007662835,1978,868,0.69501054111033,2.27880184331797,2116,914,0.698349834983498,2.31509846827133,3111,1006,0.755647316006801,3.09244532803181
PTPRB,6,3,0.666666666666667,2,5,0,1,Inf,0,0,NA,NA,0,0,NA,NA
PTPRE,410,922,0.307807807807808,0.44468546637744,358,1870,0.160682226211849,0.19144385026738,322,1061,0.232827187274042,0.303487276154571,505,3183,0.136930585683297,0.158655356581841
PTPRH,0,28,0,0,0,0,NA,NA,0,34,0,0,3,0,1,Inf
PTPRJ,33,33,0.5,1,51,31,0.621951219512195,1.64516129032258,17,5,0.772727272727273,3.4,16,71,0.183908045977011,0.225352112676056
PTPRN2,32,0,1,Inf,33,0,1,Inf,33,18,0.647058823529412,1.83333333333333,6,20,0.230769230769231,0.3
PTPRO,107,49,0.685897435897436,2.18367346938776,95,12,0.88785046728972,7.91666666666667,66,76,0.464788732394366,0.868421052631579,6,17,0.260869565217391,0.352941176470588
PTPRR,0,29,0,0,0,3,0,0,0,0,NA,NA,2,22,0.0833333333333333,0.0909090909090909
PTPRS,121,672,0.152585119798235,0.180059523809524,171,985,0.147923875432526,0.173604060913706,108,1010,0.0966010733452594,0.106930693069307,213,2442,0.080225988700565,0.0872235872235872
PUF60,16,1,0.941176470588235,16,8,1,0.888888888888889,8,6,0,1,Inf,0,2,0,0
PUM1,517,3600,0.125576876366286,0.143611111111111,816,3583,0.185496703796317,0.227742115545632,802,4254,0.158623417721519,0.188528443817583,981,5214,0.158353510895884,0.188147295742232
PUS10,41,52,0.440860215053763,0.788461538461538,25,45,0.357142857142857,0.555555555555556,17,49,0.257575757575758,0.346938775510204,85,72,0.54140127388535,1.18055555555556
PVR,119,1909,0.0586785009861933,0.0623363017286537,231,2505,0.0844298245614035,0.0922155688622754,107,1569,0.0638424821002387,0.0681963033779477,169,2616,0.0606822262118492,0.0646024464831804
PWWP2A,374,195,0.657293497363796,1.91794871794872,538,489,0.523855890944499,1.1002044989775,224,239,0.483801295896328,0.937238493723849,405,730,0.356828193832599,0.554794520547945
PXYLP1,99,336,0.227586206896552,0.294642857142857,36,161,0.182741116751269,0.22360248447205,50,103,0.326797385620915,0.485436893203884,14,353,0.0381471389645777,0.0396600566572238
PYM1,150,486,0.235849056603774,0.308641975308642,168,371,0.311688311688312,0.452830188679245,167,620,0.212198221092757,0.269354838709677,127,847,0.130390143737166,0.149940968122786
PYROXD2,45,16,0.737704918032787,2.8125,31,65,0.322916666666667,0.476923076923077,20,23,0.465116279069767,0.869565217391304,30,121,0.198675496688742,0.247933884297521
QPCT,0,7,0,0,1,4,0.2,0.25,3,1,0.75,3,1,17,0.0555555555555556,0.0588235294117647
QRFPR,523,634,0.452031114952463,0.824921135646688,204,443,0.315301391035549,0.460496613995485,416,851,0.328334648776638,0.488836662749706,210,318,0.397727272727273,0.660377358490566
QRICH2,16,0,1,Inf,8,5,0.615384615384615,1.6,0,0,NA,NA,6,3,0.666666666666667,2
R3HDM2,66,1366,0.0460893854748603,0.0483162518301611,95,1207,0.0729646697388633,0.0787075393537697,143,1487,0.0877300613496932,0.0961667787491594,113,1961,0.0544840887174542,0.0576236613972463
RAB28,68,837,0.0751381215469613,0.0812425328554361,119,921,0.114423076923077,0.129207383279045,75,852,0.0809061488673139,0.0880281690140845,154,1308,0.105335157318741,0.117737003058104
RAB36,24,190,0.11214953271028,0.126315789473684,20,202,0.0900900900900901,0.099009900990099,27,265,0.0924657534246575,0.10188679245283,19,230,0.0763052208835341,0.0826086956521739
RAB40A,0,2,0,0,13,8,0.619047619047619,1.625,8,3,0.727272727272727,2.66666666666667,8,28,0.222222222222222,0.285714285714286
RAB6A,289,6031,0.0457278481012658,0.0479190847289007,780,7133,0.0985719701756603,0.109350904247862,472,6402,0.0686645330229852,0.0737269603248985,714,8958,0.0738213399503722,0.0797052913596785
RABEP1,396,775,0.338172502134927,0.510967741935484,206,711,0.224645583424209,0.289732770745429,236,737,0.242548818088386,0.320217096336499,147,761,0.161894273127753,0.193166885676741
RABEP2,71,314,0.184415584415584,0.226114649681529,39,454,0.0791075050709939,0.0859030837004405,28,388,0.0673076923076923,0.0721649484536082,81,783,0.09375,0.103448275862069
RABGAP1L,322,250,0.562937062937063,1.288,272,321,0.458684654300169,0.847352024922118,225,527,0.299202127659574,0.426944971537002,280,525,0.347826086956522,0.533333333333333
RABGEF1,488,627,0.437668161434978,0.778309409888357,775,1383,0.359128822984245,0.560375994215474,395,946,0.294556301267711,0.417547568710359,629,2050,0.234789100410601,0.306829268292683
RABL2A,19,176,0.0974358974358974,0.107954545454545,11,239,0.044,0.0460251046025105,6,207,0.028169014084507,0.0289855072463768,16,478,0.0323886639676113,0.0334728033472803
RABL6,783,1199,0.395055499495459,0.653044203502919,1043,1360,0.434040782355389,0.766911764705882,641,1272,0.335075797177209,0.503930817610063,1990,2034,0.494532803180915,0.978367748279253
RAD1,59,439,0.118473895582329,0.134396355353075,70,481,0.127041742286751,0.145530145530146,63,389,0.139380530973451,0.161953727506427,52,415,0.11134903640257,0.125301204819277
RAD51C,721,1682,0.300041614648356,0.428656361474435,345,841,0.290893760539629,0.410225921521998,603,1325,0.312759336099585,0.455094339622642,368,695,0.346190028222013,0.529496402877698
RAD52,39,115,0.253246753246753,0.339130434782609,86,74,0.5375,1.16216216216216,59,78,0.430656934306569,0.756410256410256,26,87,0.230088495575221,0.298850574712644
RAD54B,83,309,0.211734693877551,0.268608414239482,36,208,0.147540983606557,0.173076923076923,62,229,0.213058419243986,0.270742358078603,103,252,0.290140845070423,0.408730158730159
RAD9B,21,0,1,Inf,2,31,0.0606060606060606,0.0645161290322581,21,6,0.777777777777778,3.5,6,0,1,Inf
RALGAPA1P1,0,0,NA,NA,7,5,0.583333333333333,1.4,7,9,0.4375,0.777777777777778,5,0,1,Inf
RALGDS,19,185,0.0931372549019608,0.102702702702703,6,157,0.0368098159509202,0.0382165605095541,10,296,0.0326797385620915,0.0337837837837838,7,408,0.0168674698795181,0.017156862745098
RALGPS1,15,7,0.681818181818182,2.14285714285714,20,18,0.526315789473684,1.11111111111111,36,42,0.461538461538462,0.857142857142857,34,17,0.666666666666667,2
RANBP10,30,265,0.101694915254237,0.113207547169811,55,367,0.130331753554502,0.149863760217984,24,377,0.0598503740648379,0.0636604774535809,11,348,0.0306406685236769,0.0316091954022989
RANBP17,16,162,0.0898876404494382,0.0987654320987654,47,228,0.170909090909091,0.206140350877193,13,208,0.0588235294117647,0.0625,27,329,0.0758426966292135,0.0820668693009119
RANBP9,79,1431,0.052317880794702,0.0552061495457722,137,1527,0.0823317307692308,0.0897184020956123,145,1016,0.12489233419466,0.142716535433071,232,1416,0.140776699029126,0.163841807909605
RAP1GAP,0,2,0,0,20,45,0.307692307692308,0.444444444444444,5,26,0.161290322580645,0.192307692307692,6,42,0.125,0.142857142857143
RAPGEF3,8,10,0.444444444444444,0.8,15,4,0.789473684210526,3.75,5,8,0.384615384615385,0.625,24,23,0.51063829787234,1.04347826086957
RAPGEF4,2,5,0.285714285714286,0.4,1,4,0.2,0.25,1,4,0.2,0.25,2,7,0.222222222222222,0.285714285714286
RAPGEFL1,19,119,0.13768115942029,0.159663865546218,8,14,0.363636363636364,0.571428571428571,11,339,0.0314285714285714,0.0324483775811209,37,32,0.536231884057971,1.15625
RARRES1,13,26,0.333333333333333,0.5,3,8,0.272727272727273,0.375,23,45,0.338235294117647,0.511111111111111,0,7,0,0
RARS2,1472,221,0.869462492616657,6.6606334841629,2073,380,0.845087647778231,5.45526315789474,1571,339,0.822513089005236,4.63421828908555,1930,325,0.855875831485588,5.93846153846154
RASA2,108,472,0.186206896551724,0.228813559322034,17,571,0.0289115646258503,0.0297723292469352,24,569,0.0404721753794266,0.0421792618629174,59,745,0.0733830845771144,0.0791946308724832
RASAL1,0,0,NA,NA,0,0,NA,NA,6,9,0.4,0.666666666666667,0,0,NA,NA
RASD2,0,0,NA,NA,2,7,0.222222222222222,0.285714285714286,0,0,NA,NA,2,16,0.111111111111111,0.125
RASGEF1C,1,0,1,Inf,0,3,0,0,1,0,1,Inf,0,2,0,0
RASGRF2,0,7,0,0,0,0,NA,NA,1,1,0.5,1,0,8,0,0
RASL10B,0,19,0,0,1,0,1,Inf,0,6,0,0,0,0,NA,NA
RASSF2,1,8,0.111111111111111,0.125,0,0,NA,NA,0,4,0,0,0,6,0,0
RBBP4,219,1474,0.129356172474897,0.148575305291723,266,1330,0.166666666666667,0.2,122,1249,0.0889861415025529,0.0976781425140112,339,1572,0.177394034536892,0.215648854961832
RBBP6,256,1580,0.139433551198257,0.162025316455696,275,1525,0.152777777777778,0.180327868852459,253,1575,0.138402625820569,0.160634920634921,514,1808,0.2213608957795,0.28429203539823
RBCK1,4928,2207,0.690679747722495,2.23289533303126,2843,2015,0.585220255249074,1.41091811414392,6486,2538,0.71875,2.55555555555556,4097,2854,0.589411595453892,1.43552908199019
RBFOX2,1,35,0.0277777777777778,0.0285714285714286,8,35,0.186046511627907,0.228571428571429,2,17,0.105263157894737,0.117647058823529,1,45,0.0217391304347826,0.0222222222222222
RBKS,24,89,0.212389380530973,0.269662921348315,7,102,0.0642201834862385,0.0686274509803922,9,89,0.0918367346938776,0.101123595505618,31,141,0.180232558139535,0.219858156028369
RBM14-RBM4,1726,4973,0.25765039558143,0.347074200683692,1662,6563,0.202066869300912,0.253237848544873,1602,5172,0.236492471213463,0.309744779582367,2123,8727,0.195668202764977,0.243268018792254
RBM19,200,305,0.396039603960396,0.655737704918033,182,221,0.451612903225806,0.823529411764706,213,308,0.408829174664108,0.691558441558442,275,278,0.497287522603978,0.989208633093525
RBM41,410,373,0.523627075351213,1.09919571045576,327,489,0.400735294117647,0.668711656441718,408,548,0.426778242677824,0.744525547445255,379,766,0.331004366812227,0.494778067885117
RBM44,21,3,0.875,7,29,24,0.547169811320755,1.20833333333333,34,24,0.586206896551724,1.41666666666667,54,51,0.514285714285714,1.05882352941176
RBM4B,73,740,0.0897908979089791,0.0986486486486487,122,1053,0.103829787234043,0.115859449192783,41,795,0.0490430622009569,0.0515723270440252,206,1293,0.137424949966644,0.159319412219644
RBMS3,47,348,0.118987341772152,0.135057471264368,38,324,0.104972375690608,0.117283950617284,27,327,0.076271186440678,0.0825688073394495,29,295,0.0895061728395062,0.0983050847457627
RBMX,4569,7195,0.388388303298198,0.635024322446143,3451,5654,0.379022515101593,0.610364343827379,4744,7110,0.400202463303526,0.667229254571027,4100,5551,0.424826442855663,0.738605656638444
RC3H2,338,1370,0.197892271662763,0.246715328467153,335,2142,0.135244247073072,0.156395891690009,350,1690,0.17156862745098,0.207100591715976,422,3411,0.110096530133055,0.123717384931105
RCAN3,63,239,0.208609271523179,0.263598326359833,68,695,0.0891218872870249,0.097841726618705,46,320,0.12568306010929,0.14375,18,826,0.0213270142180095,0.0217917675544794
RCC1,5021,1248,0.800925187430212,4.02323717948718,3785,948,0.799704204521445,3.99261603375527,4781,1177,0.802450486740517,4.06202209005947,4538,1104,0.804324707550514,4.11050724637681
RCOR3,834,1258,0.398661567877629,0.66295707472178,647,2251,0.223257418909593,0.287427809862283,949,1834,0.34099892202659,0.517448200654308,890,3750,0.191810344827586,0.237333333333333
RECK,134,40,0.770114942528736,3.35,126,66,0.65625,1.90909090909091,71,35,0.669811320754717,2.02857142857143,160,137,0.538720538720539,1.16788321167883
RECQL5,93,167,0.357692307692308,0.55688622754491,66,157,0.295964125560538,0.420382165605096,24,170,0.123711340206186,0.141176470588235,61,300,0.168975069252078,0.203333333333333
REEP1,4,17,0.19047619047619,0.235294117647059,9,26,0.257142857142857,0.346153846153846,0,0,NA,NA,0,4,0,0
REL,0,32,0,0,9,24,0.272727272727273,0.375,6,46,0.115384615384615,0.130434782608696,0,77,0,0
RELB,151,1290,0.104788341429563,0.117054263565891,104,1688,0.0580357142857143,0.0616113744075829,59,1392,0.0406616126809097,0.0423850574712644,159,2587,0.0579024034959942,0.0614611519134132
REV1,216,743,0.225234619395203,0.2907133243607,154,795,0.162276080084299,0.193710691823899,191,667,0.222610722610723,0.286356821589205,200,1101,0.153727901614143,0.181653042688465
REV3L,17,219,0.0720338983050847,0.0776255707762557,9,170,0.0502793296089385,0.0529411764705882,23,123,0.157534246575342,0.186991869918699,88,186,0.321167883211679,0.473118279569892
RFX2,120,65,0.648648648648649,1.84615384615385,191,156,0.55043227665706,1.22435897435897,104,120,0.464285714285714,0.866666666666667,161,245,0.396551724137931,0.657142857142857
RGS10,115,1048,0.0988822012037833,0.109732824427481,178,1208,0.128427128427128,0.147350993377483,118,988,0.106690777576854,0.119433198380567,224,1342,0.143039591315453,0.166915052160954
RGS17,20,19,0.512820512820513,1.05263157894737,14,64,0.17948717948718,0.21875,33,46,0.417721518987342,0.717391304347826,54,160,0.252336448598131,0.3375
RGS20,544,828,0.396501457725948,0.657004830917874,523,1315,0.284548422198041,0.397718631178707,653,764,0.460832745236415,0.854712041884817,341,1888,0.152983400628084,0.180614406779661
RGS3,466,527,0.469284994964753,0.884250474383302,160,373,0.300187617260788,0.428954423592493,228,593,0.277710109622412,0.384485666104553,157,483,0.2453125,0.325051759834369
RGS5,94,37,0.717557251908397,2.54054054054054,56,50,0.528301886792453,1.12,81,45,0.642857142857143,1.8,46,47,0.494623655913978,0.978723404255319
RGS7,15,19,0.441176470588235,0.789473684210526,17,16,0.515151515151515,1.0625,30,6,0.833333333333333,5,39,4,0.906976744186046,9.75
RGS9,0,3,0,0,6,0,1,Inf,0,0,NA,NA,0,5,0,0
RHBDL2,6,41,0.127659574468085,0.146341463414634,9,114,0.0731707317073171,0.0789473684210526,12,29,0.292682926829268,0.413793103448276,11,197,0.0528846153846154,0.0558375634517767
RHOF,48,105,0.313725490196078,0.457142857142857,27,38,0.415384615384615,0.710526315789474,16,83,0.161616161616162,0.192771084337349,22,17,0.564102564102564,1.29411764705882
RHOT1,119,658,0.153153153153153,0.180851063829787,167,422,0.283531409168082,0.395734597156398,129,448,0.223570190641248,0.287946428571429,94,611,0.133333333333333,0.153846153846154
RHOU,169,183,0.480113636363636,0.923497267759563,195,117,0.625,1.66666666666667,184,188,0.494623655913978,0.978723404255319,160,383,0.294659300184162,0.4177545691906
RIBC2,7,15,0.318181818181818,0.466666666666667,11,9,0.55,1.22222222222222,7,30,0.189189189189189,0.233333333333333,8,41,0.163265306122449,0.195121951219512
RIC1,92,165,0.357976653696498,0.557575757575758,28,211,0.117154811715481,0.132701421800948,72,170,0.297520661157025,0.423529411764706,44,240,0.154929577464789,0.183333333333333
RILPL1,51,555,0.0841584158415842,0.0918918918918919,46,574,0.0741935483870968,0.0801393728222996,73,638,0.10267229254571,0.114420062695925,38,893,0.0408163265306122,0.0425531914893617
RIMS3,4,40,0.0909090909090909,0.1,0,92,0,0,19,90,0.174311926605505,0.211111111111111,4,26,0.133333333333333,0.153846153846154
RIOK1,1996,1068,0.651436031331593,1.8689138576779,1065,551,0.659034653465347,1.93284936479129,1711,1068,0.615689096797409,1.60205992509363,1899,679,0.736617532971296,2.79675994108984
RIPOR2,386,1014,0.275714285714286,0.380670611439842,18,23,0.439024390243902,0.782608695652174,401,980,0.290369297610427,0.409183673469388,21,31,0.403846153846154,0.67741935483871
RMDN1,1059,698,0.602731929425157,1.51719197707736,1075,663,0.618527042577675,1.62141779788839,1114,884,0.557557557557558,1.26018099547511,1144,1214,0.485156912637829,0.942339373970346
RMND1,28,159,0.149732620320856,0.176100628930818,57,131,0.303191489361702,0.435114503816794,23,136,0.144654088050314,0.169117647058824,81,146,0.356828193832599,0.554794520547945
RNASE4,92,189,0.327402135231317,0.486772486772487,190,604,0.239294710327456,0.314569536423841,216,501,0.301255230125523,0.431137724550898,224,781,0.222885572139303,0.286811779769526
RNASEH2B,1378,692,0.665700483091787,1.99132947976879,1304,460,0.739229024943311,2.83478260869565,896,545,0.621790423317141,1.64403669724771,1272,1028,0.55304347826087,1.23735408560311
RNF103-CHMP3,1015,1603,0.387700534759358,0.633187772925764,1029,2094,0.329490874159462,0.491404011461318,829,1644,0.335220380105135,0.504257907542579,1608,2065,0.437789273073782,0.778692493946731
RNF135,122,891,0.120434353405726,0.13692480359147,75,1040,0.0672645739910314,0.0721153846153846,98,1602,0.0576470588235294,0.0611735330836454,15,1611,0.00922509225092251,0.00931098696461825
RNF157,7,23,0.233333333333333,0.304347826086957,7,57,0.109375,0.12280701754386,8,20,0.285714285714286,0.4,7,39,0.152173913043478,0.17948717948718
RNF165,68,237,0.222950819672131,0.286919831223629,5,291,0.0168918918918919,0.0171821305841924,39,225,0.147727272727273,0.173333333333333,26,241,0.097378277153558,0.107883817427386
RNF168,46,511,0.0825852782764812,0.0900195694716243,16,744,0.0210526315789474,0.021505376344086,100,328,0.233644859813084,0.304878048780488,40,758,0.050125313283208,0.0527704485488127
RNF180,50,27,0.649350649350649,1.85185185185185,29,55,0.345238095238095,0.527272727272727,46,28,0.621621621621622,1.64285714285714,88,24,0.785714285714286,3.66666666666667
RNF214,56,306,0.154696132596685,0.183006535947712,79,277,0.221910112359551,0.285198555956679,59,312,0.159029649595687,0.189102564102564,44,308,0.125,0.142857142857143
RNF216P1,86,601,0.125181950509461,0.143094841930116,70,826,0.078125,0.0847457627118644,46,614,0.0696969696969697,0.0749185667752443,58,835,0.06494960806271,0.0694610778443114
RNF41,109,649,0.143799472295515,0.167950693374422,97,403,0.194,0.240694789081886,68,565,0.107424960505529,0.120353982300885,115,691,0.142679900744417,0.166425470332851
RNF43,8,146,0.051948051948052,0.0547945205479452,24,128,0.157894736842105,0.1875,21,157,0.117977528089888,0.133757961783439,5,94,0.0505050505050505,0.0531914893617021
RNFT1,0,54,0,0,6,134,0.0428571428571429,0.0447761194029851,12,27,0.307692307692308,0.444444444444444,2,107,0.018348623853211,0.0186915887850467
ROBO4,3,141,0.0208333333333333,0.0212765957446809,22,334,0.0617977528089888,0.0658682634730539,38,129,0.227544910179641,0.294573643410853,31,189,0.140909090909091,0.164021164021164
ROCK1,745,724,0.5071477195371,1.02900552486188,794,1307,0.377915278438839,0.607498087222647,358,497,0.418713450292398,0.720321931589537,2197,1359,0.617829021372328,1.61662987490802
ROCK2,89,1531,0.0549382716049383,0.0581319399085565,165,1811,0.083502024291498,0.0911098840419658,103,1071,0.0877342419080068,0.096171802054155,465,1927,0.194397993311037,0.241307732226258
ROR1,23,73,0.239583333333333,0.315068493150685,38,83,0.31404958677686,0.457831325301205,8,49,0.140350877192982,0.163265306122449,4,91,0.0421052631578947,0.043956043956044
ROR2,13,7,0.65,1.85714285714286,0,0,NA,NA,2,0,1,Inf,0,8,0,0
RORA,12,1,0.923076923076923,12,13,44,0.228070175438596,0.295454545454545,0,35,0,0,38,109,0.258503401360544,0.348623853211009
RORC,35,3,0.921052631578947,11.6666666666667,0,1,0,0,81,1,0.98780487804878,81,0,3,0,0
ROS1,515,1039,0.331402831402831,0.495668912415784,1252,3922,0.241979126401237,0.319224885262621,412,1045,0.282772820864791,0.394258373205742,2260,5926,0.276081114097239,0.381370232872089
RPAP2,36,431,0.0770877944325482,0.0835266821345708,62,406,0.132478632478632,0.152709359605911,37,359,0.0934343434343434,0.103064066852368,87,353,0.197727272727273,0.246458923512748
RPAP3,125,1060,0.105485232067511,0.117924528301887,118,703,0.143727161997564,0.167852062588905,82,719,0.102372034956305,0.114047287899861,60,803,0.0695249130938586,0.074719800747198
RPGRIP1L,322,216,0.598513011152416,1.49074074074074,245,136,0.643044619422572,1.80147058823529,219,98,0.690851735015773,2.23469387755102,152,283,0.349425287356322,0.537102473498233
RPL23AP53,85,29,0.745614035087719,2.93103448275862,91,20,0.81981981981982,4.55,104,61,0.63030303030303,1.70491803278689,157,14,0.91812865497076,11.2142857142857
RPL32P3,134,38,0.77906976744186,3.52631578947368,187,62,0.751004016064257,3.01612903225806,160,48,0.769230769230769,3.33333333333333,199,147,0.57514450867052,1.35374149659864
RPL6,9091,71248,0.113157993004643,0.12759656411408,6433,58344,0.0993099402565726,0.110259838201015,8634,79589,0.097865635945275,0.108482327959894,16833,64526,0.206897823227916,0.260871586647243
RPRD1A,499,2994,0.142857142857143,0.166666666666667,502,2272,0.180966113914924,0.220950704225352,306,3128,0.0891089108910891,0.0978260869565217,500,3084,0.139508928571429,0.1621271076524
RPS6KB1,529,883,0.374645892351275,0.599093997734994,585,772,0.431098010316875,0.757772020725389,484,690,0.412265758091993,0.701449275362319,658,886,0.426165803108808,0.742663656884876
RPS6KL1,5,31,0.138888888888889,0.161290322580645,0,15,0,0,7,22,0.241379310344828,0.318181818181818,0,43,0,0
RPUSD2,83,1249,0.0623123123123123,0.066453162530024,88,1038,0.0781527531083481,0.0847784200385356,105,1159,0.0830696202531646,0.090595340811044,33,1275,0.0252293577981651,0.0258823529411765
RPUSD3,234,1734,0.11890243902439,0.134948096885813,198,1922,0.0933962264150943,0.103017689906348,161,2131,0.0702443280977312,0.0755513843266072,335,2007,0.143040136635354,0.166915794718485
RRAGB,164,14,0.921348314606742,11.7142857142857,48,33,0.592592592592593,1.45454545454545,124,2,0.984126984126984,62,139,7,0.952054794520548,19.8571428571429
RRN3P3,8,138,0.0547945205479452,0.0579710144927536,4,222,0.0176991150442478,0.018018018018018,34,129,0.208588957055215,0.263565891472868,18,322,0.0529411764705882,0.0559006211180124
RSF1,372,576,0.392405063291139,0.645833333333333,228,590,0.278728606356968,0.386440677966102,486,515,0.485514485514486,0.94368932038835,223,1013,0.18042071197411,0.220138203356367
RSPH1,0,9,0,0,0,1,0,0,0,36,0,0,2,0,1,Inf
RSPH3,36,184,0.163636363636364,0.195652173913043,97,434,0.182674199623352,0.223502304147465,90,247,0.267062314540059,0.364372469635628,155,691,0.183215130023641,0.224312590448625
RSRP1,684,1744,0.28171334431631,0.392201834862385,377,2309,0.140357408786299,0.163274144651364,729,2404,0.232684328120013,0.30324459234609,525,4981,0.0953505266981475,0.105400521983537
RTKN2,236,73,0.763754045307443,3.23287671232877,271,133,0.670792079207921,2.03759398496241,133,74,0.642512077294686,1.7972972972973,207,228,0.475862068965517,0.907894736842105
RTN2,7,57,0.109375,0.12280701754386,23,256,0.0824372759856631,0.08984375,6,125,0.0458015267175573,0.048,10,541,0.0181488203266788,0.0184842883548983
RUFY3,75,174,0.301204819277108,0.431034482758621,99,250,0.283667621776504,0.396,74,280,0.209039548022599,0.264285714285714,132,454,0.225255972696246,0.290748898678414
RUNDC3A,8,0,1,Inf,8,0,1,Inf,2,8,0.2,0.25,0,7,0,0
RUNX1,220,724,0.233050847457627,0.303867403314917,467,2366,0.164842922696788,0.19737954353339,332,813,0.289956331877729,0.408364083640836,1190,2299,0.341071940384064,0.517616354936929
RYR1,0,4,0,0,0,20,0,0,0,2,0,0,1,0,1,Inf
RYR2,17,12,0.586206896551724,1.41666666666667,11,0,1,Inf,12,37,0.244897959183673,0.324324324324324,1,5,0.166666666666667,0.2
SAA2-SAA4,2601,120,0.955898566703418,21.675,69,188,0.268482490272374,0.367021276595745,5749,143,0.975729803122878,40.2027972027972,160,255,0.385542168674699,0.627450980392157
SAMD11,4,28,0.125,0.142857142857143,15,594,0.0246305418719212,0.0252525252525253,0,16,0,0,10,707,0.0139470013947001,0.0141442715700141
SAP130,39,1007,0.0372848948374761,0.0387288977159881,40,1425,0.0273037542662116,0.0280701754385965,78,1030,0.0703971119133574,0.0757281553398058,149,1364,0.0984798413747521,0.109237536656891
SAV1,116,692,0.143564356435644,0.167630057803468,106,688,0.133501259445844,0.15406976744186,64,768,0.0769230769230769,0.0833333333333333,75,917,0.0756048387096774,0.0817884405670665
SBDS,35,415,0.0777777777777778,0.0843373493975904,22,388,0.0536585365853659,0.056701030927835,10,321,0.0302114803625378,0.0311526479750779,41,413,0.0903083700440529,0.099273607748184
SBF2,78,787,0.0901734104046243,0.0991105463786531,92,1099,0.0772460117548279,0.083712465878071,130,943,0.121155638397018,0.137857900318134,163,1436,0.101938711694809,0.113509749303621
SCAF11,187,1425,0.116004962779156,0.131228070175439,243,1650,0.128367670364501,0.147272727272727,147,1599,0.084192439862543,0.0919324577861163,266,2554,0.0943262411347518,0.10415035238841
SCAI,116,87,0.571428571428571,1.33333333333333,64,75,0.460431654676259,0.853333333333333,119,126,0.485714285714286,0.944444444444444,69,55,0.556451612903226,1.25454545454545
SCAMP4,169,1562,0.097631426920855,0.108194622279129,166,1977,0.0774615025664956,0.0839656044511887,235,1502,0.135290731145653,0.156458055925433,291,3208,0.0831666190340097,0.09071072319202
SCAPER,24,103,0.188976377952756,0.233009708737864,7,116,0.056910569105691,0.0603448275862069,7,129,0.0514705882352941,0.0542635658914729,43,185,0.18859649122807,0.232432432432432
SCGB1B2P,1,0,1,Inf,0,14,0,0,2,1,0.666666666666667,2,0,0,NA,NA
SCLT1,43,386,0.1002331002331,0.11139896373057,27,361,0.0695876288659794,0.074792243767313,56,264,0.175,0.212121212121212,53,225,0.190647482014388,0.235555555555556
SCLY,298,1878,0.136948529411765,0.158679446219382,217,1062,0.169663799843628,0.204331450094162,229,2618,0.0804355461889708,0.0874713521772345,288,1336,0.177339901477833,0.215568862275449
SCN4B,1,0,1,Inf,3,9,0.25,0.333333333333333,0,0,NA,NA,0,8,0,0
SCNN1B,224,524,0.299465240641711,0.427480916030534,74,109,0.404371584699454,0.678899082568807,499,1280,0.280494659921304,0.38984375,132,117,0.530120481927711,1.12820512820513
SCO2,113,3354,0.0325930199019325,0.0336911150864639,306,3186,0.0876288659793814,0.096045197740113,296,4019,0.0685979142526072,0.0736501617317741,646,3416,0.159034958148695,0.189110070257611
SDHAF4,77,522,0.128547579298831,0.147509578544061,67,630,0.0961262553802009,0.106349206349206,62,835,0.0691192865105909,0.074251497005988,68,655,0.0940525587828492,0.10381679389313
SDHAP3,4,0,1,Inf,7,9,0.4375,0.777777777777778,8,3,0.727272727272727,2.66666666666667,23,8,0.741935483870968,2.875
SDK1,0,0,NA,NA,10,28,0.263157894736842,0.357142857142857,0,1,0,0,15,13,0.535714285714286,1.15384615384615
SDK2,1,0,1,Inf,7,15,0.318181818181818,0.466666666666667,5,0,1,Inf,0,0,NA,NA
SDR16C5,35,254,0.121107266435986,0.137795275590551,10,57,0.149253731343284,0.175438596491228,41,437,0.0857740585774059,0.0938215102974828,8,69,0.103896103896104,0.115942028985507
SEC14L1,195,1007,0.162229617304493,0.19364448857994,183,1120,0.140445126630852,0.163392857142857,175,836,0.173095944609298,0.20933014354067,177,1359,0.115234375,0.130242825607064
SEC16B,0,0,NA,NA,5,3,0.625,1.66666666666667,0,0,NA,NA,0,7,0,0
SEC22A,189,413,0.313953488372093,0.457627118644068,113,434,0.206581352833638,0.26036866359447,191,503,0.27521613832853,0.379721669980119,167,527,0.240634005763689,0.316888045540797
SEC22C,174,1432,0.108343711083437,0.121508379888268,211,1726,0.108931337119257,0.122247972190035,188,996,0.158783783783784,0.188755020080321,245,1867,0.116003787878788,0.131226566684521
SEC31A,726,2382,0.233590733590734,0.304785894206549,535,3882,0.12112293411818,0.137815558990211,475,2670,0.151033386327504,0.177902621722846,780,6124,0.11297798377752,0.127367733507511
SECISBP2L,15,134,0.100671140939597,0.111940298507463,31,287,0.0974842767295598,0.10801393728223,36,148,0.195652173913043,0.243243243243243,53,404,0.115973741794311,0.131188118811881
SEH1L,1258,3571,0.26050942224063,0.352282273872865,883,2762,0.242249657064472,0.319695872556119,965,3721,0.205932565087495,0.259338887395861,770,2500,0.235474006116208,0.308
SELENOO,21,535,0.0377697841726619,0.0392523364485981,43,664,0.0608203677510608,0.0647590361445783,42,813,0.0491228070175439,0.051660516605166,116,795,0.127332601536773,0.145911949685535
SENP3,203,342,0.372477064220184,0.593567251461988,157,348,0.310891089108911,0.451149425287356,145,447,0.244932432432432,0.324384787472036,350,764,0.314183123877917,0.458115183246073
SENP5,62,626,0.0901162790697674,0.0990415335463259,67,921,0.0678137651821862,0.0727470141150923,53,452,0.104950495049505,0.117256637168142,197,1107,0.151073619631902,0.177958446251129
SENP7,23,322,0.0666666666666667,0.0714285714285714,13,571,0.0222602739726027,0.0227670753064799,40,372,0.0970873786407767,0.10752688172043,37,790,0.0447400241837969,0.0468354430379747
SEPT3,6,19,0.24,0.31578947368421,17,69,0.197674418604651,0.246376811594203,6,15,0.285714285714286,0.4,11,70,0.135802469135802,0.157142857142857
SEPT6,329,286,0.534959349593496,1.15034965034965,413,227,0.6453125,1.81938325991189,232,232,0.5,1,473,183,0.721036585365854,2.58469945355191
SEPT7P2,90,95,0.486486486486487,0.947368421052632,108,69,0.610169491525424,1.56521739130435,66,90,0.423076923076923,0.733333333333333,96,160,0.375,0.6
SERAC1,36,74,0.327272727272727,0.486486486486487,79,126,0.385365853658537,0.626984126984127,22,66,0.25,0.333333333333333,54,104,0.341772151898734,0.519230769230769
SERGEF,87,515,0.144518272425249,0.168932038834951,26,612,0.0407523510971787,0.042483660130719,52,733,0.0662420382165605,0.0709413369713506,50,609,0.0758725341426404,0.0821018062397373
SERTAD4,39,36,0.52,1.08333333333333,22,33,0.4,0.666666666666667,85,20,0.80952380952381,4.25,26,32,0.448275862068966,0.8125
SETD4,515,179,0.74207492795389,2.87709497206704,422,248,0.629850746268657,1.70161290322581,486,305,0.61441213653603,1.59344262295082,534,365,0.593993325917686,1.46301369863014
SETDB1,355,912,0.280189423835833,0.389254385964912,448,900,0.332344213649852,0.497777777777778,304,1224,0.198952879581152,0.248366013071895,442,767,0.365591397849462,0.576271186440678
SETDB2,62,87,0.416107382550336,0.71264367816092,28,90,0.23728813559322,0.311111111111111,46,134,0.255555555555556,0.343283582089552,93,72,0.563636363636364,1.29166666666667
SETDB2-PHF11,87,563,0.133846153846154,0.154529307282416,90,870,0.09375,0.103448275862069,134,762,0.149553571428571,0.175853018372703,72,1045,0.0644583706356312,0.0688995215311005
SFI1,65,186,0.258964143426295,0.349462365591398,34,139,0.196531791907514,0.244604316546763,44,107,0.291390728476821,0.411214953271028,34,327,0.0941828254847645,0.103975535168196
SFMBT1,34,184,0.155963302752294,0.184782608695652,47,215,0.179389312977099,0.218604651162791,19,131,0.126666666666667,0.145038167938931,23,134,0.146496815286624,0.171641791044776
SFT2D1,464,2375,0.163437830221909,0.195368421052632,183,2578,0.0662803332126041,0.0709852598913887,349,2045,0.14578111946533,0.170660146699266,253,2752,0.0841930116472546,0.0919331395348837
SFXN5,45,150,0.230769230769231,0.3,40,372,0.0970873786407767,0.10752688172043,12,279,0.0412371134020619,0.043010752688172,48,502,0.0872727272727273,0.0956175298804781
SGCD,0,0,NA,NA,0,21,0,0,1,8,0.111111111111111,0.125,1,12,0.0769230769230769,0.0833333333333333
SGMS1,12,230,0.0495867768595041,0.0521739130434783,14,292,0.0457516339869281,0.047945205479452,50,116,0.301204819277108,0.431034482758621,25,524,0.0455373406193078,0.0477099236641221
SGO2,69,459,0.130681818181818,0.150326797385621,52,563,0.0845528455284553,0.0923623445825933,43,388,0.0997679814385151,0.110824742268041,46,447,0.0933062880324544,0.102908277404922
SGSM3,367,80,0.821029082774049,4.5875,449,68,0.868471953578337,6.60294117647059,473,48,0.907869481765835,9.85416666666667,787,133,0.855434782608696,5.91729323308271
SH2D3C,0,0,NA,NA,0,1,0,0,0,5,0,0,1,0,1,Inf
SHC2,10,0,1,Inf,0,26,0,0,0,8,0,0,4,69,0.0547945205479452,0.0579710144927536
SHC3,9,12,0.428571428571429,0.75,24,34,0.413793103448276,0.705882352941177,8,16,0.333333333333333,0.5,26,51,0.337662337662338,0.509803921568627
SHF,0,8,0,0,13,15,0.464285714285714,0.866666666666667,45,58,0.436893203883495,0.775862068965517,12,19,0.387096774193548,0.631578947368421
SHISA9,7,35,0.166666666666667,0.2,186,562,0.248663101604278,0.330960854092527,5,3,0.625,1.66666666666667,192,399,0.3248730964467,0.481203007518797
SHROOM1,86,470,0.154676258992806,0.182978723404255,158,583,0.213225371120108,0.271012006861063,63,575,0.0987460815047022,0.109565217391304,193,749,0.204883227176221,0.257676902536716
SIKE1,221,1168,0.159107271418287,0.189212328767123,262,1082,0.194940476190476,0.242144177449168,227,1157,0.164017341040462,0.196197061365601,267,1332,0.166979362101313,0.20045045045045
SIL1,61,969,0.0592233009708738,0.0629514963880289,78,990,0.0730337078651685,0.0787878787878788,82,854,0.0876068376068376,0.0960187353629977,183,1688,0.0978086584714057,0.108412322274882
SIM2,65,122,0.347593582887701,0.532786885245902,69,195,0.261363636363636,0.353846153846154,52,136,0.276595744680851,0.382352941176471,24,159,0.131147540983607,0.150943396226415
SIMC1,106,746,0.124413145539906,0.142091152815013,148,1100,0.118589743589744,0.134545454545455,138,806,0.146186440677966,0.1712158808933,197,1306,0.13107119095143,0.150842266462481
SIN3B,559,1318,0.297815663292488,0.42412746585736,659,2167,0.233191790516631,0.304107060452238,404,1791,0.184054669703872,0.225572305974316,548,3101,0.150178130994793,0.17671718800387
SIRT5,131,370,0.261477045908184,0.354054054054054,147,431,0.254325259515571,0.341067285382831,146,482,0.232484076433121,0.302904564315353,148,522,0.22089552238806,0.283524904214559
SIX4,112,358,0.238297872340426,0.312849162011173,59,309,0.160326086956522,0.190938511326861,44,239,0.15547703180212,0.184100418410042,77,371,0.171875,0.207547169811321
SKA3,167,808,0.171282051282051,0.206683168316832,119,929,0.113549618320611,0.128094725511302,83,678,0.109067017082786,0.122418879056047,146,746,0.163677130044843,0.195710455764075
SKOR1,0,0,NA,NA,2,1,0.666666666666667,2,0,1,0,0,26,0,1,Inf
SLC11A1,4,10,0.285714285714286,0.4,0,3,0,0,1,17,0.0555555555555556,0.0588235294117647,0,0,NA,NA
SLC11A2,1373,1103,0.554523424878837,1.24478694469628,534,705,0.430992736077482,0.757446808510638,1208,934,0.563958916900093,1.29336188436831,627,530,0.541918755401901,1.18301886792453
SLC12A3,6,1,0.857142857142857,6,11,10,0.523809523809524,1.1,4,5,0.444444444444444,0.8,21,4,0.84,5.25
SLC12A4,114,580,0.164265129682997,0.196551724137931,120,1222,0.0894187779433681,0.0981996726677578,156,661,0.19094247246022,0.236006051437216,198,1470,0.118705035971223,0.13469387755102
SLC12A9,60,528,0.102040816326531,0.113636363636364,45,738,0.0574712643678161,0.0609756097560976,63,700,0.0825688073394495,0.09,59,1017,0.0548327137546468,0.0580137659783677
SLC13A4,0,0,NA,NA,0,1,0,0,0,0,NA,NA,1,4,0.2,0.25
SLC16A14,118,388,0.233201581027668,0.304123711340206,19,48,0.283582089552239,0.395833333333333,94,235,0.285714285714286,0.4,41,39,0.5125,1.05128205128205
SLC16A4,0,58,0,0,23,253,0.0833333333333333,0.0909090909090909,10,103,0.0884955752212389,0.0970873786407767,23,322,0.0666666666666667,0.0714285714285714
SLC16A6,0,67,0,0,1,14,0.0666666666666667,0.0714285714285714,0,54,0,0,1,2,0.333333333333333,0.5
SLC19A2,41,557,0.068561872909699,0.0736086175942549,86,881,0.0889348500517063,0.097616345062429,30,387,0.0719424460431655,0.0775193798449612,72,728,0.09,0.0989010989010989
SLC1A3,8,464,0.0169491525423729,0.0172413793103448,13,99,0.116071428571429,0.131313131313131,8,380,0.0206185567010309,0.0210526315789474,6,161,0.0359281437125748,0.0372670807453416
SLC20A2,146,1881,0.0720276270350271,0.0776182881446039,146,1274,0.102816901408451,0.114599686028257,109,1711,0.0598901098901099,0.0637054354178843,127,1647,0.0715896279594138,0.0771098967820279
SLC22A15,90,271,0.249307479224377,0.33210332103321,26,294,0.08125,0.0884353741496599,42,235,0.151624548736462,0.178723404255319,65,568,0.102685624012638,0.11443661971831
SLC22A20P,10,0,1,Inf,10,4,0.714285714285714,2.5,4,10,0.285714285714286,0.4,0,0,NA,NA
SLC22A4,42,232,0.153284671532847,0.181034482758621,68,600,0.101796407185629,0.113333333333333,56,127,0.306010928961749,0.440944881889764,99,530,0.157392686804452,0.186792452830189
SLC22A5,136,1211,0.100965107646622,0.112303881090008,88,2126,0.039747064137308,0.0413922859830668,61,1005,0.0572232645403377,0.0606965174129353,21,2119,0.00981308411214953,0.0099103350637093
SLC23A3,0,2,0,0,5,2,0.714285714285714,2.5,37,0,1,Inf,11,1,0.916666666666667,11
SLC24A3,0,11,0,0,0,0,NA,NA,0,0,NA,NA,1,4,0.2,0.25
SLC25A12,127,428,0.228828828828829,0.296728971962617,46,278,0.141975308641975,0.165467625899281,87,358,0.195505617977528,0.243016759776536,64,313,0.169761273209549,0.204472843450479
SLC25A17,124,806,0.133333333333333,0.153846153846154,144,658,0.179551122194514,0.218844984802432,157,756,0.171960569550931,0.207671957671958,224,714,0.238805970149254,0.313725490196078
SLC25A21,33,9,0.785714285714286,3.66666666666667,10,3,0.769230769230769,3.33333333333333,20,23,0.465116279069767,0.869565217391304,31,3,0.911764705882353,10.3333333333333
SLC25A35,37,55,0.402173913043478,0.672727272727273,161,83,0.65983606557377,1.93975903614458,37,42,0.468354430379747,0.880952380952381,79,68,0.537414965986395,1.16176470588235
SLC25A42,8,25,0.242424242424242,0.32,9,66,0.12,0.136363636363636,13,32,0.288888888888889,0.40625,22,286,0.0714285714285714,0.0769230769230769
SLC26A7,5,3,0.625,1.66666666666667,3,25,0.107142857142857,0.12,3,14,0.176470588235294,0.214285714285714,0,29,0,0
SLC26A8,3,0,1,Inf,0,0,NA,NA,0,5,0,0,0,15,0,0
SLC27A1,29,202,0.125541125541126,0.143564356435644,36,314,0.102857142857143,0.114649681528662,38,374,0.0922330097087379,0.101604278074866,31,457,0.0635245901639344,0.0678336980306346
SLC27A4,21,299,0.065625,0.0702341137123746,50,284,0.149700598802395,0.176056338028169,13,180,0.0673575129533679,0.0722222222222222,74,692,0.0966057441253264,0.106936416184971
SLC28A1,0,0,NA,NA,0,0,NA,NA,14,15,0.482758620689655,0.933333333333333,0,1,0,0
SLC2A4,2,1,0.666666666666667,2,0,1,0,0,0,0,NA,NA,0,0,NA,NA
SLC2A9,87,586,0.12927191679049,0.148464163822526,96,318,0.231884057971014,0.30188679245283,127,522,0.195685670261941,0.243295019157088,152,305,0.332603938730853,0.498360655737705
SLC30A4,10,39,0.204081632653061,0.256410256410256,6,72,0.0769230769230769,0.0833333333333333,12,38,0.24,0.31578947368421,1,168,0.00591715976331361,0.00595238095238095
SLC30A5,410,250,0.621212121212121,1.64,260,225,0.536082474226804,1.15555555555556,324,186,0.635294117647059,1.74193548387097,321,505,0.38861985472155,0.635643564356436
SLC30A9,693,3475,0.16626679462572,0.199424460431655,461,3318,0.121989944429743,0.138939119951778,460,3286,0.122797650827549,0.139987827145466,329,4122,0.0739159739384408,0.0798156234837458
SLC33A1,228,449,0.336779911373708,0.507795100222717,453,628,0.419056429232192,0.721337579617834,266,405,0.396423248882265,0.65679012345679,560,902,0.383036935704514,0.620842572062084
SLC35A3,48,186,0.205128205128205,0.258064516129032,85,339,0.200471698113208,0.250737463126844,53,254,0.172638436482085,0.208661417322835,83,216,0.277591973244147,0.384259259259259
SLC37A3,221,1506,0.127967573827446,0.146746347941567,167,2315,0.0672844480257857,0.0721382289416847,76,1605,0.0452111838191553,0.0473520249221184,135,3165,0.0409090909090909,0.042654028436019
SLC38A10,579,1483,0.280795344325897,0.390424814565071,644,3233,0.166107815321125,0.199195793380761,593,2317,0.203780068728522,0.255934397928356,755,3954,0.160331280526651,0.190945877592312
SLC38A6,177,89,0.665413533834586,1.98876404494382,291,80,0.784366576819407,3.6375,217,113,0.657575757575758,1.92035398230089,227,240,0.486081370449679,0.945833333333333
SLC39A10,146,1410,0.0938303341902314,0.10354609929078,179,1181,0.131617647058824,0.151566469093988,84,1336,0.0591549295774648,0.062874251497006,145,2006,0.0674105067410507,0.0722831505483549
SLC39A11,57,491,0.104014598540146,0.116089613034623,27,699,0.0371900826446281,0.0386266094420601,59,653,0.0828651685393258,0.0903522205206738,56,1046,0.0508166969147005,0.0535372848948375
SLC39A3,129,167,0.435810810810811,0.772455089820359,135,282,0.323741007194245,0.478723404255319,93,249,0.271929824561404,0.373493975903614,250,413,0.377073906485671,0.605326876513317
SLC3A1,0,1,0,0,11,7,0.611111111111111,1.57142857142857,0,0,NA,NA,0,0,NA,NA
SLC43A1,2,52,0.037037037037037,0.0384615384615385,20,23,0.465116279069767,0.869565217391304,4,59,0.0634920634920635,0.0677966101694915,14,43,0.245614035087719,0.325581395348837
SLC44A3,11,48,0.186440677966102,0.229166666666667,2,7,0.222222222222222,0.285714285714286,14,105,0.117647058823529,0.133333333333333,3,42,0.0666666666666667,0.0714285714285714
SLC44A5,17,418,0.0390804597701149,0.0406698564593301,33,400,0.0762124711316397,0.0825,18,264,0.0638297872340425,0.0681818181818182,78,573,0.119815668202765,0.136125654450262
SLC45A1,9,12,0.428571428571429,0.75,2,5,0.285714285714286,0.4,0,15,0,0,2,6,0.25,0.333333333333333
SLC47A2,0,12,0,0,0,6,0,0,7,11,0.388888888888889,0.636363636363636,1,12,0.0769230769230769,0.0833333333333333
SLC4A8,8,13,0.380952380952381,0.615384615384615,7,55,0.112903225806452,0.127272727272727,8,7,0.533333333333333,1.14285714285714,35,57,0.380434782608696,0.614035087719298
SLC5A5,0,10,0,0,0,0,NA,NA,1,6,0.142857142857143,0.166666666666667,0,0,NA,NA
SLC6A11,90,64,0.584415584415584,1.40625,36,102,0.260869565217391,0.352941176470588,62,156,0.284403669724771,0.397435897435897,36,253,0.124567474048443,0.142292490118577
SLC6A17,6,7,0.461538461538462,0.857142857142857,14,1,0.933333333333333,14,4,13,0.235294117647059,0.307692307692308,19,27,0.41304347826087,0.703703703703704
SLC9A5,0,61,0,0,0,70,0,0,1,5,0.166666666666667,0.2,0,102,0,0
SLC9A9,28,86,0.245614035087719,0.325581395348837,45,77,0.368852459016393,0.584415584415584,51,321,0.137096774193548,0.158878504672897,60,35,0.631578947368421,1.71428571428571
SLC9B2,249,259,0.490157480314961,0.961389961389961,177,271,0.395089285714286,0.653136531365314,153,211,0.42032967032967,0.725118483412322,102,226,0.310975609756098,0.451327433628319
SLF2,145,517,0.219033232628399,0.280464216634429,288,811,0.262056414922657,0.355117139334155,118,635,0.156706507304117,0.185826771653543,128,1009,0.112576956904134,0.126858275520317
SLFN12L,0,0,NA,NA,6,12,0.333333333333333,0.5,0,6,0,0,0,0,NA,NA
SLIT1,0,0,NA,NA,9,5,0.642857142857143,1.8,0,11,0,0,0,0,NA,NA
SLX4IP,7,235,0.0289256198347107,0.0297872340425532,27,429,0.0592105263157895,0.0629370629370629,51,472,0.0975143403441683,0.108050847457627,107,497,0.177152317880795,0.215291750503018
SMARCA2,440,2101,0.173160173160173,0.209424083769634,467,2867,0.140071985602879,0.162888036274852,319,2460,0.114789492623246,0.129674796747967,401,3748,0.096649795131357,0.106990394877268
SMARCAL1,31,341,0.0833333333333333,0.0909090909090909,24,329,0.0679886685552408,0.0729483282674772,38,328,0.103825136612022,0.115853658536585,90,381,0.191082802547771,0.236220472440945
SMG5,123,818,0.130712008501594,0.150366748166259,80,910,0.0808080808080808,0.0879120879120879,104,606,0.146478873239437,0.171617161716172,229,1085,0.17427701674277,0.211059907834101
SMG7,109,1677,0.061030235162374,0.0649970184853906,98,1639,0.0564191134139321,0.0597925564368517,95,1292,0.0684931506849315,0.0735294117647059,91,2248,0.0389055151774262,0.0404804270462633
SMIM8,164,43,0.792270531400966,3.81395348837209,120,4,0.967741935483871,30,140,49,0.740740740740741,2.85714285714286,86,33,0.722689075630252,2.60606060606061
SMOC2,0,26,0,0,0,0,NA,NA,0,52,0,0,2,0,1,Inf
SMPDL3B,0,286,0,0,0,49,0,0,4,563,0.00705467372134039,0.00710479573712256,7,29,0.194444444444444,0.241379310344828
SMURF2,391,440,0.470517448856799,0.888636363636364,1018,1258,0.447275922671353,0.809220985691574,339,505,0.401658767772512,0.671287128712871,1096,1402,0.43875100080064,0.781740370898716
SMYD4,48,252,0.16,0.19047619047619,3,245,0.0120967741935484,0.0122448979591837,70,194,0.265151515151515,0.360824742268041,16,396,0.0388349514563107,0.0404040404040404
SNAPC5,99,27,0.785714285714286,3.66666666666667,58,29,0.666666666666667,2,69,30,0.696969696969697,2.3,104,87,0.544502617801047,1.19540229885057
SNED1,87,305,0.221938775510204,0.285245901639344,157,401,0.281362007168459,0.391521197007481,64,332,0.161616161616162,0.192771084337349,194,579,0.250970245795602,0.335060449050086
SNRPN,290,2060,0.123404255319149,0.140776699029126,304,2920,0.0942928039702233,0.104109589041096,262,2607,0.0913210177762287,0.100498657460683,519,4950,0.0948985189248491,0.104848484848485
SNURF,290,2060,0.123404255319149,0.140776699029126,304,2920,0.0942928039702233,0.104109589041096,262,2607,0.0913210177762287,0.100498657460683,519,4950,0.0948985189248491,0.104848484848485
SNX1,1360,275,0.831804281345566,4.94545454545455,1450,376,0.79408543263965,3.8563829787234,1572,393,0.8,4,1848,479,0.794155565105286,3.8580375782881
SNX13,67,241,0.217532467532468,0.278008298755187,48,228,0.173913043478261,0.210526315789474,70,345,0.168674698795181,0.202898550724638,71,402,0.150105708245243,0.176616915422886
SNX21,221,92,0.706070287539936,2.40217391304348,249,133,0.651832460732984,1.87218045112782,203,119,0.630434782608696,1.70588235294118,380,253,0.600315955766193,1.50197628458498
SNX24,343,1094,0.238691718858733,0.313528336380256,680,1416,0.32442748091603,0.480225988700565,391,817,0.323675496688742,0.478580171358629,763,1578,0.325929090132422,0.483523447401774
SNX25,127,219,0.367052023121387,0.579908675799087,167,264,0.387470997679814,0.632575757575758,62,100,0.382716049382716,0.62,47,165,0.221698113207547,0.284848484848485
SNX5,548,5683,0.087947359974322,0.0964279429878585,452,3939,0.102937827374174,0.114749936532115,648,4295,0.131094477038236,0.150873108265425,256,3842,0.0624694973157638,0.0666319625195211
SNX6,2006,926,0.684174624829468,2.16630669546436,2105,1231,0.63099520383693,1.70999187652315,3503,1131,0.755934397928356,3.0972590627763,7582,1484,0.836311493492168,5.10916442048518
SON,12446,4201,0.747642217817024,2.96262794572721,12672,3876,0.765772298767223,3.26934984520124,11316,3590,0.759157386287401,3.15208913649025,13185,4484,0.746222197068312,2.94045495093666
SORBS1,3,9,0.25,0.333333333333333,0,6,0,0,2,1,0.666666666666667,2,0,0,NA,NA
SORBS3,83,1412,0.0555183946488294,0.0587818696883853,131,1834,0.0666666666666667,0.0714285714285714,113,1188,0.0868562644119908,0.0951178451178451,250,2018,0.110229276895944,0.12388503468781
SORCS2,0,33,0,0,3,27,0.1,0.111111111111111,0,60,0,0,14,55,0.202898550724638,0.254545454545455
SORD,29,99,0.2265625,0.292929292929293,7,67,0.0945945945945946,0.104477611940299,0,66,0,0,5,72,0.0649350649350649,0.0694444444444444
SOX5,12,14,0.461538461538462,0.857142857142857,7,0,1,Inf,7,9,0.4375,0.777777777777778,37,2,0.948717948717949,18.5
SOX6,0,14,0,0,11,20,0.354838709677419,0.55,36,40,0.473684210526316,0.9,100,77,0.564971751412429,1.2987012987013
SP140,0,0,NA,NA,50,40,0.555555555555556,1.25,0,0,NA,NA,91,78,0.538461538461538,1.16666666666667
SP140L,178,332,0.349019607843137,0.536144578313253,211,395,0.348184818481848,0.534177215189873,114,349,0.24622030237581,0.326647564469914,532,381,0.582694414019715,1.39632545931759
SP3,66,320,0.170984455958549,0.20625,64,327,0.163682864450128,0.195718654434251,92,239,0.277945619335347,0.384937238493724,238,1062,0.183076923076923,0.224105461393597
SPACA9,90,122,0.424528301886792,0.737704918032787,129,168,0.434343434343434,0.767857142857143,79,184,0.300380228136882,0.429347826086957,158,313,0.335456475583864,0.504792332268371
SPAG8,2,0,1,Inf,16,6,0.727272727272727,2.66666666666667,3,12,0.2,0.25,10,0,1,Inf
SPATA17,24,28,0.461538461538462,0.857142857142857,19,38,0.333333333333333,0.5,41,85,0.325396825396825,0.482352941176471,42,25,0.626865671641791,1.68
SPATA24,95,52,0.646258503401361,1.82692307692308,167,30,0.847715736040609,5.56666666666667,97,25,0.795081967213115,3.88,120,48,0.714285714285714,2.5
SPATA33,114,190,0.375,0.6,175,224,0.43859649122807,0.78125,227,91,0.713836477987421,2.49450549450549,242,273,0.469902912621359,0.886446886446886
SPATA4,0,0,NA,NA,0,10,0,0,2,0,1,Inf,0,1,0,0
SPATA6,8,6,0.571428571428571,1.33333333333333,5,51,0.0892857142857143,0.0980392156862745,4,34,0.105263157894737,0.117647058823529,14,65,0.177215189873418,0.215384615384615
SPDYA,0,0,NA,NA,0,6,0,0,1,0,1,Inf,24,3,0.888888888888889,8
SPECC1,349,84,0.806004618937644,4.1547619047619,1010,198,0.836092715231788,5.1010101010101,314,108,0.744075829383886,2.90740740740741,1016,349,0.744322344322344,2.91117478510029
SPG11,38,753,0.0480404551201011,0.050464807436919,45,803,0.0530660377358491,0.0560398505603985,67,903,0.0690721649484536,0.0741971207087486,112,828,0.119148936170213,0.135265700483092
SPIDR,35,790,0.0424242424242424,0.0443037974683544,77,779,0.0899532710280374,0.0988446726572529,32,713,0.0429530201342282,0.0448807854137447,58,672,0.0794520547945206,0.0863095238095238
SPIN3,73,70,0.51048951048951,1.04285714285714,55,31,0.63953488372093,1.7741935483871,126,35,0.782608695652174,3.6,50,77,0.393700787401575,0.649350649350649
SPINK5,45,129,0.258620689655172,0.348837209302326,27,27,0.5,1,164,408,0.286713286713287,0.401960784313726,10,12,0.454545454545455,0.833333333333333
SPIRE2,119,42,0.739130434782609,2.83333333333333,141,75,0.652777777777778,1.88,113,89,0.559405940594059,1.26966292134831,80,152,0.344827586206897,0.526315789473684
SPP1,0,8,0,0,2,25,0.0740740740740741,0.08,1,0,1,Inf,0,82,0,0
SPRED1,168,1502,0.10059880239521,0.11185086551265,145,1952,0.0691463996185026,0.0742827868852459,182,1457,0.11104331909701,0.124914207275223,86,2810,0.0296961325966851,0.0306049822064057
SPRED2,87,1446,0.0567514677103718,0.0601659751037344,81,1070,0.0703735881841877,0.0757009345794393,45,794,0.0536352800953516,0.0566750629722922,49,1013,0.0461393596986817,0.0483711747285291
SPRTN,105,389,0.212550607287449,0.269922879177378,109,442,0.197822141560799,0.246606334841629,83,334,0.199040767386091,0.248502994011976,52,540,0.0878378378378378,0.0962962962962963
SPSB4,5,0,1,Inf,0,7,0,0,0,0,NA,NA,0,13,0,0
SPTBN1,909,4905,0.156346749226006,0.185321100917431,1691,7625,0.181515671962216,0.221770491803279,863,4932,0.148921484037964,0.174979724249797,2100,8601,0.196243341743762,0.244157656086502
SRCAP,256,182,0.584474885844749,1.40659340659341,143,144,0.498257839721254,0.993055555555556,235,172,0.577395577395577,1.36627906976744,148,470,0.239482200647249,0.314893617021277
SREK1IP1,245,392,0.384615384615385,0.625,341,511,0.400234741784038,0.667318982387476,215,336,0.390199637023593,0.639880952380952,385,620,0.383084577114428,0.620967741935484
SRGAP2,388,1892,0.170175438596491,0.20507399577167,649,3303,0.164220647773279,0.19648804117469,359,2394,0.130403196512895,0.149958228905597,648,4036,0.138343296327925,0.160555004955401
SRPK1,406,4993,0.0751991109464716,0.0813138393751252,314,3805,0.0762320951687303,0.0825229960578187,227,4372,0.0493585562078713,0.0519213174748399,140,3764,0.0358606557377049,0.0371944739638682
SRR,27,100,0.21259842519685,0.27,61,143,0.299019607843137,0.426573426573427,23,82,0.219047619047619,0.280487804878049,10,233,0.0411522633744856,0.0429184549356223
SRSF10,1993,1980,0.501636043292223,1.00656565656566,1731,2073,0.455047318611987,0.835021707670043,1236,1906,0.393380012730745,0.648478488982162,2003,2280,0.467662853140322,0.878508771929825
SRSF4,211,2321,0.0833333333333333,0.0909090909090909,295,2375,0.110486891385768,0.124210526315789,207,1585,0.115513392857143,0.130599369085174,458,2432,0.158477508650519,0.188322368421053
SRSF5,829,3587,0.187726449275362,0.231112350153331,385,4062,0.0865752192489319,0.0947808961102905,433,2156,0.167246040942449,0.200834879406308,498,4197,0.106070287539936,0.118656182987848
SSC5D,0,5,0,0,5,14,0.263157894736842,0.357142857142857,0,0,NA,NA,21,7,0.75,3
SSFA2,148,940,0.136029411764706,0.157446808510638,115,742,0.134189031505251,0.154986522911051,111,804,0.121311475409836,0.138059701492537,51,1563,0.0315985130111524,0.0326295585412668
SSH1,192,970,0.165232358003442,0.197938144329897,70,1049,0.0625558534405719,0.0667302192564347,95,821,0.103711790393013,0.115712545676005,66,1146,0.0544554455445545,0.0575916230366492
SSH2,203,513,0.283519553072626,0.395711500974659,194,723,0.211559432933479,0.268326417704011,132,589,0.183079056865465,0.224108658743633,183,965,0.159407665505226,0.189637305699482
SSU72,403,4738,0.0783894184010893,0.0850569860700718,294,4524,0.0610211706102117,0.0649867374005305,291,5487,0.0503634475597092,0.053034445051941,408,7195,0.0536630277522031,0.0567060458651842
ST20-MTHFS,384,1007,0.276060388209921,0.381330685203575,577,1096,0.344889420203228,0.526459854014598,399,752,0.346655082536924,0.530585106382979,859,1199,0.417395529640428,0.716430358632194
ST3GAL4,60,274,0.179640718562874,0.218978102189781,52,453,0.102970297029703,0.114790286975717,30,291,0.0934579439252336,0.103092783505155,19,1300,0.0144048521607278,0.0146153846153846
ST6GALNAC5,17,42,0.288135593220339,0.404761904761905,3,26,0.103448275862069,0.115384615384615,7,2,0.777777777777778,3.5,0,20,0,0
ST7,357,819,0.303571428571429,0.435897435897436,522,1080,0.325842696629214,0.483333333333333,327,904,0.265637692932575,0.361725663716814,454,1113,0.289725590299936,0.407906558849955
ST8SIA1,5,64,0.072463768115942,0.078125,0,13,0,0,17,21,0.447368421052632,0.80952380952381,19,71,0.211111111111111,0.267605633802817
ST8SIA6,9,1,0.9,9,13,0,1,Inf,0,3,0,0,0,0,NA,NA
STAC,15,34,0.306122448979592,0.441176470588235,22,0,1,Inf,17,36,0.320754716981132,0.472222222222222,41,0,1,Inf
STAT1,354,1228,0.223767383059418,0.288273615635179,274,1258,0.178851174934726,0.217806041335453,363,1248,0.225325884543762,0.290865384615385,276,1222,0.184245660881175,0.225859247135843
STAU2,463,172,0.729133858267716,2.69186046511628,330,257,0.562180579216354,1.284046692607,329,189,0.635135135135135,1.74074074074074,372,330,0.52991452991453,1.12727272727273
STC2,914,6553,0.122405249765635,0.13947810163284,195,1787,0.0983854692230071,0.109121432568551,493,3751,0.116163996229972,0.131431618235137,557,2023,0.215891472868217,0.275333662876915
STEAP1B,0,0,NA,NA,3,1,0.75,3,0,2,0,0,0,0,NA,NA
STK16,13,537,0.0236363636363636,0.0242085661080074,67,542,0.110016420361248,0.123616236162362,36,719,0.047682119205298,0.0500695410292072,109,1041,0.0947826086956522,0.104707012487992
STK3,73,462,0.136448598130841,0.158008658008658,69,686,0.0913907284768212,0.100583090379009,56,305,0.155124653739612,0.183606557377049,79,750,0.0952955367913148,0.105333333333333
STK32A,0,0,NA,NA,11,10,0.523809523809524,1.1,0,5,0,0,14,45,0.23728813559322,0.311111111111111
STK32C,137,175,0.439102564102564,0.782857142857143,95,157,0.376984126984127,0.605095541401274,208,346,0.375451263537906,0.601156069364162,186,203,0.478149100257069,0.916256157635468
STK38,44,300,0.127906976744186,0.146666666666667,88,384,0.186440677966102,0.229166666666667,15,353,0.0407608695652174,0.0424929178470255,67,709,0.086340206185567,0.0944992947813822
STOM,2896,4315,0.401608653446124,0.671147161066049,1714,2691,0.389103291713961,0.636937941285767,2310,4341,0.347316193053676,0.532135452660677,1979,3735,0.346342317115856,0.529852744310576
STON1,12,14,0.461538461538462,0.857142857142857,6,103,0.055045871559633,0.058252427184466,12,10,0.545454545454545,1.2,0,129,0,0
STOX2,7,14,0.333333333333333,0.5,3,30,0.0909090909090909,0.1,1,10,0.0909090909090909,0.1,51,64,0.443478260869565,0.796875
STPG1,36,175,0.170616113744076,0.205714285714286,48,324,0.129032258064516,0.148148148148148,38,128,0.228915662650602,0.296875,31,487,0.0598455598455598,0.0636550308008214
STRA6,10,118,0.078125,0.0847457627118644,21,124,0.144827586206897,0.169354838709677,18,97,0.156521739130435,0.185567010309278,1,132,0.0075187969924812,0.00757575757575758
STRIP2,204,678,0.231292517006803,0.300884955752212,141,603,0.189516129032258,0.233830845771144,150,461,0.245499181669394,0.325379609544469,69,520,0.117147707979626,0.132692307692308
STX1B,7,4,0.636363636363636,1.75,0,0,NA,NA,0,0,NA,NA,1,4,0.2,0.25
STX2,102,422,0.194656488549618,0.241706161137441,124,859,0.126144455747711,0.144353899883586,100,364,0.21551724137931,0.274725274725275,224,879,0.203082502266546,0.254835039817975
STX4,99,843,0.105095541401274,0.117437722419929,296,1174,0.201360544217687,0.252129471890971,174,994,0.148972602739726,0.175050301810865,322,1434,0.183371298405467,0.224546722454672
STX6,278,600,0.316628701594533,0.463333333333333,361,589,0.38,0.612903225806452,309,664,0.317574511819116,0.465361445783133,366,1047,0.259023354564756,0.349570200573066
STXBP5,160,725,0.180790960451977,0.220689655172414,361,1188,0.233053582956746,0.303872053872054,205,576,0.262483994878361,0.355902777777778,487,1226,0.284296555750146,0.397226753670473
SUCLA2,300,1964,0.132508833922261,0.152749490835031,68,782,0.08,0.0869565217391304,105,1431,0.068359375,0.0733752620545073,38,664,0.0541310541310541,0.0572289156626506
SUSD1,0,23,0,0,0,33,0,0,0,31,0,0,24,32,0.428571428571429,0.75
SVEP1,0,113,0,0,5,13,0.277777777777778,0.384615384615385,13,167,0.0722222222222222,0.0778443113772455,0,48,0,0
SWT1,60,76,0.441176470588235,0.789473684210526,81,83,0.49390243902439,0.975903614457831,42,124,0.253012048192771,0.338709677419355,90,195,0.31578947368421,0.461538461538462
SYCP2,9,23,0.28125,0.391304347826087,0,31,0,0,0,12,0,0,3,24,0.111111111111111,0.125
SYDE1,119,557,0.17603550295858,0.213644524236984,179,2046,0.0804494382022472,0.0874877810361681,48,485,0.0900562851782364,0.0989690721649484,199,2616,0.0706927175843694,0.0760703363914373
SYDE2,102,74,0.579545454545455,1.37837837837838,111,48,0.69811320754717,2.3125,90,68,0.569620253164557,1.32352941176471,72,60,0.545454545454545,1.2
SYK,0,302,0,0,37,167,0.181372549019608,0.221556886227545,20,387,0.0491400491400491,0.0516795865633075,10,149,0.0628930817610063,0.0671140939597315
SYN3,87,53,0.621428571428571,1.64150943396226,1,1,0.5,1,371,120,0.755600814663951,3.09166666666667,0,0,NA,NA
SYNCRIP,3654,8033,0.312655086848635,0.454873646209386,3116,7364,0.297328244274809,0.423139598044541,2893,5388,0.349353942760536,0.536933927245731,3170,5638,0.359900090826521,0.562256119191203
SYNE1,16,52,0.235294117647059,0.307692307692308,34,113,0.231292517006803,0.300884955752212,19,60,0.240506329113924,0.316666666666667,33,194,0.145374449339207,0.170103092783505
SYNE2,28,567,0.0470588235294118,0.0493827160493827,24,351,0.064,0.0683760683760684,86,902,0.0870445344129555,0.0953436807095344,20,539,0.035778175313059,0.0371057513914657
SYNE3,5,288,0.0170648464163823,0.0173611111111111,17,9,0.653846153846154,1.88888888888889,12,288,0.04,0.0416666666666667,0,40,0,0
SYNJ2,63,610,0.0936106983655275,0.10327868852459,85,379,0.183189655172414,0.224274406332454,78,449,0.148007590132827,0.173719376391982,39,591,0.0619047619047619,0.065989847715736
SYNJ2BP-COX16,558,2141,0.206743238236384,0.260625875758991,743,2280,0.245782335428382,0.325877192982456,676,2514,0.211912225705329,0.268894192521877,1153,3450,0.25048881164458,0.334202898550725
SYNPO,24,131,0.154838709677419,0.183206106870229,69,706,0.0890322580645161,0.0977337110481586,13,156,0.0769230769230769,0.0833333333333333,87,793,0.0988636363636364,0.109709962168979
SYT1,2,19,0.0952380952380952,0.105263157894737,14,288,0.0463576158940397,0.0486111111111111,7,45,0.134615384615385,0.155555555555556,31,182,0.145539906103286,0.17032967032967
SYT12,25,111,0.183823529411765,0.225225225225225,0,2,0,0,1,234,0.00425531914893617,0.00427350427350427,1,13,0.0714285714285714,0.0769230769230769
SYT14,0,49,0,0,0,147,0,0,9,7,0.5625,1.28571428571429,0,338,0,0
SYT5,0,17,0,0,0,19,0,0,0,23,0,0,1,6,0.142857142857143,0.166666666666667
TAB3,42,401,0.0948081264108352,0.104738154613466,68,445,0.132553606237817,0.152808988764045,31,384,0.0746987951807229,0.0807291666666667,65,465,0.122641509433962,0.139784946236559
TACR2,1,0,1,Inf,0,9,0,0,0,4,0,0,0,0,NA,NA
TAF1A,290,92,0.759162303664921,3.15217391304348,194,52,0.788617886178862,3.73076923076923,284,76,0.788888888888889,3.73684210526316,386,62,0.861607142857143,6.2258064516129
TAF1D,428,82,0.83921568627451,5.21951219512195,425,74,0.851703406813627,5.74324324324324,358,134,0.727642276422764,2.67164179104478,362,197,0.647584973166369,1.83756345177665
TAF2,114,2236,0.0485106382978723,0.0509838998211091,122,2010,0.0572232645403377,0.0606965174129353,107,2505,0.0409647779479326,0.0427145708582834,255,2485,0.0930656934306569,0.10261569416499
TAF5L,654,2728,0.19337670017741,0.239736070381232,444,3534,0.111613876319759,0.125636672325976,411,2086,0.164597517020425,0.197027804410355,282,3584,0.0729436109674082,0.0786830357142857
TAOK2,155,36,0.81151832460733,4.30555555555556,249,80,0.756838905775076,3.1125,206,87,0.703071672354949,2.36781609195402,648,185,0.777911164465786,3.5027027027027
TAOK3,1415,302,0.824111822947001,4.68543046357616,1629,392,0.806036615536863,4.15561224489796,1304,250,0.839124839124839,5.216,2175,245,0.898760330578512,8.87755102040816
TARBP1,214,2979,0.0670216097713749,0.071836186639812,150,1811,0.0764915859255482,0.082827167310878,141,2378,0.055974593092497,0.0592935239697225,268,1808,0.129094412331407,0.148230088495575
TATDN1,1037,3044,0.254104386179858,0.340670170827858,488,1906,0.203842940685046,0.256033578174187,632,2715,0.188825814161936,0.232780847145488,242,1922,0.111829944547135,0.125910509885536
TBC1D17,26,166,0.135416666666667,0.156626506024096,24,301,0.0738461538461539,0.079734219269103,10,349,0.0278551532033426,0.0286532951289398,19,661,0.0279411764705882,0.0287443267776097
TBC1D20,634,533,0.543273350471294,1.18949343339587,906,880,0.507278835386338,1.02954545454545,451,718,0.385799828913601,0.628133704735376,1492,2099,0.415483152325258,0.710814673654121
TBC1D22A,79,266,0.228985507246377,0.296992481203008,116,385,0.231536926147705,0.301298701298701,52,433,0.107216494845361,0.120092378752887,28,822,0.0329411764705882,0.0340632603406326
TBC1D30,76,156,0.327586206896552,0.487179487179487,20,68,0.227272727272727,0.294117647058824,74,225,0.247491638795987,0.328888888888889,20,35,0.363636363636364,0.571428571428571
TBC1D31,198,1056,0.157894736842105,0.1875,139,516,0.212213740458015,0.26937984496124,197,868,0.184976525821596,0.226958525345622,237,521,0.312664907651715,0.45489443378119
TBC1D32,26,123,0.174496644295302,0.211382113821138,14,161,0.08,0.0869565217391304,6,72,0.0769230769230769,0.0833333333333333,0,184,0,0
TBC1D3P1-DHX40P1,9,0,1,Inf,11,4,0.733333333333333,2.75,18,6,0.75,3,21,36,0.368421052631579,0.583333333333333
TBC1D7,36,222,0.13953488372093,0.162162162162162,26,265,0.0893470790378007,0.0981132075471698,26,108,0.194029850746269,0.240740740740741,1,257,0.00387596899224806,0.00389105058365759
TBC1D8B,20,66,0.232558139534884,0.303030303030303,22,190,0.10377358490566,0.115789473684211,10,61,0.140845070422535,0.163934426229508,43,172,0.2,0.25
TBCA,792,6346,0.1109554497058,0.124803025527892,585,4360,0.11830131445905,0.134174311926606,438,4753,0.0843768060104026,0.0921523248474648,2223,4092,0.352019002375297,0.543255131964809
TBCD,24,134,0.151898734177215,0.17910447761194,11,157,0.0654761904761905,0.0700636942675159,19,122,0.134751773049645,0.155737704918033,7,97,0.0673076923076923,0.0721649484536082
TBCEL,25,83,0.231481481481481,0.301204819277108,45,135,0.25,0.333333333333333,91,77,0.541666666666667,1.18181818181818,133,106,0.556485355648536,1.25471698113208
TCAF1,35,223,0.135658914728682,0.15695067264574,29,316,0.0840579710144927,0.0917721518987342,34,243,0.122743682310469,0.139917695473251,25,299,0.0771604938271605,0.0836120401337793
TCAIM,633,416,0.603431839847474,1.52163461538462,577,308,0.651977401129944,1.87337662337662,652,394,0.623326959847036,1.65482233502538,595,420,0.586206896551724,1.41666666666667
TCEA2,358,631,0.361981799797776,0.567353407290016,177,435,0.28921568627451,0.406896551724138,331,696,0.322297955209348,0.475574712643678,391,702,0.357731015553522,0.556980056980057
TCEA3,3,21,0.125,0.142857142857143,6,41,0.127659574468085,0.146341463414634,0,4,0,0,2,53,0.0363636363636364,0.0377358490566038
TCF3,1301,2273,0.364017907106883,0.572371315442147,1561,3087,0.335843373493976,0.505668934240363,1233,2750,0.309565654029626,0.448363636363636,1821,4179,0.3035,0.435750179468772
TCFL5,1086,1480,0.423226812159002,0.733783783783784,748,1724,0.302588996763754,0.433874709976798,928,1936,0.324022346368715,0.479338842975207,926,2144,0.301628664495114,0.431902985074627
TCOF1,1996,715,0.736259682773884,2.79160839160839,1300,523,0.713110257816785,2.48565965583174,1720,602,0.740740740740741,2.85714285714286,1640,692,0.703259005145798,2.36994219653179
TCP10L,7,0,1,Inf,0,3,0,0,0,8,0,0,0,30,0,0
TCTN1,69,599,0.103293413173653,0.115191986644407,92,777,0.105868814729574,0.118404118404118,80,801,0.0908059023836549,0.0998751560549313,295,1312,0.183571873055383,0.22484756097561
TDRD12,3,5,0.375,0.6,0,1,0,0,1,1,0.5,1,0,0,NA,NA
TDRD6,21,74,0.221052631578947,0.283783783783784,3,34,0.0810810810810811,0.0882352941176471,21,98,0.176470588235294,0.214285714285714,22,134,0.141025641025641,0.164179104477612
TDRKH,102,31,0.766917293233083,3.29032258064516,101,63,0.615853658536585,1.6031746031746,113,44,0.719745222929936,2.56818181818182,108,43,0.71523178807947,2.51162790697674
TDRP,193,1098,0.149496514329977,0.175774134790528,98,422,0.188461538461538,0.232227488151659,140,1041,0.118543607112616,0.134486071085495,137,597,0.186648501362398,0.229480737018425
TEC,0,5,0,0,0,2,0,0,0,7,0,0,1,0,1,Inf
TECPR1,27,203,0.117391304347826,0.133004926108374,45,474,0.0867052023121387,0.0949367088607595,23,249,0.0845588235294118,0.0923694779116466,29,445,0.0611814345991561,0.0651685393258427
TECPR2,85,521,0.14026402640264,0.163147792706334,71,770,0.084423305588585,0.0922077922077922,21,714,0.0285714285714286,0.0294117647058824,65,1248,0.0495049504950495,0.0520833333333333
TECTA,27,4,0.870967741935484,6.75,26,8,0.764705882352941,3.25,15,3,0.833333333333333,5,29,27,0.517857142857143,1.07407407407407
TENM1,12,212,0.0535714285714286,0.0566037735849057,0,72,0,0,39,482,0.0748560460652591,0.0809128630705394,14,154,0.0833333333333333,0.0909090909090909
TENM4,22,137,0.138364779874214,0.160583941605839,121,1103,0.0988562091503268,0.109700815956482,24,178,0.118811881188119,0.134831460674157,180,2071,0.0799644602398934,0.0869145340415258
TERF2,283,1301,0.178661616161616,0.217524980784012,279,1347,0.171586715867159,0.207126948775056,272,1813,0.130455635491607,0.150027578599007,287,1622,0.1503404924044,0.176942046855734
TET1,64,39,0.621359223300971,1.64102564102564,118,73,0.617801047120419,1.61643835616438,86,60,0.589041095890411,1.43333333333333,91,73,0.554878048780488,1.24657534246575
TET3,96,390,0.197530864197531,0.246153846153846,35,390,0.0823529411764706,0.0897435897435897,70,325,0.177215189873418,0.215384615384615,52,513,0.0920353982300885,0.101364522417154
TEX22,0,4,0,0,8,0,1,Inf,4,8,0.333333333333333,0.5,10,24,0.294117647058824,0.416666666666667
TEX9,21,16,0.567567567567568,1.3125,9,16,0.36,0.5625,16,5,0.761904761904762,3.2,32,13,0.711111111111111,2.46153846153846
TFAM,1235,797,0.607775590551181,1.5495608531995,576,458,0.55705996131528,1.25764192139738,647,535,0.547377326565144,1.20934579439252,1259,497,0.716970387243736,2.53319919517103
TFDP1,1986,5029,0.283107626514612,0.394909524756413,1253,4217,0.229067641681901,0.297130661607778,916,4883,0.157958268667012,0.187589596559492,1107,5703,0.162555066079295,0.194108364018937
TGFB1I1,62,643,0.0879432624113475,0.0964230171073095,168,3685,0.0436023877498053,0.0455902306648575,73,843,0.0796943231441048,0.0865954922894425,256,4930,0.0493636714230621,0.0519269776876268
TGM2,10,152,0.0617283950617284,0.0657894736842105,49,29906,0.00163578701385411,0.00163846719721795,17,50,0.253731343283582,0.34,82,48394,0.00169155870946448,0.00169442492871017
THADA,161,1433,0.101003764115433,0.11235170969993,115,1261,0.0835755813953488,0.091197462331483,159,1734,0.0839936608557845,0.0916955017301038,99,1753,0.0534557235421166,0.0564746149458072
THAP10,0,107,0,0,22,80,0.215686274509804,0.275,20,143,0.122699386503067,0.13986013986014,1,174,0.00571428571428571,0.00574712643678161
THAP2,119,112,0.515151515151515,1.0625,68,84,0.447368421052632,0.80952380952381,118,53,0.690058479532164,2.22641509433962,172,143,0.546031746031746,1.2027972027972
THBS4,22,15,0.594594594594595,1.46666666666667,26,16,0.619047619047619,1.625,10,0,1,Inf,33,7,0.825,4.71428571428571
THEM4,272,858,0.24070796460177,0.317016317016317,278,494,0.360103626943005,0.562753036437247,281,1070,0.2079940784604,0.262616822429907,482,415,0.537346711259755,1.16144578313253
THNSL2,21,109,0.161538461538462,0.192660550458716,25,186,0.118483412322275,0.134408602150538,20,233,0.0790513833992095,0.0858369098712446,7,370,0.0185676392572944,0.0189189189189189
THOC2,702,1231,0.36316606311433,0.570268074735987,654,1064,0.380675203725262,0.614661654135338,649,1113,0.3683314415437,0.583108715184187,822,1421,0.366473473027196,0.578465869106263
THRA,112,287,0.280701754385965,0.390243902439024,190,216,0.467980295566502,0.87962962962963,123,526,0.189522342064715,0.23384030418251,300,591,0.336700336700337,0.50761421319797
THRAP3,1999,4824,0.292979627729738,0.4143864013267,1681,5246,0.242673596073336,0.320434616850934,1644,5865,0.218937275269676,0.280306905370844,3937,5494,0.417453080267204,0.716599927193302
THUMPD3,109,604,0.152875175315568,0.18046357615894,216,294,0.423529411764706,0.73469387755102,146,394,0.27037037037037,0.370558375634518,207,493,0.295714285714286,0.419878296146045
TICAM2,21,212,0.0901287553648069,0.0990566037735849,28,804,0.0336538461538462,0.0348258706467662,41,211,0.162698412698413,0.194312796208531,61,822,0.0690826727066818,0.0742092457420925
TIGD6,84,77,0.521739130434783,1.09090909090909,107,59,0.644578313253012,1.8135593220339,78,79,0.496815286624204,0.987341772151899,144,102,0.585365853658537,1.41176470588235
TIRAP,29,346,0.0773333333333333,0.0838150289017341,69,408,0.144654088050314,0.169117647058824,17,337,0.0480225988700565,0.0504451038575668,72,403,0.151578947368421,0.178660049627792
TLE1,717,616,0.53788447111778,1.16396103896104,650,638,0.504658385093168,1.01880877742947,741,590,0.556724267468069,1.25593220338983,689,687,0.500726744186046,1.00291120815138
TLE6,32,25,0.56140350877193,1.28,60,17,0.779220779220779,3.52941176470588,60,14,0.810810810810811,4.28571428571429,9,22,0.290322580645161,0.409090909090909
TLL1,15,40,0.272727272727273,0.375,26,226,0.103174603174603,0.115044247787611,6,48,0.111111111111111,0.125,75,365,0.170454545454545,0.205479452054795
TLN2,0,86,0,0,16,32,0.333333333333333,0.5,5,98,0.0485436893203883,0.0510204081632653,58,158,0.268518518518519,0.367088607594937
TMC6,5,105,0.0454545454545455,0.0476190476190476,17,108,0.136,0.157407407407407,7,183,0.0368421052631579,0.0382513661202186,7,159,0.0421686746987952,0.0440251572327044
TMCC1,276,315,0.467005076142132,0.876190476190476,250,1111,0.183688464364438,0.225022502250225,407,314,0.564493758668516,1.29617834394904,292,2252,0.114779874213836,0.129662522202487
TMCO3,191,466,0.290715372907154,0.409871244635193,341,953,0.263523956723339,0.357817418677859,139,510,0.214175654853621,0.272549019607843,438,1729,0.202122750346101,0.253325621746674
TMCO4,288,320,0.473684210526316,0.9,171,285,0.375,0.6,176,469,0.272868217054264,0.375266524520256,130,313,0.293453724604966,0.415335463258786
TMED4,287,1730,0.142290530490828,0.165895953757225,336,1591,0.174364296834458,0.211187932118165,247,2026,0.108666959964804,0.121915103652517,368,2076,0.150572831423895,0.177263969171484
TMED6,5,4,0.555555555555556,1.25,24,0,1,Inf,0,0,NA,NA,10,10,0.5,1
TMED7-TICAM2,1932,212,0.901119402985075,9.11320754716981,2253,804,0.736997055937193,2.80223880597015,1572,211,0.881660123387549,7.45023696682464,2839,822,0.775471182736957,3.45377128953771
TMEM104,171,337,0.336614173228346,0.507418397626113,191,679,0.219540229885057,0.281296023564065,116,324,0.263636363636364,0.358024691358025,187,908,0.170776255707763,0.205947136563877
TMEM105,2,3,0.4,0.666666666666667,4,1,0.8,4,15,3,0.833333333333333,5,2,11,0.153846153846154,0.181818181818182
TMEM116,29,207,0.122881355932203,0.140096618357488,47,188,0.2,0.25,22,172,0.11340206185567,0.127906976744186,43,125,0.255952380952381,0.344
TMEM117,9,183,0.046875,0.0491803278688525,14,261,0.0509090909090909,0.053639846743295,22,181,0.108374384236453,0.121546961325967,32,522,0.0577617328519856,0.0613026819923372
TMEM126B,180,960,0.157894736842105,0.1875,120,851,0.123583934088568,0.141010575793184,56,926,0.0570264765784114,0.060475161987041,84,865,0.0885142255005269,0.0971098265895954
TMEM132B,0,0,NA,NA,2,1,0.666666666666667,2,0,2,0,0,43,19,0.693548387096774,2.26315789473684
TMEM144,44,164,0.211538461538462,0.268292682926829,17,79,0.177083333333333,0.215189873417722,13,147,0.08125,0.0884353741496599,20,46,0.303030303030303,0.434782608695652
TMEM14B,336,689,0.32780487804878,0.48766328011611,162,446,0.266447368421053,0.36322869955157,184,692,0.210045662100457,0.265895953757225,552,602,0.478336221837088,0.916943521594684
TMEM156,65,74,0.467625899280576,0.878378378378378,44,133,0.248587570621469,0.330827067669173,37,25,0.596774193548387,1.48,40,39,0.506329113924051,1.02564102564103
TMEM161B,204,34,0.857142857142857,6,120,46,0.72289156626506,2.60869565217391,263,55,0.827044025157233,4.78181818181818,294,9,0.97029702970297,32.6666666666667
TMEM169,0,0,NA,NA,0,0,NA,NA,3,2,0.6,1.5,0,22,0,0
TMEM182,19,42,0.311475409836066,0.452380952380952,11,47,0.189655172413793,0.234042553191489,6,28,0.176470588235294,0.214285714285714,20,52,0.277777777777778,0.384615384615385
TMEM189-UBE2V1,789,3966,0.165930599369085,0.198940998487141,1408,4870,0.224275246893915,0.28911704312115,1054,4160,0.202148062907557,0.253365384615385,2082,5834,0.263011622031329,0.356873500171409
TMEM201,819,218,0.789778206364513,3.75688073394495,684,247,0.73469387755102,2.76923076923077,572,296,0.658986175115207,1.93243243243243,849,172,0.831537708129285,4.93604651162791
TMEM209,212,1196,0.150568181818182,0.177257525083612,74,824,0.0824053452115813,0.0898058252427184,45,1079,0.0400355871886121,0.0417052826691381,75,873,0.0791139240506329,0.0859106529209622
TMEM217,2,18,0.1,0.111111111111111,0,37,0,0,2,25,0.0740740740740741,0.08,5,66,0.0704225352112676,0.0757575757575758
TMEM222,138,685,0.16767922235723,0.201459854014599,218,720,0.232409381663113,0.302777777777778,107,695,0.133416458852868,0.153956834532374,178,1426,0.110972568578554,0.124824684431978
TMEM241,25,119,0.173611111111111,0.210084033613445,16,105,0.132231404958678,0.152380952380952,14,118,0.106060606060606,0.11864406779661,13,105,0.110169491525424,0.123809523809524
TMEM254,70,332,0.174129353233831,0.210843373493976,82,483,0.145132743362832,0.169772256728778,95,526,0.152979066022544,0.180608365019011,53,690,0.0713324360699865,0.0768115942028986
TMEM260,10,217,0.0440528634361234,0.0460829493087558,32,276,0.103896103896104,0.115942028985507,35,268,0.115511551155116,0.130597014925373,0,435,0,0
TMEM266,0,1,0,0,0,7,0,0,0,0,NA,NA,4,1,0.8,4
TMEM38A,14,70,0.166666666666667,0.2,6,80,0.0697674418604651,0.075,14,161,0.08,0.0869565217391304,28,166,0.144329896907216,0.168674698795181
TMEM41B,683,653,0.51122754491018,1.04594180704441,1207,1363,0.469649805447471,0.885546588407924,617,683,0.474615384615385,0.903367496339678,1251,1902,0.396764985727878,0.657728706624606
TMEM44,4,52,0.0714285714285714,0.0769230769230769,4,83,0.0459770114942529,0.0481927710843374,4,42,0.0869565217391304,0.0952380952380952,9,209,0.0412844036697248,0.0430622009569378
TMEM63A,112,77,0.592592592592593,1.45454545454545,165,88,0.652173913043478,1.875,137,100,0.578059071729958,1.37,226,190,0.543269230769231,1.18947368421053
TMEM63C,34,344,0.0899470899470899,0.0988372093023256,61,227,0.211805555555556,0.268722466960352,4,795,0.00500625782227785,0.0050314465408805,41,549,0.0694915254237288,0.0746812386156648
TMEM68,121,1096,0.0994248151191454,0.110401459854015,122,854,0.125,0.142857142857143,133,1054,0.112047177759056,0.126185958254269,62,1114,0.0527210884353742,0.0556552962298025
TMEM8B,193,60,0.762845849802372,3.21666666666667,419,117,0.781716417910448,3.58119658119658,185,28,0.868544600938967,6.60714285714286,460,120,0.793103448275862,3.83333333333333
TMEM91,25,40,0.384615384615385,0.625,36,65,0.356435643564356,0.553846153846154,32,163,0.164102564102564,0.196319018404908,31,168,0.155778894472362,0.18452380952381
TMLHE,13,7,0.65,1.85714285714286,10,8,0.555555555555556,1.25,31,24,0.563636363636364,1.29166666666667,49,5,0.907407407407407,9.8
TMOD4,17,50,0.253731343283582,0.34,91,36,0.716535433070866,2.52777777777778,41,45,0.476744186046512,0.911111111111111,31,47,0.397435897435897,0.659574468085106
TMPO,3564,3461,0.507330960854093,1.02976018491765,2833,3759,0.429763349514563,0.7536578877361,2638,2692,0.494934333958724,0.979940564635958,1676,2339,0.417434620174346,0.716545532278752
TMPRSS4,0,2,0,0,0,0,NA,NA,10,44,0.185185185185185,0.227272727272727,0,0,NA,NA
TMTC4,130,796,0.140388768898488,0.163316582914573,94,900,0.0945674044265594,0.104444444444444,93,1010,0.0843155031731641,0.0920792079207921,134,1342,0.0907859078590786,0.0998509687034277
TNC,28,343,0.0754716981132075,0.0816326530612245,170,2247,0.0703351261894911,0.0756564307966177,11,254,0.0415094339622641,0.0433070866141732,162,3230,0.0477594339622642,0.0501547987616099
TNFRSF10C,11,90,0.108910891089109,0.122222222222222,31,55,0.36046511627907,0.563636363636364,31,86,0.264957264957265,0.36046511627907,78,67,0.537931034482759,1.16417910447761
TNFSF12-TNFSF13,89,337,0.208920187793427,0.264094955489614,301,304,0.497520661157025,0.990131578947368,123,590,0.172510518934081,0.208474576271186,351,410,0.461235216819974,0.85609756097561
TNIK,38,95,0.285714285714286,0.4,9,58,0.134328358208955,0.155172413793103,38,87,0.304,0.436781609195402,40,188,0.175438596491228,0.212765957446809
TNRC18,885,612,0.591182364729459,1.44607843137255,822,827,0.498483929654336,0.993954050785973,922,635,0.592164418754014,1.45196850393701,1083,1526,0.415101571483327,0.709698558322412
TNRC6C,35,108,0.244755244755245,0.324074074074074,14,161,0.08,0.0869565217391304,9,123,0.0681818181818182,0.0731707317073171,1,211,0.00471698113207547,0.004739336492891
TOGARAM1,39,205,0.15983606557377,0.190243902439024,37,234,0.136531365313653,0.158119658119658,43,240,0.151943462897526,0.179166666666667,13,615,0.0207006369426752,0.0211382113821138
TOM1L1,252,629,0.286038592508513,0.400635930047695,167,381,0.304744525547445,0.438320209973753,269,437,0.381019830028329,0.615560640732265,151,502,0.231240428790199,0.300796812749004
TOPBP1,135,867,0.134730538922156,0.155709342560554,82,843,0.0886486486486486,0.0972716488730724,66,894,0.06875,0.0738255033557047,565,954,0.371955233706386,0.592243186582809
TOR1AIP2,2330,2097,0.526315789473684,1.11111111111111,2803,2215,0.558589079314468,1.26546275395034,2533,2259,0.528589315525877,1.12129260734838,3492,2810,0.554109806410663,1.24270462633452
TP53I11,42,409,0.0931263858093126,0.102689486552567,140,1458,0.0876095118898623,0.0960219478737997,23,852,0.0262857142857143,0.0269953051643192,47,2467,0.0186953062848051,0.0190514795297933
TP53I3,425,2832,0.13048817930611,0.150070621468927,721,19240,0.0361204348479535,0.0374740124740125,260,4858,0.0508010941774131,0.0535199670646357,742,26120,0.0276226639863003,0.0284073506891271
TPK1,125,744,0.143843498273878,0.168010752688172,76,506,0.130584192439863,0.150197628458498,120,674,0.151133501259446,0.178041543026706,69,343,0.16747572815534,0.201166180758017
TPTEP1,145,55,0.725,2.63636363636364,185,59,0.758196721311475,3.13559322033898,124,64,0.659574468085106,1.9375,283,77,0.786111111111111,3.67532467532468
TRA2A,260,2258,0.103256552819698,0.115146147032772,375,2458,0.132368513942817,0.152563059397884,245,1962,0.111010421386498,0.124872579001019,1206,3929,0.234858812074002,0.306948332909137
TRABD2A,81,301,0.212041884816754,0.269102990033223,112,235,0.322766570605187,0.476595744680851,85,320,0.209876543209877,0.265625,81,224,0.265573770491803,0.361607142857143
TRABD2B,10,41,0.196078431372549,0.24390243902439,4,114,0.0338983050847458,0.0350877192982456,3,42,0.0666666666666667,0.0714285714285714,5,149,0.0324675324675325,0.0335570469798658
TRAF1,11,39,0.22,0.282051282051282,17,66,0.204819277108434,0.257575757575758,14,55,0.202898550724638,0.254545454545455,11,145,0.0705128205128205,0.0758620689655172
TRAK1,543,720,0.429928741092637,0.754166666666667,614,821,0.42787456445993,0.747868453105968,442,672,0.396768402154399,0.657738095238095,478,1005,0.322319622387053,0.475621890547264
TRAPPC10,101,152,0.399209486166008,0.664473684210526,262,245,0.516765285996055,1.06938775510204,88,148,0.372881355932203,0.594594594594595,122,279,0.304239401496259,0.437275985663082
TRAPPC13,148,530,0.218289085545723,0.279245283018868,170,439,0.279146141215107,0.387243735763098,152,361,0.296296296296296,0.421052631578947,229,405,0.361198738170347,0.565432098765432
TRAPPC6A,62,172,0.264957264957265,0.36046511627907,109,449,0.195340501792115,0.242761692650334,50,336,0.129533678756477,0.148809523809524,121,1159,0.09453125,0.104400345125108
TRDMT1,21,68,0.235955056179775,0.308823529411765,8,31,0.205128205128205,0.258064516129032,17,71,0.193181818181818,0.23943661971831,32,24,0.571428571428571,1.33333333333333
TREM1,46,25,0.647887323943662,1.84,83,146,0.362445414847162,0.568493150684932,310,388,0.444126074498567,0.798969072164949,209,371,0.360344827586207,0.563342318059299
TRIB2,193,1193,0.139249639249639,0.161777032690696,58,494,0.105072463768116,0.117408906882591,183,1633,0.100770925110132,0.112063686466626,83,869,0.0871848739495798,0.095512082853855
TRIM16L,88,622,0.123943661971831,0.141479099678457,111,1246,0.081798084008843,0.0890850722311397,172,1195,0.125822970007315,0.143933054393305,165,1186,0.122131754256107,0.139123102866779
TRIM46,0,6,0,0,0,53,0,0,0,7,0,0,13,8,0.619047619047619,1.625
TRIM6-TRIM34,54,95,0.36241610738255,0.568421052631579,123,111,0.525641025641026,1.10810810810811,75,210,0.263157894736842,0.357142857142857,185,253,0.422374429223744,0.731225296442688
TRIM66,16,164,0.0888888888888889,0.0975609756097561,16,217,0.0686695278969957,0.0737327188940092,18,276,0.0612244897959184,0.0652173913043478,15,233,0.0604838709677419,0.0643776824034335
TRIM7,3903,513,0.88383152173913,7.60818713450292,2335,535,0.813588850174216,4.36448598130841,3621,709,0.836258660508083,5.10719322990127,1668,564,0.747311827956989,2.95744680851064
TRIM9,9,6,0.6,1.5,22,36,0.379310344827586,0.611111111111111,8,31,0.205128205128205,0.258064516129032,4,87,0.043956043956044,0.0459770114942529
TRIO,75,1189,0.0593354430379747,0.0630782169890664,189,3094,0.0575692963752665,0.0610859728506787,62,1047,0.0559062218214608,0.0592168099331423,244,3682,0.0621497707590423,0.0662683324280283
TRIOBP,1030,517,0.665804783451842,1.99226305609284,1139,1654,0.4078052273541,0.68863361547763,610,615,0.497959183673469,0.991869918699187,580,1297,0.309003729355354,0.447185813415574
TRIP11,46,713,0.0606060606060606,0.0645161290322581,44,788,0.0528846153846154,0.0558375634517767,84,501,0.143589743589744,0.167664670658683,107,654,0.140604467805519,0.163608562691131
TRMT1,116,746,0.134570765661253,0.155495978552279,158,576,0.215258855585831,0.274305555555556,123,917,0.118269230769231,0.134133042529989,103,1246,0.0763528539659007,0.0826645264847512
TRMT10A,32,119,0.211920529801325,0.26890756302521,28,107,0.207407407407407,0.261682242990654,15,169,0.0815217391304348,0.0887573964497041,27,98,0.216,0.275510204081633
TRMT10B,11,55,0.166666666666667,0.2,21,24,0.466666666666667,0.875,9,60,0.130434782608696,0.15,21,89,0.190909090909091,0.235955056179775
TRMT13,30,270,0.1,0.111111111111111,33,204,0.139240506329114,0.161764705882353,11,161,0.063953488372093,0.0683229813664596,63,233,0.212837837837838,0.270386266094421
TRMT44,34,145,0.189944134078212,0.23448275862069,9,94,0.087378640776699,0.0957446808510638,28,200,0.12280701754386,0.14,30,163,0.155440414507772,0.184049079754601
TRMU,24,93,0.205128205128205,0.258064516129032,16,76,0.173913043478261,0.210526315789474,45,90,0.333333333333333,0.5,68,132,0.34,0.515151515151515
TRNT1,109,304,0.263922518159806,0.358552631578947,107,282,0.275064267352185,0.379432624113475,79,299,0.208994708994709,0.264214046822742,77,399,0.161764705882353,0.192982456140351
TROAP,320,623,0.339342523860021,0.513643659711075,377,1030,0.267945984363895,0.366019417475728,226,1083,0.172650878533231,0.208679593721145,299,1016,0.227376425855513,0.294291338582677
TROVE2,2447,1234,0.664765009508286,1.98298217179903,2417,1349,0.641795007966012,1.79169755374351,1746,990,0.638157894736842,1.76363636363636,7175,1674,0.810826082043169,4.28614097968937
TRPM4,80,302,0.209424083769634,0.264900662251656,60,653,0.0841514726507714,0.0918836140888208,97,336,0.224018475750577,0.288690476190476,100,956,0.0946969696969697,0.104602510460251
TRPV1,276,22,0.926174496644295,12.5454545454545,202,50,0.801587301587302,4.04,263,30,0.897610921501707,8.76666666666667,353,101,0.777533039647577,3.4950495049505
TRPV4,7,54,0.114754098360656,0.12962962962963,4,75,0.0506329113924051,0.0533333333333333,6,88,0.0638297872340425,0.0681818181818182,31,245,0.11231884057971,0.126530612244898
TSC1,144,304,0.321428571428571,0.473684210526316,104,457,0.185383244206774,0.227571115973742,141,278,0.336515513126492,0.507194244604317,50,666,0.0698324022346369,0.0750750750750751
TSEN2,576,443,0.565260058881256,1.30022573363431,287,282,0.504393673110721,1.0177304964539,524,424,0.552742616033755,1.23584905660377,388,373,0.509855453350854,1.0402144772118
TSHZ2,24,26,0.48,0.923076923076923,14,27,0.341463414634146,0.518518518518518,37,48,0.435294117647059,0.770833333333333,10,28,0.263157894736842,0.357142857142857
TSPAN10,6,24,0.2,0.25,10,74,0.119047619047619,0.135135135135135,8,99,0.0747663551401869,0.0808080808080808,9,199,0.0432692307692308,0.0452261306532663
TSPAN12,0,0,NA,NA,19,4,0.826086956521739,4.75,0,0,NA,NA,8,10,0.444444444444444,0.8
TSPAN14,146,981,0.129547471162378,0.148827726809378,63,836,0.0700778642936596,0.0753588516746412,188,1274,0.12859097127223,0.14756671899529,45,1195,0.0362903225806452,0.0376569037656904
TSTD3,23,114,0.167883211678832,0.201754385964912,9,35,0.204545454545455,0.257142857142857,22,48,0.314285714285714,0.458333333333333,29,96,0.232,0.302083333333333
TTBK2,27,256,0.0954063604240283,0.10546875,36,363,0.0902255639097744,0.0991735537190083,20,364,0.0520833333333333,0.0549450549450549,10,629,0.0156494522691706,0.0158982511923688
TTC13,50,473,0.0956022944550669,0.105708245243129,21,262,0.0742049469964664,0.0801526717557252,43,430,0.0909090909090909,0.1,15,280,0.0508474576271186,0.0535714285714286
TTC14,1482,246,0.857638888888889,6.02439024390244,1311,238,0.8463524854745,5.50840336134454,1354,223,0.85859226379201,6.07174887892377,2049,444,0.821901323706378,4.61486486486486
TTC17,550,1042,0.345477386934673,0.527831094049904,449,1461,0.235078534031414,0.307323750855578,611,1540,0.284053928405393,0.396753246753247,366,2132,0.146517213771017,0.171669793621013
TTC21A,15,1,0.9375,15,0,19,0,0,12,17,0.413793103448276,0.705882352941177,1,24,0.04,0.0416666666666667
TTC25,13,24,0.351351351351351,0.541666666666667,15,19,0.441176470588235,0.789473684210526,15,7,0.681818181818182,2.14285714285714,5,38,0.116279069767442,0.131578947368421
TTC26,9,170,0.0502793296089385,0.0529411764705882,36,158,0.185567010309278,0.227848101265823,15,143,0.0949367088607595,0.104895104895105,29,216,0.118367346938776,0.134259259259259
TTC39A,0,3,0,0,0,0,NA,NA,0,2,0,0,1,0,1,Inf
TTC39B,49,164,0.230046948356808,0.298780487804878,48,56,0.461538461538462,0.857142857142857,19,131,0.126666666666667,0.145038167938931,8,71,0.10126582278481,0.112676056338028
TTC39C,486,332,0.594132029339853,1.46385542168675,255,217,0.540254237288136,1.17511520737327,435,357,0.549242424242424,1.21848739495798,284,315,0.474123539232053,0.901587301587302
TTC41P,4,15,0.210526315789474,0.266666666666667,6,2,0.75,3,0,0,NA,NA,17,3,0.85,5.66666666666667
TTLL11,89,262,0.253561253561254,0.33969465648855,76,999,0.0706976744186047,0.0760760760760761,105,170,0.381818181818182,0.61764705882353,40,1007,0.0382043935052531,0.0397219463753724
TTLL13P,7,15,0.318181818181818,0.466666666666667,2,0,1,Inf,8,0,1,Inf,2,0,1,Inf
TTLL3,13,26,0.333333333333333,0.5,57,32,0.640449438202247,1.78125,48,39,0.551724137931034,1.23076923076923,85,144,0.37117903930131,0.590277777777778
TTLL4,38,475,0.0740740740740741,0.08,49,440,0.100204498977505,0.111363636363636,72,592,0.108433734939759,0.121621621621622,35,776,0.0431565967940814,0.0451030927835052
TTLL7,0,9,0,0,17,21,0.447368421052632,0.80952380952381,4,22,0.153846153846154,0.181818181818182,5,36,0.121951219512195,0.138888888888889
TUBE1,493,166,0.748103186646434,2.96987951807229,179,46,0.795555555555556,3.89130434782609,374,229,0.620232172470978,1.63318777292576,163,145,0.529220779220779,1.12413793103448
TUSC3,544,1984,0.215189873417722,0.274193548387097,683,3174,0.177080632616023,0.21518588531821,470,1841,0.203375162267417,0.255296034763715,799,3058,0.207155820585948,0.261281883584042
TVP23C,6,25,0.193548387096774,0.24,12,34,0.260869565217391,0.352941176470588,0,15,0,0,0,84,0,0
TVP23C-CDRT4,25,114,0.179856115107914,0.219298245614035,34,360,0.0862944162436548,0.0944444444444444,15,79,0.159574468085106,0.189873417721519,84,320,0.207920792079208,0.2625
TWIST1,699,170,0.804372842347526,4.11176470588235,412,70,0.854771784232365,5.88571428571429,586,223,0.724351050679852,2.62780269058296,810,169,0.827374872318693,4.79289940828402
TXNDC12,1220,4141,0.227569483305353,0.294614827336392,970,4404,0.18049869743208,0.220254314259764,1070,3992,0.211378901619913,0.268036072144289,961,6206,0.134086786661086,0.154850145020947
TXNL4B,134,683,0.164014687882497,0.196193265007321,139,472,0.227495908346972,0.294491525423729,59,516,0.102608695652174,0.114341085271318,113,476,0.191850594227504,0.237394957983193
TXNRD1,957,1217,0.440202391904324,0.786359901396878,904,1065,0.459116302691722,0.848826291079812,1281,586,0.686127477236208,2.18600682593857,1942,1152,0.627666451195863,1.68576388888889
TXNRD2,268,273,0.495378927911275,0.981684981684982,125,350,0.263157894736842,0.357142857142857,93,579,0.138392857142857,0.160621761658031,119,492,0.194762684124386,0.241869918699187
U2AF1,5,1,0.833333333333333,5,0,0,NA,NA,0,0,NA,NA,0,1,0,0
U2AF1L5,5,1,0.833333333333333,5,0,0,NA,NA,0,0,NA,NA,0,1,0,0
UBE2D4,179,212,0.457800511508951,0.844339622641509,64,376,0.145454545454545,0.170212765957447,104,277,0.272965879265092,0.375451263537906,47,461,0.0925196850393701,0.101952277657267
UBE2O,78,782,0.0906976744186047,0.0997442455242967,42,711,0.0557768924302789,0.0590717299578059,58,775,0.0696278511404562,0.0748387096774194,55,716,0.0713359273670558,0.0768156424581006
UBE3B,183,1127,0.13969465648855,0.162377994676131,130,1393,0.0853578463558766,0.0933237616654702,159,1302,0.108829568788501,0.122119815668203,184,1868,0.0896686159844055,0.0985010706638116
UBE3C,276,1568,0.149674620390456,0.176020408163265,491,2086,0.190531625921614,0.235378715244487,477,1490,0.242501270971022,0.32013422818792,961,2354,0.289894419306184,0.408241291418862
UBN2,3,97,0.03,0.0309278350515464,78,154,0.336206896551724,0.506493506493506,19,98,0.162393162393162,0.193877551020408,42,314,0.117977528089888,0.133757961783439
UCP3,2,3,0.4,0.666666666666667,0,10,0,0,0,6,0,0,0,19,0,0
UEVLD,49,395,0.11036036036036,0.124050632911392,73,1037,0.0657657657657658,0.0703953712632594,66,556,0.106109324758842,0.118705035971223,31,991,0.0303326810176125,0.0312815338042381
UGGT2,223,827,0.212380952380952,0.269649334945586,171,1387,0.109756097560976,0.123287671232877,167,789,0.174686192468619,0.211660329531052,430,1918,0.183134582623509,0.224191866527633
UHRF1BP1L,145,386,0.273069679849341,0.375647668393782,97,245,0.283625730994152,0.395918367346939,161,355,0.312015503875969,0.453521126760563,321,317,0.503134796238245,1.01261829652997
UIMC1,134,1362,0.089572192513369,0.0983847283406755,114,1455,0.0726577437858509,0.0783505154639175,83,1384,0.0565780504430811,0.059971098265896,102,1592,0.0602125147579693,0.064070351758794
ULK2,125,66,0.654450261780105,1.89393939393939,279,198,0.584905660377358,1.40909090909091,72,142,0.336448598130841,0.507042253521127,312,198,0.611764705882353,1.57575757575758
ULK4,54,20,0.72972972972973,2.7,78,21,0.787878787878788,3.71428571428571,22,18,0.55,1.22222222222222,86,6,0.934782608695652,14.3333333333333
UMAD1,35,318,0.0991501416430595,0.110062893081761,24,309,0.0720720720720721,0.0776699029126214,19,336,0.0535211267605634,0.056547619047619,68,524,0.114864864864865,0.129770992366412
UNC13A,7,13,0.35,0.538461538461538,0,2,0,0,3,20,0.130434782608696,0.15,0,0,NA,NA
UNC5A,0,29,0,0,6,30,0.166666666666667,0.2,12,25,0.324324324324324,0.48,25,39,0.390625,0.641025641025641
UNC5C,0,0,NA,NA,0,15,0,0,1,1,0.5,1,3,139,0.0211267605633803,0.0215827338129496
UNK,40,261,0.132890365448505,0.153256704980843,100,389,0.204498977505112,0.25706940874036,67,420,0.137577002053388,0.15952380952381,175,776,0.184016824395373,0.225515463917526
UNKL,81,432,0.157894736842105,0.1875,19,589,0.03125,0.032258064516129,27,391,0.0645933014354067,0.0690537084398977,14,698,0.0196629213483146,0.0200573065902579
UPF3A,111,1261,0.0809037900874636,0.0880253766851705,110,1555,0.0660660660660661,0.0707395498392283,58,1141,0.0483736447039199,0.0508326029798422,204,1749,0.104454685099846,0.11663807890223
UPK3B,0,2,0,0,1,2,0.333333333333333,0.5,4,1,0.8,4,3,2,0.6,1.5
UQCC1,404,1128,0.263707571801567,0.358156028368794,220,929,0.191470844212359,0.236813778256189,493,1036,0.322432962720733,0.475868725868726,360,1780,0.168224299065421,0.202247191011236
USP15,294,1550,0.15943600867679,0.189677419354839,284,922,0.235489220563847,0.308026030368764,210,1105,0.159695817490494,0.190045248868778,203,963,0.17409948542024,0.21079958463136
USP19,303,2452,0.109981851179673,0.123572593800979,230,1807,0.112911143838979,0.127282789153293,244,1829,0.117703810902074,0.133406232914161,333,2004,0.142490372272144,0.166167664670659
USP31,209,513,0.289473684210526,0.407407407407407,268,534,0.334164588528678,0.50187265917603,241,489,0.33013698630137,0.492842535787321,301,709,0.298019801980198,0.424541607898449
USP45,299,64,0.823691460055096,4.671875,267,67,0.79940119760479,3.98507462686567,260,42,0.860927152317881,6.19047619047619,323,92,0.778313253012048,3.51086956521739
USP48,205,974,0.173876166242578,0.21047227926078,117,1247,0.0857771260997067,0.0938251804330393,128,1480,0.0796019900497512,0.0864864864864865,107,1621,0.0619212962962963,0.0660086366440469
USP6NL,133,66,0.668341708542714,2.01515151515152,94,118,0.443396226415094,0.796610169491525,97,113,0.461904761904762,0.858407079646018,143,126,0.531598513011152,1.13492063492063
UVSSA,2,130,0.0151515151515152,0.0153846153846154,30,226,0.1171875,0.132743362831858,19,117,0.139705882352941,0.162393162393162,0,187,0,0
VAC14,10,217,0.0440528634361234,0.0460829493087558,22,267,0.0761245674740484,0.0823970037453183,21,235,0.08203125,0.0893617021276596,48,378,0.112676056338028,0.126984126984127
VAMP4,238,340,0.411764705882353,0.7,484,550,0.468085106382979,0.88,191,352,0.351749539594843,0.542613636363636,384,567,0.40378548895899,0.677248677248677
VANGL1,268,381,0.412942989214176,0.703412073490814,274,794,0.256554307116105,0.345088161209068,206,512,0.286908077994429,0.40234375,210,990,0.175,0.212121212121212
VASH2,5,21,0.192307692307692,0.238095238095238,0,53,0,0,0,5,0,0,5,137,0.0352112676056338,0.0364963503649635
VAT1L,19,217,0.0805084745762712,0.0875576036866359,8,152,0.05,0.0526315789473684,12,200,0.0566037735849057,0.06,13,136,0.087248322147651,0.0955882352941176
VEGFD,2,6,0.25,0.333333333333333,3,10,0.230769230769231,0.3,19,4,0.826086956521739,4.75,10,0,1,Inf
VEPH1,7,10,0.411764705882353,0.7,0,25,0,0,6,0,1,Inf,11,0,1,Inf
VIPR1,0,0,NA,NA,5,11,0.3125,0.454545454545455,5,0,1,Inf,5,59,0.078125,0.0847457627118644
VPS13A,188,327,0.36504854368932,0.574923547400612,187,411,0.312709030100334,0.454987834549878,159,316,0.334736842105263,0.503164556962025,129,519,0.199074074074074,0.248554913294798
VPS33A,84,248,0.253012048192771,0.338709677419355,66,396,0.142857142857143,0.166666666666667,83,332,0.2,0.25,53,458,0.103718199608611,0.115720524017467
VPS37A,108,403,0.211350293542074,0.267990074441687,142,457,0.237061769616027,0.310722100656455,125,378,0.248508946322068,0.330687830687831,92,751,0.109134045077106,0.122503328894807
VPS50,75,531,0.123762376237624,0.141242937853107,161,567,0.221153846153846,0.283950617283951,128,519,0.197836166924266,0.246628131021195,48,760,0.0594059405940594,0.0631578947368421
VPS53,122,292,0.294685990338164,0.417808219178082,92,435,0.174573055028463,0.211494252873563,73,420,0.148073022312373,0.173809523809524,128,567,0.184172661870504,0.225749559082892
VRK3,190,260,0.422222222222222,0.730769230769231,222,301,0.424474187380497,0.737541528239203,239,424,0.360482654600302,0.563679245283019,468,424,0.524663677130045,1.10377358490566
VSIG10,46,98,0.319444444444444,0.469387755102041,151,198,0.432664756446991,0.762626262626263,105,122,0.462555066079295,0.860655737704918,59,386,0.132584269662921,0.152849740932642
VTI1A,96,299,0.243037974683544,0.321070234113712,96,428,0.183206106870229,0.224299065420561,70,307,0.185676392572944,0.228013029315961,60,529,0.101867572156197,0.113421550094518
VWA5A,95,59,0.616883116883117,1.61016949152542,86,62,0.581081081081081,1.38709677419355,50,114,0.304878048780488,0.43859649122807,169,181,0.482857142857143,0.933701657458563
VWA8,470,825,0.362934362934363,0.56969696969697,224,489,0.314165497896213,0.458077709611452,368,822,0.309243697478992,0.447688564476886,142,459,0.236272878535774,0.309368191721133
WARS2,22,382,0.0544554455445545,0.0575916230366492,48,246,0.163265306122449,0.195121951219512,37,515,0.0670289855072464,0.0718446601941748,55,406,0.119305856832972,0.135467980295567
WASHC2C,16,263,0.0573476702508961,0.0608365019011407,43,338,0.112860892388451,0.127218934911243,54,380,0.124423963133641,0.142105263157895,45,426,0.0955414012738854,0.105633802816901
WBP4,182,651,0.218487394957983,0.279569892473118,148,786,0.158458244111349,0.188295165394402,125,492,0.20259319286872,0.254065040650407,405,844,0.324259407526021,0.479857819905213
WDFY1,52,177,0.22707423580786,0.293785310734463,141,186,0.431192660550459,0.758064516129032,65,169,0.277777777777778,0.384615384615385,122,324,0.273542600896861,0.376543209876543
WDPCP,5,19,0.208333333333333,0.263157894736842,28,52,0.35,0.538461538461538,29,33,0.467741935483871,0.878787878787879,5,10,0.333333333333333,0.5
WDR20,412,182,0.693602693602694,2.26373626373626,482,299,0.617157490396927,1.61204013377926,464,199,0.699849170437406,2.33165829145729,782,441,0.639411283728536,1.77324263038549
WDR27,474,164,0.74294670846395,2.89024390243902,308,111,0.73508353221957,2.77477477477477,701,207,0.772026431718062,3.38647342995169,386,248,0.608832807570978,1.55645161290323
WDR31,22,14,0.611111111111111,1.57142857142857,11,19,0.366666666666667,0.578947368421053,0,28,0,0,11,62,0.150684931506849,0.17741935483871
WDR33,1591,666,0.704918032786885,2.38888888888889,1478,809,0.646261477918671,1.82694684796044,1355,760,0.640661938534279,1.78289473684211,2122,918,0.698026315789474,2.31154684095861
WDR37,30,386,0.0721153846153846,0.077720207253886,100,684,0.127551020408163,0.146198830409357,39,409,0.0870535714285714,0.0953545232273839,170,738,0.187224669603524,0.230352303523035
WDR53,111,394,0.21980198019802,0.281725888324873,94,338,0.217592592592593,0.27810650887574,103,297,0.2575,0.346801346801347,121,411,0.227443609022556,0.294403892944039
WDR59,121,1408,0.079136690647482,0.0859375,101,1197,0.0778120184899846,0.0843776106934002,186,1863,0.0907759882869693,0.0998389694041868,69,1663,0.039838337182448,0.0414912808177992
WDR62,0,101,0,0,24,137,0.149068322981366,0.175182481751825,8,99,0.0747663551401869,0.0808080808080808,0,207,0,0
WDR63,2,17,0.105263157894737,0.117647058823529,0,0,NA,NA,0,25,0,0,3,33,0.0833333333333333,0.0909090909090909
WDR66,143,59,0.707920792079208,2.42372881355932,357,51,0.875,7,52,62,0.456140350877193,0.838709677419355,334,56,0.856410256410256,5.96428571428571
WDR70,37,174,0.175355450236967,0.21264367816092,13,189,0.0643564356435644,0.0687830687830688,65,237,0.21523178807947,0.274261603375527,44,254,0.147651006711409,0.173228346456693
WDR78,17,18,0.485714285714286,0.944444444444444,2,15,0.117647058823529,0.133333333333333,24,22,0.521739130434783,1.09090909090909,14,54,0.205882352941176,0.259259259259259
WDSUB1,14,238,0.0555555555555556,0.0588235294117647,53,120,0.30635838150289,0.441666666666667,8,186,0.0412371134020619,0.043010752688172,7,91,0.0714285714285714,0.0769230769230769
WFS1,66,181,0.267206477732794,0.364640883977901,29,438,0.0620985010706638,0.0662100456621005,35,221,0.13671875,0.158371040723982,18,464,0.037344398340249,0.0387931034482759
WHRN,53,19,0.736111111111111,2.78947368421053,8,13,0.380952380952381,0.615384615384615,15,57,0.208333333333333,0.263157894736842,16,66,0.195121951219512,0.242424242424242
WLS,2649,739,0.781877213695396,3.58457374830853,2708,864,0.758118701007839,3.13425925925926,1921,900,0.680964197093229,2.13444444444444,2884,942,0.753789858860429,3.06157112526539
WNK3,0,0,NA,NA,1,0,1,Inf,0,0,NA,NA,0,15,0,0
WNT2B,0,9,0,0,7,5,0.583333333333333,1.4,3,2,0.6,1.5,8,16,0.333333333333333,0.5
WNT4,1,0,1,Inf,0,0,NA,NA,0,12,0,0,2,26,0.0714285714285714,0.0769230769230769
WSCD1,0,5,0,0,0,0,NA,NA,8,0,1,Inf,0,8,0,0
WTAP,3590,5459,0.396728920322688,0.657629602491299,2982,4149,0.41817416912074,0.718727404193782,2887,4131,0.411370760900541,0.698862260953764,3631,5086,0.416542388436389,0.713920566260322
WWOX,19,141,0.11875,0.134751773049645,42,145,0.224598930481283,0.289655172413793,40,193,0.171673819742489,0.207253886010363,71,175,0.288617886178862,0.405714285714286
WWP2,83,1092,0.0706382978723404,0.076007326007326,101,1285,0.0728715728715729,0.0785992217898833,67,1365,0.0467877094972067,0.0490842490842491,109,1926,0.0535626535626536,0.0565939771547248
XK,31,61,0.33695652173913,0.508196721311475,15,25,0.375,0.6,24,52,0.31578947368421,0.461538461538462,3,49,0.0576923076923077,0.0612244897959184
XKR9,0,6,0,0,0,0,NA,NA,6,7,0.461538461538462,0.857142857142857,2,5,0.285714285714286,0.4
XPNPEP3,209,830,0.201154956689124,0.251807228915663,173,557,0.236986301369863,0.310592459605027,266,626,0.298206278026906,0.424920127795527,375,419,0.472292191435768,0.894988066825776
XPO5,411,2529,0.139795918367347,0.162514827995255,392,1722,0.185430463576159,0.227642276422764,645,2045,0.239776951672862,0.315403422982885,620,2130,0.225454545454545,0.291079812206573
XRCC3,115,243,0.32122905027933,0.473251028806584,54,368,0.127962085308057,0.146739130434783,97,355,0.214601769911504,0.273239436619718,33,254,0.114982578397213,0.12992125984252
XRCC4,60,622,0.0879765395894428,0.0964630225080386,40,723,0.0524246395806029,0.0553250345781466,48,774,0.0583941605839416,0.062015503875969,36,572,0.0592105263157895,0.0629370629370629
XYLT1,0,6,0,0,4,86,0.0444444444444444,0.0465116279069767,1,0,1,Inf,0,147,0,0
YAF2,501,314,0.614723926380368,1.59554140127389,499,375,0.570938215102975,1.33066666666667,487,248,0.662585034013605,1.96370967741935,609,356,0.631088082901554,1.71067415730337
YBEY,97,72,0.57396449704142,1.34722222222222,95,106,0.472636815920398,0.89622641509434,122,131,0.482213438735178,0.931297709923664,310,312,0.498392282958199,0.993589743589744
YES1,141,2569,0.052029520295203,0.0548851693265862,231,2462,0.0857779428147048,0.0938261575954508,123,2132,0.0545454545454545,0.0576923076923077,277,2918,0.086697965571205,0.0949280328992461
YLPM1,133,463,0.223154362416107,0.287257019438445,168,583,0.2237017310253,0.288164665523156,98,559,0.149162861491629,0.175313059033989,138,734,0.158256880733945,0.188010899182561
ZBED8,4,66,0.0571428571428571,0.0606060606060606,26,81,0.242990654205607,0.320987654320988,15,34,0.306122448979592,0.441176470588235,12,57,0.173913043478261,0.210526315789474
ZBTB1,407,114,0.781190019193858,3.57017543859649,585,333,0.637254901960784,1.75675675675676,386,192,0.667820069204152,2.01041666666667,642,428,0.6,1.5
ZBTB20,17,53,0.242857142857143,0.320754716981132,27,102,0.209302325581395,0.264705882352941,1,107,0.00925925925925926,0.00934579439252336,16,387,0.0397022332506203,0.041343669250646
ZBTB24,86,452,0.159851301115242,0.190265486725664,57,412,0.121535181236674,0.138349514563107,76,422,0.152610441767068,0.180094786729858,41,448,0.0838445807770961,0.0915178571428571
ZBTB25,214,159,0.57372654155496,1.34591194968553,156,108,0.590909090909091,1.44444444444444,202,132,0.604790419161677,1.53030303030303,181,108,0.626297577854671,1.67592592592593
ZBTB44,349,1734,0.167546807489198,0.201268742791234,339,1608,0.174114021571649,0.210820895522388,269,1551,0.147802197802198,0.173436492585429,371,2547,0.127141877998629,0.145661562622693
ZBTB46,11,3,0.785714285714286,3.66666666666667,36,23,0.610169491525424,1.56521739130435,7,4,0.636363636363636,1.75,42,138,0.233333333333333,0.304347826086957
ZBTB7B,158,1248,0.112375533428165,0.126602564102564,85,1041,0.0754884547069272,0.0816522574447646,113,1778,0.0597567424643046,0.0635545556805399,150,1865,0.0744416873449131,0.0804289544235925
ZC3H6,44,86,0.338461538461538,0.511627906976744,26,114,0.185714285714286,0.228070175438596,34,161,0.174358974358974,0.211180124223602,10,104,0.087719298245614,0.0961538461538462
ZC3HAV1,525,1289,0.28941565600882,0.407292474786656,344,2233,0.13348855258052,0.154052843708016,660,1289,0.338635197537199,0.512024825446082,410,2224,0.155656795747912,0.184352517985612
ZCCHC10,530,491,0.519098922624878,1.07942973523422,862,647,0.571239231278993,1.3323029366306,583,569,0.506076388888889,1.02460456942004,609,1176,0.341176470588235,0.517857142857143
ZCCHC11,74,369,0.167042889390519,0.200542005420054,194,726,0.210869565217391,0.267217630853994,63,282,0.182608695652174,0.223404255319149,322,969,0.249419054996127,0.332301341589267
ZCCHC14,237,861,0.215846994535519,0.275261324041812,464,1882,0.197783461210571,0.246546227417641,278,850,0.24645390070922,0.327058823529412,462,2568,0.152475247524752,0.179906542056075
ZCCHC4,37,166,0.182266009852217,0.22289156626506,16,131,0.108843537414966,0.122137404580153,11,121,0.0833333333333333,0.0909090909090909,20,159,0.111731843575419,0.125786163522013
ZCCHC6,472,877,0.349888806523351,0.538198403648803,749,1111,0.402688172043011,0.674167416741674,478,915,0.343144292893037,0.522404371584699,1785,1991,0.472722457627119,0.896534404821698
ZCCHC7,72,429,0.143712574850299,0.167832167832168,113,236,0.32378223495702,0.478813559322034,107,378,0.220618556701031,0.283068783068783,72,442,0.140077821011673,0.16289592760181
ZCWPW2,12,2,0.857142857142857,6,6,11,0.352941176470588,0.545454545454545,9,11,0.45,0.818181818181818,4,6,0.4,0.666666666666667
ZDHHC1,24,63,0.275862068965517,0.380952380952381,18,104,0.147540983606557,0.173076923076923,14,58,0.194444444444444,0.241379310344828,45,227,0.165441176470588,0.198237885462555
ZEB2,35,58,0.376344086021505,0.603448275862069,29,129,0.183544303797468,0.224806201550388,55,37,0.597826086956522,1.48648648648649,97,209,0.316993464052288,0.464114832535885
ZFAND1,216,1343,0.13855035279025,0.160833953834698,161,852,0.15893385982231,0.188967136150235,146,1543,0.0864416814683245,0.0946208684381076,219,1027,0.175762439807384,0.213242453748783
ZFAND4,43,39,0.524390243902439,1.1025641025641,51,77,0.3984375,0.662337662337662,46,46,0.5,1,24,64,0.272727272727273,0.375
ZFHX3,566,404,0.583505154639175,1.4009900990099,610,693,0.46815042210284,0.88023088023088,532,231,0.697247706422018,2.3030303030303,990,655,0.601823708206687,1.51145038167939
ZFHX4,2,5,0.285714285714286,0.4,0,33,0,0,0,26,0,0,0,62,0,0
ZFP2,8,0,1,Inf,0,1,0,0,10,8,0.555555555555556,1.25,26,3,0.896551724137931,8.66666666666667
ZFP41,178,467,0.275968992248062,0.381156316916488,172,580,0.228723404255319,0.296551724137931,202,671,0.231386025200458,0.301043219076006,259,872,0.229000884173298,0.297018348623853
ZFP64,453,267,0.629166666666667,1.69662921348315,430,266,0.617816091954023,1.61654135338346,403,247,0.62,1.63157894736842,528,254,0.675191815856777,2.07874015748031
ZFP82,0,0,NA,NA,9,3,0.75,3,3,0,1,Inf,24,1,0.96,24
ZFPL1,99,547,0.153250773993808,0.180987202925046,105,835,0.111702127659574,0.125748502994012,112,642,0.148541114058355,0.174454828660436,82,1054,0.0721830985915493,0.0777988614800759
ZFPM1,14,46,0.233333333333333,0.304347826086957,6,53,0.101694915254237,0.113207547169811,17,89,0.160377358490566,0.191011235955056,39,191,0.169565217391304,0.204188481675393
ZFX,123,850,0.126413155190134,0.144705882352941,114,1080,0.0954773869346734,0.105555555555556,177,859,0.170849420849421,0.206053550640279,145,1315,0.0993150684931507,0.110266159695817
ZFYVE26,42,235,0.151624548736462,0.178723404255319,19,334,0.0538243626062323,0.0568862275449102,6,254,0.0230769230769231,0.0236220472440945,50,447,0.100603621730382,0.111856823266219
ZFYVE28,4,53,0.0701754385964912,0.0754716981132075,10,55,0.153846153846154,0.181818181818182,9,47,0.160714285714286,0.191489361702128,2,25,0.0740740740740741,0.08
ZFYVE9,34,91,0.272,0.373626373626374,25,123,0.168918918918919,0.203252032520325,17,93,0.154545454545455,0.182795698924731,5,107,0.0446428571428571,0.0467289719626168
ZGRF1,67,139,0.325242718446602,0.482014388489209,65,114,0.363128491620112,0.570175438596491,66,91,0.420382165605096,0.725274725274725,73,112,0.394594594594595,0.651785714285714
ZHX1,685,417,0.621597096188748,1.64268585131894,355,309,0.534638554216867,1.14886731391586,490,376,0.565819861431871,1.3031914893617,445,473,0.484749455337691,0.940803382663848
ZHX1-C8orf76,685,424,0.617673579801623,1.61556603773585,355,427,0.453964194373402,0.831381733021077,490,342,0.588942307692308,1.4327485380117,445,436,0.505107832009081,1.02064220183486
ZMYM1,53,421,0.111814345991561,0.125890736342043,68,323,0.173913043478261,0.210526315789474,34,424,0.074235807860262,0.080188679245283,53,382,0.12183908045977,0.138743455497382
ZMYM3,186,994,0.157627118644068,0.187122736418511,376,1351,0.217718587145339,0.278312361213916,231,1374,0.14392523364486,0.168122270742358,375,1233,0.233208955223881,0.304136253041363
ZMYM6,134,113,0.54251012145749,1.1858407079646,92,197,0.318339100346021,0.467005076142132,85,191,0.307971014492754,0.445026178010471,150,308,0.327510917030568,0.487012987012987
ZNF107,83,124,0.400966183574879,0.669354838709677,86,149,0.365957446808511,0.577181208053691,77,108,0.416216216216216,0.712962962962963,88,176,0.333333333333333,0.5
ZNF12,47,815,0.0545243619489559,0.0576687116564417,63,680,0.0847913862718708,0.0926470588235294,63,803,0.0727482678983834,0.0784557907845579,77,903,0.0785714285714286,0.0852713178294574
ZNF141,85,122,0.410628019323671,0.69672131147541,73,89,0.450617283950617,0.820224719101124,41,95,0.301470588235294,0.431578947368421,81,137,0.371559633027523,0.591240875912409
ZNF157,0,0,NA,NA,1,0,1,Inf,4,4,0.5,1,12,6,0.666666666666667,2
ZNF160,27,59,0.313953488372093,0.457627118644068,23,102,0.184,0.225490196078431,27,91,0.228813559322034,0.296703296703297,58,137,0.297435897435897,0.423357664233577
ZNF169,64,174,0.26890756302521,0.367816091954023,32,172,0.156862745098039,0.186046511627907,68,156,0.303571428571429,0.435897435897436,40,280,0.125,0.142857142857143
ZNF174,86,206,0.294520547945205,0.41747572815534,66,165,0.285714285714286,0.4,101,208,0.326860841423948,0.485576923076923,76,308,0.197916666666667,0.246753246753247
ZNF18,21,384,0.0518518518518519,0.0546875,18,381,0.0451127819548872,0.047244094488189,14,340,0.0395480225988701,0.0411764705882353,28,570,0.0468227424749164,0.0491228070175439
ZNF197,85,365,0.188888888888889,0.232876712328767,106,318,0.25,0.333333333333333,94,292,0.243523316062176,0.321917808219178,153,363,0.296511627906977,0.421487603305785
ZNF214,10,15,0.4,0.666666666666667,0,19,0,0,22,18,0.55,1.22222222222222,10,27,0.27027027027027,0.37037037037037
ZNF219,203,1334,0.132075471698113,0.152173913043478,224,853,0.207985143918292,0.262602579132474,307,2225,0.121248025276461,0.137977528089888,425,1364,0.237562884292901,0.31158357771261
ZNF223,8,16,0.333333333333333,0.5,34,35,0.492753623188406,0.971428571428571,13,48,0.213114754098361,0.270833333333333,29,174,0.142857142857143,0.166666666666667
ZNF226,162,199,0.448753462603878,0.814070351758794,141,251,0.35969387755102,0.561752988047809,92,197,0.318339100346021,0.467005076142132,130,345,0.273684210526316,0.376811594202899
ZNF232,59,382,0.133786848072562,0.154450261780105,50,348,0.125628140703518,0.14367816091954,34,346,0.0894736842105263,0.0982658959537572,29,460,0.0593047034764826,0.0630434782608696
ZNF250,206,200,0.507389162561576,1.03,234,236,0.497872340425532,0.991525423728814,212,299,0.414872798434442,0.709030100334448,221,348,0.388400702987698,0.635057471264368
ZNF251,7,3,0.7,2.33333333333333,4,5,0.444444444444444,0.8,3,10,0.230769230769231,0.3,8,5,0.615384615384615,1.6
ZNF253,3,33,0.0833333333333333,0.0909090909090909,40,70,0.363636363636364,0.571428571428571,11,39,0.22,0.282051282051282,43,122,0.260606060606061,0.352459016393443
ZNF254,54,34,0.613636363636364,1.58823529411765,133,136,0.494423791821561,0.977941176470588,60,58,0.508474576271186,1.03448275862069,89,300,0.22879177377892,0.296666666666667
ZNF263,54,594,0.0833333333333333,0.0909090909090909,47,731,0.0604113110539846,0.0642954856361149,54,542,0.0906040268456376,0.0996309963099631,51,965,0.0501968503937008,0.0528497409326425
ZNF264,267,439,0.378186968838527,0.608200455580866,161,920,0.148936170212766,0.175,220,630,0.258823529411765,0.349206349206349,110,1769,0.0585417775412453,0.0621820237422272
ZNF273,74,37,0.666666666666667,2,48,54,0.470588235294118,0.888888888888889,27,17,0.613636363636364,1.58823529411765,126,35,0.782608695652174,3.6
ZNF28,54,280,0.161676646706587,0.192857142857143,93,360,0.205298013245033,0.258333333333333,51,351,0.126865671641791,0.145299145299145,67,469,0.125,0.142857142857143
ZNF280D,115,161,0.416666666666667,0.714285714285714,69,163,0.297413793103448,0.423312883435583,88,170,0.341085271317829,0.517647058823529,101,296,0.254408060453401,0.341216216216216
ZNF286B,46,100,0.315068493150685,0.46,88,63,0.582781456953642,1.3968253968254,50,84,0.373134328358209,0.595238095238095,103,182,0.36140350877193,0.565934065934066
ZNF318,133,941,0.123836126629423,0.141339001062699,72,909,0.073394495412844,0.0792079207920792,77,947,0.0751953125,0.0813093980992608,129,1141,0.101574803149606,0.113058720420684
ZNF321P,75,5,0.9375,15,73,48,0.603305785123967,1.52083333333333,60,26,0.697674418604651,2.30769230769231,159,51,0.757142857142857,3.11764705882353
ZNF330,992,2482,0.285549798503166,0.399677679290894,666,1460,0.313264346190028,0.456164383561644,819,1813,0.311170212765957,0.451737451737452,443,1430,0.236518953550454,0.30979020979021
ZNF331,0,33,0,0,6,38,0.136363636363636,0.157894736842105,0,32,0,0,31,38,0.449275362318841,0.81578947368421
ZNF335,110,784,0.123042505592841,0.14030612244898,75,997,0.0699626865671642,0.0752256770310933,94,750,0.111374407582938,0.125333333333333,107,1336,0.0741510741510742,0.0800898203592814
ZNF354A,80,517,0.134003350083752,0.154738878143133,182,848,0.176699029126214,0.214622641509434,52,465,0.100580270793037,0.111827956989247,198,1178,0.143895348837209,0.168081494057725
ZNF385B,3,4,0.428571428571429,0.75,11,3,0.785714285714286,3.66666666666667,0,6,0,0,0,0,NA,NA
ZNF385D,12,1,0.923076923076923,12,0,21,0,0,7,5,0.583333333333333,1.4,3,0,1,Inf
ZNF391,10,213,0.0448430493273543,0.0469483568075117,46,245,0.15807560137457,0.187755102040816,5,201,0.0242718446601942,0.0248756218905473,4,222,0.0176991150442478,0.018018018018018
ZNF394,250,81,0.755287009063444,3.08641975308642,215,103,0.676100628930818,2.0873786407767,220,59,0.788530465949821,3.72881355932203,485,89,0.844947735191638,5.44943820224719
ZNF414,73,211,0.257042253521127,0.345971563981043,134,243,0.355437665782493,0.551440329218107,96,256,0.272727272727273,0.375,299,585,0.338235294117647,0.511111111111111
ZNF425,3,50,0.0566037735849057,0.06,7,55,0.112903225806452,0.127272727272727,1,82,0.0120481927710843,0.0121951219512195,33,95,0.2578125,0.347368421052632
ZNF429,43,0,1,Inf,43,5,0.895833333333333,8.6,88,3,0.967032967032967,29.3333333333333,30,9,0.769230769230769,3.33333333333333
ZNF431,43,129,0.25,0.333333333333333,61,174,0.259574468085106,0.350574712643678,69,129,0.348484848484849,0.534883720930233,78,255,0.234234234234234,0.305882352941176
ZNF438,4,104,0.037037037037037,0.0384615384615385,4,105,0.036697247706422,0.0380952380952381,2,121,0.016260162601626,0.0165289256198347,71,122,0.367875647668394,0.581967213114754
ZNF44,23,94,0.196581196581197,0.24468085106383,8,99,0.0747663551401869,0.0808080808080808,6,158,0.0365853658536585,0.0379746835443038,0,180,0,0
ZNF451,168,1329,0.112224448897796,0.126410835214447,222,1290,0.146825396825397,0.172093023255814,153,1217,0.111678832116788,0.125718981101068,327,1798,0.153882352941176,0.181868743047831
ZNF487,54,66,0.45,0.818181818181818,62,146,0.298076923076923,0.424657534246575,54,109,0.331288343558282,0.495412844036697,86,129,0.4,0.666666666666667
ZNF490,28,76,0.269230769230769,0.368421052631579,20,151,0.116959064327485,0.132450331125828,20,72,0.217391304347826,0.277777777777778,19,130,0.12751677852349,0.146153846153846
ZNF493,23,34,0.403508771929825,0.676470588235294,37,10,0.787234042553192,3.7,24,46,0.342857142857143,0.521739130434783,19,48,0.283582089552239,0.395833333333333
ZNF496,197,402,0.328881469115192,0.490049751243781,268,512,0.343589743589744,0.5234375,174,407,0.299483648881239,0.427518427518428,425,463,0.478603603603604,0.91792656587473
ZNF500,45,37,0.548780487804878,1.21621621621622,23,33,0.410714285714286,0.696969696969697,14,28,0.333333333333333,0.5,32,102,0.238805970149254,0.313725490196078
ZNF501,0,2,0,0,5,9,0.357142857142857,0.555555555555556,6,3,0.666666666666667,2,0,3,0,0
ZNF518B,14,46,0.233333333333333,0.304347826086957,8,108,0.0689655172413793,0.0740740740740741,10,33,0.232558139534884,0.303030303030303,19,114,0.142857142857143,0.166666666666667
ZNF519,20,45,0.307692307692308,0.444444444444444,32,42,0.432432432432432,0.761904761904762,24,9,0.727272727272727,2.66666666666667,34,92,0.26984126984127,0.369565217391304
ZNF527,37,65,0.362745098039216,0.569230769230769,12,111,0.0975609756097561,0.108108108108108,28,102,0.215384615384615,0.274509803921569,47,183,0.204347826086957,0.256830601092896
ZNF540,17,4,0.80952380952381,4.25,10,24,0.294117647058824,0.416666666666667,10,15,0.4,0.666666666666667,0,5,0,0
ZNF554,44,152,0.224489795918367,0.289473684210526,33,130,0.202453987730061,0.253846153846154,31,106,0.226277372262774,0.292452830188679,51,249,0.17,0.204819277108434
ZNF558,26,132,0.164556962025316,0.196969696969697,40,150,0.210526315789474,0.266666666666667,15,159,0.0862068965517241,0.0943396226415094,31,248,0.111111111111111,0.125
ZNF564,11,110,0.0909090909090909,0.1,3,135,0.0217391304347826,0.0222222222222222,15,87,0.147058823529412,0.172413793103448,5,219,0.0223214285714286,0.0228310502283105
ZNF573,41,46,0.471264367816092,0.891304347826087,23,65,0.261363636363636,0.353846153846154,48,78,0.380952380952381,0.615384615384615,50,172,0.225225225225225,0.290697674418605
ZNF577,29,5,0.852941176470588,5.8,30,15,0.666666666666667,2,38,19,0.666666666666667,2,72,35,0.672897196261682,2.05714285714286
ZNF585A,140,41,0.773480662983425,3.41463414634146,146,45,0.764397905759162,3.24444444444444,129,28,0.821656050955414,4.60714285714286,265,120,0.688311688311688,2.20833333333333
ZNF587B,36,781,0.0440636474908201,0.0460947503201024,37,642,0.0544918998527246,0.0576323987538941,54,761,0.0662576687116564,0.0709592641261498,53,550,0.087893864013267,0.0963636363636364
ZNF594,2,9,0.181818181818182,0.222222222222222,4,6,0.4,0.666666666666667,1,33,0.0294117647058824,0.0303030303030303,0,9,0,0
ZNF596,21,49,0.3,0.428571428571429,4,38,0.0952380952380952,0.105263157894737,9,61,0.128571428571429,0.147540983606557,69,73,0.485915492957746,0.945205479452055
ZNF605,26,200,0.115044247787611,0.13,20,167,0.106951871657754,0.119760479041916,75,313,0.193298969072165,0.23961661341853,76,263,0.224188790560472,0.288973384030418
ZNF606,9,11,0.45,0.818181818181818,3,2,0.6,1.5,0,4,0,0,7,30,0.189189189189189,0.233333333333333
ZNF611,147,233,0.386842105263158,0.630901287553648,195,406,0.324459234608985,0.480295566502463,127,299,0.2981220657277,0.424749163879599,274,648,0.297180043383948,0.42283950617284
ZNF616,43,59,0.42156862745098,0.728813559322034,46,76,0.377049180327869,0.605263157894737,14,83,0.144329896907216,0.168674698795181,49,147,0.25,0.333333333333333
ZNF620,1,27,0.0357142857142857,0.037037037037037,4,2,0.666666666666667,2,15,11,0.576923076923077,1.36363636363636,0,15,0,0
ZNF638,82,1259,0.0611483967188665,0.0651310563939635,80,1591,0.0478755236385398,0.0502828409805154,82,1110,0.0687919463087248,0.0738738738738739,102,1978,0.0490384615384615,0.051567239635996
ZNF644,166,651,0.203182374541004,0.254992319508449,161,785,0.170190274841438,0.205095541401274,175,655,0.210843373493976,0.267175572519084,379,790,0.32420872540633,0.479746835443038
ZNF652,55,257,0.176282051282051,0.214007782101167,100,526,0.159744408945687,0.190114068441065,44,245,0.152249134948097,0.179591836734694,101,641,0.136118598382749,0.157566302652106
ZNF653,7,36,0.162790697674419,0.194444444444444,0,45,0,0,11,69,0.1375,0.159420289855072,9,86,0.0947368421052632,0.104651162790698
ZNF654,45,162,0.217391304347826,0.277777777777778,22,215,0.0928270042194093,0.102325581395349,14,236,0.056,0.0593220338983051,31,304,0.0925373134328358,0.101973684210526
ZNF655,983,1495,0.396690879741727,0.65752508361204,938,1642,0.363565891472868,0.571254567600487,839,1777,0.320718654434251,0.472144063027575,873,2529,0.256613756613757,0.345195729537367
ZNF66,13,0,1,Inf,36,0,1,Inf,14,6,0.7,2.33333333333333,27,14,0.658536585365854,1.92857142857143
ZNF660-ZNF197,85,365,0.188888888888889,0.232876712328767,106,318,0.25,0.333333333333333,94,292,0.243523316062176,0.321917808219178,153,363,0.296511627906977,0.421487603305785
ZNF675,35,54,0.393258426966292,0.648148148148148,13,114,0.102362204724409,0.114035087719298,7,87,0.074468085106383,0.0804597701149425,11,314,0.0338461538461538,0.035031847133758
ZNF684,55,71,0.436507936507937,0.774647887323944,66,46,0.589285714285714,1.43478260869565,64,61,0.512,1.04918032786885,48,48,0.5,1
ZNF695,705,202,0.77728776185226,3.49009900990099,362,177,0.671614100185529,2.04519774011299,504,168,0.75,3,357,119,0.75,3
ZNF702P,0,0,NA,NA,0,0,NA,NA,1,1,0.5,1,0,6,0,0
ZNF704,1761,164,0.914805194805195,10.7378048780488,2134,463,0.82171736619176,4.60907127429806,1851,176,0.913172175629008,10.5170454545455,2379,921,0.720909090909091,2.58306188925081
ZNF708,21,143,0.128048780487805,0.146853146853147,48,174,0.216216216216216,0.275862068965517,2,142,0.0138888888888889,0.0140845070422535,28,283,0.090032154340836,0.0989399293286219
ZNF71,17,178,0.0871794871794872,0.0955056179775281,13,329,0.0380116959064327,0.0395136778115502,9,191,0.045,0.0471204188481675,49,479,0.0928030303030303,0.102296450939457
ZNF713,13,29,0.30952380952381,0.448275862068966,10,20,0.333333333333333,0.5,16,34,0.32,0.470588235294118,0,22,0,0
ZNF714,12,325,0.0356083086053412,0.0369230769230769,27,323,0.0771428571428571,0.0835913312693498,29,296,0.0892307692307692,0.097972972972973,39,313,0.110795454545455,0.124600638977636
ZNF720,40,79,0.336134453781513,0.506329113924051,45,110,0.290322580645161,0.409090909090909,34,66,0.34,0.515151515151515,34,138,0.197674418604651,0.246376811594203
ZNF721,147,505,0.225460122699387,0.291089108910891,89,451,0.164814814814815,0.197339246119734,57,549,0.0940594059405941,0.103825136612022,93,687,0.119230769230769,0.135371179039301
ZNF732,36,62,0.36734693877551,0.580645161290323,7,18,0.28,0.388888888888889,18,16,0.529411764705882,1.125,8,50,0.137931034482759,0.16
ZNF736,50,95,0.344827586206897,0.526315789473684,14,43,0.245614035087719,0.325581395348837,30,76,0.283018867924528,0.394736842105263,94,198,0.321917808219178,0.474747474747475
ZNF737,11,21,0.34375,0.523809523809524,1,6,0.142857142857143,0.166666666666667,1,8,0.111111111111111,0.125,8,13,0.380952380952381,0.615384615384615
ZNF749,569,114,0.833089311859444,4.99122807017544,498,74,0.870629370629371,6.72972972972973,494,82,0.857638888888889,6.02439024390244,480,165,0.744186046511628,2.90909090909091
ZNF75A,11,347,0.0307262569832402,0.031700288184438,17,353,0.045945945945946,0.0481586402266289,24,300,0.0740740740740741,0.08,39,508,0.0712979890310786,0.0767716535433071
ZNF761,55,247,0.182119205298013,0.222672064777328,26,301,0.0795107033639144,0.0863787375415282,34,303,0.100890207715134,0.112211221122112,62,345,0.152334152334152,0.179710144927536
ZNF765-ZNF761,331,247,0.572664359861592,1.34008097165992,502,301,0.625155666251557,1.66777408637874,376,303,0.553755522827688,1.24092409240924,566,345,0.621295279912184,1.64057971014493
ZNF767P,32,215,0.129554655870445,0.148837209302326,36,233,0.133828996282528,0.15450643776824,44,176,0.2,0.25,81,311,0.206632653061224,0.260450160771704
ZNF771,30,183,0.140845070422535,0.163934426229508,10,192,0.0495049504950495,0.0520833333333333,7,166,0.0404624277456647,0.0421686746987952,1,299,0.00333333333333333,0.00334448160535117
ZNF778,16,97,0.141592920353982,0.164948453608247,21,118,0.151079136690647,0.177966101694915,7,87,0.074468085106383,0.0804597701149425,3,110,0.0265486725663717,0.0272727272727273
ZNF780A,380,73,0.838852097130243,5.2054794520548,397,177,0.691637630662021,2.24293785310734,249,159,0.610294117647059,1.56603773584906,351,181,0.659774436090226,1.93922651933702
ZNF789,44,84,0.34375,0.523809523809524,87,126,0.408450704225352,0.69047619047619,34,179,0.15962441314554,0.189944134078212,99,235,0.296407185628743,0.421276595744681
ZNF790,1,39,0.025,0.0256410256410256,16,22,0.421052631578947,0.727272727272727,3,27,0.1,0.111111111111111,17,16,0.515151515151515,1.0625
ZNF8,4,92,0.0416666666666667,0.0434782608695652,23,76,0.232323232323232,0.302631578947368,24,41,0.369230769230769,0.585365853658537,17,210,0.0748898678414097,0.080952380952381
ZNF800,222,297,0.427745664739884,0.747474747474748,255,423,0.376106194690265,0.602836879432624,206,421,0.328548644338118,0.489311163895487,189,542,0.258549931600547,0.348708487084871
ZNF81,42,111,0.274509803921569,0.378378378378378,84,158,0.347107438016529,0.531645569620253,37,178,0.172093023255814,0.207865168539326,46,442,0.0942622950819672,0.104072398190045
ZNF823,58,83,0.411347517730496,0.698795180722892,142,109,0.565737051792829,1.30275229357798,41,87,0.3203125,0.471264367816092,106,166,0.389705882352941,0.63855421686747
ZNF83,267,429,0.383620689655172,0.622377622377622,615,489,0.557065217391304,1.25766871165644,183,589,0.237046632124352,0.310696095076401,241,995,0.194983818770227,0.242211055276382
ZNF836,240,58,0.805369127516778,4.13793103448276,222,175,0.55919395465995,1.26857142857143,202,89,0.694158075601375,2.26966292134831,380,124,0.753968253968254,3.06451612903226
ZNF837,0,81,0,0,0,44,0,0,2,32,0.0588235294117647,0.0625,15,140,0.0967741935483871,0.107142857142857
ZNF84,20,172,0.104166666666667,0.116279069767442,44,242,0.153846153846154,0.181818181818182,20,224,0.0819672131147541,0.0892857142857143,42,365,0.103194103194103,0.115068493150685
ZNF844,0,0,NA,NA,3,3,0.5,1,0,0,NA,NA,12,0,1,Inf
ZNF852,47,180,0.20704845814978,0.261111111111111,64,262,0.196319018404908,0.244274809160305,40,127,0.239520958083832,0.31496062992126,123,260,0.321148825065274,0.473076923076923
ZNF862,69,160,0.301310043668122,0.43125,88,320,0.215686274509804,0.275,108,315,0.25531914893617,0.342857142857143,193,377,0.33859649122807,0.511936339522546
ZNF876P,5,0,1,Inf,40,9,0.816326530612245,4.44444444444444,22,15,0.594594594594595,1.46666666666667,46,29,0.613333333333333,1.58620689655172
ZNF879,5,5,0.5,1,0,17,0,0,0,21,0,0,5,4,0.555555555555556,1.25
ZNF880,19,3,0.863636363636364,6.33333333333333,24,39,0.380952380952381,0.615384615384615,25,11,0.694444444444444,2.27272727272727,28,2,0.933333333333333,14
ZNF93,9,92,0.0891089108910891,0.0978260869565217,33,89,0.270491803278689,0.370786516853933,3,77,0.0375,0.038961038961039,24,113,0.175182481751825,0.212389380530973
ZNRF2,50,456,0.0988142292490119,0.109649122807018,110,618,0.151098901098901,0.177993527508091,64,373,0.146453089244851,0.171581769436997,265,925,0.222689075630252,0.286486486486487
ZPLD1,0,1,0,0,7,0,1,Inf,0,2,0,0,4,48,0.0769230769230769,0.0833333333333333
ZRANB3,64,296,0.177777777777778,0.216216216216216,51,149,0.255,0.342281879194631,54,229,0.190812720848057,0.235807860262009,44,205,0.176706827309237,0.214634146341463
ZRSR2,48,235,0.169611307420495,0.204255319148936,52,330,0.136125654450262,0.157575757575758,54,246,0.18,0.219512195121951,73,478,0.132486388384755,0.152719665271967
ZSCAN12,28,14,0.666666666666667,2,38,77,0.330434782608696,0.493506493506494,4,37,0.0975609756097561,0.108108108108108,26,123,0.174496644295302,0.211382113821138
ZSCAN2,65,40,0.619047619047619,1.625,120,116,0.508474576271186,1.03448275862069,67,53,0.558333333333333,1.26415094339623,61,332,0.155216284987277,0.183734939759036
ZSCAN25,436,74,0.854901960784314,5.89189189189189,482,103,0.823931623931624,4.67961165048544,226,115,0.662756598240469,1.96521739130435,511,159,0.762686567164179,3.21383647798742
ZSCAN30,14,514,0.0265151515151515,0.0272373540856031,19,713,0.0259562841530055,0.0266479663394109,46,462,0.0905511811023622,0.0995670995670996,86,939,0.0839024390243902,0.0915867944621938
ZSCAN31,1,58,0.0169491525423729,0.0172413793103448,4,106,0.0363636363636364,0.0377358490566038,0,41,0,0,8,59,0.119402985074627,0.135593220338983
ZSCAN5A,29,151,0.161111111111111,0.19205298013245,36,163,0.180904522613065,0.220858895705521,67,220,0.233449477351916,0.304545454545455,49,207,0.19140625,0.236714975845411
ZSCAN9,61,428,0.124744376278119,0.142523364485981,81,611,0.117052023121387,0.132569558101473,41,502,0.0755064456721915,0.0816733067729084,120,529,0.184899845916795,0.226843100189036
ZSWIM3,15,69,0.178571428571429,0.217391304347826,11,74,0.129411764705882,0.148648648648649,3,152,0.0193548387096774,0.0197368421052632,8,192,0.04,0.0416666666666667
ZSWIM4,0,1,0,0,0,0,NA,NA,1,2,0.333333333333333,0.5,0,2,0,0
ZSWIM5,0,8,0,0,4,0,1,Inf,0,22,0,0,0,0,NA,NA
ZSWIM6,41,324,0.112328767123288,0.126543209876543,64,940,0.0637450199203187,0.0680851063829787,18,184,0.0891089108910891,0.0978260869565217,43,1119,0.0370051635111876,0.0384271671134942
ZSWIM7,177,630,0.219330855018587,0.280952380952381,169,1488,0.101991550995776,0.113575268817204,135,684,0.164835164835165,0.197368421052632,112,2206,0.0483175150992235,0.0507706255666364
ZSWIM9,31,37,0.455882352941176,0.837837837837838,20,117,0.145985401459854,0.170940170940171,45,78,0.365853658536585,0.576923076923077,82,221,0.270627062706271,0.3710407239819
ZXDC,364,498,0.422273781902552,0.730923694779116,213,550,0.27916120576671,0.387272727272727,269,698,0.27817993795243,0.385386819484241,236,751,0.239108409321175,0.314247669773635
ZYG11A,0,16,0,0,0,46,0,0,0,3,0,0,5,2,0.714285714285714,2.5
