Starting 3-REAP pipeline...
Step 2: Adapter and polyA/polyT trimming
Skipping Control_3day_rep1 read 1 (already trimmed)
Skipping Control_3day_rep2 read 1 (already trimmed)
Skipping Control_3day_rep3 read 1 (already trimmed)
Skipping Control_5day_rep1 read 1 (already trimmed)
Skipping Control_5day_rep2 read 1 (already trimmed)
Skipping Control_5day_rep3 read 1 (already trimmed)
Skipping Treatment_3day_rep1 read 1 (already trimmed)
Skipping Treatment_3day_rep2 read 1 (already trimmed)
Skipping Treatment_3day_rep3 read 1 (already trimmed)
Skipping Treatment_5day_rep1 read 1 (already trimmed)
Skipping Treatment_5day_rep2 read 1 (already trimmed)
Skipping Treatment_5day_rep3 read 1 (already trimmed)
Skipping Control_3day_rep1 read 2 (already trimmed)
Skipping Control_3day_rep2 read 2 (already trimmed)
Skipping Control_3day_rep3 read 2 (already trimmed)
Skipping Control_5day_rep1 read 2 (already trimmed)
Skipping Control_5day_rep2 read 2 (already trimmed)
Skipping Treatment_3day_rep1 read 2 (already trimmed)
Skipping Control_5day_rep3 read 2 (already trimmed)
Skipping Treatment_3day_rep2 read 2 (already trimmed)
Skipping Treatment_3day_rep3 read 2 (already trimmed)
Skipping Treatment_5day_rep1 read 2 (already trimmed)
Skipping Treatment_5day_rep2 read 2 (already trimmed)
Skipping Treatment_5day_rep3 read 2 (already trimmed)
Step 3: Repair read pairs and align with STAR
Starting: Control_3day_rep1
Starting: Control_3day_rep2
Starting: Control_3day_rep3
Starting: Control_5day_rep1
java -ea -Xmx111628m -cp /home/cnobrega/miniforge3/envs/reap-env/opt/bbmap-39.28-0/current/ jgi.SplitPairsAndSingles rp overwrite=t in1=/compbio/scratch/cnobrega/3_REAP/cmoore_019.admera/output/s2_fastq_cutadapt/Control_3day_rep1/Control_3day_rep1_R1.fastq.gz in2=/compbio/scratch/cnobrega/3_REAP/cmoore_019.admera/output/s2_fastq_cutadapt/Control_3day_rep1/Control_3day_rep1_R2_trimAdapt.5Ttrimmed.fastq.gz out1=/compbio/scratch/cnobrega/3_REAP/cmoore_019.admera/output/s2_fastq_cutadapt_pair/Control_3day_rep1/Control_3day_rep1_R1.fastq.gz out2=/compbio/scratch/cnobrega/3_REAP/cmoore_019.admera/output/s2_fastq_cutadapt_pair/Control_3day_rep1/Control_3day_rep1_R2.fastq.gz outs=/compbio/scratch/cnobrega/3_REAP/cmoore_019.admera/output/s2_fastq_cutadapt_pair/Control_3day_rep1/Control_3day_rep1_unpaired.fastq.gz repair
java -ea -Xmx111628m -cp /home/cnobrega/miniforge3/envs/reap-env/opt/bbmap-39.28-0/current/ jgi.SplitPairsAndSingles rp overwrite=t in1=/compbio/scratch/cnobrega/3_REAP/cmoore_019.admera/output/s2_fastq_cutadapt/Control_5day_rep1/Control_5day_rep1_R1.fastq.gz in2=/compbio/scratch/cnobrega/3_REAP/cmoore_019.admera/output/s2_fastq_cutadapt/Control_5day_rep1/Control_5day_rep1_R2_trimAdapt.5Ttrimmed.fastq.gz out1=/compbio/scratch/cnobrega/3_REAP/cmoore_019.admera/output/s2_fastq_cutadapt_pair/Control_5day_rep1/Control_5day_rep1_R1.fastq.gz out2=/compbio/scratch/cnobrega/3_REAP/cmoore_019.admera/output/s2_fastq_cutadapt_pair/Control_5day_rep1/Control_5day_rep1_R2.fastq.gz outs=/compbio/scratch/cnobrega/3_REAP/cmoore_019.admera/output/s2_fastq_cutadapt_pair/Control_5day_rep1/Control_5day_rep1_unpaired.fastq.gz repair
java -ea -Xmx111628m -cp /home/cnobrega/miniforge3/envs/reap-env/opt/bbmap-39.28-0/current/ jgi.SplitPairsAndSingles rp overwrite=t in1=/compbio/scratch/cnobrega/3_REAP/cmoore_019.admera/output/s2_fastq_cutadapt/Control_3day_rep3/Control_3day_rep3_R1.fastq.gz in2=/compbio/scratch/cnobrega/3_REAP/cmoore_019.admera/output/s2_fastq_cutadapt/Control_3day_rep3/Control_3day_rep3_R2_trimAdapt.5Ttrimmed.fastq.gz out1=/compbio/scratch/cnobrega/3_REAP/cmoore_019.admera/output/s2_fastq_cutadapt_pair/Control_3day_rep3/Control_3day_rep3_R1.fastq.gz out2=/compbio/scratch/cnobrega/3_REAP/cmoore_019.admera/output/s2_fastq_cutadapt_pair/Control_3day_rep3/Control_3day_rep3_R2.fastq.gz outs=/compbio/scratch/cnobrega/3_REAP/cmoore_019.admera/output/s2_fastq_cutadapt_pair/Control_3day_rep3/Control_3day_rep3_unpaired.fastq.gz repair
java -ea -Xmx111628m -cp /home/cnobrega/miniforge3/envs/reap-env/opt/bbmap-39.28-0/current/ jgi.SplitPairsAndSingles rp overwrite=t in1=/compbio/scratch/cnobrega/3_REAP/cmoore_019.admera/output/s2_fastq_cutadapt/Control_3day_rep2/Control_3day_rep2_R1.fastq.gz in2=/compbio/scratch/cnobrega/3_REAP/cmoore_019.admera/output/s2_fastq_cutadapt/Control_3day_rep2/Control_3day_rep2_R2_trimAdapt.5Ttrimmed.fastq.gz out1=/compbio/scratch/cnobrega/3_REAP/cmoore_019.admera/output/s2_fastq_cutadapt_pair/Control_3day_rep2/Control_3day_rep2_R1.fastq.gz out2=/compbio/scratch/cnobrega/3_REAP/cmoore_019.admera/output/s2_fastq_cutadapt_pair/Control_3day_rep2/Control_3day_rep2_R2.fastq.gz outs=/compbio/scratch/cnobrega/3_REAP/cmoore_019.admera/output/s2_fastq_cutadapt_pair/Control_3day_rep2/Control_3day_rep2_unpaired.fastq.gz repair
Executing jgi.SplitPairsAndSingles [rp, overwrite=t, in1=/compbio/scratch/cnobrega/3_REAP/cmoore_019.admera/output/s2_fastq_cutadapt/Control_3day_rep1/Control_3day_rep1_R1.fastq.gz, in2=/compbio/scratch/cnobrega/3_REAP/cmoore_019.admera/output/s2_fastq_cutadapt/Control_3day_rep1/Control_3day_rep1_R2_trimAdapt.5Ttrimmed.fastq.gz, out1=/compbio/scratch/cnobrega/3_REAP/cmoore_019.admera/output/s2_fastq_cutadapt_pair/Control_3day_rep1/Control_3day_rep1_R1.fastq.gz, out2=/compbio/scratch/cnobrega/3_REAP/cmoore_019.admera/output/s2_fastq_cutadapt_pair/Control_3day_rep1/Control_3day_rep1_R2.fastq.gz, outs=/compbio/scratch/cnobrega/3_REAP/cmoore_019.admera/output/s2_fastq_cutadapt_pair/Control_3day_rep1/Control_3day_rep1_unpaired.fastq.gz, repair]

Executing jgi.SplitPairsAndSingles [rp, overwrite=t, in1=/compbio/scratch/cnobrega/3_REAP/cmoore_019.admera/output/s2_fastq_cutadapt/Control_5day_rep1/Control_5day_rep1_R1.fastq.gz, in2=/compbio/scratch/cnobrega/3_REAP/cmoore_019.admera/output/s2_fastq_cutadapt/Control_5day_rep1/Control_5day_rep1_R2_trimAdapt.5Ttrimmed.fastq.gz, out1=/compbio/scratch/cnobrega/3_REAP/cmoore_019.admera/output/s2_fastq_cutadapt_pair/Control_5day_rep1/Control_5day_rep1_R1.fastq.gz, out2=/compbio/scratch/cnobrega/3_REAP/cmoore_019.admera/output/s2_fastq_cutadapt_pair/Control_5day_rep1/Control_5day_rep1_R2.fastq.gz, outs=/compbio/scratch/cnobrega/3_REAP/cmoore_019.admera/output/s2_fastq_cutadapt_pair/Control_5day_rep1/Control_5day_rep1_unpaired.fastq.gz, repair]

Executing jgi.SplitPairsAndSingles [rp, overwrite=t, in1=/compbio/scratch/cnobrega/3_REAP/cmoore_019.admera/output/s2_fastq_cutadapt/Control_3day_rep2/Control_3day_rep2_R1.fastq.gz, in2=/compbio/scratch/cnobrega/3_REAP/cmoore_019.admera/output/s2_fastq_cutadapt/Control_3day_rep2/Control_3day_rep2_R2_trimAdapt.5Ttrimmed.fastq.gz, out1=/compbio/scratch/cnobrega/3_REAP/cmoore_019.admera/output/s2_fastq_cutadapt_pair/Control_3day_rep2/Control_3day_rep2_R1.fastq.gz, out2=/compbio/scratch/cnobrega/3_REAP/cmoore_019.admera/output/s2_fastq_cutadapt_pair/Control_3day_rep2/Control_3day_rep2_R2.fastq.gz, outs=/compbio/scratch/cnobrega/3_REAP/cmoore_019.admera/output/s2_fastq_cutadapt_pair/Control_3day_rep2/Control_3day_rep2_unpaired.fastq.gz, repair]

Executing jgi.SplitPairsAndSingles [rp, overwrite=t, in1=/compbio/scratch/cnobrega/3_REAP/cmoore_019.admera/output/s2_fastq_cutadapt/Control_3day_rep3/Control_3day_rep3_R1.fastq.gz, in2=/compbio/scratch/cnobrega/3_REAP/cmoore_019.admera/output/s2_fastq_cutadapt/Control_3day_rep3/Control_3day_rep3_R2_trimAdapt.5Ttrimmed.fastq.gz, out1=/compbio/scratch/cnobrega/3_REAP/cmoore_019.admera/output/s2_fastq_cutadapt_pair/Control_3day_rep3/Control_3day_rep3_R1.fastq.gz, out2=/compbio/scratch/cnobrega/3_REAP/cmoore_019.admera/output/s2_fastq_cutadapt_pair/Control_3day_rep3/Control_3day_rep3_R2.fastq.gz, outs=/compbio/scratch/cnobrega/3_REAP/cmoore_019.admera/output/s2_fastq_cutadapt_pair/Control_3day_rep3/Control_3day_rep3_unpaired.fastq.gz, repair]

Set INTERLEAVED to false
Set INTERLEAVED to false
Set INTERLEAVED to false
Set INTERLEAVED to false
Started output stream.
Started output stream.
Started output stream.
Started output stream.

Input:                  	69366640 reads 		8595765229 bases.
Result:                 	69366640 reads (100.00%) 	8595765229 bases (100.00%)
Pairs:                  	68792382 reads (99.17%) 	8538995501 bases (99.34%)
Singletons:             	574258 reads (0.83%) 	56769728 bases (0.66%)

Time:                         	303.847 seconds.
Reads Processed:      69366k 	228.29k reads/sec
Bases Processed:       8595m 	28.29m bases/sec
	/home/cnobrega/miniforge3/envs/reap-env/bin/STAR-sse4.1 --runThreadN 2 --readFilesCommand zcat --genomeDir /compbio/scratch/cnobrega/3_REAP/ref/star_index_hg38 --readFilesIn /compbio/scratch/cnobrega/3_REAP/cmoore_019.admera/output/s2_fastq_cutadapt_pair/Control_3day_rep2/Control_3day_rep2_R1.fastq.gz /compbio/scratch/cnobrega/3_REAP/cmoore_019.admera/output/s2_fastq_cutadapt_pair/Control_3day_rep2/Control_3day_rep2_R2.fastq.gz --outReadsUnmapped None --outFilterType BySJout --limitBAMsortRAM 4000000000 --outSAMattributes NH HI NM MD --outSAMtype BAM SortedByCoordinate --outFileNamePrefix /compbio/scratch/cnobrega/3_REAP/cmoore_019.admera/output/s3_star_align/Control_3day_rep2/ --outFilterMultimapNmax 1 --outFilterScoreMinOverLread 0.2 --outFilterMatchNminOverLread 0.2
	STAR version: 2.7.11b   compiled: 2025-04-26T21:39:47+0000 :/opt/conda/conda-bld/star_1745703265435/work/source
Jul 13 19:07:20 ..... started STAR run
Jul 13 19:07:20 ..... loading genome

Input:                  	79866960 reads 		9968810114 bases.
Result:                 	79866960 reads (100.00%) 	9968810114 bases (100.00%)
Pairs:                  	79175194 reads (99.13%) 	9901616598 bases (99.33%)
Singletons:             	691766 reads (0.87%) 	67193516 bases (0.67%)

Time:                         	347.280 seconds.
Reads Processed:      79866k 	229.98k reads/sec
Bases Processed:       9968m 	28.71m bases/sec
	/home/cnobrega/miniforge3/envs/reap-env/bin/STAR-sse4.1 --runThreadN 2 --readFilesCommand zcat --genomeDir /compbio/scratch/cnobrega/3_REAP/ref/star_index_hg38 --readFilesIn /compbio/scratch/cnobrega/3_REAP/cmoore_019.admera/output/s2_fastq_cutadapt_pair/Control_3day_rep3/Control_3day_rep3_R1.fastq.gz /compbio/scratch/cnobrega/3_REAP/cmoore_019.admera/output/s2_fastq_cutadapt_pair/Control_3day_rep3/Control_3day_rep3_R2.fastq.gz --outReadsUnmapped None --outFilterType BySJout --limitBAMsortRAM 4000000000 --outSAMattributes NH HI NM MD --outSAMtype BAM SortedByCoordinate --outFileNamePrefix /compbio/scratch/cnobrega/3_REAP/cmoore_019.admera/output/s3_star_align/Control_3day_rep3/ --outFilterMultimapNmax 1 --outFilterScoreMinOverLread 0.2 --outFilterMatchNminOverLread 0.2
	STAR version: 2.7.11b   compiled: 2025-04-26T21:39:47+0000 :/opt/conda/conda-bld/star_1745703265435/work/source
Jul 13 19:08:04 ..... started STAR run
Jul 13 19:08:04 ..... loading genome

Input:                  	85914115 reads 		10638026296 bases.
Result:                 	85914115 reads (100.00%) 	10638026296 bases (100.00%)
Pairs:                  	85219162 reads (99.19%) 	10569751646 bases (99.36%)
Singletons:             	694953 reads (0.81%) 	68274650 bases (0.64%)

Time:                         	356.890 seconds.
Reads Processed:      85914k 	240.73k reads/sec
Bases Processed:      10638m 	29.81m bases/sec
	/home/cnobrega/miniforge3/envs/reap-env/bin/STAR-sse4.1 --runThreadN 2 --readFilesCommand zcat --genomeDir /compbio/scratch/cnobrega/3_REAP/ref/star_index_hg38 --readFilesIn /compbio/scratch/cnobrega/3_REAP/cmoore_019.admera/output/s2_fastq_cutadapt_pair/Control_5day_rep1/Control_5day_rep1_R1.fastq.gz /compbio/scratch/cnobrega/3_REAP/cmoore_019.admera/output/s2_fastq_cutadapt_pair/Control_5day_rep1/Control_5day_rep1_R2.fastq.gz --outReadsUnmapped None --outFilterType BySJout --limitBAMsortRAM 4000000000 --outSAMattributes NH HI NM MD --outSAMtype BAM SortedByCoordinate --outFileNamePrefix /compbio/scratch/cnobrega/3_REAP/cmoore_019.admera/output/s3_star_align/Control_5day_rep1/ --outFilterMultimapNmax 1 --outFilterScoreMinOverLread 0.2 --outFilterMatchNminOverLread 0.2
	STAR version: 2.7.11b   compiled: 2025-04-26T21:39:47+0000 :/opt/conda/conda-bld/star_1745703265435/work/source
Jul 13 19:08:13 ..... started STAR run
Jul 13 19:08:13 ..... loading genome

Input:                  	89298605 reads 		11035144836 bases.
Result:                 	89298605 reads (100.00%) 	11035144836 bases (100.00%)
Pairs:                  	88573564 reads (99.19%) 	10961900799 bases (99.34%)
Singletons:             	725041 reads (0.81%) 	73244037 bases (0.66%)

Time:                         	364.601 seconds.
Reads Processed:      89298k 	244.92k reads/sec
Bases Processed:      11035m 	30.27m bases/sec
	/home/cnobrega/miniforge3/envs/reap-env/bin/STAR-sse4.1 --runThreadN 2 --readFilesCommand zcat --genomeDir /compbio/scratch/cnobrega/3_REAP/ref/star_index_hg38 --readFilesIn /compbio/scratch/cnobrega/3_REAP/cmoore_019.admera/output/s2_fastq_cutadapt_pair/Control_3day_rep1/Control_3day_rep1_R1.fastq.gz /compbio/scratch/cnobrega/3_REAP/cmoore_019.admera/output/s2_fastq_cutadapt_pair/Control_3day_rep1/Control_3day_rep1_R2.fastq.gz --outReadsUnmapped None --outFilterType BySJout --limitBAMsortRAM 4000000000 --outSAMattributes NH HI NM MD --outSAMtype BAM SortedByCoordinate --outFileNamePrefix /compbio/scratch/cnobrega/3_REAP/cmoore_019.admera/output/s3_star_align/Control_3day_rep1/ --outFilterMultimapNmax 1 --outFilterScoreMinOverLread 0.2 --outFilterMatchNminOverLread 0.2
	STAR version: 2.7.11b   compiled: 2025-04-26T21:39:47+0000 :/opt/conda/conda-bld/star_1745703265435/work/source
Jul 13 19:08:20 ..... started STAR run
Jul 13 19:08:20 ..... loading genome
Jul 13 19:12:26 ..... started mapping
Jul 13 19:12:26 ..... started mapping
Jul 13 19:12:27 ..... started mapping
Jul 13 19:12:27 ..... started mapping
Jul 13 20:32:29 ..... finished mapping
Jul 13 20:32:32 ..... started sorting BAM
Jul 13 20:35:54 ..... finished mapping
Jul 13 20:35:57 ..... started sorting BAM
Jul 13 20:36:52 ..... finished successfully
Starting: Control_5day_rep2
java -ea -Xmx61071m -cp /home/cnobrega/miniforge3/envs/reap-env/opt/bbmap-39.28-0/current/ jgi.SplitPairsAndSingles rp overwrite=t in1=/compbio/scratch/cnobrega/3_REAP/cmoore_019.admera/output/s2_fastq_cutadapt/Control_5day_rep2/Control_5day_rep2_R1.fastq.gz in2=/compbio/scratch/cnobrega/3_REAP/cmoore_019.admera/output/s2_fastq_cutadapt/Control_5day_rep2/Control_5day_rep2_R2_trimAdapt.5Ttrimmed.fastq.gz out1=/compbio/scratch/cnobrega/3_REAP/cmoore_019.admera/output/s2_fastq_cutadapt_pair/Control_5day_rep2/Control_5day_rep2_R1.fastq.gz out2=/compbio/scratch/cnobrega/3_REAP/cmoore_019.admera/output/s2_fastq_cutadapt_pair/Control_5day_rep2/Control_5day_rep2_R2.fastq.gz outs=/compbio/scratch/cnobrega/3_REAP/cmoore_019.admera/output/s2_fastq_cutadapt_pair/Control_5day_rep2/Control_5day_rep2_unpaired.fastq.gz repair
Executing jgi.SplitPairsAndSingles [rp, overwrite=t, in1=/compbio/scratch/cnobrega/3_REAP/cmoore_019.admera/output/s2_fastq_cutadapt/Control_5day_rep2/Control_5day_rep2_R1.fastq.gz, in2=/compbio/scratch/cnobrega/3_REAP/cmoore_019.admera/output/s2_fastq_cutadapt/Control_5day_rep2/Control_5day_rep2_R2_trimAdapt.5Ttrimmed.fastq.gz, out1=/compbio/scratch/cnobrega/3_REAP/cmoore_019.admera/output/s2_fastq_cutadapt_pair/Control_5day_rep2/Control_5day_rep2_R1.fastq.gz, out2=/compbio/scratch/cnobrega/3_REAP/cmoore_019.admera/output/s2_fastq_cutadapt_pair/Control_5day_rep2/Control_5day_rep2_R2.fastq.gz, outs=/compbio/scratch/cnobrega/3_REAP/cmoore_019.admera/output/s2_fastq_cutadapt_pair/Control_5day_rep2/Control_5day_rep2_unpaired.fastq.gz, repair]

Set INTERLEAVED to false
Started output stream.

Input:                  	96954396 reads 		11582308440 bases.
Result:                 	96954396 reads (100.00%) 	11582308440 bases (100.00%)
Pairs:                  	96297280 reads (99.32%) 	11518169296 bases (99.45%)
Singletons:             	657116 reads (0.68%) 	64139144 bases (0.55%)

Time:                         	203.494 seconds.
Reads Processed:      96954k 	476.45k reads/sec
Bases Processed:      11582m 	56.92m bases/sec
	/home/cnobrega/miniforge3/envs/reap-env/bin/STAR-sse4.1 --runThreadN 2 --readFilesCommand zcat --genomeDir /compbio/scratch/cnobrega/3_REAP/ref/star_index_hg38 --readFilesIn /compbio/scratch/cnobrega/3_REAP/cmoore_019.admera/output/s2_fastq_cutadapt_pair/Control_5day_rep2/Control_5day_rep2_R1.fastq.gz /compbio/scratch/cnobrega/3_REAP/cmoore_019.admera/output/s2_fastq_cutadapt_pair/Control_5day_rep2/Control_5day_rep2_R2.fastq.gz --outReadsUnmapped None --outFilterType BySJout --limitBAMsortRAM 4000000000 --outSAMattributes NH HI NM MD --outSAMtype BAM SortedByCoordinate --outFileNamePrefix /compbio/scratch/cnobrega/3_REAP/cmoore_019.admera/output/s3_star_align/Control_5day_rep2/ --outFilterMultimapNmax 1 --outFilterScoreMinOverLread 0.2 --outFilterMatchNminOverLread 0.2
	STAR version: 2.7.11b   compiled: 2025-04-26T21:39:47+0000 :/opt/conda/conda-bld/star_1745703265435/work/source
Jul 13 20:40:23 ..... started STAR run
Jul 13 20:40:23 ..... loading genome
Jul 13 20:41:29 ..... finished successfully
Starting: Control_5day_rep3
java -ea -Xmx37599m -cp /home/cnobrega/miniforge3/envs/reap-env/opt/bbmap-39.28-0/current/ jgi.SplitPairsAndSingles rp overwrite=t in1=/compbio/scratch/cnobrega/3_REAP/cmoore_019.admera/output/s2_fastq_cutadapt/Control_5day_rep3/Control_5day_rep3_R1.fastq.gz in2=/compbio/scratch/cnobrega/3_REAP/cmoore_019.admera/output/s2_fastq_cutadapt/Control_5day_rep3/Control_5day_rep3_R2_trimAdapt.5Ttrimmed.fastq.gz out1=/compbio/scratch/cnobrega/3_REAP/cmoore_019.admera/output/s2_fastq_cutadapt_pair/Control_5day_rep3/Control_5day_rep3_R1.fastq.gz out2=/compbio/scratch/cnobrega/3_REAP/cmoore_019.admera/output/s2_fastq_cutadapt_pair/Control_5day_rep3/Control_5day_rep3_R2.fastq.gz outs=/compbio/scratch/cnobrega/3_REAP/cmoore_019.admera/output/s2_fastq_cutadapt_pair/Control_5day_rep3/Control_5day_rep3_unpaired.fastq.gz repair
Executing jgi.SplitPairsAndSingles [rp, overwrite=t, in1=/compbio/scratch/cnobrega/3_REAP/cmoore_019.admera/output/s2_fastq_cutadapt/Control_5day_rep3/Control_5day_rep3_R1.fastq.gz, in2=/compbio/scratch/cnobrega/3_REAP/cmoore_019.admera/output/s2_fastq_cutadapt/Control_5day_rep3/Control_5day_rep3_R2_trimAdapt.5Ttrimmed.fastq.gz, out1=/compbio/scratch/cnobrega/3_REAP/cmoore_019.admera/output/s2_fastq_cutadapt_pair/Control_5day_rep3/Control_5day_rep3_R1.fastq.gz, out2=/compbio/scratch/cnobrega/3_REAP/cmoore_019.admera/output/s2_fastq_cutadapt_pair/Control_5day_rep3/Control_5day_rep3_R2.fastq.gz, outs=/compbio/scratch/cnobrega/3_REAP/cmoore_019.admera/output/s2_fastq_cutadapt_pair/Control_5day_rep3/Control_5day_rep3_unpaired.fastq.gz, repair]

Set INTERLEAVED to false
Started output stream.

Input:                  	75372895 reads 		9333660618 bases.
Result:                 	75372895 reads (100.00%) 	9333660618 bases (100.00%)
Pairs:                  	74914568 reads (99.39%) 	9287505598 bases (99.51%)
Singletons:             	458327 reads (0.61%) 	46155020 bases (0.49%)

Time:                         	158.432 seconds.
Reads Processed:      75372k 	475.74k reads/sec
Bases Processed:       9333m 	58.91m bases/sec
	/home/cnobrega/miniforge3/envs/reap-env/bin/STAR-sse4.1 --runThreadN 2 --readFilesCommand zcat --genomeDir /compbio/scratch/cnobrega/3_REAP/ref/star_index_hg38 --readFilesIn /compbio/scratch/cnobrega/3_REAP/cmoore_019.admera/output/s2_fastq_cutadapt_pair/Control_5day_rep3/Control_5day_rep3_R1.fastq.gz /compbio/scratch/cnobrega/3_REAP/cmoore_019.admera/output/s2_fastq_cutadapt_pair/Control_5day_rep3/Control_5day_rep3_R2.fastq.gz --outReadsUnmapped None --outFilterType BySJout --limitBAMsortRAM 4000000000 --outSAMattributes NH HI NM MD --outSAMtype BAM SortedByCoordinate --outFileNamePrefix /compbio/scratch/cnobrega/3_REAP/cmoore_019.admera/output/s3_star_align/Control_5day_rep3/ --outFilterMultimapNmax 1 --outFilterScoreMinOverLread 0.2 --outFilterMatchNminOverLread 0.2
	STAR version: 2.7.11b   compiled: 2025-04-26T21:39:47+0000 :/opt/conda/conda-bld/star_1745703265435/work/source
Jul 13 20:44:11 ..... started STAR run
Jul 13 20:44:11 ..... loading genome
Jul 13 20:46:10 ..... started mapping
Jul 13 20:46:10 ..... started mapping
Jul 13 20:46:45 ..... finished mapping
Jul 13 20:46:49 ..... started sorting BAM
Jul 13 20:50:27 ..... finished successfully
Starting: Treatment_3day_rep1
java -ea -Xmx37375m -cp /home/cnobrega/miniforge3/envs/reap-env/opt/bbmap-39.28-0/current/ jgi.SplitPairsAndSingles rp overwrite=t in1=/compbio/scratch/cnobrega/3_REAP/cmoore_019.admera/output/s2_fastq_cutadapt/Treatment_3day_rep1/Treatment_3day_rep1_R1.fastq.gz in2=/compbio/scratch/cnobrega/3_REAP/cmoore_019.admera/output/s2_fastq_cutadapt/Treatment_3day_rep1/Treatment_3day_rep1_R2_trimAdapt.5Ttrimmed.fastq.gz out1=/compbio/scratch/cnobrega/3_REAP/cmoore_019.admera/output/s2_fastq_cutadapt_pair/Treatment_3day_rep1/Treatment_3day_rep1_R1.fastq.gz out2=/compbio/scratch/cnobrega/3_REAP/cmoore_019.admera/output/s2_fastq_cutadapt_pair/Treatment_3day_rep1/Treatment_3day_rep1_R2.fastq.gz outs=/compbio/scratch/cnobrega/3_REAP/cmoore_019.admera/output/s2_fastq_cutadapt_pair/Treatment_3day_rep1/Treatment_3day_rep1_unpaired.fastq.gz repair
Executing jgi.SplitPairsAndSingles [rp, overwrite=t, in1=/compbio/scratch/cnobrega/3_REAP/cmoore_019.admera/output/s2_fastq_cutadapt/Treatment_3day_rep1/Treatment_3day_rep1_R1.fastq.gz, in2=/compbio/scratch/cnobrega/3_REAP/cmoore_019.admera/output/s2_fastq_cutadapt/Treatment_3day_rep1/Treatment_3day_rep1_R2_trimAdapt.5Ttrimmed.fastq.gz, out1=/compbio/scratch/cnobrega/3_REAP/cmoore_019.admera/output/s2_fastq_cutadapt_pair/Treatment_3day_rep1/Treatment_3day_rep1_R1.fastq.gz, out2=/compbio/scratch/cnobrega/3_REAP/cmoore_019.admera/output/s2_fastq_cutadapt_pair/Treatment_3day_rep1/Treatment_3day_rep1_R2.fastq.gz, outs=/compbio/scratch/cnobrega/3_REAP/cmoore_019.admera/output/s2_fastq_cutadapt_pair/Treatment_3day_rep1/Treatment_3day_rep1_unpaired.fastq.gz, repair]

Set INTERLEAVED to false
Started output stream.

Input:                  	91021755 reads 		11070011144 bases.
Result:                 	91021755 reads (100.00%) 	11070011144 bases (100.00%)
Pairs:                  	90141922 reads (99.03%) 	10984451233 bases (99.23%)
Singletons:             	879833 reads (0.97%) 	85559911 bases (0.77%)

Time:                         	200.315 seconds.
Reads Processed:      91021k 	454.39k reads/sec
Bases Processed:      11070m 	55.26m bases/sec
	/home/cnobrega/miniforge3/envs/reap-env/bin/STAR-sse4.1 --runThreadN 2 --readFilesCommand zcat --genomeDir /compbio/scratch/cnobrega/3_REAP/ref/star_index_hg38 --readFilesIn /compbio/scratch/cnobrega/3_REAP/cmoore_019.admera/output/s2_fastq_cutadapt_pair/Treatment_3day_rep1/Treatment_3day_rep1_R1.fastq.gz /compbio/scratch/cnobrega/3_REAP/cmoore_019.admera/output/s2_fastq_cutadapt_pair/Treatment_3day_rep1/Treatment_3day_rep1_R2.fastq.gz --outReadsUnmapped None --outFilterType BySJout --limitBAMsortRAM 4000000000 --outSAMattributes NH HI NM MD --outSAMtype BAM SortedByCoordinate --outFileNamePrefix /compbio/scratch/cnobrega/3_REAP/cmoore_019.admera/output/s3_star_align/Treatment_3day_rep1/ --outFilterMultimapNmax 1 --outFilterScoreMinOverLread 0.2 --outFilterMatchNminOverLread 0.2
	STAR version: 2.7.11b   compiled: 2025-04-26T21:39:47+0000 :/opt/conda/conda-bld/star_1745703265435/work/source
Jul 13 20:53:52 ..... started STAR run
Jul 13 20:53:53 ..... loading genome
Jul 13 20:57:06 ..... started mapping
Jul 13 21:07:37 ..... finished mapping
Jul 13 21:07:41 ..... started sorting BAM
Jul 13 21:11:41 ..... finished successfully
Starting: Treatment_3day_rep2
java -ea -Xmx37399m -cp /home/cnobrega/miniforge3/envs/reap-env/opt/bbmap-39.28-0/current/ jgi.SplitPairsAndSingles rp overwrite=t in1=/compbio/scratch/cnobrega/3_REAP/cmoore_019.admera/output/s2_fastq_cutadapt/Treatment_3day_rep2/Treatment_3day_rep2_R1.fastq.gz in2=/compbio/scratch/cnobrega/3_REAP/cmoore_019.admera/output/s2_fastq_cutadapt/Treatment_3day_rep2/Treatment_3day_rep2_R2_trimAdapt.5Ttrimmed.fastq.gz out1=/compbio/scratch/cnobrega/3_REAP/cmoore_019.admera/output/s2_fastq_cutadapt_pair/Treatment_3day_rep2/Treatment_3day_rep2_R1.fastq.gz out2=/compbio/scratch/cnobrega/3_REAP/cmoore_019.admera/output/s2_fastq_cutadapt_pair/Treatment_3day_rep2/Treatment_3day_rep2_R2.fastq.gz outs=/compbio/scratch/cnobrega/3_REAP/cmoore_019.admera/output/s2_fastq_cutadapt_pair/Treatment_3day_rep2/Treatment_3day_rep2_unpaired.fastq.gz repair
Executing jgi.SplitPairsAndSingles [rp, overwrite=t, in1=/compbio/scratch/cnobrega/3_REAP/cmoore_019.admera/output/s2_fastq_cutadapt/Treatment_3day_rep2/Treatment_3day_rep2_R1.fastq.gz, in2=/compbio/scratch/cnobrega/3_REAP/cmoore_019.admera/output/s2_fastq_cutadapt/Treatment_3day_rep2/Treatment_3day_rep2_R2_trimAdapt.5Ttrimmed.fastq.gz, out1=/compbio/scratch/cnobrega/3_REAP/cmoore_019.admera/output/s2_fastq_cutadapt_pair/Treatment_3day_rep2/Treatment_3day_rep2_R1.fastq.gz, out2=/compbio/scratch/cnobrega/3_REAP/cmoore_019.admera/output/s2_fastq_cutadapt_pair/Treatment_3day_rep2/Treatment_3day_rep2_R2.fastq.gz, outs=/compbio/scratch/cnobrega/3_REAP/cmoore_019.admera/output/s2_fastq_cutadapt_pair/Treatment_3day_rep2/Treatment_3day_rep2_unpaired.fastq.gz, repair]

Set INTERLEAVED to false
Started output stream.

Input:                  	72450924 reads 		8962112298 bases.
Result:                 	72450924 reads (100.00%) 	8962112298 bases (100.00%)
Pairs:                  	71883358 reads (99.22%) 	8906955255 bases (99.38%)
Singletons:             	567566 reads (0.78%) 	55157043 bases (0.62%)

Time:                         	153.183 seconds.
Reads Processed:      72450k 	472.97k reads/sec
Bases Processed:       8962m 	58.51m bases/sec
	/home/cnobrega/miniforge3/envs/reap-env/bin/STAR-sse4.1 --runThreadN 2 --readFilesCommand zcat --genomeDir /compbio/scratch/cnobrega/3_REAP/ref/star_index_hg38 --readFilesIn /compbio/scratch/cnobrega/3_REAP/cmoore_019.admera/output/s2_fastq_cutadapt_pair/Treatment_3day_rep2/Treatment_3day_rep2_R1.fastq.gz /compbio/scratch/cnobrega/3_REAP/cmoore_019.admera/output/s2_fastq_cutadapt_pair/Treatment_3day_rep2/Treatment_3day_rep2_R2.fastq.gz --outReadsUnmapped None --outFilterType BySJout --limitBAMsortRAM 4000000000 --outSAMattributes NH HI NM MD --outSAMtype BAM SortedByCoordinate --outFileNamePrefix /compbio/scratch/cnobrega/3_REAP/cmoore_019.admera/output/s3_star_align/Treatment_3day_rep2/ --outFilterMultimapNmax 1 --outFilterScoreMinOverLread 0.2 --outFilterMatchNminOverLread 0.2
	STAR version: 2.7.11b   compiled: 2025-04-26T21:39:47+0000 :/opt/conda/conda-bld/star_1745703265435/work/source
Jul 13 21:14:18 ..... started STAR run
Jul 13 21:14:19 ..... loading genome
Jul 13 21:18:36 ..... started mapping
Jul 13 22:12:47 ..... finished mapping
Jul 13 22:12:50 ..... started sorting BAM
Jul 13 22:18:11 ..... finished successfully
Starting: Treatment_3day_rep3
java -ea -Xmx37323m -cp /home/cnobrega/miniforge3/envs/reap-env/opt/bbmap-39.28-0/current/ jgi.SplitPairsAndSingles rp overwrite=t in1=/compbio/scratch/cnobrega/3_REAP/cmoore_019.admera/output/s2_fastq_cutadapt/Treatment_3day_rep3/Treatment_3day_rep3_R1.fastq.gz in2=/compbio/scratch/cnobrega/3_REAP/cmoore_019.admera/output/s2_fastq_cutadapt/Treatment_3day_rep3/Treatment_3day_rep3_R2_trimAdapt.5Ttrimmed.fastq.gz out1=/compbio/scratch/cnobrega/3_REAP/cmoore_019.admera/output/s2_fastq_cutadapt_pair/Treatment_3day_rep3/Treatment_3day_rep3_R1.fastq.gz out2=/compbio/scratch/cnobrega/3_REAP/cmoore_019.admera/output/s2_fastq_cutadapt_pair/Treatment_3day_rep3/Treatment_3day_rep3_R2.fastq.gz outs=/compbio/scratch/cnobrega/3_REAP/cmoore_019.admera/output/s2_fastq_cutadapt_pair/Treatment_3day_rep3/Treatment_3day_rep3_unpaired.fastq.gz repair
Executing jgi.SplitPairsAndSingles [rp, overwrite=t, in1=/compbio/scratch/cnobrega/3_REAP/cmoore_019.admera/output/s2_fastq_cutadapt/Treatment_3day_rep3/Treatment_3day_rep3_R1.fastq.gz, in2=/compbio/scratch/cnobrega/3_REAP/cmoore_019.admera/output/s2_fastq_cutadapt/Treatment_3day_rep3/Treatment_3day_rep3_R2_trimAdapt.5Ttrimmed.fastq.gz, out1=/compbio/scratch/cnobrega/3_REAP/cmoore_019.admera/output/s2_fastq_cutadapt_pair/Treatment_3day_rep3/Treatment_3day_rep3_R1.fastq.gz, out2=/compbio/scratch/cnobrega/3_REAP/cmoore_019.admera/output/s2_fastq_cutadapt_pair/Treatment_3day_rep3/Treatment_3day_rep3_R2.fastq.gz, outs=/compbio/scratch/cnobrega/3_REAP/cmoore_019.admera/output/s2_fastq_cutadapt_pair/Treatment_3day_rep3/Treatment_3day_rep3_unpaired.fastq.gz, repair]

Set INTERLEAVED to false
Started output stream.

Input:                  	95613286 reads 		11897960488 bases.
Result:                 	95613286 reads (100.00%) 	11897960488 bases (100.00%)
Pairs:                  	94894862 reads (99.25%) 	11824488970 bases (99.38%)
Singletons:             	718424 reads (0.75%) 	73471518 bases (0.62%)

Time:                         	223.206 seconds.
Reads Processed:      95613k 	428.36k reads/sec
Bases Processed:      11897m 	53.30m bases/sec
	/home/cnobrega/miniforge3/envs/reap-env/bin/STAR-sse4.1 --runThreadN 2 --readFilesCommand zcat --genomeDir /compbio/scratch/cnobrega/3_REAP/ref/star_index_hg38 --readFilesIn /compbio/scratch/cnobrega/3_REAP/cmoore_019.admera/output/s2_fastq_cutadapt_pair/Treatment_3day_rep3/Treatment_3day_rep3_R1.fastq.gz /compbio/scratch/cnobrega/3_REAP/cmoore_019.admera/output/s2_fastq_cutadapt_pair/Treatment_3day_rep3/Treatment_3day_rep3_R2.fastq.gz --outReadsUnmapped None --outFilterType BySJout --limitBAMsortRAM 4000000000 --outSAMattributes NH HI NM MD --outSAMtype BAM SortedByCoordinate --outFileNamePrefix /compbio/scratch/cnobrega/3_REAP/cmoore_019.admera/output/s3_star_align/Treatment_3day_rep3/ --outFilterMultimapNmax 1 --outFilterScoreMinOverLread 0.2 --outFilterMatchNminOverLread 0.2
	STAR version: 2.7.11b   compiled: 2025-04-26T21:39:47+0000 :/opt/conda/conda-bld/star_1745703265435/work/source
Jul 13 22:21:59 ..... started STAR run
Jul 13 22:22:00 ..... loading genome
Jul 13 22:26:05 ..... started mapping
Jul 13 22:27:40 ..... finished mapping
Jul 13 22:27:43 ..... started sorting BAM
Jul 13 22:31:39 ..... finished successfully
Starting: Treatment_5day_rep1
java -ea -Xmx37350m -cp /home/cnobrega/miniforge3/envs/reap-env/opt/bbmap-39.28-0/current/ jgi.SplitPairsAndSingles rp overwrite=t in1=/compbio/scratch/cnobrega/3_REAP/cmoore_019.admera/output/s2_fastq_cutadapt/Treatment_5day_rep1/Treatment_5day_rep1_R1.fastq.gz in2=/compbio/scratch/cnobrega/3_REAP/cmoore_019.admera/output/s2_fastq_cutadapt/Treatment_5day_rep1/Treatment_5day_rep1_R2_trimAdapt.5Ttrimmed.fastq.gz out1=/compbio/scratch/cnobrega/3_REAP/cmoore_019.admera/output/s2_fastq_cutadapt_pair/Treatment_5day_rep1/Treatment_5day_rep1_R1.fastq.gz out2=/compbio/scratch/cnobrega/3_REAP/cmoore_019.admera/output/s2_fastq_cutadapt_pair/Treatment_5day_rep1/Treatment_5day_rep1_R2.fastq.gz outs=/compbio/scratch/cnobrega/3_REAP/cmoore_019.admera/output/s2_fastq_cutadapt_pair/Treatment_5day_rep1/Treatment_5day_rep1_unpaired.fastq.gz repair
Executing jgi.SplitPairsAndSingles [rp, overwrite=t, in1=/compbio/scratch/cnobrega/3_REAP/cmoore_019.admera/output/s2_fastq_cutadapt/Treatment_5day_rep1/Treatment_5day_rep1_R1.fastq.gz, in2=/compbio/scratch/cnobrega/3_REAP/cmoore_019.admera/output/s2_fastq_cutadapt/Treatment_5day_rep1/Treatment_5day_rep1_R2_trimAdapt.5Ttrimmed.fastq.gz, out1=/compbio/scratch/cnobrega/3_REAP/cmoore_019.admera/output/s2_fastq_cutadapt_pair/Treatment_5day_rep1/Treatment_5day_rep1_R1.fastq.gz, out2=/compbio/scratch/cnobrega/3_REAP/cmoore_019.admera/output/s2_fastq_cutadapt_pair/Treatment_5day_rep1/Treatment_5day_rep1_R2.fastq.gz, outs=/compbio/scratch/cnobrega/3_REAP/cmoore_019.admera/output/s2_fastq_cutadapt_pair/Treatment_5day_rep1/Treatment_5day_rep1_unpaired.fastq.gz, repair]

Set INTERLEAVED to false
Started output stream.

Input:                  	72985092 reads 		9039738011 bases.
Result:                 	72985092 reads (100.00%) 	9039738011 bases (100.00%)
Pairs:                  	72375930 reads (99.17%) 	8977056088 bases (99.31%)
Singletons:             	609162 reads (0.83%) 	62681923 bases (0.69%)

Time:                         	156.524 seconds.
Reads Processed:      72985k 	466.29k reads/sec
Bases Processed:       9039m 	57.75m bases/sec
	/home/cnobrega/miniforge3/envs/reap-env/bin/STAR-sse4.1 --runThreadN 2 --readFilesCommand zcat --genomeDir /compbio/scratch/cnobrega/3_REAP/ref/star_index_hg38 --readFilesIn /compbio/scratch/cnobrega/3_REAP/cmoore_019.admera/output/s2_fastq_cutadapt_pair/Treatment_5day_rep1/Treatment_5day_rep1_R1.fastq.gz /compbio/scratch/cnobrega/3_REAP/cmoore_019.admera/output/s2_fastq_cutadapt_pair/Treatment_5day_rep1/Treatment_5day_rep1_R2.fastq.gz --outReadsUnmapped None --outFilterType BySJout --limitBAMsortRAM 4000000000 --outSAMattributes NH HI NM MD --outSAMtype BAM SortedByCoordinate --outFileNamePrefix /compbio/scratch/cnobrega/3_REAP/cmoore_019.admera/output/s3_star_align/Treatment_5day_rep1/ --outFilterMultimapNmax 1 --outFilterScoreMinOverLread 0.2 --outFilterMatchNminOverLread 0.2
	STAR version: 2.7.11b   compiled: 2025-04-26T21:39:47+0000 :/opt/conda/conda-bld/star_1745703265435/work/source
Jul 13 22:34:21 ..... started STAR run
Jul 13 22:34:21 ..... loading genome
Jul 13 22:37:00 ..... finished mapping
Jul 13 22:37:04 ..... started sorting BAM
Jul 13 22:38:05 ..... started mapping
Jul 13 22:41:52 ..... finished successfully
Starting: Treatment_5day_rep2
java -ea -Xmx37379m -cp /home/cnobrega/miniforge3/envs/reap-env/opt/bbmap-39.28-0/current/ jgi.SplitPairsAndSingles rp overwrite=t in1=/compbio/scratch/cnobrega/3_REAP/cmoore_019.admera/output/s2_fastq_cutadapt/Treatment_5day_rep2/Treatment_5day_rep2_R1.fastq.gz in2=/compbio/scratch/cnobrega/3_REAP/cmoore_019.admera/output/s2_fastq_cutadapt/Treatment_5day_rep2/Treatment_5day_rep2_R2_trimAdapt.5Ttrimmed.fastq.gz out1=/compbio/scratch/cnobrega/3_REAP/cmoore_019.admera/output/s2_fastq_cutadapt_pair/Treatment_5day_rep2/Treatment_5day_rep2_R1.fastq.gz out2=/compbio/scratch/cnobrega/3_REAP/cmoore_019.admera/output/s2_fastq_cutadapt_pair/Treatment_5day_rep2/Treatment_5day_rep2_R2.fastq.gz outs=/compbio/scratch/cnobrega/3_REAP/cmoore_019.admera/output/s2_fastq_cutadapt_pair/Treatment_5day_rep2/Treatment_5day_rep2_unpaired.fastq.gz repair
Executing jgi.SplitPairsAndSingles [rp, overwrite=t, in1=/compbio/scratch/cnobrega/3_REAP/cmoore_019.admera/output/s2_fastq_cutadapt/Treatment_5day_rep2/Treatment_5day_rep2_R1.fastq.gz, in2=/compbio/scratch/cnobrega/3_REAP/cmoore_019.admera/output/s2_fastq_cutadapt/Treatment_5day_rep2/Treatment_5day_rep2_R2_trimAdapt.5Ttrimmed.fastq.gz, out1=/compbio/scratch/cnobrega/3_REAP/cmoore_019.admera/output/s2_fastq_cutadapt_pair/Treatment_5day_rep2/Treatment_5day_rep2_R1.fastq.gz, out2=/compbio/scratch/cnobrega/3_REAP/cmoore_019.admera/output/s2_fastq_cutadapt_pair/Treatment_5day_rep2/Treatment_5day_rep2_R2.fastq.gz, outs=/compbio/scratch/cnobrega/3_REAP/cmoore_019.admera/output/s2_fastq_cutadapt_pair/Treatment_5day_rep2/Treatment_5day_rep2_unpaired.fastq.gz, repair]

Set INTERLEAVED to false
Started output stream.

Input:                  	84012559 reads 		10278870514 bases.
Result:                 	84012559 reads (100.00%) 	10278870514 bases (100.00%)
Pairs:                  	83327190 reads (99.18%) 	10212531328 bases (99.35%)
Singletons:             	685369 reads (0.82%) 	66339186 bases (0.65%)

Time:                         	179.203 seconds.
Reads Processed:      84012k 	468.81k reads/sec
Bases Processed:      10278m 	57.36m bases/sec
	/home/cnobrega/miniforge3/envs/reap-env/bin/STAR-sse4.1 --runThreadN 2 --readFilesCommand zcat --genomeDir /compbio/scratch/cnobrega/3_REAP/ref/star_index_hg38 --readFilesIn /compbio/scratch/cnobrega/3_REAP/cmoore_019.admera/output/s2_fastq_cutadapt_pair/Treatment_5day_rep2/Treatment_5day_rep2_R1.fastq.gz /compbio/scratch/cnobrega/3_REAP/cmoore_019.admera/output/s2_fastq_cutadapt_pair/Treatment_5day_rep2/Treatment_5day_rep2_R2.fastq.gz --outReadsUnmapped None --outFilterType BySJout --limitBAMsortRAM 4000000000 --outSAMattributes NH HI NM MD --outSAMtype BAM SortedByCoordinate --outFileNamePrefix /compbio/scratch/cnobrega/3_REAP/cmoore_019.admera/output/s3_star_align/Treatment_5day_rep2/ --outFilterMultimapNmax 1 --outFilterScoreMinOverLread 0.2 --outFilterMatchNminOverLread 0.2
	STAR version: 2.7.11b   compiled: 2025-04-26T21:39:47+0000 :/opt/conda/conda-bld/star_1745703265435/work/source
Jul 13 22:44:56 ..... started STAR run
Jul 13 22:44:56 ..... loading genome
Jul 13 22:48:32 ..... started mapping
Jul 13 23:23:08 ..... finished mapping
Jul 13 23:23:11 ..... started sorting BAM
Jul 13 23:28:04 ..... finished successfully
Starting: Treatment_5day_rep3
java -ea -Xmx37332m -cp /home/cnobrega/miniforge3/envs/reap-env/opt/bbmap-39.28-0/current/ jgi.SplitPairsAndSingles rp overwrite=t in1=/compbio/scratch/cnobrega/3_REAP/cmoore_019.admera/output/s2_fastq_cutadapt/Treatment_5day_rep3/Treatment_5day_rep3_R1.fastq.gz in2=/compbio/scratch/cnobrega/3_REAP/cmoore_019.admera/output/s2_fastq_cutadapt/Treatment_5day_rep3/Treatment_5day_rep3_R2_trimAdapt.5Ttrimmed.fastq.gz out1=/compbio/scratch/cnobrega/3_REAP/cmoore_019.admera/output/s2_fastq_cutadapt_pair/Treatment_5day_rep3/Treatment_5day_rep3_R1.fastq.gz out2=/compbio/scratch/cnobrega/3_REAP/cmoore_019.admera/output/s2_fastq_cutadapt_pair/Treatment_5day_rep3/Treatment_5day_rep3_R2.fastq.gz outs=/compbio/scratch/cnobrega/3_REAP/cmoore_019.admera/output/s2_fastq_cutadapt_pair/Treatment_5day_rep3/Treatment_5day_rep3_unpaired.fastq.gz repair
Executing jgi.SplitPairsAndSingles [rp, overwrite=t, in1=/compbio/scratch/cnobrega/3_REAP/cmoore_019.admera/output/s2_fastq_cutadapt/Treatment_5day_rep3/Treatment_5day_rep3_R1.fastq.gz, in2=/compbio/scratch/cnobrega/3_REAP/cmoore_019.admera/output/s2_fastq_cutadapt/Treatment_5day_rep3/Treatment_5day_rep3_R2_trimAdapt.5Ttrimmed.fastq.gz, out1=/compbio/scratch/cnobrega/3_REAP/cmoore_019.admera/output/s2_fastq_cutadapt_pair/Treatment_5day_rep3/Treatment_5day_rep3_R1.fastq.gz, out2=/compbio/scratch/cnobrega/3_REAP/cmoore_019.admera/output/s2_fastq_cutadapt_pair/Treatment_5day_rep3/Treatment_5day_rep3_R2.fastq.gz, outs=/compbio/scratch/cnobrega/3_REAP/cmoore_019.admera/output/s2_fastq_cutadapt_pair/Treatment_5day_rep3/Treatment_5day_rep3_unpaired.fastq.gz, repair]

Set INTERLEAVED to false
Started output stream.

Input:                  	254571081 reads 		28632923022 bases.
Result:                 	254571081 reads (100.00%) 	28632923022 bases (100.00%)
Pairs:                  	249360702 reads (97.95%) 	28171230715 bases (98.39%)
Singletons:             	5210379 reads (2.05%) 	461692307 bases (1.61%)

Time:                         	609.201 seconds.
Reads Processed:        254m 	417.88k reads/sec
Bases Processed:      28632m 	47.00m bases/sec
	/home/cnobrega/miniforge3/envs/reap-env/bin/STAR-sse4.1 --runThreadN 2 --readFilesCommand zcat --genomeDir /compbio/scratch/cnobrega/3_REAP/ref/star_index_hg38 --readFilesIn /compbio/scratch/cnobrega/3_REAP/cmoore_019.admera/output/s2_fastq_cutadapt_pair/Treatment_5day_rep3/Treatment_5day_rep3_R1.fastq.gz /compbio/scratch/cnobrega/3_REAP/cmoore_019.admera/output/s2_fastq_cutadapt_pair/Treatment_5day_rep3/Treatment_5day_rep3_R2.fastq.gz --outReadsUnmapped None --outFilterType BySJout --limitBAMsortRAM 4000000000 --outSAMattributes NH HI NM MD --outSAMtype BAM SortedByCoordinate --outFileNamePrefix /compbio/scratch/cnobrega/3_REAP/cmoore_019.admera/output/s3_star_align/Treatment_5day_rep3/ --outFilterMultimapNmax 1 --outFilterScoreMinOverLread 0.2 --outFilterMatchNminOverLread 0.2
	STAR version: 2.7.11b   compiled: 2025-04-26T21:39:47+0000 :/opt/conda/conda-bld/star_1745703265435/work/source
Jul 13 23:38:21 ..... started STAR run
Jul 13 23:38:22 ..... loading genome
Jul 13 23:42:09 ..... started mapping
Jul 13 23:58:09 ..... finished mapping
Jul 13 23:58:12 ..... started sorting BAM
Jul 14 00:03:33 ..... finished successfully
Jul 14 00:11:24 ..... finished mapping
Jul 14 00:11:27 ..... started sorting BAM
Jul 14 00:17:15 ..... finished successfully
Jul 14 00:24:43 ..... finished mapping
Jul 14 00:24:46 ..... started sorting BAM
Jul 14 00:28:44 ..... finished successfully
Jul 14 04:06:58 ..... finished mapping
Jul 14 04:07:00 ..... started sorting BAM
Jul 14 04:12:43 ..... finished successfully
Compiling STAR alignment statistics...
Step 4: Deduplication
ln: failed to create symbolic link '/compbio/scratch/cnobrega/3_REAP/cmoore_019.admera/output/s4_bam_dedup/Control_3day_rep2/Control_3day_rep2.dedup.bam': File exists
ln: failed to create symbolic link '/compbio/scratch/cnobrega/3_REAP/cmoore_019.admera/output/s4_bam_dedup/Control_3day_rep1/Control_3day_rep1.dedup.bam': File exists
ln: failed to create symbolic link '/compbio/scratch/cnobrega/3_REAP/cmoore_019.admera/output/s4_bam_dedup/Control_3day_rep3/Control_3day_rep3.dedup.bam': File exists
ln: failed to create symbolic link '/compbio/scratch/cnobrega/3_REAP/cmoore_019.admera/output/s4_bam_dedup/Control_5day_rep1/Control_5day_rep1.dedup.bam': File exists
ln: failed to create symbolic link '/compbio/scratch/cnobrega/3_REAP/cmoore_019.admera/output/s4_bam_dedup/Treatment_3day_rep2/Treatment_3day_rep2.dedup.bam': File exists
ln: failed to create symbolic link '/compbio/scratch/cnobrega/3_REAP/cmoore_019.admera/output/s4_bam_dedup/Control_5day_rep3/Control_5day_rep3.dedup.bam': File exists
ln: failed to create symbolic link '/compbio/scratch/cnobrega/3_REAP/cmoore_019.admera/output/s4_bam_dedup/Control_5day_rep2/Control_5day_rep2.dedup.bam': File exists
ln: failed to create symbolic link '/compbio/scratch/cnobrega/3_REAP/cmoore_019.admera/output/s4_bam_dedup/Treatment_3day_rep1/Treatment_3day_rep1.dedup.bam': File exists
ln: failed to create symbolic link '/compbio/scratch/cnobrega/3_REAP/cmoore_019.admera/output/s4_bam_dedup/Treatment_5day_rep1/Treatment_5day_rep1.dedup.bam': File exists
ln: failed to create symbolic link '/compbio/scratch/cnobrega/3_REAP/cmoore_019.admera/output/s4_bam_dedup/Treatment_5day_rep2/Treatment_5day_rep2.dedup.bam': File exists
ln: failed to create symbolic link '/compbio/scratch/cnobrega/3_REAP/cmoore_019.admera/output/s4_bam_dedup/Treatment_3day_rep3/Treatment_3day_rep3.dedup.bam': File exists
ln: failed to create symbolic link '/compbio/scratch/cnobrega/3_REAP/cmoore_019.admera/output/s4_bam_dedup/Treatment_5day_rep3/Treatment_5day_rep3.dedup.bam': File exists
Step 5: Convert BAM to BED
gzip: Control_3day_rep2.dedup_R2.sorted.bed.gz already exists;	not overwritten
gzip: Control_3day_rep3.dedup_R2.sorted.bed.gz already exists;	not overwritten
gzip: Control_5day_rep1.dedup_R2.sorted.bed.gz already exists;	not overwritten
gzip: Control_3day_rep1.dedup_R2.sorted.bed.gz already exists;	not overwritten
gzip: Control_5day_rep3.dedup_R2.sorted.bed.gz already exists;	not overwritten
gzip: Treatment_3day_rep2.dedup_R2.sorted.bed.gz already exists;	not overwritten
gzip: Control_5day_rep2.dedup_R2.sorted.bed.gz already exists;	not overwritten
gzip: Treatment_3day_rep1.dedup_R2.sorted.bed.gz already exists;	not overwritten
gzip: Treatment_5day_rep1.dedup_R2.sorted.bed.gz already exists;	not overwritten
gzip: Treatment_5day_rep2.dedup_R2.sorted.bed.gz already exists;	not overwritten
gzip: Treatment_3day_rep3.dedup_R2.sorted.bed.gz already exists;	not overwritten
gzip: Treatment_5day_rep3.dedup_R2.sorted.bed.gz already exists;	not overwritten
Step 6: LAP/PAS analysis
Loading required package: tidyverse
Loading required package: tidyverse
Loading required package: tidyverse
Loading required package: tidyverse
── Attaching core tidyverse packages ──────────────────────── tidyverse 2.0.0 ──
✔ dplyr     1.1.4     ✔ readr     2.1.5
✔ forcats   1.0.0     ✔ stringr   1.5.1
✔ ggplot2   3.5.2     ✔ tibble    3.3.0
✔ lubridate 1.9.4     ✔ tidyr     1.3.1
✔ purrr     1.0.4     
── Attaching core tidyverse packages ──────────────────────── tidyverse 2.0.0 ──
✔ dplyr     1.1.4     ✔ readr     2.1.5
✔ forcats   1.0.0     ✔ stringr   1.5.1
✔ ggplot2   3.5.2     ✔ tibble    3.3.0
✔ lubridate 1.9.4     ✔ tidyr     1.3.1
✔ purrr     1.0.4     
── Attaching core tidyverse packages ──────────────────────── tidyverse 2.0.0 ──
✔ dplyr     1.1.4     ✔ readr     2.1.5
✔ forcats   1.0.0     ✔ stringr   1.5.1
✔ ggplot2   3.5.2     ✔ tibble    3.3.0
✔ lubridate 1.9.4     ✔ tidyr     1.3.1
✔ purrr     1.0.4     
── Attaching core tidyverse packages ──────────────────────── tidyverse 2.0.0 ──
✔ dplyr     1.1.4     ✔ readr     2.1.5
✔ forcats   1.0.0     ✔ stringr   1.5.1
✔ ggplot2   3.5.2     ✔ tibble    3.3.0
✔ lubridate 1.9.4     ✔ tidyr     1.3.1
✔ purrr     1.0.4     
── Conflicts ────────────────────────────────────────── tidyverse_conflicts() ──
✖ dplyr::filter() masks stats::filter()
✖ dplyr::lag()    masks stats::lag()
ℹ Use the conflicted package (<http://conflicted.r-lib.org/>) to force all conflicts to become errors
Loading required package: plyranges
── Conflicts ────────────────────────────────────────── tidyverse_conflicts() ──
✖ dplyr::filter() masks stats::filter()
✖ dplyr::lag()    masks stats::lag()
ℹ Use the conflicted package (<http://conflicted.r-lib.org/>) to force all conflicts to become errors
Loading required package: plyranges
── Conflicts ────────────────────────────────────────── tidyverse_conflicts() ──
✖ dplyr::filter() masks stats::filter()
✖ dplyr::lag()    masks stats::lag()
ℹ Use the conflicted package (<http://conflicted.r-lib.org/>) to force all conflicts to become errors
Loading required package: plyranges
── Conflicts ────────────────────────────────────────── tidyverse_conflicts() ──
✖ dplyr::filter() masks stats::filter()
✖ dplyr::lag()    masks stats::lag()
ℹ Use the conflicted package (<http://conflicted.r-lib.org/>) to force all conflicts to become errors
Loading required package: plyranges
Loading required package: BiocGenerics
Loading required package: BiocGenerics
Loading required package: BiocGenerics
Loading required package: BiocGenerics

Attaching package: ‘BiocGenerics’


Attaching package: ‘BiocGenerics’


Attaching package: ‘BiocGenerics’

The following objects are masked from ‘package:lubridate’:

    intersect, setdiff, union

The following objects are masked from ‘package:lubridate’:

    intersect, setdiff, union

The following objects are masked from ‘package:dplyr’:

    combine, intersect, setdiff, union

The following objects are masked from ‘package:dplyr’:

    combine, intersect, setdiff, union

The following objects are masked from ‘package:stats’:

    IQR, mad, sd, var, xtabs

The following objects are masked from ‘package:stats’:

    IQR, mad, sd, var, xtabs

The following objects are masked from ‘package:lubridate’:

    intersect, setdiff, union

The following objects are masked from ‘package:dplyr’:

    combine, intersect, setdiff, union

The following objects are masked from ‘package:base’:

    anyDuplicated, aperm, append, as.data.frame, basename, cbind,
    colnames, dirname, do.call, duplicated, eval, evalq, Filter, Find,
    get, grep, grepl, intersect, is.unsorted, lapply, Map, mapply,
    match, mget, order, paste, pmax, pmax.int, pmin, pmin.int,
    Position, rank, rbind, Reduce, rownames, sapply, saveRDS, setdiff,
    table, tapply, union, unique, unsplit, which.max, which.min

The following objects are masked from ‘package:base’:

    anyDuplicated, aperm, append, as.data.frame, basename, cbind,
    colnames, dirname, do.call, duplicated, eval, evalq, Filter, Find,
    get, grep, grepl, intersect, is.unsorted, lapply, Map, mapply,
    match, mget, order, paste, pmax, pmax.int, pmin, pmin.int,
    Position, rank, rbind, Reduce, rownames, sapply, saveRDS, setdiff,
    table, tapply, union, unique, unsplit, which.max, which.min

The following objects are masked from ‘package:stats’:

    IQR, mad, sd, var, xtabs

The following objects are masked from ‘package:base’:

    anyDuplicated, aperm, append, as.data.frame, basename, cbind,
    colnames, dirname, do.call, duplicated, eval, evalq, Filter, Find,
    get, grep, grepl, intersect, is.unsorted, lapply, Map, mapply,
    match, mget, order, paste, pmax, pmax.int, pmin, pmin.int,
    Position, rank, rbind, Reduce, rownames, sapply, saveRDS, setdiff,
    table, tapply, union, unique, unsplit, which.max, which.min


Attaching package: ‘BiocGenerics’

The following objects are masked from ‘package:lubridate’:

    intersect, setdiff, union

The following objects are masked from ‘package:dplyr’:

    combine, intersect, setdiff, union

The following objects are masked from ‘package:stats’:

    IQR, mad, sd, var, xtabs

The following objects are masked from ‘package:base’:

    anyDuplicated, aperm, append, as.data.frame, basename, cbind,
    colnames, dirname, do.call, duplicated, eval, evalq, Filter, Find,
    get, grep, grepl, intersect, is.unsorted, lapply, Map, mapply,
    match, mget, order, paste, pmax, pmax.int, pmin, pmin.int,
    Position, rank, rbind, Reduce, rownames, sapply, saveRDS, setdiff,
    table, tapply, union, unique, unsplit, which.max, which.min

Loading required package: IRanges
Loading required package: IRanges
Loading required package: IRanges
Loading required package: IRanges
Loading required package: S4Vectors
Loading required package: S4Vectors
Loading required package: S4Vectors
Loading required package: S4Vectors
Loading required package: stats4
Loading required package: stats4
Loading required package: stats4
Loading required package: stats4

Attaching package: ‘S4Vectors’

The following objects are masked from ‘package:lubridate’:

    second, second<-

The following objects are masked from ‘package:dplyr’:

    first, rename

The following object is masked from ‘package:tidyr’:

    expand

The following object is masked from ‘package:utils’:

    findMatches

The following objects are masked from ‘package:base’:

    expand.grid, I, unname


Attaching package: ‘S4Vectors’

The following objects are masked from ‘package:lubridate’:

    second, second<-

The following objects are masked from ‘package:dplyr’:

    first, rename


Attaching package: ‘S4Vectors’

The following object is masked from ‘package:tidyr’:

    expand

The following objects are masked from ‘package:lubridate’:

    second, second<-

The following object is masked from ‘package:utils’:

    findMatches

The following objects are masked from ‘package:dplyr’:

    first, rename

The following objects are masked from ‘package:base’:

    expand.grid, I, unname

The following object is masked from ‘package:tidyr’:

    expand

The following object is masked from ‘package:utils’:

    findMatches

The following objects are masked from ‘package:base’:

    expand.grid, I, unname


Attaching package: ‘S4Vectors’

The following objects are masked from ‘package:lubridate’:

    second, second<-

The following objects are masked from ‘package:dplyr’:

    first, rename

The following object is masked from ‘package:tidyr’:

    expand

The following object is masked from ‘package:utils’:

    findMatches

The following objects are masked from ‘package:base’:

    expand.grid, I, unname


Attaching package: ‘IRanges’

The following object is masked from ‘package:lubridate’:

    %within%

The following objects are masked from ‘package:dplyr’:

    collapse, desc, slice

The following object is masked from ‘package:purrr’:

    reduce


Attaching package: ‘IRanges’

The following object is masked from ‘package:lubridate’:

    %within%

The following objects are masked from ‘package:dplyr’:

    collapse, desc, slice

The following object is masked from ‘package:purrr’:

    reduce


Attaching package: ‘IRanges’

The following object is masked from ‘package:lubridate’:

    %within%

The following objects are masked from ‘package:dplyr’:

    collapse, desc, slice

The following object is masked from ‘package:purrr’:

    reduce

Loading required package: GenomicRanges
Loading required package: GenomicRanges
Loading required package: GenomicRanges

Attaching package: ‘IRanges’

The following object is masked from ‘package:lubridate’:

    %within%

The following objects are masked from ‘package:dplyr’:

    collapse, desc, slice

The following object is masked from ‘package:purrr’:

    reduce

Loading required package: GenomeInfoDb
Loading required package: GenomeInfoDb
Loading required package: GenomeInfoDb
Loading required package: GenomicRanges
Loading required package: GenomeInfoDb

Attaching package: ‘plyranges’

The following object is masked from ‘package:IRanges’:

    slice

The following objects are masked from ‘package:dplyr’:

    between, n, n_distinct

The following object is masked from ‘package:stats’:

    filter

Loading required package: GenomicAlignments

Attaching package: ‘plyranges’


Attaching package: ‘plyranges’

The following object is masked from ‘package:IRanges’:

    slice

The following object is masked from ‘package:IRanges’:

    slice

The following objects are masked from ‘package:dplyr’:

    between, n, n_distinct

The following objects are masked from ‘package:dplyr’:

    between, n, n_distinct

The following object is masked from ‘package:stats’:

    filter

The following object is masked from ‘package:stats’:

    filter

Loading required package: GenomicAlignments
Loading required package: GenomicAlignments

Attaching package: ‘plyranges’

The following object is masked from ‘package:IRanges’:

    slice

The following objects are masked from ‘package:dplyr’:

    between, n, n_distinct

The following object is masked from ‘package:stats’:

    filter

Loading required package: GenomicAlignments
Loading required package: SummarizedExperiment
Loading required package: SummarizedExperiment
Loading required package: SummarizedExperiment
Loading required package: MatrixGenerics
Loading required package: MatrixGenerics
Loading required package: MatrixGenerics
Loading required package: SummarizedExperiment
Loading required package: matrixStats
Loading required package: matrixStats
Loading required package: matrixStats
Loading required package: MatrixGenerics
Loading required package: matrixStats

Attaching package: ‘matrixStats’

The following object is masked from ‘package:dplyr’:

    count


Attaching package: ‘matrixStats’

The following object is masked from ‘package:dplyr’:

    count


Attaching package: ‘matrixStats’

The following object is masked from ‘package:dplyr’:

    count


Attaching package: ‘matrixStats’

The following object is masked from ‘package:dplyr’:

    count


Attaching package: ‘MatrixGenerics’

The following objects are masked from ‘package:matrixStats’:

    colAlls, colAnyNAs, colAnys, colAvgsPerRowSet, colCollapse,
    colCounts, colCummaxs, colCummins, colCumprods, colCumsums,
    colDiffs, colIQRDiffs, colIQRs, colLogSumExps, colMadDiffs,
    colMads, colMaxs, colMeans2, colMedians, colMins, colOrderStats,
    colProds, colQuantiles, colRanges, colRanks, colSdDiffs, colSds,
    colSums2, colTabulates, colVarDiffs, colVars, colWeightedMads,
    colWeightedMeans, colWeightedMedians, colWeightedSds,
    colWeightedVars, rowAlls, rowAnyNAs, rowAnys, rowAvgsPerColSet,
    rowCollapse, rowCounts, rowCummaxs, rowCummins, rowCumprods,
    rowCumsums, rowDiffs, rowIQRDiffs, rowIQRs, rowLogSumExps,
    rowMadDiffs, rowMads, rowMaxs, rowMeans2, rowMedians, rowMins,
    rowOrderStats, rowProds, rowQuantiles, rowRanges, rowRanks,
    rowSdDiffs, rowSds, rowSums2, rowTabulates, rowVarDiffs, rowVars,
    rowWeightedMads, rowWeightedMeans, rowWeightedMedians,
    rowWeightedSds, rowWeightedVars


Attaching package: ‘MatrixGenerics’

The following objects are masked from ‘package:matrixStats’:

    colAlls, colAnyNAs, colAnys, colAvgsPerRowSet, colCollapse,
    colCounts, colCummaxs, colCummins, colCumprods, colCumsums,
    colDiffs, colIQRDiffs, colIQRs, colLogSumExps, colMadDiffs,
    colMads, colMaxs, colMeans2, colMedians, colMins, colOrderStats,
    colProds, colQuantiles, colRanges, colRanks, colSdDiffs, colSds,
    colSums2, colTabulates, colVarDiffs, colVars, colWeightedMads,
    colWeightedMeans, colWeightedMedians, colWeightedSds,
    colWeightedVars, rowAlls, rowAnyNAs, rowAnys, rowAvgsPerColSet,
    rowCollapse, rowCounts, rowCummaxs, rowCummins, rowCumprods,
    rowCumsums, rowDiffs, rowIQRDiffs, rowIQRs, rowLogSumExps,
    rowMadDiffs, rowMads, rowMaxs, rowMeans2, rowMedians, rowMins,
    rowOrderStats, rowProds, rowQuantiles, rowRanges, rowRanks,
    rowSdDiffs, rowSds, rowSums2, rowTabulates, rowVarDiffs, rowVars,
    rowWeightedMads, rowWeightedMeans, rowWeightedMedians,
    rowWeightedSds, rowWeightedVars


Attaching package: ‘MatrixGenerics’

The following objects are masked from ‘package:matrixStats’:

    colAlls, colAnyNAs, colAnys, colAvgsPerRowSet, colCollapse,
    colCounts, colCummaxs, colCummins, colCumprods, colCumsums,
    colDiffs, colIQRDiffs, colIQRs, colLogSumExps, colMadDiffs,
    colMads, colMaxs, colMeans2, colMedians, colMins, colOrderStats,
    colProds, colQuantiles, colRanges, colRanks, colSdDiffs, colSds,
    colSums2, colTabulates, colVarDiffs, colVars, colWeightedMads,
    colWeightedMeans, colWeightedMedians, colWeightedSds,
    colWeightedVars, rowAlls, rowAnyNAs, rowAnys, rowAvgsPerColSet,
    rowCollapse, rowCounts, rowCummaxs, rowCummins, rowCumprods,
    rowCumsums, rowDiffs, rowIQRDiffs, rowIQRs, rowLogSumExps,
    rowMadDiffs, rowMads, rowMaxs, rowMeans2, rowMedians, rowMins,
    rowOrderStats, rowProds, rowQuantiles, rowRanges, rowRanks,
    rowSdDiffs, rowSds, rowSums2, rowTabulates, rowVarDiffs, rowVars,
    rowWeightedMads, rowWeightedMeans, rowWeightedMedians,
    rowWeightedSds, rowWeightedVars

Loading required package: Biobase
Loading required package: Biobase
Loading required package: Biobase

Attaching package: ‘MatrixGenerics’

The following objects are masked from ‘package:matrixStats’:

    colAlls, colAnyNAs, colAnys, colAvgsPerRowSet, colCollapse,
    colCounts, colCummaxs, colCummins, colCumprods, colCumsums,
    colDiffs, colIQRDiffs, colIQRs, colLogSumExps, colMadDiffs,
    colMads, colMaxs, colMeans2, colMedians, colMins, colOrderStats,
    colProds, colQuantiles, colRanges, colRanks, colSdDiffs, colSds,
    colSums2, colTabulates, colVarDiffs, colVars, colWeightedMads,
    colWeightedMeans, colWeightedMedians, colWeightedSds,
    colWeightedVars, rowAlls, rowAnyNAs, rowAnys, rowAvgsPerColSet,
    rowCollapse, rowCounts, rowCummaxs, rowCummins, rowCumprods,
    rowCumsums, rowDiffs, rowIQRDiffs, rowIQRs, rowLogSumExps,
    rowMadDiffs, rowMads, rowMaxs, rowMeans2, rowMedians, rowMins,
    rowOrderStats, rowProds, rowQuantiles, rowRanges, rowRanks,
    rowSdDiffs, rowSds, rowSums2, rowTabulates, rowVarDiffs, rowVars,
    rowWeightedMads, rowWeightedMeans, rowWeightedMedians,
    rowWeightedSds, rowWeightedVars

Loading required package: Biobase
Welcome to Bioconductor

    Vignettes contain introductory material; view with
    'browseVignettes()'. To cite Bioconductor, see
    'citation("Biobase")', and for packages 'citation("pkgname")'.

Welcome to Bioconductor

    Vignettes contain introductory material; view with
    'browseVignettes()'. To cite Bioconductor, see
    'citation("Biobase")', and for packages 'citation("pkgname")'.

Welcome to Bioconductor

    Vignettes contain introductory material; view with
    'browseVignettes()'. To cite Bioconductor, see
    'citation("Biobase")', and for packages 'citation("pkgname")'.


Attaching package: ‘Biobase’

The following object is masked from ‘package:MatrixGenerics’:

    rowMedians

The following objects are masked from ‘package:matrixStats’:

    anyMissing, rowMedians


Attaching package: ‘Biobase’

The following object is masked from ‘package:MatrixGenerics’:

    rowMedians

Welcome to Bioconductor

    Vignettes contain introductory material; view with
    'browseVignettes()'. To cite Bioconductor, see
    'citation("Biobase")', and for packages 'citation("pkgname")'.


Attaching package: ‘Biobase’

The following objects are masked from ‘package:matrixStats’:

    anyMissing, rowMedians

The following object is masked from ‘package:MatrixGenerics’:

    rowMedians

The following objects are masked from ‘package:matrixStats’:

    anyMissing, rowMedians


Attaching package: ‘Biobase’

The following object is masked from ‘package:MatrixGenerics’:

    rowMedians

The following objects are masked from ‘package:matrixStats’:

    anyMissing, rowMedians

Loading required package: Biostrings
Loading required package: Biostrings
Loading required package: Biostrings
Loading required package: Biostrings
Loading required package: XVector
Loading required package: XVector
Loading required package: XVector
Loading required package: XVector

Attaching package: ‘XVector’

The following object is masked from ‘package:purrr’:

    compact


Attaching package: ‘XVector’

The following object is masked from ‘package:purrr’:

    compact


Attaching package: ‘XVector’

The following object is masked from ‘package:purrr’:

    compact


Attaching package: ‘XVector’

The following object is masked from ‘package:purrr’:

    compact


Attaching package: ‘Biostrings’

The following object is masked from ‘package:base’:

    strsplit


Attaching package: ‘Biostrings’

The following object is masked from ‘package:base’:

    strsplit

Loading required package: Rsamtools
Loading required package: Rsamtools

Attaching package: ‘Biostrings’

The following object is masked from ‘package:base’:

    strsplit

Loading required package: Rsamtools

Attaching package: ‘Biostrings’

The following object is masked from ‘package:base’:

    strsplit

Loading required package: Rsamtools

Attaching package: ‘GenomicAlignments’


Attaching package: ‘GenomicAlignments’

The following object is masked from ‘package:dplyr’:

    last

The following object is masked from ‘package:dplyr’:

    last

Loading required package: patchwork
Loading required package: patchwork

Attaching package: ‘GenomicAlignments’

The following object is masked from ‘package:dplyr’:

    last

Loading required package: patchwork

Attaching package: ‘GenomicAlignments’

The following object is masked from ‘package:dplyr’:

    last

Loading required package: patchwork
[1] "sample name, 63"
[1][1] "sample name, 63" "sample name, 63"

[1] "sample name, 63"
Error in read.table(bed_dir, header = F, sep = "\t", quote = "", stringsAsFactors = FALSE) : 
  no lines available in input
Error in read.table(bed_dir, header = F, sep = "\t", quote = "", stringsAsFactors = FALSE) : 
  no lines available in input
Error in read.table(bed_dir, header = F, sep = "\t", quote = "", stringsAsFactors = FALSE) : 
  no lines available in input
In addition: In addition: In addition: Warning message:
Warning message:
Warning message:
In file(file, "rt") :In file(file, "rt") :In file(file, "rt") :
 
 
  using 'raw = TRUE' because '/dev/fd/63' is a fifo or pipe
 using 'raw = TRUE' because '/dev/fd/63' is a fifo or pipe
 using 'raw = TRUE' because '/dev/fd/63' is a fifo or pipe
Execution halted
Execution halted
Execution halted
Error in read.table(bed_dir, header = F, sep = "\t", quote = "", stringsAsFactors = FALSE) : 
  no lines available in input
In addition: Warning message:
In file(file, "rt") :
  using 'raw = TRUE' because '/dev/fd/63' is a fifo or pipe
Execution halted
Loading required package: tidyverse
Loading required package: tidyverse
Loading required package: tidyverse
Loading required package: tidyverse
── Attaching core tidyverse packages ──────────────────────── tidyverse 2.0.0 ──
✔ dplyr     1.1.4     ✔ readr     2.1.5
✔ forcats   1.0.0     ✔ stringr   1.5.1
✔ ggplot2   3.5.2     ✔ tibble    3.3.0
✔ lubridate 1.9.4     ✔ tidyr     1.3.1
✔ purrr     1.0.4     
── Attaching core tidyverse packages ──────────────────────── tidyverse 2.0.0 ──
✔ dplyr     1.1.4     ✔ readr     2.1.5
✔ forcats   1.0.0     ✔ stringr   1.5.1
✔ ggplot2   3.5.2     ✔ tibble    3.3.0
✔ lubridate 1.9.4     ✔ tidyr     1.3.1
✔ purrr     1.0.4     
── Attaching core tidyverse packages ──────────────────────── tidyverse 2.0.0 ──
✔ dplyr     1.1.4     ✔ readr     2.1.5
✔ forcats   1.0.0     ✔ stringr   1.5.1
✔ ggplot2   3.5.2     ✔ tibble    3.3.0
✔ lubridate 1.9.4     ✔ tidyr     1.3.1
✔ purrr     1.0.4     
── Conflicts ────────────────────────────────────────── tidyverse_conflicts() ──
✖ dplyr::filter() masks stats::filter()
✖ dplyr::lag()    masks stats::lag()
ℹ Use the conflicted package (<http://conflicted.r-lib.org/>) to force all conflicts to become errors
Loading required package: plyranges
── Attaching core tidyverse packages ──────────────────────── tidyverse 2.0.0 ──
✔ dplyr     1.1.4     ✔ readr     2.1.5
✔ forcats   1.0.0     ✔ stringr   1.5.1
✔ ggplot2   3.5.2     ✔ tibble    3.3.0
✔ lubridate 1.9.4     ✔ tidyr     1.3.1
✔ purrr     1.0.4     
Loading required package: BiocGenerics
── Conflicts ────────────────────────────────────────── tidyverse_conflicts() ──
✖ dplyr::filter() masks stats::filter()
✖ dplyr::lag()    masks stats::lag()
ℹ Use the conflicted package (<http://conflicted.r-lib.org/>) to force all conflicts to become errors
Loading required package: plyranges
Loading required package: BiocGenerics
── Conflicts ────────────────────────────────────────── tidyverse_conflicts() ──
✖ dplyr::filter() masks stats::filter()
✖ dplyr::lag()    masks stats::lag()
ℹ Use the conflicted package (<http://conflicted.r-lib.org/>) to force all conflicts to become errors
Loading required package: plyranges
Loading required package: BiocGenerics
── Conflicts ────────────────────────────────────────── tidyverse_conflicts() ──
✖ dplyr::filter() masks stats::filter()
✖ dplyr::lag()    masks stats::lag()
ℹ Use the conflicted package (<http://conflicted.r-lib.org/>) to force all conflicts to become errors
Loading required package: plyranges
Loading required package: BiocGenerics

Attaching package: ‘BiocGenerics’

The following objects are masked from ‘package:lubridate’:

    intersect, setdiff, union

The following objects are masked from ‘package:dplyr’:

    combine, intersect, setdiff, union

The following objects are masked from ‘package:stats’:

    IQR, mad, sd, var, xtabs

The following objects are masked from ‘package:base’:

    anyDuplicated, aperm, append, as.data.frame, basename, cbind,
    colnames, dirname, do.call, duplicated, eval, evalq, Filter, Find,
    get, grep, grepl, intersect, is.unsorted, lapply, Map, mapply,
    match, mget, order, paste, pmax, pmax.int, pmin, pmin.int,
    Position, rank, rbind, Reduce, rownames, sapply, saveRDS, setdiff,
    table, tapply, union, unique, unsplit, which.max, which.min

Loading required package: IRanges

Attaching package: ‘BiocGenerics’

The following objects are masked from ‘package:lubridate’:

    intersect, setdiff, union

The following objects are masked from ‘package:dplyr’:

    combine, intersect, setdiff, union

The following objects are masked from ‘package:stats’:

    IQR, mad, sd, var, xtabs

The following objects are masked from ‘package:base’:

    anyDuplicated, aperm, append, as.data.frame, basename, cbind,
    colnames, dirname, do.call, duplicated, eval, evalq, Filter, Find,
    get, grep, grepl, intersect, is.unsorted, lapply, Map, mapply,
    match, mget, order, paste, pmax, pmax.int, pmin, pmin.int,
    Position, rank, rbind, Reduce, rownames, sapply, saveRDS, setdiff,
    table, tapply, union, unique, unsplit, which.max, which.min

Loading required package: S4Vectors
Loading required package: IRanges
Loading required package: stats4
Loading required package: S4Vectors

Attaching package: ‘BiocGenerics’

The following objects are masked from ‘package:lubridate’:

    intersect, setdiff, union

The following objects are masked from ‘package:dplyr’:

    combine, intersect, setdiff, union

The following objects are masked from ‘package:stats’:

    IQR, mad, sd, var, xtabs

The following objects are masked from ‘package:base’:

    anyDuplicated, aperm, append, as.data.frame, basename, cbind,
    colnames, dirname, do.call, duplicated, eval, evalq, Filter, Find,
    get, grep, grepl, intersect, is.unsorted, lapply, Map, mapply,
    match, mget, order, paste, pmax, pmax.int, pmin, pmin.int,
    Position, rank, rbind, Reduce, rownames, sapply, saveRDS, setdiff,
    table, tapply, union, unique, unsplit, which.max, which.min

Loading required package: stats4
Loading required package: IRanges
Loading required package: S4Vectors
Loading required package: stats4

Attaching package: ‘BiocGenerics’

The following objects are masked from ‘package:lubridate’:

    intersect, setdiff, union

The following objects are masked from ‘package:dplyr’:

    combine, intersect, setdiff, union

The following objects are masked from ‘package:stats’:

    IQR, mad, sd, var, xtabs

The following objects are masked from ‘package:base’:

    anyDuplicated, aperm, append, as.data.frame, basename, cbind,
    colnames, dirname, do.call, duplicated, eval, evalq, Filter, Find,
    get, grep, grepl, intersect, is.unsorted, lapply, Map, mapply,
    match, mget, order, paste, pmax, pmax.int, pmin, pmin.int,
    Position, rank, rbind, Reduce, rownames, sapply, saveRDS, setdiff,
    table, tapply, union, unique, unsplit, which.max, which.min

Loading required package: IRanges
Loading required package: S4Vectors
Loading required package: stats4

Attaching package: ‘S4Vectors’

The following objects are masked from ‘package:lubridate’:

    second, second<-

The following objects are masked from ‘package:dplyr’:

    first, rename

The following object is masked from ‘package:tidyr’:

    expand

The following object is masked from ‘package:utils’:

    findMatches

The following objects are masked from ‘package:base’:

    expand.grid, I, unname


Attaching package: ‘S4Vectors’

The following objects are masked from ‘package:lubridate’:

    second, second<-

The following objects are masked from ‘package:dplyr’:

    first, rename

The following object is masked from ‘package:tidyr’:

    expand

The following object is masked from ‘package:utils’:

    findMatches

The following objects are masked from ‘package:base’:

    expand.grid, I, unname


Attaching package: ‘S4Vectors’

The following objects are masked from ‘package:lubridate’:

    second, second<-

The following objects are masked from ‘package:dplyr’:

    first, rename

The following object is masked from ‘package:tidyr’:

    expand

The following object is masked from ‘package:utils’:

    findMatches

The following objects are masked from ‘package:base’:

    expand.grid, I, unname


Attaching package: ‘S4Vectors’

The following objects are masked from ‘package:lubridate’:

    second, second<-

The following objects are masked from ‘package:dplyr’:

    first, rename

The following object is masked from ‘package:tidyr’:

    expand

The following object is masked from ‘package:utils’:

    findMatches

The following objects are masked from ‘package:base’:

    expand.grid, I, unname


Attaching package: ‘IRanges’

The following object is masked from ‘package:lubridate’:

    %within%

The following objects are masked from ‘package:dplyr’:

    collapse, desc, slice

The following object is masked from ‘package:purrr’:

    reduce

Loading required package: GenomicRanges
Loading required package: GenomeInfoDb

Attaching package: ‘IRanges’

The following object is masked from ‘package:lubridate’:

    %within%

The following objects are masked from ‘package:dplyr’:

    collapse, desc, slice

The following object is masked from ‘package:purrr’:

    reduce

Loading required package: GenomicRanges
Loading required package: GenomeInfoDb

Attaching package: ‘IRanges’

The following object is masked from ‘package:lubridate’:

    %within%

The following objects are masked from ‘package:dplyr’:

    collapse, desc, slice

The following object is masked from ‘package:purrr’:

    reduce

Loading required package: GenomicRanges
Loading required package: GenomeInfoDb

Attaching package: ‘IRanges’

The following object is masked from ‘package:lubridate’:

    %within%

The following objects are masked from ‘package:dplyr’:

    collapse, desc, slice

The following object is masked from ‘package:purrr’:

    reduce

Loading required package: GenomicRanges
Loading required package: GenomeInfoDb

Attaching package: ‘plyranges’

The following object is masked from ‘package:IRanges’:

    slice

The following objects are masked from ‘package:dplyr’:

    between, n, n_distinct

The following object is masked from ‘package:stats’:

    filter

Loading required package: GenomicAlignments
Loading required package: SummarizedExperiment
Loading required package: MatrixGenerics
Loading required package: matrixStats

Attaching package: ‘matrixStats’

The following object is masked from ‘package:dplyr’:

    count


Attaching package: ‘MatrixGenerics’

The following objects are masked from ‘package:matrixStats’:

    colAlls, colAnyNAs, colAnys, colAvgsPerRowSet, colCollapse,
    colCounts, colCummaxs, colCummins, colCumprods, colCumsums,
    colDiffs, colIQRDiffs, colIQRs, colLogSumExps, colMadDiffs,
    colMads, colMaxs, colMeans2, colMedians, colMins, colOrderStats,
    colProds, colQuantiles, colRanges, colRanks, colSdDiffs, colSds,
    colSums2, colTabulates, colVarDiffs, colVars, colWeightedMads,
    colWeightedMeans, colWeightedMedians, colWeightedSds,
    colWeightedVars, rowAlls, rowAnyNAs, rowAnys, rowAvgsPerColSet,
    rowCollapse, rowCounts, rowCummaxs, rowCummins, rowCumprods,
    rowCumsums, rowDiffs, rowIQRDiffs, rowIQRs, rowLogSumExps,
    rowMadDiffs, rowMads, rowMaxs, rowMeans2, rowMedians, rowMins,
    rowOrderStats, rowProds, rowQuantiles, rowRanges, rowRanks,
    rowSdDiffs, rowSds, rowSums2, rowTabulates, rowVarDiffs, rowVars,
    rowWeightedMads, rowWeightedMeans, rowWeightedMedians,
    rowWeightedSds, rowWeightedVars

Loading required package: Biobase
Welcome to Bioconductor

    Vignettes contain introductory material; view with
    'browseVignettes()'. To cite Bioconductor, see
    'citation("Biobase")', and for packages 'citation("pkgname")'.


Attaching package: ‘Biobase’

The following object is masked from ‘package:MatrixGenerics’:

    rowMedians

The following objects are masked from ‘package:matrixStats’:

    anyMissing, rowMedians

Loading required package: Biostrings
Loading required package: XVector

Attaching package: ‘XVector’

The following object is masked from ‘package:purrr’:

    compact


Attaching package: ‘Biostrings’

The following object is masked from ‘package:base’:

    strsplit

Loading required package: Rsamtools

Attaching package: ‘GenomicAlignments’

The following object is masked from ‘package:dplyr’:

    last

Loading required package: patchwork

Attaching package: ‘plyranges’

The following object is masked from ‘package:IRanges’:

    slice

The following objects are masked from ‘package:dplyr’:

    between, n, n_distinct

The following object is masked from ‘package:stats’:

    filter

Loading required package: GenomicAlignments
[1] "sample name, 63"
Error in read.table(bed_dir, header = F, sep = "\t", quote = "", stringsAsFactors = FALSE) : 
  no lines available in input
In addition: Warning message:
In file(file, "rt") :
  using 'raw = TRUE' because '/dev/fd/63' is a fifo or pipe
Execution halted
Loading required package: SummarizedExperiment
Loading required package: MatrixGenerics
Loading required package: matrixStats

Attaching package: ‘matrixStats’

The following object is masked from ‘package:dplyr’:

    count


Attaching package: ‘MatrixGenerics’

The following objects are masked from ‘package:matrixStats’:

    colAlls, colAnyNAs, colAnys, colAvgsPerRowSet, colCollapse,
    colCounts, colCummaxs, colCummins, colCumprods, colCumsums,
    colDiffs, colIQRDiffs, colIQRs, colLogSumExps, colMadDiffs,
    colMads, colMaxs, colMeans2, colMedians, colMins, colOrderStats,
    colProds, colQuantiles, colRanges, colRanks, colSdDiffs, colSds,
    colSums2, colTabulates, colVarDiffs, colVars, colWeightedMads,
    colWeightedMeans, colWeightedMedians, colWeightedSds,
    colWeightedVars, rowAlls, rowAnyNAs, rowAnys, rowAvgsPerColSet,
    rowCollapse, rowCounts, rowCummaxs, rowCummins, rowCumprods,
    rowCumsums, rowDiffs, rowIQRDiffs, rowIQRs, rowLogSumExps,
    rowMadDiffs, rowMads, rowMaxs, rowMeans2, rowMedians, rowMins,
    rowOrderStats, rowProds, rowQuantiles, rowRanges, rowRanks,
    rowSdDiffs, rowSds, rowSums2, rowTabulates, rowVarDiffs, rowVars,
    rowWeightedMads, rowWeightedMeans, rowWeightedMedians,
    rowWeightedSds, rowWeightedVars

Loading required package: Biobase
Welcome to Bioconductor

    Vignettes contain introductory material; view with
    'browseVignettes()'. To cite Bioconductor, see
    'citation("Biobase")', and for packages 'citation("pkgname")'.


Attaching package: ‘Biobase’

The following object is masked from ‘package:MatrixGenerics’:

    rowMedians

The following objects are masked from ‘package:matrixStats’:

    anyMissing, rowMedians

Loading required package: Biostrings
Loading required package: XVector

Attaching package: ‘XVector’

The following object is masked from ‘package:purrr’:

    compact


Attaching package: ‘plyranges’

The following object is masked from ‘package:IRanges’:

    slice

The following objects are masked from ‘package:dplyr’:

    between, n, n_distinct

The following object is masked from ‘package:stats’:

    filter

Loading required package: GenomicAlignments

Attaching package: ‘Biostrings’

The following object is masked from ‘package:base’:

    strsplit

Loading required package: Rsamtools
Loading required package: SummarizedExperiment
Loading required package: MatrixGenerics
Loading required package: matrixStats

Attaching package: ‘GenomicAlignments’

The following object is masked from ‘package:dplyr’:

    last

Loading required package: patchwork

Attaching package: ‘matrixStats’

The following object is masked from ‘package:dplyr’:

    count


Attaching package: ‘MatrixGenerics’

The following objects are masked from ‘package:matrixStats’:

    colAlls, colAnyNAs, colAnys, colAvgsPerRowSet, colCollapse,
    colCounts, colCummaxs, colCummins, colCumprods, colCumsums,
    colDiffs, colIQRDiffs, colIQRs, colLogSumExps, colMadDiffs,
    colMads, colMaxs, colMeans2, colMedians, colMins, colOrderStats,
    colProds, colQuantiles, colRanges, colRanks, colSdDiffs, colSds,
    colSums2, colTabulates, colVarDiffs, colVars, colWeightedMads,
    colWeightedMeans, colWeightedMedians, colWeightedSds,
    colWeightedVars, rowAlls, rowAnyNAs, rowAnys, rowAvgsPerColSet,
    rowCollapse, rowCounts, rowCummaxs, rowCummins, rowCumprods,
    rowCumsums, rowDiffs, rowIQRDiffs, rowIQRs, rowLogSumExps,
    rowMadDiffs, rowMads, rowMaxs, rowMeans2, rowMedians, rowMins,
    rowOrderStats, rowProds, rowQuantiles, rowRanges, rowRanks,
    rowSdDiffs, rowSds, rowSums2, rowTabulates, rowVarDiffs, rowVars,
    rowWeightedMads, rowWeightedMeans, rowWeightedMedians,
    rowWeightedSds, rowWeightedVars

Loading required package: Biobase
Welcome to Bioconductor

    Vignettes contain introductory material; view with
    'browseVignettes()'. To cite Bioconductor, see
    'citation("Biobase")', and for packages 'citation("pkgname")'.


Attaching package: ‘Biobase’

The following object is masked from ‘package:MatrixGenerics’:

    rowMedians

The following objects are masked from ‘package:matrixStats’:

    anyMissing, rowMedians

[1] "sample name, 63"
Error in read.table(bed_dir, header = F, sep = "\t", quote = "", stringsAsFactors = FALSE) : 
  no lines available in input
In addition: Warning message:
In file(file, "rt") :
  using 'raw = TRUE' because '/dev/fd/63' is a fifo or pipe
Execution halted
Loading required package: Biostrings
Loading required package: XVector

Attaching package: ‘XVector’

The following object is masked from ‘package:purrr’:

    compact


Attaching package: ‘plyranges’

The following object is masked from ‘package:IRanges’:

    slice

The following objects are masked from ‘package:dplyr’:

    between, n, n_distinct

The following object is masked from ‘package:stats’:

    filter

Loading required package: GenomicAlignments

Attaching package: ‘Biostrings’

The following object is masked from ‘package:base’:

    strsplit

Loading required package: Rsamtools
Loading required package: SummarizedExperiment
Loading required package: MatrixGenerics
Loading required package: matrixStats

Attaching package: ‘matrixStats’

The following object is masked from ‘package:dplyr’:

    count


Attaching package: ‘GenomicAlignments’

The following object is masked from ‘package:dplyr’:

    last

Loading required package: patchwork

Attaching package: ‘MatrixGenerics’

The following objects are masked from ‘package:matrixStats’:

    colAlls, colAnyNAs, colAnys, colAvgsPerRowSet, colCollapse,
    colCounts, colCummaxs, colCummins, colCumprods, colCumsums,
    colDiffs, colIQRDiffs, colIQRs, colLogSumExps, colMadDiffs,
    colMads, colMaxs, colMeans2, colMedians, colMins, colOrderStats,
    colProds, colQuantiles, colRanges, colRanks, colSdDiffs, colSds,
    colSums2, colTabulates, colVarDiffs, colVars, colWeightedMads,
    colWeightedMeans, colWeightedMedians, colWeightedSds,
    colWeightedVars, rowAlls, rowAnyNAs, rowAnys, rowAvgsPerColSet,
    rowCollapse, rowCounts, rowCummaxs, rowCummins, rowCumprods,
    rowCumsums, rowDiffs, rowIQRDiffs, rowIQRs, rowLogSumExps,
    rowMadDiffs, rowMads, rowMaxs, rowMeans2, rowMedians, rowMins,
    rowOrderStats, rowProds, rowQuantiles, rowRanges, rowRanks,
    rowSdDiffs, rowSds, rowSums2, rowTabulates, rowVarDiffs, rowVars,
    rowWeightedMads, rowWeightedMeans, rowWeightedMedians,
    rowWeightedSds, rowWeightedVars

Loading required package: Biobase
Loading required package: tidyverse
Welcome to Bioconductor

    Vignettes contain introductory material; view with
    'browseVignettes()'. To cite Bioconductor, see
    'citation("Biobase")', and for packages 'citation("pkgname")'.


Attaching package: ‘Biobase’

The following object is masked from ‘package:MatrixGenerics’:

    rowMedians

The following objects are masked from ‘package:matrixStats’:

    anyMissing, rowMedians

[1] "sample name, 63"
Error in read.table(bed_dir, header = F, sep = "\t", quote = "", stringsAsFactors = FALSE) : 
  no lines available in input
In addition: Warning message:
In file(file, "rt") :
  using 'raw = TRUE' because '/dev/fd/63' is a fifo or pipe
Execution halted
Loading required package: Biostrings
Loading required package: XVector

Attaching package: ‘XVector’

The following object is masked from ‘package:purrr’:

    compact


Attaching package: ‘Biostrings’

The following object is masked from ‘package:base’:

    strsplit

Loading required package: Rsamtools

Attaching package: ‘GenomicAlignments’

The following object is masked from ‘package:dplyr’:

    last

Loading required package: patchwork
[1] "sample name, 63"
Error in read.table(bed_dir, header = F, sep = "\t", quote = "", stringsAsFactors = FALSE) : 
  no lines available in input
In addition: Warning message:
In file(file, "rt") :
  using 'raw = TRUE' because '/dev/fd/63' is a fifo or pipe
Execution halted
Loading required package: tidyverse
Loading required package: tidyverse
Loading required package: tidyverse
── Attaching core tidyverse packages ──────────────────────── tidyverse 2.0.0 ──
✔ dplyr     1.1.4     ✔ readr     2.1.5
✔ forcats   1.0.0     ✔ stringr   1.5.1
✔ ggplot2   3.5.2     ✔ tibble    3.3.0
✔ lubridate 1.9.4     ✔ tidyr     1.3.1
✔ purrr     1.0.4     
── Attaching core tidyverse packages ──────────────────────── tidyverse 2.0.0 ──
✔ dplyr     1.1.4     ✔ readr     2.1.5
✔ forcats   1.0.0     ✔ stringr   1.5.1
✔ ggplot2   3.5.2     ✔ tibble    3.3.0
✔ lubridate 1.9.4     ✔ tidyr     1.3.1
✔ purrr     1.0.4     
── Conflicts ────────────────────────────────────────── tidyverse_conflicts() ──
✖ dplyr::filter() masks stats::filter()
✖ dplyr::lag()    masks stats::lag()
ℹ Use the conflicted package (<http://conflicted.r-lib.org/>) to force all conflicts to become errors
Loading required package: plyranges
Loading required package: BiocGenerics
── Attaching core tidyverse packages ──────────────────────── tidyverse 2.0.0 ──
✔ dplyr     1.1.4     ✔ readr     2.1.5
✔ forcats   1.0.0     ✔ stringr   1.5.1
✔ ggplot2   3.5.2     ✔ tibble    3.3.0
✔ lubridate 1.9.4     ✔ tidyr     1.3.1
✔ purrr     1.0.4     
── Conflicts ────────────────────────────────────────── tidyverse_conflicts() ──
✖ dplyr::filter() masks stats::filter()
✖ dplyr::lag()    masks stats::lag()
ℹ Use the conflicted package (<http://conflicted.r-lib.org/>) to force all conflicts to become errors
Loading required package: plyranges

Attaching package: ‘BiocGenerics’

The following objects are masked from ‘package:lubridate’:

    intersect, setdiff, union

The following objects are masked from ‘package:dplyr’:

    combine, intersect, setdiff, union

The following objects are masked from ‘package:stats’:

    IQR, mad, sd, var, xtabs

The following objects are masked from ‘package:base’:

    anyDuplicated, aperm, append, as.data.frame, basename, cbind,
    colnames, dirname, do.call, duplicated, eval, evalq, Filter, Find,
    get, grep, grepl, intersect, is.unsorted, lapply, Map, mapply,
    match, mget, order, paste, pmax, pmax.int, pmin, pmin.int,
    Position, rank, rbind, Reduce, rownames, sapply, saveRDS, setdiff,
    table, tapply, union, unique, unsplit, which.max, which.min

Loading required package: IRanges
Loading required package: BiocGenerics
Loading required package: S4Vectors
Loading required package: stats4
── Conflicts ────────────────────────────────────────── tidyverse_conflicts() ──
✖ dplyr::filter() masks stats::filter()
✖ dplyr::lag()    masks stats::lag()
ℹ Use the conflicted package (<http://conflicted.r-lib.org/>) to force all conflicts to become errors
Loading required package: plyranges
Loading required package: BiocGenerics
── Attaching core tidyverse packages ──────────────────────── tidyverse 2.0.0 ──
✔ dplyr     1.1.4     ✔ readr     2.1.5
✔ forcats   1.0.0     ✔ stringr   1.5.1
✔ ggplot2   3.5.2     ✔ tibble    3.3.0
✔ lubridate 1.9.4     ✔ tidyr     1.3.1
✔ purrr     1.0.4     

Attaching package: ‘BiocGenerics’

The following objects are masked from ‘package:lubridate’:

    intersect, setdiff, union

The following objects are masked from ‘package:dplyr’:

    combine, intersect, setdiff, union

The following objects are masked from ‘package:stats’:

    IQR, mad, sd, var, xtabs

The following objects are masked from ‘package:base’:

    anyDuplicated, aperm, append, as.data.frame, basename, cbind,
    colnames, dirname, do.call, duplicated, eval, evalq, Filter, Find,
    get, grep, grepl, intersect, is.unsorted, lapply, Map, mapply,
    match, mget, order, paste, pmax, pmax.int, pmin, pmin.int,
    Position, rank, rbind, Reduce, rownames, sapply, saveRDS, setdiff,
    table, tapply, union, unique, unsplit, which.max, which.min

Loading required package: IRanges
Loading required package: S4Vectors
Loading required package: stats4

Attaching package: ‘BiocGenerics’

The following objects are masked from ‘package:lubridate’:

    intersect, setdiff, union

The following objects are masked from ‘package:dplyr’:

    combine, intersect, setdiff, union

The following objects are masked from ‘package:stats’:

    IQR, mad, sd, var, xtabs

The following objects are masked from ‘package:base’:

    anyDuplicated, aperm, append, as.data.frame, basename, cbind,
    colnames, dirname, do.call, duplicated, eval, evalq, Filter, Find,
    get, grep, grepl, intersect, is.unsorted, lapply, Map, mapply,
    match, mget, order, paste, pmax, pmax.int, pmin, pmin.int,
    Position, rank, rbind, Reduce, rownames, sapply, saveRDS, setdiff,
    table, tapply, union, unique, unsplit, which.max, which.min

Loading required package: IRanges
Loading required package: S4Vectors
Loading required package: stats4
── Conflicts ────────────────────────────────────────── tidyverse_conflicts() ──
✖ dplyr::filter() masks stats::filter()
✖ dplyr::lag()    masks stats::lag()
ℹ Use the conflicted package (<http://conflicted.r-lib.org/>) to force all conflicts to become errors
Loading required package: plyranges
Loading required package: BiocGenerics

Attaching package: ‘BiocGenerics’

The following objects are masked from ‘package:lubridate’:

    intersect, setdiff, union

The following objects are masked from ‘package:dplyr’:

    combine, intersect, setdiff, union

The following objects are masked from ‘package:stats’:

    IQR, mad, sd, var, xtabs

The following objects are masked from ‘package:base’:

    anyDuplicated, aperm, append, as.data.frame, basename, cbind,
    colnames, dirname, do.call, duplicated, eval, evalq, Filter, Find,
    get, grep, grepl, intersect, is.unsorted, lapply, Map, mapply,
    match, mget, order, paste, pmax, pmax.int, pmin, pmin.int,
    Position, rank, rbind, Reduce, rownames, sapply, saveRDS, setdiff,
    table, tapply, union, unique, unsplit, which.max, which.min

Loading required package: IRanges
Loading required package: S4Vectors
Loading required package: stats4

Attaching package: ‘S4Vectors’

The following objects are masked from ‘package:lubridate’:

    second, second<-

The following objects are masked from ‘package:dplyr’:

    first, rename

The following object is masked from ‘package:tidyr’:

    expand

The following object is masked from ‘package:utils’:

    findMatches

The following objects are masked from ‘package:base’:

    expand.grid, I, unname


Attaching package: ‘S4Vectors’

The following objects are masked from ‘package:lubridate’:

    second, second<-

The following objects are masked from ‘package:dplyr’:

    first, rename

The following object is masked from ‘package:tidyr’:

    expand

The following object is masked from ‘package:utils’:

    findMatches

The following objects are masked from ‘package:base’:

    expand.grid, I, unname


Attaching package: ‘S4Vectors’

The following objects are masked from ‘package:lubridate’:

    second, second<-

The following objects are masked from ‘package:dplyr’:

    first, rename

The following object is masked from ‘package:tidyr’:

    expand

The following object is masked from ‘package:utils’:

    findMatches

The following objects are masked from ‘package:base’:

    expand.grid, I, unname


Attaching package: ‘S4Vectors’

The following objects are masked from ‘package:lubridate’:

    second, second<-

The following objects are masked from ‘package:dplyr’:

    first, rename

The following object is masked from ‘package:tidyr’:

    expand

The following object is masked from ‘package:utils’:

    findMatches

The following objects are masked from ‘package:base’:

    expand.grid, I, unname


Attaching package: ‘IRanges’

The following object is masked from ‘package:lubridate’:

    %within%

The following objects are masked from ‘package:dplyr’:

    collapse, desc, slice

The following object is masked from ‘package:purrr’:

    reduce

Loading required package: GenomicRanges
Loading required package: GenomeInfoDb

Attaching package: ‘IRanges’

The following object is masked from ‘package:lubridate’:

    %within%

The following objects are masked from ‘package:dplyr’:

    collapse, desc, slice

The following object is masked from ‘package:purrr’:

    reduce

Loading required package: GenomicRanges
Loading required package: GenomeInfoDb

Attaching package: ‘IRanges’

The following object is masked from ‘package:lubridate’:

    %within%

The following objects are masked from ‘package:dplyr’:

    collapse, desc, slice

The following object is masked from ‘package:purrr’:

    reduce

Loading required package: GenomicRanges
Loading required package: GenomeInfoDb

Attaching package: ‘IRanges’

The following object is masked from ‘package:lubridate’:

    %within%

The following objects are masked from ‘package:dplyr’:

    collapse, desc, slice

The following object is masked from ‘package:purrr’:

    reduce

Loading required package: GenomicRanges
Loading required package: GenomeInfoDb

Attaching package: ‘plyranges’

The following object is masked from ‘package:IRanges’:

    slice

The following objects are masked from ‘package:dplyr’:

    between, n, n_distinct

The following object is masked from ‘package:stats’:

    filter

Loading required package: GenomicAlignments
Loading required package: SummarizedExperiment
Loading required package: MatrixGenerics
Loading required package: matrixStats

Attaching package: ‘matrixStats’

The following object is masked from ‘package:dplyr’:

    count


Attaching package: ‘MatrixGenerics’

The following objects are masked from ‘package:matrixStats’:

    colAlls, colAnyNAs, colAnys, colAvgsPerRowSet, colCollapse,
    colCounts, colCummaxs, colCummins, colCumprods, colCumsums,
    colDiffs, colIQRDiffs, colIQRs, colLogSumExps, colMadDiffs,
    colMads, colMaxs, colMeans2, colMedians, colMins, colOrderStats,
    colProds, colQuantiles, colRanges, colRanks, colSdDiffs, colSds,
    colSums2, colTabulates, colVarDiffs, colVars, colWeightedMads,
    colWeightedMeans, colWeightedMedians, colWeightedSds,
    colWeightedVars, rowAlls, rowAnyNAs, rowAnys, rowAvgsPerColSet,
    rowCollapse, rowCounts, rowCummaxs, rowCummins, rowCumprods,
    rowCumsums, rowDiffs, rowIQRDiffs, rowIQRs, rowLogSumExps,
    rowMadDiffs, rowMads, rowMaxs, rowMeans2, rowMedians, rowMins,
    rowOrderStats, rowProds, rowQuantiles, rowRanges, rowRanks,
    rowSdDiffs, rowSds, rowSums2, rowTabulates, rowVarDiffs, rowVars,
    rowWeightedMads, rowWeightedMeans, rowWeightedMedians,
    rowWeightedSds, rowWeightedVars

Loading required package: Biobase
Welcome to Bioconductor

    Vignettes contain introductory material; view with
    'browseVignettes()'. To cite Bioconductor, see
    'citation("Biobase")', and for packages 'citation("pkgname")'.


Attaching package: ‘Biobase’

The following object is masked from ‘package:MatrixGenerics’:

    rowMedians

The following objects are masked from ‘package:matrixStats’:

    anyMissing, rowMedians

Loading required package: Biostrings
Loading required package: XVector

Attaching package: ‘XVector’

The following object is masked from ‘package:purrr’:

    compact


Attaching package: ‘Biostrings’

The following object is masked from ‘package:base’:

    strsplit

Loading required package: Rsamtools

Attaching package: ‘GenomicAlignments’

The following object is masked from ‘package:dplyr’:

    last

Loading required package: patchwork
[1] "sample name, 63"
Error in read.table(bed_dir, header = F, sep = "\t", quote = "", stringsAsFactors = FALSE) : 
  no lines available in input
In addition: Warning message:
In file(file, "rt") :
  using 'raw = TRUE' because '/dev/fd/63' is a fifo or pipe
Execution halted

Attaching package: ‘plyranges’

The following object is masked from ‘package:IRanges’:

    slice

The following objects are masked from ‘package:dplyr’:

    between, n, n_distinct

The following object is masked from ‘package:stats’:

    filter

Loading required package: GenomicAlignments
Loading required package: SummarizedExperiment
Loading required package: MatrixGenerics
Loading required package: matrixStats

Attaching package: ‘matrixStats’

The following object is masked from ‘package:dplyr’:

    count


Attaching package: ‘MatrixGenerics’

The following objects are masked from ‘package:matrixStats’:

    colAlls, colAnyNAs, colAnys, colAvgsPerRowSet, colCollapse,
    colCounts, colCummaxs, colCummins, colCumprods, colCumsums,
    colDiffs, colIQRDiffs, colIQRs, colLogSumExps, colMadDiffs,
    colMads, colMaxs, colMeans2, colMedians, colMins, colOrderStats,
    colProds, colQuantiles, colRanges, colRanks, colSdDiffs, colSds,
    colSums2, colTabulates, colVarDiffs, colVars, colWeightedMads,
    colWeightedMeans, colWeightedMedians, colWeightedSds,
    colWeightedVars, rowAlls, rowAnyNAs, rowAnys, rowAvgsPerColSet,
    rowCollapse, rowCounts, rowCummaxs, rowCummins, rowCumprods,
    rowCumsums, rowDiffs, rowIQRDiffs, rowIQRs, rowLogSumExps,
    rowMadDiffs, rowMads, rowMaxs, rowMeans2, rowMedians, rowMins,
    rowOrderStats, rowProds, rowQuantiles, rowRanges, rowRanks,
    rowSdDiffs, rowSds, rowSums2, rowTabulates, rowVarDiffs, rowVars,
    rowWeightedMads, rowWeightedMeans, rowWeightedMedians,
    rowWeightedSds, rowWeightedVars

Loading required package: Biobase
Welcome to Bioconductor

    Vignettes contain introductory material; view with
    'browseVignettes()'. To cite Bioconductor, see
    'citation("Biobase")', and for packages 'citation("pkgname")'.


Attaching package: ‘Biobase’

The following object is masked from ‘package:MatrixGenerics’:

    rowMedians

The following objects are masked from ‘package:matrixStats’:

    anyMissing, rowMedians

Loading required package: Biostrings
Loading required package: XVector

Attaching package: ‘XVector’

The following object is masked from ‘package:purrr’:

    compact


Attaching package: ‘Biostrings’

The following object is masked from ‘package:base’:

    strsplit

Loading required package: Rsamtools

Attaching package: ‘GenomicAlignments’

The following object is masked from ‘package:dplyr’:

    last

Loading required package: patchwork

Attaching package: ‘plyranges’

The following object is masked from ‘package:IRanges’:

    slice

The following objects are masked from ‘package:dplyr’:

    between, n, n_distinct

The following object is masked from ‘package:stats’:

    filter

Loading required package: GenomicAlignments
[1] "sample name, 63"
Error in read.table(bed_dir, header = F, sep = "\t", quote = "", stringsAsFactors = FALSE) : 
  no lines available in input
In addition: Warning message:
In file(file, "rt") :
  using 'raw = TRUE' because '/dev/fd/63' is a fifo or pipe
Execution halted
Loading required package: SummarizedExperiment
Loading required package: MatrixGenerics
Loading required package: matrixStats

Attaching package: ‘matrixStats’

The following object is masked from ‘package:dplyr’:

    count


Attaching package: ‘MatrixGenerics’

The following objects are masked from ‘package:matrixStats’:

    colAlls, colAnyNAs, colAnys, colAvgsPerRowSet, colCollapse,
    colCounts, colCummaxs, colCummins, colCumprods, colCumsums,
    colDiffs, colIQRDiffs, colIQRs, colLogSumExps, colMadDiffs,
    colMads, colMaxs, colMeans2, colMedians, colMins, colOrderStats,
    colProds, colQuantiles, colRanges, colRanks, colSdDiffs, colSds,
    colSums2, colTabulates, colVarDiffs, colVars, colWeightedMads,
    colWeightedMeans, colWeightedMedians, colWeightedSds,
    colWeightedVars, rowAlls, rowAnyNAs, rowAnys, rowAvgsPerColSet,
    rowCollapse, rowCounts, rowCummaxs, rowCummins, rowCumprods,
    rowCumsums, rowDiffs, rowIQRDiffs, rowIQRs, rowLogSumExps,
    rowMadDiffs, rowMads, rowMaxs, rowMeans2, rowMedians, rowMins,
    rowOrderStats, rowProds, rowQuantiles, rowRanges, rowRanks,
    rowSdDiffs, rowSds, rowSums2, rowTabulates, rowVarDiffs, rowVars,
    rowWeightedMads, rowWeightedMeans, rowWeightedMedians,
    rowWeightedSds, rowWeightedVars

Loading required package: Biobase
Welcome to Bioconductor

    Vignettes contain introductory material; view with
    'browseVignettes()'. To cite Bioconductor, see
    'citation("Biobase")', and for packages 'citation("pkgname")'.


Attaching package: ‘Biobase’

The following object is masked from ‘package:MatrixGenerics’:

    rowMedians

The following objects are masked from ‘package:matrixStats’:

    anyMissing, rowMedians

Loading required package: Biostrings
Loading required package: XVector

Attaching package: ‘XVector’

The following object is masked from ‘package:purrr’:

    compact


Attaching package: ‘Biostrings’

The following object is masked from ‘package:base’:

    strsplit

Loading required package: Rsamtools

Attaching package: ‘GenomicAlignments’

The following object is masked from ‘package:dplyr’:

    last

Loading required package: patchwork
[1] "sample name, 63"
Error in read.table(bed_dir, header = F, sep = "\t", quote = "", stringsAsFactors = FALSE) : 
  no lines available in input
In addition: Warning message:
In file(file, "rt") :
  using 'raw = TRUE' because '/dev/fd/63' is a fifo or pipe
Execution halted

Attaching package: ‘plyranges’

The following object is masked from ‘package:IRanges’:

    slice

The following objects are masked from ‘package:dplyr’:

    between, n, n_distinct

The following object is masked from ‘package:stats’:

    filter

Loading required package: GenomicAlignments
Loading required package: SummarizedExperiment
Loading required package: MatrixGenerics
Loading required package: matrixStats

Attaching package: ‘matrixStats’

The following object is masked from ‘package:dplyr’:

    count


Attaching package: ‘MatrixGenerics’

The following objects are masked from ‘package:matrixStats’:

    colAlls, colAnyNAs, colAnys, colAvgsPerRowSet, colCollapse,
    colCounts, colCummaxs, colCummins, colCumprods, colCumsums,
    colDiffs, colIQRDiffs, colIQRs, colLogSumExps, colMadDiffs,
    colMads, colMaxs, colMeans2, colMedians, colMins, colOrderStats,
    colProds, colQuantiles, colRanges, colRanks, colSdDiffs, colSds,
    colSums2, colTabulates, colVarDiffs, colVars, colWeightedMads,
    colWeightedMeans, colWeightedMedians, colWeightedSds,
    colWeightedVars, rowAlls, rowAnyNAs, rowAnys, rowAvgsPerColSet,
    rowCollapse, rowCounts, rowCummaxs, rowCummins, rowCumprods,
    rowCumsums, rowDiffs, rowIQRDiffs, rowIQRs, rowLogSumExps,
    rowMadDiffs, rowMads, rowMaxs, rowMeans2, rowMedians, rowMins,
    rowOrderStats, rowProds, rowQuantiles, rowRanges, rowRanks,
    rowSdDiffs, rowSds, rowSums2, rowTabulates, rowVarDiffs, rowVars,
    rowWeightedMads, rowWeightedMeans, rowWeightedMedians,
    rowWeightedSds, rowWeightedVars

Loading required package: Biobase
Welcome to Bioconductor

    Vignettes contain introductory material; view with
    'browseVignettes()'. To cite Bioconductor, see
    'citation("Biobase")', and for packages 'citation("pkgname")'.


Attaching package: ‘Biobase’

The following object is masked from ‘package:MatrixGenerics’:

    rowMedians

The following objects are masked from ‘package:matrixStats’:

    anyMissing, rowMedians

Loading required package: Biostrings
Loading required package: XVector

Attaching package: ‘XVector’

The following object is masked from ‘package:purrr’:

    compact


Attaching package: ‘Biostrings’

The following object is masked from ‘package:base’:

    strsplit

Loading required package: Rsamtools

Attaching package: ‘GenomicAlignments’

The following object is masked from ‘package:dplyr’:

    last

Loading required package: patchwork
[1] "sample name, 63"
Error in read.table(bed_dir, header = F, sep = "\t", quote = "", stringsAsFactors = FALSE) : 
  no lines available in input
In addition: Warning message:
In file(file, "rt") :
  using 'raw = TRUE' because '/dev/fd/63' is a fifo or pipe
Execution halted
mv: cannot stat '/compbio/scratch/cnobrega/3_REAP/cmoore_019.admera/output/s6_LAP/*cluster.all.reads.csv': No such file or directory
Loading required package: tidyverse
── Attaching core tidyverse packages ──────────────────────── tidyverse 2.0.0 ──
✔ dplyr     1.1.4     ✔ readr     2.1.5
✔ forcats   1.0.0     ✔ stringr   1.5.1
✔ ggplot2   3.5.2     ✔ tibble    3.3.0
✔ lubridate 1.9.4     ✔ tidyr     1.3.1
✔ purrr     1.0.4     
── Conflicts ────────────────────────────────────────── tidyverse_conflicts() ──
✖ dplyr::filter() masks stats::filter()
✖ dplyr::lag()    masks stats::lag()
ℹ Use the conflicted package (<http://conflicted.r-lib.org/>) to force all conflicts to become errors
                            csv                             out 
                           "./"       "./cluster.all.reads.csv" 
                        pattern 
"_cluster\\.all\\.reads\\.csv$" 
character(0)
Error in ldf[[1]] : subscript out of bounds
Calls: colnames -> is.data.frame
Execution halted
Loading required package: tidyverse
── Attaching core tidyverse packages ──────────────────────── tidyverse 2.0.0 ──
✔ dplyr     1.1.4     ✔ readr     2.1.5
✔ forcats   1.0.0     ✔ stringr   1.5.1
✔ ggplot2   3.5.2     ✔ tibble    3.3.0
✔ lubridate 1.9.4     ✔ tidyr     1.3.1
✔ purrr     1.0.4     
── Conflicts ────────────────────────────────────────── tidyverse_conflicts() ──
✖ dplyr::filter() masks stats::filter()
✖ dplyr::lag()    masks stats::lag()
ℹ Use the conflicted package (<http://conflicted.r-lib.org/>) to force all conflicts to become errors
                                                               csv 
"/compbio/scratch/cnobrega/3_REAP/cmoore_019.admera/output/s6_LAP" 
                                                               out 
                                                 "./stats_PAS.csv" 
                                                           pattern 
                                                 ".*_stats\\.csv$" 
character(0)
Error in ldf[[1]] : subscript out of bounds
Calls: colnames -> is.data.frame
Execution halted
Step 7: Generate bigWig tracks
Working on PASS_bw_LAP24...
Working on Control_3day_rep1...
wc: /compbio/scratch/cnobrega/3_REAP/cmoore_019.admera/output/s6_LAP/Control_3day_rep1_PASS_bw_LAP24.bed: No such file or directory
for file Control_3day_rep1_PASS_bw.bed, TotalReadNum=
gzip: /compbio/scratch/cnobrega/3_REAP/cmoore_019.admera/output/s6_LAP/Control_3day_rep1_PASS_bw_LAP24.bed.gz: No such file or directory
Generate bedgraph files for + and - strands...
gzip: /compbio/scratch/cnobrega/3_REAP/cmoore_019.admera/output/s6_LAP/Control_3day_rep1_PASS_bw_LAP24.bed.sorted.gz already exists;	not overwritten
Normalize bedgraph counts...
error, input bedgraph file(s) (-i) not defined
eg. norm_bedgraph.pl -t 9898819 -i "sham_a.m.bedgraph sham_a.p.bedgraph" -m "sham_a.m.bedgraph"
error, input bedgraph file(s) (-i) not defined
eg. norm_bedgraph.pl -t 9898819 -i "sham_a.m.bedgraph sham_a.p.bedgraph" -m "sham_a.m.bedgraph"
awk: fatal: cannot open file `Control_3day_rep1.minus.bedgraph.normalized' for reading (No such file or directory)
Convert to bigwig file...
mustOpen: Can't open Control_3day_rep1.plus.bedgraph.normalized to read: No such file or directory
mustOpen: Can't open Control_3day_rep1.minus.bedgraph.normalized to read: No such file or directory
needLargeMem: trying to allocate 0 bytes (limit: 100000000000)
Working on Control_3day_rep2...
wc: /compbio/scratch/cnobrega/3_REAP/cmoore_019.admera/output/s6_LAP/Control_3day_rep2_PASS_bw_LAP24.bed: No such file or directory
for file Control_3day_rep2_PASS_bw.bed, TotalReadNum=
gzip: /compbio/scratch/cnobrega/3_REAP/cmoore_019.admera/output/s6_LAP/Control_3day_rep2_PASS_bw_LAP24.bed.gz: No such file or directory
Generate bedgraph files for + and - strands...
gzip: /compbio/scratch/cnobrega/3_REAP/cmoore_019.admera/output/s6_LAP/Control_3day_rep2_PASS_bw_LAP24.bed.sorted.gz already exists;	not overwritten
Normalize bedgraph counts...
error, input bedgraph file(s) (-i) not defined
eg. norm_bedgraph.pl -t 9898819 -i "sham_a.m.bedgraph sham_a.p.bedgraph" -m "sham_a.m.bedgraph"
error, input bedgraph file(s) (-i) not defined
eg. norm_bedgraph.pl -t 9898819 -i "sham_a.m.bedgraph sham_a.p.bedgraph" -m "sham_a.m.bedgraph"
awk: fatal: cannot open file `Control_3day_rep2.minus.bedgraph.normalized' for reading (No such file or directory)
Convert to bigwig file...
mustOpen: Can't open Control_3day_rep2.plus.bedgraph.normalized to read: No such file or directory
mustOpen: Can't open Control_3day_rep2.minus.bedgraph.normalized to read: No such file or directory
needLargeMem: trying to allocate 0 bytes (limit: 100000000000)
Working on Control_3day_rep3...
wc: /compbio/scratch/cnobrega/3_REAP/cmoore_019.admera/output/s6_LAP/Control_3day_rep3_PASS_bw_LAP24.bed: No such file or directory
for file Control_3day_rep3_PASS_bw.bed, TotalReadNum=
gzip: /compbio/scratch/cnobrega/3_REAP/cmoore_019.admera/output/s6_LAP/Control_3day_rep3_PASS_bw_LAP24.bed.gz: No such file or directory
Generate bedgraph files for + and - strands...
gzip: /compbio/scratch/cnobrega/3_REAP/cmoore_019.admera/output/s6_LAP/Control_3day_rep3_PASS_bw_LAP24.bed.sorted.gz already exists;	not overwritten
Normalize bedgraph counts...
error, input bedgraph file(s) (-i) not defined
eg. norm_bedgraph.pl -t 9898819 -i "sham_a.m.bedgraph sham_a.p.bedgraph" -m "sham_a.m.bedgraph"
error, input bedgraph file(s) (-i) not defined
eg. norm_bedgraph.pl -t 9898819 -i "sham_a.m.bedgraph sham_a.p.bedgraph" -m "sham_a.m.bedgraph"
awk: fatal: cannot open file `Control_3day_rep3.minus.bedgraph.normalized' for reading (No such file or directory)
Convert to bigwig file...
mustOpen: Can't open Control_3day_rep3.plus.bedgraph.normalized to read: No such file or directory
mustOpen: Can't open Control_3day_rep3.minus.bedgraph.normalized to read: No such file or directory
needLargeMem: trying to allocate 0 bytes (limit: 100000000000)
Working on Control_5day_rep1...
wc: /compbio/scratch/cnobrega/3_REAP/cmoore_019.admera/output/s6_LAP/Control_5day_rep1_PASS_bw_LAP24.bed: No such file or directory
for file Control_5day_rep1_PASS_bw.bed, TotalReadNum=
gzip: /compbio/scratch/cnobrega/3_REAP/cmoore_019.admera/output/s6_LAP/Control_5day_rep1_PASS_bw_LAP24.bed.gz: No such file or directory
Generate bedgraph files for + and - strands...
gzip: /compbio/scratch/cnobrega/3_REAP/cmoore_019.admera/output/s6_LAP/Control_5day_rep1_PASS_bw_LAP24.bed.sorted.gz already exists;	not overwritten
Normalize bedgraph counts...
error, input bedgraph file(s) (-i) not defined
eg. norm_bedgraph.pl -t 9898819 -i "sham_a.m.bedgraph sham_a.p.bedgraph" -m "sham_a.m.bedgraph"
error, input bedgraph file(s) (-i) not defined
eg. norm_bedgraph.pl -t 9898819 -i "sham_a.m.bedgraph sham_a.p.bedgraph" -m "sham_a.m.bedgraph"
awk: fatal: cannot open file `Control_5day_rep1.minus.bedgraph.normalized' for reading (No such file or directory)
Convert to bigwig file...
mustOpen: Can't open Control_5day_rep1.plus.bedgraph.normalized to read: No such file or directory
mustOpen: Can't open Control_5day_rep1.minus.bedgraph.normalized to read: No such file or directory
needLargeMem: trying to allocate 0 bytes (limit: 100000000000)
Working on Control_5day_rep2...
wc: /compbio/scratch/cnobrega/3_REAP/cmoore_019.admera/output/s6_LAP/Control_5day_rep2_PASS_bw_LAP24.bed: No such file or directory
for file Control_5day_rep2_PASS_bw.bed, TotalReadNum=
gzip: /compbio/scratch/cnobrega/3_REAP/cmoore_019.admera/output/s6_LAP/Control_5day_rep2_PASS_bw_LAP24.bed.gz: No such file or directory
Generate bedgraph files for + and - strands...
gzip: /compbio/scratch/cnobrega/3_REAP/cmoore_019.admera/output/s6_LAP/Control_5day_rep2_PASS_bw_LAP24.bed.sorted.gz already exists;	not overwritten
Normalize bedgraph counts...
error, input bedgraph file(s) (-i) not defined
eg. norm_bedgraph.pl -t 9898819 -i "sham_a.m.bedgraph sham_a.p.bedgraph" -m "sham_a.m.bedgraph"
error, input bedgraph file(s) (-i) not defined
eg. norm_bedgraph.pl -t 9898819 -i "sham_a.m.bedgraph sham_a.p.bedgraph" -m "sham_a.m.bedgraph"
awk: fatal: cannot open file `Control_5day_rep2.minus.bedgraph.normalized' for reading (No such file or directory)
Convert to bigwig file...
mustOpen: Can't open Control_5day_rep2.plus.bedgraph.normalized to read: No such file or directory
mustOpen: Can't open Control_5day_rep2.minus.bedgraph.normalized to read: No such file or directory
needLargeMem: trying to allocate 0 bytes (limit: 100000000000)
Working on Control_5day_rep3...
wc: /compbio/scratch/cnobrega/3_REAP/cmoore_019.admera/output/s6_LAP/Control_5day_rep3_PASS_bw_LAP24.bed: No such file or directory
for file Control_5day_rep3_PASS_bw.bed, TotalReadNum=
gzip: /compbio/scratch/cnobrega/3_REAP/cmoore_019.admera/output/s6_LAP/Control_5day_rep3_PASS_bw_LAP24.bed.gz: No such file or directory
Generate bedgraph files for + and - strands...
gzip: /compbio/scratch/cnobrega/3_REAP/cmoore_019.admera/output/s6_LAP/Control_5day_rep3_PASS_bw_LAP24.bed.sorted.gz already exists;	not overwritten
Normalize bedgraph counts...
error, input bedgraph file(s) (-i) not defined
eg. norm_bedgraph.pl -t 9898819 -i "sham_a.m.bedgraph sham_a.p.bedgraph" -m "sham_a.m.bedgraph"
error, input bedgraph file(s) (-i) not defined
eg. norm_bedgraph.pl -t 9898819 -i "sham_a.m.bedgraph sham_a.p.bedgraph" -m "sham_a.m.bedgraph"
awk: fatal: cannot open file `Control_5day_rep3.minus.bedgraph.normalized' for reading (No such file or directory)
Convert to bigwig file...
mustOpen: Can't open Control_5day_rep3.plus.bedgraph.normalized to read: No such file or directory
mustOpen: Can't open Control_5day_rep3.minus.bedgraph.normalized to read: No such file or directory
needLargeMem: trying to allocate 0 bytes (limit: 100000000000)
Working on Treatment_3day_rep1...
wc: /compbio/scratch/cnobrega/3_REAP/cmoore_019.admera/output/s6_LAP/Treatment_3day_rep1_PASS_bw_LAP24.bed: No such file or directory
for file Treatment_3day_rep1_PASS_bw.bed, TotalReadNum=
gzip: /compbio/scratch/cnobrega/3_REAP/cmoore_019.admera/output/s6_LAP/Treatment_3day_rep1_PASS_bw_LAP24.bed.gz: No such file or directory
Generate bedgraph files for + and - strands...
gzip: /compbio/scratch/cnobrega/3_REAP/cmoore_019.admera/output/s6_LAP/Treatment_3day_rep1_PASS_bw_LAP24.bed.sorted.gz already exists;	not overwritten
Normalize bedgraph counts...
error, input bedgraph file(s) (-i) not defined
eg. norm_bedgraph.pl -t 9898819 -i "sham_a.m.bedgraph sham_a.p.bedgraph" -m "sham_a.m.bedgraph"
error, input bedgraph file(s) (-i) not defined
eg. norm_bedgraph.pl -t 9898819 -i "sham_a.m.bedgraph sham_a.p.bedgraph" -m "sham_a.m.bedgraph"
awk: fatal: cannot open file `Treatment_3day_rep1.minus.bedgraph.normalized' for reading (No such file or directory)
Convert to bigwig file...
mustOpen: Can't open Treatment_3day_rep1.plus.bedgraph.normalized to read: No such file or directory
mustOpen: Can't open Treatment_3day_rep1.minus.bedgraph.normalized to read: No such file or directory
needLargeMem: trying to allocate 0 bytes (limit: 100000000000)
Working on Treatment_3day_rep2...
wc: /compbio/scratch/cnobrega/3_REAP/cmoore_019.admera/output/s6_LAP/Treatment_3day_rep2_PASS_bw_LAP24.bed: No such file or directory
for file Treatment_3day_rep2_PASS_bw.bed, TotalReadNum=
gzip: /compbio/scratch/cnobrega/3_REAP/cmoore_019.admera/output/s6_LAP/Treatment_3day_rep2_PASS_bw_LAP24.bed.gz: No such file or directory
Generate bedgraph files for + and - strands...
gzip: /compbio/scratch/cnobrega/3_REAP/cmoore_019.admera/output/s6_LAP/Treatment_3day_rep2_PASS_bw_LAP24.bed.sorted.gz already exists;	not overwritten
Normalize bedgraph counts...
error, input bedgraph file(s) (-i) not defined
eg. norm_bedgraph.pl -t 9898819 -i "sham_a.m.bedgraph sham_a.p.bedgraph" -m "sham_a.m.bedgraph"
error, input bedgraph file(s) (-i) not defined
eg. norm_bedgraph.pl -t 9898819 -i "sham_a.m.bedgraph sham_a.p.bedgraph" -m "sham_a.m.bedgraph"
awk: fatal: cannot open file `Treatment_3day_rep2.minus.bedgraph.normalized' for reading (No such file or directory)
Convert to bigwig file...
mustOpen: Can't open Treatment_3day_rep2.plus.bedgraph.normalized to read: No such file or directory
mustOpen: Can't open Treatment_3day_rep2.minus.bedgraph.normalized to read: No such file or directory
needLargeMem: trying to allocate 0 bytes (limit: 100000000000)
Working on Treatment_3day_rep3...
wc: /compbio/scratch/cnobrega/3_REAP/cmoore_019.admera/output/s6_LAP/Treatment_3day_rep3_PASS_bw_LAP24.bed: No such file or directory
for file Treatment_3day_rep3_PASS_bw.bed, TotalReadNum=
gzip: /compbio/scratch/cnobrega/3_REAP/cmoore_019.admera/output/s6_LAP/Treatment_3day_rep3_PASS_bw_LAP24.bed.gz: No such file or directory
Generate bedgraph files for + and - strands...
gzip: /compbio/scratch/cnobrega/3_REAP/cmoore_019.admera/output/s6_LAP/Treatment_3day_rep3_PASS_bw_LAP24.bed.sorted.gz already exists;	not overwritten
Normalize bedgraph counts...
error, input bedgraph file(s) (-i) not defined
eg. norm_bedgraph.pl -t 9898819 -i "sham_a.m.bedgraph sham_a.p.bedgraph" -m "sham_a.m.bedgraph"
error, input bedgraph file(s) (-i) not defined
eg. norm_bedgraph.pl -t 9898819 -i "sham_a.m.bedgraph sham_a.p.bedgraph" -m "sham_a.m.bedgraph"
awk: fatal: cannot open file `Treatment_3day_rep3.minus.bedgraph.normalized' for reading (No such file or directory)
Convert to bigwig file...
mustOpen: Can't open Treatment_3day_rep3.plus.bedgraph.normalized to read: No such file or directory
mustOpen: Can't open Treatment_3day_rep3.minus.bedgraph.normalized to read: No such file or directory
needLargeMem: trying to allocate 0 bytes (limit: 100000000000)
Working on Treatment_5day_rep1...
wc: /compbio/scratch/cnobrega/3_REAP/cmoore_019.admera/output/s6_LAP/Treatment_5day_rep1_PASS_bw_LAP24.bed: No such file or directory
for file Treatment_5day_rep1_PASS_bw.bed, TotalReadNum=
gzip: /compbio/scratch/cnobrega/3_REAP/cmoore_019.admera/output/s6_LAP/Treatment_5day_rep1_PASS_bw_LAP24.bed.gz: No such file or directory
Generate bedgraph files for + and - strands...
gzip: /compbio/scratch/cnobrega/3_REAP/cmoore_019.admera/output/s6_LAP/Treatment_5day_rep1_PASS_bw_LAP24.bed.sorted.gz already exists;	not overwritten
Normalize bedgraph counts...
error, input bedgraph file(s) (-i) not defined
eg. norm_bedgraph.pl -t 9898819 -i "sham_a.m.bedgraph sham_a.p.bedgraph" -m "sham_a.m.bedgraph"
error, input bedgraph file(s) (-i) not defined
eg. norm_bedgraph.pl -t 9898819 -i "sham_a.m.bedgraph sham_a.p.bedgraph" -m "sham_a.m.bedgraph"
awk: fatal: cannot open file `Treatment_5day_rep1.minus.bedgraph.normalized' for reading (No such file or directory)
Convert to bigwig file...
mustOpen: Can't open Treatment_5day_rep1.plus.bedgraph.normalized to read: No such file or directory
mustOpen: Can't open Treatment_5day_rep1.minus.bedgraph.normalized to read: No such file or directory
needLargeMem: trying to allocate 0 bytes (limit: 100000000000)
Working on Treatment_5day_rep2...
wc: /compbio/scratch/cnobrega/3_REAP/cmoore_019.admera/output/s6_LAP/Treatment_5day_rep2_PASS_bw_LAP24.bed: No such file or directory
for file Treatment_5day_rep2_PASS_bw.bed, TotalReadNum=
gzip: /compbio/scratch/cnobrega/3_REAP/cmoore_019.admera/output/s6_LAP/Treatment_5day_rep2_PASS_bw_LAP24.bed.gz: No such file or directory
Generate bedgraph files for + and - strands...
gzip: /compbio/scratch/cnobrega/3_REAP/cmoore_019.admera/output/s6_LAP/Treatment_5day_rep2_PASS_bw_LAP24.bed.sorted.gz already exists;	not overwritten
Normalize bedgraph counts...
error, input bedgraph file(s) (-i) not defined
eg. norm_bedgraph.pl -t 9898819 -i "sham_a.m.bedgraph sham_a.p.bedgraph" -m "sham_a.m.bedgraph"
error, input bedgraph file(s) (-i) not defined
eg. norm_bedgraph.pl -t 9898819 -i "sham_a.m.bedgraph sham_a.p.bedgraph" -m "sham_a.m.bedgraph"
awk: fatal: cannot open file `Treatment_5day_rep2.minus.bedgraph.normalized' for reading (No such file or directory)
Convert to bigwig file...
mustOpen: Can't open Treatment_5day_rep2.plus.bedgraph.normalized to read: No such file or directory
mustOpen: Can't open Treatment_5day_rep2.minus.bedgraph.normalized to read: No such file or directory
needLargeMem: trying to allocate 0 bytes (limit: 100000000000)
Working on Treatment_5day_rep3...
wc: /compbio/scratch/cnobrega/3_REAP/cmoore_019.admera/output/s6_LAP/Treatment_5day_rep3_PASS_bw_LAP24.bed: No such file or directory
for file Treatment_5day_rep3_PASS_bw.bed, TotalReadNum=
gzip: /compbio/scratch/cnobrega/3_REAP/cmoore_019.admera/output/s6_LAP/Treatment_5day_rep3_PASS_bw_LAP24.bed.gz: No such file or directory
Generate bedgraph files for + and - strands...
gzip: /compbio/scratch/cnobrega/3_REAP/cmoore_019.admera/output/s6_LAP/Treatment_5day_rep3_PASS_bw_LAP24.bed.sorted.gz already exists;	not overwritten
Normalize bedgraph counts...
error, input bedgraph file(s) (-i) not defined
eg. norm_bedgraph.pl -t 9898819 -i "sham_a.m.bedgraph sham_a.p.bedgraph" -m "sham_a.m.bedgraph"
error, input bedgraph file(s) (-i) not defined
eg. norm_bedgraph.pl -t 9898819 -i "sham_a.m.bedgraph sham_a.p.bedgraph" -m "sham_a.m.bedgraph"
awk: fatal: cannot open file `Treatment_5day_rep3.minus.bedgraph.normalized' for reading (No such file or directory)
Convert to bigwig file...
mustOpen: Can't open Treatment_5day_rep3.plus.bedgraph.normalized to read: No such file or directory
mustOpen: Can't open Treatment_5day_rep3.minus.bedgraph.normalized to read: No such file or directory
needLargeMem: trying to allocate 0 bytes (limit: 100000000000)
Working on PASS_bw_LAP24_positon...
Working on Control_3day_rep1...
wc: /compbio/scratch/cnobrega/3_REAP/cmoore_019.admera/output/s6_LAP/Control_3day_rep1_PASS_bw_LAP24_positon.bed: No such file or directory
for file Control_3day_rep1_PASS_bw.bed, TotalReadNum=
gzip: /compbio/scratch/cnobrega/3_REAP/cmoore_019.admera/output/s6_LAP/Control_3day_rep1_PASS_bw_LAP24_positon.bed.gz: No such file or directory
Generate bedgraph files for + and - strands...
gzip: /compbio/scratch/cnobrega/3_REAP/cmoore_019.admera/output/s6_LAP/Control_3day_rep1_PASS_bw_LAP24_positon.bed.sorted.gz already exists;	not overwritten
Normalize bedgraph counts...
error, input bedgraph file(s) (-i) not defined
eg. norm_bedgraph.pl -t 9898819 -i "sham_a.m.bedgraph sham_a.p.bedgraph" -m "sham_a.m.bedgraph"
error, input bedgraph file(s) (-i) not defined
eg. norm_bedgraph.pl -t 9898819 -i "sham_a.m.bedgraph sham_a.p.bedgraph" -m "sham_a.m.bedgraph"
awk: fatal: cannot open file `Control_3day_rep1.minus.bedgraph.normalized' for reading (No such file or directory)
Convert to bigwig file...
mustOpen: Can't open Control_3day_rep1.plus.bedgraph.normalized to read: No such file or directory
mustOpen: Can't open Control_3day_rep1.minus.bedgraph.normalized to read: No such file or directory
needLargeMem: trying to allocate 0 bytes (limit: 100000000000)
Working on Control_3day_rep2...
wc: /compbio/scratch/cnobrega/3_REAP/cmoore_019.admera/output/s6_LAP/Control_3day_rep2_PASS_bw_LAP24_positon.bed: No such file or directory
for file Control_3day_rep2_PASS_bw.bed, TotalReadNum=
gzip: /compbio/scratch/cnobrega/3_REAP/cmoore_019.admera/output/s6_LAP/Control_3day_rep2_PASS_bw_LAP24_positon.bed.gz: No such file or directory
Generate bedgraph files for + and - strands...
gzip: /compbio/scratch/cnobrega/3_REAP/cmoore_019.admera/output/s6_LAP/Control_3day_rep2_PASS_bw_LAP24_positon.bed.sorted.gz already exists;	not overwritten
Normalize bedgraph counts...
error, input bedgraph file(s) (-i) not defined
eg. norm_bedgraph.pl -t 9898819 -i "sham_a.m.bedgraph sham_a.p.bedgraph" -m "sham_a.m.bedgraph"
error, input bedgraph file(s) (-i) not defined
eg. norm_bedgraph.pl -t 9898819 -i "sham_a.m.bedgraph sham_a.p.bedgraph" -m "sham_a.m.bedgraph"
awk: fatal: cannot open file `Control_3day_rep2.minus.bedgraph.normalized' for reading (No such file or directory)
Convert to bigwig file...
mustOpen: Can't open Control_3day_rep2.plus.bedgraph.normalized to read: No such file or directory
mustOpen: Can't open Control_3day_rep2.minus.bedgraph.normalized to read: No such file or directory
needLargeMem: trying to allocate 0 bytes (limit: 100000000000)
Working on Control_3day_rep3...
wc: /compbio/scratch/cnobrega/3_REAP/cmoore_019.admera/output/s6_LAP/Control_3day_rep3_PASS_bw_LAP24_positon.bed: No such file or directory
for file Control_3day_rep3_PASS_bw.bed, TotalReadNum=
gzip: /compbio/scratch/cnobrega/3_REAP/cmoore_019.admera/output/s6_LAP/Control_3day_rep3_PASS_bw_LAP24_positon.bed.gz: No such file or directory
Generate bedgraph files for + and - strands...
gzip: /compbio/scratch/cnobrega/3_REAP/cmoore_019.admera/output/s6_LAP/Control_3day_rep3_PASS_bw_LAP24_positon.bed.sorted.gz already exists;	not overwritten
Normalize bedgraph counts...
error, input bedgraph file(s) (-i) not defined
eg. norm_bedgraph.pl -t 9898819 -i "sham_a.m.bedgraph sham_a.p.bedgraph" -m "sham_a.m.bedgraph"
error, input bedgraph file(s) (-i) not defined
eg. norm_bedgraph.pl -t 9898819 -i "sham_a.m.bedgraph sham_a.p.bedgraph" -m "sham_a.m.bedgraph"
awk: fatal: cannot open file `Control_3day_rep3.minus.bedgraph.normalized' for reading (No such file or directory)
Convert to bigwig file...
mustOpen: Can't open Control_3day_rep3.plus.bedgraph.normalized to read: No such file or directory
mustOpen: Can't open Control_3day_rep3.minus.bedgraph.normalized to read: No such file or directory
needLargeMem: trying to allocate 0 bytes (limit: 100000000000)
Working on Control_5day_rep1...
wc: /compbio/scratch/cnobrega/3_REAP/cmoore_019.admera/output/s6_LAP/Control_5day_rep1_PASS_bw_LAP24_positon.bed: No such file or directory
for file Control_5day_rep1_PASS_bw.bed, TotalReadNum=
gzip: /compbio/scratch/cnobrega/3_REAP/cmoore_019.admera/output/s6_LAP/Control_5day_rep1_PASS_bw_LAP24_positon.bed.gz: No such file or directory
Generate bedgraph files for + and - strands...
gzip: /compbio/scratch/cnobrega/3_REAP/cmoore_019.admera/output/s6_LAP/Control_5day_rep1_PASS_bw_LAP24_positon.bed.sorted.gz already exists;	not overwritten
Normalize bedgraph counts...
error, input bedgraph file(s) (-i) not defined
eg. norm_bedgraph.pl -t 9898819 -i "sham_a.m.bedgraph sham_a.p.bedgraph" -m "sham_a.m.bedgraph"
error, input bedgraph file(s) (-i) not defined
eg. norm_bedgraph.pl -t 9898819 -i "sham_a.m.bedgraph sham_a.p.bedgraph" -m "sham_a.m.bedgraph"
awk: fatal: cannot open file `Control_5day_rep1.minus.bedgraph.normalized' for reading (No such file or directory)
Convert to bigwig file...
mustOpen: Can't open Control_5day_rep1.plus.bedgraph.normalized to read: No such file or directory
mustOpen: Can't open Control_5day_rep1.minus.bedgraph.normalized to read: No such file or directory
needLargeMem: trying to allocate 0 bytes (limit: 100000000000)
Working on Control_5day_rep2...
wc: /compbio/scratch/cnobrega/3_REAP/cmoore_019.admera/output/s6_LAP/Control_5day_rep2_PASS_bw_LAP24_positon.bed: No such file or directory
for file Control_5day_rep2_PASS_bw.bed, TotalReadNum=
gzip: /compbio/scratch/cnobrega/3_REAP/cmoore_019.admera/output/s6_LAP/Control_5day_rep2_PASS_bw_LAP24_positon.bed.gz: No such file or directory
Generate bedgraph files for + and - strands...
gzip: /compbio/scratch/cnobrega/3_REAP/cmoore_019.admera/output/s6_LAP/Control_5day_rep2_PASS_bw_LAP24_positon.bed.sorted.gz already exists;	not overwritten
Normalize bedgraph counts...
error, input bedgraph file(s) (-i) not defined
eg. norm_bedgraph.pl -t 9898819 -i "sham_a.m.bedgraph sham_a.p.bedgraph" -m "sham_a.m.bedgraph"
error, input bedgraph file(s) (-i) not defined
eg. norm_bedgraph.pl -t 9898819 -i "sham_a.m.bedgraph sham_a.p.bedgraph" -m "sham_a.m.bedgraph"
awk: fatal: cannot open file `Control_5day_rep2.minus.bedgraph.normalized' for reading (No such file or directory)
Convert to bigwig file...
mustOpen: Can't open Control_5day_rep2.plus.bedgraph.normalized to read: No such file or directory
mustOpen: Can't open Control_5day_rep2.minus.bedgraph.normalized to read: No such file or directory
needLargeMem: trying to allocate 0 bytes (limit: 100000000000)
Working on Control_5day_rep3...
wc: /compbio/scratch/cnobrega/3_REAP/cmoore_019.admera/output/s6_LAP/Control_5day_rep3_PASS_bw_LAP24_positon.bed: No such file or directory
for file Control_5day_rep3_PASS_bw.bed, TotalReadNum=
gzip: /compbio/scratch/cnobrega/3_REAP/cmoore_019.admera/output/s6_LAP/Control_5day_rep3_PASS_bw_LAP24_positon.bed.gz: No such file or directory
Generate bedgraph files for + and - strands...
gzip: /compbio/scratch/cnobrega/3_REAP/cmoore_019.admera/output/s6_LAP/Control_5day_rep3_PASS_bw_LAP24_positon.bed.sorted.gz already exists;	not overwritten
Normalize bedgraph counts...
error, input bedgraph file(s) (-i) not defined
eg. norm_bedgraph.pl -t 9898819 -i "sham_a.m.bedgraph sham_a.p.bedgraph" -m "sham_a.m.bedgraph"
error, input bedgraph file(s) (-i) not defined
eg. norm_bedgraph.pl -t 9898819 -i "sham_a.m.bedgraph sham_a.p.bedgraph" -m "sham_a.m.bedgraph"
awk: fatal: cannot open file `Control_5day_rep3.minus.bedgraph.normalized' for reading (No such file or directory)
Convert to bigwig file...
mustOpen: Can't open Control_5day_rep3.plus.bedgraph.normalized to read: No such file or directory
mustOpen: Can't open Control_5day_rep3.minus.bedgraph.normalized to read: No such file or directory
needLargeMem: trying to allocate 0 bytes (limit: 100000000000)
Working on Treatment_3day_rep1...
wc: /compbio/scratch/cnobrega/3_REAP/cmoore_019.admera/output/s6_LAP/Treatment_3day_rep1_PASS_bw_LAP24_positon.bed: No such file or directory
for file Treatment_3day_rep1_PASS_bw.bed, TotalReadNum=
gzip: /compbio/scratch/cnobrega/3_REAP/cmoore_019.admera/output/s6_LAP/Treatment_3day_rep1_PASS_bw_LAP24_positon.bed.gz: No such file or directory
Generate bedgraph files for + and - strands...
gzip: /compbio/scratch/cnobrega/3_REAP/cmoore_019.admera/output/s6_LAP/Treatment_3day_rep1_PASS_bw_LAP24_positon.bed.sorted.gz already exists;	not overwritten
Normalize bedgraph counts...
error, input bedgraph file(s) (-i) not defined
eg. norm_bedgraph.pl -t 9898819 -i "sham_a.m.bedgraph sham_a.p.bedgraph" -m "sham_a.m.bedgraph"
error, input bedgraph file(s) (-i) not defined
eg. norm_bedgraph.pl -t 9898819 -i "sham_a.m.bedgraph sham_a.p.bedgraph" -m "sham_a.m.bedgraph"
awk: fatal: cannot open file `Treatment_3day_rep1.minus.bedgraph.normalized' for reading (No such file or directory)
Convert to bigwig file...
mustOpen: Can't open Treatment_3day_rep1.plus.bedgraph.normalized to read: No such file or directory
mustOpen: Can't open Treatment_3day_rep1.minus.bedgraph.normalized to read: No such file or directory
needLargeMem: trying to allocate 0 bytes (limit: 100000000000)
Working on Treatment_3day_rep2...
wc: /compbio/scratch/cnobrega/3_REAP/cmoore_019.admera/output/s6_LAP/Treatment_3day_rep2_PASS_bw_LAP24_positon.bed: No such file or directory
for file Treatment_3day_rep2_PASS_bw.bed, TotalReadNum=
gzip: /compbio/scratch/cnobrega/3_REAP/cmoore_019.admera/output/s6_LAP/Treatment_3day_rep2_PASS_bw_LAP24_positon.bed.gz: No such file or directory
Generate bedgraph files for + and - strands...
gzip: /compbio/scratch/cnobrega/3_REAP/cmoore_019.admera/output/s6_LAP/Treatment_3day_rep2_PASS_bw_LAP24_positon.bed.sorted.gz already exists;	not overwritten
Normalize bedgraph counts...
error, input bedgraph file(s) (-i) not defined
eg. norm_bedgraph.pl -t 9898819 -i "sham_a.m.bedgraph sham_a.p.bedgraph" -m "sham_a.m.bedgraph"
error, input bedgraph file(s) (-i) not defined
eg. norm_bedgraph.pl -t 9898819 -i "sham_a.m.bedgraph sham_a.p.bedgraph" -m "sham_a.m.bedgraph"
awk: fatal: cannot open file `Treatment_3day_rep2.minus.bedgraph.normalized' for reading (No such file or directory)
Convert to bigwig file...
mustOpen: Can't open Treatment_3day_rep2.plus.bedgraph.normalized to read: No such file or directory
mustOpen: Can't open Treatment_3day_rep2.minus.bedgraph.normalized to read: No such file or directory
needLargeMem: trying to allocate 0 bytes (limit: 100000000000)
Working on Treatment_3day_rep3...
wc: /compbio/scratch/cnobrega/3_REAP/cmoore_019.admera/output/s6_LAP/Treatment_3day_rep3_PASS_bw_LAP24_positon.bed: No such file or directory
for file Treatment_3day_rep3_PASS_bw.bed, TotalReadNum=
gzip: /compbio/scratch/cnobrega/3_REAP/cmoore_019.admera/output/s6_LAP/Treatment_3day_rep3_PASS_bw_LAP24_positon.bed.gz: No such file or directory
Generate bedgraph files for + and - strands...
gzip: /compbio/scratch/cnobrega/3_REAP/cmoore_019.admera/output/s6_LAP/Treatment_3day_rep3_PASS_bw_LAP24_positon.bed.sorted.gz already exists;	not overwritten
Normalize bedgraph counts...
error, input bedgraph file(s) (-i) not defined
eg. norm_bedgraph.pl -t 9898819 -i "sham_a.m.bedgraph sham_a.p.bedgraph" -m "sham_a.m.bedgraph"
error, input bedgraph file(s) (-i) not defined
eg. norm_bedgraph.pl -t 9898819 -i "sham_a.m.bedgraph sham_a.p.bedgraph" -m "sham_a.m.bedgraph"
awk: fatal: cannot open file `Treatment_3day_rep3.minus.bedgraph.normalized' for reading (No such file or directory)
Convert to bigwig file...
mustOpen: Can't open Treatment_3day_rep3.plus.bedgraph.normalized to read: No such file or directory
mustOpen: Can't open Treatment_3day_rep3.minus.bedgraph.normalized to read: No such file or directory
needLargeMem: trying to allocate 0 bytes (limit: 100000000000)
Working on Treatment_5day_rep1...
wc: /compbio/scratch/cnobrega/3_REAP/cmoore_019.admera/output/s6_LAP/Treatment_5day_rep1_PASS_bw_LAP24_positon.bed: No such file or directory
for file Treatment_5day_rep1_PASS_bw.bed, TotalReadNum=
gzip: /compbio/scratch/cnobrega/3_REAP/cmoore_019.admera/output/s6_LAP/Treatment_5day_rep1_PASS_bw_LAP24_positon.bed.gz: No such file or directory
Generate bedgraph files for + and - strands...
gzip: /compbio/scratch/cnobrega/3_REAP/cmoore_019.admera/output/s6_LAP/Treatment_5day_rep1_PASS_bw_LAP24_positon.bed.sorted.gz already exists;	not overwritten
Normalize bedgraph counts...
error, input bedgraph file(s) (-i) not defined
eg. norm_bedgraph.pl -t 9898819 -i "sham_a.m.bedgraph sham_a.p.bedgraph" -m "sham_a.m.bedgraph"
error, input bedgraph file(s) (-i) not defined
eg. norm_bedgraph.pl -t 9898819 -i "sham_a.m.bedgraph sham_a.p.bedgraph" -m "sham_a.m.bedgraph"
awk: fatal: cannot open file `Treatment_5day_rep1.minus.bedgraph.normalized' for reading (No such file or directory)
Convert to bigwig file...
mustOpen: Can't open Treatment_5day_rep1.plus.bedgraph.normalized to read: No such file or directory
mustOpen: Can't open Treatment_5day_rep1.minus.bedgraph.normalized to read: No such file or directory
needLargeMem: trying to allocate 0 bytes (limit: 100000000000)
Working on Treatment_5day_rep2...
wc: /compbio/scratch/cnobrega/3_REAP/cmoore_019.admera/output/s6_LAP/Treatment_5day_rep2_PASS_bw_LAP24_positon.bed: No such file or directory
for file Treatment_5day_rep2_PASS_bw.bed, TotalReadNum=
gzip: /compbio/scratch/cnobrega/3_REAP/cmoore_019.admera/output/s6_LAP/Treatment_5day_rep2_PASS_bw_LAP24_positon.bed.gz: No such file or directory
Generate bedgraph files for + and - strands...
gzip: /compbio/scratch/cnobrega/3_REAP/cmoore_019.admera/output/s6_LAP/Treatment_5day_rep2_PASS_bw_LAP24_positon.bed.sorted.gz already exists;	not overwritten
Normalize bedgraph counts...
error, input bedgraph file(s) (-i) not defined
eg. norm_bedgraph.pl -t 9898819 -i "sham_a.m.bedgraph sham_a.p.bedgraph" -m "sham_a.m.bedgraph"
error, input bedgraph file(s) (-i) not defined
eg. norm_bedgraph.pl -t 9898819 -i "sham_a.m.bedgraph sham_a.p.bedgraph" -m "sham_a.m.bedgraph"
awk: fatal: cannot open file `Treatment_5day_rep2.minus.bedgraph.normalized' for reading (No such file or directory)
Convert to bigwig file...
mustOpen: Can't open Treatment_5day_rep2.plus.bedgraph.normalized to read: No such file or directory
mustOpen: Can't open Treatment_5day_rep2.minus.bedgraph.normalized to read: No such file or directory
needLargeMem: trying to allocate 0 bytes (limit: 100000000000)
Working on Treatment_5day_rep3...
wc: /compbio/scratch/cnobrega/3_REAP/cmoore_019.admera/output/s6_LAP/Treatment_5day_rep3_PASS_bw_LAP24_positon.bed: No such file or directory
for file Treatment_5day_rep3_PASS_bw.bed, TotalReadNum=
gzip: /compbio/scratch/cnobrega/3_REAP/cmoore_019.admera/output/s6_LAP/Treatment_5day_rep3_PASS_bw_LAP24_positon.bed.gz: No such file or directory
Generate bedgraph files for + and - strands...
gzip: /compbio/scratch/cnobrega/3_REAP/cmoore_019.admera/output/s6_LAP/Treatment_5day_rep3_PASS_bw_LAP24_positon.bed.sorted.gz already exists;	not overwritten
Normalize bedgraph counts...
error, input bedgraph file(s) (-i) not defined
eg. norm_bedgraph.pl -t 9898819 -i "sham_a.m.bedgraph sham_a.p.bedgraph" -m "sham_a.m.bedgraph"
error, input bedgraph file(s) (-i) not defined
eg. norm_bedgraph.pl -t 9898819 -i "sham_a.m.bedgraph sham_a.p.bedgraph" -m "sham_a.m.bedgraph"
awk: fatal: cannot open file `Treatment_5day_rep3.minus.bedgraph.normalized' for reading (No such file or directory)
Convert to bigwig file...
mustOpen: Can't open Treatment_5day_rep3.plus.bedgraph.normalized to read: No such file or directory
mustOpen: Can't open Treatment_5day_rep3.minus.bedgraph.normalized to read: No such file or directory
needLargeMem: trying to allocate 0 bytes (limit: 100000000000)
Working on PASS_bw_LAP24_PAS...
Working on Control_3day_rep1...
wc: /compbio/scratch/cnobrega/3_REAP/cmoore_019.admera/output/s6_LAP/Control_3day_rep1_PASS_bw_LAP24_PAS.bed: No such file or directory
for file Control_3day_rep1_PASS_bw.bed, TotalReadNum=
gzip: /compbio/scratch/cnobrega/3_REAP/cmoore_019.admera/output/s6_LAP/Control_3day_rep1_PASS_bw_LAP24_PAS.bed.gz: No such file or directory
Generate bedgraph files for + and - strands...
gzip: /compbio/scratch/cnobrega/3_REAP/cmoore_019.admera/output/s6_LAP/Control_3day_rep1_PASS_bw_LAP24_PAS.bed.sorted.gz already exists;	not overwritten
Normalize bedgraph counts...
error, input bedgraph file(s) (-i) not defined
eg. norm_bedgraph.pl -t 9898819 -i "sham_a.m.bedgraph sham_a.p.bedgraph" -m "sham_a.m.bedgraph"
error, input bedgraph file(s) (-i) not defined
eg. norm_bedgraph.pl -t 9898819 -i "sham_a.m.bedgraph sham_a.p.bedgraph" -m "sham_a.m.bedgraph"
awk: fatal: cannot open file `Control_3day_rep1.minus.bedgraph.normalized' for reading (No such file or directory)
Convert to bigwig file...
mustOpen: Can't open Control_3day_rep1.plus.bedgraph.normalized to read: No such file or directory
mustOpen: Can't open Control_3day_rep1.minus.bedgraph.normalized to read: No such file or directory
needLargeMem: trying to allocate 0 bytes (limit: 100000000000)
Working on Control_3day_rep2...
wc: /compbio/scratch/cnobrega/3_REAP/cmoore_019.admera/output/s6_LAP/Control_3day_rep2_PASS_bw_LAP24_PAS.bed: No such file or directory
for file Control_3day_rep2_PASS_bw.bed, TotalReadNum=
gzip: /compbio/scratch/cnobrega/3_REAP/cmoore_019.admera/output/s6_LAP/Control_3day_rep2_PASS_bw_LAP24_PAS.bed.gz: No such file or directory
Generate bedgraph files for + and - strands...
gzip: /compbio/scratch/cnobrega/3_REAP/cmoore_019.admera/output/s6_LAP/Control_3day_rep2_PASS_bw_LAP24_PAS.bed.sorted.gz already exists;	not overwritten
Normalize bedgraph counts...
error, input bedgraph file(s) (-i) not defined
eg. norm_bedgraph.pl -t 9898819 -i "sham_a.m.bedgraph sham_a.p.bedgraph" -m "sham_a.m.bedgraph"
error, input bedgraph file(s) (-i) not defined
eg. norm_bedgraph.pl -t 9898819 -i "sham_a.m.bedgraph sham_a.p.bedgraph" -m "sham_a.m.bedgraph"
awk: fatal: cannot open file `Control_3day_rep2.minus.bedgraph.normalized' for reading (No such file or directory)
Convert to bigwig file...
mustOpen: Can't open Control_3day_rep2.plus.bedgraph.normalized to read: No such file or directory
mustOpen: Can't open Control_3day_rep2.minus.bedgraph.normalized to read: No such file or directory
needLargeMem: trying to allocate 0 bytes (limit: 100000000000)
Working on Control_3day_rep3...
wc: /compbio/scratch/cnobrega/3_REAP/cmoore_019.admera/output/s6_LAP/Control_3day_rep3_PASS_bw_LAP24_PAS.bed: No such file or directory
for file Control_3day_rep3_PASS_bw.bed, TotalReadNum=
gzip: /compbio/scratch/cnobrega/3_REAP/cmoore_019.admera/output/s6_LAP/Control_3day_rep3_PASS_bw_LAP24_PAS.bed.gz: No such file or directory
Generate bedgraph files for + and - strands...
gzip: /compbio/scratch/cnobrega/3_REAP/cmoore_019.admera/output/s6_LAP/Control_3day_rep3_PASS_bw_LAP24_PAS.bed.sorted.gz already exists;	not overwritten
Normalize bedgraph counts...
error, input bedgraph file(s) (-i) not defined
eg. norm_bedgraph.pl -t 9898819 -i "sham_a.m.bedgraph sham_a.p.bedgraph" -m "sham_a.m.bedgraph"
error, input bedgraph file(s) (-i) not defined
eg. norm_bedgraph.pl -t 9898819 -i "sham_a.m.bedgraph sham_a.p.bedgraph" -m "sham_a.m.bedgraph"
awk: fatal: cannot open file `Control_3day_rep3.minus.bedgraph.normalized' for reading (No such file or directory)
Convert to bigwig file...
mustOpen: Can't open Control_3day_rep3.plus.bedgraph.normalized to read: No such file or directory
mustOpen: Can't open Control_3day_rep3.minus.bedgraph.normalized to read: No such file or directory
needLargeMem: trying to allocate 0 bytes (limit: 100000000000)
Working on Control_5day_rep1...
wc: /compbio/scratch/cnobrega/3_REAP/cmoore_019.admera/output/s6_LAP/Control_5day_rep1_PASS_bw_LAP24_PAS.bed: No such file or directory
for file Control_5day_rep1_PASS_bw.bed, TotalReadNum=
gzip: /compbio/scratch/cnobrega/3_REAP/cmoore_019.admera/output/s6_LAP/Control_5day_rep1_PASS_bw_LAP24_PAS.bed.gz: No such file or directory
Generate bedgraph files for + and - strands...
gzip: /compbio/scratch/cnobrega/3_REAP/cmoore_019.admera/output/s6_LAP/Control_5day_rep1_PASS_bw_LAP24_PAS.bed.sorted.gz already exists;	not overwritten
Normalize bedgraph counts...
error, input bedgraph file(s) (-i) not defined
eg. norm_bedgraph.pl -t 9898819 -i "sham_a.m.bedgraph sham_a.p.bedgraph" -m "sham_a.m.bedgraph"
error, input bedgraph file(s) (-i) not defined
eg. norm_bedgraph.pl -t 9898819 -i "sham_a.m.bedgraph sham_a.p.bedgraph" -m "sham_a.m.bedgraph"
awk: fatal: cannot open file `Control_5day_rep1.minus.bedgraph.normalized' for reading (No such file or directory)
Convert to bigwig file...
mustOpen: Can't open Control_5day_rep1.plus.bedgraph.normalized to read: No such file or directory
mustOpen: Can't open Control_5day_rep1.minus.bedgraph.normalized to read: No such file or directory
needLargeMem: trying to allocate 0 bytes (limit: 100000000000)
Working on Control_5day_rep2...
wc: /compbio/scratch/cnobrega/3_REAP/cmoore_019.admera/output/s6_LAP/Control_5day_rep2_PASS_bw_LAP24_PAS.bed: No such file or directory
for file Control_5day_rep2_PASS_bw.bed, TotalReadNum=
gzip: /compbio/scratch/cnobrega/3_REAP/cmoore_019.admera/output/s6_LAP/Control_5day_rep2_PASS_bw_LAP24_PAS.bed.gz: No such file or directory
Generate bedgraph files for + and - strands...
gzip: /compbio/scratch/cnobrega/3_REAP/cmoore_019.admera/output/s6_LAP/Control_5day_rep2_PASS_bw_LAP24_PAS.bed.sorted.gz already exists;	not overwritten
Normalize bedgraph counts...
error, input bedgraph file(s) (-i) not defined
eg. norm_bedgraph.pl -t 9898819 -i "sham_a.m.bedgraph sham_a.p.bedgraph" -m "sham_a.m.bedgraph"
error, input bedgraph file(s) (-i) not defined
eg. norm_bedgraph.pl -t 9898819 -i "sham_a.m.bedgraph sham_a.p.bedgraph" -m "sham_a.m.bedgraph"
awk: fatal: cannot open file `Control_5day_rep2.minus.bedgraph.normalized' for reading (No such file or directory)
Convert to bigwig file...
mustOpen: Can't open Control_5day_rep2.plus.bedgraph.normalized to read: No such file or directory
mustOpen: Can't open Control_5day_rep2.minus.bedgraph.normalized to read: No such file or directory
needLargeMem: trying to allocate 0 bytes (limit: 100000000000)
Working on Control_5day_rep3...
wc: /compbio/scratch/cnobrega/3_REAP/cmoore_019.admera/output/s6_LAP/Control_5day_rep3_PASS_bw_LAP24_PAS.bed: No such file or directory
for file Control_5day_rep3_PASS_bw.bed, TotalReadNum=
gzip: /compbio/scratch/cnobrega/3_REAP/cmoore_019.admera/output/s6_LAP/Control_5day_rep3_PASS_bw_LAP24_PAS.bed.gz: No such file or directory
Generate bedgraph files for + and - strands...
gzip: /compbio/scratch/cnobrega/3_REAP/cmoore_019.admera/output/s6_LAP/Control_5day_rep3_PASS_bw_LAP24_PAS.bed.sorted.gz already exists;	not overwritten
Normalize bedgraph counts...
error, input bedgraph file(s) (-i) not defined
eg. norm_bedgraph.pl -t 9898819 -i "sham_a.m.bedgraph sham_a.p.bedgraph" -m "sham_a.m.bedgraph"
error, input bedgraph file(s) (-i) not defined
eg. norm_bedgraph.pl -t 9898819 -i "sham_a.m.bedgraph sham_a.p.bedgraph" -m "sham_a.m.bedgraph"
awk: fatal: cannot open file `Control_5day_rep3.minus.bedgraph.normalized' for reading (No such file or directory)
Convert to bigwig file...
mustOpen: Can't open Control_5day_rep3.plus.bedgraph.normalized to read: No such file or directory
mustOpen: Can't open Control_5day_rep3.minus.bedgraph.normalized to read: No such file or directory
needLargeMem: trying to allocate 0 bytes (limit: 100000000000)
Working on Treatment_3day_rep1...
wc: /compbio/scratch/cnobrega/3_REAP/cmoore_019.admera/output/s6_LAP/Treatment_3day_rep1_PASS_bw_LAP24_PAS.bed: No such file or directory
for file Treatment_3day_rep1_PASS_bw.bed, TotalReadNum=
gzip: /compbio/scratch/cnobrega/3_REAP/cmoore_019.admera/output/s6_LAP/Treatment_3day_rep1_PASS_bw_LAP24_PAS.bed.gz: No such file or directory
Generate bedgraph files for + and - strands...
gzip: /compbio/scratch/cnobrega/3_REAP/cmoore_019.admera/output/s6_LAP/Treatment_3day_rep1_PASS_bw_LAP24_PAS.bed.sorted.gz already exists;	not overwritten
Normalize bedgraph counts...
error, input bedgraph file(s) (-i) not defined
eg. norm_bedgraph.pl -t 9898819 -i "sham_a.m.bedgraph sham_a.p.bedgraph" -m "sham_a.m.bedgraph"
error, input bedgraph file(s) (-i) not defined
eg. norm_bedgraph.pl -t 9898819 -i "sham_a.m.bedgraph sham_a.p.bedgraph" -m "sham_a.m.bedgraph"
awk: fatal: cannot open file `Treatment_3day_rep1.minus.bedgraph.normalized' for reading (No such file or directory)
Convert to bigwig file...
mustOpen: Can't open Treatment_3day_rep1.plus.bedgraph.normalized to read: No such file or directory
mustOpen: Can't open Treatment_3day_rep1.minus.bedgraph.normalized to read: No such file or directory
needLargeMem: trying to allocate 0 bytes (limit: 100000000000)
Working on Treatment_3day_rep2...
wc: /compbio/scratch/cnobrega/3_REAP/cmoore_019.admera/output/s6_LAP/Treatment_3day_rep2_PASS_bw_LAP24_PAS.bed: No such file or directory
for file Treatment_3day_rep2_PASS_bw.bed, TotalReadNum=
gzip: /compbio/scratch/cnobrega/3_REAP/cmoore_019.admera/output/s6_LAP/Treatment_3day_rep2_PASS_bw_LAP24_PAS.bed.gz: No such file or directory
Generate bedgraph files for + and - strands...
gzip: /compbio/scratch/cnobrega/3_REAP/cmoore_019.admera/output/s6_LAP/Treatment_3day_rep2_PASS_bw_LAP24_PAS.bed.sorted.gz already exists;	not overwritten
Normalize bedgraph counts...
error, input bedgraph file(s) (-i) not defined
eg. norm_bedgraph.pl -t 9898819 -i "sham_a.m.bedgraph sham_a.p.bedgraph" -m "sham_a.m.bedgraph"
error, input bedgraph file(s) (-i) not defined
eg. norm_bedgraph.pl -t 9898819 -i "sham_a.m.bedgraph sham_a.p.bedgraph" -m "sham_a.m.bedgraph"
awk: fatal: cannot open file `Treatment_3day_rep2.minus.bedgraph.normalized' for reading (No such file or directory)
Convert to bigwig file...
mustOpen: Can't open Treatment_3day_rep2.plus.bedgraph.normalized to read: No such file or directory
mustOpen: Can't open Treatment_3day_rep2.minus.bedgraph.normalized to read: No such file or directory
needLargeMem: trying to allocate 0 bytes (limit: 100000000000)
Working on Treatment_3day_rep3...
wc: /compbio/scratch/cnobrega/3_REAP/cmoore_019.admera/output/s6_LAP/Treatment_3day_rep3_PASS_bw_LAP24_PAS.bed: No such file or directory
for file Treatment_3day_rep3_PASS_bw.bed, TotalReadNum=
gzip: /compbio/scratch/cnobrega/3_REAP/cmoore_019.admera/output/s6_LAP/Treatment_3day_rep3_PASS_bw_LAP24_PAS.bed.gz: No such file or directory
Generate bedgraph files for + and - strands...
gzip: /compbio/scratch/cnobrega/3_REAP/cmoore_019.admera/output/s6_LAP/Treatment_3day_rep3_PASS_bw_LAP24_PAS.bed.sorted.gz already exists;	not overwritten
Normalize bedgraph counts...
error, input bedgraph file(s) (-i) not defined
eg. norm_bedgraph.pl -t 9898819 -i "sham_a.m.bedgraph sham_a.p.bedgraph" -m "sham_a.m.bedgraph"
error, input bedgraph file(s) (-i) not defined
eg. norm_bedgraph.pl -t 9898819 -i "sham_a.m.bedgraph sham_a.p.bedgraph" -m "sham_a.m.bedgraph"
awk: fatal: cannot open file `Treatment_3day_rep3.minus.bedgraph.normalized' for reading (No such file or directory)
Convert to bigwig file...
mustOpen: Can't open Treatment_3day_rep3.plus.bedgraph.normalized to read: No such file or directory
mustOpen: Can't open Treatment_3day_rep3.minus.bedgraph.normalized to read: No such file or directory
needLargeMem: trying to allocate 0 bytes (limit: 100000000000)
Working on Treatment_5day_rep1...
wc: /compbio/scratch/cnobrega/3_REAP/cmoore_019.admera/output/s6_LAP/Treatment_5day_rep1_PASS_bw_LAP24_PAS.bed: No such file or directory
for file Treatment_5day_rep1_PASS_bw.bed, TotalReadNum=
gzip: /compbio/scratch/cnobrega/3_REAP/cmoore_019.admera/output/s6_LAP/Treatment_5day_rep1_PASS_bw_LAP24_PAS.bed.gz: No such file or directory
Generate bedgraph files for + and - strands...
gzip: /compbio/scratch/cnobrega/3_REAP/cmoore_019.admera/output/s6_LAP/Treatment_5day_rep1_PASS_bw_LAP24_PAS.bed.sorted.gz already exists;	not overwritten
Normalize bedgraph counts...
error, input bedgraph file(s) (-i) not defined
eg. norm_bedgraph.pl -t 9898819 -i "sham_a.m.bedgraph sham_a.p.bedgraph" -m "sham_a.m.bedgraph"
error, input bedgraph file(s) (-i) not defined
eg. norm_bedgraph.pl -t 9898819 -i "sham_a.m.bedgraph sham_a.p.bedgraph" -m "sham_a.m.bedgraph"
awk: fatal: cannot open file `Treatment_5day_rep1.minus.bedgraph.normalized' for reading (No such file or directory)
Convert to bigwig file...
mustOpen: Can't open Treatment_5day_rep1.plus.bedgraph.normalized to read: No such file or directory
mustOpen: Can't open Treatment_5day_rep1.minus.bedgraph.normalized to read: No such file or directory
needLargeMem: trying to allocate 0 bytes (limit: 100000000000)
Working on Treatment_5day_rep2...
wc: /compbio/scratch/cnobrega/3_REAP/cmoore_019.admera/output/s6_LAP/Treatment_5day_rep2_PASS_bw_LAP24_PAS.bed: No such file or directory
for file Treatment_5day_rep2_PASS_bw.bed, TotalReadNum=
gzip: /compbio/scratch/cnobrega/3_REAP/cmoore_019.admera/output/s6_LAP/Treatment_5day_rep2_PASS_bw_LAP24_PAS.bed.gz: No such file or directory
Generate bedgraph files for + and - strands...
gzip: /compbio/scratch/cnobrega/3_REAP/cmoore_019.admera/output/s6_LAP/Treatment_5day_rep2_PASS_bw_LAP24_PAS.bed.sorted.gz already exists;	not overwritten
Normalize bedgraph counts...
error, input bedgraph file(s) (-i) not defined
eg. norm_bedgraph.pl -t 9898819 -i "sham_a.m.bedgraph sham_a.p.bedgraph" -m "sham_a.m.bedgraph"
error, input bedgraph file(s) (-i) not defined
eg. norm_bedgraph.pl -t 9898819 -i "sham_a.m.bedgraph sham_a.p.bedgraph" -m "sham_a.m.bedgraph"
awk: fatal: cannot open file `Treatment_5day_rep2.minus.bedgraph.normalized' for reading (No such file or directory)
Convert to bigwig file...
mustOpen: Can't open Treatment_5day_rep2.plus.bedgraph.normalized to read: No such file or directory
mustOpen: Can't open Treatment_5day_rep2.minus.bedgraph.normalized to read: No such file or directory
needLargeMem: trying to allocate 0 bytes (limit: 100000000000)
Working on Treatment_5day_rep3...
wc: /compbio/scratch/cnobrega/3_REAP/cmoore_019.admera/output/s6_LAP/Treatment_5day_rep3_PASS_bw_LAP24_PAS.bed: No such file or directory
for file Treatment_5day_rep3_PASS_bw.bed, TotalReadNum=
gzip: /compbio/scratch/cnobrega/3_REAP/cmoore_019.admera/output/s6_LAP/Treatment_5day_rep3_PASS_bw_LAP24_PAS.bed.gz: No such file or directory
Generate bedgraph files for + and - strands...
gzip: /compbio/scratch/cnobrega/3_REAP/cmoore_019.admera/output/s6_LAP/Treatment_5day_rep3_PASS_bw_LAP24_PAS.bed.sorted.gz already exists;	not overwritten
Normalize bedgraph counts...
error, input bedgraph file(s) (-i) not defined
eg. norm_bedgraph.pl -t 9898819 -i "sham_a.m.bedgraph sham_a.p.bedgraph" -m "sham_a.m.bedgraph"
error, input bedgraph file(s) (-i) not defined
eg. norm_bedgraph.pl -t 9898819 -i "sham_a.m.bedgraph sham_a.p.bedgraph" -m "sham_a.m.bedgraph"
awk: fatal: cannot open file `Treatment_5day_rep3.minus.bedgraph.normalized' for reading (No such file or directory)
Convert to bigwig file...
mustOpen: Can't open Treatment_5day_rep3.plus.bedgraph.normalized to read: No such file or directory
mustOpen: Can't open Treatment_5day_rep3.minus.bedgraph.normalized to read: No such file or directory
needLargeMem: trying to allocate 0 bytes (limit: 100000000000)
Working on mapped_read...
Working on Control_3day_rep1...
wc: /compbio/scratch/cnobrega/3_REAP/cmoore_019.admera/output/s6_LAP/Control_3day_rep1_mapped_read.bed: No such file or directory
for file Control_3day_rep1_PASS_bw.bed, TotalReadNum=
gzip: /compbio/scratch/cnobrega/3_REAP/cmoore_019.admera/output/s6_LAP/Control_3day_rep1_mapped_read.bed.gz: No such file or directory
Generate bedgraph files for + and - strands...
gzip: /compbio/scratch/cnobrega/3_REAP/cmoore_019.admera/output/s6_LAP/Control_3day_rep1_mapped_read.bed.sorted.gz already exists;	not overwritten
Normalize bedgraph counts...
error, input bedgraph file(s) (-i) not defined
eg. norm_bedgraph.pl -t 9898819 -i "sham_a.m.bedgraph sham_a.p.bedgraph" -m "sham_a.m.bedgraph"
error, input bedgraph file(s) (-i) not defined
eg. norm_bedgraph.pl -t 9898819 -i "sham_a.m.bedgraph sham_a.p.bedgraph" -m "sham_a.m.bedgraph"
awk: fatal: cannot open file `Control_3day_rep1.minus.bedgraph.normalized' for reading (No such file or directory)
Convert to bigwig file...
mustOpen: Can't open Control_3day_rep1.plus.bedgraph.normalized to read: No such file or directory
mustOpen: Can't open Control_3day_rep1.minus.bedgraph.normalized to read: No such file or directory
needLargeMem: trying to allocate 0 bytes (limit: 100000000000)
Working on Control_3day_rep2...
wc: /compbio/scratch/cnobrega/3_REAP/cmoore_019.admera/output/s6_LAP/Control_3day_rep2_mapped_read.bed: No such file or directory
for file Control_3day_rep2_PASS_bw.bed, TotalReadNum=
gzip: /compbio/scratch/cnobrega/3_REAP/cmoore_019.admera/output/s6_LAP/Control_3day_rep2_mapped_read.bed.gz: No such file or directory
Generate bedgraph files for + and - strands...
gzip: /compbio/scratch/cnobrega/3_REAP/cmoore_019.admera/output/s6_LAP/Control_3day_rep2_mapped_read.bed.sorted.gz already exists;	not overwritten
Normalize bedgraph counts...
error, input bedgraph file(s) (-i) not defined
eg. norm_bedgraph.pl -t 9898819 -i "sham_a.m.bedgraph sham_a.p.bedgraph" -m "sham_a.m.bedgraph"
error, input bedgraph file(s) (-i) not defined
eg. norm_bedgraph.pl -t 9898819 -i "sham_a.m.bedgraph sham_a.p.bedgraph" -m "sham_a.m.bedgraph"
awk: fatal: cannot open file `Control_3day_rep2.minus.bedgraph.normalized' for reading (No such file or directory)
Convert to bigwig file...
mustOpen: Can't open Control_3day_rep2.plus.bedgraph.normalized to read: No such file or directory
mustOpen: Can't open Control_3day_rep2.minus.bedgraph.normalized to read: No such file or directory
needLargeMem: trying to allocate 0 bytes (limit: 100000000000)
Working on Control_3day_rep3...
wc: /compbio/scratch/cnobrega/3_REAP/cmoore_019.admera/output/s6_LAP/Control_3day_rep3_mapped_read.bed: No such file or directory
for file Control_3day_rep3_PASS_bw.bed, TotalReadNum=
gzip: /compbio/scratch/cnobrega/3_REAP/cmoore_019.admera/output/s6_LAP/Control_3day_rep3_mapped_read.bed.gz: No such file or directory
Generate bedgraph files for + and - strands...
gzip: /compbio/scratch/cnobrega/3_REAP/cmoore_019.admera/output/s6_LAP/Control_3day_rep3_mapped_read.bed.sorted.gz already exists;	not overwritten
Normalize bedgraph counts...
error, input bedgraph file(s) (-i) not defined
eg. norm_bedgraph.pl -t 9898819 -i "sham_a.m.bedgraph sham_a.p.bedgraph" -m "sham_a.m.bedgraph"
error, input bedgraph file(s) (-i) not defined
eg. norm_bedgraph.pl -t 9898819 -i "sham_a.m.bedgraph sham_a.p.bedgraph" -m "sham_a.m.bedgraph"
awk: fatal: cannot open file `Control_3day_rep3.minus.bedgraph.normalized' for reading (No such file or directory)
Convert to bigwig file...
mustOpen: Can't open Control_3day_rep3.plus.bedgraph.normalized to read: No such file or directory
mustOpen: Can't open Control_3day_rep3.minus.bedgraph.normalized to read: No such file or directory
needLargeMem: trying to allocate 0 bytes (limit: 100000000000)
Working on Control_5day_rep1...
wc: /compbio/scratch/cnobrega/3_REAP/cmoore_019.admera/output/s6_LAP/Control_5day_rep1_mapped_read.bed: No such file or directory
for file Control_5day_rep1_PASS_bw.bed, TotalReadNum=
gzip: /compbio/scratch/cnobrega/3_REAP/cmoore_019.admera/output/s6_LAP/Control_5day_rep1_mapped_read.bed.gz: No such file or directory
Generate bedgraph files for + and - strands...
gzip: /compbio/scratch/cnobrega/3_REAP/cmoore_019.admera/output/s6_LAP/Control_5day_rep1_mapped_read.bed.sorted.gz already exists;	not overwritten
Normalize bedgraph counts...
error, input bedgraph file(s) (-i) not defined
eg. norm_bedgraph.pl -t 9898819 -i "sham_a.m.bedgraph sham_a.p.bedgraph" -m "sham_a.m.bedgraph"
error, input bedgraph file(s) (-i) not defined
eg. norm_bedgraph.pl -t 9898819 -i "sham_a.m.bedgraph sham_a.p.bedgraph" -m "sham_a.m.bedgraph"
awk: fatal: cannot open file `Control_5day_rep1.minus.bedgraph.normalized' for reading (No such file or directory)
Convert to bigwig file...
mustOpen: Can't open Control_5day_rep1.plus.bedgraph.normalized to read: No such file or directory
mustOpen: Can't open Control_5day_rep1.minus.bedgraph.normalized to read: No such file or directory
needLargeMem: trying to allocate 0 bytes (limit: 100000000000)
Working on Control_5day_rep2...
wc: /compbio/scratch/cnobrega/3_REAP/cmoore_019.admera/output/s6_LAP/Control_5day_rep2_mapped_read.bed: No such file or directory
for file Control_5day_rep2_PASS_bw.bed, TotalReadNum=
gzip: /compbio/scratch/cnobrega/3_REAP/cmoore_019.admera/output/s6_LAP/Control_5day_rep2_mapped_read.bed.gz: No such file or directory
Generate bedgraph files for + and - strands...
gzip: /compbio/scratch/cnobrega/3_REAP/cmoore_019.admera/output/s6_LAP/Control_5day_rep2_mapped_read.bed.sorted.gz already exists;	not overwritten
Normalize bedgraph counts...
error, input bedgraph file(s) (-i) not defined
eg. norm_bedgraph.pl -t 9898819 -i "sham_a.m.bedgraph sham_a.p.bedgraph" -m "sham_a.m.bedgraph"
error, input bedgraph file(s) (-i) not defined
eg. norm_bedgraph.pl -t 9898819 -i "sham_a.m.bedgraph sham_a.p.bedgraph" -m "sham_a.m.bedgraph"
awk: fatal: cannot open file `Control_5day_rep2.minus.bedgraph.normalized' for reading (No such file or directory)
Convert to bigwig file...
mustOpen: Can't open Control_5day_rep2.plus.bedgraph.normalized to read: No such file or directory
mustOpen: Can't open Control_5day_rep2.minus.bedgraph.normalized to read: No such file or directory
needLargeMem: trying to allocate 0 bytes (limit: 100000000000)
Working on Control_5day_rep3...
wc: /compbio/scratch/cnobrega/3_REAP/cmoore_019.admera/output/s6_LAP/Control_5day_rep3_mapped_read.bed: No such file or directory
for file Control_5day_rep3_PASS_bw.bed, TotalReadNum=
gzip: /compbio/scratch/cnobrega/3_REAP/cmoore_019.admera/output/s6_LAP/Control_5day_rep3_mapped_read.bed.gz: No such file or directory
Generate bedgraph files for + and - strands...
gzip: /compbio/scratch/cnobrega/3_REAP/cmoore_019.admera/output/s6_LAP/Control_5day_rep3_mapped_read.bed.sorted.gz already exists;	not overwritten
Normalize bedgraph counts...
error, input bedgraph file(s) (-i) not defined
eg. norm_bedgraph.pl -t 9898819 -i "sham_a.m.bedgraph sham_a.p.bedgraph" -m "sham_a.m.bedgraph"
error, input bedgraph file(s) (-i) not defined
eg. norm_bedgraph.pl -t 9898819 -i "sham_a.m.bedgraph sham_a.p.bedgraph" -m "sham_a.m.bedgraph"
awk: fatal: cannot open file `Control_5day_rep3.minus.bedgraph.normalized' for reading (No such file or directory)
Convert to bigwig file...
mustOpen: Can't open Control_5day_rep3.plus.bedgraph.normalized to read: No such file or directory
mustOpen: Can't open Control_5day_rep3.minus.bedgraph.normalized to read: No such file or directory
needLargeMem: trying to allocate 0 bytes (limit: 100000000000)
Working on Treatment_3day_rep1...
wc: /compbio/scratch/cnobrega/3_REAP/cmoore_019.admera/output/s6_LAP/Treatment_3day_rep1_mapped_read.bed: No such file or directory
for file Treatment_3day_rep1_PASS_bw.bed, TotalReadNum=
gzip: /compbio/scratch/cnobrega/3_REAP/cmoore_019.admera/output/s6_LAP/Treatment_3day_rep1_mapped_read.bed.gz: No such file or directory
Generate bedgraph files for + and - strands...
gzip: /compbio/scratch/cnobrega/3_REAP/cmoore_019.admera/output/s6_LAP/Treatment_3day_rep1_mapped_read.bed.sorted.gz already exists;	not overwritten
Normalize bedgraph counts...
error, input bedgraph file(s) (-i) not defined
eg. norm_bedgraph.pl -t 9898819 -i "sham_a.m.bedgraph sham_a.p.bedgraph" -m "sham_a.m.bedgraph"
error, input bedgraph file(s) (-i) not defined
eg. norm_bedgraph.pl -t 9898819 -i "sham_a.m.bedgraph sham_a.p.bedgraph" -m "sham_a.m.bedgraph"
awk: fatal: cannot open file `Treatment_3day_rep1.minus.bedgraph.normalized' for reading (No such file or directory)
Convert to bigwig file...
mustOpen: Can't open Treatment_3day_rep1.plus.bedgraph.normalized to read: No such file or directory
mustOpen: Can't open Treatment_3day_rep1.minus.bedgraph.normalized to read: No such file or directory
needLargeMem: trying to allocate 0 bytes (limit: 100000000000)
Working on Treatment_3day_rep2...
wc: /compbio/scratch/cnobrega/3_REAP/cmoore_019.admera/output/s6_LAP/Treatment_3day_rep2_mapped_read.bed: No such file or directory
for file Treatment_3day_rep2_PASS_bw.bed, TotalReadNum=
gzip: /compbio/scratch/cnobrega/3_REAP/cmoore_019.admera/output/s6_LAP/Treatment_3day_rep2_mapped_read.bed.gz: No such file or directory
Generate bedgraph files for + and - strands...
gzip: /compbio/scratch/cnobrega/3_REAP/cmoore_019.admera/output/s6_LAP/Treatment_3day_rep2_mapped_read.bed.sorted.gz already exists;	not overwritten
Normalize bedgraph counts...
error, input bedgraph file(s) (-i) not defined
eg. norm_bedgraph.pl -t 9898819 -i "sham_a.m.bedgraph sham_a.p.bedgraph" -m "sham_a.m.bedgraph"
error, input bedgraph file(s) (-i) not defined
eg. norm_bedgraph.pl -t 9898819 -i "sham_a.m.bedgraph sham_a.p.bedgraph" -m "sham_a.m.bedgraph"
awk: fatal: cannot open file `Treatment_3day_rep2.minus.bedgraph.normalized' for reading (No such file or directory)
Convert to bigwig file...
mustOpen: Can't open Treatment_3day_rep2.plus.bedgraph.normalized to read: No such file or directory
mustOpen: Can't open Treatment_3day_rep2.minus.bedgraph.normalized to read: No such file or directory
needLargeMem: trying to allocate 0 bytes (limit: 100000000000)
Working on Treatment_3day_rep3...
wc: /compbio/scratch/cnobrega/3_REAP/cmoore_019.admera/output/s6_LAP/Treatment_3day_rep3_mapped_read.bed: No such file or directory
for file Treatment_3day_rep3_PASS_bw.bed, TotalReadNum=
gzip: /compbio/scratch/cnobrega/3_REAP/cmoore_019.admera/output/s6_LAP/Treatment_3day_rep3_mapped_read.bed.gz: No such file or directory
Generate bedgraph files for + and - strands...
gzip: /compbio/scratch/cnobrega/3_REAP/cmoore_019.admera/output/s6_LAP/Treatment_3day_rep3_mapped_read.bed.sorted.gz already exists;	not overwritten
Normalize bedgraph counts...
error, input bedgraph file(s) (-i) not defined
eg. norm_bedgraph.pl -t 9898819 -i "sham_a.m.bedgraph sham_a.p.bedgraph" -m "sham_a.m.bedgraph"
error, input bedgraph file(s) (-i) not defined
eg. norm_bedgraph.pl -t 9898819 -i "sham_a.m.bedgraph sham_a.p.bedgraph" -m "sham_a.m.bedgraph"
awk: fatal: cannot open file `Treatment_3day_rep3.minus.bedgraph.normalized' for reading (No such file or directory)
Convert to bigwig file...
mustOpen: Can't open Treatment_3day_rep3.plus.bedgraph.normalized to read: No such file or directory
mustOpen: Can't open Treatment_3day_rep3.minus.bedgraph.normalized to read: No such file or directory
needLargeMem: trying to allocate 0 bytes (limit: 100000000000)
Working on Treatment_5day_rep1...
wc: /compbio/scratch/cnobrega/3_REAP/cmoore_019.admera/output/s6_LAP/Treatment_5day_rep1_mapped_read.bed: No such file or directory
for file Treatment_5day_rep1_PASS_bw.bed, TotalReadNum=
gzip: /compbio/scratch/cnobrega/3_REAP/cmoore_019.admera/output/s6_LAP/Treatment_5day_rep1_mapped_read.bed.gz: No such file or directory
Generate bedgraph files for + and - strands...
gzip: /compbio/scratch/cnobrega/3_REAP/cmoore_019.admera/output/s6_LAP/Treatment_5day_rep1_mapped_read.bed.sorted.gz already exists;	not overwritten
Normalize bedgraph counts...
error, input bedgraph file(s) (-i) not defined
eg. norm_bedgraph.pl -t 9898819 -i "sham_a.m.bedgraph sham_a.p.bedgraph" -m "sham_a.m.bedgraph"
error, input bedgraph file(s) (-i) not defined
eg. norm_bedgraph.pl -t 9898819 -i "sham_a.m.bedgraph sham_a.p.bedgraph" -m "sham_a.m.bedgraph"
awk: fatal: cannot open file `Treatment_5day_rep1.minus.bedgraph.normalized' for reading (No such file or directory)
Convert to bigwig file...
mustOpen: Can't open Treatment_5day_rep1.plus.bedgraph.normalized to read: No such file or directory
mustOpen: Can't open Treatment_5day_rep1.minus.bedgraph.normalized to read: No such file or directory
needLargeMem: trying to allocate 0 bytes (limit: 100000000000)
Working on Treatment_5day_rep2...
wc: /compbio/scratch/cnobrega/3_REAP/cmoore_019.admera/output/s6_LAP/Treatment_5day_rep2_mapped_read.bed: No such file or directory
for file Treatment_5day_rep2_PASS_bw.bed, TotalReadNum=
gzip: /compbio/scratch/cnobrega/3_REAP/cmoore_019.admera/output/s6_LAP/Treatment_5day_rep2_mapped_read.bed.gz: No such file or directory
Generate bedgraph files for + and - strands...
gzip: /compbio/scratch/cnobrega/3_REAP/cmoore_019.admera/output/s6_LAP/Treatment_5day_rep2_mapped_read.bed.sorted.gz already exists;	not overwritten
Normalize bedgraph counts...
error, input bedgraph file(s) (-i) not defined
eg. norm_bedgraph.pl -t 9898819 -i "sham_a.m.bedgraph sham_a.p.bedgraph" -m "sham_a.m.bedgraph"
error, input bedgraph file(s) (-i) not defined
eg. norm_bedgraph.pl -t 9898819 -i "sham_a.m.bedgraph sham_a.p.bedgraph" -m "sham_a.m.bedgraph"
awk: fatal: cannot open file `Treatment_5day_rep2.minus.bedgraph.normalized' for reading (No such file or directory)
Convert to bigwig file...
mustOpen: Can't open Treatment_5day_rep2.plus.bedgraph.normalized to read: No such file or directory
mustOpen: Can't open Treatment_5day_rep2.minus.bedgraph.normalized to read: No such file or directory
needLargeMem: trying to allocate 0 bytes (limit: 100000000000)
Working on Treatment_5day_rep3...
wc: /compbio/scratch/cnobrega/3_REAP/cmoore_019.admera/output/s6_LAP/Treatment_5day_rep3_mapped_read.bed: No such file or directory
for file Treatment_5day_rep3_PASS_bw.bed, TotalReadNum=
gzip: /compbio/scratch/cnobrega/3_REAP/cmoore_019.admera/output/s6_LAP/Treatment_5day_rep3_mapped_read.bed.gz: No such file or directory
Generate bedgraph files for + and - strands...
gzip: /compbio/scratch/cnobrega/3_REAP/cmoore_019.admera/output/s6_LAP/Treatment_5day_rep3_mapped_read.bed.sorted.gz already exists;	not overwritten
Normalize bedgraph counts...
error, input bedgraph file(s) (-i) not defined
eg. norm_bedgraph.pl -t 9898819 -i "sham_a.m.bedgraph sham_a.p.bedgraph" -m "sham_a.m.bedgraph"
error, input bedgraph file(s) (-i) not defined
eg. norm_bedgraph.pl -t 9898819 -i "sham_a.m.bedgraph sham_a.p.bedgraph" -m "sham_a.m.bedgraph"
awk: fatal: cannot open file `Treatment_5day_rep3.minus.bedgraph.normalized' for reading (No such file or directory)
Convert to bigwig file...
mustOpen: Can't open Treatment_5day_rep3.plus.bedgraph.normalized to read: No such file or directory
mustOpen: Can't open Treatment_5day_rep3.minus.bedgraph.normalized to read: No such file or directory
needLargeMem: trying to allocate 0 bytes (limit: 100000000000)
Pipeline complete!
